check_id,run_id,source_file,source_sha256,page,page_end,turn,branch,unit,requirement_id,domain,rule_file,rule_path,rule_type,status,reported_value,recalculated_value,evidence_quote,judgment_basis,method,review_completed,limitation_category,human_review_required,source_anchor_pass,input_version_caveat
CLA-06-ES-001-MAP,CLA-06,runs/raw_logs/Claude_Opus_4/6. Strategic Decision Modeling Protocol.pdf,bb6deff79a553a8604a9df6eab4e68e954b122f7cf24ee75aaa2431d914436ec,6,6,T1,"saturate: ; --tw-sepia: ; --tw-drop-shadow: ; --tw-backdrop-blur: ; --tw-backdrop-brightness: ; --tw-backdrop-contrast: ; --tw-backdrop-grayscale: ; --tw-backdrop-hue-rotate: ; --tw-backdrop-invert: ; --tw-backdrop-opacity: ; --tw-backdrop-saturate: ; --tw-backdrop-sepia: ; --tw-contain-size: ; --tw-contain-layout: ; --tw-contain-paint: ; --tw-contain-style: ; outline-color: hsl(var(--accent-secondary-100)); scrollbar-width: thin; scrollbar-color: hsla(var(--border-300)/35%) transparent; display: grid; grid-template-columns:
repeat(1, minmax(0px, 1fr)); gap: 0.625rem;""> RESULT LOGS FOR TURN 1 ",distinct supplemental action/event block or explicit branch facet,P-VDM-01;P-EFFECT-01,행동–VDM 사건 의미 대응,vdm/Variable-Decision Matrix.json; actor JSON when indicated,US:military_alert;SU:military_alert,조건부 규칙,판정 불가,US:military_alert;SU:military_alert,,[RESULT LOG - Most Plausible Path] Scenario Combination Name: Most Plausible Path Selected Actors & Actions: • United States: Naval Quarantine/Blockade • Soviet Union: Pause Deployment and Negotiate Predicted Variable Changes: Based on the effect_rules in the JSON files and Variable-Decision Matrix: United States: • tension: +0.3 (military_alert effect from quarantine preparation) • diplomatic_support: No direct effect rule applies • public_opinion: No direct effect rule applies • leadership_unity: +0.8 (military_alert effect) Soviet Union: • tension: +0.45 (military_alert effect from elevated readiness) • diplomatic_support: No direct effect rule applies • public_opinion: No direct effect rule applies • leadership_unity: +0.65 (military_alert effect) Generated Triggers: • Soviet ships approaching quarantine line • UN Security Council emergency session convened [,미국 검역의 군사 경계는 관찰되지만 소련 행동은 배치 중단·교섭이며 elevated readiness 효과의 별도 실제 행동이 분명하지 않다.,"AI direct source interpretation, frozen annotation",True,partial_mapping_uncertain,True,True,Preserved inputs conditional audit; execution-time byte binding unconfirmed
CLA-06-ES-002-MAP,CLA-06,runs/raw_logs/Claude_Opus_4/6. Strategic Decision Modeling Protocol.pdf,bb6deff79a553a8604a9df6eab4e68e954b122f7cf24ee75aaa2431d914436ec,6,7,T1,"ine line • UN Security Council emergency session convened [RECONFIRM VARIABLE STATUS - Most Plausible Path] Starting from baseline 0.5 for all variables: United States: • tension: 0.8 (0.5 + 0.3) • diplomatic_support: 0.5 (unchanged) • military_posture: Elevated (quarantine forces deployed) • public_opinion: 0.5 (unchanged) • leadership_unity: 1.0 (0.5 + 0.8, clamped to max 1.0) Soviet Union: • tension: 0.95 (0.5 + 0.45) • diplomatic_support: 0.5 (unchanged) • military_posture: Alert (forces on standby) • public_opinion: 0.5 (unchanged) • leadership_unity: 1.0 (0.5 + 0.65, clamped to max 1.0) ",distinct supplemental action/event block or explicit branch facet,P-VDM-01;P-EFFECT-01,행동–VDM 사건 의미 대응,vdm/Variable-Decision Matrix.json; actor JSON when indicated,$.event_driven_adjustments.Strike;SU:military_alert,조건부 규칙,준수,Strike;SU:military_alert,,"[RESULT LOG - Hardline Response Path] Scenario Combination Name: Hardline Response Path Selected Actors & Actions:
• United States: Immediate Air Strikes on Missile Sites • Soviet Union: Military Alert and Deterrent Posture Predicted Variable Changes: Based on the Variable-Decision Matrix ""Strike"" event: United States: • tension: +0.15 (Strike event) • diplomatic_support: -0.05 (Strike event) • public_opinion: -0.05 (Strike event) • leadership_unity: -0.10 (Strike event) Soviet Union: • tension: +0.45 (military_alert effect) • diplomatic_support: No direct effect rule applies • public_opinion: No direct effect rule applies • leadership_unity: +0.65 (military_alert effect) Generated Triggers: • Soviet tactical nuclear authorization considered • NATO Article 5 consultations initiated [",즉각 미국 공습과 소련 군사 경계라는 서로 다른 행동 단계에 각각 공격/경계 효과를 연결한다.,"AI direct source interpretation, frozen annotation",True,,True,True,Preserved inputs conditional audit; execution-time byte binding unconfirmed
CLA-06-ES-003-MAP,CLA-06,runs/raw_logs/Claude_Opus_4/6. Strategic Decision Modeling Protocol.pdf,bb6deff79a553a8604a9df6eab4e68e954b122f7cf24ee75aaa2431d914436ec,7,8,T1,"oviet tactical nuclear authorization considered • NATO Article 5 consultations initiated [RECONFIRM VARIABLE STATUS - Hardline Response Path] Starting from baseline 0.5 for all variables: United States: • tension: 0.65 (0.5 + 0.15) • diplomatic_support: 0.45 (0.5 - 0.05) • military_posture: Offensive (strike executed) • public_opinion: 0.45 (0.5 - 0.05) • leadership_unity: 0.40 (0.5 - 0.10) Soviet Union: • tension: 0.95 (0.5 + 0.45) • diplomatic_support: 0.5 (unchanged) • military_posture: Maximum Alert • public_opinion: 0.5 (unchanged) • leadership_unity: 1.0 (0.5 + 0.65, clamped to max 1.0) ",distinct supplemental action/event block or explicit branch facet,P-VDM-01;P-EFFECT-01,행동–VDM 사건 의미 대응,vdm/Variable-Decision Matrix.json; actor JSON when indicated,SU:covert_detection,조건부 규칙,판정 불가,SU:covert_detection,,"[RESULT LOG - Diplomatic Delay Path] Scenario Combination Name: Diplomatic Delay Path Selected Actors & Actions: • United States: Diplomatic Negotiation with UN Involvement • Soviet Union: Complete Missile Deployment While Denying Predicted Variable Changes: United States: • No direct effect rules apply for pure diplomatic initiative Soviet Union:
• tension: +0.45 (covert_detection effect when deployment discovered) • diplomatic_support: +0.6 (covert_detection effect - diplomatic room) • public_opinion: No direct effect rule applies • leadership_unity: No direct effect rule applies Generated Triggers: • Soviet missiles become operational • U.S. domestic political backlash for perceived weakness [",소련 계속 배치의 발견은 연결되지만 미국 UN 교섭의 직접 효과가 없다고 기록한다. 제안만으로 성공 효과를 강제하지 않는다. DS 전용은 별도 위반이다.,"AI direct source interpretation, frozen annotation",True,partial_mapping_uncertain,True,True,Preserved inputs conditional audit; execution-time byte binding unconfirmed
CLA-09-ES-001-MAP,CLA-09,runs/raw_logs/Claude_Opus_4/9. Strategic Decision Modeling Protocol.pdf,3e463422829f39192ebbb24aa96f676d5bda251f4d225a45c204d53857f394fb,6,6,T1,"backdrop-contrast: ; --tw-backdrop-grayscale: ; --tw-backdrop-hue-rotate: ; --tw-backdrop-invert: ; --tw-backdrop-opacity: ; --tw-backdrop-saturate: ; --tw-backdrop-sepia: ; --tw-contain-size: ; --tw-contain-layout: ; --tw-contain-paint: ; --tw-contain-style: ; outline-color: hsl(var(--accent-secondary-100)); scrollbar-width: thin; scrollbar-color:
hsla(var(--border-300)/35%) transparent; display: grid; grid-template-columns: repeat(1, minmax(0px, 1fr)); gap: 0.625rem;""> Based on the JSON files and Variable-Decision Matrix, I'll calculate the predicted outcomes for each strategic combination. ",distinct supplemental action/event block or explicit branch facet,P-VDM-01;P-EFFECT-01,행동–VDM 사건 의미 대응,vdm/Variable-Decision Matrix.json; actor JSON when indicated,US:military_alert;SU:military_alert,조건부 규칙,준수,US:military_alert;SU:military_alert,,"RESULT LOG - Scenario 1: ""Controlled Escalation Path"" United States • Selected Action: Naval Quarantine/Blockade • Predicted Variable Change: • tension +0.30 (military_alert effect from US effect_rules) • leadership_unity +0.80 (military_alert effect from US effect_rules) • diplomatic_support: No direct effect in US rules for military_alert • public_opinion: No direct effect in US rules for military_alert Generated Triggers: • Soviet ships approaching quarantine line • International diplomatic pressure increases Soviet Union • Selected Action: Military Alert Elevation • Predicted Variable Change: • tension +0.45 (military_alert effect from Soviet effect_rules) • leadership_unity +0.65 (military_alert effect from Soviet effect_rules) • diplomatic_support: No direct effect in Soviet rules for military_alert • public_opinion: No direct effect in Soviet rules for military_alert ",양국 검역/경계 상승이라는 실제 행동에 국가별 군사 경계를 연결한다.,"AI direct source interpretation, frozen annotation",True,,True,True,Preserved inputs conditional audit; execution-time byte binding unconfirmed
CLA-09-ES-002-MAP,CLA-09,runs/raw_logs/Claude_Opus_4/9. Strategic Decision Modeling Protocol.pdf,3e463422829f39192ebbb24aa96f676d5bda251f4d225a45c204d53857f394fb,6,7,T1,"edicted Variable Change: • tension +0.45 (military_alert effect from Soviet effect_rules) • leadership_unity +0.65 (military_alert effect from Soviet effect_rules) • diplomatic_support: No direct effect in Soviet rules for military_alert • public_opinion: No direct effect in Soviet rules for military_alert RECONFIRM VARIABLE STATUS - Scenario 1 • tension: 0.75 (baseline 0 + US 0.30 + Soviet 0.45) • diplomatic_support: 0.50 (baseline, no changes) • military_posture: Elevated Alert Status • public_opinion: 0.50 (baseline, no changes) • leadership_unity: 0.73 (average of US 0.80 and Soviet 0.65) ",distinct supplemental action/event block or explicit branch facet,P-VDM-01;P-EFFECT-01,행동–VDM 사건 의미 대응,vdm/Variable-Decision Matrix.json; actor JSON when indicated,$.event_driven_adjustments.Diplomatic_Success,조건부 규칙,준수,Diplomatic_Success,,"RESULT LOG - Scenario 2: ""Diplomatic Resolution Path"" United States • Selected Action: Diplomatic Freeze Initiative • Predicted Variable Change:
• Based on Variable-Decision Matrix ""Diplomatic_Success"" event: • tension -0.05 • diplomatic_support +0.10 • public_opinion +0.05 • leadership_unity +0.05 Soviet Union • Selected Action: Secret Diplomatic Outreach • Predicted Variable Change: • Based on Variable-Decision Matrix ""Diplomatic_Success"" event: • tension -0.05 • diplomatic_support +0.10 • public_opinion +0.05 • leadership_unity +0.05 ",미국 동결 협의와 소련 비밀 접촉이 상호 외교 경로를 형성한다.,"AI direct source interpretation, frozen annotation",True,,True,True,Preserved inputs conditional audit; execution-time byte binding unconfirmed
CLA-09-ES-003-MAP,CLA-09,runs/raw_logs/Claude_Opus_4/9. Strategic Decision Modeling Protocol.pdf,3e463422829f39192ebbb24aa96f676d5bda251f4d225a45c204d53857f394fb,7,8,T1,"atic_support +0.10 • public_opinion +0.05 • leadership_unity +0.05 Soviet Union • Selected Action: Secret Diplomatic Outreach • Predicted Variable Change: • Based on Variable-Decision Matrix ""Diplomatic_Success"" event: • tension -0.05 • diplomatic_support +0.10 • public_opinion +0.05 • leadership_unity +0.05 RECONFIRM VARIABLE STATUS - Scenario 2 • tension: 0.40 (baseline 0.50 - 0.05 - 0.05) • diplomatic_support: 0.70 (baseline 0.50 + 0.10 + 0.10) • military_posture: Defensive Readiness • public_opinion: 0.60 (baseline 0.50 + 0.05 + 0.05) • leadership_unity: 0.60 (baseline 0.50 + 0.05 + 0.05) ",distinct supplemental action/event block or explicit branch facet,P-VDM-01;P-EFFECT-01,행동–VDM 사건 의미 대응,vdm/Variable-Decision Matrix.json; actor JSON when indicated,$.event_driven_adjustments.Strike;$.event_driven_adjustments.Defense_Prep,조건부 규칙,준수,Strike;Defense_Prep,,"RESULT LOG - Scenario 3: ""Maximum Escalation Path"" United States • Selected Action: Immediate Air Strikes • Predicted Variable Change: • Based on Variable-Decision Matrix ""Strike"" event: • tension +0.15 • diplomatic_support -0.05 • public_opinion -0.05 • leadership_unity -0.10 Soviet Union • Selected Action: Accelerate Missile Deployment • Predicted Variable Change: • Based on Variable-Decision Matrix ""Defense_Prep"" event: • tension +0.05 • diplomatic_support -0.02 • public_opinion -0.02
• leadership_unity -0.05 ",실제 공습과 소련 배치 가속을 공격/준비로 구분해 연결한다.,"AI direct source interpretation, frozen annotation",True,,True,True,Preserved inputs conditional audit; execution-time byte binding unconfirmed
CLA-09-ES-004-MAP,CLA-09,runs/raw_logs/Claude_Opus_4/9. Strategic Decision Modeling Protocol.pdf,3e463422829f39192ebbb24aa96f676d5bda251f4d225a45c204d53857f394fb,11,12,T2,"gh tension (0.75) but unity still strong (0.73). • Next Event Triggers: • Inevitable: U.S. reconnaissance detection • Potential: U.S. military strike consideration • Potential: Soviet announcement of operational missiles Most Plausible Combinations for Scenario 1 1. Primary Path: U.S. Maintain Blockade + Soviet Order Ships to Stop • Logic: Both sides demonstrating restraint while maintaining positions. Allows face-saving for both. 2. Alternative Path: U.S. Secret Diplomatic Offer + Soviet Test with Non-Military Ship • Logic: Dual-track approach - public confrontation with private negotiation.
",distinct supplemental action/event block or explicit branch facet,P-VDM-01;P-EFFECT-01,행동–VDM 사건 의미 대응,vdm/Variable-Decision Matrix.json; actor JSON when indicated,$.event_driven_adjustments.Diplomatic_Success,조건부 규칙,판정 불가,Diplomatic_Success,,"RESULT LOG - Scenario 1 Primary Path • US Action: Maintain Blockade with Selective Enforcement • Soviet Action: Order All Ships to Stop/Return • Variable Changes: • Based on ""Diplomatic_Success"" (partial): tension -0.05, diplomatic_support +0.10, public_opinion +0.05, leadership_unity +0.05 New Variable Status: • tension: 0.70 • diplomatic_support: 0.60 • public_opinion: 0.55 • leadership_unity: 0.78 Triggers: Diplomatic negotiation remains enabled; military options limited",미국 선별 검역과 소련 함정 정지/귀환이라는 절제 행동은 관찰되지만 별도 협의·합의 없이 부분 외교 성공이 성립하는 경계는 원 규칙에 정의되지 않았다.,"AI direct source interpretation, frozen annotation",True,rule_ambiguous,True,True,Preserved inputs conditional audit; execution-time byte binding unconfirmed
CLA-09-ES-005-MAP,CLA-09,runs/raw_logs/Claude_Opus_4/9. Strategic Decision Modeling Protocol.pdf,3e463422829f39192ebbb24aa96f676d5bda251f4d225a45c204d53857f394fb,12,14,T2,"lly,"" offering limited concession preserves core interests. • Next Event Triggers: • Inevitable: U.S. response to partial measure • Potential: Cuban objection to withdrawal • Potential: Soviet military resistance Most Plausible Combinations for Scenario 2 1. Primary Path: U.S. Public Proposal for Missile-Free Zone + Soviet Propose Mutual Security Guarantee • Logic: Both sides moving toward comprehensive settlement with high diplomatic support. 2. Alternative Path: U.S. Invite UN Inspection + Soviet Announce Defensive Nature • Logic: International verification approach addressing trust issues. ",distinct supplemental action/event block or explicit branch facet,P-VDM-01;P-EFFECT-01,행동–VDM 사건 의미 대응,vdm/Variable-Decision Matrix.json; actor JSON when indicated,$.event_driven_adjustments.Diplomatic_Success,조건부 규칙,준수,Diplomatic_Success,,"RESULT LOG - Scenario 2 Primary Path • US Action: Public Proposal for Missile-Free Zone • Soviet Action: Propose Mutual Security Guarantee • Variable Changes:
• ""Diplomatic_Success"": tension -0.05, diplomatic_support +0.10, public_opinion +0.05, leadership_unity +0.05 New Variable Status: • tension: 0.35 • diplomatic_support: 0.80 • public_opinion: 0.65 • leadership_unity: 0.65 Triggers: Enhanced diplomatic options; military restrictions strengthened",미국 비핵지대 제안과 소련 상호 보장의 상응 제안으로 외교 진전을 관찰한다.,"AI direct source interpretation, frozen annotation",True,,True,True,Preserved inputs conditional audit; execution-time byte binding unconfirmed
CLA-09-ES-006-MAP,CLA-09,runs/raw_logs/Claude_Opus_4/9. Strategic Decision Modeling Protocol.pdf,3e463422829f39192ebbb24aa96f676d5bda251f4d225a45c204d53857f394fb,14,17,T2,"tionale: Despite low variables, Khrushchev's personal preference for ""backchannel and personal diplomacy"" as last resort. • Next Event Triggers: • Inevitable: U.S. decision on summit • Potential: Military coup attempt • Potential: Time pressure conflicts Most Plausible Combinations for Scenario 3 1. Primary Path: U.S. Ultimatum + Soviet Strategic Forces Maximum Alert • Logic: Both sides' military pressures dominating due to leadership crises. 2. Alternative Path: U.S. Limited Air Strike + Soviet Tactical Nuclear Authorization • Logic: Worst-case escalation with both choosing military options. ",distinct supplemental action/event block or explicit branch facet,P-VDM-01;P-EFFECT-01,행동–VDM 사건 의미 대응,vdm/Variable-Decision Matrix.json; actor JSON when indicated,$.event_driven_adjustments.Defense_Prep,조건부 규칙,준수,Defense_Prep,,"RESULT LOG - Scenario 3 Primary Path • US Action: Ultimatum with 24-Hour Deadline • Soviet Action: Strategic Forces Maximum Alert • Variable Changes: • Combined ""Defense_Prep"" effects: tension +0.05, diplomatic_support -0.02, public_opinion -0.02, leadership_unity -0.05 New Variable Status: • tension: 0.75 • diplomatic_support: 0.41 • public_opinion: 0.41 • leadership_unity: 0.30 Triggers: Tension approaching 0.8 threshold; Leadership unity critical - ""Emergency Response Required""",미국 최후통첩과 소련 전략군 최고 경계의 공동 경로에 군사 준비를 적용한다. 소련 실제 경계가 있어 최후통첩만으로 대비를 추정한 사례와 구분한다.,"AI direct source interpretation, frozen annotation",True,,True,True,Preserved inputs conditional audit; execution-time byte binding unconfirmed
CLA-09-ES-007-MAP,CLA-09,runs/raw_logs/Claude_Opus_4/9. Strategic Decision Modeling Protocol.pdf,3e463422829f39192ebbb24aa96f676d5bda251f4d225a45c204d53857f394fb,17,19,T3,"0.4 priority weight) and showing resolve after successful defense action against reconnaissance. • Next Event Triggers: • Inevitable: U.S. strike planning acceleration • Potential: Nuclear alert escalation • Potential: International panic Most Plausible Combinations for Scenario 1 1. Primary Path: U.S. Absorb Loss + Soviet Private Message • Logic: Both leaders choosing restraint despite pressure, maintaining control over escalation. 2. Alternative Path: U.S. Limited Retaliatory Strike + Soviet Deny Responsibility • Logic: Measured military response with diplomatic cover, keeping options open. ",distinct supplemental action/event block or explicit branch facet,P-VDM-01;P-EFFECT-01,행동–VDM 사건 의미 대응,vdm/Variable-Decision Matrix.json; actor JSON when indicated,$.event_driven_adjustments.Diplomatic_Success,조건부 규칙,준수,Diplomatic_Success,,"RESULT LOG - Scenario 1 Primary Path • US Action: Absorb Loss, Accelerate Diplomatic Timeline • Soviet Action: Private Message Expressing Regret • Variable Changes: • Diplomatic approach during crisis: ""Diplomatic_Success"" partial: tension -0.05, diplomatic_support +0.10, public_opinion +0.05, leadership_unity +0.05 • However, U.S. absorbing military loss: public_opinion additional -0.05, leadership_unity -0.05 New Variable Status: • tension: 0.65 • diplomatic_support: 0.70 • public_opinion: 0.55 • leadership_unity: 0.78
Triggers: Diplomatic negotiation strongly encouraged; internal pressure building",미국 외교 일정 가속과 소련 유감 메시지가 실제 상호 외교 진전으로 연결된다. 추가 손실 벌점은 별도 원 규칙 위반이다.,"AI direct source interpretation, frozen annotation",True,,True,True,Preserved inputs conditional audit; execution-time byte binding unconfirmed
CLA-09-ES-008-MAP,CLA-09,runs/raw_logs/Claude_Opus_4/9. Strategic Decision Modeling Protocol.pdf,3e463422829f39192ebbb24aa96f676d5bda251f4d225a45c204d53857f394fb,19,21,T3,"ip unity (0.65) sufficient for major initiative per Presidium consensus rules. • Next Event Triggers: • Inevitable: U.S. detailed examination • Potential: Regional security architecture • Potential: Cold War transformation Most Plausible Combinations for Scenario 2 1. Primary Path: U.S. Propose Summit + Soviet Announce Phased Withdrawal • Logic: Direct leader engagement with concrete Soviet concession, maximizing diplomatic momentum. 2. Alternative Path: U.S. UN Emergency Session + Soviet Offer Full Investigation • Logic: International framework providing face-saving structure for both sides. ",distinct supplemental action/event block or explicit branch facet,P-VDM-01;P-EFFECT-01,행동–VDM 사건 의미 대응,vdm/Variable-Decision Matrix.json; actor JSON when indicated,$.event_driven_adjustments.Diplomatic_Success,조건부 규칙,준수,Diplomatic_Success,,"RESULT LOG - Scenario 2 Primary Path • US Action: Propose Immediate Summit Meeting • Soviet Action: Announce Phased Withdrawal Plan • Variable Changes: • Major ""Diplomatic_Success"": tension -0.05, diplomatic_support +0.10, public_opinion +0.05, leadership_unity +0.05 • Summit agreement bonus: additional diplomatic_support +0.05, tension -0.05 New Variable Status: • tension: 0.25 • diplomatic_support: 0.95 • public_opinion: 0.70 • leadership_unity: 0.70 Triggers: Military options heavily restricted; diplomatic resolution dominant",미국 정상회담 제안과 소련 단계 철수 발표로 실제 외교 경로가 진전된다. 추가 정상회담 보너스는 별도다.,"AI direct source interpretation, frozen annotation",True,,True,True,Preserved inputs conditional audit; execution-time byte binding unconfirmed
CLA-09-ES-009-MAP,CLA-09,runs/raw_logs/Claude_Opus_4/9. Strategic Decision Modeling Protocol.pdf,3e463422829f39192ebbb24aa96f676d5bda251f4d225a45c204d53857f394fb,21,24,T3,"imum threat with tension at 0.75 and ""Emergency Response Required"" per leadership crisis. • Next Event Triggers: • Inevitable: U.S. counter-ultimatum • Potential: Mutual first-strike fear • Potential: Communication breakdown Most Plausible Combinations for Scenario 3 1. Primary Path: U.S. Air Strikes on SAM Sites + Soviet Authorize Tactical Nuclear Use • Logic: Military escalation ladder with both sides' leadership crises preventing restraint. 2. Alternative Path: U.S. Nuclear Alert + Soviet Maximum Alert with Ultimatum • Logic: Maximum pressure without actual combat, but extreme instability. ",distinct supplemental action/event block or explicit branch facet,P-VDM-01;P-EFFECT-01,행동–VDM 사건 의미 대응,vdm/Variable-Decision Matrix.json; actor JSON when indicated,$.event_driven_adjustments.Strike,조건부 규칙,판정 불가,Strike,,"RESULT LOG - Scenario 3 Primary Path • US Action: Immediate Air Strikes on All SAM Sites • Soviet Action: Authorize Tactical Nuclear Use • Variable Changes: • U.S. ""Strike"": tension +0.15, diplomatic_support -0.05, public_opinion -0.05, leadership_unity -0.10 • Soviet authorization creates state change beyond normal variables New Variable Status: • tension: 0.90 (exceeds 0.8 threshold) • diplomatic_support: 0.36 (diplomatic negotiation disabled) • public_opinion: 0.36 (civil unrest triggered) • leadership_unity: 0.20 (severe crisis) Triggers: • Tension >0.8: ""Diplomatic Negotiation Disabled, Military Options Preferred"" • Leadership <0.5: ""Internal Division, Coup Risk"" • Public Opinion <0.4: ""Civil Unrest, Chaos"" • All peaceful resolution options terminated",미국 실제 SAM 공습은 Strike와 대응하지만 소련 핵 사용 승인이 normal variables를 벗어난다고만 적어 그 효과 대응은 추적할 수 없다.,"AI direct source interpretation, frozen annotation",True,partial_mapping_uncertain,True,True,Preserved inputs conditional audit; execution-time byte binding unconfirmed
CLA-09-ES-010-MAP,CLA-09,runs/raw_logs/Claude_Opus_4/9. Strategic Decision Modeling Protocol.pdf,3e463422829f39192ebbb24aa96f676d5bda251f4d225a45c204d53857f394fb,24,26,T4,"ruction and war preparation. Soviet military ""emphasis on strategic deterrence rather than preemptive strike."" • Next Event Triggers: • Inevitable: U.S. assessment of announcement • Potential: Verification demands • Potential: Face-saving path opening Most Plausible Combinations for Scenario 1 1. Primary Path: U.S. Military Communication + Soviet Controlled Stand-Down • Logic: Both sides seeking practical de-escalation while maintaining readiness. 2. Alternative Path: U.S. Selective Loosening + Soviet Secret Envoy • Logic: Dual approach of public gesture with private negotiation breakthrough. ",distinct supplemental action/event block or explicit branch facet,P-VDM-01;P-EFFECT-01,행동–VDM 사건 의미 대응,vdm/Variable-Decision Matrix.json; actor JSON when indicated,$.event_driven_adjustments.Diplomatic_Success,조건부 규칙,준수,Diplomatic_Success,,"RESULT LOG - Scenario 1 Primary Path • US Action: Establish Direct Military-to-Military Communication • Soviet Action: Implement Controlled Military Stand-Down • Variable Changes: • Combined de-escalation: ""Diplomatic_Success"": tension -0.05, diplomatic_support +0.10, public_opinion +0.05, leadership_unity +0.05 • Military cooperation bonus: tension -0.05, leadership_unity +0.05 New Variable Status: • tension: 0.55 • diplomatic_support: 0.80 • public_opinion: 0.60 • leadership_unity: 0.88 Triggers: Enhanced diplomatic options; military restraint mechanisms in place",양국 직접 군사 연락 개설과 통제된 경계 완화라는 상호 협력 사건을 외교 진전과 연결한다. 추가 협력 보너스는 별도다.,"AI direct source interpretation, frozen annotation",True,,True,True,Preserved inputs conditional audit; execution-time byte binding unconfirmed
CLA-09-ES-011-MAP,CLA-09,runs/raw_logs/Claude_Opus_4/9. Strategic Decision Modeling Protocol.pdf,3e463422829f39192ebbb24aa96f676d5bda251f4d225a45c204d53857f394fb,26,28,T4,instructions while maintaining negotiating position. Shows serious intent with war preparations as insurance. • Next Event Triggers: • Inevitable: U.S. verification attempts • Potential: Reciprocal measures • Potential: Timeline negotiations Most Plausible Combinations for Scenario 2 1. Primary Path: U.S. Announce Agreement Readiness + Soviet Complete Resolution Package • Logic: Maximum diplomatic alignment creating historic settlement opportunity. 2. Alternative Path: U.S. Mutual Observers + Soviet Gradual Deactivation • Logic: Practical confidence-building leading to verified de-escalation. ,distinct supplemental action/event block or explicit branch facet,P-VDM-01;P-EFFECT-01,행동–VDM 사건 의미 대응,vdm/Variable-Decision Matrix.json; actor JSON when indicated,$.event_driven_adjustments.Diplomatic_Success,조건부 규칙,준수,Diplomatic_Success,,"RESULT LOG - Scenario 2 Primary Path • US Action: Announce Readiness for Comprehensive Agreement • Soviet Action: Propose Complete Crisis Resolution Package • Variable Changes: • Major ""Diplomatic_Success"": tension -0.05, diplomatic_support +0.10, public_opinion +0.05, leadership_unity +0.05 • Breakthrough bonus: all positive variables +0.05, tension -0.10 New Variable Status: • tension: 0.10 (minimum threat level) • diplomatic_support: 1.00 (maximum - capped) • public_opinion: 0.80 • leadership_unity: 0.80 Triggers: Military options fully restricted; diplomatic resolution imminent",미국 포괄 합의 준비와 소련 해결 패키지가 상응하여 외교 진전이 관찰된다. breakthrough 보너스는 별도다.,"AI direct source interpretation, frozen annotation",True,,True,True,Preserved inputs conditional audit; execution-time byte binding unconfirmed
CLA-09-ES-012-MAP,CLA-09,runs/raw_logs/Claude_Opus_4/9. Strategic Decision Modeling Protocol.pdf,3e463422829f39192ebbb24aa96f676d5bda251f4d225a45c204d53857f394fb,28,29,T4," Rationale: ""Severe Internal Conflict"" with leadership_unity 0.20. Military seizes control citing Khrushchev's contradictory instructions. • Next Event Triggers: • Inevitable: Policy chaos • Potential: Rogue nuclear units • Potential: Civil war Most Plausible Combinations for Scenario 3 1. Primary Path: U.S. Launch Invasion + Soviet Execute Limited Nuclear Strike • Logic: Both military establishments overriding political control in maximum crisis. 2. Alternative Path: U.S. Military Coup + Soviet Leadership Overthrow • Logic: Internal collapses preventing coordinated action but creating chaos. ",distinct supplemental action/event block or explicit branch facet,P-VDM-01;P-EFFECT-01,행동–VDM 사건 의미 대응,vdm/Variable-Decision Matrix.json; actor JSON when indicated,,조건부 규칙,위반,,,RESULT LOG - Scenario 3 Primary Path • US Action: Launch Immediate Invasion • Soviet Action: Execute Limited Nuclear Strike • Variable Changes: • Nuclear exchange transcends normal variable system • System breakdown indicated New Variable Status: • tension: 1.00 (maximum - nuclear war) • diplomatic_support: 0.00 (all diplomacy terminated) • public_opinion: 0.00 (societal collapse) • leadership_unity: 0.00 (government continuity broken) Triggers: • All normal political-military mechanisms destroyed • Variable system no longer applicable • Crisis has transformed into nuclear war,실제 침공/핵 타격 경로에서 변수 체계 자체를 더는 적용하지 않는다고 선언하고 모든 상태를 1/0/0/0으로 대체했다. 원 입력에 핵 사용 시 계산 체계를 폐기하는 규칙이 없다.,"AI direct source interpretation, frozen annotation",True,,True,True,Preserved inputs conditional audit; execution-time byte binding unconfirmed
CLA-12-ES-001-MAP,CLA-12,runs/raw_logs/Claude_Opus_4/12. Strategic Decision Modeling Protocol.pdf,14eb5bc5437bb94e9347990891c7f714425ce1bcea18d1d717d056901de5869a,5,6,T1,"kdrop-hue-rotate: ; --tw-backdrop-invert: ; --tw-backdrop-opacity: ; --tw-backdrop-saturate: ; --tw-backdrop-sepia: ; --tw-contain-size: ; --tw-contain-layout: ; --tw-contain-paint: ; --tw-contain-style: ; outline-color: hsl(var(--accent-secondary-100)); scrollbar-width: thin; scrollbar-color: hsla(var(--border-300)/35%) transparent; display: grid; grid-template-columns: repeat(1, minmax(0px, 1fr)); gap: 0.625rem;""> Based on the JSON files and effect rules, I'll calculate the variable changes for each strategic combination. Starting values are assumed to be at neutral (0.5) for all variables. ",distinct supplemental action/event block or explicit branch facet,P-VDM-01;P-EFFECT-01,행동–VDM 사건 의미 대응,vdm/Variable-Decision Matrix.json; actor JSON when indicated,US:military_alert;SU:covert_detection,조건부 규칙,준수,US:military_alert;SU:covert_detection,,"RESULT LOG - Combination 1: ""Primary Path - Measured Confrontation"" United States • Selected Action: Naval Quarantine/Blockade • Predicted Variable Change:
• tension: +0.3 (military_alert effect) • leadership_unity: +0.8 (military_alert effect) • diplomatic_support: No direct effect listed • public_opinion: No direct effect listed Generated Triggers: • Soviet naval response at quarantine line • OAS consultation for legal backing Soviet Union • Selected Action: Deny and Deflect • Predicted Variable Change: • tension: +0.45 (covert_detection effect) • diplomatic_room: +0.6 (covert_detection effect) • leadership_unity: No direct effect listed • public_opinion: No direct effect listed Generated Triggers: • U.S. public revelation imminent • Increased military readiness ",미국 검역 경계와 이미 발견된 소련 비밀 미사일 사건을 연결하며 diplomatic_room을 별도 변수로 보존한다.,"AI direct source interpretation, frozen annotation",True,,True,True,Preserved inputs conditional audit; execution-time byte binding unconfirmed
CLA-12-ES-002-MAP,CLA-12,runs/raw_logs/Claude_Opus_4/12. Strategic Decision Modeling Protocol.pdf,14eb5bc5437bb94e9347990891c7f714425ce1bcea18d1d717d056901de5869a,6,7,T1,nion • Selected Action: Deny and Deflect • Predicted Variable Change: • tension: +0.45 (covert_detection effect) • diplomatic_room: +0.6 (covert_detection effect) • leadership_unity: No direct effect listed • public_opinion: No direct effect listed Generated Triggers: • U.S. public revelation imminent • Increased military readiness RECONFIRM VARIABLE STATUS - Combination 1 • tension: 0.5 + 0.3 + 0.45 = 1.25 → 1.0 (clamped to max) • diplomatic_support: 0.5 (no change) • military_posture: Elevated/Alert • public_opinion: 0.5 (no change) • leadership_unity: 0.5 + 0.8 = 1.3 → 1.0 (clamped to max) ,distinct supplemental action/event block or explicit branch facet,P-VDM-01;P-EFFECT-01,행동–VDM 사건 의미 대응,vdm/Variable-Decision Matrix.json; actor JSON when indicated,,조건부 규칙,판정 불가,,,"RESULT LOG - Combination 2: ""Alternative Path 1 - Diplomatic Channel"" United States • Selected Action: Secret Diplomatic Outreach • Predicted Variable Change: • No direct effect rules match this action in the JSON • Maintaining baseline values Generated Triggers: • Time pressure from missile operationalization • Potential leak risk Soviet Union • Selected Action: Propose Missile Freeze with Negotiations • Predicted Variable Change:
• No direct effect rules match this action in the JSON • Maintaining baseline values Generated Triggers: • U.S. response pending • Internal military dissent possible ",양국 비밀 협의/동결 제안에는 원 효과가 없다고 기록하며 미국 응답도 pending이다. 이 단계에 외교 성공이 반드시 적용되는지는 원 발동 시점이 불명확하다.,"AI direct source interpretation, frozen annotation",True,rule_ambiguous,True,True,Preserved inputs conditional audit; execution-time byte binding unconfirmed
CLA-12-ES-003-MAP,CLA-12,runs/raw_logs/Claude_Opus_4/12. Strategic Decision Modeling Protocol.pdf,14eb5bc5437bb94e9347990891c7f714425ce1bcea18d1d717d056901de5869a,7,7,T1,"intaining baseline values Generated Triggers: • Time pressure from missile operationalization • Potential leak risk Soviet Union • Selected Action: Propose Missile Freeze with Negotiations • Predicted Variable Change:
• No direct effect rules match this action in the JSON • Maintaining baseline values Generated Triggers: • U.S. response pending • Internal military dissent possible RECONFIRM VARIABLE STATUS - Combination 2 • tension: 0.5 (no change) • diplomatic_support: 0.5 (no change) • military_posture: Standard readiness • public_opinion: 0.5 (no change) • leadership_unity: 0.5 (no change) ",distinct supplemental action/event block or explicit branch facet,P-VDM-01;P-EFFECT-01,행동–VDM 사건 의미 대응,vdm/Variable-Decision Matrix.json; actor JSON when indicated,US:military_alert;SU:military_alert,조건부 규칙,준수,US:military_alert;SU:military_alert,,"RESULT LOG - Combination 3: ""Alternative Path 2 - Military Escalation"" United States • Selected Action: Air Strike Preparation • Predicted Variable Change: • tension: +0.3 (military_alert effect) • leadership_unity: +0.8 (military_alert effect) • diplomatic_support: No direct effect listed • public_opinion: No direct effect listed Generated Triggers: • Soviet military counter-preparation • Allied concern over escalation Soviet Union • Selected Action: Accelerate Missile Deployment • Predicted Variable Change: • tension: +0.45 (military_alert effect) • leadership_unity: +0.65 (military_alert effect) • diplomatic_support: No direct effect listed • public_opinion: No direct effect listed Generated Triggers: • Race against U.S. strike timeline • Tactical nuclear readiness ",공습 준비와 배치 가속을 실제 공격으로 바꾸지 않고 국가별 경계 효과와 연결한다.,"AI direct source interpretation, frozen annotation",True,,True,True,Preserved inputs conditional audit; execution-time byte binding unconfirmed
CLA-12-ES-004-MAP,CLA-12,runs/raw_logs/Claude_Opus_4/12. Strategic Decision Modeling Protocol.pdf,14eb5bc5437bb94e9347990891c7f714425ce1bcea18d1d717d056901de5869a,10,12,T2,debate on response • Potential: Public revelation/leak • Potential: Military opposition to negotiations Most Plausible Strategic Combination U.S. Maintain Blockade + Soviet Private Back-Channel • Logic: Both avoid immediate military escalation despite high tension. U.S. continues successful blockade while Soviets seek face-saving exit. Alternative Paths 1. U.S. Air Strike Preparation + Soviet Missile Acceleration • Logic: Military advisors dominate on both sides given tension=1.0 U.S. Public Ultimatum + Soviet Test Blockade • Logic: Both sides publicly demonstrate resolve while testing limits ,distinct supplemental action/event block or explicit branch facet,P-VDM-01;P-EFFECT-01,행동–VDM 사건 의미 대응,vdm/Variable-Decision Matrix.json; actor JSON when indicated,,조건부 규칙,판정 불가,,,"RESULT LOG - Most Plausible (Maintain Blockade + Back-Channel) • U.S. Variable Changes: No specific effect rule for maintaining status quo • Soviet Variable Changes: No specific effect rule for diplomatic outreach
• Generated Triggers: Diplomatic channel establishment, continued naval standoff • Variable Status: Unchanged from previous",현상 유지와 비밀 접촉에 효과가 없다고 기록한다. 기존 경계 유지의 반복 효과 및 채널 개설 시점의 성공 효과 발동이 원 규칙에 명시되지 않았다.,"AI direct source interpretation, frozen annotation",True,rule_ambiguous,True,True,Preserved inputs conditional audit; execution-time byte binding unconfirmed
CLA-12-ES-005-MAP,CLA-12,runs/raw_logs/Claude_Opus_4/12. Strategic Decision Modeling Protocol.pdf,14eb5bc5437bb94e9347990891c7f714425ce1bcea18d1d717d056901de5869a,12,14,T2, for delays. Buys time while maintaining diplomatic engagement. • Next Event Triggers: • Inevitable: U.S. patience testing • Potential: Blockade tightening • Potential: International pressure Most Plausible Strategic Combination U.S. UN Inspection Proposal + Soviet Counter-Propose Trade • Logic: Both sides use international framework while pursuing core interests Alternative Paths 1. U.S. Public Success + Soviet Accept with Conditions • Logic: Face-saving for both sides through managed process U.S. Private Framework + Soviet Slow Compliance • Logic: Quiet diplomacy while maintaining positions ,distinct supplemental action/event block or explicit branch facet,P-VDM-01;P-EFFECT-01,행동–VDM 사건 의미 대응,vdm/Variable-Decision Matrix.json; actor JSON when indicated,US:public_appeal,조건부 규칙,판정 불가,US:public_appeal,,"RESULT LOG - Most Plausible (UN Proposal + Counter-Trade) • U.S. Variable Changes: public_appeal effect: public_opinion +0.5 • Soviet Variable Changes: No specific effect rule • Generated Triggers: UN involvement, Turkey missile discussion • Variable Status: • tension: 0.5 • diplomatic_support: 0.5 • public_opinion: 1.0 • leadership_unity: 0.5",미국 UN 공개 제안의 공중 호소는 대응하나 소련 교환 제안의 직접 효과가 없다고 기록한다. 해당 제안의 발동 경계는 불명확하다.,"AI direct source interpretation, frozen annotation",True,partial_mapping_uncertain,True,True,Preserved inputs conditional audit; execution-time byte binding unconfirmed
CLA-12-ES-006-MAP,CLA-12,runs/raw_logs/Claude_Opus_4/12. Strategic Decision Modeling Protocol.pdf,14eb5bc5437bb94e9347990891c7f714425ce1bcea18d1d717d056901de5869a,14,17,T2,"ld for ""imminent nuclear war"" triggers de-escalation attempt. • Next Event Triggers: • Inevitable: Military resistance • Potential: U.S. pause consideration • Potential: Face-saving framework Most Plausible Strategic Combination U.S. Surgical Strike + Soviet Emergency Diplomacy • Logic: U.S. demonstrates resolve while Soviets avoid nuclear trap Alternative Paths 1. U.S. Limited Air Strike + Soviet Conventional Retaliation • Logic: Controlled escalation without nuclear threshold U.S. Invasion Prep + Soviet Tactical Nuclear Authorization • Logic: Maximum escalation path per military preferences ",distinct supplemental action/event block or explicit branch facet,P-VDM-01;P-EFFECT-01,행동–VDM 사건 의미 대응,vdm/Variable-Decision Matrix.json; actor JSON when indicated,$.event_driven_adjustments.Strike;$.event_driven_adjustments.Diplomatic_Success,조건부 규칙,준수,Strike;Diplomatic_Success,,"RESULT LOG - Most Plausible (Surgical Strike + Emergency Diplomacy) • U.S. Variable Changes: Strike event: Tension +0.15, Diplomatic_Support -0.05, Public_Opinion -0.05, Leadership_Unity -0.10 • Soviet Variable Changes: Diplomatic_Success event: Tension -0.05, Diplomatic_Support +0.10, Public_Opinion +0.05, Leadership_Unity +0.05 • Generated Triggers: Limited conflict, diplomatic window • Variable Status: • tension: 1.0 + 0.15 - 0.05 = 1.1 → 1.0 (clamped) • diplomatic_support: 0.5 - 0.05 + 0.10 = 0.55 • public_opinion: 0.5 - 0.05 + 0.05 = 0.5 • leadership_unity: 1.0 - 0.10 + 0.05 = 0.95",미국 제한적 실제 타격과 소련 긴급 외교/휴전 제안으로 전투와 외교 창이 함께 발생하는 선택쌍을 연결한다. 협상 금지 여부와 수용 완료 여부는 별도다.,"AI direct source interpretation, frozen annotation",True,,True,True,Preserved inputs conditional audit; execution-time byte binding unconfirmed
CLA-12-ES-007-MAP,CLA-12,runs/raw_logs/Claude_Opus_4/12. Strategic Decision Modeling Protocol.pdf,14eb5bc5437bb94e9347990891c7f714425ce1bcea18d1d717d056901de5869a,17,19,T3,. detection of alert status • Potential: Matching U.S. nuclear escalation • Potential: Allied panic and pressure Most Plausible Strategic Combination U.S. Limited SAM Strike + Soviet Ceasefire Proposal • Logic: U.S. must respond to pilot death but Kennedy's restraint prevents full escalation. Soviets recognize danger and seek off-ramp. Alternative Paths 1. U.S. Absorb Loss + Soviet Deny Responsibility • Logic: Both sides avoid immediate escalation through restraint/deflection U.S. Immediate Air Strike + Soviet Nuclear Alert • Logic: Military establishments drive escalation per their doctrines ,distinct supplemental action/event block or explicit branch facet,P-VDM-01;P-EFFECT-01,행동–VDM 사건 의미 대응,vdm/Variable-Decision Matrix.json; actor JSON when indicated,$.event_driven_adjustments.Strike;$.event_driven_adjustments.Diplomatic_Success,조건부 규칙,준수,Strike;Diplomatic_Success,,"RESULT LOG - Most Plausible (Limited Strike + Ceasefire) • U.S. Variable Changes: Strike event: Tension +0.15, Diplomatic_Support -0.05, Public_Opinion -0.05, Leadership_Unity -0.10 • Soviet Variable Changes: Diplomatic_Success: Tension -0.05, Diplomatic_Support +0.10, Public_Opinion +0.05, Leadership_Unity +0.05 • Net Variable Status: • tension: 1.0 + 0.15 - 0.05 = 1.1 → 1.0 (clamped) • diplomatic_support: 0.5 - 0.05 + 0.10 = 0.55 • public_opinion: 0.5 - 0.05 + 0.05 = 0.5 • leadership_unity: 1.0 - 0.10 + 0.05 = 0.95",미국 제한적 실제 타격과 소련 긴급 외교/휴전 제안으로 전투와 외교 창이 함께 발생하는 선택쌍을 연결한다. 협상 금지 여부와 수용 완료 여부는 별도다.,"AI direct source interpretation, frozen annotation",True,,True,True,Preserved inputs conditional audit; execution-time byte binding unconfirmed
CLA-12-ES-008-MAP,CLA-12,runs/raw_logs/Claude_Opus_4/12. Strategic Decision Modeling Protocol.pdf,14eb5bc5437bb94e9347990891c7f714425ce1bcea18d1d717d056901de5869a,19,21,T3,tiative. • Next Event Triggers: • Inevitable: Complex negotiation process • Potential: Military-industrial opposition • Potential: Global peace movement activation Most Plausible Strategic Combination U.S. Hotline Communication + Soviet Comprehensive Settlement • Logic: Direct leader-to-leader engagement matches crisis urgency and both sides' diplomatic preferences Alternative Paths 1. U.S. UN Meeting + Soviet Express Regret • Logic: Public diplomatic theater while buying time U.S. Conditional Ultimatum + Soviet Link to Disarmament • Logic: Both sides expand scope to find face-saving solution ,distinct supplemental action/event block or explicit branch facet,P-VDM-01;P-EFFECT-01,행동–VDM 사건 의미 대응,vdm/Variable-Decision Matrix.json; actor JSON when indicated,$.event_driven_adjustments.Diplomatic_Success,조건부 규칙,준수,Diplomatic_Success,,"RESULT LOG - Most Plausible (Hotline + Settlement) • Variable Changes: Both sides pursuing diplomacy - Diplomatic_Success: Tension -0.05, Diplomatic_Support +0.10, Public_Opinion +0.05, Leadership_Unity +0.05 • Generated Triggers: Direct negotiation channel, settlement framework • Variable Status: • tension: 0.5 - 0.05 = 0.45 • diplomatic_support: 0.5 + 0.10 = 0.6 • public_opinion: 1.0 + 0.05 = 1.05 → 1.0 (clamped) • leadership_unity: 0.5 + 0.05 = 0.55",정상 간 직접 연락과 포괄 합의 제안으로 실제 교섭 채널과 해결 틀이 생성된다.,"AI direct source interpretation, frozen annotation",True,,True,True,Preserved inputs conditional audit; execution-time byte binding unconfirmed
CLA-12-ES-009-MAP,CLA-12,runs/raw_logs/Claude_Opus_4/12. Strategic Decision Modeling Protocol.pdf,14eb5bc5437bb94e9347990891c7f714425ce1bcea18d1d717d056901de5869a,21,24,T3,ar threshold. Preserves escalation control. • Next Event Triggers: • Inevitable: High casualties • Potential: U.S. escalation frustration • Potential: International intervention Most Plausible Strategic Combination U.S. Destroy SAM Sites + Soviet Maximum Conventional Defense • Logic: Both militaries act decisively but avoid nuclear threshold Alternative Paths 1. U.S. Full Air Campaign + Soviet Berlin Blockade • Logic: Horizontal escalation as each side attacks where strongest U.S. Invasion Launch + Soviet Tactical Nuclear Authorization • Logic: Maximum escalation path risking nuclear exchange ,distinct supplemental action/event block or explicit branch facet,P-VDM-01;P-EFFECT-01,행동–VDM 사건 의미 대응,vdm/Variable-Decision Matrix.json; actor JSON when indicated,$.event_driven_adjustments.Strike;$.event_driven_adjustments.Defense_Prep,조건부 규칙,준수,Strike;Defense_Prep,,"RESULT LOG - Most Plausible (SAM Strikes + Conventional Defense) • U.S. Variable Changes: Strike event: Tension +0.15, Diplomatic_Support -0.05, Public_Opinion -0.05, Leadership_Unity -0.10 • Soviet Variable Changes: Defense_Prep: Tension +0.05, Diplomatic_Support -0.02, Public_Opinion -0.02, Leadership_Unity -0.05 • Variable Status: • tension: 1.0 + 0.15 + 0.05 = 1.2 → 1.0 (clamped) • diplomatic_support: 0.55 - 0.05 - 0.02 = 0.48 • public_opinion: 0.5 - 0.05 - 0.02 = 0.43 • leadership_unity: 0.95 - 0.10 - 0.05 = 0.80",미국 SAM 타격과 소련 재래식 방어 태세를 공격/대비의 서로 다른 단계로 연결한다.,"AI direct source interpretation, frozen annotation",True,,True,True,Preserved inputs conditional audit; execution-time byte binding unconfirmed
CLA-12-ES-010-MAP,CLA-12,runs/raw_logs/Claude_Opus_4/12. Strategic Decision Modeling Protocol.pdf,14eb5bc5437bb94e9347990891c7f714425ce1bcea18d1d717d056901de5869a,24,26,T4," Inevitable: U.S. response to summit proposal • Potential: Time/location negotiations • Potential: Pre-summit conditions debate Most Plausible Strategic Combination U.S. Selective Enforcement + Soviet Dual-Track Strategy • Logic: Both sides signal restraint while maintaining readiness, matching the event's mixed signals Alternative Paths 1. U.S. Maintain DEFCON 2 + Soviet Summit Proposal • Logic: Military readiness coupled with diplomatic breakthrough attempt U.S. Invasion Demonstration + Soviet Submarine Withdrawal • Logic: Military pressure and tactical retreat avoiding direct confrontation ",distinct supplemental action/event block or explicit branch facet,P-VDM-01;P-EFFECT-01,행동–VDM 사건 의미 대응,vdm/Variable-Decision Matrix.json; actor JSON when indicated,,조건부 규칙,판정 불가,,,"RESULT LOG - Most Plausible (Selective Enforcement + Dual-Track) • Variable Changes: Both pursuing cautious approaches - no specific event matches in matrix • Generated Triggers: Continued standoff, diplomatic channels active • Variable Status: No change from previous values • tension: 1.0 • diplomatic_support: 0.55 • public_opinion: 0.5 • leadership_unity: 0.95",선별 검역·이중 전략을 유지하는 행동에 효과를 적용하지 않는다. 현상 유지의 반복 효과/대화 지속의 효과 발동 시점은 원 입력에 정의되지 않았다.,"AI direct source interpretation, frozen annotation",True,rule_ambiguous,True,True,Preserved inputs conditional audit; execution-time byte binding unconfirmed
CLA-12-ES-011-MAP,CLA-12,runs/raw_logs/Claude_Opus_4/12. Strategic Decision Modeling Protocol.pdf,14eb5bc5437bb94e9347990891c7f714425ce1bcea18d1d717d056901de5869a,26,28,T4,"le: Khrushchev's ""peaceful coexistence"" ideology and current diplomatic momentum support public gesture. • Next Event Triggers: • Inevitable: Analysis of statement terms • Potential: Hardliner criticism • Potential: Public opinion shift Most Plausible Strategic Combination U.S. Accept Summit + Soviet Announce Missile Suspension • Logic: Maximum diplomatic convergence given favorable variables Alternative Paths 1. U.S. Naval Standdown + Soviet Mutual Freeze • Logic: Technical military de-escalation focus U.S. Peace Initiative + Soviet Peace Statement • Logic: Public diplomacy momentum building ",distinct supplemental action/event block or explicit branch facet,P-VDM-01;P-EFFECT-01,행동–VDM 사건 의미 대응,vdm/Variable-Decision Matrix.json; actor JSON when indicated,$.event_driven_adjustments.Diplomatic_Success,조건부 규칙,준수,Diplomatic_Success,,"RESULT LOG - Most Plausible (Summit + Missile Suspension) • Variable Changes: Major diplomatic breakthrough - Diplomatic_Success: Tension -0.05, Diplomatic_Support +0.10, Public_Opinion +0.05, Leadership_Unity +0.05 • Generated Triggers: Summit preparations, verification negotiations • Variable Status: • tension: 0.45 - 0.05 = 0.4 • diplomatic_support: 0.6 + 0.10 = 0.7 • public_opinion: 1.0 (already at max) • leadership_unity: 0.55 + 0.05 = 0.6",정상회담 수락과 소련 미사일 작업 중단이라는 실제 진전을 외교 성공에 연결한다.,"AI direct source interpretation, frozen annotation",True,,True,True,Preserved inputs conditional audit; execution-time byte binding unconfirmed
CLA-12-ES-012-MAP,CLA-12,runs/raw_logs/Claude_Opus_4/12. Strategic Decision Modeling Protocol.pdf,14eb5bc5437bb94e9347990891c7f714425ce1bcea18d1d717d056901de5869a,28,29,T4,"rces' emphasis on ""force preservation"" (0.3 weight) while preparing for U.S. attack. • Next Event Triggers: • Inevitable: Visible military preparations • Potential: Pre-emption temptation
• Potential: Command breakdown Most Plausible Strategic Combination U.S. ASW Intensification + Soviet Maximum Defense • Logic: Military escalation continues but below nuclear threshold Alternative Paths 1. U.S. Alpha Strike + Soviet Nuclear Dispersal • Logic: Maximum escalation toward nuclear exchange U.S. Total Blockade + Soviet Berlin Contingency • Logic: Geographic escalation avoiding direct confrontation ",distinct supplemental action/event block or explicit branch facet,P-VDM-01;P-EFFECT-01,행동–VDM 사건 의미 대응,vdm/Variable-Decision Matrix.json; actor JSON when indicated,$.event_driven_adjustments.Defense_Prep,조건부 규칙,판정 불가,Defense_Prep,,"RESULT LOG - Most Plausible (ASW + Maximum Defense) • U.S. Variable Changes: Military intensification but no specific event match • Soviet Variable Changes: Defense_Prep: Tension +0.05, Diplomatic_Support -0.02, Public_Opinion -0.02, Leadership_Unity -0.05 • Variable Status: • tension: 1.0 + 0.05 = 1.05 → 1.0 (clamped) • diplomatic_support: 0.48 - 0.02 = 0.46 • public_opinion: 0.43 - 0.02 = 0.41 • leadership_unity: 0.80 - 0.05 = 0.75",소련 최대 방어 태세는 대비에 대응하나 미국 대잠전 강화에는 원 효과가 없다고 기록한다. 실제 교전 여부가 불명확해 타격을 추정하지 않는다.,"AI direct source interpretation, frozen annotation",True,partial_mapping_uncertain,True,True,Preserved inputs conditional audit; execution-time byte binding unconfirmed
CLA-20-ES-001-MAP,CLA-20,runs/raw_logs/Claude_Opus_4/20. Strategic Decision Modeling Protocol.pdf,140f97c1fe5bcdeecb443b961d760f556823b2c59f8599d0117a7a94b159194c,5,6,T1,"backdrop-contrast: ; --tw-backdrop-grayscale: ; --tw-backdrop-hue-rotate: ; --tw-backdrop-invert: ; --tw-backdrop-opacity: ; --tw-backdrop-saturate: ; --tw-backdrop-sepia: ; --tw-contain-size: ; --tw-contain-layout: ; --tw-contain-paint: ; --tw-contain-style: ; outline-color: hsl(var(--accent-secondary-100)); scrollbar-width: thin; scrollbar-color: hsla(var(--border-300)/35%) transparent; display: grid; grid-template-columns: repeat(1, minmax(0px, 1fr)); gap: 0.625rem;""> Based on the JSON files and Variable-Decision Matrix, I'll calculate the predicted outcomes for each strategic combination. ",distinct supplemental action/event block or explicit branch facet,P-VDM-01;P-EFFECT-01,행동–VDM 사건 의미 대응,vdm/Variable-Decision Matrix.json; actor JSON when indicated,US:military_alert,조건부 규칙,판정 불가,US:military_alert,,"RESULT LOG - Scenario 1: ""Most Plausible Path"" United States • Selected Action: Naval Quarantine/Blockade • Predicted Variable Change: • tension: +0.3 (per military_alert effect rule) • diplomatic_support: No direct rule (remains unchanged) • public_opinion: No direct rule (remains unchanged) • leadership_unity: +0.8 (per military_alert effect rule)
Generated Triggers: Soviet ships approaching quarantine line, International diplomatic pressure Soviet Union • Selected Action: Secret Diplomatic Outreach • Predicted Variable Change: • tension: No direct rule for diplomatic action (remains unchanged) • diplomatic_support: No direct rule (remains unchanged) • public_opinion: No direct rule (remains unchanged) • leadership_unity: No direct rule (remains unchanged) Generated Triggers: Backchannel communication established, Continued missile site construction ",검역 경계는 대응하나 소련 비밀 접촉의 효과는 없다고 기록한다. 외교 채널 개설과 효과 발동의 원 경계를 확정할 수 없다.,"AI direct source interpretation, frozen annotation",True,partial_mapping_uncertain,True,True,Preserved inputs conditional audit; execution-time byte binding unconfirmed
CLA-20-ES-002-MAP,CLA-20,runs/raw_logs/Claude_Opus_4/20. Strategic Decision Modeling Protocol.pdf,140f97c1fe5bcdeecb443b961d760f556823b2c59f8599d0117a7a94b159194c,6,7,T1," No direct rule (remains unchanged) Generated Triggers: Backchannel communication established, Continued missile site construction RECONFIRM VARIABLE STATUS - Scenario 1 United States: • tension: 0.3 (baseline 0 + 0.3) • diplomatic_support: 0.5 (baseline unchanged) • military_posture: Alert/Active • public_opinion: 0.5 (baseline unchanged) • leadership_unity: 0.8 (baseline 0 + 0.8) Soviet Union: • tension: 0.5 (baseline unchanged) • diplomatic_support: 0.5 (baseline unchanged) • military_posture: Defensive • public_opinion: 0.5 (baseline unchanged) • leadership_unity: 0.5 (baseline unchanged) ",distinct supplemental action/event block or explicit branch facet,P-VDM-01;P-EFFECT-01,행동–VDM 사건 의미 대응,vdm/Variable-Decision Matrix.json; actor JSON when indicated,US:military_alert;SU:military_alert,조건부 규칙,위반,US:military_alert;SU:military_alert,,"RESULT LOG - Scenario 2: ""Hardline Response Path"" United States • Selected Action: Immediate Air Strikes • Predicted Variable Change: • tension: +0.3 (per military_alert effect rule) • diplomatic_support: No direct rule (remains unchanged) • public_opinion: No direct rule (remains unchanged) • leadership_unity: +0.8 (per military_alert effect rule) Generated Triggers: Soviet military response, Allied diplomatic crisis Soviet Union • Selected Action: Accelerate Missile Deployment
• Predicted Variable Change: • tension: +0.45 (per military_alert effect rule) • diplomatic_support: No direct rule (remains unchanged) • public_opinion: No direct rule (remains unchanged) • leadership_unity: +0.65 (per military_alert effect rule) Generated Triggers: U.S. detection of acceleration, Military confrontation risk ",소련 배치 가속의 경계 효과와 달리 미국은 Immediate Air Strikes를 실제 선택하고 소련 군사 대응을 예측하면서도 경계 효과만 적용한다.,"AI direct source interpretation, frozen annotation",True,,True,True,Preserved inputs conditional audit; execution-time byte binding unconfirmed
CLA-20-ES-003-MAP,CLA-20,runs/raw_logs/Claude_Opus_4/20. Strategic Decision Modeling Protocol.pdf,140f97c1fe5bcdeecb443b961d760f556823b2c59f8599d0117a7a94b159194c,7,8,T1,"military_alert effect rule) Generated Triggers: U.S. detection of acceleration, Military confrontation risk RECONFIRM VARIABLE STATUS - Scenario 2 United States: • tension: 0.3 (baseline 0 + 0.3) • diplomatic_support: 0.5 (baseline unchanged) • military_posture: Offensive/Strike Ready • public_opinion: 0.5 (baseline unchanged) • leadership_unity: 0.8 (baseline 0 + 0.8) Soviet Union: • tension: 0.45 (baseline 0 + 0.45) • diplomatic_support: 0.5 (baseline unchanged) • military_posture: Aggressive/Accelerated • public_opinion: 0.5 (baseline unchanged) • leadership_unity: 0.65 (baseline 0 + 0.65) ",distinct supplemental action/event block or explicit branch facet,P-VDM-01;P-EFFECT-01,행동–VDM 사건 의미 대응,vdm/Variable-Decision Matrix.json; actor JSON when indicated,US:public_appeal;SU:public_appeal;SU:military_alert,조건부 규칙,준수,US:public_appeal;SU:public_appeal;SU:military_alert,,"RESULT LOG - Scenario 3: ""Diplomatic Resolution Path"" United States • Selected Action: Diplomatic Freeze Initiative • Predicted Variable Change: • tension: No direct rule for pure diplomatic action (remains unchanged) • diplomatic_support: No direct rule (remains unchanged) • public_opinion: +0.55 (per public_appeal effect rule) • leadership_unity: No direct rule (remains unchanged) Generated Triggers: UN Security Council debate, Soviet diplomatic response Soviet Union • Selected Action: Public Denial with Military Readiness • Predicted Variable Change: • tension: +0.45 (per military_alert effect rule) • diplomatic_support: No direct rule (remains unchanged) • public_opinion: +0.55 (per public_appeal effect rule)
• leadership_unity: +0.65 (per military_alert effect rule) Generated Triggers: International pressure increase, U.S. evidence presentation ","미국 공개 동결 제안의 UN 논의, 소련 공개 부인과 군사 경계가 각각 해당 행동 의미와 대응한다. 미국 공중 호소 .55 값은 별도 위반이다.","AI direct source interpretation, frozen annotation",True,,True,True,Preserved inputs conditional audit; execution-time byte binding unconfirmed
GEM-02-ES-001-MAP,GEM-02,runs/raw_logs/Gemini_2.5_Flash/2.pdf,f60a793430a7ec5a8d7948d4d8877506baf6a7c56e7f77de8451d1d02533a744,9,9,T2,"culation: 1.0 + 0.05 - 0.05 = 1.0) diplomatic_support: 0.43 (Calculation: 0.40 - 0.02 + 0.05 = 0.43) military_posture: Radical Adoption public_opinion: 0.48 (Calculation: 0.40 - 0.02 + 0.10 = 0.48) leadership_unity: 0.25 (Calculation: 0.30 - 0.05 + 0.10 - 0.10 = 0.25) Result Log: Scenario 3 - Diplomatic Stalemate Path (Previous State: Tension: 0.90, Diplomatic Support: 0.40, Public Opinion: 0.45, Leadership Unity: 0.45) (Turn 2 Event Effect - ""Defense_Prep"": Tension +0.05, Diplomatic Support -0.02, Public Opinion -0.02, Leadership Unity -0.05) Scenario Combination Name: The Point of No Return ",distinct supplemental action/event block or explicit branch facet,P-VDM-01;P-EFFECT-01,행동–VDM 사건 의미 대응,vdm/Variable-Decision Matrix.json; actor JSON when indicated,$.event_driven_adjustments.Strike,조건부 규칙,준수,Strike,,"Selected Actor: United States Selected Action: Authorize Air Strikes Against Missile Sites (Classified as ""Strike"") Rationale: Diplomacy failed in Turn 1, and the ","p9 원문 전체에는 군부의 직접 위협 제거 공습을 선택하며, p13은 이전 턴 US strikes가 이미 전쟁을 만들었다고 명시한다. 예측된 공습 실행과 Strike가 연결된다. 검색기의 current state 정지로 잘린 부분을 원문에서 복구했다.","AI direct source interpretation, frozen annotation",True,,True,True,Preserved inputs conditional audit; execution-time byte binding unconfirmed
GEM-05-ES-001-MAP,GEM-05,runs/raw_logs/Gemini_2.5_Flash/5.pdf,8382b0cabe6a0bf0580fcb4f11d3fd8175782776ba78f990a78490a52f2c63f5,4,4,T1,"result logs are generated. All calculations adhere strictly to the event_driven_adjustments and trigger_thresholds defined in the Variable-Decision Matrix.json file. Note: An initial neutral value of 0.5 is assumed for all variables before applying the changes from the selected actions. Scenario 1: Most Plausible Combination In this scenario, the U.S. enacts a naval quarantine and public address (Defense_Prep + Strong_Leadership), and the Soviet Union responds with denial and military alert (Diplomatic_Failure + Defense_Prep). [RESULT LOG] Scenario Combination Name: Most Plausible Combination ",distinct supplemental action/event block or explicit branch facet,P-VDM-01;P-EFFECT-01,행동–VDM 사건 의미 대응,vdm/Variable-Decision Matrix.json; actor JSON when indicated,,조건부 규칙,판정 불가,,,"Selected Actors: United States / Soviet Union Selected Actions: United States: Naval Quarantine & Public Address Soviet Union: Public Denial & High Alert Predicted Variable Change: Tension: (+0.05) + (-0.05) + (+0.10) + (+0.05) = +0.15 Diplomatic_Support: (-0.02) + (+0.05) + (-0.10) + (-0.02) = -0.09 Public_Opinion: (-0.02) + (+0.10) + (-0.05) + (-0.02) = +0.01 Leadership_Unity: (-0.05) + (+0.10) + (-0.05) + (-0.05) = -0.05 Generated Triggers: Diplomatic Isolation (Diplomatic_Support at 0.41 is <= 0.5) Internal Division, Coup Risk (Leadership_Unity at 0.45 is <= 0.5) [",T1 봉쇄·공개연설·소련 부인·경계의 네 증분을 기록하지만 적용한 사건 이름이 없다. 수치 벡터만으로 Strong_Leadership/Diplomatic_Failure를 역추정하지 않는다.,"AI direct source interpretation, frozen annotation",True,record_effect_mapping_unreported,True,True,Preserved inputs conditional audit; execution-time byte binding unconfirmed
GEM-05-ES-002-MAP,GEM-05,runs/raw_logs/Gemini_2.5_Flash/5.pdf,8382b0cabe6a0bf0580fcb4f11d3fd8175782776ba78f990a78490a52f2c63f5,5,5,T1,"05) + (+0.10) + (-0.05) + (-0.05) = -0.05 Generated Triggers: Diplomatic Isolation (Diplomatic_Support at 0.41 is <= 0.5) Internal Division, Coup Risk (Leadership_Unity at 0.45 is <= 0.5) [RECONFIRM VARIABLE STATUS] Tension: 0.65 Diplomatic_Support: 0.41 Military_Posture: Aggressive Public_Opinion: 0.51 Leadership_Unity: 0.45 Scenario 2: Alternative Plausible Path 1 (Hawkish Escalation) In this scenario, the U.S. launches an immediate air strike (Strike), and the Soviet Union retaliates in kind (Strike). [RESULT LOG]
Scenario Combination Name: Alternative Plausible Path 1 (Hawkish Escalation) ",distinct supplemental action/event block or explicit branch facet,P-VDM-01;P-EFFECT-01,행동–VDM 사건 의미 대응,vdm/Variable-Decision Matrix.json; actor JSON when indicated,,조건부 규칙,판정 불가,,,"Selected Actors: United States / Soviet Union Selected Actions: United States: Immediate Air Strike Soviet Union: Immediate Military Retaliation Predicted Variable Change: Tension: (+0.15) + (+0.15) = +0.30 Diplomatic_Support: (-0.05) + (-0.05) = -0.10 Public_Opinion: (-0.05) + (-0.05) = -0.10 Leadership_Unity: (-0.10) + (-0.10) = -0.20 Generated Triggers: Military Conflict Risk Increased (Tension at 0.80 is >= 0.8) Diplomatic Isolation (Diplomatic_Support at 0.40 is <= 0.5) Civil Unrest, Chaos (Public_Opinion at 0.40 is <= 0.4) Internal Division, Coup Risk (Leadership_Unity at 0.30 is <= 0.5) [",T1 실제 공습·즉각 보복을 기록하고 두 증분을 더하지만 적용 사건 이름을 기록하지 않는다. Strike와 동일한 수치라는 사실과 사건 적용이 관찰된다는 판단을 구별한다.,"AI direct source interpretation, frozen annotation",True,record_effect_mapping_unreported,True,True,Preserved inputs conditional audit; execution-time byte binding unconfirmed
GEM-05-ES-003-MAP,GEM-05,runs/raw_logs/Gemini_2.5_Flash/5.pdf,8382b0cabe6a0bf0580fcb4f11d3fd8175782776ba78f990a78490a52f2c63f5,5,6,T1,"vil Unrest, Chaos (Public_Opinion at 0.40 is <= 0.4) Internal Division, Coup Risk (Leadership_Unity at 0.30 is <= 0.5) [RECONFIRM VARIABLE STATUS] Tension: 0.80 Diplomatic_Support: 0.40 Military_Posture: Aggressive Public_Opinion: 0.40 Leadership_Unity: 0.30 Scenario 3: Alternative Plausible Path 2 (Diplomatic Stalemate) In this scenario, the U.S. makes a diplomatic appeal that fails (Diplomatic_Failure), and the Soviet Union denies, stalls, and continues deployment (Diplomatic_Failure + Defense_Prep). [RESULT LOG] Scenario Combination Name: Alternative Plausible Path 2 (Diplomatic Stalemate) ",distinct supplemental action/event block or explicit branch facet,P-VDM-01;P-EFFECT-01,행동–VDM 사건 의미 대응,vdm/Variable-Decision Matrix.json; actor JSON when indicated,,조건부 규칙,판정 불가,,,"Selected Actors: United States / Soviet Union Selected Actions: United States: Diplomatic Appeal via UN Soviet Union: Deny, Stall, and Continue Deployment Predicted Variable Change: Tension: (+0.10) + (+0.10) + (+0.05) = +0.25 Diplomatic_Support: (-0.10) + (-0.10) + (-0.02) = -0.22
Public_Opinion: (-0.05) + (-0.05) + (-0.02) = -0.12 Leadership_Unity: (-0.05) + (-0.05) + (-0.05) = -0.15 Generated Triggers: Diplomatic Isolation (Diplomatic_Support at 0.28 is <= 0.5) Civil Unrest, Chaos (Public_Opinion at 0.38 is <= 0.4) Internal Division, Coup Risk (Leadership_Unity at 0.35 is <= 0.5) [",T1 UN 외교 호소와 소련 부인·지연·배치 지속에 세 증분을 부여하나 사건 이름/효과 귀속이 없다. 실패 또는 준비 효과를 추정하여 채우지 않는다.,"AI direct source interpretation, frozen annotation",True,record_effect_mapping_unreported,True,True,Preserved inputs conditional audit; execution-time byte binding unconfirmed
GEM-15-ES-001-MAP,GEM-15,runs/raw_logs/Gemini_2.5_Flash/15.pdf,cd82705ab9c0dc918addd8d0c11cdce02690709153d644f9d712a416f7620010,5,5,T1,"all of Khrushchev's de-escalation triggers and activate his ""last-resort
retaliation"" trigger for a ""US_invasion_Cuba,"" which an air strike would represent. The Soviet response would be military, as their core goal of protecting their ally Cuba would have been violated.
Based on the strategic combinations from the previous turn, the following result logs are generated. All calculations adhere strictly to the Variable-Decision Matrix.json file, assuming a neutral starting value of 0.5 for all variables prior to the event. Combination 1: Result Log Scenario Combination Name: Most Plausible Path ",distinct supplemental action/event block or explicit branch facet,P-VDM-01;P-EFFECT-01,행동–VDM 사건 의미 대응,vdm/Variable-Decision Matrix.json; actor JSON when indicated,$.event_driven_adjustments.Defense_Prep,조건부 규칙,준수,Defense_Prep,,"Selected Actor: United States Selected Action: Naval Quarantine (Interpreted as ""Defense_Prep"" event) ",실제 해상 검역/봉쇄라는 군사 경계·차단 행동과 준비 사건을 연결한다.,"AI direct source interpretation, frozen annotation",True,,True,True,Preserved inputs conditional audit; execution-time byte binding unconfirmed
GEM-15-ES-002-MAP,GEM-15,runs/raw_logs/Gemini_2.5_Flash/15.pdf,cd82705ab9c0dc918addd8d0c11cdce02690709153d644f9d712a416f7620010,5,5,T1,"Trigger (Diplomatic Support): The variable has fallen to 0.46, crossing the <= 0.5 threshold and triggering a state of ""Diplomatic Solution Blocked, Alliance Withdrawal Increased"". Variable Trigger (Leadership Unity): The variable has fallen to 0.40, crossing the <= 0.5 threshold and triggering a state of ""Decision Delay, Radical Policy Preference"" and ""Internal Division"" risk. [RECONFIRM VARIABLE STATUS] tension: 0.60 diplomatic_support: 0.46 military_posture: Limited public_opinion: 0.46 leadership_unity: 0.40 Combination 2: Result Log Scenario Combination Name: Alternative Plausible Path A ",distinct supplemental action/event block or explicit branch facet,P-VDM-01;P-EFFECT-01,행동–VDM 사건 의미 대응,vdm/Variable-Decision Matrix.json; actor JSON when indicated,$.event_driven_adjustments.Defense_Prep,조건부 규칙,준수,Defense_Prep,,"Selected Actor: United States Selected Action: Naval Quarantine (Interpreted as ""Defense_Prep"" event) ",별도 대안 경로의 실제 해상 검역/봉쇄를 준비 사건으로 연결한다.,"AI direct source interpretation, frozen annotation",True,,True,True,Preserved inputs conditional audit; execution-time byte binding unconfirmed
GEM-15-ES-003-MAP,GEM-15,runs/raw_logs/Gemini_2.5_Flash/15.pdf,cd82705ab9c0dc918addd8d0c11cdce02690709153d644f9d712a416f7620010,6,6,T1,"Trigger (Diplomatic Support): The variable has fallen to 0.38, crossing the <= 0.5 threshold and triggering a state of ""Diplomatic Solution Blocked, Alliance Withdrawal Increased"". Variable Trigger (Leadership Unity): The variable has fallen to 0.40, crossing the <= 0.5 threshold and triggering a state of ""Decision Delay, Radical Policy Preference"" and ""Internal Division"" risk. [RECONFIRM VARIABLE STATUS] tension: 0.65 diplomatic_support: 0.38 military_posture: Limited public_opinion: 0.43 leadership_unity: 0.40 Combination 3: Result Log Scenario Combination Name: Alternative Plausible Path B ",distinct supplemental action/event block or explicit branch facet,P-VDM-01;P-EFFECT-01,행동–VDM 사건 의미 대응,vdm/Variable-Decision Matrix.json; actor JSON when indicated,$.event_driven_adjustments.Strike,조건부 규칙,준수,Strike,,"Selected Actor: United States Selected Action: Immediate Air Strike (Interpreted as ""Strike"" event) ",즉각 공습을 실제 선정 행동으로 기록하여 공격 사건과 대응한다.,"AI direct source interpretation, frozen annotation",True,,True,True,Preserved inputs conditional audit; execution-time byte binding unconfirmed
GEM-15-ES-004-MAP,GEM-15,runs/raw_logs/Gemini_2.5_Flash/15.pdf,cd82705ab9c0dc918addd8d0c11cdce02690709153d644f9d712a416f7620010,8,8,T2,"cenario. All judgments and calculations are derived strictly from the provided JSON files. Scenario 1: Most Plausible Path - Result Log Scenario Context: Following the U.S. quarantine and a Soviet deterrent threat, the U.S. successfully intercepts a Soviet vessel without violence. This is interpreted as a ""Strong_Leadership"" event for the U.S. and a ""Diplomatic_Failure"" for the USSR. The most plausible path is that the U.S. leverages this success to open secret talks while maintaining the quarantine, and the Soviets, seeing the blockade is real, agree to negotiate to achieve their core goals. ",distinct supplemental action/event block or explicit branch facet,P-VDM-01;P-EFFECT-01,행동–VDM 사건 의미 대응,vdm/Variable-Decision Matrix.json; actor JSON when indicated,$.event_driven_adjustments.Strong_Leadership,조건부 규칙,준수,Strong_Leadership,,"Selected Actor: United States Selected Action: Maintain Quarantine & Open Backchannel (Interpreted as ""Strong_Leadership"" event) ",p8 성공한 비폭력 봉쇄를 유지하며 대통령이 비밀 채널을 개설하는 실제 결단이 기록된다. 반대파·권한 준수와 전체 효과 집계는 별도다.,"AI direct source interpretation, frozen annotation",True,,True,True,Preserved inputs conditional audit; execution-time byte binding unconfirmed
GEM-15-ES-005-MAP,GEM-15,runs/raw_logs/Gemini_2.5_Flash/15.pdf,cd82705ab9c0dc918addd8d0c11cdce02690709153d644f9d712a416f7620010,8,8,T2,"s removed. [RECONFIRM VARIABLE STATUS] tension: 0.60 diplomatic_support: 0.61 military_posture: Limited public_opinion: 0.61 leadership_unity: 0.55 Scenario 2: Alternative Plausible Path A - Result Log Scenario Context: The U.S. quarantine has exposed the Soviet ""Deny and Delay"" tactic as a lie by intercepting a vessel with military cargo. This is a major public embarrassment for the Soviets and a vindication for the U.S. The most plausible path is for the U.S. to use this proof to maximize public pressure, while the cornered Soviet leadership urgently seeks a secret deal to cut their losses. ",distinct supplemental action/event block or explicit branch facet,P-VDM-01;P-EFFECT-01,행동–VDM 사건 의미 대응,vdm/Variable-Decision Matrix.json; actor JSON when indicated,$.event_driven_adjustments.Strong_Leadership,조건부 규칙,준수,Strong_Leadership,,"Selected Actor: United States Selected Action: Publicly Expose Soviet Deception (Interpreted as ""Strong_Leadership"" event) ",p8 실제 차단으로 드러난 군사 화물 증거를 공개하고 정부의 압박 정책을 강화하는 행동이 기록된다. 단순 준수 자기진술을 증거로 쓰지 않는다.,"AI direct source interpretation, frozen annotation",True,,True,True,Preserved inputs conditional audit; execution-time byte binding unconfirmed
GEM-15-ES-006-MAP,GEM-15,runs/raw_logs/Gemini_2.5_Flash/15.pdf,cd82705ab9c0dc918addd8d0c11cdce02690709153d644f9d712a416f7620010,9,9,T2,"to find a ""diplomatic_resolution_offer"" to prevent a military attack on Cuba, which now seems more likely. [RECONFIRM VARIABLE STATUS] tension: 0.70 diplomatic_support: 0.33 military_posture: Limited public_opinion: 0.48 leadership_unity: 0.45 Scenario 3: Alternative Plausible Path B - Result Log Scenario Context: The previous turn saw a U.S. air strike and Soviet retaliation. The conflict is already hot. A subsequent event where a U.S. reconnaissance plane is shot down over Cuba is a severe escalation. The most plausible path is for both sides to proceed to the next stage of their war plans. ",distinct supplemental action/event block or explicit branch facet,P-VDM-01;P-EFFECT-01,행동–VDM 사건 의미 대응,vdm/Variable-Decision Matrix.json; actor JSON when indicated,$.event_driven_adjustments.Strike,조건부 규칙,준수,Strike,,"Selected Actor: United States Selected Action: Launch Full Invasion of Cuba (Interpreted as ""Strike"" event) ",쿠바 전면 침공을 개시하는 선정 행동과 공격 사건이 대응한다.,"AI direct source interpretation, frozen annotation",True,,True,True,Preserved inputs conditional audit; execution-time byte binding unconfirmed
GEM-15-ES-007-MAP,GEM-15,runs/raw_logs/Gemini_2.5_Flash/15.pdf,cd82705ab9c0dc918addd8d0c11cdce02690709153d644f9d712a416f7620010,11,11,T3,"ch scenario. All judgments and calculations are derived strictly from the provided JSON files. Scenario 1: Most Plausible Path - Result Log Scenario Context: Secret negotiations had just begun when the U-2 was shot down, killing the pilot. This event shatters the fragile progress. The U.S. DoD's trigger for this exact event is ""execute offensive operations at once"". With Leadership Unity collapsing, the pressure to retaliate becomes immense. The Soviets, to save the talks, will likely deflect blame. The most plausible path is a U.S. retaliatory strike met by a Soviet denial of responsibility. ",distinct supplemental action/event block or explicit branch facet,P-VDM-01;P-EFFECT-01,행동–VDM 사건 의미 대응,vdm/Variable-Decision Matrix.json; actor JSON when indicated,$.event_driven_adjustments.Strike,조건부 규칙,준수,Strike,,"Selected Actor: United States Selected Action: Execute Retaliatory Air Strike (Interpreted as ""Strike"" event) ",보복 공습을 실행하는 선정 행동과 대응한다.,"AI direct source interpretation, frozen annotation",True,,True,True,Preserved inputs conditional audit; execution-time byte binding unconfirmed
GEM-15-ES-008-MAP,GEM-15,runs/raw_logs/Gemini_2.5_Flash/15.pdf,cd82705ab9c0dc918addd8d0c11cdce02690709153d644f9d712a416f7620010,11,12,T3,"itary_posture: Aggressive public_opinion: 0.51 leadership_unity: 0.40 Scenario 2: Alternative Plausible Path A - Result Log Scenario Context: Following the exposure of their lies and the successful U.S. interception, the Soviets have now shot down a U.S. plane. For the U.S., this is the final provocation. The Tension variable crosses the critical 0.8 threshold, making aggressive military action the default policy. The most plausible path is for the U.S. to launch the air strikes it has been preparing for, while the Soviets, anticipating the assault, prepare their designated military response. ",distinct supplemental action/event block or explicit branch facet,P-VDM-01;P-EFFECT-01,행동–VDM 사건 의미 대응,vdm/Variable-Decision Matrix.json; actor JSON when indicated,$.event_driven_adjustments.Strike,조건부 규칙,준수,Strike,,"Selected Actor: United States
Selected Action: Launch Full Air Strikes (Interpreted as ""Strike"" event) ",전면 공습 개시를 기록하여 공격 사건과 대응한다.,"AI direct source interpretation, frozen annotation",True,,True,True,Preserved inputs conditional audit; execution-time byte binding unconfirmed
GEM-15-ES-010-MAP,GEM-15,runs/raw_logs/Gemini_2.5_Flash/15.pdf,cd82705ab9c0dc918addd8d0c11cdce02690709153d644f9d712a416f7620010,14,14,T4,"e events of Turn 4, the following result logs are generated for each scenario. All judgments and calculations are derived strictly from the provided JSON files. Scenario 1: Most Plausible Path - Result Log Scenario Context: In the midst of maximum tension and after a U.S. retaliatory strike, the Soviets have sent a mixed signal of de-escalation and preparation for war. The U.S. is at DEFCON 2. The most plausible path is that the ""de-escalate"" portion of the Soviet signal is a preamble to a concrete offer. President Kennedy, driven by his goal to avoid nuclear war, seizes this fragile opening. ",distinct supplemental action/event block or explicit branch facet,P-VDM-01;P-EFFECT-01,행동–VDM 사건 의미 대응,vdm/Variable-Decision Matrix.json; actor JSON when indicated,$.event_driven_adjustments.Diplomatic_Success,조건부 규칙,준수,Diplomatic_Success,,"Selected Actor: United States Selected Action: Accept De-escalation Channel, Propose a Summit (Interpreted as ""Diplomatic_Success"" event) ",실제 완화 채널 수용 및 정상회담 제안이 상대의 완화 신호와 연결된다. 완전한 조약 체결만을 성공으로 요구하지 않는다.,"AI direct source interpretation, frozen annotation",True,,True,True,Preserved inputs conditional audit; execution-time byte binding unconfirmed
GEM-15-ES-011-MAP,GEM-15,runs/raw_logs/Gemini_2.5_Flash/15.pdf,cd82705ab9c0dc918addd8d0c11cdce02690709153d644f9d712a416f7620010,14,15,T4,"dibility"". [RECONFIRM VARIABLE STATUS] tension: 0.90 diplomatic_support: 0.66 military_posture: Aggressive public_opinion: 0.62 leadership_unity: 0.50 Scenario 2: Alternative Plausible Path A - Result Log Scenario Context: The U.S. is in the middle of a full-scale air assault on Cuba. The Soviet de-escalation signal comes amidst this hot war. Given the extremely high tension, near-zero diplomatic support, and an ""Aggressive"" military posture, the U.S. military command is overwhelmingly likely to interpret the signal as a deceptive tactic. The most plausible path is for the attack to continue. ",distinct supplemental action/event block or explicit branch facet,P-VDM-01;P-EFFECT-01,행동–VDM 사건 의미 대응,vdm/Variable-Decision Matrix.json; actor JSON when indicated,$.event_driven_adjustments.Strike,조건부 규칙,준수,Strike,,"Selected Actor: United States
Selected Action: Ignore Diplomatic Signal, Continue Full-Scale Attack (Interpreted as a ""Strike"" event) ",외교 신호를 무시하고 진행 중 전면 공격을 계속하는 실제 행동과 대응한다.,"AI direct source interpretation, frozen annotation",True,,True,True,Preserved inputs conditional audit; execution-time byte binding unconfirmed
GEM-15-ES-012-MAP,GEM-15,runs/raw_logs/Gemini_2.5_Flash/15.pdf,cd82705ab9c0dc918addd8d0c11cdce02690709153d644f9d712a416f7620010,15,15,T4,"des is now the other's military action, creating a feedback loop of pure conflict. [RECONFIRM VARIABLE STATUS] tension: 1.00 diplomatic_support: 0.16 military_posture: Aggressive public_opinion: 0.31 leadership_unity: 0.10 Scenario 3: Alternative Plausible Path B - Result Log Scenario Context: In the previous turn, tactical nuclear weapons were used. The crisis has already escalated past the point of political decision-making. The event of a Soviet ""de-escalation"" signal is not plausible in this narrative. The only logical event is the next step in the escalatory ladder: a strategic exchange. ",distinct supplemental action/event block or explicit branch facet,P-VDM-01;P-EFFECT-01,행동–VDM 사건 의미 대응,vdm/Variable-Decision Matrix.json; actor JSON when indicated,$.event_driven_adjustments.Strike,조건부 규칙,준수,Strike,,"Selected Actor: United States Selected Action: Launch Full Strategic Strike (Interpreted as ""Strike"" event) ",전략 핵공격 개시를 선정하여 공격 사건과 대응한다.,"AI direct source interpretation, frozen annotation",True,,True,True,Preserved inputs conditional audit; execution-time byte binding unconfirmed
GEM-22-ES-001-MAP,GEM-22,runs/raw_logs/Gemini_2.5_Flash/22.pdf,bfa358bdaed1913da73d49cfb017ac39e9767ca320223b8a6252c09fcaf08dba,7,7,T2,"est, Chaos"".
Leadership_Unity falls below the 0.5 threshold, triggering ""Internal Division, Coup Risk"". [RECONFIRM VARIABLE STATUS] (Calculations are based on a neutral pre-crisis baseline of 0.5 for all variables) tension: 0.65 diplomatic_support: 0.45 military_posture: Primary Option, with high risk of ""Radical Adoption"" due to severely degraded diplomatic, public, and leadership variables. public_opinion: 0.45 leadership_unity: 0.40
Here are the updated result logs and strategic analyses for Turn 2, based on the established scenarios and the specified event. Scenario 1: Most Plausible Path ",distinct supplemental action/event block or explicit branch facet,P-VDM-01;P-EFFECT-01,행동–VDM 사건 의미 대응,vdm/Variable-Decision Matrix.json; actor JSON when indicated,$.event_driven_adjustments.Defense_Prep;$.event_driven_adjustments.Diplomatic_Failure,조건부 규칙,판정 불가,Defense_Prep;Diplomatic_Failure,,"[RESULT LOG] Scenario Combination Name: Most Plausible Path Incoming Event: U.S. enforces naval blockade; a Soviet military cargo vessel is forced to retreat. This is interpreted as a ""Defense_Prep"" action by the U.S. and a ""Diplomatic_Failure"" for the Soviets, as the standoff continues unresolved. Predicted Variable Change: tension [+0.15], diplomatic_support [-0.12], public_opinion [-0.07], leadership_unity [-0.15] Generated Triggers: Tension reaches the 0.8 threshold, triggering ""Military Conflict Risk Increased"" and disabling diplomatic negotiations as a primary option. Public_Opinion drops below the 0.4 threshold, triggering ""Civil Unrest, Chaos"" due to public anxiety and division over the escalating crisis. Leadership_Unity and Diplomatic_Support fall to critical lows, triggering ""Internal Division"" and ""Diplomatic Isolation"". [",실제 봉쇄 집행은 Defense_Prep에 대응하나 비폭력 회항·해결되지 않은 대치를 Diplomatic_Failure로 분류하는 경계는 원 VDM에 정의되지 않았다. 국가별 실패 효과 적용 단위도 명확하지 않다.,"AI direct source interpretation, frozen annotation",True,rule_ambiguous,True,True,Preserved inputs conditional audit; execution-time byte binding unconfirmed
GEM-22-ES-002-MAP,GEM-22,runs/raw_logs/Gemini_2.5_Flash/22.pdf,bfa358bdaed1913da73d49cfb017ac39e9767ca320223b8a6252c09fcaf08dba,8,8,T2,"for a non-invasion pledge) to Kennedy, seeking a leader-to-leader resolution to avert catastrophe. Plausible Strategic Combinations Most Plausible (Path to War): U.S. Delivers Ultimatum vs. USSR Shoots Down a U-2. (The severely degraded variables on both sides lead to rash, escalatory actions, creating a feedback loop pushing towards open conflict). Alternative (Last-Minute De-escalation): U.S. Prepares for Air Strikes vs. USSR Sends a Secret Offer. (As the world moves to the brink, Khrushchev attempts a final diplomatic gambit to prevent a U.S. attack). Scenario 2: Diplomatic Resolution Path ",distinct supplemental action/event block or explicit branch facet,P-VDM-01;P-EFFECT-01,행동–VDM 사건 의미 대응,vdm/Variable-Decision Matrix.json; actor JSON when indicated,$.event_driven_adjustments.Defense_Prep;$.event_driven_adjustments.Strong_Leadership,조건부 규칙,준수,Defense_Prep;Strong_Leadership,,"[RESULT LOG] Scenario Combination Name: Diplomatic Resolution Path Incoming Event: U.S. enforces naval blockade; a Soviet vessel complies without incident. This is interpreted as a successful ""Defense_Prep"" and a display of ""Strong_Leadership"" by the U.S., as the action reinforces their negotiating position without causing conflict. Predicted Variable Change: tension [+0.00], diplomatic_support [+0.03], public_opinion [+0.08], leadership_unity [+0.05] Generated Triggers: Leadership_Unity rises above the 0.5 threshold, stabilizing the decision-making process. Diplomatic_Support and Public_Opinion strengthen, reinforcing the current policy of pressure and negotiation. [",실제 비폭력 차단 성공과 미국 정부의 봉쇄 집행력을 명시한다. 새로 제안한 후속 거래에 효과를 부여했는지는 이 입력 사건 점검과 별도다.,"AI direct source interpretation, frozen annotation",True,,True,True,Preserved inputs conditional audit; execution-time byte binding unconfirmed
GEM-22-ES-003-MAP,GEM-22,runs/raw_logs/Gemini_2.5_Flash/22.pdf,bfa358bdaed1913da73d49cfb017ac39e9767ca320223b8a6252c09fcaf08dba,9,9,T2,"solely in exchange for a public and binding U.S. promise not to invade Cuba, achieving their primary goal at minimal cost. Plausible Strategic Combinations Most Plausible (The Deal): U.S. Formalizes Quid Pro Quo vs. USSR Accepts the Quid Pro Quo. (The stable variables and open diplomatic channels lead to a logical, face-saving trade that resolves the crisis). Alternative (Hard Bargain): U.S. Continues Negotiations vs. USSR Agrees to Removal for Pledge Only. (The crisis is resolved on simpler terms, representing a clear win for the U.S. strategy of pressure). Scenario 3: Hardline Response Path ",distinct supplemental action/event block or explicit branch facet,P-VDM-01;P-EFFECT-01,행동–VDM 사건 의미 대응,vdm/Variable-Decision Matrix.json; actor JSON when indicated,$.event_driven_adjustments.Defense_Prep;$.event_driven_adjustments.Diplomatic_Failure,조건부 규칙,판정 불가,Defense_Prep;Diplomatic_Failure,,"[RESULT LOG] Scenario Combination Name: Hardline Response Path Incoming Event: U.S. enforces naval blockade; a Soviet military cargo vessel is forced to retreat. This occurs in a world where a strike was narrowly averted, leaving leadership weak and divided. The event is interpreted as a ""Defense_Prep"" and a ""Diplomatic_Failure."" Predicted Variable Change: tension [+0.15], diplomatic_support [-0.12], public_opinion [-0.07], leadership_unity [-0.15] Generated Triggers: Tension reaches the 0.8 threshold, triggering ""Military Conflict Risk Increased"" and making ""Aggressive"" military action the default. Public_Opinion and Diplomatic_Support fall below their respective thresholds, triggering ""Civil Unrest"" and ""Diplomatic Isolation"". Leadership_Unity collapses to an extreme low (0.25), triggering ""Severe Internal Conflict"" and making ""Radical Adoption"" of policy likely. [",실제 봉쇄 집행은 Defense_Prep에 대응하나 비폭력 회항·해결되지 않은 대치를 Diplomatic_Failure로 분류하는 경계는 원 VDM에 정의되지 않았다. 국가별 실패 효과 적용 단위도 명확하지 않다.,"AI direct source interpretation, frozen annotation",True,rule_ambiguous,True,True,Preserved inputs conditional audit; execution-time byte binding unconfirmed
GEM-22-ES-004-MAP,GEM-22,runs/raw_logs/Gemini_2.5_Flash/22.pdf,bfa358bdaed1913da73d49cfb017ac39e9767ca320223b8a6252c09fcaf08dba,11,11,T3,"ble): U.S. Launches Air Strikes/Invasion vs. USSR Authorizes Tactical Nuclear Use. (The complete collapse of political variables leads directly to the worst-case military scenario envisioned in the actors' constraints). Alternative (Global Crisis): U.S. Launches Air Strikes/Invasion vs. USSR Launches Diversionary Attack in Europe. (The conflict immediately goes global, escalating beyond Cuba into a full-blown superpower confrontation).
Here are the updated result logs and strategic analyses for Turn 3, following the downing of the U.S. U-2 reconnaissance plane. Scenario 1: Most Plausible Path ",distinct supplemental action/event block or explicit branch facet,P-VDM-01;P-EFFECT-01,행동–VDM 사건 의미 대응,vdm/Variable-Decision Matrix.json; actor JSON when indicated,$.event_driven_adjustments.Strike,조건부 규칙,준수,Strike,,"[RESULT LOG] Scenario Combination Name: Most Plausible Path Incoming Event: A U.S. U-2 reconnaissance plane is shot down over Cuba. This is a direct attack on U.S. forces, interpreted as a ""Strike"" event. Predicted Variable Change: tension [+0.15], diplomatic_support [-0.05], public_opinion [-0.05], leadership_unity [-0.10] Generated Triggers: The downing of the U-2 fulfills the trigger for the U.S. Department of Defense to ""execute offensive operations at once"". Tension approaches the maximum value, solidifying the ""Aggressive"" military posture and making any diplomatic solution impossible under the current framework. Leadership_Unity collapses to a near-zero value, indicating a complete breakdown of unified command and a shift to military-driven decision-making. [",U-2를 실제 격추한 고정 사건을 공격 효과와 연결한다. 후속 공습·거래 대안의 효과까지 인증하지 않는다.,"AI direct source interpretation, frozen annotation",True,,True,True,Preserved inputs conditional audit; execution-time byte binding unconfirmed
GEM-22-ES-005-MAP,GEM-22,runs/raw_logs/Gemini_2.5_Flash/22.pdf,bfa358bdaed1913da73d49cfb017ac39e9767ca320223b8a6252c09fcaf08dba,12,12,T3,": U.S. Executes Retaliatory Air Strikes vs. USSR Prepares for U.S. Attack. (The U-2 downing forces a U.S. military response, but it may be limited to the air defenses, leading to a limited war in Cuba rather than an immediate global nuclear exchange). Alternative (The Final Off-Ramp): U.S. Holds Attack Order for 24 Hours vs. USSR Claims Unauthorized Action and Accepts Terms. (Both leaders, seeing the abyss, use the final hours to find a non-military exit, with Khrushchev offering a full capitulation on the missiles to prevent a war he did not authorize). Scenario 2: Diplomatic Resolution Path ",distinct supplemental action/event block or explicit branch facet,P-VDM-01;P-EFFECT-01,행동–VDM 사건 의미 대응,vdm/Variable-Decision Matrix.json; actor JSON when indicated,$.event_driven_adjustments.Strike,조건부 규칙,준수,Strike,,"[RESULT LOG] Scenario Combination Name: Diplomatic Resolution Path Incoming Event: A U.S. U-2 reconnaissance plane is shot down over Cuba. The attack jeopardizes the ongoing diplomatic process and is interpreted as a ""Strike"" event. Predicted Variable Change: tension [+0.15], diplomatic_support [-0.05], public_opinion [-0.05], leadership_unity [-0.10] Generated Triggers: Leadership_Unity drops below the 0.5 threshold, triggering ""Internal Division, Coup Risk"" and complicating the President's ability to continue a purely diplomatic course. The DoD's trigger for retaliation is met, creating immense pressure on President Kennedy to abandon negotiations in favor of military action. [",U-2를 실제 격추한 고정 사건을 공격 효과와 연결한다. 후속 공습·거래 대안의 효과까지 인증하지 않는다.,"AI direct source interpretation, frozen annotation",True,,True,True,Preserved inputs conditional audit; execution-time byte binding unconfirmed
GEM-22-ES-006-MAP,GEM-22,runs/raw_logs/Gemini_2.5_Flash/22.pdf,bfa358bdaed1913da73d49cfb017ac39e9767ca320223b8a6252c09fcaf08dba,13,13,T3,"st Plausible (Averting the Abyss): U.S. Continues with Diplomatic Deal vs. USSR Immediately Finalizes the Deal. (Both leaders see the downing as a dangerous, unplanned escalation and rush to close the diplomatic exit they had already built, effectively ignoring the provocation to save the world). Alternative (A More Perfect Victory): U.S. Demands Apology/Retaliation vs. USSR Justifies Downing. (The deal collapses as both sides harden their positions in response to the attack, sending the scenario spiraling back towards a high-tension military confrontation). Scenario 3: Hardline Response Path ",distinct supplemental action/event block or explicit branch facet,P-VDM-01;P-EFFECT-01,행동–VDM 사건 의미 대응,vdm/Variable-Decision Matrix.json; actor JSON when indicated,$.event_driven_adjustments.Strike,조건부 규칙,준수,Strike,,"[RESULT LOG] Scenario Combination Name: Hardline Response Path Incoming Event: A U.S. U-2 reconnaissance plane is shot down over Cuba. In this hyper-tense scenario, this action serves as the final, official trigger for a war that was already deemed inevitable. It is a ""Strike"" event. Predicted Variable Change: tension [+0.15], diplomatic_support [-0.05], public_opinion [-0.05], leadership_unity [-0.10] Generated Triggers: All variables reach catastrophic levels, reflecting a state of open warfare. The trigger for ""US_invasion_Cuba"" is met, compelling a Soviet military response, ""including possible tactical nuclear use"". The trigger for the U.S. DoD to ""execute offensive operations at once"" is met, initiating a full-scale attack. [",U-2를 실제 격추한 고정 사건을 공격 효과와 연결한다. 후속 공습·거래 대안의 효과까지 인증하지 않는다.,"AI direct source interpretation, frozen annotation",True,,True,True,Preserved inputs conditional audit; execution-time byte binding unconfirmed
GEM-22-ES-007-MAP,GEM-22,runs/raw_logs/Gemini_2.5_Flash/22.pdf,bfa358bdaed1913da73d49cfb017ac39e9767ca320223b8a6252c09fcaf08dba,15,15,T4,"s scenario. The model's rules and triggers have led to a deterministic result where the Cuban invasion begins and is met with a tactical nuclear response, escalating the conflict uncontrollably). Alternative: No other plausible alternative paths exist within the rules of the simulation for this scenario. The combination of critically low variables and explicit military triggers makes war the only possible outcome.
Here are the updated result logs and strategic analyses for Turn 4, following the complex escalatory and de-escalatory signals from both superpowers. Scenario 1: Most Plausible Path ",distinct supplemental action/event block or explicit branch facet,P-VDM-01;P-EFFECT-01,행동–VDM 사건 의미 대응,vdm/Variable-Decision Matrix.json; actor JSON when indicated,$.event_driven_adjustments.Defense_Prep;$.event_driven_adjustments.Diplomatic_Success;$.event_driven_adjustments.Defense_Prep,조건부 규칙,판정 불가,Defense_Prep;Diplomatic_Success;Defense_Prep,,"[RESULT LOG] Scenario Combination Name: Most Plausible Path Incoming Event: U.S. escalates to DEFCON 2 (""Defense_Prep""), while the Soviets issue contradictory orders to de-escalate (""Diplomatic_Success"") and prepare for war (""Defense_Prep""). Predicted Variable Change: tension [+0.05], diplomatic_support [+0.06], public_opinion [+0.01], leadership_unity [-0.05] Generated Triggers: Tension maxes out at 1.00, making armed conflict the default expectation. Leadership_Unity degrades to a catastrophic low, indicating that the civilian leadership's control over military decisions is effectively gone. The triggers for ""Internal Division"" and ""Radical Policy Preference"" are fully active. Public_Opinion remains below the 0.4 threshold, reflecting a nation expecting war. [",미국 DEFCON2와 소련 전쟁 준비는 군사 준비에 대응한다. 내부 완화 지시/혼합 신호만으로 성공한 외교 교환이 성립하는지는 기록된 VDM에서 정의하지 않았다. 실제 상대 수용/거래는 뒤의 선택 대안이다.,"AI direct source interpretation, frozen annotation",True,rule_ambiguous,True,True,Preserved inputs conditional audit; execution-time byte binding unconfirmed
GEM-22-ES-008-MAP,GEM-22,runs/raw_logs/Gemini_2.5_Flash/22.pdf,bfa358bdaed1913da73d49cfb017ac39e9767ca320223b8a6252c09fcaf08dba,16,16,T4,"ible (War): U.S. Launches Full-Scale Invasion vs. USSR Authorizes Full Military Response. (The simulation's variables show a system that has passed the point of no return. The momentum of military escalation on both sides overrides the weak, contradictory peace signals, leading to open war). Alternative (The Last-Second Peace): U.S. Proposes a Stand-Down vs. USSR Announces Unilateral Withdrawal. (Staring into the abyss, both leaders make the most extreme de-escalatory moves available, pulling the world back from the brink in a sudden, dramatic reversal). Scenario 2: Diplomatic Resolution Path ",distinct supplemental action/event block or explicit branch facet,P-VDM-01;P-EFFECT-01,행동–VDM 사건 의미 대응,vdm/Variable-Decision Matrix.json; actor JSON when indicated,$.event_driven_adjustments.Defense_Prep;$.event_driven_adjustments.Diplomatic_Success;$.event_driven_adjustments.Defense_Prep,조건부 규칙,판정 불가,Defense_Prep;Diplomatic_Success;Defense_Prep,,"[RESULT LOG] Scenario Combination Name: Diplomatic Resolution Path Incoming Event: U.S. escalates to DEFCON 2 (""Defense_Prep"") in response to the U-2 downing, while the Soviets send mixed signals of de-escalation (""Diplomatic_Success"") and readiness (""Defense_Prep""). Predicted Variable Change: tension [+0.05], diplomatic_support [+0.06], public_opinion [+0.01], leadership_unity [-0.05] Generated Triggers: Leadership_Unity continues to fall, dropping further below the 0.5 threshold and increasing the risk of ""Radical Adoption"" of policy. The contradictory event creates confusion; while diplomatic support is high, the U.S. move to DEFCON 2 and the internal leadership division put the previously stable negotiations at high risk of collapse. [",미국 DEFCON2와 소련 전쟁 준비는 군사 준비에 대응한다. 내부 완화 지시/혼합 신호만으로 성공한 외교 교환이 성립하는지는 기록된 VDM에서 정의하지 않았다. 실제 상대 수용/거래는 뒤의 선택 대안이다.,"AI direct source interpretation, frozen annotation",True,rule_ambiguous,True,True,Preserved inputs conditional audit; execution-time byte binding unconfirmed
GEM-22-ES-009-MAP,GEM-22,runs/raw_logs/Gemini_2.5_Flash/22.pdf,bfa358bdaed1913da73d49cfb017ac39e9767ca320223b8a6252c09fcaf08dba,17,17,T4,"inations Most Plausible (A Messy Peace): U.S. Finalizes the Diplomatic Deal vs. USSR Accepts and Announces the Deal. (The shared fear of where DEFCON 2 could lead forces the civilian leadership on both sides to override their internal hardliners and rush to sign the agreement they had been working on). Alternative (Conflict): U.S. Executes Limited Retaliatory Strikes vs. USSR Withdraws the Offer. (The peace process collapses under the weight of military action, and the crisis escalates into a shooting war, just as the diplomats were on the verge of success). Scenario 3: Hardline Response Path ",distinct supplemental action/event block or explicit branch facet,P-VDM-01;P-EFFECT-01,행동–VDM 사건 의미 대응,vdm/Variable-Decision Matrix.json; actor JSON when indicated,$.event_driven_adjustments.Defense_Prep;$.event_driven_adjustments.Diplomatic_Success,조건부 규칙,위반,Defense_Prep;Diplomatic_Success,,"[RESULT LOG] Scenario Combination Name: Hardline Response Path Incoming Event: U.S. moves to DEFCON 2, the final step before war. The Soviet Union's mixed signals are too little, too late, drowned out by the overwhelming momentum toward conflict. The event is a combination of ""Defense_Prep"" (on both sides) and a failed ""Diplomatic_Success"" attempt. Predicted Variable Change: tension [+0.05], diplomatic_support [+0.06], public_opinion [+0.01], leadership_unity [-0.05] Generated Triggers: Tension is at maximum (1.00). Leadership_Unity has collapsed. All triggers for war are active. Based on the state of all variables, the Decision Option Restriction Matrix shows that Diplomatic_Negotiation is ""Disabled"", Military_Action is ""Aggressive"", Leadership_Policy is in ""Severe Internal Conflict"", and an ""Emergency_Response"" is ""Required"". The system is in a terminal state of conflict. [",원문이 해당 완화 시도를 failed라고 명시하고 신호가 수용되지 못했다고 기록하면서 Diplomatic_Success의 양의 효과를 실제 합산한다. 단순 경계의 불명확성과 달리 실패로 서술한 사건에 성공 효과를 부여했다.,"AI direct source interpretation, frozen annotation",True,,True,True,Preserved inputs conditional audit; execution-time byte binding unconfirmed
GPT-16-ES-004-MAP-1,GPT-16,runs/raw_logs/GPT-4o/GPT_시뮬레이션 V16.pdf,095afc84f8437c7f5343b184d25cd23dfd17693b1386f84d94fa35f778900e7d,10,13,T2,Combination 1,distinct supplemental action/event block or explicit branch facet,P-VDM-01;P-EFFECT-01,행동–VDM 사건 의미 대응,vdm/Variable-Decision Matrix.json; actor JSON when indicated,$.event_driven_adjustments.Defense_Prep,조건부 규칙,준수,Defense_Prep,,"SCENARIO COMBINATION 1 — Most Plausible U.S.: Maintain Quarantine with Escalated Readiness (DEFCON 3) USSR: Denial Continues + Tactical Pause in Ship Movements  U.S. Strategic Alternatives: 1. Maintain Quarantine, Increase Readiness(Chosen) Matches Kennedy’s doctrine of measured firmness. Reflects Defense_Prep: +0.05 Tension, −0.02 Diplomatic Support, −0.02 Public Opinion, −0.05 Leadership Unity Consider Backchannel Communication with USSR Encouraged by State, not yet dominant preference under military tension. Prepare Air Strike Contingency Advocated by Defense, but not yet triggered (Tension < 0.8).  Soviet Strategic Alternatives: Pause Military Ship Movements, Deny Deployment Publicly(Chosen) Fits Khrushchev’s covert deterrence and conflict avoidance. No direct confrontation; avoids immediate escalation. Raise Readiness Level of Troops in Cuba Preferred by Soviet Armed Forces, but delayed to avoid conflict. Initiate Backchannel Negotiation (conditional) Could emerge if continued U.S. pressure constrains strategic space. ➕ Variable Adjustments (Event-driven Effects): U.S. issues DEFCON 3 + Quarantine Enforcement → Defense_Prep → +0.05 Tension → −0.02 Diplomatic Support → −0.02 Public Opinion → −0.05 Leadership Unity  Variable Summary (after clamping between 0 and 1): Variable ChangResult (Assume Prior: Tension 0.6, DS 0.6, PO
 Trigger Evaluation: Tension < 0.8 → No shift to Military Action preference Diplomatic Support > 0.5 → Diplomacy still viable Leadership Unity > 0.5 → Stable decision-making maintained ⚠",미국 실제 검역 강화/DEFCON3를 군사 대비로 연결한다. 소련의 전술적 정지에 별도 효과를 추정하지 않는다.,"AI direct source interpretation, frozen annotation",True,,True,True,Preserved inputs conditional audit; execution-time byte binding unconfirmed
GPT-16-ES-004-MAP-2,GPT-16,runs/raw_logs/GPT-4o/GPT_시뮬레이션 V16.pdf,095afc84f8437c7f5343b184d25cd23dfd17693b1386f84d94fa35f778900e7d,10,13,T2,Combination 2,distinct supplemental action/event block or explicit branch facet,P-VDM-01;P-EFFECT-01,행동–VDM 사건 의미 대응,vdm/Variable-Decision Matrix.json; actor JSON when indicated,$.event_driven_adjustments.Defense_Prep,조건부 규칙,준수,Defense_Prep,,"SCENARIO COMBINATION 2 — Alternative Path A U.S.: Prepare Air Strike Option (Contingency Alert) USSR: Raise Military Readiness in Cuba Strategic Logic: •Pentagon urges air strike prep as missiles near operational. Soviet Armed Forces push for alert drills and local force readiness. ➕ Event-Based Adjustment: Both actors engage in Defense_Prep → Apply Defense_Prep twice:  Trigger Evaluation: Tension still < 0.8 → Military Action threshold not yet triggered Diplomatic Support > 0.5 → Diplomacy remains open Leadership Unity > 0.5 → Stable, but strained ⚖",양국 공습 준비/군사 경계 상승을 실제 타격과 구분해 각각 군사 대비 효과로 연결한다.,"AI direct source interpretation, frozen annotation",True,,True,True,Preserved inputs conditional audit; execution-time byte binding unconfirmed
GPT-16-ES-004-MAP-3,GPT-16,runs/raw_logs/GPT-4o/GPT_시뮬레이션 V16.pdf,095afc84f8437c7f5343b184d25cd23dfd17693b1386f84d94fa35f778900e7d,10,13,T2,Combination 3,distinct supplemental action/event block or explicit branch facet,P-VDM-01;P-EFFECT-01,행동–VDM 사건 의미 대응,vdm/Variable-Decision Matrix.json; actor JSON when indicated,$.event_driven_adjustments.Diplomatic_Success,조건부 규칙,판정 불가,Diplomatic_Success,,"SCENARIO COMBINATION 3 — Alternative Path B U.S.: Initiate UN/OAS Proposal for Verification Framework USSR: Explore Backchannel Negotiation (Khrushchev Letter Drafting) e 0.7, LU 0.7) Tension +0.05 0.65 D i p l o m a t i c Support −0.02 0.58 Public Opinion −0.02 0.68 Leadership Unity −0.05 0.65 Variable Chang e N e t Result Tension +0.10 0.70 D i p l o m a t i c Support −0.04 0.56 Public Opinion −0.04 0.66 Leadership Unity −0.10 0.60
Strategic Logic: •Both actors adopt diplomatic de-escalation routes. Could generate successful diplomatic event. ➕ Event-Based Adjustment: Assume Diplomatic_Success triggered:  Trigger Evaluation: Tension reduced, far from 0.8 Diplomatic Support strong → Diplomatic window widened Leadership Unity strong → High resilience ✅ Summary of Turn 2 Result Logs: Would you like to proceed with Turn 3 Event Simulation based on Scenario 1 or branch toward Scenario 2 or 3?",상호 외교 준비와 편지 초안에 성공 사건을 Assume라고 두지만 응답/진전이 이뤄진 구체 사건은 아직 명시되지 않는다.,"AI direct source interpretation, frozen annotation",True,event_occurrence_boundary,True,True,Preserved inputs conditional audit; execution-time byte binding unconfirmed
GPT-16-ES-006-MAP-1,GPT-16,runs/raw_logs/GPT-4o/GPT_시뮬레이션 V16.pdf,095afc84f8437c7f5343b184d25cd23dfd17693b1386f84d94fa35f778900e7d,13,16,T3,Combination 1,distinct supplemental action/event block or explicit branch facet,P-VDM-01;P-EFFECT-01,행동–VDM 사건 의미 대응,vdm/Variable-Decision Matrix.json; actor JSON when indicated,$.event_driven_adjustments.Strike,조건부 규칙,준수,Strike,,"SCENARIO COMBINATION 1 — Most Plausible Continuation U.S.: Maintain Quarantine, Initiate Backchannel Probe for Ceasefire USSR: Deny Responsibility, Privately Signal Restraint  Variables from Turn 2 (Scenario 1): • Tension: 0.65 Diplomatic Support: 0.58 Public Opinion: 0.68 Leadership Unity: 0.65  U.S. Strategic Alternatives: Backchannel Ceasefire Exploration (via intermediaries)(Chosen) Fits Kennedy’s diplomatic fallback. Avoids escalation while holding a firm position. Potential Trigger: If USSR responds, → “Diplomatic_Success” Immediate Limited Military Response (e.g., strike SAM site) Advocated by Pentagon. Would trigger Strike (+0.15 Tension, etc.)
Continue Quarantine, Delay Broader Action Risks appearing weak; violates rising pressure under public outrage.  USSR Strategic Alternatives: Deny Direct Order to Fire, Signal Willingness to Negotiate(Chosen) Consistent with Khrushchev’s backchannel preference. Aims to deescalate under strain while preserving face. Escalate Readiness of Cuban Troops Military-preferred, but diplomatically risky under current Tension < 0.8 Public Warning Against Further U.S. Overflights Aligns with deterrence signaling, low-risk. ➕ Event Trigger: Recon Aircraft Shot Down → U.S. interpretation: Hostile Military Action → Apply Strike Event Effects (U.S. reaction to loss of pilot):  Trigger Evaluation: Tension ≥ 0.8 → Trigger: Military Conflict Risk Increased Diplomatic Negotiation Disabled Military Action = ""Aggressive"", Emergency_Response = ""Required"" Leadership Unity at 0.55 → Still stable, near disruption threshold ⚠",명시된 유입 U-2 격추를 공격 사건으로 연결한다. 새로 선택한 비밀 교섭 자체에 Strike를 부여한 것으로 오독하지 않는다.,"AI direct source interpretation, frozen annotation",True,,True,True,Preserved inputs conditional audit; execution-time byte binding unconfirmed
GPT-16-ES-006-MAP-2,GPT-16,runs/raw_logs/GPT-4o/GPT_시뮬레이션 V16.pdf,095afc84f8437c7f5343b184d25cd23dfd17693b1386f84d94fa35f778900e7d,13,16,T3,Combination 2,distinct supplemental action/event block or explicit branch facet,P-VDM-01;P-EFFECT-01,행동–VDM 사건 의미 대응,vdm/Variable-Decision Matrix.json; actor JSON when indicated,$.event_driven_adjustments.Strike,조건부 규칙,준수,Strike,,"SCENARIO COMBINATION 2 — Alternative Path A Continuation U.S.: Execute Precision Air Strike on SAM Site USSR: Elevate Cuban Readiness, Issue Defensive Warning  Prior Turn Variables (Scenario 2): •Tension: 0.70 Diplomatic Support: 0.56 Public Opinion: 0.66 Variable Chang e Resu lt Tension +0.15 0.80 D i p l o m a t i c Support −0.05 0.53 Public Opinion −0.05 0.63 Leadership Unity −0.10 0.55
Leadership Unity: 0.60 ➕ Triggered Action: U.S. Strike Authorized → Apply “Strike” Effects:  Trigger Evaluation: Tension > 0.8 → Diplomatic path blocked Leadership Unity = 0.50 → On cusp of internal disarray Military Action = “Aggressive”, Diplomacy Disabled New trigger: Internal Division, Coup Risk Potential ⚖",실제 선정은 Execute Precision Air Strike이며 뒤 Strike Authorized와 함께 읽으면 단순 미실행 승인으로 제한할 근거가 없다. 타격 의미 대응이다.,"AI direct source interpretation, frozen annotation",True,,True,True,Preserved inputs conditional audit; execution-time byte binding unconfirmed
GPT-16-ES-006-MAP-3,GPT-16,runs/raw_logs/GPT-4o/GPT_시뮬레이션 V16.pdf,095afc84f8437c7f5343b184d25cd23dfd17693b1386f84d94fa35f778900e7d,13,16,T3,Combination 3,distinct supplemental action/event block or explicit branch facet,P-VDM-01;P-EFFECT-01,행동–VDM 사건 의미 대응,vdm/Variable-Decision Matrix.json; actor JSON when indicated,$.event_driven_adjustments.Strike,조건부 규칙,준수,Strike,,"SCENARIO COMBINATION 3 — Alternative Path B Continuation U.S.: Urge UN Emergency Session, Call for Missile Standdown USSR: Respond via Personal Letter (Khrushchev), Offer Conditional De-escalation  Variables from Turn 2 (Scenario 3): •Tension: 0.55 Diplomatic Support: 0.70 Public Opinion: 0.75 Leadership Unity: 0.75 ➕ Triggered by Hostile Act → Apply “Strike” due to recon loss → Conservative policy still demands adjustment:  Trigger Evaluation: All values remain within diplomacy-viable range Variable Chang e Resu lt Tension +0.15 0.85 D i p l o m a t i c Support −0.05 0.51 Public Opinion −0.05 0.61 Leadership Unity −0.10 0.50 Variable Chang e Resu lt Tension +0.15 0.70 D i p l o m a t i c Support −0.05 0.65 Public Opinion −0.05 0.70 Leadership Unity −0.10 0.65
High diplomatic support → backchannel options still open Tension < 0.8 → Military Action still restrained ✅ Turn 3 Summary Table: Would you like to continue to Turn 4 Event Simulation based on a specific Scenario Combination or initiate a branching from Turn 3’s divergence point?",명시된 U-2 격추 유입 효과를 Strike로 계산한다. 별도 새 외교 선택의 효과나 수행을 인증하지 않는다.,"AI direct source interpretation, frozen annotation",True,,True,True,Preserved inputs conditional audit; execution-time byte binding unconfirmed
GPT-16-ES-008-MAP-1,GPT-16,runs/raw_logs/GPT-4o/GPT_시뮬레이션 V16.pdf,095afc84f8437c7f5343b184d25cd23dfd17693b1386f84d94fa35f778900e7d,17,20,T4,Combination 1,distinct supplemental action/event block or explicit branch facet,P-VDM-01;P-EFFECT-01,행동–VDM 사건 의미 대응,vdm/Variable-Decision Matrix.json; actor JSON when indicated,$.event_driven_adjustments.Defense_Prep,조건부 규칙,준수,Defense_Prep,,"SCENARIO COMBINATION 1 — Continuation of Most Plausible Path U.S.: Maintain DEFCON 2 posture, but activate direct communication line USSR: Initiate dual-track directive—prepare for military response while drafting diplomatic proposal  Variables from Turn 3 (Scenario 1): • Tension: 0.80 Diplomatic Support: 0.53 Public Opinion: 0.63 Leadership Unity: 0.55  U.S. Strategic Alternatives: Initiate Private Crisis Communication Channel(Chosen) Fits Kennedy’s “backdoor de-escalation” logic. Defense is on high alert, but diplomacy is still technically possible (LU > 0.5). May trigger “Diplomatic_Success” if Soviets reciprocate. Prepare First-Strike Authorization (contingency only) Only applies if Tension continues to escalate beyond 0.8 and diplomacy breaks. Publicly Signal Resolve (e.g., TV address, show of unity) Could trigger “Strong_Leadership”: −0.05 Tension, +0.05 PO, +0.10 LU  Soviet Strategic Alternatives: 1. Dual Strategy: War Readiness + Draft Peace Terms(Chosen)
Consistent with Khrushchev's de-escalatory pivot combined with high risk tolerance. May create “Defense_Prep” and/or “Diplomatic_Success” depending on execution. Allows for flexibility based on U.S. response. Escalate Strategic Force Alert Pressured by military wing, but not dominant due to conflict-avoidance preference. Issue Global Diplomatic Call to Condemn U.S. Escalation Could shift diplomatic room favorably if timed right. ➕ Event Effects: DEFCON 2 + Soviet Submarine Incident triggers Defense_Prep (for both sides):  Trigger Evaluation: Tension ≥ 0.8 → Diplomacy Blocked, Military Action = “Aggressive” Leadership Unity = 0.50 → Threshold: Internal Division Risk Military Conflict Risk Increased ⚠",고정 DEFCON2/잠수함 대치와 군사 준비를 Defense_Prep로 연결한다. 양국에 적용한다는 말과 한 벡터만 계산하는 집계 문제는 별도다.,"AI direct source interpretation, frozen annotation",True,,True,True,Preserved inputs conditional audit; execution-time byte binding unconfirmed
GPT-16-ES-008-MAP-2,GPT-16,runs/raw_logs/GPT-4o/GPT_시뮬레이션 V16.pdf,095afc84f8437c7f5343b184d25cd23dfd17693b1386f84d94fa35f778900e7d,17,20,T4,Combination 2,distinct supplemental action/event block or explicit branch facet,P-VDM-01;P-EFFECT-01,행동–VDM 사건 의미 대응,vdm/Variable-Decision Matrix.json; actor JSON when indicated,$.event_driven_adjustments.Defense_Prep,조건부 규칙,준수,Defense_Prep,,"SCENARIO COMBINATION 2 — Alternative Path A Continuation U.S.: Ready First Strike Authorization, Public Address to Justify Action USSR: Respond with Strategic Force Alert + Denounce Aggression  Variables from Turn 3 (Scenario 2): •Tension: 0.85 Diplomatic Support: 0.51 Public Opinion: 0.61 Leadership Unity: 0.50 Variable Chang e Resu lt Tension +0.05 0.85 D i p l o m a t i c Support −0.02 0.51 Public Opinion −0.02 0.61 Leadership Unity −0.05 0.50
➕ Event: U.S. and USSR both escalate readiness → Apply Defense_Prep again:  Trigger Evaluation: Tension ≥ 0.8 → Diplomacy Disabled Diplomatic Support < 0.5 → Diplomatic Isolation Begins Leadership Unity < 0.5 → Internal Division, Radical Policy Preference → SYSTEM STATUS: Military action becomes dominant. Emergency response required. Next escalation is likely automatic unless reversed. ⚖",미국 선제 타격의 준비 권한과 소련 전략군 경계를 실제 사용으로 바꾸지 않고 Defense_Prep에 연결한다.,"AI direct source interpretation, frozen annotation",True,,True,True,Preserved inputs conditional audit; execution-time byte binding unconfirmed
GPT-16-ES-008-MAP-3,GPT-16,runs/raw_logs/GPT-4o/GPT_시뮬레이션 V16.pdf,095afc84f8437c7f5343b184d25cd23dfd17693b1386f84d94fa35f778900e7d,17,20,T4,Combination 3,distinct supplemental action/event block or explicit branch facet,P-VDM-01;P-EFFECT-01,행동–VDM 사건 의미 대응,vdm/Variable-Decision Matrix.json; actor JSON when indicated,$.event_driven_adjustments.Defense_Prep,조건부 규칙,준수,Defense_Prep,,"SCENARIO COMBINATION 3 — Alternative Path B Continuation U.S.: Sustain DEFCON 2 but offer reciprocal inspection deal USSR: Issue Personal Letter from Khrushchev + Suspend New Ship Departures  Variables from Turn 3 (Scenario 3): •Tension: 0.70 Diplomatic Support: 0.65 Public Opinion: 0.70 Leadership Unity: 0.65 ➕ Event: Tension from DEFCON 2 and B-59 Incident → Apply Defense_Prep Variable Chang e Resu lt Tension +0.05 0.90 D i p l o m a t i c Support −0.02 0.49 Public Opinion −0.02 0.59 Leadership Unity −0.05 0.45 Variable Chang e Resu lt Tension +0.05 0.75 D i p l o m a t i c −0.02 0.63
 Trigger Evaluation: Tension still < 0.8 → Diplomacy remains enabled Strong LU, PO, and DS → Window for compromise still exists Likely path toward backchannel settlement. ✅ Turn 4 Summary Table: Would you like to continue to Turn 5 Simulation based on one of the above scenarios or initiate a split branching from Scenario 1 or 3?",고정 DEFCON2/B59 긴장 사건의 군사 대비 효과다. 별도 상호 사찰 제안의 효과 및 협상 허용성을 인증하지 않는다.,"AI direct source interpretation, frozen annotation",True,,True,True,Preserved inputs conditional audit; execution-time byte binding unconfirmed
GPT-19-ES-004-MAP-1,GPT-19,runs/raw_logs/GPT-4o/GPT_시뮬레이션 V19.pdf,4750ec398977fac0511c235af8f5947636e89150f2a8a28b03df2f3f246df7d0,9,11,T2,,distinct supplemental action/event block or explicit branch facet,P-VDM-01;P-EFFECT-01,행동–VDM 사건 의미 대응,vdm/Variable-Decision Matrix.json; actor JSON when indicated,US:military_alert;SU:military_alert,조건부 규칙,준수,US:military_alert;SU:military_alert,,"RESULT LOG] Event: The U.S. issued DEFCON 3. A Soviet vessel was intercepted by the U.S. naval blockade; non-military cargo was allowed to proceed, while military cargo was forced to stop, retreat, or reroute. ✅ SCENARIO COMBINATION 1 — Most Plausible Path U.S.: Maintain Naval Quarantine + Move to DEFCON 3 USSR: Continue Missile Deployment + Elevate Military Alert  Rationale • U.S.: Consistent with Kennedy’s logic of controlled escalation; moves to higher readiness while maintaining quarantine line. USSR: In response to blockade interference, per trigger logic (US_naval_blockade), the USSR shifts to high alert status (JSON: “military_alert”).
 Variable Adjustments (Event-Driven via Matrix) From U.S. “military_alert” (DEFCON 3): Tension: +0.3 Leadership Unity: +0.8 From USSR “military_alert” (response to interception): Tension: +0.45 Leadership Unity: +0.65 Cumulative Adjustments: Tension: +0.75 Leadership Unity: U.S.: +0.8 USSR: +0.65 ⚠Trigger Threshold Evaluation (per Variable-Decision Matrix.json) Tension After Turn 2: If prior Tension ≥ 0.05, post-turn Tension ≥ 0.8 → Threshold breached • Triggered Event: Tension ≥ 0.8 → Military Options Preferred Effect: Diplomatic Negotiation Disabled  Updated Variable States (Clamped 0–1) ⚡ Triggered Policy Effects (per Decision Matrix) Tension ≥ 0.8: Diplomatic_Negotiation: Disabled Military_Action: Aggressive Enabled Leadership_Policy: Unstable Emergency_Response: Required Variable Befor e Chang e A f t e r (Clamped) Tension 0.25 +0.75 1.00 ✅ Leadership Unity (US) 0.60 +0.8 1.00 ✅ Leadership Unity (USSR) 0.55 +0.65 1.00 ✅
 ",미국 DEFCON3/검역과 소련 군사 경계 상승이라는 양국 실제 선택을 각 경계 효과에 연결한다. 각국 상태와 전턴 승계는 별도다.,"AI direct source interpretation, frozen annotation",True,,True,True,Preserved inputs conditional audit; execution-time byte binding unconfirmed
GPT-19-ES-005-MAP-1,GPT-19,runs/raw_logs/GPT-4o/GPT_시뮬레이션 V19.pdf,4750ec398977fac0511c235af8f5947636e89150f2a8a28b03df2f3f246df7d0,11,12,T2,,distinct supplemental action/event block or explicit branch facet,P-VDM-01;P-EFFECT-01,행동–VDM 사건 의미 대응,vdm/Variable-Decision Matrix.json; actor JSON when indicated,$.event_driven_adjustments.Diplomatic_Success,조건부 규칙,판정 불가,Diplomatic_Success,,"ALTERNATIVE SCENARIO COMBINATIONS ⭕ SCENARIO COMBINATION 2 — Diplomatic De-escalation Attempt U.S.: Publicly offers temporary pause on blockade escalation (pause new intercepts) USSR: Backchannel communication offering verification/standstill
• Next Triggers: Attempted Diplomatic_Success Matrix Adjustments (if success): Tension –0.05 Diplomatic Support +0.1 Public Opinion +0.05 Leadership Unity +0.05 However: Since Tension ≥ 0.8, Diplomatic Negotiation is DISABLED Result: Diplomatic overture fails by rule ",별도 대안은 비밀 교섭을 제안하지만 성공 효과를 if success로 제시한 뒤 금지 조건으로 실패 처리한다. 실제 성공 효과를 실행한 것으로 간주하지 않는다.,"AI direct source interpretation, frozen annotation",True,effect_not_applied_due_to_block,True,True,Preserved inputs conditional audit; execution-time byte binding unconfirmed
GPT-19-ES-006-MAP-1,GPT-19,runs/raw_logs/GPT-4o/GPT_시뮬레이션 V19.pdf,4750ec398977fac0511c235af8f5947636e89150f2a8a28b03df2f3f246df7d0,12,13,T2,,distinct supplemental action/event block or explicit branch facet,P-VDM-01;P-EFFECT-01,행동–VDM 사건 의미 대응,vdm/Variable-Decision Matrix.json; actor JSON when indicated,,조건부 규칙,판정 불가,,,"RESULT LOG — SCENARIO COMBINATION 2 (Diplomatic Attempt Blocked) json 복사편집 { ""Turn"": 2, ""Scenario_Combination"": ""US-Diplomatic_Offer + USSR-Backchannel_Response"", ""Event"": ""Both sides attempt diplomacy after vessel interception, but are constrained by rising Tension"", ""Outcome"": ""Diplomatic Negotiation Blocked (Tension ≥ 0.8)"", ""Variable_Changes"": { ""Tension"": { ""Before"": 1.00, ""After"": 1.00, ""Change"": 0.00 } }, ""Triggered_Thresholds"": [ { ""Variable"": ""Tension"", ""Threshold"": 0.8, ""Effect"": ""Diplomatic Negotiation Disabled, Military Options Preferred"", ""Trigger_Event"": ""Diplomatic Failure by System Logic"" } ], ""Next_Policy_Options"": { ""Diplomatic_Negotiation"": ""Disabled"", ""Military_Action"": ""Aggressive"", ""Leadership_Policy"": ""Unstable"", ""Emergency_Response"": ""Required"" } }
⭕",교섭 차단 결과의 변화는 0으로 기록된다. 금지 조건으로 불발된 제안이 별도 Diplomatic_Failure 수치 사건을 반드시 발생시키는지 원 입력이 정의하지 않았다.,"AI direct source interpretation, frozen annotation",True,rule_ambiguous,True,True,Preserved inputs conditional audit; execution-time byte binding unconfirmed
GPT-19-ES-007-MAP-1,GPT-19,runs/raw_logs/GPT-4o/GPT_시뮬레이션 V19.pdf,4750ec398977fac0511c235af8f5947636e89150f2a8a28b03df2f3f246df7d0,13,14,T2,,distinct supplemental action/event block or explicit branch facet,P-VDM-01;P-EFFECT-01,행동–VDM 사건 의미 대응,vdm/Variable-Decision Matrix.json; actor JSON when indicated,$.event_driven_adjustments.Strike,조건부 규칙,판정 불가,Strike,,"RESULT LOG — SCENARIO COMBINATION 3 (Strike Escalation) json 복사편집 { ""Turn"": 2, ""Scenario_Combination"": ""US-AirStrike + USSR-Tactical_Alert"", ""Event"": ""US authorizes limited airstrike; USSR prepares tactical nuclear response"", ""Variable_Changes"": { ""Tension"": { ""Before"": 1.00, ""After"": 1.00, ""Change"": 0.00 (clamped) }, ""Diplomatic_Support"": { ""Before"": 0.55, ""After"": 0.50, ""Change"": -0.05 }, ""Public_Opinion"": { ""Before"": 0.60, ""After"": 0.55, ""Change"": -0.05 }, ""Leadership_Unity_US"": { ""Before"": 1.00, ""After"": 0.90, ""Change"": -0.10 } }, ""Triggered_Thresholds"": [ { ""Variable"": ""Tension"", ""Threshold"": 0.8, ""Effect"": ""Diplomatic Negotiation Disabled, Military Options Preferred"", ""Trigger_Event"": ""Military Conflict Risk Increased"" } ], ""Next_Policy_Options"": { ""Diplomatic_Negotiation"": ""Disabled"",
""Military_Action"": ""Aggressive"", ""Leadership_Policy"": ""Unstable"", ""Emergency_Response"": ""Required"" } } ✅ CONCLUSION Scenario 1 (Quarantine + Alert) is the systemically dominant plausible path, pushing both actors into high-risk postures. Diplomatic Options are now disabled under system rules due to Tension ≥ 0.8. Future Events must be processed under ""Military Action: Aggressive"" and ""Diplomatic Negotiation: Disabled"" logic. Shall I proceed to simulate Turn 3 based on the resulting conditions? ",기록은 미국 limited strike authorization와 소련 핵 대응 준비다. 실제 타격 이행을 확인할 문구가 없어서 권한 부여를 공격으로 간주한 것인지 확정하지 않는다.,"AI direct source interpretation, frozen annotation",True,record_execution_stage_unclear,True,True,Preserved inputs conditional audit; execution-time byte binding unconfirmed
GPT-19-ES-009-MAP-1,GPT-19,runs/raw_logs/GPT-4o/GPT_시뮬레이션 V19.pdf,4750ec398977fac0511c235af8f5947636e89150f2a8a28b03df2f3f246df7d0,14,17,T3,,distinct supplemental action/event block or explicit branch facet,P-VDM-01;P-EFFECT-01,행동–VDM 사건 의미 대응,vdm/Variable-Decision Matrix.json; actor JSON when indicated,$.event_driven_adjustments.Strike;$.event_driven_adjustments.Defense_Prep,조건부 규칙,준수,Strike;Defense_Prep,,SCENARIO COMBINATION 1 — Most Plausible Path U.S.: US-1 Tactical Air Strike on SAM launchers USSR: USSR-2 Tactical Missile Readiness  VARIABLE CHANGES (From Matrix) Strike (U.S.) • Tension: no change (clamped at 1.00) Diplomatic Support: –0.05 Public Opinion: –0.05 Leadership Unity: –0.10 Defense_Prep (USSR) Tension: +0.05 (clamped) Diplomatic Support: –0.02 Public Opinion: –0.02 Leadership Unity: –0.05 ,최종 선택쌍은 미국의 실제 SAM 공습과 소련 전술 미사일 대비로 서로 다른 사건에 대응한다. 같은 블록 안의 선택되지 않은 전략 핵 신호의 Strike 분류는 별도다.,"AI direct source interpretation, frozen annotation",True,,True,True,Preserved inputs conditional audit; execution-time byte binding unconfirmed
GPT-19-ES-010-MAP-1,GPT-19,runs/raw_logs/GPT-4o/GPT_시뮬레이션 V19.pdf,4750ec398977fac0511c235af8f5947636e89150f2a8a28b03df2f3f246df7d0,17,18,T3,Combination 2,distinct supplemental action/event block or explicit branch facet,P-VDM-01;P-EFFECT-01,행동–VDM 사건 의미 대응,vdm/Variable-Decision Matrix.json; actor JSON when indicated,$.event_driven_adjustments.Defense_Prep;$.event_driven_adjustments.Strike,조건부 규칙,위반,Defense_Prep;Strike,,"ALTERNATIVE SCENARIO COMBINATIONS ⭕ SCENARIO COMBINATION 2 — U.S. Issues Ultimatum, USSR Signals Nuclear Readiness US: US-2 Invasion Prep USSR: USSR-3 Strategic Signal • Total Adjustments: From Defense_Prep (US): ↓ Diplomatic_Support (–0.02), ↓ Public_Opinion (–0.02), ↓ Leadership_Unity (–0.05) From Strategic Posture (Soviet nuclear signal): treated as “Strike” effect → –0.05 Dip. Support, –0.05 Pub. Opinion, –0.10 Unity ",T3 대안2에서 미국 침공 준비와 소련 전략 핵 신호를 각각 대비/공격으로 처리한다. ES11 실제 로그도 소련 nuclear force alert라고만 기록하므로 발사 전 신호에 Strike를 적용한 위반이다.,"AI direct source interpretation, frozen annotation",True,,True,True,Preserved inputs conditional audit; execution-time byte binding unconfirmed
GPT-19-ES-012-MAP-1,GPT-19,runs/raw_logs/GPT-4o/GPT_시뮬레이션 V19.pdf,4750ec398977fac0511c235af8f5947636e89150f2a8a28b03df2f3f246df7d0,19,21,T3,Combination 3,distinct supplemental action/event block or explicit branch facet,P-VDM-01;P-EFFECT-01,행동–VDM 사건 의미 대응,vdm/Variable-Decision Matrix.json; actor JSON when indicated,US:internal_dispute;SU:internal_dispute,조건부 규칙,위반,US:internal_dispute;SU:internal_dispute,,"RESULT LOG — SCENARIO COMBINATION 3 json 복사편집 {
""Turn"": 3, ""Scenario_Combination"": ""US-Delay_24h + USSR-Disavow"", ""Event"": ""US hesitates after shootdown; USSR disavows attack; no mutual recognition occurs"", ""Variable_Changes"": { ""Tension"": { ""Before"": 1.00, ""After"": 1.00, ""Change"": 0.00 }, ""Leadership_Unity_US"": { ""Before"": 1.00, ""After"": 0.35, ""Change"": -0.65 }, ""Leadership_Unity_USSR"": { ""Before"": 1.00, ""After"": 0.35, ""Change"": -0.65 } }, ""Triggered_Thresholds"": [ { ""Variable"": ""Leadership_Unity_US"", ""Threshold"": 0.5, ""Effect"": ""Internal Division, Coup Risk"", ""Trigger_Event"": ""Disunity within U.S. leadership"" }, { ""Variable"": ""Leadership_Unity_USSR"", ""Threshold"": 0.5, ""Effect"": ""Internal Division, Coup Risk"", ""Trigger_Event"": ""Soviet internal discontent"" } ], ""Next_Policy_Options"": { ""Diplomatic_Negotiation"": ""Disabled"", ""Military_Action"": ""Radical Adoption"", ""Leadership_Policy"": ""Severe Internal Conflict"", ""Emergency_Response"": ""Required"" } }  SUMMARY Most plausible path: Scenario 1 – Tactical strike followed by Soviet tactical missile readiness. System output: Full breach of military escalation thresholds, diplomacy now structurally impossible. Next Turn must follow aggressive military posture, with Emergency Response prioritized. Shall I proceed to simulate Turn 4 under these conditions?
",미국 기다림/소련 책임 부인에 양국 각각 -.65라는 내부 갈등 벌점을 실제 적용했다. 원 효과에는 미국 .8/소련 .65가 있고 기다림의 자동 음수 벌점은 없다. 정지/부인이 내부 반발로 이어질 수 있다는 의미와 새 계산 규칙 도입을 분리한다.,"AI direct source interpretation, frozen annotation",True,,True,True,Preserved inputs conditional audit; execution-time byte binding unconfirmed
GPT-19-ES-014-MAP-1,GPT-19,runs/raw_logs/GPT-4o/GPT_시뮬레이션 V19.pdf,4750ec398977fac0511c235af8f5947636e89150f2a8a28b03df2f3f246df7d0,21,24,T4,Combination 1,distinct supplemental action/event block or explicit branch facet,P-VDM-01;P-EFFECT-01,행동–VDM 사건 의미 대응,vdm/Variable-Decision Matrix.json; actor JSON when indicated,$.event_driven_adjustments.Defense_Prep,조건부 규칙,준수,Defense_Prep,,"SCENARIO COMBINATION 1 — Most Plausible Path U.S.: US-1 (Begin Full Invasion Mobilization) USSR: USSR-1 (Continue Tactical Prep, Signal De-escalation)
 VARIABLE CHANGES U.S. Defense_Prep • Diplomatic Support: –0.02 Public Opinion: –0.02 Leadership Unity: –0.05 USSR Defense_Prep Diplomatic Support: –0.02 Public Opinion: –0.02 Leadership Unity: –0.05 ",미국 침공 병력 동원과 소련 전술 대비/완화 신호를 실제 공격으로 바꾸지 않고 대비 효과에 연결한다. 같은 응답의 다른 옵션은 별도 대조다.,"AI direct source interpretation, frozen annotation",True,,True,True,Preserved inputs conditional audit; execution-time byte binding unconfirmed
GPT-19-ES-015-MAP-1,GPT-19,runs/raw_logs/GPT-4o/GPT_시뮬레이션 V19.pdf,4750ec398977fac0511c235af8f5947636e89150f2a8a28b03df2f3f246df7d0,24,27,T4,Combination 2,distinct supplemental action/event block or explicit branch facet,P-VDM-01;P-EFFECT-01,행동–VDM 사건 의미 대응,vdm/Variable-Decision Matrix.json; actor JSON when indicated,$.event_driven_adjustments.Strike,조건부 규칙,위반,Strike,,"SCENARIO COMBINATION 2 — US: Naval Provocation | USSR: Nuclear Signal U.S.: US-2 (Limited Naval Action) USSR: USSR-2 (Strategic Threat) Result: Strike-equivalent from both sides • Diplomatic Support: –0.10 Public Opinion: –0.10 Leadership Unity: –0.20 json 복사편집 { ""Turn"": 4, ""Scenario_Combination"": ""US-Naval_Engagement + USSR-Nuclear_Threat"", ""Event"": ""U.S. uses depth charges near subsurface contacts; USSR issues nuclear warning"", ""Variable_Changes"": { ""Tension"": { ""Before"": 1.00, ""After"": 1.00, ""Change"": 0.00 }, ""Diplomatic_Support"": { ""Before"": 0.43, ""After"": 0.33, ""Change"": -0.10 }, ""Public_Opinion"": { ""Before"": 0.48, ""After"": 0.38, ""Change"": -0.10 }, ""Leadership_Unity_US"": { ""Before"": 0.90, ""After"": 0.80, ""Change"": -0.10 }, ""Leadership_Unity_USSR"": { ""Before"": 0.95, ""After"": 0.85, ""Change"": -0.10 } }, ""Triggered_Thresholds"": [ { ""Variable"": ""Public_Opinion"", ""Threshold"": 0.4, ""Effect"": ""Civil Unrest, Chaos"",
""Trigger_Event"": ""Public Collapse Risk"" } ], ""Next_Policy_Options"": { ""Diplomatic_Negotiation"": ""Disabled"", ""Military_Action"": ""Aggressive"", ""Leadership_Policy"": ""Unstable"", ""Emergency_Response"": ""Required"" } } ⭕",실제 대안2는 미국 폭뢰 사용과 소련 핵 경고다. 소련은 발사가 아닌 Strategic Threat인데 양쪽 모두 Strike-equivalent로 계산한다. 미국 폭뢰 사건 분류의 경계와 분리해 소련 신호의 공격 치환을 판정한다.,"AI direct source interpretation, frozen annotation",True,,True,True,Preserved inputs conditional audit; execution-time byte binding unconfirmed
GPT-19-ES-015-MAP-2,GPT-19,runs/raw_logs/GPT-4o/GPT_시뮬레이션 V19.pdf,4750ec398977fac0511c235af8f5947636e89150f2a8a28b03df2f3f246df7d0,24,27,T4,Combination 3,distinct supplemental action/event block or explicit branch facet,P-VDM-01;P-EFFECT-01,행동–VDM 사건 의미 대응,vdm/Variable-Decision Matrix.json; actor JSON when indicated,US:internal_dispute;SU:internal_dispute,조건부 규칙,위반,US:internal_dispute;SU:internal_dispute,,"SCENARIO COMBINATION 3 — US: Delay | USSR: Internal Deactivation U.S.: US-3 (Secret Delay) USSR: USSR-3 (Hold-Fire Order) System Rule: Internal Dispute due to contradicting Emergency flag • Leadership Unity: –0.65 each side json 복사편집 { ""Turn"": 4, ""Scenario_Combination"": ""US-Delay + USSR-Hold_Fire"", ""Event"": ""Both sides hesitate under high pressure; internal backlash grows"", ""Variable_Changes"": { ""Tension"": { ""Before"": 1.00, ""After"": 1.00, ""Change"": 0.00 }, ""Leadership_Unity_US"": { ""Before"": 0.90, ""After"": 0.25, ""Change"": -0.65 }, ""Leadership_Unity_USSR"": { ""Before"": 0.95, ""After"": 0.30, ""Change"": -0.65 } }, ""Triggered_Thresholds"": [ { ""Variable"": ""Leadership_Unity_US"", ""Threshold"": 0.5, ""Effect"": ""Internal Division, Coup Risk"", ""Trigger_Event"": ""Internal Dispute (US)"" },
{ ""Variable"": ""Leadership_Unity_USSR"", ""Threshold"": 0.5, ""Effect"": ""Internal Division, Coup Risk"", ""Trigger_Event"": ""Internal Dispute (USSR)"" } ], ""Next_Policy_Options"": { ""Diplomatic_Negotiation"": ""Disabled"", ""Military_Action"": ""Radical Adoption"", ""Leadership_Policy"": ""Severe Internal Conflict"", ""Emergency_Response"": ""Required"" } } ✅ CONCLUSION Most Plausible Path: Scenario 1 — Mutual tactical preparation and emergency mobilization, maintaining unstable high-risk equilibrium. Diplomatic window remains structurally closed. Escalation or internal destabilization highly probable in Turn 5. Shall I proceed to simulate Turn 5?",대안3은 Emergency flag와 모순되면 InternalDispute라는 SystemRule을 새로 선언하여 양국 LU-.65를 실제 적용한다. 원 입력에 비공격적 대응이나 사격 중지의 자동 갈등 벌점은 없다.,"AI direct source interpretation, frozen annotation",True,,True,True,Preserved inputs conditional audit; execution-time byte binding unconfirmed
GPT-20-ES-004-MAP-1,GPT-20,runs/raw_logs/GPT-4o/GPT_시뮬레이션 V20.pdf,60668599f034f9aa539712f4a5180b7e8fa74acf6cb5de703adbf86195f8f9cf,11,12,T2,,distinct supplemental action/event block or explicit branch facet,P-VDM-01;P-EFFECT-01,행동–VDM 사건 의미 대응,vdm/Variable-Decision Matrix.json; actor JSON when indicated,$.event_driven_adjustments.Defense_Prep;SU:military_alert,조건부 규칙,준수,Defense_Prep;SU:military_alert,,"Result Log: Variable Updates: Tension: +0.05 (U.S.) + 0.45 (USSR) → +0.50 Leadership_Unity: -0.05 (U.S.) + 0.65 (USSR) → +0.60 Diplomatic_Support: -0.02 (U.S.) Public_Opinion: -0.02 (U.S.) New Variable States (if prior baseline assumed at ~0.3–0.4): Tension: likely to exceed 0.8 ⇒ Trigger activated: ➡ Trigger: “Military Conflict Risk Increased” → Aggressive military options now prioritized Leadership_Unity: ↑ stable in USSR, slightly ↓ in U.S. Policy Options Update (per matrix): Diplomatic_Negotiation: Disabled Military_Action: Aggressive now permitted Emergency_Response: Required",미국 검역·대비와 소련 군사 경계의 의미가 앞의 명시 사건명과 대응한다. 대략적 이전값으로 추정한 임계 판정은 별도다.,"AI direct source interpretation, frozen annotation",True,,True,True,Preserved inputs conditional audit; execution-time byte binding unconfirmed
GPT-20-ES-005-MAP-1,GPT-20,runs/raw_logs/GPT-4o/GPT_시뮬레이션 V20.pdf,60668599f034f9aa539712f4a5180b7e8fa74acf6cb5de703adbf86195f8f9cf,12,12,T2,,distinct supplemental action/event block or explicit branch facet,P-VDM-01;P-EFFECT-01,행동–VDM 사건 의미 대응,vdm/Variable-Decision Matrix.json; actor JSON when indicated,$.event_driven_adjustments.Diplomatic_Success,조건부 규칙,준수,Diplomatic_Success,,"Result Log: Trigger: Diplomatic_Success Variable Changes: Tension: -0.05 Diplomatic_Support: +0.10 Public_Opinion: +0.05 Leadership_Unity: +0.05 New State: Tension: drops slightly; if previous level was near 0.75, now down to ~0.70 Diplomatic room and negotiation options remain enabled Military option still limited unless provoked Triggers avoided, stability preserved",미국 비밀 외교와 소련의 호응/비밀 채널 개방이 실제 같은 선택쌍으로 연결된다.,"AI direct source interpretation, frozen annotation",True,,True,True,Preserved inputs conditional audit; execution-time byte binding unconfirmed
GPT-20-ES-006-MAP-1,GPT-20,runs/raw_logs/GPT-4o/GPT_시뮬레이션 V20.pdf,60668599f034f9aa539712f4a5180b7e8fa74acf6cb5de703adbf86195f8f9cf,12,12,T2,,distinct supplemental action/event block or explicit branch facet,P-VDM-01;P-EFFECT-01,행동–VDM 사건 의미 대응,vdm/Variable-Decision Matrix.json; actor JSON when indicated,$.event_driven_adjustments.Defense_Prep;$.event_driven_adjustments.Diplomatic_Failure,조건부 규칙,준수,Defense_Prep;Diplomatic_Failure,,Result Log: Trigger: Diplomatic_Failure Variable Changes: Tension: +0.05 (U.S.) + +0.10 (Soviet reaction) → +0.15 Diplomatic_Support: -0.02 (U.S.) + -0.10 (Soviet protest rejected) → -0.12 Public_Opinion: -0.02 Leadership_Unity: -0.05 (U.S.) New Variable Estimates (if starting from mid-levels): Tension: likely now ≥ 0.8 ⇒ Trigger Activated: “Military Conflict Risk Increased” Diplomatic Solution Blocked (due to Diplomatic_Support ≤ 0.5) U.S. now under pressure to act militarily  Summary: ,미국 준비 태세와 소련 위협 서한의 미국 무시가 명시되어 대비/외교 실패에 각각 대응한다. 실패 벡터의 일부 변수 누락은 별도다.,"AI direct source interpretation, frozen annotation",True,,True,True,Preserved inputs conditional audit; execution-time byte binding unconfirmed
GPT-20-ES-010-MAP-1,GPT-20,runs/raw_logs/GPT-4o/GPT_시뮬레이션 V20.pdf,60668599f034f9aa539712f4a5180b7e8fa74acf6cb5de703adbf86195f8f9cf,15,15,T3,,distinct supplemental action/event block or explicit branch facet,P-VDM-01;P-EFFECT-01,행동–VDM 사건 의미 대응,vdm/Variable-Decision Matrix.json; actor JSON when indicated,$.event_driven_adjustments.Strike,조건부 규칙,판정 불가,Strike,,RESULT LOG (Combo 1): Variable Adjustments: Tension: +0.15 → exceeds 0.95 (critical level) Diplomatic_Support: -0.05 → ~0.43 Public_Opinion: -0.05 → ~0.38 Leadership_Unity: -0.10 (U.S.) → ~0.62 Triggered Events: Public_Opinion ≤ 0.4 → ⚠Civil Unrest / Chaos Diplomatic_Support ≤ 0.5 →  Diplomacy Disabled Tension ≥ 0.8 →  Military Conflict Risk Active U.S. policy forced into emergency military footing Soviet retaliation (next turn) is primed,미국 실제 제한 타격은 공격과 대응하나 소련 전술 경계는 이미 alert라 효과가 없다고 적는다. 반복 경계의 재적용 조건이 원 입력에 명시되지 않았다.,"AI direct source interpretation, frozen annotation",True,rule_ambiguous,True,True,Preserved inputs conditional audit; execution-time byte binding unconfirmed
GPT-20-ES-012-MAP-1,GPT-20,runs/raw_logs/GPT-4o/GPT_시뮬레이션 V20.pdf,60668599f034f9aa539712f4a5180b7e8fa74acf6cb5de703adbf86195f8f9cf,16,16,T3,,distinct supplemental action/event block or explicit branch facet,P-VDM-01;P-EFFECT-01,행동–VDM 사건 의미 대응,vdm/Variable-Decision Matrix.json; actor JSON when indicated,$.event_driven_adjustments.Diplomatic_Success,조건부 규칙,준수,Diplomatic_Success,,"RESULT LOG (Combo 2): Variable Adjustments (Diplomatic_Success): Tension -0.05 → ~0.65 Diplomatic_Support +0.10 → ~0.75 Public_Opinion +0.05 → ~0.60 Leadership_Unity +0.05 → ~0.63 Triggered Events: ✅ Diplomatic Negotiation remains enabled ❌ No new emergency/military triggers ✳Crisis stabilized, fragile progress remains possible",미국 마지막 외교 제안에 소련이 부인과 완화 조건을 제공하는 상호 교섭 경로를 성공 사건과 연결한다.,"AI direct source interpretation, frozen annotation",True,,True,True,Preserved inputs conditional audit; execution-time byte binding unconfirmed
GPT-20-ES-014-MAP-1,GPT-20,runs/raw_logs/GPT-4o/GPT_시뮬레이션 V20.pdf,60668599f034f9aa539712f4a5180b7e8fa74acf6cb5de703adbf86195f8f9cf,17,18,T3,,distinct supplemental action/event block or explicit branch facet,P-VDM-01;P-EFFECT-01,행동–VDM 사건 의미 대응,vdm/Variable-Decision Matrix.json; actor JSON when indicated,$.event_driven_adjustments.Strike,조건부 규칙,판정 불가,Strike,,"RESULT LOG (Combo 3): Variable Adjustments: Tension +0.15 → ~0.95 Diplomatic_Support -0.05 → ~0.40 Public_Opinion -0.05 → ~0.36 Leadership_Unity -0.10 (U.S.) → ~0.50 Triggered Events: Tension ≥ 0.8 →  Conflict Priority Active Public_Opinion ≤ 0.4 → ⚠Civil Unrest Diplomatic_Support ≤ 0.5 →  Diplomatic Isolation Nuclear threshold crossed (Soviet Armed Forces) ⚠Next turn may include nuclear deployment scenario  Summary Table – Turn 3 S c e n a r i o Combo U.S. Action Soviet Action Δ Tension Triggered Events Strategic Status ✅ Combo 1 Limited Airstrike Tactical Readiness +0.15  Conflict Risk, Civil Unrest Military escalation imminent  Combo 2 Diplomatic Ultimatum D e - e s c a l a t i o n Offer -0.05 ✅ Diplomatic Success Crisis management stable  Combo 3 F u l l - S c a l e Airstrike/Invasion Tactical Nuclear Prep +0.15  Conflict + Civil Unrest + Isolation Strategic confrontation active
Would you like to proceed into Turn 4 based on Combo 1, 2, or 3? I can generate the next Event-Driven decision cycle accordingly. ",미국 실제 전면 공습은 공격과 대응하나 소련 핵 준비 승인은 효과가 없다고 적는다. 재경계/권한 변경의 효과 적용 시점은 원 입력이 정의하지 않았다.,"AI direct source interpretation, frozen annotation",True,rule_ambiguous,True,True,Preserved inputs conditional audit; execution-time byte binding unconfirmed
GPT-20-ES-017-MAP-1,GPT-20,runs/raw_logs/GPT-4o/GPT_시뮬레이션 V20.pdf,60668599f034f9aa539712f4a5180b7e8fa74acf6cb5de703adbf86195f8f9cf,20,20,T4,,distinct supplemental action/event block or explicit branch facet,P-VDM-01;P-EFFECT-01,행동–VDM 사건 의미 대응,vdm/Variable-Decision Matrix.json; actor JSON when indicated,$.event_driven_adjustments.Defense_Prep,조건부 규칙,준수,Defense_Prep,,RESULT LOG (Combo 1): Variable Adjustments: Tension +0.05 → capped at 1.0 Diplomatic_Support -0.02 → ~0.41 Public_Opinion -0.02 → ~0.36 Leadership_Unity -0.05 → ~0.57 Triggered Events (Continued):  Conflict Priority ❌ Diplomacy still blocked ⚠ Civil Unrest continues ✳ War posture locked; U.S. awaits Soviet move or final preemption order,미국 선제 사용 준비와 소련 경계라는 실제 준비 단계에 군사 대비 효과를 연결한다. 완화 제안의 수용은 전제하지 않는다.,"AI direct source interpretation, frozen annotation",True,,True,True,Preserved inputs conditional audit; execution-time byte binding unconfirmed
GPT-20-ES-019-MAP-1,GPT-20,runs/raw_logs/GPT-4o/GPT_시뮬레이션 V20.pdf,60668599f034f9aa539712f4a5180b7e8fa74acf6cb5de703adbf86195f8f9cf,21,21,T4,,distinct supplemental action/event block or explicit branch facet,P-VDM-01;P-EFFECT-01,행동–VDM 사건 의미 대응,vdm/Variable-Decision Matrix.json; actor JSON when indicated,$.event_driven_adjustments.Strong_Leadership,조건부 규칙,준수,Strong_Leadership,,RESULT LOG (Combo 2): Variable Adjustments (Strong_Leadership): Tension -0.05 → ~0.60 Diplomatic_Support +0.05 → ~0.80 Public_Opinion +0.10 → ~0.70 Leadership_Unity +0.10 → ~0.73 Triggered Events: ❌ No escalation triggers ✅ Diplomatic window expanded ✳ Crisis management reinforced,미국의 명시적인 공중·동맹 안심 메시지와 사격 억제 지도 행동을 강한 지도력에 연결한다.,"AI direct source interpretation, frozen annotation",True,,True,True,Preserved inputs conditional audit; execution-time byte binding unconfirmed
GPT-20-ES-020-MAP-1,GPT-20,runs/raw_logs/GPT-4o/GPT_시뮬레이션 V20.pdf,60668599f034f9aa539712f4a5180b7e8fa74acf6cb5de703adbf86195f8f9cf,22,22,T4,,distinct supplemental action/event block or explicit branch facet,P-VDM-01;P-EFFECT-01,행동–VDM 사건 의미 대응,vdm/Variable-Decision Matrix.json; actor JSON when indicated,$.event_driven_adjustments.Defense_Prep,조건부 규칙,준수,Defense_Prep,,RESULT LOG (Combo 3): Variable Adjustments (Defense_Prep): Tension +0.05 → stays at 1.0 Diplomatic_Support -0.02 → ~0.38 Public_Opinion -0.02 → ~0.34 Leadership_Unity -0.05 → ~0.45 Triggered Events:  All critical thresholds breached ❌ Diplomacy disabled ⚠ Civil unrest worsens  Internal Division / Coup Risk Rising (Leadership_Unity ≤ 0.5) ✳ Final moves likely next turn  SUMMARY – TURN 4 ,양국 핵 준비를 final step before launch 및 no launch yet라고 명시하고 실제 공격 효과로 바꾸지 않는다.,"AI direct source interpretation, frozen annotation",True,,True,True,Preserved inputs conditional audit; execution-time byte binding unconfirmed
