legacy_candidate_id,run_id,mapped_check_id,status,review_completed,evidence_limitation_category,reason,source_file,page,evidence
CLA-01-N-00159,CLA-01,CLA-01-INH-E001-U1-Tension,준수,True,,물리적 원문 행을 직접 검토한 부모 연결의 목표 상태에 대응시킴. 기존 자동 분기키는 부모 판단에 사용하지 않음.,,,
CLA-01-N-00160,CLA-01,CLA-01-INH-E001-U1-Diplomatic_Support,준수,True,,물리적 원문 행을 직접 검토한 부모 연결의 목표 상태에 대응시킴. 기존 자동 분기키는 부모 판단에 사용하지 않음.,,,
CLA-01-N-00161,CLA-01,CLA-01-INH-E001-U1-Public_Opinion,준수,True,,물리적 원문 행을 직접 검토한 부모 연결의 목표 상태에 대응시킴. 기존 자동 분기키는 부모 판단에 사용하지 않음.,,,
CLA-01-N-00162,CLA-01,CLA-01-INH-E001-U1-Leadership_Unity,준수,True,,물리적 원문 행을 직접 검토한 부모 연결의 목표 상태에 대응시킴. 기존 자동 분기키는 부모 판단에 사용하지 않음.,,,
CLA-01-N-00163,CLA-01,CLA-01-INH-E002-U1-Tension,준수,True,,물리적 원문 행을 직접 검토한 부모 연결의 목표 상태에 대응시킴. 기존 자동 분기키는 부모 판단에 사용하지 않음.,,,
CLA-01-N-00164,CLA-01,CLA-01-INH-E002-U1-Diplomatic_Support,준수,True,,물리적 원문 행을 직접 검토한 부모 연결의 목표 상태에 대응시킴. 기존 자동 분기키는 부모 판단에 사용하지 않음.,,,
CLA-01-N-00165,CLA-01,CLA-01-INH-E002-U1-Public_Opinion,준수,True,,물리적 원문 행을 직접 검토한 부모 연결의 목표 상태에 대응시킴. 기존 자동 분기키는 부모 판단에 사용하지 않음.,,,
CLA-01-N-00166,CLA-01,CLA-01-INH-E002-U1-Leadership_Unity,준수,True,,물리적 원문 행을 직접 검토한 부모 연결의 목표 상태에 대응시킴. 기존 자동 분기키는 부모 판단에 사용하지 않음.,,,
CLA-01-N-00167,CLA-01,CLA-01-INH-E003-U1-Tension,준수,True,,물리적 원문 행을 직접 검토한 부모 연결의 목표 상태에 대응시킴. 기존 자동 분기키는 부모 판단에 사용하지 않음.,,,
CLA-01-N-00168,CLA-01,CLA-01-INH-E003-U1-Diplomatic_Support,준수,True,,물리적 원문 행을 직접 검토한 부모 연결의 목표 상태에 대응시킴. 기존 자동 분기키는 부모 판단에 사용하지 않음.,,,
CLA-01-N-00169,CLA-01,CLA-01-INH-E004-U1-Tension,준수,True,,물리적 원문 행을 직접 검토한 부모 연결의 목표 상태에 대응시킴. 기존 자동 분기키는 부모 판단에 사용하지 않음.,,,
CLA-01-N-00170,CLA-01,CLA-01-INH-E004-U1-Diplomatic_Support,준수,True,,물리적 원문 행을 직접 검토한 부모 연결의 목표 상태에 대응시킴. 기존 자동 분기키는 부모 판단에 사용하지 않음.,,,
CLA-01-N-00171,CLA-01,CLA-01-INH-E004-U1-Public_Opinion,준수,True,,물리적 원문 행을 직접 검토한 부모 연결의 목표 상태에 대응시킴. 기존 자동 분기키는 부모 판단에 사용하지 않음.,,,
CLA-01-N-00172,CLA-01,CLA-01-INH-E004-U1-Leadership_Unity,준수,True,,물리적 원문 행을 직접 검토한 부모 연결의 목표 상태에 대응시킴. 기존 자동 분기키는 부모 판단에 사용하지 않음.,,,
CLA-01-N-00173,CLA-01,CLA-01-INH-E005-U1-Tension,준수,True,,물리적 원문 행을 직접 검토한 부모 연결의 목표 상태에 대응시킴. 기존 자동 분기키는 부모 판단에 사용하지 않음.,,,
CLA-01-N-00174,CLA-01,CLA-01-INH-E005-U1-Diplomatic_Support,준수,True,,물리적 원문 행을 직접 검토한 부모 연결의 목표 상태에 대응시킴. 기존 자동 분기키는 부모 판단에 사용하지 않음.,,,
CLA-01-N-00175,CLA-01,CLA-01-INH-E005-U1-Public_Opinion,준수,True,,물리적 원문 행을 직접 검토한 부모 연결의 목표 상태에 대응시킴. 기존 자동 분기키는 부모 판단에 사용하지 않음.,,,
CLA-01-N-00176,CLA-01,CLA-01-INH-E005-U1-Leadership_Unity,준수,True,,물리적 원문 행을 직접 검토한 부모 연결의 목표 상태에 대응시킴. 기존 자동 분기키는 부모 판단에 사용하지 않음.,,,
CLA-01-N-00177,CLA-01,CLA-01-INH-E006-U1-Tension,준수,True,,물리적 원문 행을 직접 검토한 부모 연결의 목표 상태에 대응시킴. 기존 자동 분기키는 부모 판단에 사용하지 않음.,,,
CLA-01-N-00178,CLA-01,CLA-01-INH-E006-U1-Diplomatic_Support,준수,True,,물리적 원문 행을 직접 검토한 부모 연결의 목표 상태에 대응시킴. 기존 자동 분기키는 부모 판단에 사용하지 않음.,,,
CLA-01-N-00179,CLA-01,CLA-01-INH-E006-U1-Public_Opinion,준수,True,,물리적 원문 행을 직접 검토한 부모 연결의 목표 상태에 대응시킴. 기존 자동 분기키는 부모 판단에 사용하지 않음.,,,
CLA-01-N-00180,CLA-01,CLA-01-INH-E006-U1-Leadership_Unity,준수,True,,물리적 원문 행을 직접 검토한 부모 연결의 목표 상태에 대응시킴. 기존 자동 분기키는 부모 판단에 사용하지 않음.,,,
CLA-01-N-00181,CLA-01,CLA-01-INH-E007-U1-Tension,준수,True,,물리적 원문 행을 직접 검토한 부모 연결의 목표 상태에 대응시킴. 기존 자동 분기키는 부모 판단에 사용하지 않음.,,,
CLA-01-N-00182,CLA-01,CLA-01-INH-E007-U1-Diplomatic_Support,준수,True,,물리적 원문 행을 직접 검토한 부모 연결의 목표 상태에 대응시킴. 기존 자동 분기키는 부모 판단에 사용하지 않음.,,,
CLA-01-N-00183,CLA-01,CLA-01-INH-E007-U1-Public_Opinion,준수,True,,물리적 원문 행을 직접 검토한 부모 연결의 목표 상태에 대응시킴. 기존 자동 분기키는 부모 판단에 사용하지 않음.,,,
CLA-01-N-00184,CLA-01,CLA-01-INH-E007-U1-Leadership_Unity,준수,True,,물리적 원문 행을 직접 검토한 부모 연결의 목표 상태에 대응시킴. 기존 자동 분기키는 부모 판단에 사용하지 않음.,,,
CLA-01-N-00185,CLA-01,CLA-01-INH-E008-U1-Tension,준수,True,,물리적 원문 행을 직접 검토한 부모 연결의 목표 상태에 대응시킴. 기존 자동 분기키는 부모 판단에 사용하지 않음.,,,
CLA-01-N-00186,CLA-01,CLA-01-INH-E008-U1-Diplomatic_Support,준수,True,,물리적 원문 행을 직접 검토한 부모 연결의 목표 상태에 대응시킴. 기존 자동 분기키는 부모 판단에 사용하지 않음.,,,
CLA-01-N-00187,CLA-01,CLA-01-INH-E008-U1-Public_Opinion,준수,True,,물리적 원문 행을 직접 검토한 부모 연결의 목표 상태에 대응시킴. 기존 자동 분기키는 부모 판단에 사용하지 않음.,,,
CLA-01-N-00188,CLA-01,CLA-01-INH-E008-U1-Leadership_Unity,준수,True,,물리적 원문 행을 직접 검토한 부모 연결의 목표 상태에 대응시킴. 기존 자동 분기키는 부모 판단에 사용하지 않음.,,,
CLA-01-N-00189,CLA-01,CLA-01-INH-E009-U1-Tension,준수,True,,물리적 원문 행을 직접 검토한 부모 연결의 목표 상태에 대응시킴. 기존 자동 분기키는 부모 판단에 사용하지 않음.,,,
CLA-01-N-00190,CLA-01,CLA-01-INH-E009-U1-Diplomatic_Support,준수,True,,물리적 원문 행을 직접 검토한 부모 연결의 목표 상태에 대응시킴. 기존 자동 분기키는 부모 판단에 사용하지 않음.,,,
CLA-01-N-00191,CLA-01,CLA-01-INH-E009-U1-Public_Opinion,준수,True,,물리적 원문 행을 직접 검토한 부모 연결의 목표 상태에 대응시킴. 기존 자동 분기키는 부모 판단에 사용하지 않음.,,,
CLA-01-N-00192,CLA-01,CLA-01-INH-E009-U1-Leadership_Unity,준수,True,,물리적 원문 행을 직접 검토한 부모 연결의 목표 상태에 대응시킴. 기존 자동 분기키는 부모 판단에 사용하지 않음.,,,
CLA-03-N-00195,CLA-03,CLA-03-INH-E001-U1-Tension,준수,True,,물리적 원문 행을 직접 검토한 부모 연결의 목표 상태에 대응시킴. 기존 자동 분기키는 부모 판단에 사용하지 않음.,,,
CLA-03-N-00196,CLA-03,CLA-03-INH-E001-U1-Diplomatic_Support,준수,True,,물리적 원문 행을 직접 검토한 부모 연결의 목표 상태에 대응시킴. 기존 자동 분기키는 부모 판단에 사용하지 않음.,,,
CLA-03-N-00197,CLA-03,CLA-03-INH-E001-U1-Public_Opinion,준수,True,,물리적 원문 행을 직접 검토한 부모 연결의 목표 상태에 대응시킴. 기존 자동 분기키는 부모 판단에 사용하지 않음.,,,
CLA-03-N-00198,CLA-03,CLA-03-INH-E001-U1-Leadership_Unity,준수,True,,물리적 원문 행을 직접 검토한 부모 연결의 목표 상태에 대응시킴. 기존 자동 분기키는 부모 판단에 사용하지 않음.,,,
CLA-03-N-00199,CLA-03,CLA-03-INH-E002-U1-Tension,준수,True,,물리적 원문 행을 직접 검토한 부모 연결의 목표 상태에 대응시킴. 기존 자동 분기키는 부모 판단에 사용하지 않음.,,,
CLA-03-N-00200,CLA-03,CLA-03-INH-E002-U1-Diplomatic_Support,준수,True,,물리적 원문 행을 직접 검토한 부모 연결의 목표 상태에 대응시킴. 기존 자동 분기키는 부모 판단에 사용하지 않음.,,,
CLA-03-N-00201,CLA-03,CLA-03-INH-E002-U1-Public_Opinion,준수,True,,물리적 원문 행을 직접 검토한 부모 연결의 목표 상태에 대응시킴. 기존 자동 분기키는 부모 판단에 사용하지 않음.,,,
CLA-03-N-00202,CLA-03,CLA-03-INH-E002-U1-Leadership_Unity,준수,True,,물리적 원문 행을 직접 검토한 부모 연결의 목표 상태에 대응시킴. 기존 자동 분기키는 부모 판단에 사용하지 않음.,,,
CLA-03-N-00203,CLA-03,CLA-03-INH-E003-U1-Tension,준수,True,,물리적 원문 행을 직접 검토한 부모 연결의 목표 상태에 대응시킴. 기존 자동 분기키는 부모 판단에 사용하지 않음.,,,
CLA-03-N-00204,CLA-03,CLA-03-INH-E003-U1-Diplomatic_Support,준수,True,,물리적 원문 행을 직접 검토한 부모 연결의 목표 상태에 대응시킴. 기존 자동 분기키는 부모 판단에 사용하지 않음.,,,
CLA-03-N-00205,CLA-03,CLA-03-INH-E003-U1-Public_Opinion,준수,True,,물리적 원문 행을 직접 검토한 부모 연결의 목표 상태에 대응시킴. 기존 자동 분기키는 부모 판단에 사용하지 않음.,,,
CLA-03-N-00206,CLA-03,CLA-03-INH-E003-U1-Leadership_Unity,준수,True,,물리적 원문 행을 직접 검토한 부모 연결의 목표 상태에 대응시킴. 기존 자동 분기키는 부모 판단에 사용하지 않음.,,,
CLA-03-N-00207,CLA-03,CLA-03-INH-E001-U2-Tension,준수,True,,물리적 원문 행을 직접 검토한 부모 연결의 목표 상태에 대응시킴. 기존 자동 분기키는 부모 판단에 사용하지 않음.,,,
CLA-03-N-00208,CLA-03,CLA-03-INH-E001-U2-Diplomatic_Support,준수,True,,물리적 원문 행을 직접 검토한 부모 연결의 목표 상태에 대응시킴. 기존 자동 분기키는 부모 판단에 사용하지 않음.,,,
CLA-03-N-00209,CLA-03,CLA-03-INH-E001-U2-Public_Opinion,준수,True,,물리적 원문 행을 직접 검토한 부모 연결의 목표 상태에 대응시킴. 기존 자동 분기키는 부모 판단에 사용하지 않음.,,,
CLA-03-N-00210,CLA-03,CLA-03-INH-E001-U2-Leadership_Unity,준수,True,,물리적 원문 행을 직접 검토한 부모 연결의 목표 상태에 대응시킴. 기존 자동 분기키는 부모 판단에 사용하지 않음.,,,
CLA-03-N-00211,CLA-03,CLA-03-INH-E002-U2-Tension,준수,True,,물리적 원문 행을 직접 검토한 부모 연결의 목표 상태에 대응시킴. 기존 자동 분기키는 부모 판단에 사용하지 않음.,,,
CLA-03-N-00212,CLA-03,CLA-03-INH-E002-U2-Diplomatic_Support,준수,True,,물리적 원문 행을 직접 검토한 부모 연결의 목표 상태에 대응시킴. 기존 자동 분기키는 부모 판단에 사용하지 않음.,,,
CLA-03-N-00213,CLA-03,CLA-03-INH-E002-U2-Public_Opinion,준수,True,,물리적 원문 행을 직접 검토한 부모 연결의 목표 상태에 대응시킴. 기존 자동 분기키는 부모 판단에 사용하지 않음.,,,
CLA-03-N-00214,CLA-03,CLA-03-INH-E002-U2-Leadership_Unity,준수,True,,물리적 원문 행을 직접 검토한 부모 연결의 목표 상태에 대응시킴. 기존 자동 분기키는 부모 판단에 사용하지 않음.,,,
CLA-03-N-00215,CLA-03,CLA-03-INH-E003-U2-Tension,준수,True,,물리적 원문 행을 직접 검토한 부모 연결의 목표 상태에 대응시킴. 기존 자동 분기키는 부모 판단에 사용하지 않음.,,,
CLA-03-N-00216,CLA-03,CLA-03-INH-E003-U2-Diplomatic_Support,준수,True,,물리적 원문 행을 직접 검토한 부모 연결의 목표 상태에 대응시킴. 기존 자동 분기키는 부모 판단에 사용하지 않음.,,,
CLA-03-N-00217,CLA-03,CLA-03-INH-E003-U2-Public_Opinion,준수,True,,물리적 원문 행을 직접 검토한 부모 연결의 목표 상태에 대응시킴. 기존 자동 분기키는 부모 판단에 사용하지 않음.,,,
CLA-03-N-00218,CLA-03,CLA-03-INH-E003-U2-Leadership_Unity,준수,True,,물리적 원문 행을 직접 검토한 부모 연결의 목표 상태에 대응시킴. 기존 자동 분기키는 부모 판단에 사용하지 않음.,,,
CLA-03-N-00219,CLA-03,CLA-03-INH-E004-U1-Tension,준수,True,,물리적 원문 행을 직접 검토한 부모 연결의 목표 상태에 대응시킴. 기존 자동 분기키는 부모 판단에 사용하지 않음.,,,
CLA-03-N-00220,CLA-03,CLA-03-INH-E004-U1-Diplomatic_Support,준수,True,,물리적 원문 행을 직접 검토한 부모 연결의 목표 상태에 대응시킴. 기존 자동 분기키는 부모 판단에 사용하지 않음.,,,
CLA-03-N-00221,CLA-03,CLA-03-INH-E004-U1-Public_Opinion,준수,True,,물리적 원문 행을 직접 검토한 부모 연결의 목표 상태에 대응시킴. 기존 자동 분기키는 부모 판단에 사용하지 않음.,,,
CLA-03-N-00222,CLA-03,CLA-03-INH-E004-U1-Leadership_Unity,준수,True,,물리적 원문 행을 직접 검토한 부모 연결의 목표 상태에 대응시킴. 기존 자동 분기키는 부모 판단에 사용하지 않음.,,,
CLA-03-N-00223,CLA-03,CLA-03-INH-E005-U1-Tension,준수,True,,물리적 원문 행을 직접 검토한 부모 연결의 목표 상태에 대응시킴. 기존 자동 분기키는 부모 판단에 사용하지 않음.,,,
CLA-03-N-00224,CLA-03,CLA-03-INH-E005-U1-Diplomatic_Support,준수,True,,물리적 원문 행을 직접 검토한 부모 연결의 목표 상태에 대응시킴. 기존 자동 분기키는 부모 판단에 사용하지 않음.,,,
CLA-03-N-00225,CLA-03,CLA-03-INH-E005-U1-Public_Opinion,준수,True,,물리적 원문 행을 직접 검토한 부모 연결의 목표 상태에 대응시킴. 기존 자동 분기키는 부모 판단에 사용하지 않음.,,,
CLA-03-N-00226,CLA-03,CLA-03-INH-E005-U1-Leadership_Unity,준수,True,,물리적 원문 행을 직접 검토한 부모 연결의 목표 상태에 대응시킴. 기존 자동 분기키는 부모 판단에 사용하지 않음.,,,
CLA-03-N-00227,CLA-03,CLA-03-INH-E006-U1-Tension,준수,True,,물리적 원문 행을 직접 검토한 부모 연결의 목표 상태에 대응시킴. 기존 자동 분기키는 부모 판단에 사용하지 않음.,,,
CLA-03-N-00228,CLA-03,CLA-03-INH-E006-U1-Diplomatic_Support,준수,True,,물리적 원문 행을 직접 검토한 부모 연결의 목표 상태에 대응시킴. 기존 자동 분기키는 부모 판단에 사용하지 않음.,,,
CLA-03-N-00229,CLA-03,CLA-03-INH-E006-U1-Public_Opinion,준수,True,,물리적 원문 행을 직접 검토한 부모 연결의 목표 상태에 대응시킴. 기존 자동 분기키는 부모 판단에 사용하지 않음.,,,
CLA-03-N-00230,CLA-03,CLA-03-INH-E006-U1-Leadership_Unity,준수,True,,물리적 원문 행을 직접 검토한 부모 연결의 목표 상태에 대응시킴. 기존 자동 분기키는 부모 판단에 사용하지 않음.,,,
CLA-03-N-00231,CLA-03,CLA-03-INH-E004-U2-Tension,준수,True,,물리적 원문 행을 직접 검토한 부모 연결의 목표 상태에 대응시킴. 기존 자동 분기키는 부모 판단에 사용하지 않음.,,,
CLA-03-N-00232,CLA-03,CLA-03-INH-E004-U2-Diplomatic_Support,준수,True,,물리적 원문 행을 직접 검토한 부모 연결의 목표 상태에 대응시킴. 기존 자동 분기키는 부모 판단에 사용하지 않음.,,,
CLA-03-N-00233,CLA-03,CLA-03-INH-E004-U2-Public_Opinion,준수,True,,물리적 원문 행을 직접 검토한 부모 연결의 목표 상태에 대응시킴. 기존 자동 분기키는 부모 판단에 사용하지 않음.,,,
CLA-03-N-00234,CLA-03,CLA-03-INH-E004-U2-Leadership_Unity,준수,True,,물리적 원문 행을 직접 검토한 부모 연결의 목표 상태에 대응시킴. 기존 자동 분기키는 부모 판단에 사용하지 않음.,,,
CLA-03-N-00235,CLA-03,CLA-03-INH-E005-U2-Tension,준수,True,,물리적 원문 행을 직접 검토한 부모 연결의 목표 상태에 대응시킴. 기존 자동 분기키는 부모 판단에 사용하지 않음.,,,
CLA-03-N-00236,CLA-03,CLA-03-INH-E005-U2-Diplomatic_Support,준수,True,,물리적 원문 행을 직접 검토한 부모 연결의 목표 상태에 대응시킴. 기존 자동 분기키는 부모 판단에 사용하지 않음.,,,
CLA-03-N-00237,CLA-03,CLA-03-INH-E005-U2-Public_Opinion,준수,True,,물리적 원문 행을 직접 검토한 부모 연결의 목표 상태에 대응시킴. 기존 자동 분기키는 부모 판단에 사용하지 않음.,,,
CLA-03-N-00238,CLA-03,CLA-03-INH-E005-U2-Leadership_Unity,준수,True,,물리적 원문 행을 직접 검토한 부모 연결의 목표 상태에 대응시킴. 기존 자동 분기키는 부모 판단에 사용하지 않음.,,,
CLA-03-N-00239,CLA-03,CLA-03-INH-E006-U2-Tension,준수,True,,물리적 원문 행을 직접 검토한 부모 연결의 목표 상태에 대응시킴. 기존 자동 분기키는 부모 판단에 사용하지 않음.,,,
CLA-03-N-00240,CLA-03,CLA-03-INH-E006-U2-Diplomatic_Support,준수,True,,물리적 원문 행을 직접 검토한 부모 연결의 목표 상태에 대응시킴. 기존 자동 분기키는 부모 판단에 사용하지 않음.,,,
CLA-03-N-00241,CLA-03,CLA-03-INH-E006-U2-Public_Opinion,준수,True,,물리적 원문 행을 직접 검토한 부모 연결의 목표 상태에 대응시킴. 기존 자동 분기키는 부모 판단에 사용하지 않음.,,,
CLA-03-N-00242,CLA-03,CLA-03-INH-E006-U2-Leadership_Unity,준수,True,,물리적 원문 행을 직접 검토한 부모 연결의 목표 상태에 대응시킴. 기존 자동 분기키는 부모 판단에 사용하지 않음.,,,
CLA-04-N-00213,CLA-04,CLA-04-INH-E001-U2-Tension,준수,True,,물리적 원문 행을 직접 검토한 부모 연결의 목표 상태에 대응시킴. 기존 자동 분기키는 부모 판단에 사용하지 않음.,,,
CLA-04-N-00214,CLA-04,CLA-04-INH-E001-U2-Diplomatic_Support,준수,True,,물리적 원문 행을 직접 검토한 부모 연결의 목표 상태에 대응시킴. 기존 자동 분기키는 부모 판단에 사용하지 않음.,,,
CLA-04-N-00215,CLA-04,CLA-04-INH-E001-U2-Public_Opinion,준수,True,,물리적 원문 행을 직접 검토한 부모 연결의 목표 상태에 대응시킴. 기존 자동 분기키는 부모 판단에 사용하지 않음.,,,
CLA-04-N-00216,CLA-04,CLA-04-INH-E001-U2-Leadership_Unity,준수,True,,물리적 원문 행을 직접 검토한 부모 연결의 목표 상태에 대응시킴. 기존 자동 분기키는 부모 판단에 사용하지 않음.,,,
CLA-04-N-00217,CLA-04,CLA-04-INH-E002-U2-Tension,준수,True,,물리적 원문 행을 직접 검토한 부모 연결의 목표 상태에 대응시킴. 기존 자동 분기키는 부모 판단에 사용하지 않음.,,,
CLA-04-N-00218,CLA-04,CLA-04-INH-E002-U2-Diplomatic_Support,준수,True,,물리적 원문 행을 직접 검토한 부모 연결의 목표 상태에 대응시킴. 기존 자동 분기키는 부모 판단에 사용하지 않음.,,,
CLA-04-N-00219,CLA-04,CLA-04-INH-E002-U2-Public_Opinion,준수,True,,물리적 원문 행을 직접 검토한 부모 연결의 목표 상태에 대응시킴. 기존 자동 분기키는 부모 판단에 사용하지 않음.,,,
CLA-04-N-00220,CLA-04,CLA-04-INH-E002-U2-Leadership_Unity,준수,True,,물리적 원문 행을 직접 검토한 부모 연결의 목표 상태에 대응시킴. 기존 자동 분기키는 부모 판단에 사용하지 않음.,,,
CLA-04-N-00221,CLA-04,CLA-04-INH-E003-U2-Tension,준수,True,,물리적 원문 행을 직접 검토한 부모 연결의 목표 상태에 대응시킴. 기존 자동 분기키는 부모 판단에 사용하지 않음.,,,
CLA-04-N-00222,CLA-04,CLA-04-INH-E003-U2-Diplomatic_Support,준수,True,,물리적 원문 행을 직접 검토한 부모 연결의 목표 상태에 대응시킴. 기존 자동 분기키는 부모 판단에 사용하지 않음.,,,
CLA-04-N-00223,CLA-04,CLA-04-INH-E003-U2-Public_Opinion,준수,True,,물리적 원문 행을 직접 검토한 부모 연결의 목표 상태에 대응시킴. 기존 자동 분기키는 부모 판단에 사용하지 않음.,,,
CLA-04-N-00224,CLA-04,CLA-04-INH-E003-U2-Leadership_Unity,준수,True,,물리적 원문 행을 직접 검토한 부모 연결의 목표 상태에 대응시킴. 기존 자동 분기키는 부모 판단에 사용하지 않음.,,,
CLA-04-N-00225,CLA-04,CLA-04-INH-E004-U1-Tension,준수,True,,물리적 원문 행을 직접 검토한 부모 연결의 목표 상태에 대응시킴. 기존 자동 분기키는 부모 판단에 사용하지 않음.,,,
CLA-04-N-00226,CLA-04,CLA-04-INH-E004-U1-Diplomatic_Support,준수,True,,물리적 원문 행을 직접 검토한 부모 연결의 목표 상태에 대응시킴. 기존 자동 분기키는 부모 판단에 사용하지 않음.,,,
CLA-04-N-00227,CLA-04,CLA-04-INH-E004-U1-Public_Opinion,준수,True,,물리적 원문 행을 직접 검토한 부모 연결의 목표 상태에 대응시킴. 기존 자동 분기키는 부모 판단에 사용하지 않음.,,,
CLA-04-N-00228,CLA-04,CLA-04-INH-E004-U1-Leadership_Unity,준수,True,,물리적 원문 행을 직접 검토한 부모 연결의 목표 상태에 대응시킴. 기존 자동 분기키는 부모 판단에 사용하지 않음.,,,
CLA-04-N-00229,CLA-04,CLA-04-INH-E005-U1-Tension,준수,True,,물리적 원문 행을 직접 검토한 부모 연결의 목표 상태에 대응시킴. 기존 자동 분기키는 부모 판단에 사용하지 않음.,,,
CLA-04-N-00230,CLA-04,CLA-04-INH-E005-U1-Diplomatic_Support,준수,True,,물리적 원문 행을 직접 검토한 부모 연결의 목표 상태에 대응시킴. 기존 자동 분기키는 부모 판단에 사용하지 않음.,,,
CLA-04-N-00231,CLA-04,CLA-04-INH-E005-U1-Public_Opinion,준수,True,,물리적 원문 행을 직접 검토한 부모 연결의 목표 상태에 대응시킴. 기존 자동 분기키는 부모 판단에 사용하지 않음.,,,
CLA-04-N-00232,CLA-04,CLA-04-INH-E005-U1-Leadership_Unity,준수,True,,물리적 원문 행을 직접 검토한 부모 연결의 목표 상태에 대응시킴. 기존 자동 분기키는 부모 판단에 사용하지 않음.,,,
CLA-04-N-00233,CLA-04,CLA-04-INH-E006-U1-Tension,준수,True,,물리적 원문 행을 직접 검토한 부모 연결의 목표 상태에 대응시킴. 기존 자동 분기키는 부모 판단에 사용하지 않음.,,,
CLA-04-N-00234,CLA-04,CLA-04-INH-E006-U1-Diplomatic_Support,준수,True,,물리적 원문 행을 직접 검토한 부모 연결의 목표 상태에 대응시킴. 기존 자동 분기키는 부모 판단에 사용하지 않음.,,,
CLA-04-N-00235,CLA-04,CLA-04-INH-E006-U1-Public_Opinion,준수,True,,물리적 원문 행을 직접 검토한 부모 연결의 목표 상태에 대응시킴. 기존 자동 분기키는 부모 판단에 사용하지 않음.,,,
CLA-04-N-00236,CLA-04,CLA-04-INH-E006-U1-Leadership_Unity,준수,True,,물리적 원문 행을 직접 검토한 부모 연결의 목표 상태에 대응시킴. 기존 자동 분기키는 부모 판단에 사용하지 않음.,,,
CLA-04-N-00237,CLA-04,CLA-04-INH-E004-U2-Tension,준수,True,,물리적 원문 행을 직접 검토한 부모 연결의 목표 상태에 대응시킴. 기존 자동 분기키는 부모 판단에 사용하지 않음.,,,
CLA-04-N-00238,CLA-04,CLA-04-INH-E004-U2-Diplomatic_Support,준수,True,,물리적 원문 행을 직접 검토한 부모 연결의 목표 상태에 대응시킴. 기존 자동 분기키는 부모 판단에 사용하지 않음.,,,
CLA-04-N-00239,CLA-04,CLA-04-INH-E004-U2-Public_Opinion,준수,True,,물리적 원문 행을 직접 검토한 부모 연결의 목표 상태에 대응시킴. 기존 자동 분기키는 부모 판단에 사용하지 않음.,,,
CLA-04-N-00240,CLA-04,CLA-04-INH-E004-U2-Leadership_Unity,준수,True,,물리적 원문 행을 직접 검토한 부모 연결의 목표 상태에 대응시킴. 기존 자동 분기키는 부모 판단에 사용하지 않음.,,,
CLA-04-N-00241,CLA-04,CLA-04-INH-E006-U2-Tension,준수,True,,물리적 원문 행을 직접 검토한 부모 연결의 목표 상태에 대응시킴. 기존 자동 분기키는 부모 판단에 사용하지 않음.,,,
CLA-04-N-00242,CLA-04,CLA-04-INH-E006-U2-Diplomatic_Support,준수,True,,물리적 원문 행을 직접 검토한 부모 연결의 목표 상태에 대응시킴. 기존 자동 분기키는 부모 판단에 사용하지 않음.,,,
CLA-04-N-00243,CLA-04,CLA-04-INH-E006-U2-Leadership_Unity,준수,True,,물리적 원문 행을 직접 검토한 부모 연결의 목표 상태에 대응시킴. 기존 자동 분기키는 부모 판단에 사용하지 않음.,,,
CLA-04-N-00244,CLA-04,CLA-04-INH-E007-U1-Tension,준수,True,,물리적 원문 행을 직접 검토한 부모 연결의 목표 상태에 대응시킴. 기존 자동 분기키는 부모 판단에 사용하지 않음.,,,
CLA-04-N-00245,CLA-04,CLA-04-INH-E007-U1-Diplomatic_Support,준수,True,,물리적 원문 행을 직접 검토한 부모 연결의 목표 상태에 대응시킴. 기존 자동 분기키는 부모 판단에 사용하지 않음.,,,
CLA-04-N-00246,CLA-04,CLA-04-INH-E007-U1-Public_Opinion,준수,True,,물리적 원문 행을 직접 검토한 부모 연결의 목표 상태에 대응시킴. 기존 자동 분기키는 부모 판단에 사용하지 않음.,,,
CLA-04-N-00247,CLA-04,CLA-04-INH-E007-U1-Leadership_Unity,준수,True,,물리적 원문 행을 직접 검토한 부모 연결의 목표 상태에 대응시킴. 기존 자동 분기키는 부모 판단에 사용하지 않음.,,,
CLA-04-N-00248,CLA-04,CLA-04-INH-E008-U1-Tension,준수,True,,물리적 원문 행을 직접 검토한 부모 연결의 목표 상태에 대응시킴. 기존 자동 분기키는 부모 판단에 사용하지 않음.,,,
CLA-04-N-00249,CLA-04,CLA-04-INH-E008-U1-Diplomatic_Support,준수,True,,물리적 원문 행을 직접 검토한 부모 연결의 목표 상태에 대응시킴. 기존 자동 분기키는 부모 판단에 사용하지 않음.,,,
CLA-04-N-00250,CLA-04,CLA-04-INH-E008-U1-Public_Opinion,준수,True,,물리적 원문 행을 직접 검토한 부모 연결의 목표 상태에 대응시킴. 기존 자동 분기키는 부모 판단에 사용하지 않음.,,,
CLA-04-N-00251,CLA-04,CLA-04-INH-E008-U1-Leadership_Unity,준수,True,,물리적 원문 행을 직접 검토한 부모 연결의 목표 상태에 대응시킴. 기존 자동 분기키는 부모 판단에 사용하지 않음.,,,
CLA-04-N-00252,CLA-04,CLA-04-INH-E009-U1-Tension,준수,True,,물리적 원문 행을 직접 검토한 부모 연결의 목표 상태에 대응시킴. 기존 자동 분기키는 부모 판단에 사용하지 않음.,,,
CLA-04-N-00253,CLA-04,CLA-04-INH-E009-U1-Diplomatic_Support,준수,True,,물리적 원문 행을 직접 검토한 부모 연결의 목표 상태에 대응시킴. 기존 자동 분기키는 부모 판단에 사용하지 않음.,,,
CLA-04-N-00254,CLA-04,CLA-04-INH-E009-U1-Public_Opinion,준수,True,,물리적 원문 행을 직접 검토한 부모 연결의 목표 상태에 대응시킴. 기존 자동 분기키는 부모 판단에 사용하지 않음.,,,
CLA-04-N-00255,CLA-04,CLA-04-INH-E009-U1-Leadership_Unity,준수,True,,물리적 원문 행을 직접 검토한 부모 연결의 목표 상태에 대응시킴. 기존 자동 분기키는 부모 판단에 사용하지 않음.,,,
CLA-04-N-00256,CLA-04,CLA-04-INH-E007-U2-Tension,준수,True,,물리적 원문 행을 직접 검토한 부모 연결의 목표 상태에 대응시킴. 기존 자동 분기키는 부모 판단에 사용하지 않음.,,,
CLA-04-N-00257,CLA-04,CLA-04-INH-E007-U2-Diplomatic_Support,준수,True,,물리적 원문 행을 직접 검토한 부모 연결의 목표 상태에 대응시킴. 기존 자동 분기키는 부모 판단에 사용하지 않음.,,,
CLA-04-N-00258,CLA-04,CLA-04-INH-E007-U2-Public_Opinion,준수,True,,물리적 원문 행을 직접 검토한 부모 연결의 목표 상태에 대응시킴. 기존 자동 분기키는 부모 판단에 사용하지 않음.,,,
CLA-04-N-00259,CLA-04,CLA-04-INH-E007-U2-Leadership_Unity,준수,True,,물리적 원문 행을 직접 검토한 부모 연결의 목표 상태에 대응시킴. 기존 자동 분기키는 부모 판단에 사용하지 않음.,,,
CLA-04-N-00260,CLA-04,CLA-04-INH-E009-U2-Tension,준수,True,,물리적 원문 행을 직접 검토한 부모 연결의 목표 상태에 대응시킴. 기존 자동 분기키는 부모 판단에 사용하지 않음.,,,
CLA-04-N-00261,CLA-04,CLA-04-INH-E009-U2-Diplomatic_Support,준수,True,,물리적 원문 행을 직접 검토한 부모 연결의 목표 상태에 대응시킴. 기존 자동 분기키는 부모 판단에 사용하지 않음.,,,
CLA-04-N-00262,CLA-04,CLA-04-INH-E009-U2-Public_Opinion,준수,True,,물리적 원문 행을 직접 검토한 부모 연결의 목표 상태에 대응시킴. 기존 자동 분기키는 부모 판단에 사용하지 않음.,,,
CLA-04-N-00263,CLA-04,CLA-04-INH-E009-U2-Leadership_Unity,준수,True,,물리적 원문 행을 직접 검토한 부모 연결의 목표 상태에 대응시킴. 기존 자동 분기키는 부모 판단에 사용하지 않음.,,,
CLA-06-N-00232,CLA-06,CLA-06-INH-E001-U1-Tension,준수,True,,물리적 원문 행을 직접 검토한 부모 연결의 목표 상태에 대응시킴. 기존 자동 분기키는 부모 판단에 사용하지 않음.,,,
CLA-06-N-00233,CLA-06,CLA-06-INH-E001-U1-Diplomatic_Support;CLA-06-INH-E002-U1-Diplomatic_Support,준수,True,,"기존 후보의 한 물리적 원문 행에 국가별 값이 함께 있으므로, 원문을 분리 검토한 모든 대응 관찰을 연결함. 기존 후보의 불명 국가 범위를 임의로 한 국가에 귀속하지 않음.",,,
CLA-06-N-00234,CLA-06,CLA-06-INH-E001-U1-Public_Opinion;CLA-06-INH-E002-U1-Public_Opinion,준수,True,,"기존 후보의 한 물리적 원문 행에 국가별 값이 함께 있으므로, 원문을 분리 검토한 모든 대응 관찰을 연결함. 기존 후보의 불명 국가 범위를 임의로 한 국가에 귀속하지 않음.",,,
CLA-06-N-00235,CLA-06,CLA-06-INH-E001-U1-Leadership_Unity;CLA-06-INH-E002-U1-Leadership_Unity,준수,True,,"기존 후보의 한 물리적 원문 행에 국가별 값이 함께 있으므로, 원문을 분리 검토한 모든 대응 관찰을 연결함. 기존 후보의 불명 국가 범위를 임의로 한 국가에 귀속하지 않음.",,,
CLA-06-N-00236,CLA-06,CLA-06-INH-E003-U1-Tension,준수,True,,물리적 원문 행을 직접 검토한 부모 연결의 목표 상태에 대응시킴. 기존 자동 분기키는 부모 판단에 사용하지 않음.,,,
CLA-06-N-00237,CLA-06,CLA-06-INH-E003-U1-Diplomatic_Support,준수,True,,물리적 원문 행을 직접 검토한 부모 연결의 목표 상태에 대응시킴. 기존 자동 분기키는 부모 판단에 사용하지 않음.,,,
CLA-06-N-00238,CLA-06,CLA-06-INH-E003-U1-Public_Opinion,준수,True,,물리적 원문 행을 직접 검토한 부모 연결의 목표 상태에 대응시킴. 기존 자동 분기키는 부모 판단에 사용하지 않음.,,,
CLA-06-N-00239,CLA-06,CLA-06-INH-E003-U1-Leadership_Unity,준수,True,,물리적 원문 행을 직접 검토한 부모 연결의 목표 상태에 대응시킴. 기존 자동 분기키는 부모 판단에 사용하지 않음.,,,
CLA-06-N-00240,CLA-06,CLA-06-INH-E005-U1-Tension,준수,True,,물리적 원문 행을 직접 검토한 부모 연결의 목표 상태에 대응시킴. 기존 자동 분기키는 부모 판단에 사용하지 않음.,,,
CLA-06-N-00241,CLA-06,CLA-06-INH-E005-U1-Diplomatic_Support,준수,True,,물리적 원문 행을 직접 검토한 부모 연결의 목표 상태에 대응시킴. 기존 자동 분기키는 부모 판단에 사용하지 않음.,,,
CLA-06-N-00242,CLA-06,CLA-06-INH-E005-U1-Public_Opinion;CLA-06-INH-E006-U1-Public_Opinion,준수,True,,"기존 후보의 한 물리적 원문 행에 국가별 값이 함께 있으므로, 원문을 분리 검토한 모든 대응 관찰을 연결함. 기존 후보의 불명 국가 범위를 임의로 한 국가에 귀속하지 않음.",,,
CLA-06-N-00243,CLA-06,CLA-06-INH-E005-U1-Leadership_Unity;CLA-06-INH-E006-U1-Leadership_Unity,준수,True,,"기존 후보의 한 물리적 원문 행에 국가별 값이 함께 있으므로, 원문을 분리 검토한 모든 대응 관찰을 연결함. 기존 후보의 불명 국가 범위를 임의로 한 국가에 귀속하지 않음.",,,
CLA-06-N-00244,CLA-06,CLA-06-INH-E007-U1-Tension,준수,True,,물리적 원문 행을 직접 검토한 부모 연결의 목표 상태에 대응시킴. 기존 자동 분기키는 부모 판단에 사용하지 않음.,,,
CLA-06-N-00245,CLA-06,CLA-06-INH-E007-U1-Diplomatic_Support,준수,True,,물리적 원문 행을 직접 검토한 부모 연결의 목표 상태에 대응시킴. 기존 자동 분기키는 부모 판단에 사용하지 않음.,,,
CLA-06-N-00246,CLA-06,CLA-06-INH-E007-U1-Public_Opinion,준수,True,,물리적 원문 행을 직접 검토한 부모 연결의 목표 상태에 대응시킴. 기존 자동 분기키는 부모 판단에 사용하지 않음.,,,
CLA-06-N-00247,CLA-06,CLA-06-INH-E007-U1-Leadership_Unity;CLA-06-INH-E008-U1-Leadership_Unity,준수,True,,"기존 후보의 한 물리적 원문 행에 국가별 값이 함께 있으므로, 원문을 분리 검토한 모든 대응 관찰을 연결함. 기존 후보의 불명 국가 범위를 임의로 한 국가에 귀속하지 않음.",,,
CLA-06-N-00248,CLA-06,CLA-06-INH-E009-U1-Tension,준수,True,,물리적 원문 행을 직접 검토한 부모 연결의 목표 상태에 대응시킴. 기존 자동 분기키는 부모 판단에 사용하지 않음.,,,
CLA-06-N-00249,CLA-06,CLA-06-INH-E009-U1-Diplomatic_Support,준수,True,,물리적 원문 행을 직접 검토한 부모 연결의 목표 상태에 대응시킴. 기존 자동 분기키는 부모 판단에 사용하지 않음.,,,
CLA-06-N-00250,CLA-06,CLA-06-INH-E009-U1-Public_Opinion;CLA-06-INH-E010-U1-Public_Opinion,준수,True,,"기존 후보의 한 물리적 원문 행에 국가별 값이 함께 있으므로, 원문을 분리 검토한 모든 대응 관찰을 연결함. 기존 후보의 불명 국가 범위를 임의로 한 국가에 귀속하지 않음.",,,
CLA-06-N-00251,CLA-06,CLA-06-INH-E009-U1-Leadership_Unity,준수,True,,물리적 원문 행을 직접 검토한 부모 연결의 목표 상태에 대응시킴. 기존 자동 분기키는 부모 판단에 사용하지 않음.,,,
CLA-06-N-00252,CLA-06,CLA-06-INH-E011-U1-Tension,준수,True,,물리적 원문 행을 직접 검토한 부모 연결의 목표 상태에 대응시킴. 기존 자동 분기키는 부모 판단에 사용하지 않음.,,,
CLA-06-N-00253,CLA-06,CLA-06-INH-E011-U1-Diplomatic_Support,준수,True,,물리적 원문 행을 직접 검토한 부모 연결의 목표 상태에 대응시킴. 기존 자동 분기키는 부모 판단에 사용하지 않음.,,,
CLA-06-N-00254,CLA-06,CLA-06-INH-E011-U1-Public_Opinion,준수,True,,물리적 원문 행을 직접 검토한 부모 연결의 목표 상태에 대응시킴. 기존 자동 분기키는 부모 판단에 사용하지 않음.,,,
CLA-06-N-00255,CLA-06,CLA-06-INH-E011-U1-Leadership_Unity,준수,True,,물리적 원문 행을 직접 검토한 부모 연결의 목표 상태에 대응시킴. 기존 자동 분기키는 부모 판단에 사용하지 않음.,,,
CLA-06-N-00256,CLA-06,CLA-06-INH-E013-U1-Tension;CLA-06-INH-E014-U1-Tension,준수,True,,"기존 후보의 한 물리적 원문 행에 국가별 값이 함께 있으므로, 원문을 분리 검토한 모든 대응 관찰을 연결함. 기존 후보의 불명 국가 범위를 임의로 한 국가에 귀속하지 않음.",,,
CLA-06-N-00257,CLA-06,CLA-06-INH-E013-U1-Diplomatic_Support,준수,True,,물리적 원문 행을 직접 검토한 부모 연결의 목표 상태에 대응시킴. 기존 자동 분기키는 부모 판단에 사용하지 않음.,,,
CLA-06-N-00258,CLA-06,CLA-06-INH-E013-U1-Public_Opinion,준수,True,,물리적 원문 행을 직접 검토한 부모 연결의 목표 상태에 대응시킴. 기존 자동 분기키는 부모 판단에 사용하지 않음.,,,
CLA-06-N-00259,CLA-06,CLA-06-INH-E013-U1-Leadership_Unity,준수,True,,물리적 원문 행을 직접 검토한 부모 연결의 목표 상태에 대응시킴. 기존 자동 분기키는 부모 판단에 사용하지 않음.,,,
CLA-06-N-00260,CLA-06,CLA-06-INH-E014-U1-Public_Opinion,준수,True,,물리적 원문 행을 직접 검토한 부모 연결의 목표 상태에 대응시킴. 기존 자동 분기키는 부모 판단에 사용하지 않음.,,,
CLA-06-N-00261,CLA-06,CLA-06-INH-E015-U1-Tension,준수,True,,물리적 원문 행을 직접 검토한 부모 연결의 목표 상태에 대응시킴. 기존 자동 분기키는 부모 판단에 사용하지 않음.,,,
CLA-06-N-00262,CLA-06,CLA-06-INH-E015-U1-Diplomatic_Support,준수,True,,물리적 원문 행을 직접 검토한 부모 연결의 목표 상태에 대응시킴. 기존 자동 분기키는 부모 판단에 사용하지 않음.,,,
CLA-06-N-00263,CLA-06,CLA-06-INH-E015-U1-Public_Opinion,준수,True,,물리적 원문 행을 직접 검토한 부모 연결의 목표 상태에 대응시킴. 기존 자동 분기키는 부모 판단에 사용하지 않음.,,,
CLA-06-N-00264,CLA-06,CLA-06-INH-E015-U1-Leadership_Unity,준수,True,,물리적 원문 행을 직접 검토한 부모 연결의 목표 상태에 대응시킴. 기존 자동 분기키는 부모 판단에 사용하지 않음.,,,
CLA-06-N-00265,CLA-06,CLA-06-INH-E016-U1-Public_Opinion,준수,True,,물리적 원문 행을 직접 검토한 부모 연결의 목표 상태에 대응시킴. 기존 자동 분기키는 부모 판단에 사용하지 않음.,,,
CLA-06-N-00266,CLA-06,CLA-06-INH-E017-U1-Tension,준수,True,,물리적 원문 행을 직접 검토한 부모 연결의 목표 상태에 대응시킴. 기존 자동 분기키는 부모 판단에 사용하지 않음.,,,
CLA-06-N-00267,CLA-06,CLA-06-INH-E017-U1-Diplomatic_Support,준수,True,,물리적 원문 행을 직접 검토한 부모 연결의 목표 상태에 대응시킴. 기존 자동 분기키는 부모 판단에 사용하지 않음.,,,
CLA-06-N-00268,CLA-06,CLA-06-INH-E017-U1-Public_Opinion,준수,True,,물리적 원문 행을 직접 검토한 부모 연결의 목표 상태에 대응시킴. 기존 자동 분기키는 부모 판단에 사용하지 않음.,,,
CLA-06-N-00269,CLA-06,CLA-06-INH-E017-U1-Leadership_Unity,준수,True,,물리적 원문 행을 직접 검토한 부모 연결의 목표 상태에 대응시킴. 기존 자동 분기키는 부모 판단에 사용하지 않음.,,,
CLA-08-N-00127,CLA-08,CLA-08-INH-E001-U1-Tension,준수,True,,물리적 원문 행을 직접 검토한 부모 연결의 목표 상태에 대응시킴. 기존 자동 분기키는 부모 판단에 사용하지 않음.,,,
CLA-08-N-00128,CLA-08,CLA-08-INH-E001-U1-Diplomatic_Support,준수,True,,물리적 원문 행을 직접 검토한 부모 연결의 목표 상태에 대응시킴. 기존 자동 분기키는 부모 판단에 사용하지 않음.,,,
CLA-08-N-00129,CLA-08,CLA-08-INH-E005-U1-Tension,준수,True,,물리적 원문 행을 직접 검토한 부모 연결의 목표 상태에 대응시킴. 기존 자동 분기키는 부모 판단에 사용하지 않음.,,,
CLA-08-N-00130,CLA-08,CLA-08-INH-E005-U1-Diplomatic_Support,준수,True,,물리적 원문 행을 직접 검토한 부모 연결의 목표 상태에 대응시킴. 기존 자동 분기키는 부모 판단에 사용하지 않음.,,,
CLA-08-N-00131,CLA-08,CLA-08-INH-E009-U1-Tension,준수,True,,물리적 원문 행을 직접 검토한 부모 연결의 목표 상태에 대응시킴. 기존 자동 분기키는 부모 판단에 사용하지 않음.,,,
CLA-08-N-00132,CLA-08,CLA-08-INH-E009-U1-Diplomatic_Support,준수,True,,물리적 원문 행을 직접 검토한 부모 연결의 목표 상태에 대응시킴. 기존 자동 분기키는 부모 판단에 사용하지 않음.,,,
CLA-08-N-00133,CLA-08,CLA-08-INH-E012-U1-Public_Opinion,준수,True,,물리적 원문 행을 직접 검토한 부모 연결의 목표 상태에 대응시킴. 기존 자동 분기키는 부모 판단에 사용하지 않음.,,,
CLA-08-N-00134,CLA-08,CLA-08-INH-E013-U1-Tension,준수,True,,물리적 원문 행을 직접 검토한 부모 연결의 목표 상태에 대응시킴. 기존 자동 분기키는 부모 판단에 사용하지 않음.,,,
CLA-08-N-00135,CLA-08,CLA-08-INH-E013-U1-Diplomatic_Support,준수,True,,물리적 원문 행을 직접 검토한 부모 연결의 목표 상태에 대응시킴. 기존 자동 분기키는 부모 판단에 사용하지 않음.,,,
CLA-08-N-00136,CLA-08,CLA-08-INH-E017-U1-Tension,준수,True,,물리적 원문 행을 직접 검토한 부모 연결의 목표 상태에 대응시킴. 기존 자동 분기키는 부모 판단에 사용하지 않음.,,,
CLA-08-N-00137,CLA-08,CLA-08-INH-E017-U1-Diplomatic_Support,준수,True,,물리적 원문 행을 직접 검토한 부모 연결의 목표 상태에 대응시킴. 기존 자동 분기키는 부모 판단에 사용하지 않음.,,,
CLA-08-N-00138,CLA-08,CLA-08-INH-E021-U1-Tension,준수,True,,물리적 원문 행을 직접 검토한 부모 연결의 목표 상태에 대응시킴. 기존 자동 분기키는 부모 판단에 사용하지 않음.,,,
CLA-08-N-00139,CLA-08,CLA-08-INH-E013-U2-Tension,준수,True,,물리적 원문 행을 직접 검토한 부모 연결의 목표 상태에 대응시킴. 기존 자동 분기키는 부모 판단에 사용하지 않음.,,,
CLA-08-N-00140,CLA-08,CLA-08-INH-E016-U1-Public_Opinion,준수,True,,물리적 원문 행을 직접 검토한 부모 연결의 목표 상태에 대응시킴. 기존 자동 분기키는 부모 판단에 사용하지 않음.,,,
CLA-08-N-00141,CLA-08,CLA-08-INH-E017-U2-Tension,준수,True,,물리적 원문 행을 직접 검토한 부모 연결의 목표 상태에 대응시킴. 기존 자동 분기키는 부모 판단에 사용하지 않음.,,,
CLA-08-N-00142,CLA-08,CLA-08-INH-E017-U2-Diplomatic_Support,준수,True,,물리적 원문 행을 직접 검토한 부모 연결의 목표 상태에 대응시킴. 기존 자동 분기키는 부모 판단에 사용하지 않음.,,,
CLA-08-N-00143,CLA-08,CLA-08-INH-E021-U2-Tension,준수,True,,물리적 원문 행을 직접 검토한 부모 연결의 목표 상태에 대응시킴. 기존 자동 분기키는 부모 판단에 사용하지 않음.,,,
CLA-08-N-00144,CLA-08,CLA-08-INH-E025-U1-Tension,준수,True,,물리적 원문 행을 직접 검토한 부모 연결의 목표 상태에 대응시킴. 기존 자동 분기키는 부모 판단에 사용하지 않음.,,,
CLA-08-N-00145,CLA-08,CLA-08-INH-E029-U1-Tension,준수,True,,물리적 원문 행을 직접 검토한 부모 연결의 목표 상태에 대응시킴. 기존 자동 분기키는 부모 판단에 사용하지 않음.,,,
CLA-08-N-00146,CLA-08,CLA-08-INH-E029-U1-Diplomatic_Support,준수,True,,물리적 원문 행을 직접 검토한 부모 연결의 목표 상태에 대응시킴. 기존 자동 분기키는 부모 판단에 사용하지 않음.,,,
CLA-08-N-00147,CLA-08,CLA-08-INH-E033-U1-Tension,준수,True,,물리적 원문 행을 직접 검토한 부모 연결의 목표 상태에 대응시킴. 기존 자동 분기키는 부모 판단에 사용하지 않음.,,,
CLA-08-N-00148,CLA-08,CLA-08-INH-E033-U1-Diplomatic_Support,준수,True,,물리적 원문 행을 직접 검토한 부모 연결의 목표 상태에 대응시킴. 기존 자동 분기키는 부모 판단에 사용하지 않음.,,,
CLA-08-N-00149,CLA-08,CLA-08-INH-E029-U2-Tension,준수,True,,물리적 원문 행을 직접 검토한 부모 연결의 목표 상태에 대응시킴. 기존 자동 분기키는 부모 판단에 사용하지 않음.,,,
CLA-08-N-00150,CLA-08,CLA-08-INH-E029-U2-Diplomatic_Support,준수,True,,물리적 원문 행을 직접 검토한 부모 연결의 목표 상태에 대응시킴. 기존 자동 분기키는 부모 판단에 사용하지 않음.,,,
CLA-08-N-00151,CLA-08,CLA-08-INH-E032-U1-Public_Opinion,준수,True,,물리적 원문 행을 직접 검토한 부모 연결의 목표 상태에 대응시킴. 기존 자동 분기키는 부모 판단에 사용하지 않음.,,,
CLA-15-N-00199,CLA-15,CLA-15-INH-E001-U1-Tension,준수,True,,물리적 원문 행을 직접 검토한 부모 연결의 목표 상태에 대응시킴. 기존 자동 분기키는 부모 판단에 사용하지 않음.,,,
CLA-15-N-00200,CLA-15,CLA-15-INH-E001-U1-Diplomatic_Support,준수,True,,물리적 원문 행을 직접 검토한 부모 연결의 목표 상태에 대응시킴. 기존 자동 분기키는 부모 판단에 사용하지 않음.,,,
CLA-15-N-00201,CLA-15,CLA-15-INH-E001-U1-Public_Opinion,준수,True,,물리적 원문 행을 직접 검토한 부모 연결의 목표 상태에 대응시킴. 기존 자동 분기키는 부모 판단에 사용하지 않음.,,,
CLA-15-N-00202,CLA-15,CLA-15-INH-E001-U1-Leadership_Unity,준수,True,,물리적 원문 행을 직접 검토한 부모 연결의 목표 상태에 대응시킴. 기존 자동 분기키는 부모 판단에 사용하지 않음.,,,
CLA-15-N-00203,CLA-15,CLA-15-INH-E002-U1-Tension,준수,True,,물리적 원문 행을 직접 검토한 부모 연결의 목표 상태에 대응시킴. 기존 자동 분기키는 부모 판단에 사용하지 않음.,,,
CLA-15-N-00204,CLA-15,CLA-15-INH-E002-U1-Diplomatic_Support,준수,True,,물리적 원문 행을 직접 검토한 부모 연결의 목표 상태에 대응시킴. 기존 자동 분기키는 부모 판단에 사용하지 않음.,,,
CLA-15-N-00205,CLA-15,CLA-15-INH-E002-U1-Public_Opinion,준수,True,,물리적 원문 행을 직접 검토한 부모 연결의 목표 상태에 대응시킴. 기존 자동 분기키는 부모 판단에 사용하지 않음.,,,
CLA-15-N-00206,CLA-15,CLA-15-INH-E002-U1-Leadership_Unity,준수,True,,물리적 원문 행을 직접 검토한 부모 연결의 목표 상태에 대응시킴. 기존 자동 분기키는 부모 판단에 사용하지 않음.,,,
CLA-15-N-00207,CLA-15,CLA-15-INH-E003-U1-Tension,준수,True,,물리적 원문 행을 직접 검토한 부모 연결의 목표 상태에 대응시킴. 기존 자동 분기키는 부모 판단에 사용하지 않음.,,,
CLA-15-N-00208,CLA-15,CLA-15-INH-E003-U1-Diplomatic_Support,준수,True,,물리적 원문 행을 직접 검토한 부모 연결의 목표 상태에 대응시킴. 기존 자동 분기키는 부모 판단에 사용하지 않음.,,,
CLA-15-N-00209,CLA-15,CLA-15-INH-E003-U1-Public_Opinion,준수,True,,물리적 원문 행을 직접 검토한 부모 연결의 목표 상태에 대응시킴. 기존 자동 분기키는 부모 판단에 사용하지 않음.,,,
CLA-15-N-00210,CLA-15,CLA-15-INH-E003-U1-Leadership_Unity,준수,True,,물리적 원문 행을 직접 검토한 부모 연결의 목표 상태에 대응시킴. 기존 자동 분기키는 부모 판단에 사용하지 않음.,,,
CLA-15-N-00211,CLA-15,CLA-15-INH-E004-U1-Leadership_Unity,준수,True,,물리적 원문 행을 직접 검토한 부모 연결의 목표 상태에 대응시킴. 기존 자동 분기키는 부모 판단에 사용하지 않음.,,,
CLA-15-N-00212,CLA-15,CLA-15-INH-E005-U1-Leadership_Unity,준수,True,,물리적 원문 행을 직접 검토한 부모 연결의 목표 상태에 대응시킴. 기존 자동 분기키는 부모 판단에 사용하지 않음.,,,
CLA-15-N-00213,CLA-15,CLA-15-INH-E006-U1-Leadership_Unity,준수,True,,물리적 원문 행을 직접 검토한 부모 연결의 목표 상태에 대응시킴. 기존 자동 분기키는 부모 판단에 사용하지 않음.,,,
CLA-15-N-00214,CLA-15,CLA-15-INH-E007-U1-Leadership_Unity,준수,True,,물리적 원문 행을 직접 검토한 부모 연결의 목표 상태에 대응시킴. 기존 자동 분기키는 부모 판단에 사용하지 않음.,,,
CLA-15-N-00215,CLA-15,CLA-15-INH-E008-U1-Leadership_Unity,판정 불가,True,record_missing_or_incomplete,물리적 원문 행을 직접 검토한 부모 연결의 목표 상태에 대응시킴. 기존 자동 분기키는 부모 판단에 사용하지 않음.,,,
CLA-15-N-00216,CLA-15,CLA-15-INH-E009-U1-Leadership_Unity,판정 불가,True,record_missing_or_incomplete,물리적 원문 행을 직접 검토한 부모 연결의 목표 상태에 대응시킴. 기존 자동 분기키는 부모 판단에 사용하지 않음.,,,
CLA-17-N-00127,CLA-17,CLA-17-INH-E001-U1-Tension,준수,True,,물리적 원문 행을 직접 검토한 부모 연결의 목표 상태에 대응시킴. 기존 자동 분기키는 부모 판단에 사용하지 않음.,,,
CLA-17-N-00128,CLA-17,CLA-17-INH-E001-U1-Diplomatic_Support,준수,True,,물리적 원문 행을 직접 검토한 부모 연결의 목표 상태에 대응시킴. 기존 자동 분기키는 부모 판단에 사용하지 않음.,,,
CLA-17-N-00129,CLA-17,CLA-17-INH-E004-U1-Tension,준수,True,,물리적 원문 행을 직접 검토한 부모 연결의 목표 상태에 대응시킴. 기존 자동 분기키는 부모 판단에 사용하지 않음.,,,
CLA-17-N-00130,CLA-17,CLA-17-INH-E004-U1-Diplomatic_Support,준수,True,,물리적 원문 행을 직접 검토한 부모 연결의 목표 상태에 대응시킴. 기존 자동 분기키는 부모 판단에 사용하지 않음.,,,
CLA-17-N-00131,CLA-17,CLA-17-INH-E007-U1-Tension,준수,True,,물리적 원문 행을 직접 검토한 부모 연결의 목표 상태에 대응시킴. 기존 자동 분기키는 부모 판단에 사용하지 않음.,,,
CLA-17-N-00132,CLA-17,CLA-17-INH-E007-U1-Diplomatic_Support,준수,True,,물리적 원문 행을 직접 검토한 부모 연결의 목표 상태에 대응시킴. 기존 자동 분기키는 부모 판단에 사용하지 않음.,,,
CLA-17-N-00133,CLA-17,CLA-17-INH-E010-U1-Tension,준수,True,,물리적 원문 행을 직접 검토한 부모 연결의 목표 상태에 대응시킴. 기존 자동 분기키는 부모 판단에 사용하지 않음.,,,
CLA-17-N-00134,CLA-17,CLA-17-INH-E010-U1-Diplomatic_Support,준수,True,,물리적 원문 행을 직접 검토한 부모 연결의 목표 상태에 대응시킴. 기존 자동 분기키는 부모 판단에 사용하지 않음.,,,
CLA-17-N-00135,CLA-17,CLA-17-INH-E013-U1-Tension,준수,True,,물리적 원문 행을 직접 검토한 부모 연결의 목표 상태에 대응시킴. 기존 자동 분기키는 부모 판단에 사용하지 않음.,,,
CLA-17-N-00136,CLA-17,CLA-17-INH-E013-U1-Diplomatic_Support,준수,True,,물리적 원문 행을 직접 검토한 부모 연결의 목표 상태에 대응시킴. 기존 자동 분기키는 부모 판단에 사용하지 않음.,,,
CLA-17-N-00137,CLA-17,CLA-17-INH-E016-U1-Tension,준수,True,,물리적 원문 행을 직접 검토한 부모 연결의 목표 상태에 대응시킴. 기존 자동 분기키는 부모 판단에 사용하지 않음.,,,
CLA-17-N-00138,CLA-17,CLA-17-INH-E016-U1-Diplomatic_Support,준수,True,,물리적 원문 행을 직접 검토한 부모 연결의 목표 상태에 대응시킴. 기존 자동 분기키는 부모 판단에 사용하지 않음.,,,
CLA-17-N-00139,CLA-17,CLA-17-INH-E019-U1-Tension,준수,True,,물리적 원문 행을 직접 검토한 부모 연결의 목표 상태에 대응시킴. 기존 자동 분기키는 부모 판단에 사용하지 않음.,,,
CLA-17-N-00140,CLA-17,CLA-17-INH-E019-U1-Diplomatic_Support,준수,True,,물리적 원문 행을 직접 검토한 부모 연결의 목표 상태에 대응시킴. 기존 자동 분기키는 부모 판단에 사용하지 않음.,,,
CLA-17-N-00141,CLA-17,CLA-17-INH-E019-U1-Public_Opinion,준수,True,,물리적 원문 행을 직접 검토한 부모 연결의 목표 상태에 대응시킴. 기존 자동 분기키는 부모 판단에 사용하지 않음.,,,
CLA-17-N-00142,CLA-17,CLA-17-INH-E022-U1-Tension,준수,True,,물리적 원문 행을 직접 검토한 부모 연결의 목표 상태에 대응시킴. 기존 자동 분기키는 부모 판단에 사용하지 않음.,,,
CLA-17-N-00143,CLA-17,CLA-17-INH-E022-U1-Diplomatic_Support,준수,True,,물리적 원문 행을 직접 검토한 부모 연결의 목표 상태에 대응시킴. 기존 자동 분기키는 부모 판단에 사용하지 않음.,,,
CLA-17-N-00144,CLA-17,CLA-17-INH-E022-U1-Public_Opinion,준수,True,,물리적 원문 행을 직접 검토한 부모 연결의 목표 상태에 대응시킴. 기존 자동 분기키는 부모 판단에 사용하지 않음.,,,
CLA-17-N-00145,CLA-17,CLA-17-INH-E025-U1-Tension,준수,True,,물리적 원문 행을 직접 검토한 부모 연결의 목표 상태에 대응시킴. 기존 자동 분기키는 부모 판단에 사용하지 않음.,,,
CLA-17-N-00146,CLA-17,CLA-17-INH-E025-U1-Diplomatic_Support,준수,True,,물리적 원문 행을 직접 검토한 부모 연결의 목표 상태에 대응시킴. 기존 자동 분기키는 부모 판단에 사용하지 않음.,,,
CLA-17-N-00147,CLA-17,CLA-17-INH-E025-U1-Public_Opinion,준수,True,,물리적 원문 행을 직접 검토한 부모 연결의 목표 상태에 대응시킴. 기존 자동 분기키는 부모 판단에 사용하지 않음.,,,
CLA-19-N-00050,CLA-19,CLA-19-INH-E001-U1-Leadership_Unity;CLA-19-INH-E002-U1-Leadership_Unity,준수,True,,"기존 후보의 한 물리적 원문 행에 국가별 값이 함께 있으므로, 원문을 분리 검토한 모든 대응 관찰을 연결함. 기존 후보의 불명 국가 범위를 임의로 한 국가에 귀속하지 않음.",,,
CLA-19-N-00051,CLA-19,CLA-19-INH-E004-U1-Leadership_Unity,준수,True,,물리적 원문 행을 직접 검토한 부모 연결의 목표 상태에 대응시킴. 기존 자동 분기키는 부모 판단에 사용하지 않음.,,,
CLA-19-N-00052,CLA-19,CLA-19-INH-E006-U1-Leadership_Unity,준수,True,,물리적 원문 행을 직접 검토한 부모 연결의 목표 상태에 대응시킴. 기존 자동 분기키는 부모 판단에 사용하지 않음.,,,
CLA-19-N-00053,CLA-19,CLA-19-INH-E008-U1-Leadership_Unity,준수,True,,물리적 원문 행을 직접 검토한 부모 연결의 목표 상태에 대응시킴. 기존 자동 분기키는 부모 판단에 사용하지 않음.,,,
CLA-19-N-00054,CLA-19,CLA-19-INH-E010-U1-Leadership_Unity,준수,True,,물리적 원문 행을 직접 검토한 부모 연결의 목표 상태에 대응시킴. 기존 자동 분기키는 부모 판단에 사용하지 않음.,,,
CLA-19-N-00055,CLA-19,CLA-19-INH-E012-U1-Leadership_Unity,준수,True,,물리적 원문 행을 직접 검토한 부모 연결의 목표 상태에 대응시킴. 기존 자동 분기키는 부모 판단에 사용하지 않음.,,,
CLA-19-N-00056,CLA-19,CLA-19-INH-E014-U1-Leadership_Unity,준수,True,,물리적 원문 행을 직접 검토한 부모 연결의 목표 상태에 대응시킴. 기존 자동 분기키는 부모 판단에 사용하지 않음.,,,
CLA-19-N-00057,CLA-19,CLA-19-INH-E016-U1-Leadership_Unity,준수,True,,물리적 원문 행을 직접 검토한 부모 연결의 목표 상태에 대응시킴. 기존 자동 분기키는 부모 판단에 사용하지 않음.,,,
CLA-19-N-00058,CLA-19,CLA-19-INH-E018-U1-Leadership_Unity,준수,True,,물리적 원문 행을 직접 검토한 부모 연결의 목표 상태에 대응시킴. 기존 자동 분기키는 부모 판단에 사용하지 않음.,,,
CLA-20-N-00112,CLA-20,CLA-20-INH-E008-U1-Leadership_Unity,준수,True,,물리적 원문 행을 직접 검토한 부모 연결의 목표 상태에 대응시킴. 기존 자동 분기키는 부모 판단에 사용하지 않음.,,,
CLA-20-N-00113,CLA-20,CLA-20-INH-E010-U1-Leadership_Unity,준수,True,,물리적 원문 행을 직접 검토한 부모 연결의 목표 상태에 대응시킴. 기존 자동 분기키는 부모 판단에 사용하지 않음.,,,
CLA-20-N-00114,CLA-20,CLA-20-INH-E012-U1-Leadership_Unity,준수,True,,물리적 원문 행을 직접 검토한 부모 연결의 목표 상태에 대응시킴. 기존 자동 분기키는 부모 판단에 사용하지 않음.,,,
CLA-20-N-00115,CLA-20,CLA-20-INH-E014-U1-Leadership_Unity,준수,True,,물리적 원문 행을 직접 검토한 부모 연결의 목표 상태에 대응시킴. 기존 자동 분기키는 부모 판단에 사용하지 않음.,,,
CLA-20-N-00116,CLA-20,CLA-20-INH-E015-U1-Leadership_Unity;CLA-20-INH-E016-U1-Leadership_Unity,준수,True,,"기존 후보의 한 물리적 원문 행에 국가별 값이 함께 있으므로, 원문을 분리 검토한 모든 대응 관찰을 연결함. 기존 후보의 불명 국가 범위를 임의로 한 국가에 귀속하지 않음.",,,
CLA-20-N-00117,CLA-20,CLA-20-INH-E018-U1-Leadership_Unity,준수,True,,물리적 원문 행을 직접 검토한 부모 연결의 목표 상태에 대응시킴. 기존 자동 분기키는 부모 판단에 사용하지 않음.,,,
CLA-21-N-00269,CLA-21,CLA-21-INH-E001-U1-Tension,준수,True,,물리적 원문 행을 직접 검토한 부모 연결의 목표 상태에 대응시킴. 기존 자동 분기키는 부모 판단에 사용하지 않음.,,,
CLA-21-N-00270,CLA-21,CLA-21-INH-E001-U1-Diplomatic_Support,준수,True,,물리적 원문 행을 직접 검토한 부모 연결의 목표 상태에 대응시킴. 기존 자동 분기키는 부모 판단에 사용하지 않음.,,,
CLA-21-N-00271,CLA-21,CLA-21-INH-E001-U1-Public_Opinion,준수,True,,물리적 원문 행을 직접 검토한 부모 연결의 목표 상태에 대응시킴. 기존 자동 분기키는 부모 판단에 사용하지 않음.,,,
CLA-21-N-00272,CLA-21,CLA-21-INH-E001-U1-Leadership_Unity,준수,True,,물리적 원문 행을 직접 검토한 부모 연결의 목표 상태에 대응시킴. 기존 자동 분기키는 부모 판단에 사용하지 않음.,,,
CLA-21-N-00273,CLA-21,CLA-21-INH-E002-U1-Tension,준수,True,,물리적 원문 행을 직접 검토한 부모 연결의 목표 상태에 대응시킴. 기존 자동 분기키는 부모 판단에 사용하지 않음.,,,
CLA-21-N-00274,CLA-21,CLA-21-INH-E002-U1-Diplomatic_Support,준수,True,,물리적 원문 행을 직접 검토한 부모 연결의 목표 상태에 대응시킴. 기존 자동 분기키는 부모 판단에 사용하지 않음.,,,
CLA-21-N-00275,CLA-21,CLA-21-INH-E002-U1-Public_Opinion,준수,True,,물리적 원문 행을 직접 검토한 부모 연결의 목표 상태에 대응시킴. 기존 자동 분기키는 부모 판단에 사용하지 않음.,,,
CLA-21-N-00276,CLA-21,CLA-21-INH-E002-U1-Leadership_Unity,준수,True,,물리적 원문 행을 직접 검토한 부모 연결의 목표 상태에 대응시킴. 기존 자동 분기키는 부모 판단에 사용하지 않음.,,,
CLA-21-N-00277,CLA-21,CLA-21-INH-E003-U1-Tension,준수,True,,물리적 원문 행을 직접 검토한 부모 연결의 목표 상태에 대응시킴. 기존 자동 분기키는 부모 판단에 사용하지 않음.,,,
CLA-21-N-00278,CLA-21,CLA-21-INH-E003-U1-Diplomatic_Support,준수,True,,물리적 원문 행을 직접 검토한 부모 연결의 목표 상태에 대응시킴. 기존 자동 분기키는 부모 판단에 사용하지 않음.,,,
CLA-21-N-00279,CLA-21,CLA-21-INH-E003-U1-Public_Opinion,준수,True,,물리적 원문 행을 직접 검토한 부모 연결의 목표 상태에 대응시킴. 기존 자동 분기키는 부모 판단에 사용하지 않음.,,,
CLA-21-N-00280,CLA-21,CLA-21-INH-E003-U1-Leadership_Unity,준수,True,,물리적 원문 행을 직접 검토한 부모 연결의 목표 상태에 대응시킴. 기존 자동 분기키는 부모 판단에 사용하지 않음.,,,
CLA-21-N-00281,CLA-21,CLA-21-INH-E001-U2-Tension,준수,True,,물리적 원문 행을 직접 검토한 부모 연결의 목표 상태에 대응시킴. 기존 자동 분기키는 부모 판단에 사용하지 않음.,,,
CLA-21-N-00282,CLA-21,CLA-21-INH-E001-U2-Diplomatic_Support,준수,True,,물리적 원문 행을 직접 검토한 부모 연결의 목표 상태에 대응시킴. 기존 자동 분기키는 부모 판단에 사용하지 않음.,,,
CLA-21-N-00283,CLA-21,CLA-21-INH-E001-U2-Public_Opinion,준수,True,,물리적 원문 행을 직접 검토한 부모 연결의 목표 상태에 대응시킴. 기존 자동 분기키는 부모 판단에 사용하지 않음.,,,
CLA-21-N-00284,CLA-21,CLA-21-INH-E001-U2-Leadership_Unity,준수,True,,물리적 원문 행을 직접 검토한 부모 연결의 목표 상태에 대응시킴. 기존 자동 분기키는 부모 판단에 사용하지 않음.,,,
CLA-21-N-00285,CLA-21,CLA-21-INH-E003-U2-Diplomatic_Support,준수,True,,물리적 원문 행을 직접 검토한 부모 연결의 목표 상태에 대응시킴. 기존 자동 분기키는 부모 판단에 사용하지 않음.,,,
CLA-21-N-00286,CLA-21,CLA-21-INH-E003-U2-Public_Opinion,준수,True,,물리적 원문 행을 직접 검토한 부모 연결의 목표 상태에 대응시킴. 기존 자동 분기키는 부모 판단에 사용하지 않음.,,,
CLA-21-N-00287,CLA-21,CLA-21-INH-E003-U2-Leadership_Unity,준수,True,,물리적 원문 행을 직접 검토한 부모 연결의 목표 상태에 대응시킴. 기존 자동 분기키는 부모 판단에 사용하지 않음.,,,
CLA-21-N-00288,CLA-21,CLA-21-INH-E004-U1-Tension,준수,True,,물리적 원문 행을 직접 검토한 부모 연결의 목표 상태에 대응시킴. 기존 자동 분기키는 부모 판단에 사용하지 않음.,,,
CLA-21-N-00289,CLA-21,CLA-21-INH-E004-U1-Diplomatic_Support,준수,True,,물리적 원문 행을 직접 검토한 부모 연결의 목표 상태에 대응시킴. 기존 자동 분기키는 부모 판단에 사용하지 않음.,,,
CLA-21-N-00290,CLA-21,CLA-21-INH-E004-U1-Public_Opinion,준수,True,,물리적 원문 행을 직접 검토한 부모 연결의 목표 상태에 대응시킴. 기존 자동 분기키는 부모 판단에 사용하지 않음.,,,
CLA-21-N-00291,CLA-21,CLA-21-INH-E004-U1-Leadership_Unity,준수,True,,물리적 원문 행을 직접 검토한 부모 연결의 목표 상태에 대응시킴. 기존 자동 분기키는 부모 판단에 사용하지 않음.,,,
CLA-21-N-00292,CLA-21,CLA-21-INH-E005-U1-Tension,준수,True,,물리적 원문 행을 직접 검토한 부모 연결의 목표 상태에 대응시킴. 기존 자동 분기키는 부모 판단에 사용하지 않음.,,,
CLA-21-N-00293,CLA-21,CLA-21-INH-E005-U1-Diplomatic_Support,준수,True,,물리적 원문 행을 직접 검토한 부모 연결의 목표 상태에 대응시킴. 기존 자동 분기키는 부모 판단에 사용하지 않음.,,,
CLA-21-N-00294,CLA-21,CLA-21-INH-E005-U1-Public_Opinion,준수,True,,물리적 원문 행을 직접 검토한 부모 연결의 목표 상태에 대응시킴. 기존 자동 분기키는 부모 판단에 사용하지 않음.,,,
CLA-21-N-00295,CLA-21,CLA-21-INH-E005-U1-Leadership_Unity,준수,True,,물리적 원문 행을 직접 검토한 부모 연결의 목표 상태에 대응시킴. 기존 자동 분기키는 부모 판단에 사용하지 않음.,,,
CLA-21-N-00296,CLA-21,CLA-21-INH-E006-U1-Tension,준수,True,,물리적 원문 행을 직접 검토한 부모 연결의 목표 상태에 대응시킴. 기존 자동 분기키는 부모 판단에 사용하지 않음.,,,
CLA-21-N-00297,CLA-21,CLA-21-INH-E006-U1-Diplomatic_Support,준수,True,,물리적 원문 행을 직접 검토한 부모 연결의 목표 상태에 대응시킴. 기존 자동 분기키는 부모 판단에 사용하지 않음.,,,
CLA-21-N-00298,CLA-21,CLA-21-INH-E006-U1-Public_Opinion,준수,True,,물리적 원문 행을 직접 검토한 부모 연결의 목표 상태에 대응시킴. 기존 자동 분기키는 부모 판단에 사용하지 않음.,,,
CLA-21-N-00299,CLA-21,CLA-21-INH-E006-U1-Leadership_Unity,준수,True,,물리적 원문 행을 직접 검토한 부모 연결의 목표 상태에 대응시킴. 기존 자동 분기키는 부모 판단에 사용하지 않음.,,,
CLA-21-N-00300,CLA-21,CLA-21-INH-E004-U2-Tension,준수,True,,물리적 원문 행을 직접 검토한 부모 연결의 목표 상태에 대응시킴. 기존 자동 분기키는 부모 판단에 사용하지 않음.,,,
CLA-21-N-00301,CLA-21,CLA-21-INH-E004-U2-Diplomatic_Support,준수,True,,물리적 원문 행을 직접 검토한 부모 연결의 목표 상태에 대응시킴. 기존 자동 분기키는 부모 판단에 사용하지 않음.,,,
CLA-21-N-00302,CLA-21,CLA-21-INH-E004-U2-Public_Opinion,준수,True,,물리적 원문 행을 직접 검토한 부모 연결의 목표 상태에 대응시킴. 기존 자동 분기키는 부모 판단에 사용하지 않음.,,,
CLA-21-N-00303,CLA-21,CLA-21-INH-E004-U2-Leadership_Unity,준수,True,,물리적 원문 행을 직접 검토한 부모 연결의 목표 상태에 대응시킴. 기존 자동 분기키는 부모 판단에 사용하지 않음.,,,
CLA-21-N-00304,CLA-21,CLA-21-INH-E005-U2-Tension,준수,True,,물리적 원문 행을 직접 검토한 부모 연결의 목표 상태에 대응시킴. 기존 자동 분기키는 부모 판단에 사용하지 않음.,,,
CLA-21-N-00305,CLA-21,CLA-21-INH-E005-U2-Diplomatic_Support,준수,True,,물리적 원문 행을 직접 검토한 부모 연결의 목표 상태에 대응시킴. 기존 자동 분기키는 부모 판단에 사용하지 않음.,,,
CLA-21-N-00306,CLA-21,CLA-21-INH-E005-U2-Public_Opinion,준수,True,,물리적 원문 행을 직접 검토한 부모 연결의 목표 상태에 대응시킴. 기존 자동 분기키는 부모 판단에 사용하지 않음.,,,
CLA-21-N-00307,CLA-21,CLA-21-INH-E005-U2-Leadership_Unity,준수,True,,물리적 원문 행을 직접 검토한 부모 연결의 목표 상태에 대응시킴. 기존 자동 분기키는 부모 판단에 사용하지 않음.,,,
CLA-21-N-00308,CLA-21,CLA-21-INH-E006-U2-Diplomatic_Support,준수,True,,물리적 원문 행을 직접 검토한 부모 연결의 목표 상태에 대응시킴. 기존 자동 분기키는 부모 판단에 사용하지 않음.,,,
CLA-21-N-00309,CLA-21,CLA-21-INH-E006-U2-Public_Opinion,준수,True,,물리적 원문 행을 직접 검토한 부모 연결의 목표 상태에 대응시킴. 기존 자동 분기키는 부모 판단에 사용하지 않음.,,,
CLA-21-N-00310,CLA-21,CLA-21-INH-E006-U2-Leadership_Unity,준수,True,,물리적 원문 행을 직접 검토한 부모 연결의 목표 상태에 대응시킴. 기존 자동 분기키는 부모 판단에 사용하지 않음.,,,
CLA-21-N-00311,CLA-21,CLA-21-INH-E007-U1-Tension,준수,True,,물리적 원문 행을 직접 검토한 부모 연결의 목표 상태에 대응시킴. 기존 자동 분기키는 부모 판단에 사용하지 않음.,,,
CLA-21-N-00312,CLA-21,CLA-21-INH-E007-U1-Diplomatic_Support,준수,True,,물리적 원문 행을 직접 검토한 부모 연결의 목표 상태에 대응시킴. 기존 자동 분기키는 부모 판단에 사용하지 않음.,,,
CLA-21-N-00313,CLA-21,CLA-21-INH-E007-U1-Public_Opinion,준수,True,,물리적 원문 행을 직접 검토한 부모 연결의 목표 상태에 대응시킴. 기존 자동 분기키는 부모 판단에 사용하지 않음.,,,
CLA-21-N-00314,CLA-21,CLA-21-INH-E007-U1-Leadership_Unity,준수,True,,물리적 원문 행을 직접 검토한 부모 연결의 목표 상태에 대응시킴. 기존 자동 분기키는 부모 판단에 사용하지 않음.,,,
CLA-21-N-00315,CLA-21,CLA-21-INH-E008-U1-Tension,준수,True,,물리적 원문 행을 직접 검토한 부모 연결의 목표 상태에 대응시킴. 기존 자동 분기키는 부모 판단에 사용하지 않음.,,,
CLA-21-N-00316,CLA-21,CLA-21-INH-E008-U1-Diplomatic_Support,준수,True,,물리적 원문 행을 직접 검토한 부모 연결의 목표 상태에 대응시킴. 기존 자동 분기키는 부모 판단에 사용하지 않음.,,,
CLA-21-N-00317,CLA-21,CLA-21-INH-E008-U1-Public_Opinion,준수,True,,물리적 원문 행을 직접 검토한 부모 연결의 목표 상태에 대응시킴. 기존 자동 분기키는 부모 판단에 사용하지 않음.,,,
CLA-21-N-00318,CLA-21,CLA-21-INH-E008-U1-Leadership_Unity,준수,True,,물리적 원문 행을 직접 검토한 부모 연결의 목표 상태에 대응시킴. 기존 자동 분기키는 부모 판단에 사용하지 않음.,,,
CLA-21-N-00319,CLA-21,CLA-21-INH-E009-U1-Tension,준수,True,,물리적 원문 행을 직접 검토한 부모 연결의 목표 상태에 대응시킴. 기존 자동 분기키는 부모 판단에 사용하지 않음.,,,
CLA-21-N-00320,CLA-21,CLA-21-INH-E009-U1-Diplomatic_Support,준수,True,,물리적 원문 행을 직접 검토한 부모 연결의 목표 상태에 대응시킴. 기존 자동 분기키는 부모 판단에 사용하지 않음.,,,
CLA-21-N-00321,CLA-21,CLA-21-INH-E009-U1-Public_Opinion,준수,True,,물리적 원문 행을 직접 검토한 부모 연결의 목표 상태에 대응시킴. 기존 자동 분기키는 부모 판단에 사용하지 않음.,,,
CLA-21-N-00322,CLA-21,CLA-21-INH-E009-U1-Leadership_Unity,준수,True,,물리적 원문 행을 직접 검토한 부모 연결의 목표 상태에 대응시킴. 기존 자동 분기키는 부모 판단에 사용하지 않음.,,,
CLA-21-N-00323,CLA-21,CLA-21-INH-E007-U2-Tension,준수,True,,물리적 원문 행을 직접 검토한 부모 연결의 목표 상태에 대응시킴. 기존 자동 분기키는 부모 판단에 사용하지 않음.,,,
CLA-21-N-00324,CLA-21,CLA-21-INH-E007-U2-Diplomatic_Support,준수,True,,물리적 원문 행을 직접 검토한 부모 연결의 목표 상태에 대응시킴. 기존 자동 분기키는 부모 판단에 사용하지 않음.,,,
CLA-21-N-00325,CLA-21,CLA-21-INH-E007-U2-Public_Opinion,준수,True,,물리적 원문 행을 직접 검토한 부모 연결의 목표 상태에 대응시킴. 기존 자동 분기키는 부모 판단에 사용하지 않음.,,,
CLA-21-N-00326,CLA-21,CLA-21-INH-E007-U2-Leadership_Unity,준수,True,,물리적 원문 행을 직접 검토한 부모 연결의 목표 상태에 대응시킴. 기존 자동 분기키는 부모 판단에 사용하지 않음.,,,
CLA-21-N-00327,CLA-21,CLA-21-INH-E008-U2-Diplomatic_Support,준수,True,,물리적 원문 행을 직접 검토한 부모 연결의 목표 상태에 대응시킴. 기존 자동 분기키는 부모 판단에 사용하지 않음.,,,
CLA-21-N-00328,CLA-21,CLA-21-INH-E008-U2-Public_Opinion,준수,True,,물리적 원문 행을 직접 검토한 부모 연결의 목표 상태에 대응시킴. 기존 자동 분기키는 부모 판단에 사용하지 않음.,,,
CLA-21-N-00329,CLA-21,CLA-21-INH-E008-U2-Leadership_Unity,준수,True,,물리적 원문 행을 직접 검토한 부모 연결의 목표 상태에 대응시킴. 기존 자동 분기키는 부모 판단에 사용하지 않음.,,,
CLA-21-N-00330,CLA-21,CLA-21-INH-E009-U2-Diplomatic_Support,준수,True,,물리적 원문 행을 직접 검토한 부모 연결의 목표 상태에 대응시킴. 기존 자동 분기키는 부모 판단에 사용하지 않음.,,,
CLA-21-N-00331,CLA-21,CLA-21-INH-E009-U2-Public_Opinion,준수,True,,물리적 원문 행을 직접 검토한 부모 연결의 목표 상태에 대응시킴. 기존 자동 분기키는 부모 판단에 사용하지 않음.,,,
CLA-21-N-00332,CLA-21,CLA-21-INH-E009-U2-Leadership_Unity,준수,True,,물리적 원문 행을 직접 검토한 부모 연결의 목표 상태에 대응시킴. 기존 자동 분기키는 부모 판단에 사용하지 않음.,,,
CLA-22-N-00153,CLA-22,CLA-22-INH-E001-U2-Tension,준수,True,,물리적 원문 행을 직접 검토한 부모 연결의 목표 상태에 대응시킴. 기존 자동 분기키는 부모 판단에 사용하지 않음.,,,
CLA-22-N-00154,CLA-22,CLA-22-INH-E001-U2-Diplomatic_Support,준수,True,,물리적 원문 행을 직접 검토한 부모 연결의 목표 상태에 대응시킴. 기존 자동 분기키는 부모 판단에 사용하지 않음.,,,
CLA-22-N-00155,CLA-22,CLA-22-INH-E001-U2-Public_Opinion,준수,True,,물리적 원문 행을 직접 검토한 부모 연결의 목표 상태에 대응시킴. 기존 자동 분기키는 부모 판단에 사용하지 않음.,,,
CLA-22-N-00156,CLA-22,CLA-22-INH-E001-U2-Leadership_Unity,준수,True,,물리적 원문 행을 직접 검토한 부모 연결의 목표 상태에 대응시킴. 기존 자동 분기키는 부모 판단에 사용하지 않음.,,,
CLA-22-N-00157,CLA-22,CLA-22-INH-E002-U2-Diplomatic_Support,준수,True,,물리적 원문 행을 직접 검토한 부모 연결의 목표 상태에 대응시킴. 기존 자동 분기키는 부모 판단에 사용하지 않음.,,,
CLA-22-N-00158,CLA-22,CLA-22-INH-E002-U2-Public_Opinion,준수,True,,물리적 원문 행을 직접 검토한 부모 연결의 목표 상태에 대응시킴. 기존 자동 분기키는 부모 판단에 사용하지 않음.,,,
CLA-22-N-00159,CLA-22,CLA-22-INH-E002-U2-Leadership_Unity,준수,True,,물리적 원문 행을 직접 검토한 부모 연결의 목표 상태에 대응시킴. 기존 자동 분기키는 부모 판단에 사용하지 않음.,,,
CLA-22-N-00160,CLA-22,CLA-22-INH-E003-U2-Tension,준수,True,,물리적 원문 행을 직접 검토한 부모 연결의 목표 상태에 대응시킴. 기존 자동 분기키는 부모 판단에 사용하지 않음.,,,
CLA-22-N-00161,CLA-22,CLA-22-INH-E003-U2-Diplomatic_Support,준수,True,,물리적 원문 행을 직접 검토한 부모 연결의 목표 상태에 대응시킴. 기존 자동 분기키는 부모 판단에 사용하지 않음.,,,
CLA-22-N-00162,CLA-22,CLA-22-INH-E003-U2-Public_Opinion,준수,True,,물리적 원문 행을 직접 검토한 부모 연결의 목표 상태에 대응시킴. 기존 자동 분기키는 부모 판단에 사용하지 않음.,,,
CLA-22-N-00163,CLA-22,CLA-22-INH-E003-U2-Leadership_Unity,준수,True,,물리적 원문 행을 직접 검토한 부모 연결의 목표 상태에 대응시킴. 기존 자동 분기키는 부모 판단에 사용하지 않음.,,,
CLA-22-N-00164,CLA-22,CLA-22-INH-E004-U2-Tension,준수,True,,물리적 원문 행을 직접 검토한 부모 연결의 목표 상태에 대응시킴. 기존 자동 분기키는 부모 판단에 사용하지 않음.,,,
CLA-22-N-00165,CLA-22,CLA-22-INH-E004-U2-Diplomatic_Support,준수,True,,물리적 원문 행을 직접 검토한 부모 연결의 목표 상태에 대응시킴. 기존 자동 분기키는 부모 판단에 사용하지 않음.,,,
CLA-22-N-00166,CLA-22,CLA-22-INH-E004-U2-Public_Opinion,준수,True,,물리적 원문 행을 직접 검토한 부모 연결의 목표 상태에 대응시킴. 기존 자동 분기키는 부모 판단에 사용하지 않음.,,,
CLA-22-N-00167,CLA-22,CLA-22-INH-E004-U2-Leadership_Unity,준수,True,,물리적 원문 행을 직접 검토한 부모 연결의 목표 상태에 대응시킴. 기존 자동 분기키는 부모 판단에 사용하지 않음.,,,
CLA-22-N-00168,CLA-22,CLA-22-INH-E005-U2-Diplomatic_Support,준수,True,,물리적 원문 행을 직접 검토한 부모 연결의 목표 상태에 대응시킴. 기존 자동 분기키는 부모 판단에 사용하지 않음.,,,
CLA-22-N-00169,CLA-22,CLA-22-INH-E005-U2-Public_Opinion,준수,True,,물리적 원문 행을 직접 검토한 부모 연결의 목표 상태에 대응시킴. 기존 자동 분기키는 부모 판단에 사용하지 않음.,,,
CLA-22-N-00170,CLA-22,CLA-22-INH-E005-U2-Leadership_Unity,준수,True,,물리적 원문 행을 직접 검토한 부모 연결의 목표 상태에 대응시킴. 기존 자동 분기키는 부모 판단에 사용하지 않음.,,,
CLA-22-N-00171,CLA-22,CLA-22-INH-E006-U2-Tension,준수,True,,물리적 원문 행을 직접 검토한 부모 연결의 목표 상태에 대응시킴. 기존 자동 분기키는 부모 판단에 사용하지 않음.,,,
CLA-22-N-00172,CLA-22,CLA-22-INH-E006-U2-Diplomatic_Support,준수,True,,물리적 원문 행을 직접 검토한 부모 연결의 목표 상태에 대응시킴. 기존 자동 분기키는 부모 판단에 사용하지 않음.,,,
CLA-22-N-00173,CLA-22,CLA-22-INH-E006-U2-Public_Opinion,준수,True,,물리적 원문 행을 직접 검토한 부모 연결의 목표 상태에 대응시킴. 기존 자동 분기키는 부모 판단에 사용하지 않음.,,,
CLA-22-N-00174,CLA-22,CLA-22-INH-E006-U2-Leadership_Unity,준수,True,,물리적 원문 행을 직접 검토한 부모 연결의 목표 상태에 대응시킴. 기존 자동 분기키는 부모 판단에 사용하지 않음.,,,
CLA-22-N-00175,CLA-22,CLA-22-INH-E007-U2-Tension,준수,True,,물리적 원문 행을 직접 검토한 부모 연결의 목표 상태에 대응시킴. 기존 자동 분기키는 부모 판단에 사용하지 않음.,,,
CLA-22-N-00176,CLA-22,CLA-22-INH-E007-U2-Diplomatic_Support,준수,True,,물리적 원문 행을 직접 검토한 부모 연결의 목표 상태에 대응시킴. 기존 자동 분기키는 부모 판단에 사용하지 않음.,,,
CLA-22-N-00177,CLA-22,CLA-22-INH-E007-U2-Public_Opinion,준수,True,,물리적 원문 행을 직접 검토한 부모 연결의 목표 상태에 대응시킴. 기존 자동 분기키는 부모 판단에 사용하지 않음.,,,
CLA-22-N-00178,CLA-22,CLA-22-INH-E007-U2-Leadership_Unity,준수,True,,물리적 원문 행을 직접 검토한 부모 연결의 목표 상태에 대응시킴. 기존 자동 분기키는 부모 판단에 사용하지 않음.,,,
CLA-22-N-00179,CLA-22,CLA-22-INH-E009-U2-Tension,준수,True,,물리적 원문 행을 직접 검토한 부모 연결의 목표 상태에 대응시킴. 기존 자동 분기키는 부모 판단에 사용하지 않음.,,,
CLA-22-N-00180,CLA-22,CLA-22-INH-E009-U2-Diplomatic_Support,준수,True,,물리적 원문 행을 직접 검토한 부모 연결의 목표 상태에 대응시킴. 기존 자동 분기키는 부모 판단에 사용하지 않음.,,,
CLA-22-N-00181,CLA-22,CLA-22-INH-E009-U2-Public_Opinion,준수,True,,물리적 원문 행을 직접 검토한 부모 연결의 목표 상태에 대응시킴. 기존 자동 분기키는 부모 판단에 사용하지 않음.,,,
CLA-22-N-00182,CLA-22,CLA-22-INH-E009-U2-Leadership_Unity,준수,True,,물리적 원문 행을 직접 검토한 부모 연결의 목표 상태에 대응시킴. 기존 자동 분기키는 부모 판단에 사용하지 않음.,,,
CLA-24-N-00280,CLA-24,CLA-24-INH-E001-U1-Tension,준수,True,,물리적 원문 행을 직접 검토한 부모 연결의 목표 상태에 대응시킴. 기존 자동 분기키는 부모 판단에 사용하지 않음.,,,
CLA-24-N-00281,CLA-24,CLA-24-INH-E001-U1-Diplomatic_Support,준수,True,,물리적 원문 행을 직접 검토한 부모 연결의 목표 상태에 대응시킴. 기존 자동 분기키는 부모 판단에 사용하지 않음.,,,
CLA-24-N-00282,CLA-24,CLA-24-INH-E001-U1-Public_Opinion,준수,True,,물리적 원문 행을 직접 검토한 부모 연결의 목표 상태에 대응시킴. 기존 자동 분기키는 부모 판단에 사용하지 않음.,,,
CLA-24-N-00283,CLA-24,CLA-24-INH-E001-U1-Leadership_Unity,준수,True,,물리적 원문 행을 직접 검토한 부모 연결의 목표 상태에 대응시킴. 기존 자동 분기키는 부모 판단에 사용하지 않음.,,,
CLA-24-N-00284,CLA-24,CLA-24-INH-E002-U1-Tension,준수,True,,물리적 원문 행을 직접 검토한 부모 연결의 목표 상태에 대응시킴. 기존 자동 분기키는 부모 판단에 사용하지 않음.,,,
CLA-24-N-00285,CLA-24,CLA-24-INH-E002-U1-Diplomatic_Support,준수,True,,물리적 원문 행을 직접 검토한 부모 연결의 목표 상태에 대응시킴. 기존 자동 분기키는 부모 판단에 사용하지 않음.,,,
CLA-24-N-00286,CLA-24,CLA-24-INH-E002-U1-Public_Opinion,준수,True,,물리적 원문 행을 직접 검토한 부모 연결의 목표 상태에 대응시킴. 기존 자동 분기키는 부모 판단에 사용하지 않음.,,,
CLA-24-N-00287,CLA-24,CLA-24-INH-E010-U1-Leadership_Unity,판정 불가,True,source_internal_conflict,물리적 원문 행을 직접 검토한 부모 연결의 목표 상태에 대응시킴. 기존 자동 분기키는 부모 판단에 사용하지 않음.,,,
CLA-24-N-00288,CLA-24,CLA-24-INH-E003-U1-Tension,준수,True,,물리적 원문 행을 직접 검토한 부모 연결의 목표 상태에 대응시킴. 기존 자동 분기키는 부모 판단에 사용하지 않음.,,,
CLA-24-N-00289,CLA-24,CLA-24-INH-E003-U1-Diplomatic_Support,준수,True,,물리적 원문 행을 직접 검토한 부모 연결의 목표 상태에 대응시킴. 기존 자동 분기키는 부모 판단에 사용하지 않음.,,,
CLA-24-N-00290,CLA-24,CLA-24-INH-E003-U1-Public_Opinion,준수,True,,물리적 원문 행을 직접 검토한 부모 연결의 목표 상태에 대응시킴. 기존 자동 분기키는 부모 판단에 사용하지 않음.,,,
CLA-24-N-00291,CLA-24,CLA-24-INH-E003-U1-Leadership_Unity,준수,True,,물리적 원문 행을 직접 검토한 부모 연결의 목표 상태에 대응시킴. 기존 자동 분기키는 부모 판단에 사용하지 않음.,,,
CLA-24-N-00292,CLA-24,CLA-24-INH-E001-U2-Diplomatic_Support,준수,True,,물리적 원문 행을 직접 검토한 부모 연결의 목표 상태에 대응시킴. 기존 자동 분기키는 부모 판단에 사용하지 않음.,,,
CLA-24-N-00293,CLA-24,CLA-24-INH-E001-U2-Public_Opinion,준수,True,,물리적 원문 행을 직접 검토한 부모 연결의 목표 상태에 대응시킴. 기존 자동 분기키는 부모 판단에 사용하지 않음.,,,
CLA-24-N-00294,CLA-24,CLA-24-INH-E001-U2-Leadership_Unity,준수,True,,물리적 원문 행을 직접 검토한 부모 연결의 목표 상태에 대응시킴. 기존 자동 분기키는 부모 판단에 사용하지 않음.,,,
CLA-24-N-00295,CLA-24,CLA-24-INH-E002-U2-Diplomatic_Support,준수,True,,물리적 원문 행을 직접 검토한 부모 연결의 목표 상태에 대응시킴. 기존 자동 분기키는 부모 판단에 사용하지 않음.,,,
CLA-24-N-00296,CLA-24,CLA-24-INH-E002-U2-Public_Opinion,준수,True,,물리적 원문 행을 직접 검토한 부모 연결의 목표 상태에 대응시킴. 기존 자동 분기키는 부모 판단에 사용하지 않음.,,,
CLA-24-N-00297,CLA-24,CLA-24-INH-E010-U2-Leadership_Unity,판정 불가,True,source_internal_conflict,물리적 원문 행을 직접 검토한 부모 연결의 목표 상태에 대응시킴. 기존 자동 분기키는 부모 판단에 사용하지 않음.,,,
CLA-24-N-00298,CLA-24,CLA-24-INH-E003-U2-Tension,준수,True,,물리적 원문 행을 직접 검토한 부모 연결의 목표 상태에 대응시킴. 기존 자동 분기키는 부모 판단에 사용하지 않음.,,,
CLA-24-N-00299,CLA-24,CLA-24-INH-E003-U2-Diplomatic_Support,준수,True,,물리적 원문 행을 직접 검토한 부모 연결의 목표 상태에 대응시킴. 기존 자동 분기키는 부모 판단에 사용하지 않음.,,,
CLA-24-N-00300,CLA-24,CLA-24-INH-E003-U2-Public_Opinion,준수,True,,물리적 원문 행을 직접 검토한 부모 연결의 목표 상태에 대응시킴. 기존 자동 분기키는 부모 판단에 사용하지 않음.,,,
CLA-24-N-00301,CLA-24,CLA-24-INH-E003-U2-Leadership_Unity,준수,True,,물리적 원문 행을 직접 검토한 부모 연결의 목표 상태에 대응시킴. 기존 자동 분기키는 부모 판단에 사용하지 않음.,,,
CLA-24-N-00302,CLA-24,CLA-24-INH-E004-U1-Tension,준수,True,,물리적 원문 행을 직접 검토한 부모 연결의 목표 상태에 대응시킴. 기존 자동 분기키는 부모 판단에 사용하지 않음.,,,
CLA-24-N-00303,CLA-24,CLA-24-INH-E004-U1-Diplomatic_Support,준수,True,,물리적 원문 행을 직접 검토한 부모 연결의 목표 상태에 대응시킴. 기존 자동 분기키는 부모 판단에 사용하지 않음.,,,
CLA-24-N-00304,CLA-24,CLA-24-INH-E004-U1-Public_Opinion,준수,True,,물리적 원문 행을 직접 검토한 부모 연결의 목표 상태에 대응시킴. 기존 자동 분기키는 부모 판단에 사용하지 않음.,,,
CLA-24-N-00305,CLA-24,CLA-24-INH-E004-U1-Leadership_Unity,준수,True,,물리적 원문 행을 직접 검토한 부모 연결의 목표 상태에 대응시킴. 기존 자동 분기키는 부모 판단에 사용하지 않음.,,,
CLA-24-N-00306,CLA-24,CLA-24-INH-E005-U1-Tension,준수,True,,물리적 원문 행을 직접 검토한 부모 연결의 목표 상태에 대응시킴. 기존 자동 분기키는 부모 판단에 사용하지 않음.,,,
CLA-24-N-00307,CLA-24,CLA-24-INH-E005-U1-Diplomatic_Support,준수,True,,물리적 원문 행을 직접 검토한 부모 연결의 목표 상태에 대응시킴. 기존 자동 분기키는 부모 판단에 사용하지 않음.,,,
CLA-24-N-00308,CLA-24,CLA-24-INH-E005-U1-Public_Opinion,준수,True,,물리적 원문 행을 직접 검토한 부모 연결의 목표 상태에 대응시킴. 기존 자동 분기키는 부모 판단에 사용하지 않음.,,,
CLA-24-N-00309,CLA-24,CLA-24-INH-E005-U1-Leadership_Unity,준수,True,,물리적 원문 행을 직접 검토한 부모 연결의 목표 상태에 대응시킴. 기존 자동 분기키는 부모 판단에 사용하지 않음.,,,
CLA-24-N-00310,CLA-24,CLA-24-INH-E006-U1-Tension,준수,True,,물리적 원문 행을 직접 검토한 부모 연결의 목표 상태에 대응시킴. 기존 자동 분기키는 부모 판단에 사용하지 않음.,,,
CLA-24-N-00311,CLA-24,CLA-24-INH-E006-U1-Diplomatic_Support,준수,True,,물리적 원문 행을 직접 검토한 부모 연결의 목표 상태에 대응시킴. 기존 자동 분기키는 부모 판단에 사용하지 않음.,,,
CLA-24-N-00312,CLA-24,CLA-24-INH-E006-U1-Public_Opinion,준수,True,,물리적 원문 행을 직접 검토한 부모 연결의 목표 상태에 대응시킴. 기존 자동 분기키는 부모 판단에 사용하지 않음.,,,
CLA-24-N-00313,CLA-24,CLA-24-INH-E006-U1-Leadership_Unity,준수,True,,물리적 원문 행을 직접 검토한 부모 연결의 목표 상태에 대응시킴. 기존 자동 분기키는 부모 판단에 사용하지 않음.,,,
CLA-24-N-00314,CLA-24,CLA-24-INH-E004-U2-Tension,준수,True,,물리적 원문 행을 직접 검토한 부모 연결의 목표 상태에 대응시킴. 기존 자동 분기키는 부모 판단에 사용하지 않음.,,,
CLA-24-N-00315,CLA-24,CLA-24-INH-E004-U2-Public_Opinion,준수,True,,물리적 원문 행을 직접 검토한 부모 연결의 목표 상태에 대응시킴. 기존 자동 분기키는 부모 판단에 사용하지 않음.,,,
CLA-24-N-00316,CLA-24,CLA-24-INH-E004-U2-Leadership_Unity,준수,True,,물리적 원문 행을 직접 검토한 부모 연결의 목표 상태에 대응시킴. 기존 자동 분기키는 부모 판단에 사용하지 않음.,,,
CLA-24-N-00317,CLA-24,CLA-24-INH-E005-U2-Diplomatic_Support,준수,True,,물리적 원문 행을 직접 검토한 부모 연결의 목표 상태에 대응시킴. 기존 자동 분기키는 부모 판단에 사용하지 않음.,,,
CLA-24-N-00318,CLA-24,CLA-24-INH-E005-U2-Public_Opinion,준수,True,,물리적 원문 행을 직접 검토한 부모 연결의 목표 상태에 대응시킴. 기존 자동 분기키는 부모 판단에 사용하지 않음.,,,
CLA-24-N-00319,CLA-24,CLA-24-INH-E005-U2-Leadership_Unity,준수,True,,물리적 원문 행을 직접 검토한 부모 연결의 목표 상태에 대응시킴. 기존 자동 분기키는 부모 판단에 사용하지 않음.,,,
CLA-24-N-00320,CLA-24,CLA-24-INH-E006-U2-Diplomatic_Support,준수,True,,물리적 원문 행을 직접 검토한 부모 연결의 목표 상태에 대응시킴. 기존 자동 분기키는 부모 판단에 사용하지 않음.,,,
CLA-24-N-00321,CLA-24,CLA-24-INH-E006-U2-Public_Opinion,준수,True,,물리적 원문 행을 직접 검토한 부모 연결의 목표 상태에 대응시킴. 기존 자동 분기키는 부모 판단에 사용하지 않음.,,,
CLA-24-N-00322,CLA-24,CLA-24-INH-E006-U2-Leadership_Unity,준수,True,,물리적 원문 행을 직접 검토한 부모 연결의 목표 상태에 대응시킴. 기존 자동 분기키는 부모 판단에 사용하지 않음.,,,
CLA-24-N-00323,CLA-24,CLA-24-INH-E011-U1-Tension,판정 불가,True,source_internal_conflict,물리적 원문 행을 직접 검토한 부모 연결의 목표 상태에 대응시킴. 기존 자동 분기키는 부모 판단에 사용하지 않음.,,,
CLA-24-N-00324,CLA-24,CLA-24-INH-E007-U1-Diplomatic_Support,준수,True,,물리적 원문 행을 직접 검토한 부모 연결의 목표 상태에 대응시킴. 기존 자동 분기키는 부모 판단에 사용하지 않음.,,,
CLA-24-N-00325,CLA-24,CLA-24-INH-E011-U1-Public_Opinion,판정 불가,True,source_internal_conflict,물리적 원문 행을 직접 검토한 부모 연결의 목표 상태에 대응시킴. 기존 자동 분기키는 부모 판단에 사용하지 않음.,,,
CLA-24-N-00326,CLA-24,CLA-24-INH-E007-U1-Leadership_Unity,준수,True,,물리적 원문 행을 직접 검토한 부모 연결의 목표 상태에 대응시킴. 기존 자동 분기키는 부모 판단에 사용하지 않음.,,,
CLA-24-N-00327,CLA-24,CLA-24-INH-E008-U1-Tension,준수,True,,물리적 원문 행을 직접 검토한 부모 연결의 목표 상태에 대응시킴. 기존 자동 분기키는 부모 판단에 사용하지 않음.,,,
CLA-24-N-00328,CLA-24,CLA-24-INH-E008-U1-Diplomatic_Support,준수,True,,물리적 원문 행을 직접 검토한 부모 연결의 목표 상태에 대응시킴. 기존 자동 분기키는 부모 판단에 사용하지 않음.,,,
CLA-24-N-00329,CLA-24,CLA-24-INH-E008-U1-Public_Opinion,준수,True,,물리적 원문 행을 직접 검토한 부모 연결의 목표 상태에 대응시킴. 기존 자동 분기키는 부모 판단에 사용하지 않음.,,,
CLA-24-N-00330,CLA-24,CLA-24-INH-E008-U1-Leadership_Unity,준수,True,,물리적 원문 행을 직접 검토한 부모 연결의 목표 상태에 대응시킴. 기존 자동 분기키는 부모 판단에 사용하지 않음.,,,
CLA-24-N-00331,CLA-24,CLA-24-INH-E009-U1-Tension,준수,True,,물리적 원문 행을 직접 검토한 부모 연결의 목표 상태에 대응시킴. 기존 자동 분기키는 부모 판단에 사용하지 않음.,,,
CLA-24-N-00332,CLA-24,CLA-24-INH-E009-U1-Diplomatic_Support,준수,True,,물리적 원문 행을 직접 검토한 부모 연결의 목표 상태에 대응시킴. 기존 자동 분기키는 부모 판단에 사용하지 않음.,,,
CLA-24-N-00333,CLA-24,CLA-24-INH-E009-U1-Public_Opinion,준수,True,,물리적 원문 행을 직접 검토한 부모 연결의 목표 상태에 대응시킴. 기존 자동 분기키는 부모 판단에 사용하지 않음.,,,
CLA-24-N-00334,CLA-24,CLA-24-INH-E009-U1-Leadership_Unity,준수,True,,물리적 원문 행을 직접 검토한 부모 연결의 목표 상태에 대응시킴. 기존 자동 분기키는 부모 판단에 사용하지 않음.,,,
CLA-24-N-00335,CLA-24,CLA-24-INH-E011-U2-Tension,판정 불가,True,source_internal_conflict,물리적 원문 행을 직접 검토한 부모 연결의 목표 상태에 대응시킴. 기존 자동 분기키는 부모 판단에 사용하지 않음.,,,
CLA-24-N-00336,CLA-24,CLA-24-INH-E011-U2-Public_Opinion,판정 불가,True,source_internal_conflict,물리적 원문 행을 직접 검토한 부모 연결의 목표 상태에 대응시킴. 기존 자동 분기키는 부모 판단에 사용하지 않음.,,,
CLA-24-N-00337,CLA-24,CLA-24-INH-E007-U2-Leadership_Unity,준수,True,,물리적 원문 행을 직접 검토한 부모 연결의 목표 상태에 대응시킴. 기존 자동 분기키는 부모 판단에 사용하지 않음.,,,
CLA-24-N-00338,CLA-24,CLA-24-INH-E008-U2-Diplomatic_Support,준수,True,,물리적 원문 행을 직접 검토한 부모 연결의 목표 상태에 대응시킴. 기존 자동 분기키는 부모 판단에 사용하지 않음.,,,
CLA-24-N-00339,CLA-24,CLA-24-INH-E008-U2-Public_Opinion,준수,True,,물리적 원문 행을 직접 검토한 부모 연결의 목표 상태에 대응시킴. 기존 자동 분기키는 부모 판단에 사용하지 않음.,,,
CLA-24-N-00340,CLA-24,CLA-24-INH-E008-U2-Leadership_Unity,준수,True,,물리적 원문 행을 직접 검토한 부모 연결의 목표 상태에 대응시킴. 기존 자동 분기키는 부모 판단에 사용하지 않음.,,,
CLA-24-N-00341,CLA-24,CLA-24-INH-E009-U2-Tension,준수,True,,물리적 원문 행을 직접 검토한 부모 연결의 목표 상태에 대응시킴. 기존 자동 분기키는 부모 판단에 사용하지 않음.,,,
CLA-24-N-00342,CLA-24,CLA-24-INH-E009-U2-Diplomatic_Support,준수,True,,물리적 원문 행을 직접 검토한 부모 연결의 목표 상태에 대응시킴. 기존 자동 분기키는 부모 판단에 사용하지 않음.,,,
CLA-24-N-00343,CLA-24,CLA-24-INH-E009-U2-Public_Opinion,준수,True,,물리적 원문 행을 직접 검토한 부모 연결의 목표 상태에 대응시킴. 기존 자동 분기키는 부모 판단에 사용하지 않음.,,,
CLA-24-N-00344,CLA-24,CLA-24-INH-E009-U2-Leadership_Unity,준수,True,,물리적 원문 행을 직접 검토한 부모 연결의 목표 상태에 대응시킴. 기존 자동 분기키는 부모 판단에 사용하지 않음.,,,
CLA-25-N-00163,CLA-25,CLA-25-INH-E001-U1-Tension,준수,True,,물리적 원문 행을 직접 검토한 부모 연결의 목표 상태에 대응시킴. 기존 자동 분기키는 부모 판단에 사용하지 않음.,,,
CLA-25-N-00164,CLA-25,CLA-25-INH-E001-U1-Public_Opinion,준수,True,,물리적 원문 행을 직접 검토한 부모 연결의 목표 상태에 대응시킴. 기존 자동 분기키는 부모 판단에 사용하지 않음.,,,
CLA-25-N-00165,CLA-25,CLA-25-INH-E004-U1-Tension,준수,True,,물리적 원문 행을 직접 검토한 부모 연결의 목표 상태에 대응시킴. 기존 자동 분기키는 부모 판단에 사용하지 않음.,,,
CLA-25-N-00166,CLA-25,CLA-25-INH-E004-U1-Public_Opinion,준수,True,,물리적 원문 행을 직접 검토한 부모 연결의 목표 상태에 대응시킴. 기존 자동 분기키는 부모 판단에 사용하지 않음.,,,
CLA-25-N-00167,CLA-25,CLA-25-INH-E007-U1-Tension,준수,True,,물리적 원문 행을 직접 검토한 부모 연결의 목표 상태에 대응시킴. 기존 자동 분기키는 부모 판단에 사용하지 않음.,,,
CLA-25-N-00168,CLA-25,CLA-25-INH-E007-U1-Public_Opinion,준수,True,,물리적 원문 행을 직접 검토한 부모 연결의 목표 상태에 대응시킴. 기존 자동 분기키는 부모 판단에 사용하지 않음.,,,
CLA-27-N-00202,CLA-27,CLA-27-INH-E001-U1-Tension,준수,True,,물리적 원문 행을 직접 검토한 부모 연결의 목표 상태에 대응시킴. 기존 자동 분기키는 부모 판단에 사용하지 않음.,,,
CLA-27-N-00203,CLA-27,CLA-27-INH-E001-U1-Diplomatic_Support,준수,True,,물리적 원문 행을 직접 검토한 부모 연결의 목표 상태에 대응시킴. 기존 자동 분기키는 부모 판단에 사용하지 않음.,,,
CLA-27-N-00204,CLA-27,CLA-27-INH-E001-U1-Public_Opinion,준수,True,,물리적 원문 행을 직접 검토한 부모 연결의 목표 상태에 대응시킴. 기존 자동 분기키는 부모 판단에 사용하지 않음.,,,
CLA-27-N-00205,CLA-27,CLA-27-INH-E001-U1-Leadership_Unity,준수,True,,물리적 원문 행을 직접 검토한 부모 연결의 목표 상태에 대응시킴. 기존 자동 분기키는 부모 판단에 사용하지 않음.,,,
CLA-27-N-00206,CLA-27,CLA-27-INH-E002-U1-Tension,준수,True,,물리적 원문 행을 직접 검토한 부모 연결의 목표 상태에 대응시킴. 기존 자동 분기키는 부모 판단에 사용하지 않음.,,,
CLA-27-N-00207,CLA-27,CLA-27-INH-E002-U1-Diplomatic_Support,준수,True,,물리적 원문 행을 직접 검토한 부모 연결의 목표 상태에 대응시킴. 기존 자동 분기키는 부모 판단에 사용하지 않음.,,,
CLA-27-N-00208,CLA-27,CLA-27-INH-E002-U1-Public_Opinion,준수,True,,물리적 원문 행을 직접 검토한 부모 연결의 목표 상태에 대응시킴. 기존 자동 분기키는 부모 판단에 사용하지 않음.,,,
CLA-27-N-00209,CLA-27,CLA-27-INH-E002-U1-Leadership_Unity,준수,True,,물리적 원문 행을 직접 검토한 부모 연결의 목표 상태에 대응시킴. 기존 자동 분기키는 부모 판단에 사용하지 않음.,,,
CLA-27-N-00210,CLA-27,CLA-27-INH-E003-U1-Tension,준수,True,,물리적 원문 행을 직접 검토한 부모 연결의 목표 상태에 대응시킴. 기존 자동 분기키는 부모 판단에 사용하지 않음.,,,
CLA-27-N-00211,CLA-27,CLA-27-INH-E003-U1-Diplomatic_Support,준수,True,,물리적 원문 행을 직접 검토한 부모 연결의 목표 상태에 대응시킴. 기존 자동 분기키는 부모 판단에 사용하지 않음.,,,
CLA-27-N-00212,CLA-27,CLA-27-INH-E003-U1-Public_Opinion,준수,True,,물리적 원문 행을 직접 검토한 부모 연결의 목표 상태에 대응시킴. 기존 자동 분기키는 부모 판단에 사용하지 않음.,,,
CLA-27-N-00213,CLA-27,CLA-27-INH-E003-U1-Leadership_Unity,준수,True,,물리적 원문 행을 직접 검토한 부모 연결의 목표 상태에 대응시킴. 기존 자동 분기키는 부모 판단에 사용하지 않음.,,,
CLA-27-N-00214,CLA-27,CLA-27-INH-E004-U1-Tension,준수,True,,물리적 원문 행을 직접 검토한 부모 연결의 목표 상태에 대응시킴. 기존 자동 분기키는 부모 판단에 사용하지 않음.,,,
CLA-27-N-00215,CLA-27,CLA-27-INH-E004-U1-Diplomatic_Support,준수,True,,물리적 원문 행을 직접 검토한 부모 연결의 목표 상태에 대응시킴. 기존 자동 분기키는 부모 판단에 사용하지 않음.,,,
CLA-27-N-00216,CLA-27,CLA-27-INH-E004-U1-Public_Opinion,준수,True,,물리적 원문 행을 직접 검토한 부모 연결의 목표 상태에 대응시킴. 기존 자동 분기키는 부모 판단에 사용하지 않음.,,,
CLA-27-N-00217,CLA-27,CLA-27-INH-E004-U1-Leadership_Unity,준수,True,,물리적 원문 행을 직접 검토한 부모 연결의 목표 상태에 대응시킴. 기존 자동 분기키는 부모 판단에 사용하지 않음.,,,
CLA-27-N-00218,CLA-27,CLA-27-INH-E008-U1-Tension,준수,True,,물리적 원문 행을 직접 검토한 부모 연결의 목표 상태에 대응시킴. 기존 자동 분기키는 부모 판단에 사용하지 않음.,,,
CLA-27-N-00219,CLA-27,CLA-27-INH-E008-U1-Diplomatic_Support,준수,True,,물리적 원문 행을 직접 검토한 부모 연결의 목표 상태에 대응시킴. 기존 자동 분기키는 부모 판단에 사용하지 않음.,,,
CLA-27-N-00220,CLA-27,CLA-27-INH-E008-U1-Public_Opinion,준수,True,,물리적 원문 행을 직접 검토한 부모 연결의 목표 상태에 대응시킴. 기존 자동 분기키는 부모 판단에 사용하지 않음.,,,
CLA-27-N-00221,CLA-27,CLA-27-INH-E008-U1-Leadership_Unity,준수,True,,물리적 원문 행을 직접 검토한 부모 연결의 목표 상태에 대응시킴. 기존 자동 분기키는 부모 판단에 사용하지 않음.,,,
CLA-27-N-00222,CLA-27,CLA-27-INH-E009-U1-Tension,준수,True,,물리적 원문 행을 직접 검토한 부모 연결의 목표 상태에 대응시킴. 기존 자동 분기키는 부모 판단에 사용하지 않음.,,,
CLA-27-N-00223,CLA-27,CLA-27-INH-E009-U1-Diplomatic_Support,준수,True,,물리적 원문 행을 직접 검토한 부모 연결의 목표 상태에 대응시킴. 기존 자동 분기키는 부모 판단에 사용하지 않음.,,,
CLA-27-N-00224,CLA-27,CLA-27-INH-E009-U1-Public_Opinion,준수,True,,물리적 원문 행을 직접 검토한 부모 연결의 목표 상태에 대응시킴. 기존 자동 분기키는 부모 판단에 사용하지 않음.,,,
CLA-27-N-00225,CLA-27,CLA-27-INH-E009-U1-Leadership_Unity,준수,True,,물리적 원문 행을 직접 검토한 부모 연결의 목표 상태에 대응시킴. 기존 자동 분기키는 부모 판단에 사용하지 않음.,,,
CLA-27-N-00226,CLA-27,CLA-27-INH-E009-U2-Tension,준수,True,,물리적 원문 행을 직접 검토한 부모 연결의 목표 상태에 대응시킴. 기존 자동 분기키는 부모 판단에 사용하지 않음.,,,
CLA-27-N-00227,CLA-27,CLA-27-INH-E009-U2-Diplomatic_Support,준수,True,,물리적 원문 행을 직접 검토한 부모 연결의 목표 상태에 대응시킴. 기존 자동 분기키는 부모 판단에 사용하지 않음.,,,
CLA-27-N-00228,CLA-27,CLA-27-INH-E009-U2-Public_Opinion,준수,True,,물리적 원문 행을 직접 검토한 부모 연결의 목표 상태에 대응시킴. 기존 자동 분기키는 부모 판단에 사용하지 않음.,,,
CLA-27-N-00229,CLA-27,CLA-27-INH-E009-U2-Leadership_Unity,준수,True,,물리적 원문 행을 직접 검토한 부모 연결의 목표 상태에 대응시킴. 기존 자동 분기키는 부모 판단에 사용하지 않음.,,,
CLA-27-N-00230,CLA-27,CLA-27-INH-E005-U1-Tension,준수,True,,물리적 원문 행을 직접 검토한 부모 연결의 목표 상태에 대응시킴. 기존 자동 분기키는 부모 판단에 사용하지 않음.,,,
CLA-27-N-00231,CLA-27,CLA-27-INH-E005-U1-Diplomatic_Support,준수,True,,물리적 원문 행을 직접 검토한 부모 연결의 목표 상태에 대응시킴. 기존 자동 분기키는 부모 판단에 사용하지 않음.,,,
CLA-27-N-00232,CLA-27,CLA-27-INH-E005-U1-Public_Opinion,준수,True,,물리적 원문 행을 직접 검토한 부모 연결의 목표 상태에 대응시킴. 기존 자동 분기키는 부모 판단에 사용하지 않음.,,,
CLA-27-N-00233,CLA-27,CLA-27-INH-E005-U1-Leadership_Unity,준수,True,,물리적 원문 행을 직접 검토한 부모 연결의 목표 상태에 대응시킴. 기존 자동 분기키는 부모 판단에 사용하지 않음.,,,
CLA-27-N-00234,CLA-27,CLA-27-INH-E006-U1-Tension,준수,True,,물리적 원문 행을 직접 검토한 부모 연결의 목표 상태에 대응시킴. 기존 자동 분기키는 부모 판단에 사용하지 않음.,,,
CLA-27-N-00235,CLA-27,CLA-27-INH-E006-U1-Diplomatic_Support,준수,True,,물리적 원문 행을 직접 검토한 부모 연결의 목표 상태에 대응시킴. 기존 자동 분기키는 부모 판단에 사용하지 않음.,,,
CLA-27-N-00236,CLA-27,CLA-27-INH-E006-U1-Public_Opinion,준수,True,,물리적 원문 행을 직접 검토한 부모 연결의 목표 상태에 대응시킴. 기존 자동 분기키는 부모 판단에 사용하지 않음.,,,
CLA-27-N-00237,CLA-27,CLA-27-INH-E006-U1-Leadership_Unity,준수,True,,물리적 원문 행을 직접 검토한 부모 연결의 목표 상태에 대응시킴. 기존 자동 분기키는 부모 판단에 사용하지 않음.,,,
CLA-27-N-00238,CLA-27,CLA-27-INH-E007-U1-Tension,준수,True,,물리적 원문 행을 직접 검토한 부모 연결의 목표 상태에 대응시킴. 기존 자동 분기키는 부모 판단에 사용하지 않음.,,,
CLA-27-N-00239,CLA-27,CLA-27-INH-E007-U1-Diplomatic_Support,준수,True,,물리적 원문 행을 직접 검토한 부모 연결의 목표 상태에 대응시킴. 기존 자동 분기키는 부모 판단에 사용하지 않음.,,,
CLA-27-N-00240,CLA-27,CLA-27-INH-E007-U1-Public_Opinion,준수,True,,물리적 원문 행을 직접 검토한 부모 연결의 목표 상태에 대응시킴. 기존 자동 분기키는 부모 판단에 사용하지 않음.,,,
CLA-27-N-00241,CLA-27,CLA-27-INH-E007-U1-Leadership_Unity,준수,True,,물리적 원문 행을 직접 검토한 부모 연결의 목표 상태에 대응시킴. 기존 자동 분기키는 부모 판단에 사용하지 않음.,,,
CLA-27-N-00242,CLA-27,CLA-27-INH-E005-U2-Tension,준수,True,,물리적 원문 행을 직접 검토한 부모 연결의 목표 상태에 대응시킴. 기존 자동 분기키는 부모 판단에 사용하지 않음.,,,
CLA-27-N-00243,CLA-27,CLA-27-INH-E005-U2-Diplomatic_Support,준수,True,,물리적 원문 행을 직접 검토한 부모 연결의 목표 상태에 대응시킴. 기존 자동 분기키는 부모 판단에 사용하지 않음.,,,
CLA-27-N-00244,CLA-27,CLA-27-INH-E005-U2-Public_Opinion,준수,True,,물리적 원문 행을 직접 검토한 부모 연결의 목표 상태에 대응시킴. 기존 자동 분기키는 부모 판단에 사용하지 않음.,,,
CLA-27-N-00245,CLA-27,CLA-27-INH-E005-U2-Leadership_Unity,준수,True,,물리적 원문 행을 직접 검토한 부모 연결의 목표 상태에 대응시킴. 기존 자동 분기키는 부모 판단에 사용하지 않음.,,,
CLA-27-N-00246,CLA-27,CLA-27-INH-E006-U2-Tension,준수,True,,물리적 원문 행을 직접 검토한 부모 연결의 목표 상태에 대응시킴. 기존 자동 분기키는 부모 판단에 사용하지 않음.,,,
CLA-27-N-00247,CLA-27,CLA-27-INH-E006-U2-Diplomatic_Support,준수,True,,물리적 원문 행을 직접 검토한 부모 연결의 목표 상태에 대응시킴. 기존 자동 분기키는 부모 판단에 사용하지 않음.,,,
CLA-27-N-00248,CLA-27,CLA-27-INH-E006-U2-Public_Opinion,준수,True,,물리적 원문 행을 직접 검토한 부모 연결의 목표 상태에 대응시킴. 기존 자동 분기키는 부모 판단에 사용하지 않음.,,,
CLA-27-N-00249,CLA-27,CLA-27-INH-E006-U2-Leadership_Unity,준수,True,,물리적 원문 행을 직접 검토한 부모 연결의 목표 상태에 대응시킴. 기존 자동 분기키는 부모 판단에 사용하지 않음.,,,
CLA-27-N-00250,CLA-27,CLA-27-INH-E007-U2-Tension,준수,True,,물리적 원문 행을 직접 검토한 부모 연결의 목표 상태에 대응시킴. 기존 자동 분기키는 부모 판단에 사용하지 않음.,,,
CLA-27-N-00251,CLA-27,CLA-27-INH-E007-U2-Diplomatic_Support,준수,True,,물리적 원문 행을 직접 검토한 부모 연결의 목표 상태에 대응시킴. 기존 자동 분기키는 부모 판단에 사용하지 않음.,,,
CLA-27-N-00252,CLA-27,CLA-27-INH-E007-U2-Public_Opinion,준수,True,,물리적 원문 행을 직접 검토한 부모 연결의 목표 상태에 대응시킴. 기존 자동 분기키는 부모 판단에 사용하지 않음.,,,
CLA-27-N-00253,CLA-27,CLA-27-INH-E007-U2-Leadership_Unity,준수,True,,물리적 원문 행을 직접 검토한 부모 연결의 목표 상태에 대응시킴. 기존 자동 분기키는 부모 판단에 사용하지 않음.,,,
CLA-28-N-00204,CLA-28,CLA-28-INH-E001-U1-Tension,준수,True,,물리적 원문 행을 직접 검토한 부모 연결의 목표 상태에 대응시킴. 기존 자동 분기키는 부모 판단에 사용하지 않음.,,,
CLA-28-N-00205,CLA-28,CLA-28-INH-E001-U1-Diplomatic_Support,준수,True,,물리적 원문 행을 직접 검토한 부모 연결의 목표 상태에 대응시킴. 기존 자동 분기키는 부모 판단에 사용하지 않음.,,,
CLA-28-N-00206,CLA-28,CLA-28-INH-E001-U1-Public_Opinion,준수,True,,물리적 원문 행을 직접 검토한 부모 연결의 목표 상태에 대응시킴. 기존 자동 분기키는 부모 판단에 사용하지 않음.,,,
CLA-28-N-00207,CLA-28,CLA-28-INH-E019-U1-Tension,준수,True,,물리적 원문 행을 직접 검토한 부모 연결의 목표 상태에 대응시킴. 기존 자동 분기키는 부모 판단에 사용하지 않음.,,,
CLA-28-N-00208,CLA-28,CLA-28-INH-E019-U1-Diplomatic_Support,준수,True,,물리적 원문 행을 직접 검토한 부모 연결의 목표 상태에 대응시킴. 기존 자동 분기키는 부모 판단에 사용하지 않음.,,,
CLA-28-N-00209,CLA-28,CLA-28-INH-E019-U1-Public_Opinion,준수,True,,물리적 원문 행을 직접 검토한 부모 연결의 목표 상태에 대응시킴. 기존 자동 분기키는 부모 판단에 사용하지 않음.,,,
CLA-28-N-00210,CLA-28,CLA-28-INH-E019-U1-Leadership_Unity,준수,True,,물리적 원문 행을 직접 검토한 부모 연결의 목표 상태에 대응시킴. 기존 자동 분기키는 부모 판단에 사용하지 않음.,,,
CLA-28-N-00211,CLA-28,CLA-28-INH-E004-U1-Tension,준수,True,,물리적 원문 행을 직접 검토한 부모 연결의 목표 상태에 대응시킴. 기존 자동 분기키는 부모 판단에 사용하지 않음.,,,
CLA-28-N-00212,CLA-28,CLA-28-INH-E004-U1-Diplomatic_Support,준수,True,,물리적 원문 행을 직접 검토한 부모 연결의 목표 상태에 대응시킴. 기존 자동 분기키는 부모 판단에 사용하지 않음.,,,
CLA-28-N-00213,CLA-28,CLA-28-INH-E004-U1-Public_Opinion,준수,True,,물리적 원문 행을 직접 검토한 부모 연결의 목표 상태에 대응시킴. 기존 자동 분기키는 부모 판단에 사용하지 않음.,,,
CLA-28-N-00214,CLA-28,CLA-28-INH-E007-U1-Tension,준수,True,,물리적 원문 행을 직접 검토한 부모 연결의 목표 상태에 대응시킴. 기존 자동 분기키는 부모 판단에 사용하지 않음.,,,
CLA-28-N-00215,CLA-28,CLA-28-INH-E007-U1-Diplomatic_Support,준수,True,,물리적 원문 행을 직접 검토한 부모 연결의 목표 상태에 대응시킴. 기존 자동 분기키는 부모 판단에 사용하지 않음.,,,
CLA-28-N-00216,CLA-28,CLA-28-INH-E007-U1-Public_Opinion,준수,True,,물리적 원문 행을 직접 검토한 부모 연결의 목표 상태에 대응시킴. 기존 자동 분기키는 부모 판단에 사용하지 않음.,,,
CLA-28-N-00217,CLA-28,CLA-28-INH-E020-U1-Tension,준수,True,,물리적 원문 행을 직접 검토한 부모 연결의 목표 상태에 대응시킴. 기존 자동 분기키는 부모 판단에 사용하지 않음.,,,
CLA-28-N-00218,CLA-28,CLA-28-INH-E020-U1-Diplomatic_Support,준수,True,,물리적 원문 행을 직접 검토한 부모 연결의 목표 상태에 대응시킴. 기존 자동 분기키는 부모 판단에 사용하지 않음.,,,
CLA-28-N-00219,CLA-28,CLA-28-INH-E020-U1-Public_Opinion,준수,True,,물리적 원문 행을 직접 검토한 부모 연결의 목표 상태에 대응시킴. 기존 자동 분기키는 부모 판단에 사용하지 않음.,,,
CLA-28-N-00220,CLA-28,CLA-28-INH-E020-U1-Leadership_Unity,준수,True,,물리적 원문 행을 직접 검토한 부모 연결의 목표 상태에 대응시킴. 기존 자동 분기키는 부모 판단에 사용하지 않음.,,,
CLA-28-N-00221,CLA-28,CLA-28-INH-E010-U1-Tension,준수,True,,물리적 원문 행을 직접 검토한 부모 연결의 목표 상태에 대응시킴. 기존 자동 분기키는 부모 판단에 사용하지 않음.,,,
CLA-28-N-00222,CLA-28,CLA-28-INH-E010-U1-Diplomatic_Support,준수,True,,물리적 원문 행을 직접 검토한 부모 연결의 목표 상태에 대응시킴. 기존 자동 분기키는 부모 판단에 사용하지 않음.,,,
CLA-28-N-00223,CLA-28,CLA-28-INH-E010-U1-Public_Opinion,준수,True,,물리적 원문 행을 직접 검토한 부모 연결의 목표 상태에 대응시킴. 기존 자동 분기키는 부모 판단에 사용하지 않음.,,,
CLA-28-N-00224,CLA-28,CLA-28-INH-E013-U1-Tension,준수,True,,물리적 원문 행을 직접 검토한 부모 연결의 목표 상태에 대응시킴. 기존 자동 분기키는 부모 판단에 사용하지 않음.,,,
CLA-28-N-00225,CLA-28,CLA-28-INH-E013-U1-Diplomatic_Support,준수,True,,물리적 원문 행을 직접 검토한 부모 연결의 목표 상태에 대응시킴. 기존 자동 분기키는 부모 판단에 사용하지 않음.,,,
CLA-28-N-00226,CLA-28,CLA-28-INH-E013-U1-Public_Opinion,준수,True,,물리적 원문 행을 직접 검토한 부모 연결의 목표 상태에 대응시킴. 기존 자동 분기키는 부모 판단에 사용하지 않음.,,,
CLA-28-N-00227,CLA-28,CLA-28-INH-E021-U1-Tension,준수,True,,물리적 원문 행을 직접 검토한 부모 연결의 목표 상태에 대응시킴. 기존 자동 분기키는 부모 판단에 사용하지 않음.,,,
CLA-28-N-00228,CLA-28,CLA-28-INH-E021-U1-Diplomatic_Support,준수,True,,물리적 원문 행을 직접 검토한 부모 연결의 목표 상태에 대응시킴. 기존 자동 분기키는 부모 판단에 사용하지 않음.,,,
CLA-28-N-00229,CLA-28,CLA-28-INH-E021-U1-Public_Opinion,준수,True,,물리적 원문 행을 직접 검토한 부모 연결의 목표 상태에 대응시킴. 기존 자동 분기키는 부모 판단에 사용하지 않음.,,,
CLA-28-N-00230,CLA-28,CLA-28-INH-E021-U1-Leadership_Unity,준수,True,,물리적 원문 행을 직접 검토한 부모 연결의 목표 상태에 대응시킴. 기존 자동 분기키는 부모 판단에 사용하지 않음.,,,
CLA-28-N-00231,CLA-28,CLA-28-INH-E016-U1-Tension,준수,True,,물리적 원문 행을 직접 검토한 부모 연결의 목표 상태에 대응시킴. 기존 자동 분기키는 부모 판단에 사용하지 않음.,,,
CLA-28-N-00232,CLA-28,CLA-28-INH-E016-U1-Diplomatic_Support,준수,True,,물리적 원문 행을 직접 검토한 부모 연결의 목표 상태에 대응시킴. 기존 자동 분기키는 부모 판단에 사용하지 않음.,,,
CLA-28-N-00233,CLA-28,CLA-28-INH-E016-U1-Public_Opinion,준수,True,,물리적 원문 행을 직접 검토한 부모 연결의 목표 상태에 대응시킴. 기존 자동 분기키는 부모 판단에 사용하지 않음.,,,
GEM-02-N-00280,GEM-02,GEM-02-INH-E001-U2-Tension,준수,True,,물리적 원문 행을 직접 검토한 부모 연결의 목표 상태에 대응시킴. 기존 자동 분기키는 부모 판단에 사용하지 않음.,,,
GEM-02-N-00281,GEM-02,GEM-02-INH-E001-U2-Diplomatic_Support,준수,True,,물리적 원문 행을 직접 검토한 부모 연결의 목표 상태에 대응시킴. 기존 자동 분기키는 부모 판단에 사용하지 않음.,,,
GEM-02-N-00282,GEM-02,GEM-02-INH-E001-U2-Public_Opinion,준수,True,,물리적 원문 행을 직접 검토한 부모 연결의 목표 상태에 대응시킴. 기존 자동 분기키는 부모 판단에 사용하지 않음.,,,
GEM-02-N-00283,GEM-02,GEM-02-INH-E001-U2-Leadership_Unity,준수,True,,물리적 원문 행을 직접 검토한 부모 연결의 목표 상태에 대응시킴. 기존 자동 분기키는 부모 판단에 사용하지 않음.,,,
GEM-02-N-00284,GEM-02,GEM-02-INH-E002-U3-Tension,준수,True,,물리적 원문 행을 직접 검토한 부모 연결의 목표 상태에 대응시킴. 기존 자동 분기키는 부모 판단에 사용하지 않음.,,,
GEM-02-N-00285,GEM-02,GEM-02-INH-E002-U2-Tension;GEM-02-INH-E002-U3-Tension,준수,True,,"기존 후보의 한 물리적 원문 행에 국가별 값이 함께 있으므로, 원문을 분리 검토한 모든 대응 관찰을 연결함. 기존 후보의 불명 국가 범위를 임의로 한 국가에 귀속하지 않음.",,,
GEM-02-N-00286,GEM-02,GEM-02-INH-E002-U2-Diplomatic_Support,준수,True,,물리적 원문 행을 직접 검토한 부모 연결의 목표 상태에 대응시킴. 기존 자동 분기키는 부모 판단에 사용하지 않음.,,,
GEM-02-N-00287,GEM-02,GEM-02-INH-E002-U2-Public_Opinion;GEM-02-INH-E002-U3-Public_Opinion,준수,True,,"기존 후보의 한 물리적 원문 행에 국가별 값이 함께 있으므로, 원문을 분리 검토한 모든 대응 관찰을 연결함. 기존 후보의 불명 국가 범위를 임의로 한 국가에 귀속하지 않음.",,,
GEM-02-N-00288,GEM-02,GEM-02-INH-E002-U2-Leadership_Unity,준수,True,,물리적 원문 행을 직접 검토한 부모 연결의 목표 상태에 대응시킴. 기존 자동 분기키는 부모 판단에 사용하지 않음.,,,
GEM-02-N-00289,GEM-02,GEM-02-INH-E003-U2-Tension,준수,True,,물리적 원문 행을 직접 검토한 부모 연결의 목표 상태에 대응시킴. 기존 자동 분기키는 부모 판단에 사용하지 않음.,,,
GEM-02-N-00290,GEM-02,GEM-02-INH-E003-U2-Diplomatic_Support,준수,True,,물리적 원문 행을 직접 검토한 부모 연결의 목표 상태에 대응시킴. 기존 자동 분기키는 부모 판단에 사용하지 않음.,,,
GEM-02-N-00291,GEM-02,GEM-02-INH-E003-U2-Public_Opinion,준수,True,,물리적 원문 행을 직접 검토한 부모 연결의 목표 상태에 대응시킴. 기존 자동 분기키는 부모 판단에 사용하지 않음.,,,
GEM-02-N-00292,GEM-02,GEM-02-INH-E003-U2-Leadership_Unity,준수,True,,물리적 원문 행을 직접 검토한 부모 연결의 목표 상태에 대응시킴. 기존 자동 분기키는 부모 판단에 사용하지 않음.,,,
GEM-02-N-00293,GEM-02,GEM-02-INH-E004-U2-Diplomatic_Support,준수,True,,물리적 원문 행을 직접 검토한 부모 연결의 목표 상태에 대응시킴. 기존 자동 분기키는 부모 판단에 사용하지 않음.,,,
GEM-02-N-00294,GEM-02,GEM-02-INH-E004-U2-Public_Opinion,준수,True,,물리적 원문 행을 직접 검토한 부모 연결의 목표 상태에 대응시킴. 기존 자동 분기키는 부모 판단에 사용하지 않음.,,,
GEM-02-N-00295,GEM-02,GEM-02-INH-E004-U2-Leadership_Unity,준수,True,,물리적 원문 행을 직접 검토한 부모 연결의 목표 상태에 대응시킴. 기존 자동 분기키는 부모 판단에 사용하지 않음.,,,
GEM-02-N-00296,GEM-02,GEM-02-INH-E005-U2-Tension,준수,True,,물리적 원문 행을 직접 검토한 부모 연결의 목표 상태에 대응시킴. 기존 자동 분기키는 부모 판단에 사용하지 않음.,,,
GEM-02-N-00297,GEM-02,GEM-02-INH-E005-U2-Diplomatic_Support,준수,True,,물리적 원문 행을 직접 검토한 부모 연결의 목표 상태에 대응시킴. 기존 자동 분기키는 부모 판단에 사용하지 않음.,,,
GEM-02-N-00298,GEM-02,GEM-02-INH-E005-U2-Public_Opinion,준수,True,,물리적 원문 행을 직접 검토한 부모 연결의 목표 상태에 대응시킴. 기존 자동 분기키는 부모 판단에 사용하지 않음.,,,
GEM-02-N-00299,GEM-02,GEM-02-INH-E005-U2-Leadership_Unity,준수,True,,물리적 원문 행을 직접 검토한 부모 연결의 목표 상태에 대응시킴. 기존 자동 분기키는 부모 판단에 사용하지 않음.,,,
GEM-02-N-00300,GEM-02,GEM-02-INH-E006-U2-Tension,준수,True,,물리적 원문 행을 직접 검토한 부모 연결의 목표 상태에 대응시킴. 기존 자동 분기키는 부모 판단에 사용하지 않음.,,,
GEM-02-N-00301,GEM-02,GEM-02-INH-E006-U2-Diplomatic_Support,준수,True,,물리적 원문 행을 직접 검토한 부모 연결의 목표 상태에 대응시킴. 기존 자동 분기키는 부모 판단에 사용하지 않음.,,,
GEM-02-N-00302,GEM-02,GEM-02-INH-E006-U2-Public_Opinion,준수,True,,물리적 원문 행을 직접 검토한 부모 연결의 목표 상태에 대응시킴. 기존 자동 분기키는 부모 판단에 사용하지 않음.,,,
GEM-02-N-00303,GEM-02,GEM-02-INH-E006-U2-Leadership_Unity,준수,True,,물리적 원문 행을 직접 검토한 부모 연결의 목표 상태에 대응시킴. 기존 자동 분기키는 부모 판단에 사용하지 않음.,,,
GEM-02-N-00304,GEM-02,GEM-02-INH-E007-U2-Tension,준수,True,,물리적 원문 행을 직접 검토한 부모 연결의 목표 상태에 대응시킴. 기존 자동 분기키는 부모 판단에 사용하지 않음.,,,
GEM-02-N-00305,GEM-02,GEM-02-INH-E007-U2-Diplomatic_Support,준수,True,,물리적 원문 행을 직접 검토한 부모 연결의 목표 상태에 대응시킴. 기존 자동 분기키는 부모 판단에 사용하지 않음.,,,
GEM-02-N-00306,GEM-02,GEM-02-INH-E007-U2-Public_Opinion,준수,True,,물리적 원문 행을 직접 검토한 부모 연결의 목표 상태에 대응시킴. 기존 자동 분기키는 부모 판단에 사용하지 않음.,,,
GEM-02-N-00307,GEM-02,GEM-02-INH-E007-U2-Leadership_Unity,준수,True,,물리적 원문 행을 직접 검토한 부모 연결의 목표 상태에 대응시킴. 기존 자동 분기키는 부모 판단에 사용하지 않음.,,,
GEM-02-N-00308,GEM-02,GEM-02-INH-E008-U2-Tension,준수,True,,물리적 원문 행을 직접 검토한 부모 연결의 목표 상태에 대응시킴. 기존 자동 분기키는 부모 판단에 사용하지 않음.,,,
GEM-02-N-00309,GEM-02,GEM-02-INH-E008-U2-Diplomatic_Support,준수,True,,물리적 원문 행을 직접 검토한 부모 연결의 목표 상태에 대응시킴. 기존 자동 분기키는 부모 판단에 사용하지 않음.,,,
GEM-02-N-00310,GEM-02,GEM-02-INH-E008-U2-Public_Opinion,준수,True,,물리적 원문 행을 직접 검토한 부모 연결의 목표 상태에 대응시킴. 기존 자동 분기키는 부모 판단에 사용하지 않음.,,,
GEM-02-N-00311,GEM-02,GEM-02-INH-E010-U2-Leadership_Unity,판정 불가,True,source_internal_conflict,물리적 원문 행을 직접 검토한 부모 연결의 목표 상태에 대응시킴. 기존 자동 분기키는 부모 판단에 사용하지 않음.,,,
GEM-02-N-00312,GEM-02,GEM-02-INH-E009-U2-Tension,준수,True,,물리적 원문 행을 직접 검토한 부모 연결의 목표 상태에 대응시킴. 기존 자동 분기키는 부모 판단에 사용하지 않음.,,,
GEM-02-N-00313,GEM-02,GEM-02-INH-E009-U2-Diplomatic_Support,준수,True,,물리적 원문 행을 직접 검토한 부모 연결의 목표 상태에 대응시킴. 기존 자동 분기키는 부모 판단에 사용하지 않음.,,,
GEM-02-N-00314,GEM-02,GEM-02-INH-E009-U2-Public_Opinion,준수,True,,물리적 원문 행을 직접 검토한 부모 연결의 목표 상태에 대응시킴. 기존 자동 분기키는 부모 판단에 사용하지 않음.,,,
GEM-02-N-00315,GEM-02,GEM-02-INH-E009-U2-Leadership_Unity,준수,True,,물리적 원문 행을 직접 검토한 부모 연결의 목표 상태에 대응시킴. 기존 자동 분기키는 부모 판단에 사용하지 않음.,,,
GEM-04-N-00228,GEM-04,GEM-04-INH-E001-U2-Tension,준수,True,,물리적 원문 행을 직접 검토한 부모 연결의 목표 상태에 대응시킴. 기존 자동 분기키는 부모 판단에 사용하지 않음.,,,
GEM-04-N-00229,GEM-04,GEM-04-INH-E001-U2-Diplomatic_Support,준수,True,,물리적 원문 행을 직접 검토한 부모 연결의 목표 상태에 대응시킴. 기존 자동 분기키는 부모 판단에 사용하지 않음.,,,
GEM-04-N-00230,GEM-04,GEM-04-INH-E001-U2-Public_Opinion,준수,True,,물리적 원문 행을 직접 검토한 부모 연결의 목표 상태에 대응시킴. 기존 자동 분기키는 부모 판단에 사용하지 않음.,,,
GEM-04-N-00231,GEM-04,GEM-04-INH-E001-U2-Leadership_Unity,준수,True,,물리적 원문 행을 직접 검토한 부모 연결의 목표 상태에 대응시킴. 기존 자동 분기키는 부모 판단에 사용하지 않음.,,,
GEM-04-N-00232,GEM-04,GEM-04-INH-E002-U2-Tension,준수,True,,물리적 원문 행을 직접 검토한 부모 연결의 목표 상태에 대응시킴. 기존 자동 분기키는 부모 판단에 사용하지 않음.,,,
GEM-04-N-00233,GEM-04,GEM-04-INH-E002-U2-Diplomatic_Support,준수,True,,물리적 원문 행을 직접 검토한 부모 연결의 목표 상태에 대응시킴. 기존 자동 분기키는 부모 판단에 사용하지 않음.,,,
GEM-04-N-00234,GEM-04,GEM-04-INH-E002-U2-Public_Opinion,준수,True,,물리적 원문 행을 직접 검토한 부모 연결의 목표 상태에 대응시킴. 기존 자동 분기키는 부모 판단에 사용하지 않음.,,,
GEM-04-N-00235,GEM-04,GEM-04-INH-E002-U2-Leadership_Unity,준수,True,,물리적 원문 행을 직접 검토한 부모 연결의 목표 상태에 대응시킴. 기존 자동 분기키는 부모 판단에 사용하지 않음.,,,
GEM-04-N-00236,GEM-04,GEM-04-INH-E003-U2-Tension,준수,True,,물리적 원문 행을 직접 검토한 부모 연결의 목표 상태에 대응시킴. 기존 자동 분기키는 부모 판단에 사용하지 않음.,,,
GEM-04-N-00237,GEM-04,GEM-04-INH-E003-U2-Diplomatic_Support,준수,True,,물리적 원문 행을 직접 검토한 부모 연결의 목표 상태에 대응시킴. 기존 자동 분기키는 부모 판단에 사용하지 않음.,,,
GEM-04-N-00238,GEM-04,GEM-04-INH-E003-U2-Public_Opinion,준수,True,,물리적 원문 행을 직접 검토한 부모 연결의 목표 상태에 대응시킴. 기존 자동 분기키는 부모 판단에 사용하지 않음.,,,
GEM-04-N-00239,GEM-04,GEM-04-INH-E003-U2-Leadership_Unity,준수,True,,물리적 원문 행을 직접 검토한 부모 연결의 목표 상태에 대응시킴. 기존 자동 분기키는 부모 판단에 사용하지 않음.,,,
GEM-04-N-00240,GEM-04,GEM-04-INH-E004-U2-Tension,준수,True,,물리적 원문 행을 직접 검토한 부모 연결의 목표 상태에 대응시킴. 기존 자동 분기키는 부모 판단에 사용하지 않음.,,,
GEM-04-N-00241,GEM-04,GEM-04-INH-E004-U2-Diplomatic_Support,준수,True,,물리적 원문 행을 직접 검토한 부모 연결의 목표 상태에 대응시킴. 기존 자동 분기키는 부모 판단에 사용하지 않음.,,,
GEM-04-N-00242,GEM-04,GEM-04-INH-E004-U2-Public_Opinion,준수,True,,물리적 원문 행을 직접 검토한 부모 연결의 목표 상태에 대응시킴. 기존 자동 분기키는 부모 판단에 사용하지 않음.,,,
GEM-04-N-00243,GEM-04,GEM-04-INH-E004-U2-Leadership_Unity,준수,True,,물리적 원문 행을 직접 검토한 부모 연결의 목표 상태에 대응시킴. 기존 자동 분기키는 부모 판단에 사용하지 않음.,,,
GEM-04-N-00244,GEM-04,GEM-04-INH-E005-U2-Diplomatic_Support,준수,True,,물리적 원문 행을 직접 검토한 부모 연결의 목표 상태에 대응시킴. 기존 자동 분기키는 부모 판단에 사용하지 않음.,,,
GEM-04-N-00245,GEM-04,GEM-04-INH-E005-U2-Public_Opinion,준수,True,,물리적 원문 행을 직접 검토한 부모 연결의 목표 상태에 대응시킴. 기존 자동 분기키는 부모 판단에 사용하지 않음.,,,
GEM-04-N-00246,GEM-04,GEM-04-INH-E005-U2-Leadership_Unity,준수,True,,물리적 원문 행을 직접 검토한 부모 연결의 목표 상태에 대응시킴. 기존 자동 분기키는 부모 판단에 사용하지 않음.,,,
GEM-04-N-00247,GEM-04,GEM-04-INH-E006-U2-Tension,준수,True,,물리적 원문 행을 직접 검토한 부모 연결의 목표 상태에 대응시킴. 기존 자동 분기키는 부모 판단에 사용하지 않음.,,,
GEM-04-N-00248,GEM-04,GEM-04-INH-E006-U2-Diplomatic_Support,준수,True,,물리적 원문 행을 직접 검토한 부모 연결의 목표 상태에 대응시킴. 기존 자동 분기키는 부모 판단에 사용하지 않음.,,,
GEM-04-N-00249,GEM-04,GEM-04-INH-E006-U2-Public_Opinion,준수,True,,물리적 원문 행을 직접 검토한 부모 연결의 목표 상태에 대응시킴. 기존 자동 분기키는 부모 판단에 사용하지 않음.,,,
GEM-04-N-00250,GEM-04,GEM-04-INH-E006-U2-Leadership_Unity,준수,True,,물리적 원문 행을 직접 검토한 부모 연결의 목표 상태에 대응시킴. 기존 자동 분기키는 부모 판단에 사용하지 않음.,,,
GEM-04-N-00251,GEM-04,GEM-04-INH-E007-U2-Tension,준수,True,,물리적 원문 행을 직접 검토한 부모 연결의 목표 상태에 대응시킴. 기존 자동 분기키는 부모 판단에 사용하지 않음.,,,
GEM-04-N-00252,GEM-04,GEM-04-INH-E007-U2-Diplomatic_Support,준수,True,,물리적 원문 행을 직접 검토한 부모 연결의 목표 상태에 대응시킴. 기존 자동 분기키는 부모 판단에 사용하지 않음.,,,
GEM-04-N-00253,GEM-04,GEM-04-INH-E007-U2-Public_Opinion,준수,True,,물리적 원문 행을 직접 검토한 부모 연결의 목표 상태에 대응시킴. 기존 자동 분기키는 부모 판단에 사용하지 않음.,,,
GEM-04-N-00254,GEM-04,GEM-04-INH-E007-U2-Leadership_Unity,준수,True,,물리적 원문 행을 직접 검토한 부모 연결의 목표 상태에 대응시킴. 기존 자동 분기키는 부모 판단에 사용하지 않음.,,,
GEM-04-N-00255,GEM-04,GEM-04-INH-E009-U2-Tension,준수,True,,물리적 원문 행을 직접 검토한 부모 연결의 목표 상태에 대응시킴. 기존 자동 분기키는 부모 판단에 사용하지 않음.,,,
GEM-04-N-00256,GEM-04,GEM-04-INH-E009-U2-Diplomatic_Support,준수,True,,물리적 원문 행을 직접 검토한 부모 연결의 목표 상태에 대응시킴. 기존 자동 분기키는 부모 판단에 사용하지 않음.,,,
GEM-04-N-00257,GEM-04,GEM-04-INH-E009-U2-Public_Opinion,준수,True,,물리적 원문 행을 직접 검토한 부모 연결의 목표 상태에 대응시킴. 기존 자동 분기키는 부모 판단에 사용하지 않음.,,,
GEM-04-N-00258,GEM-04,GEM-04-INH-E009-U2-Leadership_Unity,준수,True,,물리적 원문 행을 직접 검토한 부모 연결의 목표 상태에 대응시킴. 기존 자동 분기키는 부모 판단에 사용하지 않음.,,,
GEM-05-N-00117,GEM-05,GEM-05-INH-E001-U1-Tension,준수,True,,물리적 원문 행을 직접 검토한 부모 연결의 목표 상태에 대응시킴. 기존 자동 분기키는 부모 판단에 사용하지 않음.,,,
GEM-05-N-00118,GEM-05,GEM-05-INH-E002-U1-Tension,준수,True,,물리적 원문 행을 직접 검토한 부모 연결의 목표 상태에 대응시킴. 기존 자동 분기키는 부모 판단에 사용하지 않음.,,,
GEM-05-N-00119,GEM-05,GEM-05-INH-E003-U1-Tension,준수,True,,물리적 원문 행을 직접 검토한 부모 연결의 목표 상태에 대응시킴. 기존 자동 분기키는 부모 판단에 사용하지 않음.,,,
GEM-05-N-00120,GEM-05,GEM-05-INH-E004-U1-Tension,준수,True,,물리적 원문 행을 직접 검토한 부모 연결의 목표 상태에 대응시킴. 기존 자동 분기키는 부모 판단에 사용하지 않음.,,,
GEM-05-N-00121,GEM-05,GEM-05-INH-E005-U1-Tension,준수,True,,물리적 원문 행을 직접 검토한 부모 연결의 목표 상태에 대응시킴. 기존 자동 분기키는 부모 판단에 사용하지 않음.,,,
GEM-05-N-00122,GEM-05,GEM-05-INH-E006-U1-Tension,준수,True,,물리적 원문 행을 직접 검토한 부모 연결의 목표 상태에 대응시킴. 기존 자동 분기키는 부모 판단에 사용하지 않음.,,,
GEM-05-N-00123,GEM-05,GEM-05-INH-E007-U1-Tension,준수,True,,물리적 원문 행을 직접 검토한 부모 연결의 목표 상태에 대응시킴. 기존 자동 분기키는 부모 판단에 사용하지 않음.,,,
GEM-05-N-00124,GEM-05,GEM-05-INH-E008-U1-Tension,준수,True,,물리적 원문 행을 직접 검토한 부모 연결의 목표 상태에 대응시킴. 기존 자동 분기키는 부모 판단에 사용하지 않음.,,,
GEM-05-N-00125,GEM-05,GEM-05-INH-E008-U2-Leadership_Unity,준수,True,,물리적 원문 행을 직접 검토한 부모 연결의 목표 상태에 대응시킴. 기존 자동 분기키는 부모 판단에 사용하지 않음.,,,
GEM-05-N-00126,GEM-05,GEM-05-INH-E009-U1-Tension,준수,True,,물리적 원문 행을 직접 검토한 부모 연결의 목표 상태에 대응시킴. 기존 자동 분기키는 부모 판단에 사용하지 않음.,,,
GEM-07-N-00172,GEM-07,GEM-07-INH-E003-U2-Tension,준수,True,,물리적 원문 행을 직접 검토한 부모 연결의 목표 상태에 대응시킴. 기존 자동 분기키는 부모 판단에 사용하지 않음.,,,
GEM-07-N-00173,GEM-07,GEM-07-INH-E003-U2-Diplomatic_Support,준수,True,,물리적 원문 행을 직접 검토한 부모 연결의 목표 상태에 대응시킴. 기존 자동 분기키는 부모 판단에 사용하지 않음.,,,
GEM-07-N-00174,GEM-07,GEM-07-INH-E003-U2-Public_Opinion,준수,True,,물리적 원문 행을 직접 검토한 부모 연결의 목표 상태에 대응시킴. 기존 자동 분기키는 부모 판단에 사용하지 않음.,,,
GEM-07-N-00175,GEM-07,GEM-07-INH-E003-U2-Leadership_Unity,준수,True,,물리적 원문 행을 직접 검토한 부모 연결의 목표 상태에 대응시킴. 기존 자동 분기키는 부모 판단에 사용하지 않음.,,,
GEM-07-N-00176,GEM-07,GEM-07-INH-E005-U2-Diplomatic_Support,준수,True,,물리적 원문 행을 직접 검토한 부모 연결의 목표 상태에 대응시킴. 기존 자동 분기키는 부모 판단에 사용하지 않음.,,,
GEM-07-N-00177,GEM-07,GEM-07-INH-E005-U2-Public_Opinion,준수,True,,물리적 원문 행을 직접 검토한 부모 연결의 목표 상태에 대응시킴. 기존 자동 분기키는 부모 판단에 사용하지 않음.,,,
GEM-07-N-00178,GEM-07,GEM-07-INH-E005-U2-Leadership_Unity,준수,True,,물리적 원문 행을 직접 검토한 부모 연결의 목표 상태에 대응시킴. 기존 자동 분기키는 부모 판단에 사용하지 않음.,,,
GEM-10-N-00270,GEM-10,GEM-10-INH-E001-U2-Tension,준수,True,,물리적 원문 행을 직접 검토한 부모 연결의 목표 상태에 대응시킴. 기존 자동 분기키는 부모 판단에 사용하지 않음.,,,
GEM-10-N-00271,GEM-10,GEM-10-INH-E001-U2-Diplomatic_Support,준수,True,,물리적 원문 행을 직접 검토한 부모 연결의 목표 상태에 대응시킴. 기존 자동 분기키는 부모 판단에 사용하지 않음.,,,
GEM-10-N-00272,GEM-10,GEM-10-INH-E001-U2-Public_Opinion,준수,True,,물리적 원문 행을 직접 검토한 부모 연결의 목표 상태에 대응시킴. 기존 자동 분기키는 부모 판단에 사용하지 않음.,,,
GEM-10-N-00273,GEM-10,GEM-10-INH-E001-U2-Leadership_Unity,준수,True,,물리적 원문 행을 직접 검토한 부모 연결의 목표 상태에 대응시킴. 기존 자동 분기키는 부모 판단에 사용하지 않음.,,,
GEM-10-N-00274,GEM-10,GEM-10-INH-E002-U1-Tension,준수,True,,물리적 원문 행을 직접 검토한 부모 연결의 목표 상태에 대응시킴. 기존 자동 분기키는 부모 판단에 사용하지 않음.,,,
GEM-10-N-00275,GEM-10,GEM-10-INH-E002-U1-Diplomatic_Support,준수,True,,물리적 원문 행을 직접 검토한 부모 연결의 목표 상태에 대응시킴. 기존 자동 분기키는 부모 판단에 사용하지 않음.,,,
GEM-10-N-00276,GEM-10,GEM-10-INH-E002-U1-Public_Opinion,준수,True,,물리적 원문 행을 직접 검토한 부모 연결의 목표 상태에 대응시킴. 기존 자동 분기키는 부모 판단에 사용하지 않음.,,,
GEM-10-N-00277,GEM-10,GEM-10-INH-E002-U1-Leadership_Unity,준수,True,,물리적 원문 행을 직접 검토한 부모 연결의 목표 상태에 대응시킴. 기존 자동 분기키는 부모 판단에 사용하지 않음.,,,
GEM-10-N-00278,GEM-10,GEM-10-INH-E002-U2-Tension,준수,True,,물리적 원문 행을 직접 검토한 부모 연결의 목표 상태에 대응시킴. 기존 자동 분기키는 부모 판단에 사용하지 않음.,,,
GEM-10-N-00279,GEM-10,GEM-10-INH-E002-U2-Diplomatic_Support,준수,True,,물리적 원문 행을 직접 검토한 부모 연결의 목표 상태에 대응시킴. 기존 자동 분기키는 부모 판단에 사용하지 않음.,,,
GEM-10-N-00280,GEM-10,GEM-10-INH-E002-U2-Public_Opinion,준수,True,,물리적 원문 행을 직접 검토한 부모 연결의 목표 상태에 대응시킴. 기존 자동 분기키는 부모 판단에 사용하지 않음.,,,
GEM-10-N-00281,GEM-10,GEM-10-INH-E002-U2-Leadership_Unity,준수,True,,물리적 원문 행을 직접 검토한 부모 연결의 목표 상태에 대응시킴. 기존 자동 분기키는 부모 판단에 사용하지 않음.,,,
GEM-10-N-00282,GEM-10,GEM-10-INH-E003-U1-Tension,준수,True,,물리적 원문 행을 직접 검토한 부모 연결의 목표 상태에 대응시킴. 기존 자동 분기키는 부모 판단에 사용하지 않음.,,,
GEM-10-N-00283,GEM-10,GEM-10-INH-E003-U1-Diplomatic_Support,준수,True,,물리적 원문 행을 직접 검토한 부모 연결의 목표 상태에 대응시킴. 기존 자동 분기키는 부모 판단에 사용하지 않음.,,,
GEM-10-N-00284,GEM-10,GEM-10-INH-E003-U1-Public_Opinion,준수,True,,물리적 원문 행을 직접 검토한 부모 연결의 목표 상태에 대응시킴. 기존 자동 분기키는 부모 판단에 사용하지 않음.,,,
GEM-10-N-00285,GEM-10,GEM-10-INH-E003-U1-Leadership_Unity,준수,True,,물리적 원문 행을 직접 검토한 부모 연결의 목표 상태에 대응시킴. 기존 자동 분기키는 부모 판단에 사용하지 않음.,,,
GEM-10-N-00286,GEM-10,GEM-10-INH-E003-U2-Tension,준수,True,,물리적 원문 행을 직접 검토한 부모 연결의 목표 상태에 대응시킴. 기존 자동 분기키는 부모 판단에 사용하지 않음.,,,
GEM-10-N-00287,GEM-10,GEM-10-INH-E003-U2-Diplomatic_Support,준수,True,,물리적 원문 행을 직접 검토한 부모 연결의 목표 상태에 대응시킴. 기존 자동 분기키는 부모 판단에 사용하지 않음.,,,
GEM-10-N-00288,GEM-10,GEM-10-INH-E003-U2-Public_Opinion,준수,True,,물리적 원문 행을 직접 검토한 부모 연결의 목표 상태에 대응시킴. 기존 자동 분기키는 부모 판단에 사용하지 않음.,,,
GEM-10-N-00289,GEM-10,GEM-10-INH-E003-U2-Leadership_Unity,준수,True,,물리적 원문 행을 직접 검토한 부모 연결의 목표 상태에 대응시킴. 기존 자동 분기키는 부모 판단에 사용하지 않음.,,,
GEM-10-N-00290,GEM-10,GEM-10-INH-E004-U1-Tension,준수,True,,물리적 원문 행을 직접 검토한 부모 연결의 목표 상태에 대응시킴. 기존 자동 분기키는 부모 판단에 사용하지 않음.,,,
GEM-10-N-00291,GEM-10,GEM-10-INH-E004-U1-Diplomatic_Support,준수,True,,물리적 원문 행을 직접 검토한 부모 연결의 목표 상태에 대응시킴. 기존 자동 분기키는 부모 판단에 사용하지 않음.,,,
GEM-10-N-00292,GEM-10,GEM-10-INH-E004-U1-Public_Opinion,준수,True,,물리적 원문 행을 직접 검토한 부모 연결의 목표 상태에 대응시킴. 기존 자동 분기키는 부모 판단에 사용하지 않음.,,,
GEM-10-N-00293,GEM-10,GEM-10-INH-E004-U1-Leadership_Unity,준수,True,,물리적 원문 행을 직접 검토한 부모 연결의 목표 상태에 대응시킴. 기존 자동 분기키는 부모 판단에 사용하지 않음.,,,
GEM-10-N-00294,GEM-10,GEM-10-INH-E004-U2-Tension,준수,True,,물리적 원문 행을 직접 검토한 부모 연결의 목표 상태에 대응시킴. 기존 자동 분기키는 부모 판단에 사용하지 않음.,,,
GEM-10-N-00295,GEM-10,GEM-10-INH-E004-U2-Diplomatic_Support,준수,True,,물리적 원문 행을 직접 검토한 부모 연결의 목표 상태에 대응시킴. 기존 자동 분기키는 부모 판단에 사용하지 않음.,,,
GEM-10-N-00296,GEM-10,GEM-10-INH-E004-U2-Public_Opinion,준수,True,,물리적 원문 행을 직접 검토한 부모 연결의 목표 상태에 대응시킴. 기존 자동 분기키는 부모 판단에 사용하지 않음.,,,
GEM-10-N-00297,GEM-10,GEM-10-INH-E004-U2-Leadership_Unity,준수,True,,물리적 원문 행을 직접 검토한 부모 연결의 목표 상태에 대응시킴. 기존 자동 분기키는 부모 판단에 사용하지 않음.,,,
GEM-10-N-00298,GEM-10,GEM-10-INH-E005-U1-Tension,준수,True,,물리적 원문 행을 직접 검토한 부모 연결의 목표 상태에 대응시킴. 기존 자동 분기키는 부모 판단에 사용하지 않음.,,,
GEM-10-N-00299,GEM-10,GEM-10-INH-E005-U1-Diplomatic_Support,준수,True,,물리적 원문 행을 직접 검토한 부모 연결의 목표 상태에 대응시킴. 기존 자동 분기키는 부모 판단에 사용하지 않음.,,,
GEM-10-N-00300,GEM-10,GEM-10-INH-E005-U1-Public_Opinion,준수,True,,물리적 원문 행을 직접 검토한 부모 연결의 목표 상태에 대응시킴. 기존 자동 분기키는 부모 판단에 사용하지 않음.,,,
GEM-10-N-00301,GEM-10,GEM-10-INH-E005-U1-Leadership_Unity,준수,True,,물리적 원문 행을 직접 검토한 부모 연결의 목표 상태에 대응시킴. 기존 자동 분기키는 부모 판단에 사용하지 않음.,,,
GEM-10-N-00302,GEM-10,GEM-10-INH-E005-U2-Tension,준수,True,,물리적 원문 행을 직접 검토한 부모 연결의 목표 상태에 대응시킴. 기존 자동 분기키는 부모 판단에 사용하지 않음.,,,
GEM-10-N-00303,GEM-10,GEM-10-INH-E005-U2-Diplomatic_Support,준수,True,,물리적 원문 행을 직접 검토한 부모 연결의 목표 상태에 대응시킴. 기존 자동 분기키는 부모 판단에 사용하지 않음.,,,
GEM-10-N-00304,GEM-10,GEM-10-INH-E005-U2-Public_Opinion,준수,True,,물리적 원문 행을 직접 검토한 부모 연결의 목표 상태에 대응시킴. 기존 자동 분기키는 부모 판단에 사용하지 않음.,,,
GEM-10-N-00305,GEM-10,GEM-10-INH-E005-U2-Leadership_Unity,준수,True,,물리적 원문 행을 직접 검토한 부모 연결의 목표 상태에 대응시킴. 기존 자동 분기키는 부모 판단에 사용하지 않음.,,,
GEM-10-N-00306,GEM-10,GEM-10-INH-E006-U1-Tension,준수,True,,물리적 원문 행을 직접 검토한 부모 연결의 목표 상태에 대응시킴. 기존 자동 분기키는 부모 판단에 사용하지 않음.,,,
GEM-10-N-00307,GEM-10,GEM-10-INH-E006-U1-Diplomatic_Support,준수,True,,물리적 원문 행을 직접 검토한 부모 연결의 목표 상태에 대응시킴. 기존 자동 분기키는 부모 판단에 사용하지 않음.,,,
GEM-10-N-00308,GEM-10,GEM-10-INH-E006-U1-Public_Opinion,준수,True,,물리적 원문 행을 직접 검토한 부모 연결의 목표 상태에 대응시킴. 기존 자동 분기키는 부모 판단에 사용하지 않음.,,,
GEM-10-N-00309,GEM-10,GEM-10-INH-E006-U1-Leadership_Unity,준수,True,,물리적 원문 행을 직접 검토한 부모 연결의 목표 상태에 대응시킴. 기존 자동 분기키는 부모 판단에 사용하지 않음.,,,
GEM-10-N-00310,GEM-10,GEM-10-INH-E006-U2-Tension,준수,True,,물리적 원문 행을 직접 검토한 부모 연결의 목표 상태에 대응시킴. 기존 자동 분기키는 부모 판단에 사용하지 않음.,,,
GEM-10-N-00311,GEM-10,GEM-10-INH-E006-U2-Diplomatic_Support,준수,True,,물리적 원문 행을 직접 검토한 부모 연결의 목표 상태에 대응시킴. 기존 자동 분기키는 부모 판단에 사용하지 않음.,,,
GEM-10-N-00312,GEM-10,GEM-10-INH-E006-U2-Public_Opinion,준수,True,,물리적 원문 행을 직접 검토한 부모 연결의 목표 상태에 대응시킴. 기존 자동 분기키는 부모 판단에 사용하지 않음.,,,
GEM-10-N-00313,GEM-10,GEM-10-INH-E006-U2-Leadership_Unity,준수,True,,물리적 원문 행을 직접 검토한 부모 연결의 목표 상태에 대응시킴. 기존 자동 분기키는 부모 판단에 사용하지 않음.,,,
GEM-10-N-00314,GEM-10,GEM-10-INH-E007-U1-Tension,준수,True,,물리적 원문 행을 직접 검토한 부모 연결의 목표 상태에 대응시킴. 기존 자동 분기키는 부모 판단에 사용하지 않음.,,,
GEM-10-N-00315,GEM-10,GEM-10-INH-E007-U1-Diplomatic_Support,준수,True,,물리적 원문 행을 직접 검토한 부모 연결의 목표 상태에 대응시킴. 기존 자동 분기키는 부모 판단에 사용하지 않음.,,,
GEM-10-N-00316,GEM-10,GEM-10-INH-E007-U1-Public_Opinion,준수,True,,물리적 원문 행을 직접 검토한 부모 연결의 목표 상태에 대응시킴. 기존 자동 분기키는 부모 판단에 사용하지 않음.,,,
GEM-10-N-00317,GEM-10,GEM-10-INH-E007-U1-Leadership_Unity,준수,True,,물리적 원문 행을 직접 검토한 부모 연결의 목표 상태에 대응시킴. 기존 자동 분기키는 부모 판단에 사용하지 않음.,,,
GEM-10-N-00318,GEM-10,GEM-10-INH-E007-U2-Tension,준수,True,,물리적 원문 행을 직접 검토한 부모 연결의 목표 상태에 대응시킴. 기존 자동 분기키는 부모 판단에 사용하지 않음.,,,
GEM-10-N-00319,GEM-10,GEM-10-INH-E007-U2-Diplomatic_Support,준수,True,,물리적 원문 행을 직접 검토한 부모 연결의 목표 상태에 대응시킴. 기존 자동 분기키는 부모 판단에 사용하지 않음.,,,
GEM-10-N-00320,GEM-10,GEM-10-INH-E007-U2-Public_Opinion,준수,True,,물리적 원문 행을 직접 검토한 부모 연결의 목표 상태에 대응시킴. 기존 자동 분기키는 부모 판단에 사용하지 않음.,,,
GEM-10-N-00321,GEM-10,GEM-10-INH-E007-U2-Leadership_Unity,준수,True,,물리적 원문 행을 직접 검토한 부모 연결의 목표 상태에 대응시킴. 기존 자동 분기키는 부모 판단에 사용하지 않음.,,,
GEM-10-N-00322,GEM-10,GEM-10-INH-E008-U1-Tension,준수,True,,물리적 원문 행을 직접 검토한 부모 연결의 목표 상태에 대응시킴. 기존 자동 분기키는 부모 판단에 사용하지 않음.,,,
GEM-10-N-00323,GEM-10,GEM-10-INH-E008-U1-Diplomatic_Support,준수,True,,물리적 원문 행을 직접 검토한 부모 연결의 목표 상태에 대응시킴. 기존 자동 분기키는 부모 판단에 사용하지 않음.,,,
GEM-10-N-00324,GEM-10,GEM-10-INH-E008-U1-Public_Opinion,준수,True,,물리적 원문 행을 직접 검토한 부모 연결의 목표 상태에 대응시킴. 기존 자동 분기키는 부모 판단에 사용하지 않음.,,,
GEM-10-N-00325,GEM-10,GEM-10-INH-E008-U1-Leadership_Unity,준수,True,,물리적 원문 행을 직접 검토한 부모 연결의 목표 상태에 대응시킴. 기존 자동 분기키는 부모 판단에 사용하지 않음.,,,
GEM-10-N-00326,GEM-10,GEM-10-INH-E008-U2-Diplomatic_Support,준수,True,,물리적 원문 행을 직접 검토한 부모 연결의 목표 상태에 대응시킴. 기존 자동 분기키는 부모 판단에 사용하지 않음.,,,
GEM-10-N-00327,GEM-10,GEM-10-INH-E008-U2-Public_Opinion,준수,True,,물리적 원문 행을 직접 검토한 부모 연결의 목표 상태에 대응시킴. 기존 자동 분기키는 부모 판단에 사용하지 않음.,,,
GEM-10-N-00328,GEM-10,GEM-10-INH-E008-U2-Leadership_Unity,준수,True,,물리적 원문 행을 직접 검토한 부모 연결의 목표 상태에 대응시킴. 기존 자동 분기키는 부모 판단에 사용하지 않음.,,,
GEM-10-N-00329,GEM-10,GEM-10-INH-E009-U1-Tension,준수,True,,물리적 원문 행을 직접 검토한 부모 연결의 목표 상태에 대응시킴. 기존 자동 분기키는 부모 판단에 사용하지 않음.,,,
GEM-10-N-00330,GEM-10,GEM-10-INH-E009-U1-Diplomatic_Support,준수,True,,물리적 원문 행을 직접 검토한 부모 연결의 목표 상태에 대응시킴. 기존 자동 분기키는 부모 판단에 사용하지 않음.,,,
GEM-10-N-00331,GEM-10,GEM-10-INH-E009-U1-Public_Opinion,준수,True,,물리적 원문 행을 직접 검토한 부모 연결의 목표 상태에 대응시킴. 기존 자동 분기키는 부모 판단에 사용하지 않음.,,,
GEM-10-N-00332,GEM-10,GEM-10-INH-E009-U1-Leadership_Unity,준수,True,,물리적 원문 행을 직접 검토한 부모 연결의 목표 상태에 대응시킴. 기존 자동 분기키는 부모 판단에 사용하지 않음.,,,
GEM-10-N-00333,GEM-10,GEM-10-INH-E009-U2-Tension,준수,True,,물리적 원문 행을 직접 검토한 부모 연결의 목표 상태에 대응시킴. 기존 자동 분기키는 부모 판단에 사용하지 않음.,,,
GEM-10-N-00334,GEM-10,GEM-10-INH-E009-U2-Diplomatic_Support,준수,True,,물리적 원문 행을 직접 검토한 부모 연결의 목표 상태에 대응시킴. 기존 자동 분기키는 부모 판단에 사용하지 않음.,,,
GEM-10-N-00335,GEM-10,GEM-10-INH-E009-U2-Public_Opinion,준수,True,,물리적 원문 행을 직접 검토한 부모 연결의 목표 상태에 대응시킴. 기존 자동 분기키는 부모 판단에 사용하지 않음.,,,
GEM-10-N-00336,GEM-10,GEM-10-INH-E009-U2-Leadership_Unity,준수,True,,물리적 원문 행을 직접 검토한 부모 연결의 목표 상태에 대응시킴. 기존 자동 분기키는 부모 판단에 사용하지 않음.,,,
GEM-17-N-00257,GEM-17,GEM-17-INH-E001-U1-Tension,준수,True,,물리적 원문 행을 직접 검토한 부모 연결의 목표 상태에 대응시킴. 기존 자동 분기키는 부모 판단에 사용하지 않음.,,,
GEM-17-N-00258,GEM-17,GEM-17-INH-E001-U1-Diplomatic_Support,준수,True,,물리적 원문 행을 직접 검토한 부모 연결의 목표 상태에 대응시킴. 기존 자동 분기키는 부모 판단에 사용하지 않음.,,,
GEM-17-N-00259,GEM-17,GEM-17-INH-E001-U1-Public_Opinion,준수,True,,물리적 원문 행을 직접 검토한 부모 연결의 목표 상태에 대응시킴. 기존 자동 분기키는 부모 판단에 사용하지 않음.,,,
GEM-17-N-00260,GEM-17,GEM-17-INH-E001-U1-Leadership_Unity,준수,True,,물리적 원문 행을 직접 검토한 부모 연결의 목표 상태에 대응시킴. 기존 자동 분기키는 부모 판단에 사용하지 않음.,,,
GEM-17-N-00261,GEM-17,GEM-17-INH-E002-U1-Tension,준수,True,,물리적 원문 행을 직접 검토한 부모 연결의 목표 상태에 대응시킴. 기존 자동 분기키는 부모 판단에 사용하지 않음.,,,
GEM-17-N-00262,GEM-17,GEM-17-INH-E002-U1-Diplomatic_Support,준수,True,,물리적 원문 행을 직접 검토한 부모 연결의 목표 상태에 대응시킴. 기존 자동 분기키는 부모 판단에 사용하지 않음.,,,
GEM-17-N-00263,GEM-17,GEM-17-INH-E002-U1-Public_Opinion,준수,True,,물리적 원문 행을 직접 검토한 부모 연결의 목표 상태에 대응시킴. 기존 자동 분기키는 부모 판단에 사용하지 않음.,,,
GEM-17-N-00264,GEM-17,GEM-17-INH-E002-U1-Leadership_Unity,준수,True,,물리적 원문 행을 직접 검토한 부모 연결의 목표 상태에 대응시킴. 기존 자동 분기키는 부모 판단에 사용하지 않음.,,,
GEM-17-N-00265,GEM-17,GEM-17-INH-E003-U1-Tension,준수,True,,물리적 원문 행을 직접 검토한 부모 연결의 목표 상태에 대응시킴. 기존 자동 분기키는 부모 판단에 사용하지 않음.,,,
GEM-17-N-00266,GEM-17,GEM-17-INH-E003-U1-Diplomatic_Support,준수,True,,물리적 원문 행을 직접 검토한 부모 연결의 목표 상태에 대응시킴. 기존 자동 분기키는 부모 판단에 사용하지 않음.,,,
GEM-17-N-00267,GEM-17,GEM-17-INH-E003-U1-Public_Opinion,준수,True,,물리적 원문 행을 직접 검토한 부모 연결의 목표 상태에 대응시킴. 기존 자동 분기키는 부모 판단에 사용하지 않음.,,,
GEM-17-N-00268,GEM-17,GEM-17-INH-E003-U1-Leadership_Unity,준수,True,,물리적 원문 행을 직접 검토한 부모 연결의 목표 상태에 대응시킴. 기존 자동 분기키는 부모 판단에 사용하지 않음.,,,
GEM-17-N-00269,GEM-17,GEM-17-INH-E004-U1-Tension,준수,True,,물리적 원문 행을 직접 검토한 부모 연결의 목표 상태에 대응시킴. 기존 자동 분기키는 부모 판단에 사용하지 않음.,,,
GEM-17-N-00270,GEM-17,GEM-17-INH-E004-U1-Diplomatic_Support,준수,True,,물리적 원문 행을 직접 검토한 부모 연결의 목표 상태에 대응시킴. 기존 자동 분기키는 부모 판단에 사용하지 않음.,,,
GEM-17-N-00271,GEM-17,GEM-17-INH-E004-U1-Public_Opinion,준수,True,,물리적 원문 행을 직접 검토한 부모 연결의 목표 상태에 대응시킴. 기존 자동 분기키는 부모 판단에 사용하지 않음.,,,
GEM-17-N-00272,GEM-17,GEM-17-INH-E004-U1-Leadership_Unity,준수,True,,물리적 원문 행을 직접 검토한 부모 연결의 목표 상태에 대응시킴. 기존 자동 분기키는 부모 판단에 사용하지 않음.,,,
GEM-17-N-00273,GEM-17,GEM-17-INH-E005-U1-Tension,준수,True,,물리적 원문 행을 직접 검토한 부모 연결의 목표 상태에 대응시킴. 기존 자동 분기키는 부모 판단에 사용하지 않음.,,,
GEM-17-N-00274,GEM-17,GEM-17-INH-E005-U1-Diplomatic_Support,준수,True,,물리적 원문 행을 직접 검토한 부모 연결의 목표 상태에 대응시킴. 기존 자동 분기키는 부모 판단에 사용하지 않음.,,,
GEM-17-N-00275,GEM-17,GEM-17-INH-E005-U1-Public_Opinion,준수,True,,물리적 원문 행을 직접 검토한 부모 연결의 목표 상태에 대응시킴. 기존 자동 분기키는 부모 판단에 사용하지 않음.,,,
GEM-17-N-00276,GEM-17,GEM-17-INH-E005-U1-Leadership_Unity,준수,True,,물리적 원문 행을 직접 검토한 부모 연결의 목표 상태에 대응시킴. 기존 자동 분기키는 부모 판단에 사용하지 않음.,,,
GEM-17-N-00277,GEM-17,GEM-17-INH-E006-U1-Tension,준수,True,,물리적 원문 행을 직접 검토한 부모 연결의 목표 상태에 대응시킴. 기존 자동 분기키는 부모 판단에 사용하지 않음.,,,
GEM-17-N-00278,GEM-17,GEM-17-INH-E006-U1-Diplomatic_Support,준수,True,,물리적 원문 행을 직접 검토한 부모 연결의 목표 상태에 대응시킴. 기존 자동 분기키는 부모 판단에 사용하지 않음.,,,
GEM-17-N-00279,GEM-17,GEM-17-INH-E006-U1-Public_Opinion,준수,True,,물리적 원문 행을 직접 검토한 부모 연결의 목표 상태에 대응시킴. 기존 자동 분기키는 부모 판단에 사용하지 않음.,,,
GEM-17-N-00280,GEM-17,GEM-17-INH-E006-U1-Leadership_Unity,준수,True,,물리적 원문 행을 직접 검토한 부모 연결의 목표 상태에 대응시킴. 기존 자동 분기키는 부모 판단에 사용하지 않음.,,,
GEM-17-N-00281,GEM-17,GEM-17-INH-E007-U1-Tension,준수,True,,물리적 원문 행을 직접 검토한 부모 연결의 목표 상태에 대응시킴. 기존 자동 분기키는 부모 판단에 사용하지 않음.,,,
GEM-17-N-00282,GEM-17,GEM-17-INH-E007-U1-Diplomatic_Support,준수,True,,물리적 원문 행을 직접 검토한 부모 연결의 목표 상태에 대응시킴. 기존 자동 분기키는 부모 판단에 사용하지 않음.,,,
GEM-17-N-00283,GEM-17,GEM-17-INH-E007-U1-Public_Opinion,준수,True,,물리적 원문 행을 직접 검토한 부모 연결의 목표 상태에 대응시킴. 기존 자동 분기키는 부모 판단에 사용하지 않음.,,,
GEM-17-N-00284,GEM-17,GEM-17-INH-E007-U1-Leadership_Unity,준수,True,,물리적 원문 행을 직접 검토한 부모 연결의 목표 상태에 대응시킴. 기존 자동 분기키는 부모 판단에 사용하지 않음.,,,
GEM-17-N-00285,GEM-17,GEM-17-INH-E008-U1-Tension,준수,True,,물리적 원문 행을 직접 검토한 부모 연결의 목표 상태에 대응시킴. 기존 자동 분기키는 부모 판단에 사용하지 않음.,,,
GEM-17-N-00286,GEM-17,GEM-17-INH-E008-U1-Diplomatic_Support,준수,True,,물리적 원문 행을 직접 검토한 부모 연결의 목표 상태에 대응시킴. 기존 자동 분기키는 부모 판단에 사용하지 않음.,,,
GEM-17-N-00287,GEM-17,GEM-17-INH-E008-U1-Public_Opinion,준수,True,,물리적 원문 행을 직접 검토한 부모 연결의 목표 상태에 대응시킴. 기존 자동 분기키는 부모 판단에 사용하지 않음.,,,
GEM-17-N-00288,GEM-17,GEM-17-INH-E008-U1-Leadership_Unity,준수,True,,물리적 원문 행을 직접 검토한 부모 연결의 목표 상태에 대응시킴. 기존 자동 분기키는 부모 판단에 사용하지 않음.,,,
GEM-17-N-00289,GEM-17,GEM-17-INH-E009-U1-Tension,준수,True,,물리적 원문 행을 직접 검토한 부모 연결의 목표 상태에 대응시킴. 기존 자동 분기키는 부모 판단에 사용하지 않음.,,,
GEM-17-N-00290,GEM-17,GEM-17-INH-E009-U1-Diplomatic_Support,준수,True,,물리적 원문 행을 직접 검토한 부모 연결의 목표 상태에 대응시킴. 기존 자동 분기키는 부모 판단에 사용하지 않음.,,,
GEM-17-N-00291,GEM-17,GEM-17-INH-E009-U1-Public_Opinion,준수,True,,물리적 원문 행을 직접 검토한 부모 연결의 목표 상태에 대응시킴. 기존 자동 분기키는 부모 판단에 사용하지 않음.,,,
GEM-17-N-00292,GEM-17,GEM-17-INH-E009-U1-Leadership_Unity,준수,True,,물리적 원문 행을 직접 검토한 부모 연결의 목표 상태에 대응시킴. 기존 자동 분기키는 부모 판단에 사용하지 않음.,,,
GEM-20-N-00247,GEM-20,,적용 대상 아님,True,legacy_candidate_not_inheritance,기존 파서가 Initial state 줄의 문맥을 뒤의 행동 적용 후 종료값에도 이월하여 승계 후보로 잘못 분류했다. 원문에서 해당 줄은 시작값이 아니라 사건·행동 후 값이다. 실제 승계 의무는 바로 앞 Initial state from Turn N 줄로 새 대장에 별도 검사했으며 이 거짓 후보는 수치 불일치/준수율 분모에 넣지 않는다.,runs/raw_logs/Gemini_2.5_Flash/20.pdf,8,tension: 0.50
GEM-20-N-00248,GEM-20,,적용 대상 아님,True,legacy_candidate_not_inheritance,기존 파서가 Initial state 줄의 문맥을 뒤의 행동 적용 후 종료값에도 이월하여 승계 후보로 잘못 분류했다. 원문에서 해당 줄은 시작값이 아니라 사건·행동 후 값이다. 실제 승계 의무는 바로 앞 Initial state from Turn N 줄로 새 대장에 별도 검사했으며 이 거짓 후보는 수치 불일치/준수율 분모에 넣지 않는다.,runs/raw_logs/Gemini_2.5_Flash/20.pdf,8,diplomatic_support: 0.58
GEM-20-N-00249,GEM-20,,적용 대상 아님,True,legacy_candidate_not_inheritance,기존 파서가 Initial state 줄의 문맥을 뒤의 행동 적용 후 종료값에도 이월하여 승계 후보로 잘못 분류했다. 원문에서 해당 줄은 시작값이 아니라 사건·행동 후 값이다. 실제 승계 의무는 바로 앞 Initial state from Turn N 줄로 새 대장에 별도 검사했으며 이 거짓 후보는 수치 불일치/준수율 분모에 넣지 않는다.,runs/raw_logs/Gemini_2.5_Flash/20.pdf,8,public_opinion: 0.53
GEM-20-N-00250,GEM-20,,적용 대상 아님,True,legacy_candidate_not_inheritance,기존 파서가 Initial state 줄의 문맥을 뒤의 행동 적용 후 종료값에도 이월하여 승계 후보로 잘못 분류했다. 원문에서 해당 줄은 시작값이 아니라 사건·행동 후 값이다. 실제 승계 의무는 바로 앞 Initial state from Turn N 줄로 새 대장에 별도 검사했으며 이 거짓 후보는 수치 불일치/준수율 분모에 넣지 않는다.,runs/raw_logs/Gemini_2.5_Flash/20.pdf,8,leadership_unity: 0.50
GEM-20-N-00251,GEM-20,,적용 대상 아님,True,legacy_candidate_not_inheritance,기존 파서가 Initial state 줄의 문맥을 뒤의 행동 적용 후 종료값에도 이월하여 승계 후보로 잘못 분류했다. 원문에서 해당 줄은 시작값이 아니라 사건·행동 후 값이다. 실제 승계 의무는 바로 앞 Initial state from Turn N 줄로 새 대장에 별도 검사했으며 이 거짓 후보는 수치 불일치/준수율 분모에 넣지 않는다.,runs/raw_logs/Gemini_2.5_Flash/20.pdf,9,tension: 0.60
GEM-20-N-00252,GEM-20,,적용 대상 아님,True,legacy_candidate_not_inheritance,기존 파서가 Initial state 줄의 문맥을 뒤의 행동 적용 후 종료값에도 이월하여 승계 후보로 잘못 분류했다. 원문에서 해당 줄은 시작값이 아니라 사건·행동 후 값이다. 실제 승계 의무는 바로 앞 Initial state from Turn N 줄로 새 대장에 별도 검사했으며 이 거짓 후보는 수치 불일치/준수율 분모에 넣지 않는다.,runs/raw_logs/Gemini_2.5_Flash/20.pdf,9,diplomatic_support: 0.46
GEM-20-N-00253,GEM-20,,적용 대상 아님,True,legacy_candidate_not_inheritance,기존 파서가 Initial state 줄의 문맥을 뒤의 행동 적용 후 종료값에도 이월하여 승계 후보로 잘못 분류했다. 원문에서 해당 줄은 시작값이 아니라 사건·행동 후 값이다. 실제 승계 의무는 바로 앞 Initial state from Turn N 줄로 새 대장에 별도 검사했으며 이 거짓 후보는 수치 불일치/준수율 분모에 넣지 않는다.,runs/raw_logs/Gemini_2.5_Flash/20.pdf,9,public_opinion: 0.46
GEM-20-N-00254,GEM-20,,적용 대상 아님,True,legacy_candidate_not_inheritance,기존 파서가 Initial state 줄의 문맥을 뒤의 행동 적용 후 종료값에도 이월하여 승계 후보로 잘못 분류했다. 원문에서 해당 줄은 시작값이 아니라 사건·행동 후 값이다. 실제 승계 의무는 바로 앞 Initial state from Turn N 줄로 새 대장에 별도 검사했으며 이 거짓 후보는 수치 불일치/준수율 분모에 넣지 않는다.,runs/raw_logs/Gemini_2.5_Flash/20.pdf,9,leadership_unity: 0.40
GEM-20-N-00255,GEM-20,,적용 대상 아님,True,legacy_candidate_not_inheritance,기존 파서가 Initial state 줄의 문맥을 뒤의 행동 적용 후 종료값에도 이월하여 승계 후보로 잘못 분류했다. 원문에서 해당 줄은 시작값이 아니라 사건·행동 후 값이다. 실제 승계 의무는 바로 앞 Initial state from Turn N 줄로 새 대장에 별도 검사했으며 이 거짓 후보는 수치 불일치/준수율 분모에 넣지 않는다.,runs/raw_logs/Gemini_2.5_Flash/20.pdf,10,tension: 0.80
GEM-20-N-00256,GEM-20,,적용 대상 아님,True,legacy_candidate_not_inheritance,기존 파서가 Initial state 줄의 문맥을 뒤의 행동 적용 후 종료값에도 이월하여 승계 후보로 잘못 분류했다. 원문에서 해당 줄은 시작값이 아니라 사건·행동 후 값이다. 실제 승계 의무는 바로 앞 Initial state from Turn N 줄로 새 대장에 별도 검사했으며 이 거짓 후보는 수치 불일치/준수율 분모에 넣지 않는다.,runs/raw_logs/Gemini_2.5_Flash/20.pdf,10,diplomatic_support: 0.40
GEM-20-N-00257,GEM-20,,적용 대상 아님,True,legacy_candidate_not_inheritance,기존 파서가 Initial state 줄의 문맥을 뒤의 행동 적용 후 종료값에도 이월하여 승계 후보로 잘못 분류했다. 원문에서 해당 줄은 시작값이 아니라 사건·행동 후 값이다. 실제 승계 의무는 바로 앞 Initial state from Turn N 줄로 새 대장에 별도 검사했으며 이 거짓 후보는 수치 불일치/준수율 분모에 넣지 않는다.,runs/raw_logs/Gemini_2.5_Flash/20.pdf,10,public_opinion: 0.40
GEM-20-N-00258,GEM-20,,적용 대상 아님,True,legacy_candidate_not_inheritance,기존 파서가 Initial state 줄의 문맥을 뒤의 행동 적용 후 종료값에도 이월하여 승계 후보로 잘못 분류했다. 원문에서 해당 줄은 시작값이 아니라 사건·행동 후 값이다. 실제 승계 의무는 바로 앞 Initial state from Turn N 줄로 새 대장에 별도 검사했으며 이 거짓 후보는 수치 불일치/준수율 분모에 넣지 않는다.,runs/raw_logs/Gemini_2.5_Flash/20.pdf,10,leadership_unity: 0.30
GEM-20-N-00259,GEM-20,,적용 대상 아님,True,legacy_candidate_not_inheritance,기존 파서가 Initial state 줄의 문맥을 뒤의 행동 적용 후 종료값에도 이월하여 승계 후보로 잘못 분류했다. 원문에서 해당 줄은 시작값이 아니라 사건·행동 후 값이다. 실제 승계 의무는 바로 앞 Initial state from Turn N 줄로 새 대장에 별도 검사했으며 이 거짓 후보는 수치 불일치/준수율 분모에 넣지 않는다.,runs/raw_logs/Gemini_2.5_Flash/20.pdf,11,tension: 0.60
GEM-20-N-00260,GEM-20,,적용 대상 아님,True,legacy_candidate_not_inheritance,기존 파서가 Initial state 줄의 문맥을 뒤의 행동 적용 후 종료값에도 이월하여 승계 후보로 잘못 분류했다. 원문에서 해당 줄은 시작값이 아니라 사건·행동 후 값이다. 실제 승계 의무는 바로 앞 Initial state from Turn N 줄로 새 대장에 별도 검사했으며 이 거짓 후보는 수치 불일치/준수율 분모에 넣지 않는다.,runs/raw_logs/Gemini_2.5_Flash/20.pdf,11,diplomatic_support: 0.48
GEM-20-N-00261,GEM-20,,적용 대상 아님,True,legacy_candidate_not_inheritance,기존 파서가 Initial state 줄의 문맥을 뒤의 행동 적용 후 종료값에도 이월하여 승계 후보로 잘못 분류했다. 원문에서 해당 줄은 시작값이 아니라 사건·행동 후 값이다. 실제 승계 의무는 바로 앞 Initial state from Turn N 줄로 새 대장에 별도 검사했으며 이 거짓 후보는 수치 불일치/준수율 분모에 넣지 않는다.,runs/raw_logs/Gemini_2.5_Flash/20.pdf,11,public_opinion: 0.48
GEM-20-N-00262,GEM-20,,적용 대상 아님,True,legacy_candidate_not_inheritance,기존 파서가 Initial state 줄의 문맥을 뒤의 행동 적용 후 종료값에도 이월하여 승계 후보로 잘못 분류했다. 원문에서 해당 줄은 시작값이 아니라 사건·행동 후 값이다. 실제 승계 의무는 바로 앞 Initial state from Turn N 줄로 새 대장에 별도 검사했으며 이 거짓 후보는 수치 불일치/준수율 분모에 넣지 않는다.,runs/raw_logs/Gemini_2.5_Flash/20.pdf,11,leadership_unity: 0.45
GEM-20-N-00263,GEM-20,,적용 대상 아님,True,legacy_candidate_not_inheritance,기존 파서가 Initial state 줄의 문맥을 뒤의 행동 적용 후 종료값에도 이월하여 승계 후보로 잘못 분류했다. 원문에서 해당 줄은 시작값이 아니라 사건·행동 후 값이다. 실제 승계 의무는 바로 앞 Initial state from Turn N 줄로 새 대장에 별도 검사했으며 이 거짓 후보는 수치 불일치/준수율 분모에 넣지 않는다.,runs/raw_logs/Gemini_2.5_Flash/20.pdf,12,tension: 0.75
GEM-20-N-00264,GEM-20,,적용 대상 아님,True,legacy_candidate_not_inheritance,기존 파서가 Initial state 줄의 문맥을 뒤의 행동 적용 후 종료값에도 이월하여 승계 후보로 잘못 분류했다. 원문에서 해당 줄은 시작값이 아니라 사건·행동 후 값이다. 실제 승계 의무는 바로 앞 Initial state from Turn N 줄로 새 대장에 별도 검사했으며 이 거짓 후보는 수치 불일치/준수율 분모에 넣지 않는다.,runs/raw_logs/Gemini_2.5_Flash/20.pdf,12,diplomatic_support: 0.43
GEM-20-N-00265,GEM-20,,적용 대상 아님,True,legacy_candidate_not_inheritance,기존 파서가 Initial state 줄의 문맥을 뒤의 행동 적용 후 종료값에도 이월하여 승계 후보로 잘못 분류했다. 원문에서 해당 줄은 시작값이 아니라 사건·행동 후 값이다. 실제 승계 의무는 바로 앞 Initial state from Turn N 줄로 새 대장에 별도 검사했으며 이 거짓 후보는 수치 불일치/준수율 분모에 넣지 않는다.,runs/raw_logs/Gemini_2.5_Flash/20.pdf,12,public_opinion: 0.43
GEM-20-N-00266,GEM-20,,적용 대상 아님,True,legacy_candidate_not_inheritance,기존 파서가 Initial state 줄의 문맥을 뒤의 행동 적용 후 종료값에도 이월하여 승계 후보로 잘못 분류했다. 원문에서 해당 줄은 시작값이 아니라 사건·행동 후 값이다. 실제 승계 의무는 바로 앞 Initial state from Turn N 줄로 새 대장에 별도 검사했으며 이 거짓 후보는 수치 불일치/준수율 분모에 넣지 않는다.,runs/raw_logs/Gemini_2.5_Flash/20.pdf,12,leadership_unity: 0.35
GEM-20-N-00267,GEM-20,,적용 대상 아님,True,legacy_candidate_not_inheritance,기존 파서가 Initial state 줄의 문맥을 뒤의 행동 적용 후 종료값에도 이월하여 승계 후보로 잘못 분류했다. 원문에서 해당 줄은 시작값이 아니라 사건·행동 후 값이다. 실제 승계 의무는 바로 앞 Initial state from Turn N 줄로 새 대장에 별도 검사했으며 이 거짓 후보는 수치 불일치/준수율 분모에 넣지 않는다.,runs/raw_logs/Gemini_2.5_Flash/20.pdf,13,tension: 0.80
GEM-20-N-00268,GEM-20,,적용 대상 아님,True,legacy_candidate_not_inheritance,기존 파서가 Initial state 줄의 문맥을 뒤의 행동 적용 후 종료값에도 이월하여 승계 후보로 잘못 분류했다. 원문에서 해당 줄은 시작값이 아니라 사건·행동 후 값이다. 실제 승계 의무는 바로 앞 Initial state from Turn N 줄로 새 대장에 별도 검사했으며 이 거짓 후보는 수치 불일치/준수율 분모에 넣지 않는다.,runs/raw_logs/Gemini_2.5_Flash/20.pdf,13,diplomatic_support: 0.48
GEM-20-N-00269,GEM-20,,적용 대상 아님,True,legacy_candidate_not_inheritance,기존 파서가 Initial state 줄의 문맥을 뒤의 행동 적용 후 종료값에도 이월하여 승계 후보로 잘못 분류했다. 원문에서 해당 줄은 시작값이 아니라 사건·행동 후 값이다. 실제 승계 의무는 바로 앞 Initial state from Turn N 줄로 새 대장에 별도 검사했으며 이 거짓 후보는 수치 불일치/준수율 분모에 넣지 않는다.,runs/raw_logs/Gemini_2.5_Flash/20.pdf,13,public_opinion: 0.43
GEM-20-N-00270,GEM-20,,적용 대상 아님,True,legacy_candidate_not_inheritance,기존 파서가 Initial state 줄의 문맥을 뒤의 행동 적용 후 종료값에도 이월하여 승계 후보로 잘못 분류했다. 원문에서 해당 줄은 시작값이 아니라 사건·행동 후 값이다. 실제 승계 의무는 바로 앞 Initial state from Turn N 줄로 새 대장에 별도 검사했으며 이 거짓 후보는 수치 불일치/준수율 분모에 넣지 않는다.,runs/raw_logs/Gemini_2.5_Flash/20.pdf,13,leadership_unity: 0.30
GEM-20-N-00271,GEM-20,,적용 대상 아님,True,legacy_candidate_not_inheritance,기존 파서가 Initial state 줄의 문맥을 뒤의 행동 적용 후 종료값에도 이월하여 승계 후보로 잘못 분류했다. 원문에서 해당 줄은 시작값이 아니라 사건·행동 후 값이다. 실제 승계 의무는 바로 앞 Initial state from Turn N 줄로 새 대장에 별도 검사했으며 이 거짓 후보는 수치 불일치/준수율 분모에 넣지 않는다.,runs/raw_logs/Gemini_2.5_Flash/20.pdf,14,tension: 0.90
GEM-20-N-00272,GEM-20,,적용 대상 아님,True,legacy_candidate_not_inheritance,기존 파서가 Initial state 줄의 문맥을 뒤의 행동 적용 후 종료값에도 이월하여 승계 후보로 잘못 분류했다. 원문에서 해당 줄은 시작값이 아니라 사건·행동 후 값이다. 실제 승계 의무는 바로 앞 Initial state from Turn N 줄로 새 대장에 별도 검사했으며 이 거짓 후보는 수치 불일치/준수율 분모에 넣지 않는다.,runs/raw_logs/Gemini_2.5_Flash/20.pdf,14,diplomatic_support: 0.36
GEM-20-N-00273,GEM-20,,적용 대상 아님,True,legacy_candidate_not_inheritance,기존 파서가 Initial state 줄의 문맥을 뒤의 행동 적용 후 종료값에도 이월하여 승계 후보로 잘못 분류했다. 원문에서 해당 줄은 시작값이 아니라 사건·행동 후 값이다. 실제 승계 의무는 바로 앞 Initial state from Turn N 줄로 새 대장에 별도 검사했으며 이 거짓 후보는 수치 불일치/준수율 분모에 넣지 않는다.,runs/raw_logs/Gemini_2.5_Flash/20.pdf,14,public_opinion: 0.36
GEM-20-N-00274,GEM-20,,적용 대상 아님,True,legacy_candidate_not_inheritance,기존 파서가 Initial state 줄의 문맥을 뒤의 행동 적용 후 종료값에도 이월하여 승계 후보로 잘못 분류했다. 원문에서 해당 줄은 시작값이 아니라 사건·행동 후 값이다. 실제 승계 의무는 바로 앞 Initial state from Turn N 줄로 새 대장에 별도 검사했으며 이 거짓 후보는 수치 불일치/준수율 분모에 넣지 않는다.,runs/raw_logs/Gemini_2.5_Flash/20.pdf,14,leadership_unity: 0.20
GEM-20-N-00275,GEM-20,GEM-20-INH-E008-U2-Tension,준수,True,,물리적 원문 행을 직접 검토한 부모 연결의 목표 상태에 대응시킴. 기존 자동 분기키는 부모 판단에 사용하지 않음.,,,
GEM-20-N-00276,GEM-20,GEM-20-INH-E008-U2-Diplomatic_Support,준수,True,,물리적 원문 행을 직접 검토한 부모 연결의 목표 상태에 대응시킴. 기존 자동 분기키는 부모 판단에 사용하지 않음.,,,
GEM-20-N-00277,GEM-20,GEM-20-INH-E008-U2-Public_Opinion,준수,True,,물리적 원문 행을 직접 검토한 부모 연결의 목표 상태에 대응시킴. 기존 자동 분기키는 부모 판단에 사용하지 않음.,,,
GEM-20-N-00278,GEM-20,GEM-20-INH-E008-U2-Leadership_Unity,준수,True,,물리적 원문 행을 직접 검토한 부모 연결의 목표 상태에 대응시킴. 기존 자동 분기키는 부모 판단에 사용하지 않음.,,,
GEM-20-N-00279,GEM-20,,적용 대상 아님,True,legacy_candidate_not_inheritance,기존 파서가 Initial state 줄의 문맥을 뒤의 행동 적용 후 종료값에도 이월하여 승계 후보로 잘못 분류했다. 원문에서 해당 줄은 시작값이 아니라 사건·행동 후 값이다. 실제 승계 의무는 바로 앞 Initial state from Turn N 줄로 새 대장에 별도 검사했으며 이 거짓 후보는 수치 불일치/준수율 분모에 넣지 않는다.,runs/raw_logs/Gemini_2.5_Flash/20.pdf,15,tension: 0.70
GEM-20-N-00280,GEM-20,,적용 대상 아님,True,legacy_candidate_not_inheritance,기존 파서가 Initial state 줄의 문맥을 뒤의 행동 적용 후 종료값에도 이월하여 승계 후보로 잘못 분류했다. 원문에서 해당 줄은 시작값이 아니라 사건·행동 후 값이다. 실제 승계 의무는 바로 앞 Initial state from Turn N 줄로 새 대장에 별도 검사했으며 이 거짓 후보는 수치 불일치/준수율 분모에 넣지 않는다.,runs/raw_logs/Gemini_2.5_Flash/20.pdf,15,diplomatic_support: 0.48
GEM-20-N-00281,GEM-20,,적용 대상 아님,True,legacy_candidate_not_inheritance,기존 파서가 Initial state 줄의 문맥을 뒤의 행동 적용 후 종료값에도 이월하여 승계 후보로 잘못 분류했다. 원문에서 해당 줄은 시작값이 아니라 사건·행동 후 값이다. 실제 승계 의무는 바로 앞 Initial state from Turn N 줄로 새 대장에 별도 검사했으며 이 거짓 후보는 수치 불일치/준수율 분모에 넣지 않는다.,runs/raw_logs/Gemini_2.5_Flash/20.pdf,15,public_opinion: 0.53
GEM-20-N-00282,GEM-20,,적용 대상 아님,True,legacy_candidate_not_inheritance,기존 파서가 Initial state 줄의 문맥을 뒤의 행동 적용 후 종료값에도 이월하여 승계 후보로 잘못 분류했다. 원문에서 해당 줄은 시작값이 아니라 사건·행동 후 값이다. 실제 승계 의무는 바로 앞 Initial state from Turn N 줄로 새 대장에 별도 검사했으며 이 거짓 후보는 수치 불일치/준수율 분모에 넣지 않는다.,runs/raw_logs/Gemini_2.5_Flash/20.pdf,15,leadership_unity: 0.45
GEM-20-N-00283,GEM-20,,적용 대상 아님,True,legacy_candidate_not_inheritance,기존 파서가 Initial state 줄의 문맥을 뒤의 행동 적용 후 종료값에도 이월하여 승계 후보로 잘못 분류했다. 원문에서 해당 줄은 시작값이 아니라 사건·행동 후 값이다. 실제 승계 의무는 바로 앞 Initial state from Turn N 줄로 새 대장에 별도 검사했으며 이 거짓 후보는 수치 불일치/준수율 분모에 넣지 않는다.,runs/raw_logs/Gemini_2.5_Flash/20.pdf,16,tension: 0.95
GEM-20-N-00284,GEM-20,,적용 대상 아님,True,legacy_candidate_not_inheritance,기존 파서가 Initial state 줄의 문맥을 뒤의 행동 적용 후 종료값에도 이월하여 승계 후보로 잘못 분류했다. 원문에서 해당 줄은 시작값이 아니라 사건·행동 후 값이다. 실제 승계 의무는 바로 앞 Initial state from Turn N 줄로 새 대장에 별도 검사했으며 이 거짓 후보는 수치 불일치/준수율 분모에 넣지 않는다.,runs/raw_logs/Gemini_2.5_Flash/20.pdf,16,diplomatic_support: 0.33
GEM-20-N-00285,GEM-20,,적용 대상 아님,True,legacy_candidate_not_inheritance,기존 파서가 Initial state 줄의 문맥을 뒤의 행동 적용 후 종료값에도 이월하여 승계 후보로 잘못 분류했다. 원문에서 해당 줄은 시작값이 아니라 사건·행동 후 값이다. 실제 승계 의무는 바로 앞 Initial state from Turn N 줄로 새 대장에 별도 검사했으며 이 거짓 후보는 수치 불일치/준수율 분모에 넣지 않는다.,runs/raw_logs/Gemini_2.5_Flash/20.pdf,16,public_opinion: 0.28
GEM-20-N-00286,GEM-20,,적용 대상 아님,True,legacy_candidate_not_inheritance,기존 파서가 Initial state 줄의 문맥을 뒤의 행동 적용 후 종료값에도 이월하여 승계 후보로 잘못 분류했다. 원문에서 해당 줄은 시작값이 아니라 사건·행동 후 값이다. 실제 승계 의무는 바로 앞 Initial state from Turn N 줄로 새 대장에 별도 검사했으며 이 거짓 후보는 수치 불일치/준수율 분모에 넣지 않는다.,runs/raw_logs/Gemini_2.5_Flash/20.pdf,16,leadership_unity: 0.15
GEM-20-N-00287,GEM-20,GEM-20-INH-E013-U1-Tension;GEM-20-INH-E014-U1-Tension;GEM-20-INH-E015-U1-Tension,위반,True,,"기존 후보의 한 물리적 원문 행에 국가별 값이 함께 있으므로, 원문을 분리 검토한 모든 대응 관찰을 연결함. 기존 후보의 불명 국가 범위를 임의로 한 국가에 귀속하지 않음.",,,
GEM-20-N-00288,GEM-20,GEM-20-INH-E013-U1-Diplomatic_Support;GEM-20-INH-E014-U1-Diplomatic_Support;GEM-20-INH-E015-U1-Diplomatic_Support,위반,True,,"기존 후보의 한 물리적 원문 행에 국가별 값이 함께 있으므로, 원문을 분리 검토한 모든 대응 관찰을 연결함. 기존 후보의 불명 국가 범위를 임의로 한 국가에 귀속하지 않음.",,,
GEM-20-N-00289,GEM-20,GEM-20-INH-E013-U1-Public_Opinion;GEM-20-INH-E014-U1-Public_Opinion;GEM-20-INH-E015-U1-Public_Opinion,위반,True,,"기존 후보의 한 물리적 원문 행에 국가별 값이 함께 있으므로, 원문을 분리 검토한 모든 대응 관찰을 연결함. 기존 후보의 불명 국가 범위를 임의로 한 국가에 귀속하지 않음.",,,
GEM-20-N-00290,GEM-20,GEM-20-INH-E013-U1-Leadership_Unity;GEM-20-INH-E014-U1-Leadership_Unity;GEM-20-INH-E015-U1-Leadership_Unity,위반,True,,"기존 후보의 한 물리적 원문 행에 국가별 값이 함께 있으므로, 원문을 분리 검토한 모든 대응 관찰을 연결함. 기존 후보의 불명 국가 범위를 임의로 한 국가에 귀속하지 않음.",,,
GEM-20-N-00291,GEM-20,,적용 대상 아님,True,legacy_candidate_not_inheritance,기존 파서가 Initial state 줄의 문맥을 뒤의 행동 적용 후 종료값에도 이월하여 승계 후보로 잘못 분류했다. 원문에서 해당 줄은 시작값이 아니라 사건·행동 후 값이다. 실제 승계 의무는 바로 앞 Initial state from Turn N 줄로 새 대장에 별도 검사했으며 이 거짓 후보는 수치 불일치/준수율 분모에 넣지 않는다.,runs/raw_logs/Gemini_2.5_Flash/20.pdf,18,tension: 0.70
GEM-20-N-00292,GEM-20,,적용 대상 아님,True,legacy_candidate_not_inheritance,기존 파서가 Initial state 줄의 문맥을 뒤의 행동 적용 후 종료값에도 이월하여 승계 후보로 잘못 분류했다. 원문에서 해당 줄은 시작값이 아니라 사건·행동 후 값이다. 실제 승계 의무는 바로 앞 Initial state from Turn N 줄로 새 대장에 별도 검사했으며 이 거짓 후보는 수치 불일치/준수율 분모에 넣지 않는다.,runs/raw_logs/Gemini_2.5_Flash/20.pdf,18,diplomatic_support: 0.48
GEM-20-N-00293,GEM-20,,적용 대상 아님,True,legacy_candidate_not_inheritance,기존 파서가 Initial state 줄의 문맥을 뒤의 행동 적용 후 종료값에도 이월하여 승계 후보로 잘못 분류했다. 원문에서 해당 줄은 시작값이 아니라 사건·행동 후 값이다. 실제 승계 의무는 바로 앞 Initial state from Turn N 줄로 새 대장에 별도 검사했으며 이 거짓 후보는 수치 불일치/준수율 분모에 넣지 않는다.,runs/raw_logs/Gemini_2.5_Flash/20.pdf,18,public_opinion: 0.53
GEM-20-N-00294,GEM-20,,적용 대상 아님,True,legacy_candidate_not_inheritance,기존 파서가 Initial state 줄의 문맥을 뒤의 행동 적용 후 종료값에도 이월하여 승계 후보로 잘못 분류했다. 원문에서 해당 줄은 시작값이 아니라 사건·행동 후 값이다. 실제 승계 의무는 바로 앞 Initial state from Turn N 줄로 새 대장에 별도 검사했으며 이 거짓 후보는 수치 불일치/준수율 분모에 넣지 않는다.,runs/raw_logs/Gemini_2.5_Flash/20.pdf,18,leadership_unity: 0.45
GEM-20-N-00295,GEM-20,,적용 대상 아님,True,legacy_candidate_not_inheritance,기존 파서가 Initial state 줄의 문맥을 뒤의 행동 적용 후 종료값에도 이월하여 승계 후보로 잘못 분류했다. 원문에서 해당 줄은 시작값이 아니라 사건·행동 후 값이다. 실제 승계 의무는 바로 앞 Initial state from Turn N 줄로 새 대장에 별도 검사했으며 이 거짓 후보는 수치 불일치/준수율 분모에 넣지 않는다.,runs/raw_logs/Gemini_2.5_Flash/20.pdf,18,tension: 0.85
GEM-20-N-00296,GEM-20,,적용 대상 아님,True,legacy_candidate_not_inheritance,기존 파서가 Initial state 줄의 문맥을 뒤의 행동 적용 후 종료값에도 이월하여 승계 후보로 잘못 분류했다. 원문에서 해당 줄은 시작값이 아니라 사건·행동 후 값이다. 실제 승계 의무는 바로 앞 Initial state from Turn N 줄로 새 대장에 별도 검사했으며 이 거짓 후보는 수치 불일치/준수율 분모에 넣지 않는다.,runs/raw_logs/Gemini_2.5_Flash/20.pdf,18,diplomatic_support: 0.33
GEM-20-N-00297,GEM-20,,적용 대상 아님,True,legacy_candidate_not_inheritance,기존 파서가 Initial state 줄의 문맥을 뒤의 행동 적용 후 종료값에도 이월하여 승계 후보로 잘못 분류했다. 원문에서 해당 줄은 시작값이 아니라 사건·행동 후 값이다. 실제 승계 의무는 바로 앞 Initial state from Turn N 줄로 새 대장에 별도 검사했으며 이 거짓 후보는 수치 불일치/준수율 분모에 넣지 않는다.,runs/raw_logs/Gemini_2.5_Flash/20.pdf,18,public_opinion: 0.38
GEM-20-N-00298,GEM-20,,적용 대상 아님,True,legacy_candidate_not_inheritance,기존 파서가 Initial state 줄의 문맥을 뒤의 행동 적용 후 종료값에도 이월하여 승계 후보로 잘못 분류했다. 원문에서 해당 줄은 시작값이 아니라 사건·행동 후 값이다. 실제 승계 의무는 바로 앞 Initial state from Turn N 줄로 새 대장에 별도 검사했으며 이 거짓 후보는 수치 불일치/준수율 분모에 넣지 않는다.,runs/raw_logs/Gemini_2.5_Flash/20.pdf,19,leadership_unity: 0.30
GEM-21-N-00341,GEM-21,GEM-21-INH-E003-U1-Tension,준수,True,,물리적 원문 행을 직접 검토한 부모 연결의 목표 상태에 대응시킴. 기존 자동 분기키는 부모 판단에 사용하지 않음.,,,
GEM-21-N-00342,GEM-21,GEM-21-INH-E003-U1-Diplomatic_Support,준수,True,,물리적 원문 행을 직접 검토한 부모 연결의 목표 상태에 대응시킴. 기존 자동 분기키는 부모 판단에 사용하지 않음.,,,
GEM-21-N-00343,GEM-21,GEM-21-INH-E003-U1-Public_Opinion,준수,True,,물리적 원문 행을 직접 검토한 부모 연결의 목표 상태에 대응시킴. 기존 자동 분기키는 부모 판단에 사용하지 않음.,,,
GEM-21-N-00344,GEM-21,GEM-21-INH-E003-U1-Leadership_Unity,준수,True,,물리적 원문 행을 직접 검토한 부모 연결의 목표 상태에 대응시킴. 기존 자동 분기키는 부모 판단에 사용하지 않음.,,,
GEM-21-N-00345,GEM-21,GEM-21-INH-E004-U1-Tension,준수,True,,물리적 원문 행을 직접 검토한 부모 연결의 목표 상태에 대응시킴. 기존 자동 분기키는 부모 판단에 사용하지 않음.,,,
GEM-21-N-00346,GEM-21,GEM-21-INH-E004-U1-Diplomatic_Support,준수,True,,물리적 원문 행을 직접 검토한 부모 연결의 목표 상태에 대응시킴. 기존 자동 분기키는 부모 판단에 사용하지 않음.,,,
GEM-21-N-00347,GEM-21,GEM-21-INH-E004-U1-Public_Opinion,준수,True,,물리적 원문 행을 직접 검토한 부모 연결의 목표 상태에 대응시킴. 기존 자동 분기키는 부모 판단에 사용하지 않음.,,,
GEM-21-N-00348,GEM-21,GEM-21-INH-E004-U1-Leadership_Unity;GEM-21-INH-E005-U1-Leadership_Unity,준수,True,,"기존 후보의 한 물리적 원문 행에 국가별 값이 함께 있으므로, 원문을 분리 검토한 모든 대응 관찰을 연결함. 기존 후보의 불명 국가 범위를 임의로 한 국가에 귀속하지 않음.",,,
GEM-21-N-00349,GEM-21,GEM-21-INH-E005-U1-Tension,준수,True,,물리적 원문 행을 직접 검토한 부모 연결의 목표 상태에 대응시킴. 기존 자동 분기키는 부모 판단에 사용하지 않음.,,,
GEM-21-N-00350,GEM-21,GEM-21-INH-E005-U1-Diplomatic_Support,준수,True,,물리적 원문 행을 직접 검토한 부모 연결의 목표 상태에 대응시킴. 기존 자동 분기키는 부모 판단에 사용하지 않음.,,,
GEM-21-N-00351,GEM-21,GEM-21-INH-E005-U1-Public_Opinion,준수,True,,물리적 원문 행을 직접 검토한 부모 연결의 목표 상태에 대응시킴. 기존 자동 분기키는 부모 판단에 사용하지 않음.,,,
GEM-21-N-00352,GEM-21,GEM-21-INH-E005-U1-Leadership_Unity,준수,True,,물리적 원문 행을 직접 검토한 부모 연결의 목표 상태에 대응시킴. 기존 자동 분기키는 부모 판단에 사용하지 않음.,,,
GEM-21-N-00353,GEM-21,GEM-21-INH-E006-U1-Tension,준수,True,,물리적 원문 행을 직접 검토한 부모 연결의 목표 상태에 대응시킴. 기존 자동 분기키는 부모 판단에 사용하지 않음.,,,
GEM-21-N-00354,GEM-21,GEM-21-INH-E006-U1-Diplomatic_Support,준수,True,,물리적 원문 행을 직접 검토한 부모 연결의 목표 상태에 대응시킴. 기존 자동 분기키는 부모 판단에 사용하지 않음.,,,
GEM-21-N-00355,GEM-21,GEM-21-INH-E006-U1-Public_Opinion,준수,True,,물리적 원문 행을 직접 검토한 부모 연결의 목표 상태에 대응시킴. 기존 자동 분기키는 부모 판단에 사용하지 않음.,,,
GEM-21-N-00356,GEM-21,GEM-21-INH-E006-U1-Leadership_Unity,준수,True,,물리적 원문 행을 직접 검토한 부모 연결의 목표 상태에 대응시킴. 기존 자동 분기키는 부모 판단에 사용하지 않음.,,,
GEM-21-N-00357,GEM-21,GEM-21-INH-E007-U1-Tension,준수,True,,물리적 원문 행을 직접 검토한 부모 연결의 목표 상태에 대응시킴. 기존 자동 분기키는 부모 판단에 사용하지 않음.,,,
GEM-21-N-00358,GEM-21,GEM-21-INH-E007-U1-Diplomatic_Support;GEM-21-INH-E008-U1-Diplomatic_Support,준수,True,,"기존 후보의 한 물리적 원문 행에 국가별 값이 함께 있으므로, 원문을 분리 검토한 모든 대응 관찰을 연결함. 기존 후보의 불명 국가 범위를 임의로 한 국가에 귀속하지 않음.",,,
GEM-21-N-00359,GEM-21,GEM-21-INH-E007-U1-Public_Opinion,준수,True,,물리적 원문 행을 직접 검토한 부모 연결의 목표 상태에 대응시킴. 기존 자동 분기키는 부모 판단에 사용하지 않음.,,,
GEM-21-N-00360,GEM-21,GEM-21-INH-E007-U1-Leadership_Unity;GEM-21-INH-E008-U1-Leadership_Unity,준수,True,,"기존 후보의 한 물리적 원문 행에 국가별 값이 함께 있으므로, 원문을 분리 검토한 모든 대응 관찰을 연결함. 기존 후보의 불명 국가 범위를 임의로 한 국가에 귀속하지 않음.",,,
GEM-21-N-00361,GEM-21,GEM-21-INH-E008-U1-Tension,준수,True,,물리적 원문 행을 직접 검토한 부모 연결의 목표 상태에 대응시킴. 기존 자동 분기키는 부모 판단에 사용하지 않음.,,,
GEM-21-N-00362,GEM-21,GEM-21-INH-E007-U1-Diplomatic_Support;GEM-21-INH-E008-U1-Diplomatic_Support,준수,True,,"기존 후보의 한 물리적 원문 행에 국가별 값이 함께 있으므로, 원문을 분리 검토한 모든 대응 관찰을 연결함. 기존 후보의 불명 국가 범위를 임의로 한 국가에 귀속하지 않음.",,,
GEM-21-N-00363,GEM-21,GEM-21-INH-E008-U1-Public_Opinion,준수,True,,물리적 원문 행을 직접 검토한 부모 연결의 목표 상태에 대응시킴. 기존 자동 분기키는 부모 판단에 사용하지 않음.,,,
GEM-21-N-00364,GEM-21,GEM-21-INH-E007-U1-Leadership_Unity;GEM-21-INH-E008-U1-Leadership_Unity,준수,True,,"기존 후보의 한 물리적 원문 행에 국가별 값이 함께 있으므로, 원문을 분리 검토한 모든 대응 관찰을 연결함. 기존 후보의 불명 국가 범위를 임의로 한 국가에 귀속하지 않음.",,,
GEM-21-N-00365,GEM-21,GEM-21-INH-E009-U2-Tension,준수,True,,물리적 원문 행을 직접 검토한 부모 연결의 목표 상태에 대응시킴. 기존 자동 분기키는 부모 판단에 사용하지 않음.,,,
GEM-21-N-00366,GEM-21,GEM-21-INH-E009-U2-Diplomatic_Support,준수,True,,물리적 원문 행을 직접 검토한 부모 연결의 목표 상태에 대응시킴. 기존 자동 분기키는 부모 판단에 사용하지 않음.,,,
GEM-21-N-00367,GEM-21,GEM-21-INH-E009-U2-Public_Opinion,준수,True,,물리적 원문 행을 직접 검토한 부모 연결의 목표 상태에 대응시킴. 기존 자동 분기키는 부모 판단에 사용하지 않음.,,,
GEM-21-N-00368,GEM-21,GEM-21-INH-E009-U2-Leadership_Unity,준수,True,,물리적 원문 행을 직접 검토한 부모 연결의 목표 상태에 대응시킴. 기존 자동 분기키는 부모 판단에 사용하지 않음.,,,
GEM-21-N-00369,GEM-21,GEM-21-INH-E010-U2-Tension,준수,True,,물리적 원문 행을 직접 검토한 부모 연결의 목표 상태에 대응시킴. 기존 자동 분기키는 부모 판단에 사용하지 않음.,,,
GEM-21-N-00370,GEM-21,GEM-21-INH-E010-U2-Diplomatic_Support,준수,True,,물리적 원문 행을 직접 검토한 부모 연결의 목표 상태에 대응시킴. 기존 자동 분기키는 부모 판단에 사용하지 않음.,,,
GEM-21-N-00371,GEM-21,GEM-21-INH-E010-U2-Public_Opinion,준수,True,,물리적 원문 행을 직접 검토한 부모 연결의 목표 상태에 대응시킴. 기존 자동 분기키는 부모 판단에 사용하지 않음.,,,
GEM-21-N-00372,GEM-21,GEM-21-INH-E010-U2-Leadership_Unity,준수,True,,물리적 원문 행을 직접 검토한 부모 연결의 목표 상태에 대응시킴. 기존 자동 분기키는 부모 판단에 사용하지 않음.,,,
GEM-21-N-00373,GEM-21,GEM-21-INH-E011-U2-Tension,준수,True,,물리적 원문 행을 직접 검토한 부모 연결의 목표 상태에 대응시킴. 기존 자동 분기키는 부모 판단에 사용하지 않음.,,,
GEM-21-N-00374,GEM-21,GEM-21-INH-E011-U2-Diplomatic_Support,준수,True,,물리적 원문 행을 직접 검토한 부모 연결의 목표 상태에 대응시킴. 기존 자동 분기키는 부모 판단에 사용하지 않음.,,,
GEM-21-N-00375,GEM-21,GEM-21-INH-E011-U2-Public_Opinion,준수,True,,물리적 원문 행을 직접 검토한 부모 연결의 목표 상태에 대응시킴. 기존 자동 분기키는 부모 판단에 사용하지 않음.,,,
GEM-21-N-00376,GEM-21,GEM-21-INH-E011-U2-Leadership_Unity,준수,True,,물리적 원문 행을 직접 검토한 부모 연결의 목표 상태에 대응시킴. 기존 자동 분기키는 부모 판단에 사용하지 않음.,,,
GEM-21-N-00377,GEM-21,GEM-21-INH-E012-U2-Tension,준수,True,,물리적 원문 행을 직접 검토한 부모 연결의 목표 상태에 대응시킴. 기존 자동 분기키는 부모 판단에 사용하지 않음.,,,
GEM-21-N-00378,GEM-21,GEM-21-INH-E012-U2-Diplomatic_Support,준수,True,,물리적 원문 행을 직접 검토한 부모 연결의 목표 상태에 대응시킴. 기존 자동 분기키는 부모 판단에 사용하지 않음.,,,
GEM-21-N-00379,GEM-21,GEM-21-INH-E012-U2-Public_Opinion,준수,True,,물리적 원문 행을 직접 검토한 부모 연결의 목표 상태에 대응시킴. 기존 자동 분기키는 부모 판단에 사용하지 않음.,,,
GEM-21-N-00380,GEM-21,GEM-21-INH-E012-U2-Leadership_Unity,준수,True,,물리적 원문 행을 직접 검토한 부모 연결의 목표 상태에 대응시킴. 기존 자동 분기키는 부모 판단에 사용하지 않음.,,,
GEM-21-N-00381,GEM-21,GEM-21-INH-E013-U2-Tension,준수,True,,물리적 원문 행을 직접 검토한 부모 연결의 목표 상태에 대응시킴. 기존 자동 분기키는 부모 판단에 사용하지 않음.,,,
GEM-21-N-00382,GEM-21,GEM-21-INH-E013-U2-Diplomatic_Support,준수,True,,물리적 원문 행을 직접 검토한 부모 연결의 목표 상태에 대응시킴. 기존 자동 분기키는 부모 판단에 사용하지 않음.,,,
GEM-21-N-00383,GEM-21,GEM-21-INH-E013-U2-Public_Opinion,준수,True,,물리적 원문 행을 직접 검토한 부모 연결의 목표 상태에 대응시킴. 기존 자동 분기키는 부모 판단에 사용하지 않음.,,,
GEM-21-N-00384,GEM-21,GEM-21-INH-E013-U2-Leadership_Unity,준수,True,,물리적 원문 행을 직접 검토한 부모 연결의 목표 상태에 대응시킴. 기존 자동 분기키는 부모 판단에 사용하지 않음.,,,
GEM-21-N-00385,GEM-21,GEM-21-INH-E014-U2-Tension,준수,True,,물리적 원문 행을 직접 검토한 부모 연결의 목표 상태에 대응시킴. 기존 자동 분기키는 부모 판단에 사용하지 않음.,,,
GEM-21-N-00386,GEM-21,GEM-21-INH-E014-U2-Diplomatic_Support,준수,True,,물리적 원문 행을 직접 검토한 부모 연결의 목표 상태에 대응시킴. 기존 자동 분기키는 부모 판단에 사용하지 않음.,,,
GEM-21-N-00387,GEM-21,GEM-21-INH-E014-U2-Public_Opinion,준수,True,,물리적 원문 행을 직접 검토한 부모 연결의 목표 상태에 대응시킴. 기존 자동 분기키는 부모 판단에 사용하지 않음.,,,
GEM-21-N-00388,GEM-21,GEM-21-INH-E014-U2-Leadership_Unity,준수,True,,물리적 원문 행을 직접 검토한 부모 연결의 목표 상태에 대응시킴. 기존 자동 분기키는 부모 판단에 사용하지 않음.,,,
GEM-21-N-00389,GEM-21,GEM-21-INH-E015-U2-Tension,준수,True,,물리적 원문 행을 직접 검토한 부모 연결의 목표 상태에 대응시킴. 기존 자동 분기키는 부모 판단에 사용하지 않음.,,,
GEM-21-N-00390,GEM-21,GEM-21-INH-E015-U2-Diplomatic_Support,준수,True,,물리적 원문 행을 직접 검토한 부모 연결의 목표 상태에 대응시킴. 기존 자동 분기키는 부모 판단에 사용하지 않음.,,,
GEM-21-N-00391,GEM-21,GEM-21-INH-E015-U2-Public_Opinion,준수,True,,물리적 원문 행을 직접 검토한 부모 연결의 목표 상태에 대응시킴. 기존 자동 분기키는 부모 판단에 사용하지 않음.,,,
GEM-21-N-00392,GEM-21,GEM-21-INH-E015-U2-Leadership_Unity,준수,True,,물리적 원문 행을 직접 검토한 부모 연결의 목표 상태에 대응시킴. 기존 자동 분기키는 부모 판단에 사용하지 않음.,,,
GEM-21-N-00393,GEM-21,GEM-21-INH-E016-U2-Tension,준수,True,,물리적 원문 행을 직접 검토한 부모 연결의 목표 상태에 대응시킴. 기존 자동 분기키는 부모 판단에 사용하지 않음.,,,
GEM-21-N-00394,GEM-21,GEM-21-INH-E016-U2-Diplomatic_Support,준수,True,,물리적 원문 행을 직접 검토한 부모 연결의 목표 상태에 대응시킴. 기존 자동 분기키는 부모 판단에 사용하지 않음.,,,
GEM-21-N-00395,GEM-21,GEM-21-INH-E016-U2-Public_Opinion,준수,True,,물리적 원문 행을 직접 검토한 부모 연결의 목표 상태에 대응시킴. 기존 자동 분기키는 부모 판단에 사용하지 않음.,,,
GEM-21-N-00396,GEM-21,GEM-21-INH-E016-U2-Leadership_Unity,준수,True,,물리적 원문 행을 직접 검토한 부모 연결의 목표 상태에 대응시킴. 기존 자동 분기키는 부모 판단에 사용하지 않음.,,,
GEM-21-N-00397,GEM-21,GEM-21-INH-E015-U3-Tension,준수,True,,물리적 원문 행을 직접 검토한 부모 연결의 목표 상태에 대응시킴. 기존 자동 분기키는 부모 판단에 사용하지 않음.,,,
GEM-21-N-00398,GEM-21,GEM-21-INH-E015-U3-Diplomatic_Support,준수,True,,물리적 원문 행을 직접 검토한 부모 연결의 목표 상태에 대응시킴. 기존 자동 분기키는 부모 판단에 사용하지 않음.,,,
GEM-21-N-00399,GEM-21,GEM-21-INH-E015-U3-Public_Opinion,준수,True,,물리적 원문 행을 직접 검토한 부모 연결의 목표 상태에 대응시킴. 기존 자동 분기키는 부모 판단에 사용하지 않음.,,,
GEM-21-N-00400,GEM-21,GEM-21-INH-E015-U3-Leadership_Unity,준수,True,,물리적 원문 행을 직접 검토한 부모 연결의 목표 상태에 대응시킴. 기존 자동 분기키는 부모 판단에 사용하지 않음.,,,
GEM-21-N-00401,GEM-21,GEM-21-INH-E015-U3-Tension;GEM-21-INH-E016-U3-Tension,준수,True,,"기존 후보의 한 물리적 원문 행에 국가별 값이 함께 있으므로, 원문을 분리 검토한 모든 대응 관찰을 연결함. 기존 후보의 불명 국가 범위를 임의로 한 국가에 귀속하지 않음.",,,
GEM-21-N-00402,GEM-21,GEM-21-INH-E016-U3-Diplomatic_Support,준수,True,,물리적 원문 행을 직접 검토한 부모 연결의 목표 상태에 대응시킴. 기존 자동 분기키는 부모 판단에 사용하지 않음.,,,
GEM-21-N-00403,GEM-21,GEM-21-INH-E016-U3-Public_Opinion,준수,True,,물리적 원문 행을 직접 검토한 부모 연결의 목표 상태에 대응시킴. 기존 자동 분기키는 부모 판단에 사용하지 않음.,,,
GEM-21-N-00404,GEM-21,GEM-21-INH-E016-U3-Leadership_Unity,준수,True,,물리적 원문 행을 직접 검토한 부모 연결의 목표 상태에 대응시킴. 기존 자동 분기키는 부모 판단에 사용하지 않음.,,,
GEM-27-N-00179,GEM-27,,적용 대상 아님,True,legacy_candidate_not_inheritance,p10:41–42는 Variables (after stacking DF+DP)라고 명시한 사건 후 값이다. 이전 파서가 이를 시작값 후보로 분류했다. 실제 해당 경로 시작값의 미기재는 새 대장의 T2 Secret Negotiation에 별도 U로 남겼다.,runs/raw_logs/Gemini_2.5_Flash/27.pdf,10,leadership_unity: 0.40
GPT-02-N-00169,GPT-02,GPT-02-INH-E001-U1-Tension,준수,True,,물리적 원문 행을 직접 검토한 부모 연결의 목표 상태에 대응시킴. 기존 자동 분기키는 부모 판단에 사용하지 않음.,,,
GPT-02-N-00170,GPT-02,GPT-02-INH-E001-U1-Diplomatic_Support,준수,True,,물리적 원문 행을 직접 검토한 부모 연결의 목표 상태에 대응시킴. 기존 자동 분기키는 부모 판단에 사용하지 않음.,,,
GPT-02-N-00171,GPT-02,GPT-02-INH-E001-U1-Public_Opinion,준수,True,,물리적 원문 행을 직접 검토한 부모 연결의 목표 상태에 대응시킴. 기존 자동 분기키는 부모 판단에 사용하지 않음.,,,
GPT-02-N-00172,GPT-02,GPT-02-INH-E001-U1-Leadership_Unity,준수,True,,물리적 원문 행을 직접 검토한 부모 연결의 목표 상태에 대응시킴. 기존 자동 분기키는 부모 판단에 사용하지 않음.,,,
GPT-02-N-00173,GPT-02,GPT-02-INH-E002-U1-Tension,준수,True,,물리적 원문 행을 직접 검토한 부모 연결의 목표 상태에 대응시킴. 기존 자동 분기키는 부모 판단에 사용하지 않음.,,,
GPT-02-N-00174,GPT-02,GPT-02-INH-E002-U1-Diplomatic_Support,준수,True,,물리적 원문 행을 직접 검토한 부모 연결의 목표 상태에 대응시킴. 기존 자동 분기키는 부모 판단에 사용하지 않음.,,,
GPT-02-N-00175,GPT-02,GPT-02-INH-E002-U1-Public_Opinion,준수,True,,물리적 원문 행을 직접 검토한 부모 연결의 목표 상태에 대응시킴. 기존 자동 분기키는 부모 판단에 사용하지 않음.,,,
GPT-02-N-00176,GPT-02,GPT-02-INH-E002-U1-Leadership_Unity,준수,True,,물리적 원문 행을 직접 검토한 부모 연결의 목표 상태에 대응시킴. 기존 자동 분기키는 부모 판단에 사용하지 않음.,,,
GPT-02-N-00177,GPT-02,GPT-02-INH-E003-U1-Tension,준수,True,,물리적 원문 행을 직접 검토한 부모 연결의 목표 상태에 대응시킴. 기존 자동 분기키는 부모 판단에 사용하지 않음.,,,
GPT-02-N-00178,GPT-02,GPT-02-INH-E003-U1-Diplomatic_Support,준수,True,,물리적 원문 행을 직접 검토한 부모 연결의 목표 상태에 대응시킴. 기존 자동 분기키는 부모 판단에 사용하지 않음.,,,
GPT-02-N-00179,GPT-02,GPT-02-INH-E003-U1-Public_Opinion,준수,True,,물리적 원문 행을 직접 검토한 부모 연결의 목표 상태에 대응시킴. 기존 자동 분기키는 부모 판단에 사용하지 않음.,,,
GPT-02-N-00180,GPT-02,GPT-02-INH-E003-U1-Leadership_Unity,준수,True,,물리적 원문 행을 직접 검토한 부모 연결의 목표 상태에 대응시킴. 기존 자동 분기키는 부모 판단에 사용하지 않음.,,,
GPT-02-N-00181,GPT-02,GPT-02-INH-E004-U1-Tension,준수,True,,물리적 원문 행을 직접 검토한 부모 연결의 목표 상태에 대응시킴. 기존 자동 분기키는 부모 판단에 사용하지 않음.,,,
GPT-02-N-00182,GPT-02,GPT-02-INH-E004-U1-Diplomatic_Support;GPT-02-INH-E004-U2-Diplomatic_Support;GPT-02-INH-E010-U1-Diplomatic_Support;GPT-02-INH-E011-U1-Diplomatic_Support;GPT-02-INH-E012-U1-Diplomatic_Support,판정 불가,True,legacy_actor_scope_ambiguous,"기존 후보의 한 물리적 원문 행에 국가별 값이 함께 있으므로, 원문을 분리 검토한 모든 대응 관찰을 연결함. 기존 후보의 불명 국가 범위를 임의로 한 국가에 귀속하지 않음.",,,
GPT-02-N-00183,GPT-02,GPT-02-INH-E004-U1-Public_Opinion;GPT-02-INH-E004-U2-Public_Opinion;GPT-02-INH-E010-U1-Public_Opinion;GPT-02-INH-E011-U1-Public_Opinion;GPT-02-INH-E012-U1-Public_Opinion,판정 불가,True,legacy_actor_scope_ambiguous,"기존 후보의 한 물리적 원문 행에 국가별 값이 함께 있으므로, 원문을 분리 검토한 모든 대응 관찰을 연결함. 기존 후보의 불명 국가 범위를 임의로 한 국가에 귀속하지 않음.",,,
GPT-02-N-00184,GPT-02,GPT-02-INH-E004-U1-Leadership_Unity;GPT-02-INH-E004-U2-Leadership_Unity;GPT-02-INH-E010-U1-Leadership_Unity;GPT-02-INH-E011-U1-Leadership_Unity;GPT-02-INH-E012-U1-Leadership_Unity,판정 불가,True,legacy_actor_scope_ambiguous,"기존 후보의 한 물리적 원문 행에 국가별 값이 함께 있으므로, 원문을 분리 검토한 모든 대응 관찰을 연결함. 기존 후보의 불명 국가 범위를 임의로 한 국가에 귀속하지 않음.",,,
GPT-02-N-00185,GPT-02,GPT-02-INH-E005-U1-Tension;GPT-02-INH-E005-U2-Tension,준수,True,,"기존 후보의 한 물리적 원문 행에 국가별 값이 함께 있으므로, 원문을 분리 검토한 모든 대응 관찰을 연결함. 기존 후보의 불명 국가 범위를 임의로 한 국가에 귀속하지 않음.",,,
GPT-02-N-00186,GPT-02,GPT-02-INH-E005-U1-Diplomatic_Support;GPT-02-INH-E005-U2-Diplomatic_Support,준수,True,,"기존 후보의 한 물리적 원문 행에 국가별 값이 함께 있으므로, 원문을 분리 검토한 모든 대응 관찰을 연결함. 기존 후보의 불명 국가 범위를 임의로 한 국가에 귀속하지 않음.",,,
GPT-02-N-00187,GPT-02,GPT-02-INH-E005-U1-Public_Opinion;GPT-02-INH-E005-U2-Public_Opinion,준수,True,,"기존 후보의 한 물리적 원문 행에 국가별 값이 함께 있으므로, 원문을 분리 검토한 모든 대응 관찰을 연결함. 기존 후보의 불명 국가 범위를 임의로 한 국가에 귀속하지 않음.",,,
GPT-02-N-00188,GPT-02,GPT-02-INH-E005-U1-Leadership_Unity;GPT-02-INH-E005-U2-Leadership_Unity,준수,True,,"기존 후보의 한 물리적 원문 행에 국가별 값이 함께 있으므로, 원문을 분리 검토한 모든 대응 관찰을 연결함. 기존 후보의 불명 국가 범위를 임의로 한 국가에 귀속하지 않음.",,,
GPT-02-N-00189,GPT-02,GPT-02-INH-E006-U1-Tension;GPT-02-INH-E006-U2-Tension,준수,True,,"기존 후보의 한 물리적 원문 행에 국가별 값이 함께 있으므로, 원문을 분리 검토한 모든 대응 관찰을 연결함. 기존 후보의 불명 국가 범위를 임의로 한 국가에 귀속하지 않음.",,,
GPT-02-N-00190,GPT-02,GPT-02-INH-E006-U1-Diplomatic_Support;GPT-02-INH-E006-U2-Diplomatic_Support,준수,True,,"기존 후보의 한 물리적 원문 행에 국가별 값이 함께 있으므로, 원문을 분리 검토한 모든 대응 관찰을 연결함. 기존 후보의 불명 국가 범위를 임의로 한 국가에 귀속하지 않음.",,,
GPT-02-N-00191,GPT-02,GPT-02-INH-E006-U1-Public_Opinion;GPT-02-INH-E006-U2-Public_Opinion,준수,True,,"기존 후보의 한 물리적 원문 행에 국가별 값이 함께 있으므로, 원문을 분리 검토한 모든 대응 관찰을 연결함. 기존 후보의 불명 국가 범위를 임의로 한 국가에 귀속하지 않음.",,,
GPT-02-N-00192,GPT-02,GPT-02-INH-E006-U1-Leadership_Unity;GPT-02-INH-E006-U2-Leadership_Unity,준수,True,,"기존 후보의 한 물리적 원문 행에 국가별 값이 함께 있으므로, 원문을 분리 검토한 모든 대응 관찰을 연결함. 기존 후보의 불명 국가 범위를 임의로 한 국가에 귀속하지 않음.",,,
GPT-02-N-00193,GPT-02,GPT-02-INH-E007-U1-Tension,준수,True,,물리적 원문 행을 직접 검토한 부모 연결의 목표 상태에 대응시킴. 기존 자동 분기키는 부모 판단에 사용하지 않음.,,,
GPT-02-N-00194,GPT-02,GPT-02-INH-E007-U1-Diplomatic_Support,준수,True,,물리적 원문 행을 직접 검토한 부모 연결의 목표 상태에 대응시킴. 기존 자동 분기키는 부모 판단에 사용하지 않음.,,,
GPT-02-N-00195,GPT-02,GPT-02-INH-E007-U1-Public_Opinion,준수,True,,물리적 원문 행을 직접 검토한 부모 연결의 목표 상태에 대응시킴. 기존 자동 분기키는 부모 판단에 사용하지 않음.,,,
GPT-02-N-00196,GPT-02,GPT-02-INH-E007-U1-Leadership_Unity,준수,True,,물리적 원문 행을 직접 검토한 부모 연결의 목표 상태에 대응시킴. 기존 자동 분기키는 부모 판단에 사용하지 않음.,,,
GPT-02-N-00197,GPT-02,GPT-02-INH-E008-U1-Tension,준수,True,,물리적 원문 행을 직접 검토한 부모 연결의 목표 상태에 대응시킴. 기존 자동 분기키는 부모 판단에 사용하지 않음.,,,
GPT-02-N-00198,GPT-02,GPT-02-INH-E008-U1-Diplomatic_Support,준수,True,,물리적 원문 행을 직접 검토한 부모 연결의 목표 상태에 대응시킴. 기존 자동 분기키는 부모 판단에 사용하지 않음.,,,
GPT-02-N-00199,GPT-02,GPT-02-INH-E008-U1-Public_Opinion,준수,True,,물리적 원문 행을 직접 검토한 부모 연결의 목표 상태에 대응시킴. 기존 자동 분기키는 부모 판단에 사용하지 않음.,,,
GPT-02-N-00200,GPT-02,GPT-02-INH-E008-U1-Leadership_Unity,준수,True,,물리적 원문 행을 직접 검토한 부모 연결의 목표 상태에 대응시킴. 기존 자동 분기키는 부모 판단에 사용하지 않음.,,,
GPT-02-N-00201,GPT-02,GPT-02-INH-E009-U1-Tension,준수,True,,물리적 원문 행을 직접 검토한 부모 연결의 목표 상태에 대응시킴. 기존 자동 분기키는 부모 판단에 사용하지 않음.,,,
GPT-02-N-00202,GPT-02,GPT-02-INH-E009-U1-Diplomatic_Support,준수,True,,물리적 원문 행을 직접 검토한 부모 연결의 목표 상태에 대응시킴. 기존 자동 분기키는 부모 판단에 사용하지 않음.,,,
GPT-02-N-00203,GPT-02,GPT-02-INH-E009-U1-Public_Opinion,준수,True,,물리적 원문 행을 직접 검토한 부모 연결의 목표 상태에 대응시킴. 기존 자동 분기키는 부모 판단에 사용하지 않음.,,,
GPT-02-N-00204,GPT-02,GPT-02-INH-E009-U1-Leadership_Unity,준수,True,,물리적 원문 행을 직접 검토한 부모 연결의 목표 상태에 대응시킴. 기존 자동 분기키는 부모 판단에 사용하지 않음.,,,
GPT-03-N-00097,GPT-03,GPT-03-INH-E001-U2-Tension,준수,True,,물리적 원문 행을 직접 검토한 부모 연결의 목표 상태에 대응시킴. 기존 자동 분기키는 부모 판단에 사용하지 않음.,,,
GPT-03-N-00098,GPT-03,GPT-03-INH-E002-U1-Tension,준수,True,,물리적 원문 행을 직접 검토한 부모 연결의 목표 상태에 대응시킴. 기존 자동 분기키는 부모 판단에 사용하지 않음.,,,
GPT-03-N-00099,GPT-03,GPT-03-INH-E003-U1-Diplomatic_Support,준수,True,,물리적 원문 행을 직접 검토한 부모 연결의 목표 상태에 대응시킴. 기존 자동 분기키는 부모 판단에 사용하지 않음.,,,
GPT-03-N-00100,GPT-03,GPT-03-INH-E003-U1-Public_Opinion,준수,True,,물리적 원문 행을 직접 검토한 부모 연결의 목표 상태에 대응시킴. 기존 자동 분기키는 부모 판단에 사용하지 않음.,,,
GPT-03-N-00101,GPT-03,GPT-03-INH-E003-U1-Leadership_Unity,준수,True,,물리적 원문 행을 직접 검토한 부모 연결의 목표 상태에 대응시킴. 기존 자동 분기키는 부모 판단에 사용하지 않음.,,,
GPT-07-N-00106,GPT-07,GPT-07-INH-E004-U1-Tension,준수,True,,물리적 원문 행을 직접 검토한 부모 연결의 목표 상태에 대응시킴. 기존 자동 분기키는 부모 판단에 사용하지 않음.,,,
GPT-07-N-00107,GPT-07,GPT-07-INH-E006-U1-Tension,준수,True,,물리적 원문 행을 직접 검토한 부모 연결의 목표 상태에 대응시킴. 기존 자동 분기키는 부모 판단에 사용하지 않음.,,,
GPT-07-N-00108,GPT-07,GPT-07-INH-E007-U1-Tension,준수,True,,물리적 원문 행을 직접 검토한 부모 연결의 목표 상태에 대응시킴. 기존 자동 분기키는 부모 판단에 사용하지 않음.,,,
GPT-07-N-00109,GPT-07,GPT-07-INH-E009-U1-Tension,준수,True,,물리적 원문 행을 직접 검토한 부모 연결의 목표 상태에 대응시킴. 기존 자동 분기키는 부모 판단에 사용하지 않음.,,,
GPT-09-N-00147,GPT-09,GPT-09-INH-E008-U2-Tension,준수,True,,물리적 원문 행을 직접 검토한 부모 연결의 목표 상태에 대응시킴. 기존 자동 분기키는 부모 판단에 사용하지 않음.,,,
GPT-11-N-00157,GPT-11,GPT-11-INH-E001-U1-Tension,준수,True,,물리적 원문 행을 직접 검토한 부모 연결의 목표 상태에 대응시킴. 기존 자동 분기키는 부모 판단에 사용하지 않음.,,,
GPT-11-N-00158,GPT-11,GPT-11-INH-E001-U1-Leadership_Unity,준수,True,,물리적 원문 행을 직접 검토한 부모 연결의 목표 상태에 대응시킴. 기존 자동 분기키는 부모 판단에 사용하지 않음.,,,
GPT-11-N-00159,GPT-11,GPT-11-INH-E001-U2-Tension,준수,True,,물리적 원문 행을 직접 검토한 부모 연결의 목표 상태에 대응시킴. 기존 자동 분기키는 부모 판단에 사용하지 않음.,,,
GPT-11-N-00160,GPT-11,GPT-11-INH-E001-U2-Diplomatic_Support,준수,True,,물리적 원문 행을 직접 검토한 부모 연결의 목표 상태에 대응시킴. 기존 자동 분기키는 부모 판단에 사용하지 않음.,,,
GPT-11-N-00161,GPT-11,GPT-11-INH-E001-U2-Public_Opinion,준수,True,,물리적 원문 행을 직접 검토한 부모 연결의 목표 상태에 대응시킴. 기존 자동 분기키는 부모 판단에 사용하지 않음.,,,
GPT-11-N-00162,GPT-11,GPT-11-INH-E001-U2-Leadership_Unity,준수,True,,물리적 원문 행을 직접 검토한 부모 연결의 목표 상태에 대응시킴. 기존 자동 분기키는 부모 판단에 사용하지 않음.,,,
GPT-11-N-00163,GPT-11,GPT-11-INH-E002-U1-Tension,준수,True,,물리적 원문 행을 직접 검토한 부모 연결의 목표 상태에 대응시킴. 기존 자동 분기키는 부모 판단에 사용하지 않음.,,,
GPT-11-N-00164,GPT-11,GPT-11-INH-E002-U1-Diplomatic_Support,준수,True,,물리적 원문 행을 직접 검토한 부모 연결의 목표 상태에 대응시킴. 기존 자동 분기키는 부모 판단에 사용하지 않음.,,,
GPT-11-N-00165,GPT-11,GPT-11-INH-E002-U1-Public_Opinion,준수,True,,물리적 원문 행을 직접 검토한 부모 연결의 목표 상태에 대응시킴. 기존 자동 분기키는 부모 판단에 사용하지 않음.,,,
GPT-11-N-00166,GPT-11,GPT-11-INH-E002-U1-Leadership_Unity,준수,True,,물리적 원문 행을 직접 검토한 부모 연결의 목표 상태에 대응시킴. 기존 자동 분기키는 부모 판단에 사용하지 않음.,,,
GPT-11-N-00167,GPT-11,GPT-11-INH-E002-U2-Tension,준수,True,,물리적 원문 행을 직접 검토한 부모 연결의 목표 상태에 대응시킴. 기존 자동 분기키는 부모 판단에 사용하지 않음.,,,
GPT-11-N-00168,GPT-11,GPT-11-INH-E002-U2-Diplomatic_Support,준수,True,,물리적 원문 행을 직접 검토한 부모 연결의 목표 상태에 대응시킴. 기존 자동 분기키는 부모 판단에 사용하지 않음.,,,
GPT-11-N-00169,GPT-11,GPT-11-INH-E002-U2-Public_Opinion,준수,True,,물리적 원문 행을 직접 검토한 부모 연결의 목표 상태에 대응시킴. 기존 자동 분기키는 부모 판단에 사용하지 않음.,,,
GPT-11-N-00170,GPT-11,GPT-11-INH-E002-U2-Leadership_Unity,준수,True,,물리적 원문 행을 직접 검토한 부모 연결의 목표 상태에 대응시킴. 기존 자동 분기키는 부모 판단에 사용하지 않음.,,,
GPT-11-N-00171,GPT-11,GPT-11-INH-E003-U1-Tension,준수,True,,물리적 원문 행을 직접 검토한 부모 연결의 목표 상태에 대응시킴. 기존 자동 분기키는 부모 판단에 사용하지 않음.,,,
GPT-11-N-00172,GPT-11,GPT-11-INH-E003-U1-Leadership_Unity,준수,True,,물리적 원문 행을 직접 검토한 부모 연결의 목표 상태에 대응시킴. 기존 자동 분기키는 부모 판단에 사용하지 않음.,,,
GPT-11-N-00173,GPT-11,GPT-11-INH-E004-U2-Diplomatic_Support,준수,True,,물리적 원문 행을 직접 검토한 부모 연결의 목표 상태에 대응시킴. 기존 자동 분기키는 부모 판단에 사용하지 않음.,,,
GPT-11-N-00174,GPT-11,GPT-11-INH-E004-U2-Public_Opinion,준수,True,,물리적 원문 행을 직접 검토한 부모 연결의 목표 상태에 대응시킴. 기존 자동 분기키는 부모 판단에 사용하지 않음.,,,
GPT-11-N-00175,GPT-11,GPT-11-INH-E004-U2-Leadership_Unity,준수,True,,물리적 원문 행을 직접 검토한 부모 연결의 목표 상태에 대응시킴. 기존 자동 분기키는 부모 판단에 사용하지 않음.,,,
GPT-11-N-00176,GPT-11,GPT-11-INH-E006-U2-Leadership_Unity,준수,True,,물리적 원문 행을 직접 검토한 부모 연결의 목표 상태에 대응시킴. 기존 자동 분기키는 부모 판단에 사용하지 않음.,,,
GPT-11-N-00177,GPT-11,GPT-11-INH-E007-U2-Tension,준수,True,,물리적 원문 행을 직접 검토한 부모 연결의 목표 상태에 대응시킴. 기존 자동 분기키는 부모 판단에 사용하지 않음.,,,
GPT-11-N-00178,GPT-11,GPT-11-INH-E007-U2-Diplomatic_Support,준수,True,,물리적 원문 행을 직접 검토한 부모 연결의 목표 상태에 대응시킴. 기존 자동 분기키는 부모 판단에 사용하지 않음.,,,
GPT-11-N-00179,GPT-11,GPT-11-INH-E007-U2-Public_Opinion,준수,True,,물리적 원문 행을 직접 검토한 부모 연결의 목표 상태에 대응시킴. 기존 자동 분기키는 부모 판단에 사용하지 않음.,,,
GPT-11-N-00180,GPT-11,GPT-11-INH-E007-U2-Leadership_Unity,준수,True,,물리적 원문 행을 직접 검토한 부모 연결의 목표 상태에 대응시킴. 기존 자동 분기키는 부모 판단에 사용하지 않음.,,,
GPT-11-N-00181,GPT-11,GPT-11-INH-E008-U2-Tension,준수,True,,물리적 원문 행을 직접 검토한 부모 연결의 목표 상태에 대응시킴. 기존 자동 분기키는 부모 판단에 사용하지 않음.,,,
GPT-11-N-00182,GPT-11,GPT-11-INH-E008-U2-Diplomatic_Support,준수,True,,물리적 원문 행을 직접 검토한 부모 연결의 목표 상태에 대응시킴. 기존 자동 분기키는 부모 판단에 사용하지 않음.,,,
GPT-11-N-00183,GPT-11,GPT-11-INH-E008-U2-Public_Opinion,준수,True,,물리적 원문 행을 직접 검토한 부모 연결의 목표 상태에 대응시킴. 기존 자동 분기키는 부모 판단에 사용하지 않음.,,,
GPT-11-N-00184,GPT-11,GPT-11-INH-E008-U2-Leadership_Unity,준수,True,,물리적 원문 행을 직접 검토한 부모 연결의 목표 상태에 대응시킴. 기존 자동 분기키는 부모 판단에 사용하지 않음.,,,
GPT-11-N-00185,GPT-11,GPT-11-INH-E009-U2-Tension,준수,True,,물리적 원문 행을 직접 검토한 부모 연결의 목표 상태에 대응시킴. 기존 자동 분기키는 부모 판단에 사용하지 않음.,,,
GPT-11-N-00186,GPT-11,GPT-11-INH-E009-U2-Diplomatic_Support,준수,True,,물리적 원문 행을 직접 검토한 부모 연결의 목표 상태에 대응시킴. 기존 자동 분기키는 부모 판단에 사용하지 않음.,,,
GPT-11-N-00187,GPT-11,GPT-11-INH-E009-U2-Public_Opinion,준수,True,,물리적 원문 행을 직접 검토한 부모 연결의 목표 상태에 대응시킴. 기존 자동 분기키는 부모 판단에 사용하지 않음.,,,
GPT-11-N-00188,GPT-11,GPT-11-INH-E009-U2-Leadership_Unity,준수,True,,물리적 원문 행을 직접 검토한 부모 연결의 목표 상태에 대응시킴. 기존 자동 분기키는 부모 판단에 사용하지 않음.,,,
GPT-12-N-00198,GPT-12,GPT-12-INH-E001-U1-Tension,준수,True,,물리적 원문 행을 직접 검토한 부모 연결의 목표 상태에 대응시킴. 기존 자동 분기키는 부모 판단에 사용하지 않음.,,,
GPT-12-N-00199,GPT-12,GPT-12-INH-E001-U1-Diplomatic_Support,준수,True,,물리적 원문 행을 직접 검토한 부모 연결의 목표 상태에 대응시킴. 기존 자동 분기키는 부모 판단에 사용하지 않음.,,,
GPT-12-N-00200,GPT-12,GPT-12-INH-E001-U1-Public_Opinion,준수,True,,물리적 원문 행을 직접 검토한 부모 연결의 목표 상태에 대응시킴. 기존 자동 분기키는 부모 판단에 사용하지 않음.,,,
GPT-12-N-00201,GPT-12,GPT-12-INH-E001-U1-Leadership_Unity,준수,True,,물리적 원문 행을 직접 검토한 부모 연결의 목표 상태에 대응시킴. 기존 자동 분기키는 부모 판단에 사용하지 않음.,,,
GPT-12-N-00202,GPT-12,GPT-12-INH-E001-U2-Diplomatic_Support,준수,True,,물리적 원문 행을 직접 검토한 부모 연결의 목표 상태에 대응시킴. 기존 자동 분기키는 부모 판단에 사용하지 않음.,,,
GPT-12-N-00203,GPT-12,GPT-12-INH-E001-U2-Public_Opinion,준수,True,,물리적 원문 행을 직접 검토한 부모 연결의 목표 상태에 대응시킴. 기존 자동 분기키는 부모 판단에 사용하지 않음.,,,
GPT-12-N-00204,GPT-12,GPT-12-INH-E001-U2-Leadership_Unity,준수,True,,물리적 원문 행을 직접 검토한 부모 연결의 목표 상태에 대응시킴. 기존 자동 분기키는 부모 판단에 사용하지 않음.,,,
GPT-12-N-00205,GPT-12,GPT-12-INH-E001-U3-Diplomatic_Support,준수,True,,물리적 원문 행을 직접 검토한 부모 연결의 목표 상태에 대응시킴. 기존 자동 분기키는 부모 판단에 사용하지 않음.,,,
GPT-12-N-00206,GPT-12,GPT-12-INH-E001-U3-Public_Opinion,준수,True,,물리적 원문 행을 직접 검토한 부모 연결의 목표 상태에 대응시킴. 기존 자동 분기키는 부모 판단에 사용하지 않음.,,,
GPT-12-N-00207,GPT-12,GPT-12-INH-E001-U3-Leadership_Unity,준수,True,,물리적 원문 행을 직접 검토한 부모 연결의 목표 상태에 대응시킴. 기존 자동 분기키는 부모 판단에 사용하지 않음.,,,
GPT-12-N-00208,GPT-12,GPT-12-INH-E001-U4-Diplomatic_Support,준수,True,,물리적 원문 행을 직접 검토한 부모 연결의 목표 상태에 대응시킴. 기존 자동 분기키는 부모 판단에 사용하지 않음.,,,
GPT-12-N-00209,GPT-12,GPT-12-INH-E001-U4-Public_Opinion,준수,True,,물리적 원문 행을 직접 검토한 부모 연결의 목표 상태에 대응시킴. 기존 자동 분기키는 부모 판단에 사용하지 않음.,,,
GPT-12-N-00210,GPT-12,GPT-12-INH-E001-U4-Leadership_Unity,준수,True,,물리적 원문 행을 직접 검토한 부모 연결의 목표 상태에 대응시킴. 기존 자동 분기키는 부모 판단에 사용하지 않음.,,,
GPT-12-N-00211,GPT-12,GPT-12-INH-E002-U1-Tension,준수,True,,물리적 원문 행을 직접 검토한 부모 연결의 목표 상태에 대응시킴. 기존 자동 분기키는 부모 판단에 사용하지 않음.,,,
GPT-12-N-00212,GPT-12,GPT-12-INH-E002-U1-Diplomatic_Support,준수,True,,물리적 원문 행을 직접 검토한 부모 연결의 목표 상태에 대응시킴. 기존 자동 분기키는 부모 판단에 사용하지 않음.,,,
GPT-12-N-00213,GPT-12,GPT-12-INH-E002-U1-Public_Opinion,준수,True,,물리적 원문 행을 직접 검토한 부모 연결의 목표 상태에 대응시킴. 기존 자동 분기키는 부모 판단에 사용하지 않음.,,,
GPT-12-N-00214,GPT-12,GPT-12-INH-E002-U1-Leadership_Unity,준수,True,,물리적 원문 행을 직접 검토한 부모 연결의 목표 상태에 대응시킴. 기존 자동 분기키는 부모 판단에 사용하지 않음.,,,
GPT-12-N-00215,GPT-12,GPT-12-INH-E002-U2-Tension,준수,True,,물리적 원문 행을 직접 검토한 부모 연결의 목표 상태에 대응시킴. 기존 자동 분기키는 부모 판단에 사용하지 않음.,,,
GPT-12-N-00216,GPT-12,GPT-12-INH-E002-U2-Diplomatic_Support,준수,True,,물리적 원문 행을 직접 검토한 부모 연결의 목표 상태에 대응시킴. 기존 자동 분기키는 부모 판단에 사용하지 않음.,,,
GPT-12-N-00217,GPT-12,GPT-12-INH-E002-U2-Public_Opinion,준수,True,,물리적 원문 행을 직접 검토한 부모 연결의 목표 상태에 대응시킴. 기존 자동 분기키는 부모 판단에 사용하지 않음.,,,
GPT-12-N-00218,GPT-12,GPT-12-INH-E002-U2-Leadership_Unity,준수,True,,물리적 원문 행을 직접 검토한 부모 연결의 목표 상태에 대응시킴. 기존 자동 분기키는 부모 판단에 사용하지 않음.,,,
GPT-12-N-00219,GPT-12,GPT-12-INH-E002-U3-Diplomatic_Support,준수,True,,물리적 원문 행을 직접 검토한 부모 연결의 목표 상태에 대응시킴. 기존 자동 분기키는 부모 판단에 사용하지 않음.,,,
GPT-12-N-00220,GPT-12,GPT-12-INH-E002-U3-Public_Opinion,준수,True,,물리적 원문 행을 직접 검토한 부모 연결의 목표 상태에 대응시킴. 기존 자동 분기키는 부모 판단에 사용하지 않음.,,,
GPT-12-N-00221,GPT-12,GPT-12-INH-E002-U3-Leadership_Unity,준수,True,,물리적 원문 행을 직접 검토한 부모 연결의 목표 상태에 대응시킴. 기존 자동 분기키는 부모 판단에 사용하지 않음.,,,
GPT-12-N-00222,GPT-12,GPT-12-INH-E003-U1-Tension,준수,True,,물리적 원문 행을 직접 검토한 부모 연결의 목표 상태에 대응시킴. 기존 자동 분기키는 부모 판단에 사용하지 않음.,,,
GPT-12-N-00223,GPT-12,GPT-12-INH-E003-U1-Diplomatic_Support,준수,True,,물리적 원문 행을 직접 검토한 부모 연결의 목표 상태에 대응시킴. 기존 자동 분기키는 부모 판단에 사용하지 않음.,,,
GPT-12-N-00224,GPT-12,GPT-12-INH-E003-U1-Public_Opinion,준수,True,,물리적 원문 행을 직접 검토한 부모 연결의 목표 상태에 대응시킴. 기존 자동 분기키는 부모 판단에 사용하지 않음.,,,
GPT-12-N-00225,GPT-12,GPT-12-INH-E003-U1-Leadership_Unity,준수,True,,물리적 원문 행을 직접 검토한 부모 연결의 목표 상태에 대응시킴. 기존 자동 분기키는 부모 판단에 사용하지 않음.,,,
GPT-12-N-00226,GPT-12,GPT-12-INH-E003-U2-Tension,준수,True,,물리적 원문 행을 직접 검토한 부모 연결의 목표 상태에 대응시킴. 기존 자동 분기키는 부모 판단에 사용하지 않음.,,,
GPT-12-N-00227,GPT-12,GPT-12-INH-E003-U2-Diplomatic_Support,준수,True,,물리적 원문 행을 직접 검토한 부모 연결의 목표 상태에 대응시킴. 기존 자동 분기키는 부모 판단에 사용하지 않음.,,,
GPT-12-N-00228,GPT-12,GPT-12-INH-E003-U2-Public_Opinion,준수,True,,물리적 원문 행을 직접 검토한 부모 연결의 목표 상태에 대응시킴. 기존 자동 분기키는 부모 판단에 사용하지 않음.,,,
GPT-12-N-00229,GPT-12,GPT-12-INH-E003-U2-Leadership_Unity,준수,True,,물리적 원문 행을 직접 검토한 부모 연결의 목표 상태에 대응시킴. 기존 자동 분기키는 부모 판단에 사용하지 않음.,,,
GPT-12-N-00230,GPT-12,GPT-12-INH-E003-U3-Diplomatic_Support,준수,True,,물리적 원문 행을 직접 검토한 부모 연결의 목표 상태에 대응시킴. 기존 자동 분기키는 부모 판단에 사용하지 않음.,,,
GPT-12-N-00231,GPT-12,GPT-12-INH-E003-U3-Public_Opinion,준수,True,,물리적 원문 행을 직접 검토한 부모 연결의 목표 상태에 대응시킴. 기존 자동 분기키는 부모 판단에 사용하지 않음.,,,
GPT-12-N-00232,GPT-12,GPT-12-INH-E003-U3-Leadership_Unity,준수,True,,물리적 원문 행을 직접 검토한 부모 연결의 목표 상태에 대응시킴. 기존 자동 분기키는 부모 판단에 사용하지 않음.,,,
GPT-14-N-00169,GPT-14,GPT-14-INH-E001-U1-Tension,위반,True,,물리적 원문 행을 직접 검토한 부모 연결의 목표 상태에 대응시킴. 기존 자동 분기키는 부모 판단에 사용하지 않음.,,,
GPT-14-N-00170,GPT-14,GPT-14-INH-E001-U1-Diplomatic_Support,준수,True,,물리적 원문 행을 직접 검토한 부모 연결의 목표 상태에 대응시킴. 기존 자동 분기키는 부모 판단에 사용하지 않음.,,,
GPT-14-N-00171,GPT-14,GPT-14-INH-E001-U1-Public_Opinion,위반,True,,물리적 원문 행을 직접 검토한 부모 연결의 목표 상태에 대응시킴. 기존 자동 분기키는 부모 판단에 사용하지 않음.,,,
GPT-14-N-00172,GPT-14,GPT-14-INH-E001-U1-Leadership_Unity,위반,True,,물리적 원문 행을 직접 검토한 부모 연결의 목표 상태에 대응시킴. 기존 자동 분기키는 부모 판단에 사용하지 않음.,,,
GPT-14-N-00173,GPT-14,GPT-14-INH-E002-U1-Tension,준수,True,,물리적 원문 행을 직접 검토한 부모 연결의 목표 상태에 대응시킴. 기존 자동 분기키는 부모 판단에 사용하지 않음.,,,
GPT-14-N-00174,GPT-14,GPT-14-INH-E002-U1-Diplomatic_Support,준수,True,,물리적 원문 행을 직접 검토한 부모 연결의 목표 상태에 대응시킴. 기존 자동 분기키는 부모 판단에 사용하지 않음.,,,
GPT-14-N-00175,GPT-14,GPT-14-INH-E002-U1-Public_Opinion,준수,True,,물리적 원문 행을 직접 검토한 부모 연결의 목표 상태에 대응시킴. 기존 자동 분기키는 부모 판단에 사용하지 않음.,,,
GPT-14-N-00176,GPT-14,GPT-14-INH-E002-U1-Leadership_Unity,준수,True,,물리적 원문 행을 직접 검토한 부모 연결의 목표 상태에 대응시킴. 기존 자동 분기키는 부모 판단에 사용하지 않음.,,,
GPT-14-N-00177,GPT-14,GPT-14-INH-E003-U1-Tension,준수,True,,물리적 원문 행을 직접 검토한 부모 연결의 목표 상태에 대응시킴. 기존 자동 분기키는 부모 판단에 사용하지 않음.,,,
GPT-14-N-00178,GPT-14,GPT-14-INH-E003-U1-Leadership_Unity,준수,True,,물리적 원문 행을 직접 검토한 부모 연결의 목표 상태에 대응시킴. 기존 자동 분기키는 부모 판단에 사용하지 않음.,,,
GPT-14-N-00179,GPT-14,GPT-14-INH-E004-U1-Tension,준수,True,,물리적 원문 행을 직접 검토한 부모 연결의 목표 상태에 대응시킴. 기존 자동 분기키는 부모 판단에 사용하지 않음.,,,
GPT-14-N-00180,GPT-14,GPT-14-INH-E004-U1-Diplomatic_Support,준수,True,,물리적 원문 행을 직접 검토한 부모 연결의 목표 상태에 대응시킴. 기존 자동 분기키는 부모 판단에 사용하지 않음.,,,
GPT-14-N-00181,GPT-14,GPT-14-INH-E004-U1-Public_Opinion,준수,True,,물리적 원문 행을 직접 검토한 부모 연결의 목표 상태에 대응시킴. 기존 자동 분기키는 부모 판단에 사용하지 않음.,,,
GPT-14-N-00182,GPT-14,,적용 대상 아님,True,legacy_candidate_not_inheritance,"기존 후보 p16은 T3 첫 미국Strike가 적용된 뒤 소련DefensePrep의 사건간 시작값이다. 전체Turn2 종료값과 바로 비교하는 기존후보 분류는 잘못이다. T3 첫 사건의 tension0.30/public0.87은 새대장에서 별도 실제 연결했고, 두번째 사건의0.45/0.82는 첫 사건의 명시 사후값이다.",runs/raw_logs/GPT-4o/GPT_시뮬레이션 V14.pdf,16,직전 p.11: Tension: 0.20 + 0.05 + 0.05 = 0.30 | 현재 p.16: Tension: 0.45 + 0.05 = 0.50
GPT-14-N-00183,GPT-14,GPT-14-INH-E005-U1-Diplomatic_Support,준수,True,,물리적 원문 행을 직접 검토한 부모 연결의 목표 상태에 대응시킴. 기존 자동 분기키는 부모 판단에 사용하지 않음.,,,
GPT-14-N-00184,GPT-14,,적용 대상 아님,True,legacy_candidate_not_inheritance,"기존 후보 p16은 T3 첫 미국Strike가 적용된 뒤 소련DefensePrep의 사건간 시작값이다. 전체Turn2 종료값과 바로 비교하는 기존후보 분류는 잘못이다. T3 첫 사건의 tension0.30/public0.87은 새대장에서 별도 실제 연결했고, 두번째 사건의0.45/0.82는 첫 사건의 명시 사후값이다.",runs/raw_logs/GPT-4o/GPT_시뮬레이션 V14.pdf,16,직전 p.11: Public_Opinion: 0.39 + 0.5 - 0.02 = 0.87 ✅ [Trigger: Leadership Strengthening] | 현재 p.16: Public_Opinion: 0.82 - 0.02 = 0.80
GPT-14-N-00185,GPT-14,GPT-14-INH-E006-U1-Tension,준수,True,,물리적 원문 행을 직접 검토한 부모 연결의 목표 상태에 대응시킴. 기존 자동 분기키는 부모 판단에 사용하지 않음.,,,
GPT-14-N-00186,GPT-14,GPT-14-INH-E007-U1-Diplomatic_Support,준수,True,,물리적 원문 행을 직접 검토한 부모 연결의 목표 상태에 대응시킴. 기존 자동 분기키는 부모 판단에 사용하지 않음.,,,
GPT-14-N-00187,GPT-14,GPT-14-INH-E007-U1-Public_Opinion,준수,True,,물리적 원문 행을 직접 검토한 부모 연결의 목표 상태에 대응시킴. 기존 자동 분기키는 부모 판단에 사용하지 않음.,,,
GPT-14-N-00188,GPT-14,GPT-14-INH-E009-U1-Diplomatic_Support,준수,True,,물리적 원문 행을 직접 검토한 부모 연결의 목표 상태에 대응시킴. 기존 자동 분기키는 부모 판단에 사용하지 않음.,,,
GPT-14-N-00189,GPT-14,GPT-14-INH-E009-U1-Public_Opinion,준수,True,,물리적 원문 행을 직접 검토한 부모 연결의 목표 상태에 대응시킴. 기존 자동 분기키는 부모 판단에 사용하지 않음.,,,
GPT-15-N-00131,GPT-15,GPT-15-INH-E001-U1-Tension,준수,True,,물리적 원문 행을 직접 검토한 부모 연결의 목표 상태에 대응시킴. 기존 자동 분기키는 부모 판단에 사용하지 않음.,,,
GPT-15-N-00132,GPT-15,GPT-15-INH-E001-U1-Diplomatic_Support,준수,True,,물리적 원문 행을 직접 검토한 부모 연결의 목표 상태에 대응시킴. 기존 자동 분기키는 부모 판단에 사용하지 않음.,,,
GPT-15-N-00133,GPT-15,GPT-15-INH-E001-U1-Public_Opinion,준수,True,,물리적 원문 행을 직접 검토한 부모 연결의 목표 상태에 대응시킴. 기존 자동 분기키는 부모 판단에 사용하지 않음.,,,
GPT-15-N-00134,GPT-15,GPT-15-INH-E001-U1-Leadership_Unity,준수,True,,물리적 원문 행을 직접 검토한 부모 연결의 목표 상태에 대응시킴. 기존 자동 분기키는 부모 판단에 사용하지 않음.,,,
GPT-15-N-00135,GPT-15,GPT-15-INH-E002-U1-Tension,준수,True,,물리적 원문 행을 직접 검토한 부모 연결의 목표 상태에 대응시킴. 기존 자동 분기키는 부모 판단에 사용하지 않음.,,,
GPT-15-N-00136,GPT-15,GPT-15-INH-E002-U1-Diplomatic_Support,준수,True,,물리적 원문 행을 직접 검토한 부모 연결의 목표 상태에 대응시킴. 기존 자동 분기키는 부모 판단에 사용하지 않음.,,,
GPT-15-N-00137,GPT-15,GPT-15-INH-E002-U1-Public_Opinion,준수,True,,물리적 원문 행을 직접 검토한 부모 연결의 목표 상태에 대응시킴. 기존 자동 분기키는 부모 판단에 사용하지 않음.,,,
GPT-15-N-00138,GPT-15,GPT-15-INH-E002-U1-Leadership_Unity,준수,True,,물리적 원문 행을 직접 검토한 부모 연결의 목표 상태에 대응시킴. 기존 자동 분기키는 부모 판단에 사용하지 않음.,,,
GPT-15-N-00139,GPT-15,GPT-15-INH-E003-U1-Tension,준수,True,,물리적 원문 행을 직접 검토한 부모 연결의 목표 상태에 대응시킴. 기존 자동 분기키는 부모 판단에 사용하지 않음.,,,
GPT-15-N-00140,GPT-15,GPT-15-INH-E003-U1-Diplomatic_Support,준수,True,,물리적 원문 행을 직접 검토한 부모 연결의 목표 상태에 대응시킴. 기존 자동 분기키는 부모 판단에 사용하지 않음.,,,
GPT-15-N-00141,GPT-15,GPT-15-INH-E003-U1-Public_Opinion,준수,True,,물리적 원문 행을 직접 검토한 부모 연결의 목표 상태에 대응시킴. 기존 자동 분기키는 부모 판단에 사용하지 않음.,,,
GPT-15-N-00142,GPT-15,GPT-15-INH-E003-U1-Leadership_Unity,준수,True,,물리적 원문 행을 직접 검토한 부모 연결의 목표 상태에 대응시킴. 기존 자동 분기키는 부모 판단에 사용하지 않음.,,,
GPT-15-N-00143,GPT-15,GPT-15-INH-E004-U1-Tension,준수,True,,물리적 원문 행을 직접 검토한 부모 연결의 목표 상태에 대응시킴. 기존 자동 분기키는 부모 판단에 사용하지 않음.,,,
GPT-15-N-00144,GPT-15,GPT-15-INH-E004-U1-Diplomatic_Support,판정 불가,True,record_missing_or_incomplete,물리적 원문 행을 직접 검토한 부모 연결의 목표 상태에 대응시킴. 기존 자동 분기키는 부모 판단에 사용하지 않음.,,,
GPT-15-N-00145,GPT-15,GPT-15-INH-E004-U1-Public_Opinion,판정 불가,True,record_missing_or_incomplete,물리적 원문 행을 직접 검토한 부모 연결의 목표 상태에 대응시킴. 기존 자동 분기키는 부모 판단에 사용하지 않음.,,,
GPT-15-N-00146,GPT-15,GPT-15-INH-E004-U1-Leadership_Unity,준수,True,,물리적 원문 행을 직접 검토한 부모 연결의 목표 상태에 대응시킴. 기존 자동 분기키는 부모 판단에 사용하지 않음.,,,
GPT-15-N-00147,GPT-15,GPT-15-INH-E005-U1-Tension,준수,True,,물리적 원문 행을 직접 검토한 부모 연결의 목표 상태에 대응시킴. 기존 자동 분기키는 부모 판단에 사용하지 않음.,,,
GPT-15-N-00148,GPT-15,GPT-15-INH-E005-U1-Diplomatic_Support,준수,True,,물리적 원문 행을 직접 검토한 부모 연결의 목표 상태에 대응시킴. 기존 자동 분기키는 부모 판단에 사용하지 않음.,,,
GPT-15-N-00149,GPT-15,GPT-15-INH-E005-U1-Public_Opinion,준수,True,,물리적 원문 행을 직접 검토한 부모 연결의 목표 상태에 대응시킴. 기존 자동 분기키는 부모 판단에 사용하지 않음.,,,
GPT-15-N-00150,GPT-15,GPT-15-INH-E005-U1-Leadership_Unity,준수,True,,물리적 원문 행을 직접 검토한 부모 연결의 목표 상태에 대응시킴. 기존 자동 분기키는 부모 판단에 사용하지 않음.,,,
GPT-15-N-00151,GPT-15,GPT-15-INH-E006-U1-Tension,준수,True,,물리적 원문 행을 직접 검토한 부모 연결의 목표 상태에 대응시킴. 기존 자동 분기키는 부모 판단에 사용하지 않음.,,,
GPT-15-N-00152,GPT-15,GPT-15-INH-E006-U1-Diplomatic_Support,판정 불가,True,record_missing_or_incomplete,물리적 원문 행을 직접 검토한 부모 연결의 목표 상태에 대응시킴. 기존 자동 분기키는 부모 판단에 사용하지 않음.,,,
GPT-15-N-00153,GPT-15,GPT-15-INH-E006-U1-Public_Opinion,판정 불가,True,record_missing_or_incomplete,물리적 원문 행을 직접 검토한 부모 연결의 목표 상태에 대응시킴. 기존 자동 분기키는 부모 판단에 사용하지 않음.,,,
GPT-15-N-00154,GPT-15,GPT-15-INH-E006-U1-Leadership_Unity,준수,True,,물리적 원문 행을 직접 검토한 부모 연결의 목표 상태에 대응시킴. 기존 자동 분기키는 부모 판단에 사용하지 않음.,,,
GPT-15-N-00155,GPT-15,GPT-15-INH-E007-U1-Tension,준수,True,,물리적 원문 행을 직접 검토한 부모 연결의 목표 상태에 대응시킴. 기존 자동 분기키는 부모 판단에 사용하지 않음.,,,
GPT-15-N-00156,GPT-15,GPT-15-INH-E007-U1-Diplomatic_Support,판정 불가,True,record_missing_or_incomplete,물리적 원문 행을 직접 검토한 부모 연결의 목표 상태에 대응시킴. 기존 자동 분기키는 부모 판단에 사용하지 않음.,,,
GPT-15-N-00157,GPT-15,GPT-15-INH-E007-U1-Public_Opinion,판정 불가,True,record_missing_or_incomplete,물리적 원문 행을 직접 검토한 부모 연결의 목표 상태에 대응시킴. 기존 자동 분기키는 부모 판단에 사용하지 않음.,,,
GPT-15-N-00158,GPT-15,GPT-15-INH-E007-U1-Leadership_Unity,준수,True,,물리적 원문 행을 직접 검토한 부모 연결의 목표 상태에 대응시킴. 기존 자동 분기키는 부모 판단에 사용하지 않음.,,,
GPT-15-N-00159,GPT-15,GPT-15-INH-E008-U1-Tension,준수,True,,물리적 원문 행을 직접 검토한 부모 연결의 목표 상태에 대응시킴. 기존 자동 분기키는 부모 판단에 사용하지 않음.,,,
GPT-15-N-00160,GPT-15,GPT-15-INH-E008-U1-Diplomatic_Support,준수,True,,물리적 원문 행을 직접 검토한 부모 연결의 목표 상태에 대응시킴. 기존 자동 분기키는 부모 판단에 사용하지 않음.,,,
GPT-15-N-00161,GPT-15,GPT-15-INH-E008-U1-Public_Opinion,준수,True,,물리적 원문 행을 직접 검토한 부모 연결의 목표 상태에 대응시킴. 기존 자동 분기키는 부모 판단에 사용하지 않음.,,,
GPT-15-N-00162,GPT-15,GPT-15-INH-E008-U1-Leadership_Unity,준수,True,,물리적 원문 행을 직접 검토한 부모 연결의 목표 상태에 대응시킴. 기존 자동 분기키는 부모 판단에 사용하지 않음.,,,
GPT-15-N-00163,GPT-15,GPT-15-INH-E009-U1-Tension,판정 불가,True,record_missing_or_incomplete,물리적 원문 행을 직접 검토한 부모 연결의 목표 상태에 대응시킴. 기존 자동 분기키는 부모 판단에 사용하지 않음.,,,
GPT-15-N-00164,GPT-15,GPT-15-INH-E009-U1-Diplomatic_Support,판정 불가,True,record_missing_or_incomplete,물리적 원문 행을 직접 검토한 부모 연결의 목표 상태에 대응시킴. 기존 자동 분기키는 부모 판단에 사용하지 않음.,,,
GPT-15-N-00165,GPT-15,GPT-15-INH-E009-U1-Public_Opinion,판정 불가,True,record_missing_or_incomplete,물리적 원문 행을 직접 검토한 부모 연결의 목표 상태에 대응시킴. 기존 자동 분기키는 부모 판단에 사용하지 않음.,,,
GPT-15-N-00166,GPT-15,GPT-15-INH-E009-U1-Leadership_Unity,판정 불가,True,record_missing_or_incomplete,물리적 원문 행을 직접 검토한 부모 연결의 목표 상태에 대응시킴. 기존 자동 분기키는 부모 판단에 사용하지 않음.,,,
GPT-19-N-00008,GPT-19,GPT-19-INH-E010-U1-Tension,준수,True,,물리적 원문 행을 직접 검토한 부모 연결의 목표 상태에 대응시킴. 기존 자동 분기키는 부모 판단에 사용하지 않음.,,,
GPT-21-N-00304,GPT-21,GPT-21-INH-E001-U2-Tension,준수,True,,물리적 원문 행을 직접 검토한 부모 연결의 목표 상태에 대응시킴. 기존 자동 분기키는 부모 판단에 사용하지 않음.,,,
GPT-21-N-00305,GPT-21,GPT-21-INH-E001-U2-Diplomatic_Support,준수,True,,물리적 원문 행을 직접 검토한 부모 연결의 목표 상태에 대응시킴. 기존 자동 분기키는 부모 판단에 사용하지 않음.,,,
GPT-21-N-00306,GPT-21,GPT-21-INH-E001-U2-Public_Opinion,준수,True,,물리적 원문 행을 직접 검토한 부모 연결의 목표 상태에 대응시킴. 기존 자동 분기키는 부모 판단에 사용하지 않음.,,,
GPT-21-N-00307,GPT-21,GPT-21-INH-E001-U2-Leadership_Unity,준수,True,,물리적 원문 행을 직접 검토한 부모 연결의 목표 상태에 대응시킴. 기존 자동 분기키는 부모 판단에 사용하지 않음.,,,
GPT-21-N-00308,GPT-21,GPT-21-INH-E001-U3-Tension,준수,True,,물리적 원문 행을 직접 검토한 부모 연결의 목표 상태에 대응시킴. 기존 자동 분기키는 부모 판단에 사용하지 않음.,,,
GPT-21-N-00309,GPT-21,GPT-21-INH-E001-U3-Diplomatic_Support,준수,True,,물리적 원문 행을 직접 검토한 부모 연결의 목표 상태에 대응시킴. 기존 자동 분기키는 부모 판단에 사용하지 않음.,,,
GPT-21-N-00310,GPT-21,GPT-21-INH-E001-U3-Public_Opinion,준수,True,,물리적 원문 행을 직접 검토한 부모 연결의 목표 상태에 대응시킴. 기존 자동 분기키는 부모 판단에 사용하지 않음.,,,
GPT-21-N-00311,GPT-21,GPT-21-INH-E001-U3-Leadership_Unity,준수,True,,물리적 원문 행을 직접 검토한 부모 연결의 목표 상태에 대응시킴. 기존 자동 분기키는 부모 판단에 사용하지 않음.,,,
GPT-21-N-00312,GPT-21,GPT-21-INH-E001-U4-Tension,위반,True,,물리적 원문 행을 직접 검토한 부모 연결의 목표 상태에 대응시킴. 기존 자동 분기키는 부모 판단에 사용하지 않음.,,,
GPT-21-N-00313,GPT-21,GPT-21-INH-E001-U4-Diplomatic_Support,준수,True,,물리적 원문 행을 직접 검토한 부모 연결의 목표 상태에 대응시킴. 기존 자동 분기키는 부모 판단에 사용하지 않음.,,,
GPT-21-N-00314,GPT-21,GPT-21-INH-E001-U4-Public_Opinion,준수,True,,물리적 원문 행을 직접 검토한 부모 연결의 목표 상태에 대응시킴. 기존 자동 분기키는 부모 판단에 사용하지 않음.,,,
GPT-21-N-00315,GPT-21,GPT-21-INH-E001-U4-Leadership_Unity,위반,True,,물리적 원문 행을 직접 검토한 부모 연결의 목표 상태에 대응시킴. 기존 자동 분기키는 부모 판단에 사용하지 않음.,,,
GPT-21-N-00316,GPT-21,GPT-21-INH-E002-U2-Tension,준수,True,,물리적 원문 행을 직접 검토한 부모 연결의 목표 상태에 대응시킴. 기존 자동 분기키는 부모 판단에 사용하지 않음.,,,
GPT-21-N-00317,GPT-21,GPT-21-INH-E002-U2-Diplomatic_Support,준수,True,,물리적 원문 행을 직접 검토한 부모 연결의 목표 상태에 대응시킴. 기존 자동 분기키는 부모 판단에 사용하지 않음.,,,
GPT-21-N-00318,GPT-21,GPT-21-INH-E002-U2-Public_Opinion,준수,True,,물리적 원문 행을 직접 검토한 부모 연결의 목표 상태에 대응시킴. 기존 자동 분기키는 부모 판단에 사용하지 않음.,,,
GPT-21-N-00319,GPT-21,GPT-21-INH-E002-U2-Leadership_Unity,준수,True,,물리적 원문 행을 직접 검토한 부모 연결의 목표 상태에 대응시킴. 기존 자동 분기키는 부모 판단에 사용하지 않음.,,,
GPT-21-N-00320,GPT-21,GPT-21-INH-E002-U3-Tension,준수,True,,물리적 원문 행을 직접 검토한 부모 연결의 목표 상태에 대응시킴. 기존 자동 분기키는 부모 판단에 사용하지 않음.,,,
GPT-21-N-00321,GPT-21,GPT-21-INH-E002-U3-Diplomatic_Support,준수,True,,물리적 원문 행을 직접 검토한 부모 연결의 목표 상태에 대응시킴. 기존 자동 분기키는 부모 판단에 사용하지 않음.,,,
GPT-21-N-00322,GPT-21,GPT-21-INH-E002-U3-Public_Opinion,준수,True,,물리적 원문 행을 직접 검토한 부모 연결의 목표 상태에 대응시킴. 기존 자동 분기키는 부모 판단에 사용하지 않음.,,,
GPT-21-N-00323,GPT-21,GPT-21-INH-E002-U3-Leadership_Unity,준수,True,,물리적 원문 행을 직접 검토한 부모 연결의 목표 상태에 대응시킴. 기존 자동 분기키는 부모 판단에 사용하지 않음.,,,
GPT-21-N-00324,GPT-21,GPT-21-INH-E002-U4-Tension,준수,True,,물리적 원문 행을 직접 검토한 부모 연결의 목표 상태에 대응시킴. 기존 자동 분기키는 부모 판단에 사용하지 않음.,,,
GPT-21-N-00325,GPT-21,GPT-21-INH-E002-U4-Diplomatic_Support,준수,True,,물리적 원문 행을 직접 검토한 부모 연결의 목표 상태에 대응시킴. 기존 자동 분기키는 부모 판단에 사용하지 않음.,,,
GPT-21-N-00326,GPT-21,GPT-21-INH-E002-U4-Public_Opinion,준수,True,,물리적 원문 행을 직접 검토한 부모 연결의 목표 상태에 대응시킴. 기존 자동 분기키는 부모 판단에 사용하지 않음.,,,
GPT-21-N-00327,GPT-21,GPT-21-INH-E002-U4-Leadership_Unity,준수,True,,물리적 원문 행을 직접 검토한 부모 연결의 목표 상태에 대응시킴. 기존 자동 분기키는 부모 판단에 사용하지 않음.,,,
GPT-21-N-00328,GPT-21,GPT-21-INH-E003-U1-Tension,준수,True,,물리적 원문 행을 직접 검토한 부모 연결의 목표 상태에 대응시킴. 기존 자동 분기키는 부모 판단에 사용하지 않음.,,,
GPT-21-N-00329,GPT-21,GPT-21-INH-E003-U1-Diplomatic_Support,준수,True,,물리적 원문 행을 직접 검토한 부모 연결의 목표 상태에 대응시킴. 기존 자동 분기키는 부모 판단에 사용하지 않음.,,,
GPT-21-N-00330,GPT-21,GPT-21-INH-E003-U1-Public_Opinion,준수,True,,물리적 원문 행을 직접 검토한 부모 연결의 목표 상태에 대응시킴. 기존 자동 분기키는 부모 판단에 사용하지 않음.,,,
GPT-21-N-00331,GPT-21,GPT-21-INH-E003-U1-Leadership_Unity,준수,True,,물리적 원문 행을 직접 검토한 부모 연결의 목표 상태에 대응시킴. 기존 자동 분기키는 부모 판단에 사용하지 않음.,,,
GPT-21-N-00332,GPT-21,GPT-21-INH-E003-U2-Tension,준수,True,,물리적 원문 행을 직접 검토한 부모 연결의 목표 상태에 대응시킴. 기존 자동 분기키는 부모 판단에 사용하지 않음.,,,
GPT-21-N-00333,GPT-21,GPT-21-INH-E003-U2-Diplomatic_Support,준수,True,,물리적 원문 행을 직접 검토한 부모 연결의 목표 상태에 대응시킴. 기존 자동 분기키는 부모 판단에 사용하지 않음.,,,
GPT-21-N-00334,GPT-21,GPT-21-INH-E003-U2-Public_Opinion,준수,True,,물리적 원문 행을 직접 검토한 부모 연결의 목표 상태에 대응시킴. 기존 자동 분기키는 부모 판단에 사용하지 않음.,,,
GPT-21-N-00335,GPT-21,GPT-21-INH-E003-U2-Leadership_Unity,준수,True,,물리적 원문 행을 직접 검토한 부모 연결의 목표 상태에 대응시킴. 기존 자동 분기키는 부모 판단에 사용하지 않음.,,,
GPT-21-N-00336,GPT-21,GPT-21-INH-E003-U3-Tension,준수,True,,물리적 원문 행을 직접 검토한 부모 연결의 목표 상태에 대응시킴. 기존 자동 분기키는 부모 판단에 사용하지 않음.,,,
GPT-21-N-00337,GPT-21,GPT-21-INH-E003-U3-Diplomatic_Support,준수,True,,물리적 원문 행을 직접 검토한 부모 연결의 목표 상태에 대응시킴. 기존 자동 분기키는 부모 판단에 사용하지 않음.,,,
GPT-21-N-00338,GPT-21,GPT-21-INH-E003-U3-Public_Opinion,준수,True,,물리적 원문 행을 직접 검토한 부모 연결의 목표 상태에 대응시킴. 기존 자동 분기키는 부모 판단에 사용하지 않음.,,,
GPT-21-N-00339,GPT-21,GPT-21-INH-E003-U3-Leadership_Unity,준수,True,,물리적 원문 행을 직접 검토한 부모 연결의 목표 상태에 대응시킴. 기존 자동 분기키는 부모 판단에 사용하지 않음.,,,
GPT-21-N-00340,GPT-21,GPT-21-INH-E003-U4-Tension,준수,True,,물리적 원문 행을 직접 검토한 부모 연결의 목표 상태에 대응시킴. 기존 자동 분기키는 부모 판단에 사용하지 않음.,,,
GPT-21-N-00341,GPT-21,GPT-21-INH-E003-U4-Diplomatic_Support,준수,True,,물리적 원문 행을 직접 검토한 부모 연결의 목표 상태에 대응시킴. 기존 자동 분기키는 부모 판단에 사용하지 않음.,,,
GPT-21-N-00342,GPT-21,GPT-21-INH-E003-U4-Public_Opinion,준수,True,,물리적 원문 행을 직접 검토한 부모 연결의 목표 상태에 대응시킴. 기존 자동 분기키는 부모 판단에 사용하지 않음.,,,
GPT-21-N-00343,GPT-21,GPT-21-INH-E003-U4-Leadership_Unity,준수,True,,물리적 원문 행을 직접 검토한 부모 연결의 목표 상태에 대응시킴. 기존 자동 분기키는 부모 판단에 사용하지 않음.,,,
GPT-28-N-00136,GPT-28,GPT-28-INH-E004-U1-Tension,준수,True,,물리적 원문 행을 직접 검토한 부모 연결의 목표 상태에 대응시킴. 기존 자동 분기키는 부모 판단에 사용하지 않음.,,,
GPT-28-N-00137,GPT-28,GPT-28-INH-E004-U1-Diplomatic_Support,준수,True,,물리적 원문 행을 직접 검토한 부모 연결의 목표 상태에 대응시킴. 기존 자동 분기키는 부모 판단에 사용하지 않음.,,,
GPT-28-N-00138,GPT-28,GPT-28-INH-E004-U1-Public_Opinion,준수,True,,물리적 원문 행을 직접 검토한 부모 연결의 목표 상태에 대응시킴. 기존 자동 분기키는 부모 판단에 사용하지 않음.,,,
GPT-28-N-00139,GPT-28,GPT-28-INH-E004-U1-Leadership_Unity,준수,True,,물리적 원문 행을 직접 검토한 부모 연결의 목표 상태에 대응시킴. 기존 자동 분기키는 부모 판단에 사용하지 않음.,,,
GPT-28-N-00140,GPT-28,GPT-28-INH-E005-U1-Tension,준수,True,,물리적 원문 행을 직접 검토한 부모 연결의 목표 상태에 대응시킴. 기존 자동 분기키는 부모 판단에 사용하지 않음.,,,
GPT-28-N-00141,GPT-28,GPT-28-INH-E005-U1-Diplomatic_Support,준수,True,,물리적 원문 행을 직접 검토한 부모 연결의 목표 상태에 대응시킴. 기존 자동 분기키는 부모 판단에 사용하지 않음.,,,
GPT-28-N-00142,GPT-28,GPT-28-INH-E005-U1-Public_Opinion,준수,True,,물리적 원문 행을 직접 검토한 부모 연결의 목표 상태에 대응시킴. 기존 자동 분기키는 부모 판단에 사용하지 않음.,,,
GPT-28-N-00143,GPT-28,GPT-28-INH-E005-U1-Leadership_Unity,준수,True,,물리적 원문 행을 직접 검토한 부모 연결의 목표 상태에 대응시킴. 기존 자동 분기키는 부모 판단에 사용하지 않음.,,,
GPT-28-N-00144,GPT-28,GPT-28-INH-E006-U1-Tension,준수,True,,물리적 원문 행을 직접 검토한 부모 연결의 목표 상태에 대응시킴. 기존 자동 분기키는 부모 판단에 사용하지 않음.,,,
GPT-28-N-00145,GPT-28,GPT-28-INH-E006-U1-Diplomatic_Support,준수,True,,물리적 원문 행을 직접 검토한 부모 연결의 목표 상태에 대응시킴. 기존 자동 분기키는 부모 판단에 사용하지 않음.,,,
GPT-28-N-00146,GPT-28,GPT-28-INH-E006-U1-Public_Opinion,준수,True,,물리적 원문 행을 직접 검토한 부모 연결의 목표 상태에 대응시킴. 기존 자동 분기키는 부모 판단에 사용하지 않음.,,,
GPT-28-N-00147,GPT-28,GPT-28-INH-E006-U1-Leadership_Unity,준수,True,,물리적 원문 행을 직접 검토한 부모 연결의 목표 상태에 대응시킴. 기존 자동 분기키는 부모 판단에 사용하지 않음.,,,
GPT-28-N-00148,GPT-28,GPT-28-INH-E007-U1-Tension,준수,True,,물리적 원문 행을 직접 검토한 부모 연결의 목표 상태에 대응시킴. 기존 자동 분기키는 부모 판단에 사용하지 않음.,,,
GPT-28-N-00149,GPT-28,GPT-28-INH-E007-U1-Diplomatic_Support,준수,True,,물리적 원문 행을 직접 검토한 부모 연결의 목표 상태에 대응시킴. 기존 자동 분기키는 부모 판단에 사용하지 않음.,,,
GPT-28-N-00150,GPT-28,GPT-28-INH-E007-U1-Public_Opinion,준수,True,,물리적 원문 행을 직접 검토한 부모 연결의 목표 상태에 대응시킴. 기존 자동 분기키는 부모 판단에 사용하지 않음.,,,
GPT-28-N-00151,GPT-28,GPT-28-INH-E007-U1-Leadership_Unity,준수,True,,물리적 원문 행을 직접 검토한 부모 연결의 목표 상태에 대응시킴. 기존 자동 분기키는 부모 판단에 사용하지 않음.,,,
GPT-28-N-00152,GPT-28,GPT-28-INH-E008-U1-Tension,준수,True,,물리적 원문 행을 직접 검토한 부모 연결의 목표 상태에 대응시킴. 기존 자동 분기키는 부모 판단에 사용하지 않음.,,,
GPT-28-N-00153,GPT-28,GPT-28-INH-E008-U1-Diplomatic_Support,준수,True,,물리적 원문 행을 직접 검토한 부모 연결의 목표 상태에 대응시킴. 기존 자동 분기키는 부모 판단에 사용하지 않음.,,,
GPT-28-N-00154,GPT-28,GPT-28-INH-E008-U1-Public_Opinion,준수,True,,물리적 원문 행을 직접 검토한 부모 연결의 목표 상태에 대응시킴. 기존 자동 분기키는 부모 판단에 사용하지 않음.,,,
GPT-28-N-00155,GPT-28,GPT-28-INH-E008-U1-Leadership_Unity,준수,True,,물리적 원문 행을 직접 검토한 부모 연결의 목표 상태에 대응시킴. 기존 자동 분기키는 부모 판단에 사용하지 않음.,,,
GPT-28-N-00156,GPT-28,GPT-28-INH-E009-U1-Tension,준수,True,,물리적 원문 행을 직접 검토한 부모 연결의 목표 상태에 대응시킴. 기존 자동 분기키는 부모 판단에 사용하지 않음.,,,
GPT-28-N-00157,GPT-28,GPT-28-INH-E009-U1-Diplomatic_Support,준수,True,,물리적 원문 행을 직접 검토한 부모 연결의 목표 상태에 대응시킴. 기존 자동 분기키는 부모 판단에 사용하지 않음.,,,
GPT-28-N-00158,GPT-28,GPT-28-INH-E009-U1-Public_Opinion,준수,True,,물리적 원문 행을 직접 검토한 부모 연결의 목표 상태에 대응시킴. 기존 자동 분기키는 부모 판단에 사용하지 않음.,,,
GPT-28-N-00159,GPT-28,GPT-28-INH-E009-U1-Leadership_Unity,준수,True,,물리적 원문 행을 직접 검토한 부모 연결의 목표 상태에 대응시킴. 기존 자동 분기키는 부모 판단에 사용하지 않음.,,,
GPT-30-N-00149,GPT-30,GPT-30-INH-E007-U1-Leadership_Unity,준수,True,,물리적 원문 행을 직접 검토한 부모 연결의 목표 상태에 대응시킴. 기존 자동 분기키는 부모 판단에 사용하지 않음.,,,
GPT-30-N-00150,GPT-30,GPT-30-INH-E009-U1-Leadership_Unity,준수,True,,물리적 원문 행을 직접 검토한 부모 연결의 목표 상태에 대응시킴. 기존 자동 분기키는 부모 판단에 사용하지 않음.,,,
PER-01-N-00095,PER-01,PER-01-INH-E001-U1-Tension,준수,True,,물리적 원문 행을 직접 검토한 부모 연결의 목표 상태에 대응시킴. 기존 자동 분기키는 부모 판단에 사용하지 않음.,,,
PER-01-N-00096,PER-01,PER-01-INH-E001-U1-Diplomatic_Support,준수,True,,물리적 원문 행을 직접 검토한 부모 연결의 목표 상태에 대응시킴. 기존 자동 분기키는 부모 판단에 사용하지 않음.,,,
PER-01-N-00097,PER-01,PER-01-INH-E001-U1-Public_Opinion,준수,True,,물리적 원문 행을 직접 검토한 부모 연결의 목표 상태에 대응시킴. 기존 자동 분기키는 부모 판단에 사용하지 않음.,,,
PER-01-N-00098,PER-01,PER-01-INH-E001-U1-Leadership_Unity,준수,True,,물리적 원문 행을 직접 검토한 부모 연결의 목표 상태에 대응시킴. 기존 자동 분기키는 부모 판단에 사용하지 않음.,,,
PER-01-N-00099,PER-01,PER-01-INH-E002-U1-Tension,준수,True,,물리적 원문 행을 직접 검토한 부모 연결의 목표 상태에 대응시킴. 기존 자동 분기키는 부모 판단에 사용하지 않음.,,,
PER-01-N-00100,PER-01,PER-01-INH-E002-U1-Diplomatic_Support,준수,True,,물리적 원문 행을 직접 검토한 부모 연결의 목표 상태에 대응시킴. 기존 자동 분기키는 부모 판단에 사용하지 않음.,,,
PER-01-N-00101,PER-01,PER-01-INH-E002-U1-Public_Opinion,준수,True,,물리적 원문 행을 직접 검토한 부모 연결의 목표 상태에 대응시킴. 기존 자동 분기키는 부모 판단에 사용하지 않음.,,,
PER-01-N-00102,PER-01,PER-01-INH-E002-U1-Leadership_Unity,준수,True,,물리적 원문 행을 직접 검토한 부모 연결의 목표 상태에 대응시킴. 기존 자동 분기키는 부모 판단에 사용하지 않음.,,,
PER-01-N-00103,PER-01,,판정 불가,False,not_reviewed,고정 주석의 목표 관찰과 아직 일대일 대응이 완료되지 않음; 원자료 불충분 판정으로 위장하지 않음.,,,
PER-01-N-00104,PER-01,PER-01-INH-E003-U1-Tension,준수,True,,물리적 원문 행을 직접 검토한 부모 연결의 목표 상태에 대응시킴. 기존 자동 분기키는 부모 판단에 사용하지 않음.,,,
PER-01-N-00105,PER-01,PER-01-INH-E003-U1-Diplomatic_Support,준수,True,,물리적 원문 행을 직접 검토한 부모 연결의 목표 상태에 대응시킴. 기존 자동 분기키는 부모 판단에 사용하지 않음.,,,
PER-01-N-00106,PER-01,PER-01-INH-E003-U1-Public_Opinion,준수,True,,물리적 원문 행을 직접 검토한 부모 연결의 목표 상태에 대응시킴. 기존 자동 분기키는 부모 판단에 사용하지 않음.,,,
PER-01-N-00107,PER-01,PER-01-INH-E003-U1-Leadership_Unity,준수,True,,물리적 원문 행을 직접 검토한 부모 연결의 목표 상태에 대응시킴. 기존 자동 분기키는 부모 판단에 사용하지 않음.,,,
PER-01-N-00108,PER-01,,판정 불가,False,not_reviewed,고정 주석의 목표 관찰과 아직 일대일 대응이 완료되지 않음; 원자료 불충분 판정으로 위장하지 않음.,,,
PER-01-N-00109,PER-01,PER-01-INH-E007-U1-Public_Opinion,판정 불가,True,record_missing_or_incomplete,물리적 원문 행을 직접 검토한 부모 연결의 목표 상태에 대응시킴. 기존 자동 분기키는 부모 판단에 사용하지 않음.,,,
PER-01-N-00110,PER-01,PER-01-INH-E008-U1-Public_Opinion,판정 불가,True,record_missing_or_incomplete,물리적 원문 행을 직접 검토한 부모 연결의 목표 상태에 대응시킴. 기존 자동 분기키는 부모 판단에 사용하지 않음.,,,
PER-01-N-00111,PER-01,PER-01-INH-E009-U1-Public_Opinion,판정 불가,True,record_missing_or_incomplete,물리적 원문 행을 직접 검토한 부모 연결의 목표 상태에 대응시킴. 기존 자동 분기키는 부모 판단에 사용하지 않음.,,,
PER-06-N-00051,PER-06,,판정 불가,False,not_reviewed,고정 주석의 목표 관찰과 아직 일대일 대응이 완료되지 않음; 원자료 불충분 판정으로 위장하지 않음.,,,
PER-06-N-00052,PER-06,,판정 불가,False,not_reviewed,고정 주석의 목표 관찰과 아직 일대일 대응이 완료되지 않음; 원자료 불충분 판정으로 위장하지 않음.,,,
PER-06-N-00053,PER-06,,판정 불가,False,not_reviewed,고정 주석의 목표 관찰과 아직 일대일 대응이 완료되지 않음; 원자료 불충분 판정으로 위장하지 않음.,,,
PER-06-N-00054,PER-06,,판정 불가,False,not_reviewed,고정 주석의 목표 관찰과 아직 일대일 대응이 완료되지 않음; 원자료 불충분 판정으로 위장하지 않음.,,,
PER-06-N-00055,PER-06,,판정 불가,False,not_reviewed,고정 주석의 목표 관찰과 아직 일대일 대응이 완료되지 않음; 원자료 불충분 판정으로 위장하지 않음.,,,
PER-06-N-00056,PER-06,,판정 불가,False,not_reviewed,고정 주석의 목표 관찰과 아직 일대일 대응이 완료되지 않음; 원자료 불충분 판정으로 위장하지 않음.,,,
PER-06-N-00057,PER-06,,판정 불가,False,not_reviewed,고정 주석의 목표 관찰과 아직 일대일 대응이 완료되지 않음; 원자료 불충분 판정으로 위장하지 않음.,,,
PER-06-N-00058,PER-06,,판정 불가,False,not_reviewed,고정 주석의 목표 관찰과 아직 일대일 대응이 완료되지 않음; 원자료 불충분 판정으로 위장하지 않음.,,,
PER-06-N-00059,PER-06,,판정 불가,False,not_reviewed,고정 주석의 목표 관찰과 아직 일대일 대응이 완료되지 않음; 원자료 불충분 판정으로 위장하지 않음.,,,
PER-06-N-00060,PER-06,,판정 불가,False,not_reviewed,고정 주석의 목표 관찰과 아직 일대일 대응이 완료되지 않음; 원자료 불충분 판정으로 위장하지 않음.,,,
PER-06-N-00061,PER-06,,판정 불가,False,not_reviewed,고정 주석의 목표 관찰과 아직 일대일 대응이 완료되지 않음; 원자료 불충분 판정으로 위장하지 않음.,,,
PER-06-N-00062,PER-06,,판정 불가,False,not_reviewed,고정 주석의 목표 관찰과 아직 일대일 대응이 완료되지 않음; 원자료 불충분 판정으로 위장하지 않음.,,,
PER-06-N-00063,PER-06,,판정 불가,False,not_reviewed,고정 주석의 목표 관찰과 아직 일대일 대응이 완료되지 않음; 원자료 불충분 판정으로 위장하지 않음.,,,
PER-06-N-00064,PER-06,,판정 불가,False,not_reviewed,고정 주석의 목표 관찰과 아직 일대일 대응이 완료되지 않음; 원자료 불충분 판정으로 위장하지 않음.,,,
PER-06-N-00065,PER-06,,판정 불가,False,not_reviewed,고정 주석의 목표 관찰과 아직 일대일 대응이 완료되지 않음; 원자료 불충분 판정으로 위장하지 않음.,,,
PER-06-N-00066,PER-06,,판정 불가,False,not_reviewed,고정 주석의 목표 관찰과 아직 일대일 대응이 완료되지 않음; 원자료 불충분 판정으로 위장하지 않음.,,,
PER-06-N-00067,PER-06,,판정 불가,False,not_reviewed,고정 주석의 목표 관찰과 아직 일대일 대응이 완료되지 않음; 원자료 불충분 판정으로 위장하지 않음.,,,
PER-06-N-00068,PER-06,,판정 불가,False,not_reviewed,고정 주석의 목표 관찰과 아직 일대일 대응이 완료되지 않음; 원자료 불충분 판정으로 위장하지 않음.,,,
PER-06-N-00069,PER-06,,판정 불가,False,not_reviewed,고정 주석의 목표 관찰과 아직 일대일 대응이 완료되지 않음; 원자료 불충분 판정으로 위장하지 않음.,,,
PER-06-N-00070,PER-06,,판정 불가,False,not_reviewed,고정 주석의 목표 관찰과 아직 일대일 대응이 완료되지 않음; 원자료 불충분 판정으로 위장하지 않음.,,,
PER-06-N-00071,PER-06,,판정 불가,False,not_reviewed,고정 주석의 목표 관찰과 아직 일대일 대응이 완료되지 않음; 원자료 불충분 판정으로 위장하지 않음.,,,
PER-06-N-00072,PER-06,,판정 불가,False,not_reviewed,고정 주석의 목표 관찰과 아직 일대일 대응이 완료되지 않음; 원자료 불충분 판정으로 위장하지 않음.,,,
PER-06-N-00073,PER-06,,판정 불가,False,not_reviewed,고정 주석의 목표 관찰과 아직 일대일 대응이 완료되지 않음; 원자료 불충분 판정으로 위장하지 않음.,,,
PER-06-N-00074,PER-06,,판정 불가,False,not_reviewed,고정 주석의 목표 관찰과 아직 일대일 대응이 완료되지 않음; 원자료 불충분 판정으로 위장하지 않음.,,,
PER-30-N-00094,PER-30,,판정 불가,False,not_reviewed,고정 주석의 목표 관찰과 아직 일대일 대응이 완료되지 않음; 원자료 불충분 판정으로 위장하지 않음.,,,
PER-30-N-00095,PER-30,,판정 불가,False,not_reviewed,고정 주석의 목표 관찰과 아직 일대일 대응이 완료되지 않음; 원자료 불충분 판정으로 위장하지 않음.,,,
PER-30-N-00096,PER-30,,판정 불가,False,not_reviewed,고정 주석의 목표 관찰과 아직 일대일 대응이 완료되지 않음; 원자료 불충분 판정으로 위장하지 않음.,,,
PER-30-N-00097,PER-30,,판정 불가,False,not_reviewed,고정 주석의 목표 관찰과 아직 일대일 대응이 완료되지 않음; 원자료 불충분 판정으로 위장하지 않음.,,,
PER-30-N-00098,PER-30,,판정 불가,False,not_reviewed,고정 주석의 목표 관찰과 아직 일대일 대응이 완료되지 않음; 원자료 불충분 판정으로 위장하지 않음.,,,
PER-30-N-00099,PER-30,,판정 불가,False,not_reviewed,고정 주석의 목표 관찰과 아직 일대일 대응이 완료되지 않음; 원자료 불충분 판정으로 위장하지 않음.,,,
PER-30-N-00100,PER-30,,판정 불가,False,not_reviewed,고정 주석의 목표 관찰과 아직 일대일 대응이 완료되지 않음; 원자료 불충분 판정으로 위장하지 않음.,,,
PER-30-N-00101,PER-30,,판정 불가,False,not_reviewed,고정 주석의 목표 관찰과 아직 일대일 대응이 완료되지 않음; 원자료 불충분 판정으로 위장하지 않음.,,,
PER-30-N-00102,PER-30,,판정 불가,False,not_reviewed,고정 주석의 목표 관찰과 아직 일대일 대응이 완료되지 않음; 원자료 불충분 판정으로 위장하지 않음.,,,
PER-30-N-00103,PER-30,,판정 불가,False,not_reviewed,고정 주석의 목표 관찰과 아직 일대일 대응이 완료되지 않음; 원자료 불충분 판정으로 위장하지 않음.,,,
PER-30-N-00104,PER-30,,판정 불가,False,not_reviewed,고정 주석의 목표 관찰과 아직 일대일 대응이 완료되지 않음; 원자료 불충분 판정으로 위장하지 않음.,,,
PER-30-N-00105,PER-30,,판정 불가,False,not_reviewed,고정 주석의 목표 관찰과 아직 일대일 대응이 완료되지 않음; 원자료 불충분 판정으로 위장하지 않음.,,,
