requirement_id,source_file,json_path_or_page,original_requirement,type,applicability,expected_observable,decision_method,ambiguity,input_version,domain,actor,audit_rule_id
US-A01-STANCE,actor_json/us_gpt.json,$.actors[0].stance,"Determined to force the removal of Soviet nuclear missiles from Cuba, favoring a naval quarantine (blockade) as the initial step rather than an immediate air strike:contentReference[oaicite:0]{index=0}. Kennedy believes that inaction is the greatest danger – the United States cannot simply live with the missiles (“doing nothing” is unacceptable):contentReference[oaicite:1]{index=1}. His approach is firm but measured: demand dismantlement of the Cuban missile bases, while avoiding steps that would needlessly provoke a nuclear war.",선호·목표,실행의 actor JSON 버전이 본 파일로 식별되거나 내용상 일치가 확인된 경우; 미확인 시 조건부 대조 / 해당 행위자의 제안·행동,stance에 맞는 판단 근거와 목표 간 절충이 실제 대안·행동에 반영됨,인간 검토: 각 선택의 목표·위험·타협 근거와 대안의 상대적 우선순위를 대조. 선호와 다른 행동 하나 또는 불리한 결말만으로 위반 처리하지 않음.,정성/숫자 선호를 절대 금지 또는 선택확률로 바꾸지 않음.,0c6701c7923ff3bb5e06413fe5d460da7c91a3422d26d3944f84b0f0fae2e15f,역할·행동 통제,President John F. Kennedy,ACTOR-PREFERENCE
US-A01-IDEOLOGY,actor_json/us_gpt.json,$.actors[0].ideology,Pragmatic Cold War liberal internationalist – anti-communist and committed to defending the Western Hemisphere (invoking principles like the Monroe Doctrine) but also valuing allied consultation and global stability. He seeks a solution that protects U.S. security and credibility without undermining alliances or moral authority:contentReference[oaicite:2]{index=2}:contentReference[oaicite:3]{index=3}.,선호·목표,실행의 actor JSON 버전이 본 파일로 식별되거나 내용상 일치가 확인된 경우; 미확인 시 조건부 대조 / 해당 행위자의 제안·행동,ideology에 맞는 판단 근거와 목표 간 절충이 실제 대안·행동에 반영됨,인간 검토: 각 선택의 목표·위험·타협 근거와 대안의 상대적 우선순위를 대조. 선호와 다른 행동 하나 또는 불리한 결말만으로 위반 처리하지 않음.,정성/숫자 선호를 절대 금지 또는 선택확률로 바꾸지 않음.,0c6701c7923ff3bb5e06413fe5d460da7c91a3422d26d3944f84b0f0fae2e15f,역할·행동 통제,President John F. Kennedy,ACTOR-PREFERENCE
US-A01-RISK_TOLERANCE,actor_json/us_gpt.json,$.actors[0].risk_tolerance,medium,선호·목표,실행의 actor JSON 버전이 본 파일로 식별되거나 내용상 일치가 확인된 경우; 미확인 시 조건부 대조 / 해당 행위자의 제안·행동,risk_tolerance에 맞는 판단 근거와 목표 간 절충이 실제 대안·행동에 반영됨,인간 검토: 각 선택의 목표·위험·타협 근거와 대안의 상대적 우선순위를 대조. 선호와 다른 행동 하나 또는 불리한 결말만으로 위반 처리하지 않음.,정성/숫자 선호를 절대 금지 또는 선택확률로 바꾸지 않음.,0c6701c7923ff3bb5e06413fe5d460da7c91a3422d26d3944f84b0f0fae2e15f,역할·행동 통제,President John F. Kennedy,ACTOR-PREFERENCE
US-A01-CONFLICT_AVOIDANCE,actor_json/us_gpt.json,$.actors[0].conflict_avoidance,medium,선호·목표,실행의 actor JSON 버전이 본 파일로 식별되거나 내용상 일치가 확인된 경우; 미확인 시 조건부 대조 / 해당 행위자의 제안·행동,conflict_avoidance에 맞는 판단 근거와 목표 간 절충이 실제 대안·행동에 반영됨,인간 검토: 각 선택의 목표·위험·타협 근거와 대안의 상대적 우선순위를 대조. 선호와 다른 행동 하나 또는 불리한 결말만으로 위반 처리하지 않음.,정성/숫자 선호를 절대 금지 또는 선택확률로 바꾸지 않음.,0c6701c7923ff3bb5e06413fe5d460da7c91a3422d26d3944f84b0f0fae2e15f,역할·행동 통제,President John F. Kennedy,ACTOR-PREFERENCE
US-A01-DIPLOMACY_PREFERENCE,actor_json/us_gpt.json,$.actors[0].diplomacy_preference,high,선호·목표,실행의 actor JSON 버전이 본 파일로 식별되거나 내용상 일치가 확인된 경우; 미확인 시 조건부 대조 / 해당 행위자의 제안·행동,diplomacy_preference에 맞는 판단 근거와 목표 간 절충이 실제 대안·행동에 반영됨,인간 검토: 각 선택의 목표·위험·타협 근거와 대안의 상대적 우선순위를 대조. 선호와 다른 행동 하나 또는 불리한 결말만으로 위반 처리하지 않음.,정성/숫자 선호를 절대 금지 또는 선택확률로 바꾸지 않음.,0c6701c7923ff3bb5e06413fe5d460da7c91a3422d26d3944f84b0f0fae2e15f,역할·행동 통제,President John F. Kennedy,ACTOR-PREFERENCE
US-A01-MILITARY_PREFERENCE,actor_json/us_gpt.json,$.actors[0].military_preference,medium,선호·목표,실행의 actor JSON 버전이 본 파일로 식별되거나 내용상 일치가 확인된 경우; 미확인 시 조건부 대조 / 해당 행위자의 제안·행동,military_preference에 맞는 판단 근거와 목표 간 절충이 실제 대안·행동에 반영됨,인간 검토: 각 선택의 목표·위험·타협 근거와 대안의 상대적 우선순위를 대조. 선호와 다른 행동 하나 또는 불리한 결말만으로 위반 처리하지 않음.,정성/숫자 선호를 절대 금지 또는 선택확률로 바꾸지 않음.,0c6701c7923ff3bb5e06413fe5d460da7c91a3422d26d3944f84b0f0fae2e15f,역할·행동 통제,President John F. Kennedy,ACTOR-PREFERENCE
US-A01-POWER,actor_json/us_gpt.json,$.actors[0].power_weight,0.4,가중치·수치 계산,실행의 actor JSON 버전이 본 파일로 식별되거나 내용상 일치가 확인된 경우; 미확인 시 조건부 대조 / 국내 의사결정 조합·선택,해당 영향력 값을 사용한 선택 근거; 수식이 제공된 경우에 한해 재계산,값 인용·계산식이 노출된 부분만 독립 검산. 정의되지 않은 선택확률·최다득표 규칙을 생성하지 않음.,국가수준 권력비중의 실제 집계·효용 결합·샘플링 알고리즘이 명시되지 않음.,0c6701c7923ff3bb5e06413fe5d460da7c91a3422d26d3944f84b0f0fae2e15f,역할·행동 통제,President John F. Kennedy,ACTOR-WEIGHT
US-A01-GOAL01,actor_json/us_gpt.json,$.actors[0].goals[0],Eliminate the threat of Soviet nuclear missiles in Cuba (ensure all offensive weapons are removed):contentReference[oaicite:4]{index=4},선호·목표,실행의 actor JSON 버전이 본 파일로 식별되거나 내용상 일치가 확인된 경우; 미확인 시 조건부 대조 / 해당 행위자의 선택,목표를 추구하거나 다른 명시 목표와의 절충을 보여 주는 선택·이유,인간 검토: 각 선택의 목표·위험·타협 근거와 대안의 상대적 우선순위를 대조. 선호와 다른 행동 하나 또는 불리한 결말만으로 위반 처리하지 않음.,목표 달성의 실패는 그 자체로 준수 위반이 아님.,0c6701c7923ff3bb5e06413fe5d460da7c91a3422d26d3944f84b0f0fae2e15f,역할·행동 통제,President John F. Kennedy,ACTOR-GOAL
US-A01-GOAL02,actor_json/us_gpt.json,$.actors[0].goals[1],Avoid a nuclear war while resolving the crisis (find a way to compel Soviet retreat without escalating to full conflict),선호·목표,실행의 actor JSON 버전이 본 파일로 식별되거나 내용상 일치가 확인된 경우; 미확인 시 조건부 대조 / 해당 행위자의 선택,목표를 추구하거나 다른 명시 목표와의 절충을 보여 주는 선택·이유,인간 검토: 각 선택의 목표·위험·타협 근거와 대안의 상대적 우선순위를 대조. 선호와 다른 행동 하나 또는 불리한 결말만으로 위반 처리하지 않음.,목표 달성의 실패는 그 자체로 준수 위반이 아님.,0c6701c7923ff3bb5e06413fe5d460da7c91a3422d26d3944f84b0f0fae2e15f,역할·행동 통제,President John F. Kennedy,ACTOR-GOAL
US-A01-GOAL03,actor_json/us_gpt.json,$.actors[0].goals[2],"Maintain U.S. credibility and strength in the Cold War context (demonstrate that the U.S. will confront Soviet challenges, to deter future threats):contentReference[oaicite:5]{index=5}",선호·목표,실행의 actor JSON 버전이 본 파일로 식별되거나 내용상 일치가 확인된 경우; 미확인 시 조건부 대조 / 해당 행위자의 선택,목표를 추구하거나 다른 명시 목표와의 절충을 보여 주는 선택·이유,인간 검토: 각 선택의 목표·위험·타협 근거와 대안의 상대적 우선순위를 대조. 선호와 다른 행동 하나 또는 불리한 결말만으로 위반 처리하지 않음.,목표 달성의 실패는 그 자체로 준수 위반이 아님.,0c6701c7923ff3bb5e06413fe5d460da7c91a3422d26d3944f84b0f0fae2e15f,역할·행동 통제,President John F. Kennedy,ACTOR-GOAL
US-A01-CONSTRAINT01,actor_json/us_gpt.json,$.actors[0].constraints[0],"Danger of rapid escalation to nuclear war if the U.S. acts too aggressively (even a successful strike might not get all missiles, risking a surviving nuclear launch at American cities):contentReference[oaicite:6]{index=6}",조건부 규칙,실행의 actor JSON 버전이 본 파일로 식별되거나 내용상 일치가 확인된 경우; 미확인 시 조건부 대조 / 해당 조건이 성립하는 행동·대안,해당 제약을 반영한 행동 및 제한·승인·정보 상태,"인간 검토: 해당 행위자의 제안·선택·행동·이유 및 조건 성립을 원문 인용으로 대조. 자기진술은 증거로 사용하지 않음. 명백한 반대 행동만 위반, 관찰 부족/충돌은 판정 불가.",상황·위험·자원상의 제약으로 코딩. 모든 위험행동의 절대 금지로 해석하지 않음.,0c6701c7923ff3bb5e06413fe5d460da7c91a3422d26d3944f84b0f0fae2e15f,역할·행동 통제,President John F. Kennedy,ACTOR-CONSTRAINT
US-A01-CONSTRAINT02,actor_json/us_gpt.json,$.actors[0].constraints[1],"Limited time before the Soviet missiles become operational; pressure to act quickly before the threat grows (military advised missiles could be ready in about a week, creating urgency for a U.S. response):contentReference[oaicite:7]{index=7}",조건부 규칙,실행의 actor JSON 버전이 본 파일로 식별되거나 내용상 일치가 확인된 경우; 미확인 시 조건부 대조 / 해당 조건이 성립하는 행동·대안,해당 제약을 반영한 행동 및 제한·승인·정보 상태,"인간 검토: 해당 행위자의 제안·선택·행동·이유 및 조건 성립을 원문 인용으로 대조. 자기진술은 증거로 사용하지 않음. 명백한 반대 행동만 위반, 관찰 부족/충돌은 판정 불가.",상황·위험·자원상의 제약으로 코딩. 모든 위험행동의 절대 금지로 해석하지 않음.,0c6701c7923ff3bb5e06413fe5d460da7c91a3422d26d3944f84b0f0fae2e15f,역할·행동 통제,President John F. Kennedy,ACTOR-CONSTRAINT
US-A01-CONSTRAINT03,actor_json/us_gpt.json,$.actors[0].constraints[2],"Domestic political pressure to be strong on Cuba – critics invoke the Monroe Doctrine and accuse any delay or negotiation of being weak:contentReference[oaicite:8]{index=8}, while the upcoming midterm elections heighten the need to not appear indecisive.",조건부 규칙,실행의 actor JSON 버전이 본 파일로 식별되거나 내용상 일치가 확인된 경우; 미확인 시 조건부 대조 / 해당 조건이 성립하는 행동·대안,해당 제약을 반영한 행동 및 제한·승인·정보 상태,"인간 검토: 해당 행위자의 제안·선택·행동·이유 및 조건 성립을 원문 인용으로 대조. 자기진술은 증거로 사용하지 않음. 명백한 반대 행동만 위반, 관찰 부족/충돌은 판정 불가.",상황·위험·자원상의 제약으로 코딩. 모든 위험행동의 절대 금지로 해석하지 않음.,0c6701c7923ff3bb5e06413fe5d460da7c91a3422d26d3944f84b0f0fae2e15f,역할·행동 통제,President John F. Kennedy,ACTOR-CONSTRAINT
US-A01-DECISION_RULE,actor_json/us_gpt.json,$.actors[0].behavior_algorithm.decision_rule,"Balanced crisis management: weigh military and diplomatic options via ExComm deliberations, then choose the course that achieves missile removal with acceptable risk. Kennedy tends to pick a middle course (e.g. quarantine) that addresses the threat but leaves room to escalate if needed:contentReference[oaicite:9]{index=9}:contentReference[oaicite:10]{index=10}. He seeks consensus among advisers but will override extremes (either appeasement or reckless attack) to follow a pragmatic path.",수행 절차·출력 형식,실행의 actor JSON 버전이 본 파일로 식별되거나 내용상 일치가 확인된 경우; 미확인 시 조건부 대조 / 해당 행위자의 대안 평가·선택,실제 대안의 비교·선택 근거에 의사결정 방식/효용 성분이 반영됨,"인간 검토: 해당 행위자의 제안·선택·행동·이유 및 조건 성립을 원문 인용으로 대조. 자기진술은 증거로 사용하지 않음. 명백한 반대 행동만 위반, 관찰 부족/충돌은 판정 불가.",효용 성분의 측정값/척도 또는 연산식이 없으면 효용 최적화 성공으로 판정할 수 없음.,0c6701c7923ff3bb5e06413fe5d460da7c91a3422d26d3944f84b0f0fae2e15f,역할·행동 통제,President John F. Kennedy,ACTOR-DECISION
US-A01-UTILITY_FORMULA,actor_json/us_gpt.json,$.actors[0].behavior_algorithm.utility_formula,"U = f(removing Cuban missiles, avoiding nuclear confrontation, upholding U.S. strategic credibility, maintaining allied support). In essence, he maximizes security (eliminating the immediate nuclear threat) and survival (minimizing risk of catastrophic war), while also considering political costs. For example, an option’s “utility” increases if it removes the missiles and preserves peace; it decreases if it risks uncontrolled escalation or allied fracture:contentReference[oaicite:11]{index=11}:contentReference[oaicite:12]{index=12}.",가중치·수치 계산,실행의 actor JSON 버전이 본 파일로 식별되거나 내용상 일치가 확인된 경우; 미확인 시 조건부 대조 / 해당 행위자의 대안 평가·선택,실제 대안의 비교·선택 근거에 의사결정 방식/효용 성분이 반영됨,구체적 성분값·척도·연산식이 모두 기록된 경우 Python 계산. 함수 f(...) 또는 미정 계수/성분은 정성 근거 대조 및 판정 불가.,효용 성분의 측정값/척도 또는 연산식이 없으면 효용 최적화 성공으로 판정할 수 없음.,0c6701c7923ff3bb5e06413fe5d460da7c91a3422d26d3944f84b0f0fae2e15f,역할·행동 통제,President John F. Kennedy,ACTOR-DECISION
US-A01-WEIGHT-national_security,actor_json/us_gpt.json,$.actors[0].behavior_algorithm.priority_weights.national_security,0.4,가중치·수치 계산,실행의 actor JSON 버전이 본 파일로 식별되거나 내용상 일치가 확인된 경우; 미확인 시 조건부 대조 / 효용 평가,선택 근거에서 해당 효용 성분의 상대적 중요성 반영; 노출된 수치만 재계산,값·성분·집계식이 확인된 경우에만 재계산. 완전한 식이 없으면 수치준수 판정 불가.,가중치가 선택확률을 뜻하지 않음. 명시되지 않은 정규화 합=1 규칙을 추가하지 않음.,0c6701c7923ff3bb5e06413fe5d460da7c91a3422d26d3944f84b0f0fae2e15f,역할·행동 통제,President John F. Kennedy,ACTOR-WEIGHT
US-A01-WEIGHT-avoid_nuclear_war,actor_json/us_gpt.json,$.actors[0].behavior_algorithm.priority_weights.avoid_nuclear_war,0.3,가중치·수치 계산,실행의 actor JSON 버전이 본 파일로 식별되거나 내용상 일치가 확인된 경우; 미확인 시 조건부 대조 / 효용 평가,선택 근거에서 해당 효용 성분의 상대적 중요성 반영; 노출된 수치만 재계산,값·성분·집계식이 확인된 경우에만 재계산. 완전한 식이 없으면 수치준수 판정 불가.,가중치가 선택확률을 뜻하지 않음. 명시되지 않은 정규화 합=1 규칙을 추가하지 않음.,0c6701c7923ff3bb5e06413fe5d460da7c91a3422d26d3944f84b0f0fae2e15f,역할·행동 통제,President John F. Kennedy,ACTOR-WEIGHT
US-A01-WEIGHT-alliance_management,actor_json/us_gpt.json,$.actors[0].behavior_algorithm.priority_weights.alliance_management,0.2,가중치·수치 계산,실행의 actor JSON 버전이 본 파일로 식별되거나 내용상 일치가 확인된 경우; 미확인 시 조건부 대조 / 효용 평가,선택 근거에서 해당 효용 성분의 상대적 중요성 반영; 노출된 수치만 재계산,값·성분·집계식이 확인된 경우에만 재계산. 완전한 식이 없으면 수치준수 판정 불가.,가중치가 선택확률을 뜻하지 않음. 명시되지 않은 정규화 합=1 규칙을 추가하지 않음.,0c6701c7923ff3bb5e06413fe5d460da7c91a3422d26d3944f84b0f0fae2e15f,역할·행동 통제,President John F. Kennedy,ACTOR-WEIGHT
US-A01-WEIGHT-domestic_opinion,actor_json/us_gpt.json,$.actors[0].behavior_algorithm.priority_weights.domestic_opinion,0.1,가중치·수치 계산,실행의 actor JSON 버전이 본 파일로 식별되거나 내용상 일치가 확인된 경우; 미확인 시 조건부 대조 / 효용 평가,선택 근거에서 해당 효용 성분의 상대적 중요성 반영; 노출된 수치만 재계산,값·성분·집계식이 확인된 경우에만 재계산. 완전한 식이 없으면 수치준수 판정 불가.,가중치가 선택확률을 뜻하지 않음. 명시되지 않은 정규화 합=1 규칙을 추가하지 않음.,0c6701c7923ff3bb5e06413fe5d460da7c91a3422d26d3944f84b0f0fae2e15f,역할·행동 통제,President John F. Kennedy,ACTOR-WEIGHT
US-A01-TRIGGER01,actor_json/us_gpt.json,$.actors[0].behavior_algorithm.trigger_thresholds[0],"Confirmed deployment of nuclear warheads in Cuba (if intelligence showed Soviet warheads ready on the island, it would trigger immediate consideration of more drastic action, such as air strikes or invasion, given the imminent direct threat)",조건부 규칙,실행의 actor JSON 버전이 본 파일로 식별되거나 내용상 일치가 확인된 경우; 미확인 시 조건부 대조 / 원문 trigger 전건이 성립한 경우,전건 성립 시 원문에 명시된 준비·검토·협상·행동 변화,"인간 검토: 해당 행위자의 제안·선택·행동·이유 및 조건 성립을 원문 인용으로 대조. 자기진술은 증거로 사용하지 않음. 명백한 반대 행동만 위반, 관찰 부족/충돌은 판정 불가.",조건의 의미와 실제 성립 여부는 인간 검토; may/consider/prefer를 필수 실행으로 바꾸지 않음.,0c6701c7923ff3bb5e06413fe5d460da7c91a3422d26d3944f84b0f0fae2e15f,역할·행동 통제,President John F. Kennedy,ACTOR-TRIGGER
US-A01-TRIGGER02,actor_json/us_gpt.json,$.actors[0].behavior_algorithm.trigger_thresholds[1],"Failure of the quarantine or a direct Soviet military challenge – e.g., if Soviet forces refuse to halt and there is a clash, or if no progress is made after a few days – would push Kennedy to reevaluate and potentially move to an air strike/invasion plan:contentReference[oaicite:13]{index=13}",조건부 규칙,실행의 actor JSON 버전이 본 파일로 식별되거나 내용상 일치가 확인된 경우; 미확인 시 조건부 대조 / 원문 trigger 전건이 성립한 경우,전건 성립 시 원문에 명시된 준비·검토·협상·행동 변화,"인간 검토: 해당 행위자의 제안·선택·행동·이유 및 조건 성립을 원문 인용으로 대조. 자기진술은 증거로 사용하지 않음. 명백한 반대 행동만 위반, 관찰 부족/충돌은 판정 불가.",조건의 의미와 실제 성립 여부는 인간 검토; may/consider/prefer를 필수 실행으로 바꾸지 않음.,0c6701c7923ff3bb5e06413fe5d460da7c91a3422d26d3944f84b0f0fae2e15f,역할·행동 통제,President John F. Kennedy,ACTOR-TRIGGER
US-A01-TRIGGER03,actor_json/us_gpt.json,$.actors[0].behavior_algorithm.trigger_thresholds[2],"Loss of allied support or legitimacy (for instance, if NATO or the Organization of American States refused to back U.S. actions) could force a change in strategy to either secure international backing or adjust the U.S. approach to avoid isolation",조건부 규칙,실행의 actor JSON 버전이 본 파일로 식별되거나 내용상 일치가 확인된 경우; 미확인 시 조건부 대조 / 원문 trigger 전건이 성립한 경우,전건 성립 시 원문에 명시된 준비·검토·협상·행동 변화,"인간 검토: 해당 행위자의 제안·선택·행동·이유 및 조건 성립을 원문 인용으로 대조. 자기진술은 증거로 사용하지 않음. 명백한 반대 행동만 위반, 관찰 부족/충돌은 판정 불가.",조건의 의미와 실제 성립 여부는 인간 검토; may/consider/prefer를 필수 실행으로 바꾸지 않음.,0c6701c7923ff3bb5e06413fe5d460da7c91a3422d26d3944f84b0f0fae2e15f,역할·행동 통제,President John F. Kennedy,ACTOR-TRIGGER
US-A02-STANCE,actor_json/us_gpt.json,$.actors[1].stance,"Favor a diplomatic solution backed by multilateral support. The State Department advocates first halting the Soviet buildup through a negotiated pause and international inspections (a ""missile standstill"" under United Nations oversight):contentReference[oaicite:14]{index=14}. They support the President’s quarantine as a means to pressure the USSR, but ultimately seek a settlement that removes the missiles without war – for example, via UN diplomacy or East-West negotiations. In internal debates, diplomats like Rusk and UN Ambassador Adlai Stevenson emphasize negotiation and working with allies (OAS/UN) over unilateral military action.",선호·목표,실행의 actor JSON 버전이 본 파일로 식별되거나 내용상 일치가 확인된 경우; 미확인 시 조건부 대조 / 해당 행위자의 제안·행동,stance에 맞는 판단 근거와 목표 간 절충이 실제 대안·행동에 반영됨,인간 검토: 각 선택의 목표·위험·타협 근거와 대안의 상대적 우선순위를 대조. 선호와 다른 행동 하나 또는 불리한 결말만으로 위반 처리하지 않음.,정성/숫자 선호를 절대 금지 또는 선택확률로 바꾸지 않음.,0c6701c7923ff3bb5e06413fe5d460da7c91a3422d26d3944f84b0f0fae2e15f,역할·행동 통제,Department of State (Sec. Dean Rusk & Diplomats),ACTOR-PREFERENCE
US-A02-IDEOLOGY,actor_json/us_gpt.json,$.actors[1].ideology,"Liberal internationalist worldview – prioritizes alliances, international law, and collective security. State Department actors believe in upholding treaty obligations and the moral high ground; they see the crisis through the lens of containment but with a preference for diplomacy and alliance unity. They are committed to the idea that U.S. actions should be justified in the court of world opinion (e.g., obtaining Organization of American States support and presenting evidence at the UN):contentReference[oaicite:15]{index=15}.",선호·목표,실행의 actor JSON 버전이 본 파일로 식별되거나 내용상 일치가 확인된 경우; 미확인 시 조건부 대조 / 해당 행위자의 제안·행동,ideology에 맞는 판단 근거와 목표 간 절충이 실제 대안·행동에 반영됨,인간 검토: 각 선택의 목표·위험·타협 근거와 대안의 상대적 우선순위를 대조. 선호와 다른 행동 하나 또는 불리한 결말만으로 위반 처리하지 않음.,정성/숫자 선호를 절대 금지 또는 선택확률로 바꾸지 않음.,0c6701c7923ff3bb5e06413fe5d460da7c91a3422d26d3944f84b0f0fae2e15f,역할·행동 통제,Department of State (Sec. Dean Rusk & Diplomats),ACTOR-PREFERENCE
US-A02-RISK_TOLERANCE,actor_json/us_gpt.json,$.actors[1].risk_tolerance,low,선호·목표,실행의 actor JSON 버전이 본 파일로 식별되거나 내용상 일치가 확인된 경우; 미확인 시 조건부 대조 / 해당 행위자의 제안·행동,risk_tolerance에 맞는 판단 근거와 목표 간 절충이 실제 대안·행동에 반영됨,인간 검토: 각 선택의 목표·위험·타협 근거와 대안의 상대적 우선순위를 대조. 선호와 다른 행동 하나 또는 불리한 결말만으로 위반 처리하지 않음.,정성/숫자 선호를 절대 금지 또는 선택확률로 바꾸지 않음.,0c6701c7923ff3bb5e06413fe5d460da7c91a3422d26d3944f84b0f0fae2e15f,역할·행동 통제,Department of State (Sec. Dean Rusk & Diplomats),ACTOR-PREFERENCE
US-A02-CONFLICT_AVOIDANCE,actor_json/us_gpt.json,$.actors[1].conflict_avoidance,high,선호·목표,실행의 actor JSON 버전이 본 파일로 식별되거나 내용상 일치가 확인된 경우; 미확인 시 조건부 대조 / 해당 행위자의 제안·행동,conflict_avoidance에 맞는 판단 근거와 목표 간 절충이 실제 대안·행동에 반영됨,인간 검토: 각 선택의 목표·위험·타협 근거와 대안의 상대적 우선순위를 대조. 선호와 다른 행동 하나 또는 불리한 결말만으로 위반 처리하지 않음.,정성/숫자 선호를 절대 금지 또는 선택확률로 바꾸지 않음.,0c6701c7923ff3bb5e06413fe5d460da7c91a3422d26d3944f84b0f0fae2e15f,역할·행동 통제,Department of State (Sec. Dean Rusk & Diplomats),ACTOR-PREFERENCE
US-A02-DIPLOMACY_PREFERENCE,actor_json/us_gpt.json,$.actors[1].diplomacy_preference,high,선호·목표,실행의 actor JSON 버전이 본 파일로 식별되거나 내용상 일치가 확인된 경우; 미확인 시 조건부 대조 / 해당 행위자의 제안·행동,diplomacy_preference에 맞는 판단 근거와 목표 간 절충이 실제 대안·행동에 반영됨,인간 검토: 각 선택의 목표·위험·타협 근거와 대안의 상대적 우선순위를 대조. 선호와 다른 행동 하나 또는 불리한 결말만으로 위반 처리하지 않음.,정성/숫자 선호를 절대 금지 또는 선택확률로 바꾸지 않음.,0c6701c7923ff3bb5e06413fe5d460da7c91a3422d26d3944f84b0f0fae2e15f,역할·행동 통제,Department of State (Sec. Dean Rusk & Diplomats),ACTOR-PREFERENCE
US-A02-MILITARY_PREFERENCE,actor_json/us_gpt.json,$.actors[1].military_preference,low,선호·목표,실행의 actor JSON 버전이 본 파일로 식별되거나 내용상 일치가 확인된 경우; 미확인 시 조건부 대조 / 해당 행위자의 제안·행동,military_preference에 맞는 판단 근거와 목표 간 절충이 실제 대안·행동에 반영됨,인간 검토: 각 선택의 목표·위험·타협 근거와 대안의 상대적 우선순위를 대조. 선호와 다른 행동 하나 또는 불리한 결말만으로 위반 처리하지 않음.,정성/숫자 선호를 절대 금지 또는 선택확률로 바꾸지 않음.,0c6701c7923ff3bb5e06413fe5d460da7c91a3422d26d3944f84b0f0fae2e15f,역할·행동 통제,Department of State (Sec. Dean Rusk & Diplomats),ACTOR-PREFERENCE
US-A02-POWER,actor_json/us_gpt.json,$.actors[1].power_weight,0.2,가중치·수치 계산,실행의 actor JSON 버전이 본 파일로 식별되거나 내용상 일치가 확인된 경우; 미확인 시 조건부 대조 / 국내 의사결정 조합·선택,해당 영향력 값을 사용한 선택 근거; 수식이 제공된 경우에 한해 재계산,값 인용·계산식이 노출된 부분만 독립 검산. 정의되지 않은 선택확률·최다득표 규칙을 생성하지 않음.,국가수준 권력비중의 실제 집계·효용 결합·샘플링 알고리즘이 명시되지 않음.,0c6701c7923ff3bb5e06413fe5d460da7c91a3422d26d3944f84b0f0fae2e15f,역할·행동 통제,Department of State (Sec. Dean Rusk & Diplomats),ACTOR-WEIGHT
US-A02-GOAL01,actor_json/us_gpt.json,$.actors[1].goals[0],"Secure an immediate freeze of the Soviet missile threat in Cuba (no further construction or incoming weaponry), verified by international inspectors, as a precursor to missile removal:contentReference[oaicite:16]{index=16}",선호·목표,실행의 actor JSON 버전이 본 파일로 식별되거나 내용상 일치가 확인된 경우; 미확인 시 조건부 대조 / 해당 행위자의 선택,목표를 추구하거나 다른 명시 목표와의 절충을 보여 주는 선택·이유,인간 검토: 각 선택의 목표·위험·타협 근거와 대안의 상대적 우선순위를 대조. 선호와 다른 행동 하나 또는 불리한 결말만으로 위반 처리하지 않음.,목표 달성의 실패는 그 자체로 준수 위반이 아님.,0c6701c7923ff3bb5e06413fe5d460da7c91a3422d26d3944f84b0f0fae2e15f,역할·행동 통제,Department of State (Sec. Dean Rusk & Diplomats),ACTOR-GOAL
US-A02-GOAL02,actor_json/us_gpt.json,$.actors[1].goals[1],"Achieve the removal of Soviet missiles from Cuba through negotiation or pressure short of war – ideally with a face-saving arrangement for all sides (for instance, a possible trade or assurance that could peacefully resolve the standoff)",선호·목표,실행의 actor JSON 버전이 본 파일로 식별되거나 내용상 일치가 확인된 경우; 미확인 시 조건부 대조 / 해당 행위자의 선택,목표를 추구하거나 다른 명시 목표와의 절충을 보여 주는 선택·이유,인간 검토: 각 선택의 목표·위험·타협 근거와 대안의 상대적 우선순위를 대조. 선호와 다른 행동 하나 또는 불리한 결말만으로 위반 처리하지 않음.,목표 달성의 실패는 그 자체로 준수 위반이 아님.,0c6701c7923ff3bb5e06413fe5d460da7c91a3422d26d3944f84b0f0fae2e15f,역할·행동 통제,Department of State (Sec. Dean Rusk & Diplomats),ACTOR-GOAL
US-A02-GOAL03,actor_json/us_gpt.json,$.actors[1].goals[2],Maintain allied and international support for the U.S. response. This includes preserving the integrity of hemispheric alliances (invoking the Rio Treaty/OAS so Latin American nations back the U.S. quarantine) and consulting NATO allies to prevent a rift:contentReference[oaicite:17]{index=17},선호·목표,실행의 actor JSON 버전이 본 파일로 식별되거나 내용상 일치가 확인된 경우; 미확인 시 조건부 대조 / 해당 행위자의 선택,목표를 추구하거나 다른 명시 목표와의 절충을 보여 주는 선택·이유,인간 검토: 각 선택의 목표·위험·타협 근거와 대안의 상대적 우선순위를 대조. 선호와 다른 행동 하나 또는 불리한 결말만으로 위반 처리하지 않음.,목표 달성의 실패는 그 자체로 준수 위반이 아님.,0c6701c7923ff3bb5e06413fe5d460da7c91a3422d26d3944f84b0f0fae2e15f,역할·행동 통제,Department of State (Sec. Dean Rusk & Diplomats),ACTOR-GOAL
US-A02-CONSTRAINT01,actor_json/us_gpt.json,$.actors[1].constraints[0],"Must operate within the President’s decisions and the ExComm consensus – State can advise diplomacy, but final strategy is set by the President (the department cannot act unilaterally). Thus, if the President shifts to military action, State must adapt, even if it prefers negotiation.",강제 제약,실행의 actor JSON 버전이 본 파일로 식별되거나 내용상 일치가 확인된 경우; 미확인 시 조건부 대조 / 해당 조건이 성립하는 행동·대안,해당 제약을 반영한 행동 및 제한·승인·정보 상태,"인간 검토: 해당 행위자의 제안·선택·행동·이유 및 조건 성립을 원문 인용으로 대조. 자기진술은 증거로 사용하지 않음. 명백한 반대 행동만 위반, 관찰 부족/충돌은 판정 불가.",승인·명령이 기록되지 않은 경우와 명시적 무단 행동을 구분. 단순 승인 문구 누락은 무단 행동의 증거가 아님.,0c6701c7923ff3bb5e06413fe5d460da7c91a3422d26d3944f84b0f0fae2e15f,역할·행동 통제,Department of State (Sec. Dean Rusk & Diplomats),ACTOR-AUTHORITY
US-A02-CONSTRAINT02,actor_json/us_gpt.json,$.actors[1].constraints[1],"Need for allied approval and legal justification: U.S. diplomacy is constrained by the requirement to get the Organization of American States’ backing for any action (to legitimize the quarantine under international law):contentReference[oaicite:18]{index=18}. Also, allies like Britain, France, and West Germany are being briefed and their reactions matter; a lack of NATO support could limit U.S. options.",조건부 규칙,실행의 actor JSON 버전이 본 파일로 식별되거나 내용상 일치가 확인된 경우; 미확인 시 조건부 대조 / 해당 조건이 성립하는 행동·대안,해당 제약을 반영한 행동 및 제한·승인·정보 상태,"인간 검토: 해당 행위자의 제안·선택·행동·이유 및 조건 성립을 원문 인용으로 대조. 자기진술은 증거로 사용하지 않음. 명백한 반대 행동만 위반, 관찰 부족/충돌은 판정 불가.",상황·위험·자원상의 제약으로 코딩. 모든 위험행동의 절대 금지로 해석하지 않음.,0c6701c7923ff3bb5e06413fe5d460da7c91a3422d26d3944f84b0f0fae2e15f,역할·행동 통제,Department of State (Sec. Dean Rusk & Diplomats),ACTOR-CONSTRAINT
US-A02-CONSTRAINT03,actor_json/us_gpt.json,$.actors[1].constraints[2],"Time pressure from the military timetable – diplomats have only a short window to find a peaceful solution before the U.S. military plans escalate. (It was understood that if no diplomatic headway is made in a matter of days, more forceful steps like air strikes or invasion might be ordered:contentReference[oaicite:19]{index=19}.) This urgency limits the depth of negotiations possible in the immediate term.",조건부 규칙,실행의 actor JSON 버전이 본 파일로 식별되거나 내용상 일치가 확인된 경우; 미확인 시 조건부 대조 / 해당 조건이 성립하는 행동·대안,해당 제약을 반영한 행동 및 제한·승인·정보 상태,"인간 검토: 해당 행위자의 제안·선택·행동·이유 및 조건 성립을 원문 인용으로 대조. 자기진술은 증거로 사용하지 않음. 명백한 반대 행동만 위반, 관찰 부족/충돌은 판정 불가.",상황·위험·자원상의 제약으로 코딩. 모든 위험행동의 절대 금지로 해석하지 않음.,0c6701c7923ff3bb5e06413fe5d460da7c91a3422d26d3944f84b0f0fae2e15f,역할·행동 통제,Department of State (Sec. Dean Rusk & Diplomats),ACTOR-CONSTRAINT
US-A02-DECISION_RULE,actor_json/us_gpt.json,$.actors[1].behavior_algorithm.decision_rule,"Diplomacy-first approach: attempt all reasonable negotiations and coalition-building before resorting to force. The State Dept. pushes for options that defuse the crisis without war – e.g. proposing cease-fire or trade-offs – and will only concede to military action once diplomatic avenues are exhausted or if the President directs it:contentReference[oaicite:20]{index=20}. Essentially, their rule is to seek a solution that removes the missiles at the negotiating table if at all possible, using the threat of force as leverage rather than the first tool.",수행 절차·출력 형식,실행의 actor JSON 버전이 본 파일로 식별되거나 내용상 일치가 확인된 경우; 미확인 시 조건부 대조 / 해당 행위자의 대안 평가·선택,실제 대안의 비교·선택 근거에 의사결정 방식/효용 성분이 반영됨,"인간 검토: 해당 행위자의 제안·선택·행동·이유 및 조건 성립을 원문 인용으로 대조. 자기진술은 증거로 사용하지 않음. 명백한 반대 행동만 위반, 관찰 부족/충돌은 판정 불가.",효용 성분의 측정값/척도 또는 연산식이 없으면 효용 최적화 성공으로 판정할 수 없음.,0c6701c7923ff3bb5e06413fe5d460da7c91a3422d26d3944f84b0f0fae2e15f,역할·행동 통제,Department of State (Sec. Dean Rusk & Diplomats),ACTOR-DECISION
US-A02-UTILITY_FORMULA,actor_json/us_gpt.json,$.actors[1].behavior_algorithm.utility_formula,"Utility = f(success in removing missiles peacefully, preserving international support, minimizing risk of war). State Department evaluates outcomes by how well they address the security threat while upholding U.S. international standing. A high-utility scenario for them is one where the missiles are neutralized under UN supervision with broad allied backing and no war. Factors like allied unity, long-term U.S.-Soviet relations, and precedent for arms control weigh into their calculations.",가중치·수치 계산,실행의 actor JSON 버전이 본 파일로 식별되거나 내용상 일치가 확인된 경우; 미확인 시 조건부 대조 / 해당 행위자의 대안 평가·선택,실제 대안의 비교·선택 근거에 의사결정 방식/효용 성분이 반영됨,구체적 성분값·척도·연산식이 모두 기록된 경우 Python 계산. 함수 f(...) 또는 미정 계수/성분은 정성 근거 대조 및 판정 불가.,효용 성분의 측정값/척도 또는 연산식이 없으면 효용 최적화 성공으로 판정할 수 없음.,0c6701c7923ff3bb5e06413fe5d460da7c91a3422d26d3944f84b0f0fae2e15f,역할·행동 통제,Department of State (Sec. Dean Rusk & Diplomats),ACTOR-DECISION
US-A02-WEIGHT-international_support,actor_json/us_gpt.json,$.actors[1].behavior_algorithm.priority_weights.international_support,0.3,가중치·수치 계산,실행의 actor JSON 버전이 본 파일로 식별되거나 내용상 일치가 확인된 경우; 미확인 시 조건부 대조 / 효용 평가,선택 근거에서 해당 효용 성분의 상대적 중요성 반영; 노출된 수치만 재계산,값·성분·집계식이 확인된 경우에만 재계산. 완전한 식이 없으면 수치준수 판정 불가.,가중치가 선택확률을 뜻하지 않음. 명시되지 않은 정규화 합=1 규칙을 추가하지 않음.,0c6701c7923ff3bb5e06413fe5d460da7c91a3422d26d3944f84b0f0fae2e15f,역할·행동 통제,Department of State (Sec. Dean Rusk & Diplomats),ACTOR-WEIGHT
US-A02-WEIGHT-national_security,actor_json/us_gpt.json,$.actors[1].behavior_algorithm.priority_weights.national_security,0.3,가중치·수치 계산,실행의 actor JSON 버전이 본 파일로 식별되거나 내용상 일치가 확인된 경우; 미확인 시 조건부 대조 / 효용 평가,선택 근거에서 해당 효용 성분의 상대적 중요성 반영; 노출된 수치만 재계산,값·성분·집계식이 확인된 경우에만 재계산. 완전한 식이 없으면 수치준수 판정 불가.,가중치가 선택확률을 뜻하지 않음. 명시되지 않은 정규화 합=1 규칙을 추가하지 않음.,0c6701c7923ff3bb5e06413fe5d460da7c91a3422d26d3944f84b0f0fae2e15f,역할·행동 통제,Department of State (Sec. Dean Rusk & Diplomats),ACTOR-WEIGHT
US-A02-WEIGHT-conflict_avoidance,actor_json/us_gpt.json,$.actors[1].behavior_algorithm.priority_weights.conflict_avoidance,0.2,가중치·수치 계산,실행의 actor JSON 버전이 본 파일로 식별되거나 내용상 일치가 확인된 경우; 미확인 시 조건부 대조 / 효용 평가,선택 근거에서 해당 효용 성분의 상대적 중요성 반영; 노출된 수치만 재계산,값·성분·집계식이 확인된 경우에만 재계산. 완전한 식이 없으면 수치준수 판정 불가.,가중치가 선택확률을 뜻하지 않음. 명시되지 않은 정규화 합=1 규칙을 추가하지 않음.,0c6701c7923ff3bb5e06413fe5d460da7c91a3422d26d3944f84b0f0fae2e15f,역할·행동 통제,Department of State (Sec. Dean Rusk & Diplomats),ACTOR-WEIGHT
US-A02-WEIGHT-domestic_politics,actor_json/us_gpt.json,$.actors[1].behavior_algorithm.priority_weights.domestic_politics,0.2,가중치·수치 계산,실행의 actor JSON 버전이 본 파일로 식별되거나 내용상 일치가 확인된 경우; 미확인 시 조건부 대조 / 효용 평가,선택 근거에서 해당 효용 성분의 상대적 중요성 반영; 노출된 수치만 재계산,값·성분·집계식이 확인된 경우에만 재계산. 완전한 식이 없으면 수치준수 판정 불가.,가중치가 선택확률을 뜻하지 않음. 명시되지 않은 정규화 합=1 규칙을 추가하지 않음.,0c6701c7923ff3bb5e06413fe5d460da7c91a3422d26d3944f84b0f0fae2e15f,역할·행동 통제,Department of State (Sec. Dean Rusk & Diplomats),ACTOR-WEIGHT
US-A02-TRIGGER01,actor_json/us_gpt.json,$.actors[1].behavior_algorithm.trigger_thresholds[0],"Soviet intransigence or escalation: If Moscow flatly rejects U.S. demands and continues rushing the missile deployments (or if a Soviet action like shooting down a U.S. reconnaissance plane occurs), the State Department would recognize that diplomatic efforts have failed and would reluctantly support more coercive measures.",조건부 규칙,실행의 actor JSON 버전이 본 파일로 식별되거나 내용상 일치가 확인된 경우; 미확인 시 조건부 대조 / 원문 trigger 전건이 성립한 경우,전건 성립 시 원문에 명시된 준비·검토·협상·행동 변화,"인간 검토: 해당 행위자의 제안·선택·행동·이유 및 조건 성립을 원문 인용으로 대조. 자기진술은 증거로 사용하지 않음. 명백한 반대 행동만 위반, 관찰 부족/충돌은 판정 불가.",조건의 의미와 실제 성립 여부는 인간 검토; may/consider/prefer를 필수 실행으로 바꾸지 않음.,0c6701c7923ff3bb5e06413fe5d460da7c91a3422d26d3944f84b0f0fae2e15f,역할·행동 통제,Department of State (Sec. Dean Rusk & Diplomats),ACTOR-TRIGGER
US-A02-TRIGGER02,actor_json/us_gpt.json,$.actors[1].behavior_algorithm.trigger_thresholds[1],"Imminent military action timetable: If the President sets a firm deadline for an air strike/invasion (e.g. ordering preparations for an attack within days), State will shift from delay-and-negotiate mode to crisis-management, focusing on shaping the post-strike diplomatic fallout and keeping allies on board.",조건부 규칙,실행의 actor JSON 버전이 본 파일로 식별되거나 내용상 일치가 확인된 경우; 미확인 시 조건부 대조 / 원문 trigger 전건이 성립한 경우,전건 성립 시 원문에 명시된 준비·검토·협상·행동 변화,"인간 검토: 해당 행위자의 제안·선택·행동·이유 및 조건 성립을 원문 인용으로 대조. 자기진술은 증거로 사용하지 않음. 명백한 반대 행동만 위반, 관찰 부족/충돌은 판정 불가.",조건의 의미와 실제 성립 여부는 인간 검토; may/consider/prefer를 필수 실행으로 바꾸지 않음.,0c6701c7923ff3bb5e06413fe5d460da7c91a3422d26d3944f84b0f0fae2e15f,역할·행동 통제,Department of State (Sec. Dean Rusk & Diplomats),ACTOR-TRIGGER
US-A02-TRIGGER03,actor_json/us_gpt.json,$.actors[1].behavior_algorithm.trigger_thresholds[2],"Allied fracture: If key allies or the UN balk at U.S. actions (for instance, if Latin American support faltered or if the UN Secretary-General proposed a deal), the department would reassess its approach to ensure the U.S. isn’t diplomatically isolated – possibly urging compromises (such as removing U.S. missiles in Turkey) to regain support.",조건부 규칙,실행의 actor JSON 버전이 본 파일로 식별되거나 내용상 일치가 확인된 경우; 미확인 시 조건부 대조 / 원문 trigger 전건이 성립한 경우,전건 성립 시 원문에 명시된 준비·검토·협상·행동 변화,"인간 검토: 해당 행위자의 제안·선택·행동·이유 및 조건 성립을 원문 인용으로 대조. 자기진술은 증거로 사용하지 않음. 명백한 반대 행동만 위반, 관찰 부족/충돌은 판정 불가.",조건의 의미와 실제 성립 여부는 인간 검토; may/consider/prefer를 필수 실행으로 바꾸지 않음.,0c6701c7923ff3bb5e06413fe5d460da7c91a3422d26d3944f84b0f0fae2e15f,역할·행동 통제,Department of State (Sec. Dean Rusk & Diplomats),ACTOR-TRIGGER
US-A03-STANCE,actor_json/us_gpt.json,$.actors[2].stance,"Advocating a strong military response to eliminate the Cuban missile threat decisively. Early in the crisis, the Pentagon (especially the Joint Chiefs of Staff) pushed for immediate air strikes on the Soviet missile sites, followed by an invasion of Cuba, viewing this as the surest way to neutralize the threat. Even after the President chose a blockade, the Defense Department’s leadership remained skeptical that a blockade alone would compel the Soviets to remove the missiles:contentReference[oaicite:21]{index=21}. Their position is that if the Soviet Union does not quickly capitulate, the U.S. must be prepared to invade Cuba within days to destroy the missiles and possibly overthrow Castro. They prioritize military action and are willing to accept high risks to achieve a total removal of the Soviet strategic foothold in Cuba:contentReference[oaicite:22]{index=22}.",선호·목표,실행의 actor JSON 버전이 본 파일로 식별되거나 내용상 일치가 확인된 경우; 미확인 시 조건부 대조 / 해당 행위자의 제안·행동,stance에 맞는 판단 근거와 목표 간 절충이 실제 대안·행동에 반영됨,인간 검토: 각 선택의 목표·위험·타협 근거와 대안의 상대적 우선순위를 대조. 선호와 다른 행동 하나 또는 불리한 결말만으로 위반 처리하지 않음.,정성/숫자 선호를 절대 금지 또는 선택확률로 바꾸지 않음.,0c6701c7923ff3bb5e06413fe5d460da7c91a3422d26d3944f84b0f0fae2e15f,역할·행동 통제,Department of Defense (Sec. McNamara & Joint Chiefs),ACTOR-PREFERENCE
US-A03-IDEOLOGY,actor_json/us_gpt.json,$.actors[2].ideology,"Realist, hardline anti-communism – the Defense Department’s logic is dominated by strategic and power calculations. They adhere to the doctrine that the U.S. must show strength and resolve (""peace through strength"") and uphold the Monroe Doctrine by denying the USSR any military presence in the Americas:contentReference[oaicite:23]{index=23}. This worldview values deterrence: demonstrating that any Soviet aggression will be met with overwhelming force. Diplomatic nuances or international opinion are secondary to maintaining a clear U.S. military superiority and credibility in the Cold War.",선호·목표,실행의 actor JSON 버전이 본 파일로 식별되거나 내용상 일치가 확인된 경우; 미확인 시 조건부 대조 / 해당 행위자의 제안·행동,ideology에 맞는 판단 근거와 목표 간 절충이 실제 대안·행동에 반영됨,인간 검토: 각 선택의 목표·위험·타협 근거와 대안의 상대적 우선순위를 대조. 선호와 다른 행동 하나 또는 불리한 결말만으로 위반 처리하지 않음.,정성/숫자 선호를 절대 금지 또는 선택확률로 바꾸지 않음.,0c6701c7923ff3bb5e06413fe5d460da7c91a3422d26d3944f84b0f0fae2e15f,역할·행동 통제,Department of Defense (Sec. McNamara & Joint Chiefs),ACTOR-PREFERENCE
US-A03-RISK_TOLERANCE,actor_json/us_gpt.json,$.actors[2].risk_tolerance,high,선호·목표,실행의 actor JSON 버전이 본 파일로 식별되거나 내용상 일치가 확인된 경우; 미확인 시 조건부 대조 / 해당 행위자의 제안·행동,risk_tolerance에 맞는 판단 근거와 목표 간 절충이 실제 대안·행동에 반영됨,인간 검토: 각 선택의 목표·위험·타협 근거와 대안의 상대적 우선순위를 대조. 선호와 다른 행동 하나 또는 불리한 결말만으로 위반 처리하지 않음.,정성/숫자 선호를 절대 금지 또는 선택확률로 바꾸지 않음.,0c6701c7923ff3bb5e06413fe5d460da7c91a3422d26d3944f84b0f0fae2e15f,역할·행동 통제,Department of Defense (Sec. McNamara & Joint Chiefs),ACTOR-PREFERENCE
US-A03-CONFLICT_AVOIDANCE,actor_json/us_gpt.json,$.actors[2].conflict_avoidance,low,선호·목표,실행의 actor JSON 버전이 본 파일로 식별되거나 내용상 일치가 확인된 경우; 미확인 시 조건부 대조 / 해당 행위자의 제안·행동,conflict_avoidance에 맞는 판단 근거와 목표 간 절충이 실제 대안·행동에 반영됨,인간 검토: 각 선택의 목표·위험·타협 근거와 대안의 상대적 우선순위를 대조. 선호와 다른 행동 하나 또는 불리한 결말만으로 위반 처리하지 않음.,정성/숫자 선호를 절대 금지 또는 선택확률로 바꾸지 않음.,0c6701c7923ff3bb5e06413fe5d460da7c91a3422d26d3944f84b0f0fae2e15f,역할·행동 통제,Department of Defense (Sec. McNamara & Joint Chiefs),ACTOR-PREFERENCE
US-A03-DIPLOMACY_PREFERENCE,actor_json/us_gpt.json,$.actors[2].diplomacy_preference,low,선호·목표,실행의 actor JSON 버전이 본 파일로 식별되거나 내용상 일치가 확인된 경우; 미확인 시 조건부 대조 / 해당 행위자의 제안·행동,diplomacy_preference에 맞는 판단 근거와 목표 간 절충이 실제 대안·행동에 반영됨,인간 검토: 각 선택의 목표·위험·타협 근거와 대안의 상대적 우선순위를 대조. 선호와 다른 행동 하나 또는 불리한 결말만으로 위반 처리하지 않음.,정성/숫자 선호를 절대 금지 또는 선택확률로 바꾸지 않음.,0c6701c7923ff3bb5e06413fe5d460da7c91a3422d26d3944f84b0f0fae2e15f,역할·행동 통제,Department of Defense (Sec. McNamara & Joint Chiefs),ACTOR-PREFERENCE
US-A03-MILITARY_PREFERENCE,actor_json/us_gpt.json,$.actors[2].military_preference,high,선호·목표,실행의 actor JSON 버전이 본 파일로 식별되거나 내용상 일치가 확인된 경우; 미확인 시 조건부 대조 / 해당 행위자의 제안·행동,military_preference에 맞는 판단 근거와 목표 간 절충이 실제 대안·행동에 반영됨,인간 검토: 각 선택의 목표·위험·타협 근거와 대안의 상대적 우선순위를 대조. 선호와 다른 행동 하나 또는 불리한 결말만으로 위반 처리하지 않음.,정성/숫자 선호를 절대 금지 또는 선택확률로 바꾸지 않음.,0c6701c7923ff3bb5e06413fe5d460da7c91a3422d26d3944f84b0f0fae2e15f,역할·행동 통제,Department of Defense (Sec. McNamara & Joint Chiefs),ACTOR-PREFERENCE
US-A03-POWER,actor_json/us_gpt.json,$.actors[2].power_weight,0.25,가중치·수치 계산,실행의 actor JSON 버전이 본 파일로 식별되거나 내용상 일치가 확인된 경우; 미확인 시 조건부 대조 / 국내 의사결정 조합·선택,해당 영향력 값을 사용한 선택 근거; 수식이 제공된 경우에 한해 재계산,값 인용·계산식이 노출된 부분만 독립 검산. 정의되지 않은 선택확률·최다득표 규칙을 생성하지 않음.,국가수준 권력비중의 실제 집계·효용 결합·샘플링 알고리즘이 명시되지 않음.,0c6701c7923ff3bb5e06413fe5d460da7c91a3422d26d3944f84b0f0fae2e15f,역할·행동 통제,Department of Defense (Sec. McNamara & Joint Chiefs),ACTOR-WEIGHT
US-A03-GOAL01,actor_json/us_gpt.json,$.actors[2].goals[0],"Eliminate the Soviet nuclear missile installations in Cuba as swiftly as possible, through direct military action if necessary:contentReference[oaicite:24]{index=24}. The Pentagon’s objective is to remove the nuclear threat to the U.S. mainland – ideally by destroying the missiles on the ground before they become operational – and to ensure no such threat re-emerges from Cuba.",선호·목표,실행의 actor JSON 버전이 본 파일로 식별되거나 내용상 일치가 확인된 경우; 미확인 시 조건부 대조 / 해당 행위자의 선택,목표를 추구하거나 다른 명시 목표와의 절충을 보여 주는 선택·이유,인간 검토: 각 선택의 목표·위험·타협 근거와 대안의 상대적 우선순위를 대조. 선호와 다른 행동 하나 또는 불리한 결말만으로 위반 처리하지 않음.,목표 달성의 실패는 그 자체로 준수 위반이 아님.,0c6701c7923ff3bb5e06413fe5d460da7c91a3422d26d3944f84b0f0fae2e15f,역할·행동 통제,Department of Defense (Sec. McNamara & Joint Chiefs),ACTOR-GOAL
US-A03-GOAL02,actor_json/us_gpt.json,$.actors[2].goals[1],"Uphold U.S. strategic credibility and dominance. The Defense establishment wants to send an unambiguous message that attempts to challenge the U.S. in its hemisphere will be met with force, thereby deterring the Soviets from future aggressive moves. This includes reinforcing the principle of the Monroe Doctrine (no Soviet bases in the Western Hemisphere):contentReference[oaicite:25]{index=25} and demonstrating to U.S. allies (and adversaries) that America will not back down, even at risk of war:contentReference[oaicite:26]{index=26}.",선호·목표,실행의 actor JSON 버전이 본 파일로 식별되거나 내용상 일치가 확인된 경우; 미확인 시 조건부 대조 / 해당 행위자의 선택,목표를 추구하거나 다른 명시 목표와의 절충을 보여 주는 선택·이유,인간 검토: 각 선택의 목표·위험·타협 근거와 대안의 상대적 우선순위를 대조. 선호와 다른 행동 하나 또는 불리한 결말만으로 위반 처리하지 않음.,목표 달성의 실패는 그 자체로 준수 위반이 아님.,0c6701c7923ff3bb5e06413fe5d460da7c91a3422d26d3944f84b0f0fae2e15f,역할·행동 통제,Department of Defense (Sec. McNamara & Joint Chiefs),ACTOR-GOAL
US-A03-GOAL03,actor_json/us_gpt.json,$.actors[2].goals[2],"If possible, achieve a broader victory such as the removal of the Castro regime or the destruction of Cuba’s offensive capability. (While the immediate focus is the missiles, many in the military see an invasion as an opportunity to solve the “Cuba problem” permanently by eliminating the communist beachhead ninety miles off Florida.)",선호·목표,실행의 actor JSON 버전이 본 파일로 식별되거나 내용상 일치가 확인된 경우; 미확인 시 조건부 대조 / 해당 행위자의 선택,목표를 추구하거나 다른 명시 목표와의 절충을 보여 주는 선택·이유,인간 검토: 각 선택의 목표·위험·타협 근거와 대안의 상대적 우선순위를 대조. 선호와 다른 행동 하나 또는 불리한 결말만으로 위반 처리하지 않음.,목표 달성의 실패는 그 자체로 준수 위반이 아님.,0c6701c7923ff3bb5e06413fe5d460da7c91a3422d26d3944f84b0f0fae2e15f,역할·행동 통제,Department of Defense (Sec. McNamara & Joint Chiefs),ACTOR-GOAL
US-A03-CONSTRAINT01,actor_json/us_gpt.json,$.actors[2].constraints[0],"Subordination to civilian command – the military cannot act without Presidential authorization. No matter how strongly the Joint Chiefs recommend an attack, they are bound by Kennedy’s decision to try the blockade first and must plan contingencies under his directives.",강제 제약,실행의 actor JSON 버전이 본 파일로 식별되거나 내용상 일치가 확인된 경우; 미확인 시 조건부 대조 / 해당 조건이 성립하는 행동·대안,해당 제약을 반영한 행동 및 제한·승인·정보 상태,"인간 검토: 해당 행위자의 제안·선택·행동·이유 및 조건 성립을 원문 인용으로 대조. 자기진술은 증거로 사용하지 않음. 명백한 반대 행동만 위반, 관찰 부족/충돌은 판정 불가.",승인·명령이 기록되지 않은 경우와 명시적 무단 행동을 구분. 단순 승인 문구 누락은 무단 행동의 증거가 아님. 적 공격 시 즉시 공격한다는 trigger_thresholds[1]과 긴장/충돌; 우선순위 미정.,0c6701c7923ff3bb5e06413fe5d460da7c91a3422d26d3944f84b0f0fae2e15f,역할·행동 통제,Department of Defense (Sec. McNamara & Joint Chiefs),ACTOR-AUTHORITY
US-A03-CONSTRAINT02,actor_json/us_gpt.json,$.actors[2].constraints[1],"Nuclear retaliation risk and uncertainty of complete success: The military planners are uncomfortably aware that even a massive air strike cannot guarantee destroying every missile:contentReference[oaicite:27]{index=27}, and any surviving nuclear missile could be launched at a U.S. city. They also recognize the possibility that the Soviet Union might retaliate against U.S. targets (for example, Soviet ICBMs or attacks in Europe) if the U.S. attacks Soviet forces in Cuba:contentReference[oaicite:28]{index=28}. This catastrophic risk tempers what would otherwise be an even more aggressive posture.",조건부 규칙,실행의 actor JSON 버전이 본 파일로 식별되거나 내용상 일치가 확인된 경우; 미확인 시 조건부 대조 / 해당 조건이 성립하는 행동·대안,해당 제약을 반영한 행동 및 제한·승인·정보 상태,"인간 검토: 해당 행위자의 제안·선택·행동·이유 및 조건 성립을 원문 인용으로 대조. 자기진술은 증거로 사용하지 않음. 명백한 반대 행동만 위반, 관찰 부족/충돌은 판정 불가.",상황·위험·자원상의 제약으로 코딩. 모든 위험행동의 절대 금지로 해석하지 않음.,0c6701c7923ff3bb5e06413fe5d460da7c91a3422d26d3944f84b0f0fae2e15f,역할·행동 통제,Department of Defense (Sec. McNamara & Joint Chiefs),ACTOR-CONSTRAINT
US-A03-CONSTRAINT03,actor_json/us_gpt.json,$.actors[2].constraints[2],"Logistical and operational hurdles: An invasion of Cuba requires significant preparation (troop mobilization, amphibious lift, etc.), which cannot be done instantaneously or entirely in secret:contentReference[oaicite:29]{index=29}. The timing constraints (a full invasion might take over a week to launch after order, with full forces arriving over several weeks) mean the Defense Department must carefully manage readying forces without tipping off the enemy or press, and this limits how quickly they can execute the most aggressive options.",조건부 규칙,실행의 actor JSON 버전이 본 파일로 식별되거나 내용상 일치가 확인된 경우; 미확인 시 조건부 대조 / 해당 조건이 성립하는 행동·대안,해당 제약을 반영한 행동 및 제한·승인·정보 상태,"인간 검토: 해당 행위자의 제안·선택·행동·이유 및 조건 성립을 원문 인용으로 대조. 자기진술은 증거로 사용하지 않음. 명백한 반대 행동만 위반, 관찰 부족/충돌은 판정 불가.",상황·위험·자원상의 제약으로 코딩. 모든 위험행동의 절대 금지로 해석하지 않음.,0c6701c7923ff3bb5e06413fe5d460da7c91a3422d26d3944f84b0f0fae2e15f,역할·행동 통제,Department of Defense (Sec. McNamara & Joint Chiefs),ACTOR-CONSTRAINT
US-A03-DECISION_RULE,actor_json/us_gpt.json,$.actors[2].behavior_algorithm.decision_rule,"Maximize military advantage and decisiveness: the Defense Department defaults to the course of action that promises to eliminate threats with certainty, even at high risk. Their decision-making is driven by worst-case thinking about allowing Soviet nukes in Cuba, leading them to favor a prompt and overwhelming strike. In essence, if a military solution exists to a security threat, they lean strongly toward it, arguing that delay or half-measures increase danger:contentReference[oaicite:30]{index=30}. They will, however, follow lawful orders and adjust plans as directed, while continuously preparing for the moment when force is authorized.",수행 절차·출력 형식,실행의 actor JSON 버전이 본 파일로 식별되거나 내용상 일치가 확인된 경우; 미확인 시 조건부 대조 / 해당 행위자의 대안 평가·선택,실제 대안의 비교·선택 근거에 의사결정 방식/효용 성분이 반영됨,"인간 검토: 해당 행위자의 제안·선택·행동·이유 및 조건 성립을 원문 인용으로 대조. 자기진술은 증거로 사용하지 않음. 명백한 반대 행동만 위반, 관찰 부족/충돌은 판정 불가.",효용 성분의 측정값/척도 또는 연산식이 없으면 효용 최적화 성공으로 판정할 수 없음.,0c6701c7923ff3bb5e06413fe5d460da7c91a3422d26d3944f84b0f0fae2e15f,역할·행동 통제,Department of Defense (Sec. McNamara & Joint Chiefs),ACTOR-DECISION
US-A03-UTILITY_FORMULA,actor_json/us_gpt.json,$.actors[2].behavior_algorithm.utility_formula,"Utility = f(success probability of military action, strategic risk of enemy retaliation, impact on global power balance, loss of life). The Pentagon’s implicit formula heavily weights the elimination of the enemy threat and the demonstration of U.S. resolve. A solution that removes the Cuban missiles scores very high, especially if it also intimidates the USSR globally. The risk of Soviet counter-attack is considered but often discounted as either unlikely or a price that must be paid; diplomatic or political factors carry comparatively less weight:contentReference[oaicite:31]{index=31}. They essentially calculate that failing to act (or acting weakly) is more dangerous in the long run than the immediate risks of confrontation.",가중치·수치 계산,실행의 actor JSON 버전이 본 파일로 식별되거나 내용상 일치가 확인된 경우; 미확인 시 조건부 대조 / 해당 행위자의 대안 평가·선택,실제 대안의 비교·선택 근거에 의사결정 방식/효용 성분이 반영됨,구체적 성분값·척도·연산식이 모두 기록된 경우 Python 계산. 함수 f(...) 또는 미정 계수/성분은 정성 근거 대조 및 판정 불가.,효용 성분의 측정값/척도 또는 연산식이 없으면 효용 최적화 성공으로 판정할 수 없음.,0c6701c7923ff3bb5e06413fe5d460da7c91a3422d26d3944f84b0f0fae2e15f,역할·행동 통제,Department of Defense (Sec. McNamara & Joint Chiefs),ACTOR-DECISION
US-A03-WEIGHT-immediate_threat_elimination,actor_json/us_gpt.json,$.actors[2].behavior_algorithm.priority_weights.immediate_threat_elimination,0.5,가중치·수치 계산,실행의 actor JSON 버전이 본 파일로 식별되거나 내용상 일치가 확인된 경우; 미확인 시 조건부 대조 / 효용 평가,선택 근거에서 해당 효용 성분의 상대적 중요성 반영; 노출된 수치만 재계산,값·성분·집계식이 확인된 경우에만 재계산. 완전한 식이 없으면 수치준수 판정 불가.,가중치가 선택확률을 뜻하지 않음. 명시되지 않은 정규화 합=1 규칙을 추가하지 않음.,0c6701c7923ff3bb5e06413fe5d460da7c91a3422d26d3944f84b0f0fae2e15f,역할·행동 통제,Department of Defense (Sec. McNamara & Joint Chiefs),ACTOR-WEIGHT
US-A03-WEIGHT-deterrence_and_credibility,actor_json/us_gpt.json,$.actors[2].behavior_algorithm.priority_weights.deterrence_and_credibility,0.3,가중치·수치 계산,실행의 actor JSON 버전이 본 파일로 식별되거나 내용상 일치가 확인된 경우; 미확인 시 조건부 대조 / 효용 평가,선택 근거에서 해당 효용 성분의 상대적 중요성 반영; 노출된 수치만 재계산,값·성분·집계식이 확인된 경우에만 재계산. 완전한 식이 없으면 수치준수 판정 불가.,가중치가 선택확률을 뜻하지 않음. 명시되지 않은 정규화 합=1 규칙을 추가하지 않음.,0c6701c7923ff3bb5e06413fe5d460da7c91a3422d26d3944f84b0f0fae2e15f,역할·행동 통제,Department of Defense (Sec. McNamara & Joint Chiefs),ACTOR-WEIGHT
US-A03-WEIGHT-ally_cohesion,actor_json/us_gpt.json,$.actors[2].behavior_algorithm.priority_weights.ally_cohesion,0.1,가중치·수치 계산,실행의 actor JSON 버전이 본 파일로 식별되거나 내용상 일치가 확인된 경우; 미확인 시 조건부 대조 / 효용 평가,선택 근거에서 해당 효용 성분의 상대적 중요성 반영; 노출된 수치만 재계산,값·성분·집계식이 확인된 경우에만 재계산. 완전한 식이 없으면 수치준수 판정 불가.,가중치가 선택확률을 뜻하지 않음. 명시되지 않은 정규화 합=1 규칙을 추가하지 않음.,0c6701c7923ff3bb5e06413fe5d460da7c91a3422d26d3944f84b0f0fae2e15f,역할·행동 통제,Department of Defense (Sec. McNamara & Joint Chiefs),ACTOR-WEIGHT
US-A03-WEIGHT-minimize_escalation,actor_json/us_gpt.json,$.actors[2].behavior_algorithm.priority_weights.minimize_escalation,0.1,가중치·수치 계산,실행의 actor JSON 버전이 본 파일로 식별되거나 내용상 일치가 확인된 경우; 미확인 시 조건부 대조 / 효용 평가,선택 근거에서 해당 효용 성분의 상대적 중요성 반영; 노출된 수치만 재계산,값·성분·집계식이 확인된 경우에만 재계산. 완전한 식이 없으면 수치준수 판정 불가.,가중치가 선택확률을 뜻하지 않음. 명시되지 않은 정규화 합=1 규칙을 추가하지 않음.,0c6701c7923ff3bb5e06413fe5d460da7c91a3422d26d3944f84b0f0fae2e15f,역할·행동 통제,Department of Defense (Sec. McNamara & Joint Chiefs),ACTOR-WEIGHT
US-A03-TRIGGER01,actor_json/us_gpt.json,$.actors[2].behavior_algorithm.trigger_thresholds[0],"Evidence of imminent nuclear capability in Cuba: If intelligence confirmed that the missiles in Cuba became operational with nuclear warheads (i.e., the threat level jumps to being able to strike U.S. cities at any moment), the military would press for immediate air strikes/invasion before any missile could be launched.",조건부 규칙,실행의 actor JSON 버전이 본 파일로 식별되거나 내용상 일치가 확인된 경우; 미확인 시 조건부 대조 / 원문 trigger 전건이 성립한 경우,전건 성립 시 원문에 명시된 준비·검토·협상·행동 변화,"인간 검토: 해당 행위자의 제안·선택·행동·이유 및 조건 성립을 원문 인용으로 대조. 자기진술은 증거로 사용하지 않음. 명백한 반대 행동만 위반, 관찰 부족/충돌은 판정 불가.",조건의 의미와 실제 성립 여부는 인간 검토; may/consider/prefer를 필수 실행으로 바꾸지 않음.,0c6701c7923ff3bb5e06413fe5d460da7c91a3422d26d3944f84b0f0fae2e15f,역할·행동 통제,Department of Defense (Sec. McNamara & Joint Chiefs),ACTOR-TRIGGER
US-A03-TRIGGER02,actor_json/us_gpt.json,$.actors[2].behavior_algorithm.trigger_thresholds[1],"Hostile Soviet or Cuban military action: If U.S. forces come under attack – for example, a U-2 reconnaissance plane is shot down or a Soviet ship fires on the U.S. Navy – the Defense Department would treat it as the threshold for war and execute offensive operations at once, seeing further diplomacy as futile.",조건부 규칙,실행의 actor JSON 버전이 본 파일로 식별되거나 내용상 일치가 확인된 경우; 미확인 시 조건부 대조 / 원문 trigger 전건이 성립한 경우,전건 성립 시 원문에 명시된 준비·검토·협상·행동 변화,"인간 검토: 해당 행위자의 제안·선택·행동·이유 및 조건 성립을 원문 인용으로 대조. 자기진술은 증거로 사용하지 않음. 명백한 반대 행동만 위반, 관찰 부족/충돌은 판정 불가.",조건의 의미와 실제 성립 여부는 인간 검토; may/consider/prefer를 필수 실행으로 바꾸지 않음. 대통령 승인 제약과 즉시 공격 지시가 충돌할 수 있음.,0c6701c7923ff3bb5e06413fe5d460da7c91a3422d26d3944f84b0f0fae2e15f,역할·행동 통제,Department of Defense (Sec. McNamara & Joint Chiefs),ACTOR-TRIGGER
US-A03-TRIGGER03,actor_json/us_gpt.json,$.actors[2].behavior_algorithm.trigger_thresholds[2],"Presidential go-order: Ultimately, a direct order from the Commander-in-Chief to initiate an attack is the final trigger. The Pentagon has plans queued up (air strike and invasion schedules) so that if Kennedy gives the word – say, if the quarantine fails to resolve the crisis by a set time – they will move immediately into action according to those pre-made plans:contentReference[oaicite:32]{index=32}.",조건부 규칙,실행의 actor JSON 버전이 본 파일로 식별되거나 내용상 일치가 확인된 경우; 미확인 시 조건부 대조 / 원문 trigger 전건이 성립한 경우,전건 성립 시 원문에 명시된 준비·검토·협상·행동 변화,"인간 검토: 해당 행위자의 제안·선택·행동·이유 및 조건 성립을 원문 인용으로 대조. 자기진술은 증거로 사용하지 않음. 명백한 반대 행동만 위반, 관찰 부족/충돌은 판정 불가.",조건의 의미와 실제 성립 여부는 인간 검토; may/consider/prefer를 필수 실행으로 바꾸지 않음.,0c6701c7923ff3bb5e06413fe5d460da7c91a3422d26d3944f84b0f0fae2e15f,역할·행동 통제,Department of Defense (Sec. McNamara & Joint Chiefs),ACTOR-TRIGGER
US-A04-STANCE,actor_json/us_gpt.json,$.actors[3].stance,"Cautiously hawkish but divided. As of October 21, 1962, the American public is largely unaware of the secret missile crisis (the administration has not yet informed them of the Soviet missiles in Cuba):contentReference[oaicite:33]{index=33}. Generally, public sentiment supports a tough U.S. stance against any Soviet weapons in Cuba – reflecting anger at the idea of a Soviet threat so close to home and a belief in defending the Monroe Doctrine principle:contentReference[oaicite:34]{index=34}. However, this desire for strength is tempered by a deep fear of nuclear war. Opinion polls from September 1962 show that many Americans favored U.S. military action against Cuba in principle, but that support dropped dramatically if people thought such action might trigger a world war:contentReference[oaicite:35]{index=35}. In essence, the public’s stance is: “We must not let the Soviets get away with this in Cuba, but we also must avoid blowing up the world.” Once the crisis becomes public (after Oct 22), a rally-around-the-flag effect is likely, with strong initial support for the President’s quarantine decision – as long as it is seen as firm but not outright war.",선호·목표,실행의 actor JSON 버전이 본 파일로 식별되거나 내용상 일치가 확인된 경우; 미확인 시 조건부 대조 / 해당 행위자의 제안·행동,stance에 맞는 판단 근거와 목표 간 절충이 실제 대안·행동에 반영됨,인간 검토: 각 선택의 목표·위험·타협 근거와 대안의 상대적 우선순위를 대조. 선호와 다른 행동 하나 또는 불리한 결말만으로 위반 처리하지 않음.,정성/숫자 선호를 절대 금지 또는 선택확률로 바꾸지 않음.,0c6701c7923ff3bb5e06413fe5d460da7c91a3422d26d3944f84b0f0fae2e15f,역할·행동 통제,Public Opinion (U.S. populace at large),ACTOR-PREFERENCE
US-A04-IDEOLOGY,actor_json/us_gpt.json,$.actors[3].ideology,"Patriotic anti-communism mixed with survival instincts. The American public in 1962 broadly endorses the Cold War consensus of containing communism – they do not want the Soviet Union installing offensive weapons in the Western Hemisphere and many feel the U.S. must assert its power. At the same time, average citizens are acutely aware of the horrors of nuclear war (doing ""duck and cover"" drills and building fallout shelters). Thus, their “ideology” is not monolithic: it’s a mix of strong anti-Soviet, pro-national security sentiment and a hope to live in peace. They support the idea of the U.S. standing tough (""not appeasing"" Moscow), but also favor any solution that can resolve the crisis without war, reflecting a practical desire to survive.",선호·목표,실행의 actor JSON 버전이 본 파일로 식별되거나 내용상 일치가 확인된 경우; 미확인 시 조건부 대조 / 해당 행위자의 제안·행동,ideology에 맞는 판단 근거와 목표 간 절충이 실제 대안·행동에 반영됨,인간 검토: 각 선택의 목표·위험·타협 근거와 대안의 상대적 우선순위를 대조. 선호와 다른 행동 하나 또는 불리한 결말만으로 위반 처리하지 않음.,정성/숫자 선호를 절대 금지 또는 선택확률로 바꾸지 않음.,0c6701c7923ff3bb5e06413fe5d460da7c91a3422d26d3944f84b0f0fae2e15f,역할·행동 통제,Public Opinion (U.S. populace at large),ACTOR-PREFERENCE
US-A04-RISK_TOLERANCE,actor_json/us_gpt.json,$.actors[3].risk_tolerance,low,선호·목표,실행의 actor JSON 버전이 본 파일로 식별되거나 내용상 일치가 확인된 경우; 미확인 시 조건부 대조 / 해당 행위자의 제안·행동,risk_tolerance에 맞는 판단 근거와 목표 간 절충이 실제 대안·행동에 반영됨,인간 검토: 각 선택의 목표·위험·타협 근거와 대안의 상대적 우선순위를 대조. 선호와 다른 행동 하나 또는 불리한 결말만으로 위반 처리하지 않음.,정성/숫자 선호를 절대 금지 또는 선택확률로 바꾸지 않음.,0c6701c7923ff3bb5e06413fe5d460da7c91a3422d26d3944f84b0f0fae2e15f,역할·행동 통제,Public Opinion (U.S. populace at large),ACTOR-PREFERENCE
US-A04-CONFLICT_AVOIDANCE,actor_json/us_gpt.json,$.actors[3].conflict_avoidance,high,선호·목표,실행의 actor JSON 버전이 본 파일로 식별되거나 내용상 일치가 확인된 경우; 미확인 시 조건부 대조 / 해당 행위자의 제안·행동,conflict_avoidance에 맞는 판단 근거와 목표 간 절충이 실제 대안·행동에 반영됨,인간 검토: 각 선택의 목표·위험·타협 근거와 대안의 상대적 우선순위를 대조. 선호와 다른 행동 하나 또는 불리한 결말만으로 위반 처리하지 않음.,정성/숫자 선호를 절대 금지 또는 선택확률로 바꾸지 않음.,0c6701c7923ff3bb5e06413fe5d460da7c91a3422d26d3944f84b0f0fae2e15f,역할·행동 통제,Public Opinion (U.S. populace at large),ACTOR-PREFERENCE
US-A04-DIPLOMACY_PREFERENCE,actor_json/us_gpt.json,$.actors[3].diplomacy_preference,medium,선호·목표,실행의 actor JSON 버전이 본 파일로 식별되거나 내용상 일치가 확인된 경우; 미확인 시 조건부 대조 / 해당 행위자의 제안·행동,diplomacy_preference에 맞는 판단 근거와 목표 간 절충이 실제 대안·행동에 반영됨,인간 검토: 각 선택의 목표·위험·타협 근거와 대안의 상대적 우선순위를 대조. 선호와 다른 행동 하나 또는 불리한 결말만으로 위반 처리하지 않음.,정성/숫자 선호를 절대 금지 또는 선택확률로 바꾸지 않음.,0c6701c7923ff3bb5e06413fe5d460da7c91a3422d26d3944f84b0f0fae2e15f,역할·행동 통제,Public Opinion (U.S. populace at large),ACTOR-PREFERENCE
US-A04-MILITARY_PREFERENCE,actor_json/us_gpt.json,$.actors[3].military_preference,medium,선호·목표,실행의 actor JSON 버전이 본 파일로 식별되거나 내용상 일치가 확인된 경우; 미확인 시 조건부 대조 / 해당 행위자의 제안·행동,military_preference에 맞는 판단 근거와 목표 간 절충이 실제 대안·행동에 반영됨,인간 검토: 각 선택의 목표·위험·타협 근거와 대안의 상대적 우선순위를 대조. 선호와 다른 행동 하나 또는 불리한 결말만으로 위반 처리하지 않음.,정성/숫자 선호를 절대 금지 또는 선택확률로 바꾸지 않음.,0c6701c7923ff3bb5e06413fe5d460da7c91a3422d26d3944f84b0f0fae2e15f,역할·행동 통제,Public Opinion (U.S. populace at large),ACTOR-PREFERENCE
US-A04-POWER,actor_json/us_gpt.json,$.actors[3].power_weight,0.15,가중치·수치 계산,실행의 actor JSON 버전이 본 파일로 식별되거나 내용상 일치가 확인된 경우; 미확인 시 조건부 대조 / 국내 의사결정 조합·선택,해당 영향력 값을 사용한 선택 근거; 수식이 제공된 경우에 한해 재계산,값 인용·계산식이 노출된 부분만 독립 검산. 정의되지 않은 선택확률·최다득표 규칙을 생성하지 않음.,국가수준 권력비중의 실제 집계·효용 결합·샘플링 알고리즘이 명시되지 않음.,0c6701c7923ff3bb5e06413fe5d460da7c91a3422d26d3944f84b0f0fae2e15f,역할·행동 통제,Public Opinion (U.S. populace at large),ACTOR-WEIGHT
US-A04-GOAL01,actor_json/us_gpt.json,$.actors[3].goals[0],"Remove the immediate nuclear threat from Cuba – Americans want the Soviet missiles gone so that U.S. cities are safe from attack. Once they learn of the missiles (which will occur on Oct 22), a top public priority will be that those weapons be eliminated, one way or another, to restore their sense of security.",선호·목표,실행의 actor JSON 버전이 본 파일로 식별되거나 내용상 일치가 확인된 경우; 미확인 시 조건부 대조 / 해당 행위자의 선택,목표를 추구하거나 다른 명시 목표와의 절충을 보여 주는 선택·이유,인간 검토: 각 선택의 목표·위험·타협 근거와 대안의 상대적 우선순위를 대조. 선호와 다른 행동 하나 또는 불리한 결말만으로 위반 처리하지 않음.,목표 달성의 실패는 그 자체로 준수 위반이 아님.,0c6701c7923ff3bb5e06413fe5d460da7c91a3422d26d3944f84b0f0fae2e15f,역할·행동 통제,Public Opinion (U.S. populace at large),ACTOR-GOAL
US-A04-GOAL02,actor_json/us_gpt.json,$.actors[3].goals[1],Avoid a catastrophic war with the Soviet Union. Preserving peace (or at least avoiding a nuclear exchange) is a fundamental goal for the public. People do not want their country or families subjected to nuclear holocaust over Cuba; in polls a majority would not support an invasion if they believed it would lead to world war:contentReference[oaicite:36]{index=36}.,선호·목표,실행의 actor JSON 버전이 본 파일로 식별되거나 내용상 일치가 확인된 경우; 미확인 시 조건부 대조 / 해당 행위자의 선택,목표를 추구하거나 다른 명시 목표와의 절충을 보여 주는 선택·이유,인간 검토: 각 선택의 목표·위험·타협 근거와 대안의 상대적 우선순위를 대조. 선호와 다른 행동 하나 또는 불리한 결말만으로 위반 처리하지 않음.,목표 달성의 실패는 그 자체로 준수 위반이 아님.,0c6701c7923ff3bb5e06413fe5d460da7c91a3422d26d3944f84b0f0fae2e15f,역할·행동 통제,Public Opinion (U.S. populace at large),ACTOR-GOAL
US-A04-GOAL03,actor_json/us_gpt.json,$.actors[3].goals[2],"Uphold American honor and the policy of containment. There is a widespread feeling that the U.S. must not appear weak. Many Americans remember President Kennedy’s earlier statements that the U.S. would not tolerate offensive missiles in Cuba, so they expect him to act. They also want communism checked in the Americas. In short, the public wants the U.S. to come out of the crisis having stood firm against the USSR (and ideally having dealt a setback to communism, such as by forcing the removal of the weapons or even seeing Castro humbled).",선호·목표,실행의 actor JSON 버전이 본 파일로 식별되거나 내용상 일치가 확인된 경우; 미확인 시 조건부 대조 / 해당 행위자의 선택,목표를 추구하거나 다른 명시 목표와의 절충을 보여 주는 선택·이유,인간 검토: 각 선택의 목표·위험·타협 근거와 대안의 상대적 우선순위를 대조. 선호와 다른 행동 하나 또는 불리한 결말만으로 위반 처리하지 않음.,목표 달성의 실패는 그 자체로 준수 위반이 아님.,0c6701c7923ff3bb5e06413fe5d460da7c91a3422d26d3944f84b0f0fae2e15f,역할·행동 통제,Public Opinion (U.S. populace at large),ACTOR-GOAL
US-A04-CONSTRAINT01,actor_json/us_gpt.json,$.actors[3].constraints[0],"Lack of information and reliance on leadership: The public is operating in the dark until official communications are made. By Oct 21, they have no confirmed knowledge of the missiles (the White House deliberately kept it secret:contentReference[oaicite:37]{index=37}), so public opinion is speculative and heavily influenced by whatever signals or rumors emerge. They must trust the President once he addresses them, as he controls the flow of facts about the crisis.",정보 접근 조건,실행의 actor JSON 버전이 본 파일로 식별되거나 내용상 일치가 확인된 경우; 미확인 시 조건부 대조 / 해당 조건이 성립하는 행동·대안,해당 제약을 반영한 행동 및 제한·승인·정보 상태,"인간 검토: 해당 행위자의 제안·선택·행동·이유 및 조건 성립을 원문 인용으로 대조. 자기진술은 증거로 사용하지 않음. 명백한 반대 행동만 위반, 관찰 부족/충돌은 판정 불가.",관찰자·공적 서사의 지식과 해당 행위자가 접근 가능한 정보의 구분이 필요.,0c6701c7923ff3bb5e06413fe5d460da7c91a3422d26d3944f84b0f0fae2e15f,역할·행동 통제,Public Opinion (U.S. populace at large),ACTOR-INFO
US-A04-CONSTRAINT02,actor_json/us_gpt.json,$.actors[3].constraints[1],"Fear of nuclear war and casualty aversion: The terrifying prospect of nuclear war strongly constrains public support for aggressive action. Polling shows that if Americans think attacking Cuba could lead to World War III, most oppose it:contentReference[oaicite:38]{index=38}. This anxiety acts as a break on how far public opinion will go in endorsing military solutions – people want the missiles gone, but not at the cost of a nuclear exchange. Similarly, memories of World War II destruction and the knowledge of nuclear bombs make the public cautious about rushing into conflict.",조건부 규칙,실행의 actor JSON 버전이 본 파일로 식별되거나 내용상 일치가 확인된 경우; 미확인 시 조건부 대조 / 해당 조건이 성립하는 행동·대안,해당 제약을 반영한 행동 및 제한·승인·정보 상태,"인간 검토: 해당 행위자의 제안·선택·행동·이유 및 조건 성립을 원문 인용으로 대조. 자기진술은 증거로 사용하지 않음. 명백한 반대 행동만 위반, 관찰 부족/충돌은 판정 불가.",상황·위험·자원상의 제약으로 코딩. 모든 위험행동의 절대 금지로 해석하지 않음.,0c6701c7923ff3bb5e06413fe5d460da7c91a3422d26d3944f84b0f0fae2e15f,역할·행동 통제,Public Opinion (U.S. populace at large),ACTOR-CONSTRAINT
US-A04-CONSTRAINT03,actor_json/us_gpt.json,$.actors[3].constraints[2],"Diverse domestic political voices: Public opinion is not uniform; it’s shaped by political leaders and media. For example, Republican critics are loudly demanding forceful action in Cuba:contentReference[oaicite:39]{index=39}, which can sway part of the public to be more hawkish. On the other hand, some voices in media or among the public urge restraint to avoid war. This mix means the administration faces both encouragement and pressure from different segments of society. Overall, though, in a crisis most Americans tend to rally behind the President initially, granting him some leeway – so long as they perceive he is acting to protect the country.",조건부 규칙,실행의 actor JSON 버전이 본 파일로 식별되거나 내용상 일치가 확인된 경우; 미확인 시 조건부 대조 / 해당 조건이 성립하는 행동·대안,해당 제약을 반영한 행동 및 제한·승인·정보 상태,"인간 검토: 해당 행위자의 제안·선택·행동·이유 및 조건 성립을 원문 인용으로 대조. 자기진술은 증거로 사용하지 않음. 명백한 반대 행동만 위반, 관찰 부족/충돌은 판정 불가.",상황·위험·자원상의 제약으로 코딩. 모든 위험행동의 절대 금지로 해석하지 않음.,0c6701c7923ff3bb5e06413fe5d460da7c91a3422d26d3944f84b0f0fae2e15f,역할·행동 통제,Public Opinion (U.S. populace at large),ACTOR-CONSTRAINT
US-A04-DECISION_RULE,actor_json/us_gpt.json,$.actors[3].behavior_algorithm.decision_rule,"Collective sentiment coalesces based on perceived efficacy and risk of U.S. actions. In effect, public support will be high for policies that promise to remove the Cuban missile threat without a high likelihood of war, and will drop if policies seem to invite nuclear conflict. When informed, the majority of Americans ‘decide’ their stance by following a common-sense rule: support strong action up to the point that their personal survival is not gravely endangered. They rally behind firm leadership, but if events suggest that war is spiraling out of control, public opinion would quickly shift to demand de-escalation or a diplomatic resolution.",수행 절차·출력 형식,실행의 actor JSON 버전이 본 파일로 식별되거나 내용상 일치가 확인된 경우; 미확인 시 조건부 대조 / 해당 행위자의 대안 평가·선택,실제 대안의 비교·선택 근거에 의사결정 방식/효용 성분이 반영됨,"인간 검토: 해당 행위자의 제안·선택·행동·이유 및 조건 성립을 원문 인용으로 대조. 자기진술은 증거로 사용하지 않음. 명백한 반대 행동만 위반, 관찰 부족/충돌은 판정 불가.",효용 성분의 측정값/척도 또는 연산식이 없으면 효용 최적화 성공으로 판정할 수 없음.,0c6701c7923ff3bb5e06413fe5d460da7c91a3422d26d3944f84b0f0fae2e15f,역할·행동 통제,Public Opinion (U.S. populace at large),ACTOR-DECISION
US-A04-UTILITY_FORMULA,actor_json/us_gpt.json,$.actors[3].behavior_algorithm.utility_formula,"Public utility ~ (security achieved – war risk incurred). In other words, the public weighs the benefit of eliminating the Soviet missiles and protecting the homeland against the potential cost in lives and cities if war breaks out. Key variables include: (1) Confidence that U.S. actions will succeed in removing the threat; (2) Perceived risk of nuclear war or American casualties; (3) Trust in the President’s handling of the situation; (4) Alignment with American values (e.g., not appeasing the enemy, maintaining national pride). If a course of action can solve the crisis with low risk (e.g., a peaceful Soviet withdrawal), it has very high utility to the public. A course that might provoke nuclear war has deeply negative utility, no matter the strategic gain.",가중치·수치 계산,실행의 actor JSON 버전이 본 파일로 식별되거나 내용상 일치가 확인된 경우; 미확인 시 조건부 대조 / 해당 행위자의 대안 평가·선택,실제 대안의 비교·선택 근거에 의사결정 방식/효용 성분이 반영됨,구체적 성분값·척도·연산식이 모두 기록된 경우 Python 계산. 함수 f(...) 또는 미정 계수/성분은 정성 근거 대조 및 판정 불가.,효용 성분의 측정값/척도 또는 연산식이 없으면 효용 최적화 성공으로 판정할 수 없음.,0c6701c7923ff3bb5e06413fe5d460da7c91a3422d26d3944f84b0f0fae2e15f,역할·행동 통제,Public Opinion (U.S. populace at large),ACTOR-DECISION
US-A04-WEIGHT-personal_survival,actor_json/us_gpt.json,$.actors[3].behavior_algorithm.priority_weights.personal_survival,0.4,가중치·수치 계산,실행의 actor JSON 버전이 본 파일로 식별되거나 내용상 일치가 확인된 경우; 미확인 시 조건부 대조 / 효용 평가,선택 근거에서 해당 효용 성분의 상대적 중요성 반영; 노출된 수치만 재계산,값·성분·집계식이 확인된 경우에만 재계산. 완전한 식이 없으면 수치준수 판정 불가.,가중치가 선택확률을 뜻하지 않음. 명시되지 않은 정규화 합=1 규칙을 추가하지 않음.,0c6701c7923ff3bb5e06413fe5d460da7c91a3422d26d3944f84b0f0fae2e15f,역할·행동 통제,Public Opinion (U.S. populace at large),ACTOR-WEIGHT
US-A04-WEIGHT-national_security,actor_json/us_gpt.json,$.actors[3].behavior_algorithm.priority_weights.national_security,0.3,가중치·수치 계산,실행의 actor JSON 버전이 본 파일로 식별되거나 내용상 일치가 확인된 경우; 미확인 시 조건부 대조 / 효용 평가,선택 근거에서 해당 효용 성분의 상대적 중요성 반영; 노출된 수치만 재계산,값·성분·집계식이 확인된 경우에만 재계산. 완전한 식이 없으면 수치준수 판정 불가.,가중치가 선택확률을 뜻하지 않음. 명시되지 않은 정규화 합=1 규칙을 추가하지 않음.,0c6701c7923ff3bb5e06413fe5d460da7c91a3422d26d3944f84b0f0fae2e15f,역할·행동 통제,Public Opinion (U.S. populace at large),ACTOR-WEIGHT
US-A04-WEIGHT-principles_and_patriotism,actor_json/us_gpt.json,$.actors[3].behavior_algorithm.priority_weights.principles_and_patriotism,0.2,가중치·수치 계산,실행의 actor JSON 버전이 본 파일로 식별되거나 내용상 일치가 확인된 경우; 미확인 시 조건부 대조 / 효용 평가,선택 근거에서 해당 효용 성분의 상대적 중요성 반영; 노출된 수치만 재계산,값·성분·집계식이 확인된 경우에만 재계산. 완전한 식이 없으면 수치준수 판정 불가.,가중치가 선택확률을 뜻하지 않음. 명시되지 않은 정규화 합=1 규칙을 추가하지 않음.,0c6701c7923ff3bb5e06413fe5d460da7c91a3422d26d3944f84b0f0fae2e15f,역할·행동 통제,Public Opinion (U.S. populace at large),ACTOR-WEIGHT
US-A04-WEIGHT-international_opinion,actor_json/us_gpt.json,$.actors[3].behavior_algorithm.priority_weights.international_opinion,0.1,가중치·수치 계산,실행의 actor JSON 버전이 본 파일로 식별되거나 내용상 일치가 확인된 경우; 미확인 시 조건부 대조 / 효용 평가,선택 근거에서 해당 효용 성분의 상대적 중요성 반영; 노출된 수치만 재계산,값·성분·집계식이 확인된 경우에만 재계산. 완전한 식이 없으면 수치준수 판정 불가.,가중치가 선택확률을 뜻하지 않음. 명시되지 않은 정규화 합=1 규칙을 추가하지 않음.,0c6701c7923ff3bb5e06413fe5d460da7c91a3422d26d3944f84b0f0fae2e15f,역할·행동 통제,Public Opinion (U.S. populace at large),ACTOR-WEIGHT
US-A04-TRIGGER01,actor_json/us_gpt.json,$.actors[3].behavior_algorithm.trigger_thresholds[0],"Official revelation of the threat: When President Kennedy informs the nation of the missiles (triggered on Oct 22), public opinion is galvanized – there is a surge of support for taking action to resolve the crisis. The knowledge of a clear and present danger triggers a rally-around-the-flag effect, with most Americans backing the President’s quarantine and demands to remove the missiles.",조건부 규칙,실행의 actor JSON 버전이 본 파일로 식별되거나 내용상 일치가 확인된 경우; 미확인 시 조건부 대조 / 원문 trigger 전건이 성립한 경우,전건 성립 시 원문에 명시된 준비·검토·협상·행동 변화,"인간 검토: 해당 행위자의 제안·선택·행동·이유 및 조건 성립을 원문 인용으로 대조. 자기진술은 증거로 사용하지 않음. 명백한 반대 행동만 위반, 관찰 부족/충돌은 판정 불가.",조건의 의미와 실제 성립 여부는 인간 검토; may/consider/prefer를 필수 실행으로 바꾸지 않음.,0c6701c7923ff3bb5e06413fe5d460da7c91a3422d26d3944f84b0f0fae2e15f,역할·행동 통제,Public Opinion (U.S. populace at large),ACTOR-TRIGGER
US-A04-TRIGGER02,actor_json/us_gpt.json,$.actors[3].behavior_algorithm.trigger_thresholds[1],"Expectation of nuclear war becomes high: If the crisis visibly escalates toward imminent war (for instance, if news reports indicate that Soviet ships and U.S. Navy vessels clash or if evacuations begin), public mood could shift to panic and a strong desire to avoid annihilation. This threshold – the belief that “war is likely within days” – would trigger public pressure on leaders to find a peaceful compromise or to do everything possible to back down from the brink.:contentReference[oaicite:40]{index=40}In contrast, as long as people believe war can be avoided, they are willing to endure confrontation. Thus, perceived war probability is a key trigger: low perceived risk keeps them resolved; high perceived risk makes them favor de-escalation.",조건부 규칙,실행의 actor JSON 버전이 본 파일로 식별되거나 내용상 일치가 확인된 경우; 미확인 시 조건부 대조 / 원문 trigger 전건이 성립한 경우,전건 성립 시 원문에 명시된 준비·검토·협상·행동 변화,"인간 검토: 해당 행위자의 제안·선택·행동·이유 및 조건 성립을 원문 인용으로 대조. 자기진술은 증거로 사용하지 않음. 명백한 반대 행동만 위반, 관찰 부족/충돌은 판정 불가.",조건의 의미와 실제 성립 여부는 인간 검토; may/consider/prefer를 필수 실행으로 바꾸지 않음.,0c6701c7923ff3bb5e06413fe5d460da7c91a3422d26d3944f84b0f0fae2e15f,역할·행동 통제,Public Opinion (U.S. populace at large),ACTOR-TRIGGER
US-A04-TRIGGER03,actor_json/us_gpt.json,$.actors[3].behavior_algorithm.trigger_thresholds[2],"Outcome of first U.S.-Soviet showdown: The public’s reaction will also be triggered by early results of U.S. action. For example, if the naval quarantine stops Soviet ships without incident and appears to be working, the public will grow more confident and continue to support a firm line. If, however, the Soviets refuse to budge or an American plane is shot down, those events would trigger intense public reactions (either anger and a demand for retaliation, or increased fear). In short, success or failure in the initial phase of the crisis will quickly reset public opinion either toward greater hawkishness (if the U.S. seems to be succeeding at low cost) or toward alarm (if the conflict worsens).",조건부 규칙,실행의 actor JSON 버전이 본 파일로 식별되거나 내용상 일치가 확인된 경우; 미확인 시 조건부 대조 / 원문 trigger 전건이 성립한 경우,전건 성립 시 원문에 명시된 준비·검토·협상·행동 변화,"인간 검토: 해당 행위자의 제안·선택·행동·이유 및 조건 성립을 원문 인용으로 대조. 자기진술은 증거로 사용하지 않음. 명백한 반대 행동만 위반, 관찰 부족/충돌은 판정 불가.",조건의 의미와 실제 성립 여부는 인간 검토; may/consider/prefer를 필수 실행으로 바꾸지 않음.,0c6701c7923ff3bb5e06413fe5d460da7c91a3422d26d3944f84b0f0fae2e15f,역할·행동 통제,Public Opinion (U.S. populace at large),ACTOR-TRIGGER
US-EFFECT-military_alert-tension,actor_json/us_gpt.json,$.effect_rules.military_alert.tension,0.3,가중치·수치 계산,실행의 actor JSON 버전이 본 파일로 식별되거나 내용상 일치가 확인된 경우; 미확인 시 조건부 대조 / 해당 actor effect_rule이 적용되는 경우,행동과 명시 effect의 대응 및 적용 전후 값,효과가 증분인지 상태 할당인지·초기값인지 원기록에서 확정된 경우만 계산. 추정하지 않음.,actor effect_rules에 초기값 표시는 없음. 절대값/증분/초기값 의미와 VDM 우선순위가 불명확; diplomatic_room과 diplomatic_support의 대응도 명시되지 않음.,0c6701c7923ff3bb5e06413fe5d460da7c91a3422d26d3944f84b0f0fae2e15f,행동–VDM 효과,,ACTOR-EFFECT-AMBIGUITY
US-EFFECT-military_alert-leadership_unity,actor_json/us_gpt.json,$.effect_rules.military_alert.leadership_unity,0.8,가중치·수치 계산,실행의 actor JSON 버전이 본 파일로 식별되거나 내용상 일치가 확인된 경우; 미확인 시 조건부 대조 / 해당 actor effect_rule이 적용되는 경우,행동과 명시 effect의 대응 및 적용 전후 값,효과가 증분인지 상태 할당인지·초기값인지 원기록에서 확정된 경우만 계산. 추정하지 않음.,actor effect_rules에 초기값 표시는 없음. 절대값/증분/초기값 의미와 VDM 우선순위가 불명확; diplomatic_room과 diplomatic_support의 대응도 명시되지 않음.,0c6701c7923ff3bb5e06413fe5d460da7c91a3422d26d3944f84b0f0fae2e15f,행동–VDM 효과,,ACTOR-EFFECT-AMBIGUITY
US-EFFECT-public_appeal-public_opinion,actor_json/us_gpt.json,$.effect_rules.public_appeal.public_opinion,0.5,가중치·수치 계산,실행의 actor JSON 버전이 본 파일로 식별되거나 내용상 일치가 확인된 경우; 미확인 시 조건부 대조 / 해당 actor effect_rule이 적용되는 경우,행동과 명시 effect의 대응 및 적용 전후 값,효과가 증분인지 상태 할당인지·초기값인지 원기록에서 확정된 경우만 계산. 추정하지 않음.,actor effect_rules에 초기값 표시는 없음. 절대값/증분/초기값 의미와 VDM 우선순위가 불명확; diplomatic_room과 diplomatic_support의 대응도 명시되지 않음.,0c6701c7923ff3bb5e06413fe5d460da7c91a3422d26d3944f84b0f0fae2e15f,행동–VDM 효과,,ACTOR-EFFECT-AMBIGUITY
US-EFFECT-covert_detection-tension,actor_json/us_gpt.json,$.effect_rules.covert_detection.tension,0.3,가중치·수치 계산,실행의 actor JSON 버전이 본 파일로 식별되거나 내용상 일치가 확인된 경우; 미확인 시 조건부 대조 / 해당 actor effect_rule이 적용되는 경우,행동과 명시 effect의 대응 및 적용 전후 값,효과가 증분인지 상태 할당인지·초기값인지 원기록에서 확정된 경우만 계산. 추정하지 않음.,actor effect_rules에 초기값 표시는 없음. 절대값/증분/초기값 의미와 VDM 우선순위가 불명확; diplomatic_room과 diplomatic_support의 대응도 명시되지 않음.,0c6701c7923ff3bb5e06413fe5d460da7c91a3422d26d3944f84b0f0fae2e15f,행동–VDM 효과,,ACTOR-EFFECT-AMBIGUITY
US-EFFECT-covert_detection-diplomatic_room,actor_json/us_gpt.json,$.effect_rules.covert_detection.diplomatic_room,0.65,가중치·수치 계산,실행의 actor JSON 버전이 본 파일로 식별되거나 내용상 일치가 확인된 경우; 미확인 시 조건부 대조 / 해당 actor effect_rule이 적용되는 경우,행동과 명시 effect의 대응 및 적용 전후 값,효과가 증분인지 상태 할당인지·초기값인지 원기록에서 확정된 경우만 계산. 추정하지 않음.,actor effect_rules에 초기값 표시는 없음. 절대값/증분/초기값 의미와 VDM 우선순위가 불명확; diplomatic_room과 diplomatic_support의 대응도 명시되지 않음.,0c6701c7923ff3bb5e06413fe5d460da7c91a3422d26d3944f84b0f0fae2e15f,행동–VDM 효과,,ACTOR-EFFECT-AMBIGUITY
US-EFFECT-internal_dispute-leadership_unity,actor_json/us_gpt.json,$.effect_rules.internal_dispute.leadership_unity,0.8,가중치·수치 계산,실행의 actor JSON 버전이 본 파일로 식별되거나 내용상 일치가 확인된 경우; 미확인 시 조건부 대조 / 해당 actor effect_rule이 적용되는 경우,행동과 명시 effect의 대응 및 적용 전후 값,효과가 증분인지 상태 할당인지·초기값인지 원기록에서 확정된 경우만 계산. 추정하지 않음.,actor effect_rules에 초기값 표시는 없음. 절대값/증분/초기값 의미와 VDM 우선순위가 불명확; diplomatic_room과 diplomatic_support의 대응도 명시되지 않음.,0c6701c7923ff3bb5e06413fe5d460da7c91a3422d26d3944f84b0f0fae2e15f,행동–VDM 효과,,ACTOR-EFFECT-AMBIGUITY
SU-A01-STANCE,actor_json/soviet_gpt.json,$.actors[0].stance,Covertly offensive deterrence strategy (intimidate US to protect Cuba without provoking outright war):contentReference[oaicite:0]{index=0},선호·목표,실행의 actor JSON 버전이 본 파일로 식별되거나 내용상 일치가 확인된 경우; 미확인 시 조건부 대조 / 해당 행위자의 제안·행동,stance에 맞는 판단 근거와 목표 간 절충이 실제 대안·행동에 반영됨,인간 검토: 각 선택의 목표·위험·타협 근거와 대안의 상대적 우선순위를 대조. 선호와 다른 행동 하나 또는 불리한 결말만으로 위반 처리하지 않음.,정성/숫자 선호를 절대 금지 또는 선택확률로 바꾸지 않음.,c01c476ac5ec7f902677442d64bb3df2f77a6bfcead82b92fb8f826c29c8aa22,역할·행동 통제,Nikita Khrushchev (First Secretary of CPSU / Premier of USSR),ACTOR-PREFERENCE
SU-A01-IDEOLOGY,actor_json/soviet_gpt.json,$.actors[0].ideology,Marxism-Leninism (de-Stalinized reformist); advocates 'peaceful coexistence' with the West:contentReference[oaicite:1]{index=1} but willing to risk bold moves to support world socialism:contentReference[oaicite:2]{index=2}:contentReference[oaicite:3]{index=3},선호·목표,실행의 actor JSON 버전이 본 파일로 식별되거나 내용상 일치가 확인된 경우; 미확인 시 조건부 대조 / 해당 행위자의 제안·행동,ideology에 맞는 판단 근거와 목표 간 절충이 실제 대안·행동에 반영됨,인간 검토: 각 선택의 목표·위험·타협 근거와 대안의 상대적 우선순위를 대조. 선호와 다른 행동 하나 또는 불리한 결말만으로 위반 처리하지 않음.,정성/숫자 선호를 절대 금지 또는 선택확률로 바꾸지 않음.,c01c476ac5ec7f902677442d64bb3df2f77a6bfcead82b92fb8f826c29c8aa22,역할·행동 통제,Nikita Khrushchev (First Secretary of CPSU / Premier of USSR),ACTOR-PREFERENCE
SU-A01-RISK_TOLERANCE,actor_json/soviet_gpt.json,$.actors[0].risk_tolerance,"High (willing to take significant risks like secret missile deployment, though hoping to avoid nuclear war):contentReference[oaicite:4]{index=4}:contentReference[oaicite:5]{index=5}",선호·목표,실행의 actor JSON 버전이 본 파일로 식별되거나 내용상 일치가 확인된 경우; 미확인 시 조건부 대조 / 해당 행위자의 제안·행동,risk_tolerance에 맞는 판단 근거와 목표 간 절충이 실제 대안·행동에 반영됨,인간 검토: 각 선택의 목표·위험·타협 근거와 대안의 상대적 우선순위를 대조. 선호와 다른 행동 하나 또는 불리한 결말만으로 위반 처리하지 않음.,정성/숫자 선호를 절대 금지 또는 선택확률로 바꾸지 않음.,c01c476ac5ec7f902677442d64bb3df2f77a6bfcead82b92fb8f826c29c8aa22,역할·행동 통제,Nikita Khrushchev (First Secretary of CPSU / Premier of USSR),ACTOR-PREFERENCE
SU-A01-CONFLICT_AVOIDANCE,actor_json/soviet_gpt.json,$.actors[0].conflict_avoidance,"Medium (does not want direct war:contentReference[oaicite:6]{index=6}, but prepared to engage in brinkmanship rather than capitulation)",선호·목표,실행의 actor JSON 버전이 본 파일로 식별되거나 내용상 일치가 확인된 경우; 미확인 시 조건부 대조 / 해당 행위자의 제안·행동,conflict_avoidance에 맞는 판단 근거와 목표 간 절충이 실제 대안·행동에 반영됨,인간 검토: 각 선택의 목표·위험·타협 근거와 대안의 상대적 우선순위를 대조. 선호와 다른 행동 하나 또는 불리한 결말만으로 위반 처리하지 않음.,정성/숫자 선호를 절대 금지 또는 선택확률로 바꾸지 않음.,c01c476ac5ec7f902677442d64bb3df2f77a6bfcead82b92fb8f826c29c8aa22,역할·행동 통제,Nikita Khrushchev (First Secretary of CPSU / Premier of USSR),ACTOR-PREFERENCE
SU-A01-DIPLOMACY_PREFERENCE,actor_json/soviet_gpt.json,$.actors[0].diplomacy_preference,"Backchannel and personal diplomacy (secret moves, private letters) over open public negotiations; initial denial/deception followed by negotiation when confronted",선호·목표,실행의 actor JSON 버전이 본 파일로 식별되거나 내용상 일치가 확인된 경우; 미확인 시 조건부 대조 / 해당 행위자의 제안·행동,diplomacy_preference에 맞는 판단 근거와 목표 간 절충이 실제 대안·행동에 반영됨,인간 검토: 각 선택의 목표·위험·타협 근거와 대안의 상대적 우선순위를 대조. 선호와 다른 행동 하나 또는 불리한 결말만으로 위반 처리하지 않음.,정성/숫자 선호를 절대 금지 또는 선택확률로 바꾸지 않음.,c01c476ac5ec7f902677442d64bb3df2f77a6bfcead82b92fb8f826c29c8aa22,역할·행동 통제,Nikita Khrushchev (First Secretary of CPSU / Premier of USSR),ACTOR-PREFERENCE
SU-A01-MILITARY_PREFERENCE,actor_json/soviet_gpt.json,$.actors[0].military_preference,"Strategic deterrence (use nuclear placement to deter enemy, avoid first use of strategic nukes:contentReference[oaicite:7]{index=7}; if conflict erupts, consider limited tactical force rather than all-out strike):contentReference[oaicite:8]{index=8}",선호·목표,실행의 actor JSON 버전이 본 파일로 식별되거나 내용상 일치가 확인된 경우; 미확인 시 조건부 대조 / 해당 행위자의 제안·행동,military_preference에 맞는 판단 근거와 목표 간 절충이 실제 대안·행동에 반영됨,인간 검토: 각 선택의 목표·위험·타협 근거와 대안의 상대적 우선순위를 대조. 선호와 다른 행동 하나 또는 불리한 결말만으로 위반 처리하지 않음.,정성/숫자 선호를 절대 금지 또는 선택확률로 바꾸지 않음.,c01c476ac5ec7f902677442d64bb3df2f77a6bfcead82b92fb8f826c29c8aa22,역할·행동 통제,Nikita Khrushchev (First Secretary of CPSU / Premier of USSR),ACTOR-PREFERENCE
SU-A01-POWER,actor_json/soviet_gpt.json,$.actors[0].power_weight,0.5,가중치·수치 계산,실행의 actor JSON 버전이 본 파일로 식별되거나 내용상 일치가 확인된 경우; 미확인 시 조건부 대조 / 국내 의사결정 조합·선택,해당 영향력 값을 사용한 선택 근거; 수식이 제공된 경우에 한해 재계산,값 인용·계산식이 노출된 부분만 독립 검산. 정의되지 않은 선택확률·최다득표 규칙을 생성하지 않음.,국가수준 권력비중의 실제 집계·효용 결합·샘플링 알고리즘이 명시되지 않음.,c01c476ac5ec7f902677442d64bb3df2f77a6bfcead82b92fb8f826c29c8aa22,역할·행동 통제,Nikita Khrushchev (First Secretary of CPSU / Premier of USSR),ACTOR-WEIGHT
SU-A01-GOAL01,actor_json/soviet_gpt.json,$.actors[0].goals[0],Deter U.S. invasion of Cuba and safeguard the Castro regime:contentReference[oaicite:9]{index=9}:contentReference[oaicite:10]{index=10},선호·목표,실행의 actor JSON 버전이 본 파일로 식별되거나 내용상 일치가 확인된 경우; 미확인 시 조건부 대조 / 해당 행위자의 선택,목표를 추구하거나 다른 명시 목표와의 절충을 보여 주는 선택·이유,인간 검토: 각 선택의 목표·위험·타협 근거와 대안의 상대적 우선순위를 대조. 선호와 다른 행동 하나 또는 불리한 결말만으로 위반 처리하지 않음.,목표 달성의 실패는 그 자체로 준수 위반이 아님.,c01c476ac5ec7f902677442d64bb3df2f77a6bfcead82b92fb8f826c29c8aa22,역할·행동 통제,Nikita Khrushchev (First Secretary of CPSU / Premier of USSR),ACTOR-GOAL
SU-A01-GOAL02,actor_json/soviet_gpt.json,$.actors[0].goals[1],Redress strategic imbalance with the U.S. by forward-deploying nuclear missiles (gain leverage and prestige):contentReference[oaicite:11]{index=11}:contentReference[oaicite:12]{index=12},선호·목표,실행의 actor JSON 버전이 본 파일로 식별되거나 내용상 일치가 확인된 경우; 미확인 시 조건부 대조 / 해당 행위자의 선택,목표를 추구하거나 다른 명시 목표와의 절충을 보여 주는 선택·이유,인간 검토: 각 선택의 목표·위험·타협 근거와 대안의 상대적 우선순위를 대조. 선호와 다른 행동 하나 또는 불리한 결말만으로 위반 처리하지 않음.,목표 달성의 실패는 그 자체로 준수 위반이 아님.,c01c476ac5ec7f902677442d64bb3df2f77a6bfcead82b92fb8f826c29c8aa22,역할·행동 통제,Nikita Khrushchev (First Secretary of CPSU / Premier of USSR),ACTOR-GOAL
SU-A01-GOAL03,actor_json/soviet_gpt.json,$.actors[0].goals[2],Maintain Soviet credibility as leader of the socialist camp by standing firm in the Western Hemisphere:contentReference[oaicite:13]{index=13},선호·목표,실행의 actor JSON 버전이 본 파일로 식별되거나 내용상 일치가 확인된 경우; 미확인 시 조건부 대조 / 해당 행위자의 선택,목표를 추구하거나 다른 명시 목표와의 절충을 보여 주는 선택·이유,인간 검토: 각 선택의 목표·위험·타협 근거와 대안의 상대적 우선순위를 대조. 선호와 다른 행동 하나 또는 불리한 결말만으로 위반 처리하지 않음.,목표 달성의 실패는 그 자체로 준수 위반이 아님.,c01c476ac5ec7f902677442d64bb3df2f77a6bfcead82b92fb8f826c29c8aa22,역할·행동 통제,Nikita Khrushchev (First Secretary of CPSU / Premier of USSR),ACTOR-GOAL
SU-A01-CONSTRAINT01,actor_json/soviet_gpt.json,$.actors[0].constraints[0],Incomplete deployment of missiles in Cuba as of Oct 21 (many missiles not yet operational):contentReference[oaicite:14]{index=14},조건부 규칙,실행의 actor JSON 버전이 본 파일로 식별되거나 내용상 일치가 확인된 경우; 미확인 시 조건부 대조 / 해당 조건이 성립하는 행동·대안,해당 제약을 반영한 행동 및 제한·승인·정보 상태,"인간 검토: 해당 행위자의 제안·선택·행동·이유 및 조건 성립을 원문 인용으로 대조. 자기진술은 증거로 사용하지 않음. 명백한 반대 행동만 위반, 관찰 부족/충돌은 판정 불가.",상황·위험·자원상의 제약으로 코딩. 모든 위험행동의 절대 금지로 해석하지 않음.,c01c476ac5ec7f902677442d64bb3df2f77a6bfcead82b92fb8f826c29c8aa22,역할·행동 통제,Nikita Khrushchev (First Secretary of CPSU / Premier of USSR),ACTOR-CONSTRAINT
SU-A01-CONSTRAINT02,actor_json/soviet_gpt.json,$.actors[0].constraints[1],Need to avoid triggering a U.S.–Soviet nuclear war (fear that retaliation could escalate uncontrollably):contentReference[oaicite:15]{index=15},조건부 규칙,실행의 actor JSON 버전이 본 파일로 식별되거나 내용상 일치가 확인된 경우; 미확인 시 조건부 대조 / 해당 조건이 성립하는 행동·대안,해당 제약을 반영한 행동 및 제한·승인·정보 상태,"인간 검토: 해당 행위자의 제안·선택·행동·이유 및 조건 성립을 원문 인용으로 대조. 자기진술은 증거로 사용하지 않음. 명백한 반대 행동만 위반, 관찰 부족/충돌은 판정 불가.",상황·위험·자원상의 제약으로 코딩. 모든 위험행동의 절대 금지로 해석하지 않음.,c01c476ac5ec7f902677442d64bb3df2f77a6bfcead82b92fb8f826c29c8aa22,역할·행동 통제,Nikita Khrushchev (First Secretary of CPSU / Premier of USSR),ACTOR-CONSTRAINT
SU-A01-CONSTRAINT03,actor_json/soviet_gpt.json,$.actors[0].constraints[2],Reliance on secrecy and surprise – early exposure of the plan limits Soviet bargaining position:contentReference[oaicite:16]{index=16},조건부 규칙,실행의 actor JSON 버전이 본 파일로 식별되거나 내용상 일치가 확인된 경우; 미확인 시 조건부 대조 / 해당 조건이 성립하는 행동·대안,해당 제약을 반영한 행동 및 제한·승인·정보 상태,"인간 검토: 해당 행위자의 제안·선택·행동·이유 및 조건 성립을 원문 인용으로 대조. 자기진술은 증거로 사용하지 않음. 명백한 반대 행동만 위반, 관찰 부족/충돌은 판정 불가.",상황·위험·자원상의 제약으로 코딩. 모든 위험행동의 절대 금지로 해석하지 않음.,c01c476ac5ec7f902677442d64bb3df2f77a6bfcead82b92fb8f826c29c8aa22,역할·행동 통제,Nikita Khrushchev (First Secretary of CPSU / Premier of USSR),ACTOR-CONSTRAINT
SU-A01-DECISION_RULE,actor_json/soviet_gpt.json,$.actors[0].behavior_algorithm.decision_rule,Primarily top-down: Khrushchev makes key decisions after consulting the Presidium (one-man dominant leadership with some collective input):contentReference[oaicite:17]{index=17}:contentReference[oaicite:18]{index=18},수행 절차·출력 형식,실행의 actor JSON 버전이 본 파일로 식별되거나 내용상 일치가 확인된 경우; 미확인 시 조건부 대조 / 해당 행위자의 대안 평가·선택,실제 대안의 비교·선택 근거에 의사결정 방식/효용 성분이 반영됨,"인간 검토: 해당 행위자의 제안·선택·행동·이유 및 조건 성립을 원문 인용으로 대조. 자기진술은 증거로 사용하지 않음. 명백한 반대 행동만 위반, 관찰 부족/충돌은 판정 불가.",효용 성분의 측정값/척도 또는 연산식이 없으면 효용 최적화 성공으로 판정할 수 없음.,c01c476ac5ec7f902677442d64bb3df2f77a6bfcead82b92fb8f826c29c8aa22,역할·행동 통제,Nikita Khrushchev (First Secretary of CPSU / Premier of USSR),ACTOR-DECISION
SU-A01-UTILITY_FORMULA,actor_json/soviet_gpt.json,$.actors[0].behavior_algorithm.utility_formula,Maximize Soviet strategic advantage and revolutionary credibility minus probability of catastrophic war (U = security gain + ideological prestige – escalation risk),가중치·수치 계산,실행의 actor JSON 버전이 본 파일로 식별되거나 내용상 일치가 확인된 경우; 미확인 시 조건부 대조 / 해당 행위자의 대안 평가·선택,실제 대안의 비교·선택 근거에 의사결정 방식/효용 성분이 반영됨,구체적 성분값·척도·연산식이 모두 기록된 경우 Python 계산. 함수 f(...) 또는 미정 계수/성분은 정성 근거 대조 및 판정 불가.,효용 성분의 측정값/척도 또는 연산식이 없으면 효용 최적화 성공으로 판정할 수 없음.,c01c476ac5ec7f902677442d64bb3df2f77a6bfcead82b92fb8f826c29c8aa22,역할·행동 통제,Nikita Khrushchev (First Secretary of CPSU / Premier of USSR),ACTOR-DECISION
SU-A01-WEIGHT-deterrence,actor_json/soviet_gpt.json,$.actors[0].behavior_algorithm.priority_weights.deterrence,0.4,가중치·수치 계산,실행의 actor JSON 버전이 본 파일로 식별되거나 내용상 일치가 확인된 경우; 미확인 시 조건부 대조 / 효용 평가,선택 근거에서 해당 효용 성분의 상대적 중요성 반영; 노출된 수치만 재계산,값·성분·집계식이 확인된 경우에만 재계산. 완전한 식이 없으면 수치준수 판정 불가.,가중치가 선택확률을 뜻하지 않음. 명시되지 않은 정규화 합=1 규칙을 추가하지 않음.,c01c476ac5ec7f902677442d64bb3df2f77a6bfcead82b92fb8f826c29c8aa22,역할·행동 통제,Nikita Khrushchev (First Secretary of CPSU / Premier of USSR),ACTOR-WEIGHT
SU-A01-WEIGHT-support_ally,actor_json/soviet_gpt.json,$.actors[0].behavior_algorithm.priority_weights.support_ally,0.3,가중치·수치 계산,실행의 actor JSON 버전이 본 파일로 식별되거나 내용상 일치가 확인된 경우; 미확인 시 조건부 대조 / 효용 평가,선택 근거에서 해당 효용 성분의 상대적 중요성 반영; 노출된 수치만 재계산,값·성분·집계식이 확인된 경우에만 재계산. 완전한 식이 없으면 수치준수 판정 불가.,가중치가 선택확률을 뜻하지 않음. 명시되지 않은 정규화 합=1 규칙을 추가하지 않음.,c01c476ac5ec7f902677442d64bb3df2f77a6bfcead82b92fb8f826c29c8aa22,역할·행동 통제,Nikita Khrushchev (First Secretary of CPSU / Premier of USSR),ACTOR-WEIGHT
SU-A01-WEIGHT-avoid_nuclear_war,actor_json/soviet_gpt.json,$.actors[0].behavior_algorithm.priority_weights.avoid_nuclear_war,0.3,가중치·수치 계산,실행의 actor JSON 버전이 본 파일로 식별되거나 내용상 일치가 확인된 경우; 미확인 시 조건부 대조 / 효용 평가,선택 근거에서 해당 효용 성분의 상대적 중요성 반영; 노출된 수치만 재계산,값·성분·집계식이 확인된 경우에만 재계산. 완전한 식이 없으면 수치준수 판정 불가.,가중치가 선택확률을 뜻하지 않음. 명시되지 않은 정규화 합=1 규칙을 추가하지 않음.,c01c476ac5ec7f902677442d64bb3df2f77a6bfcead82b92fb8f826c29c8aa22,역할·행동 통제,Nikita Khrushchev (First Secretary of CPSU / Premier of USSR),ACTOR-WEIGHT
SU-A01-TRIGGER01,actor_json/soviet_gpt.json,"$.actors[0].behavior_algorithm.trigger_thresholds[""US_naval_blockade""]","{""US_naval_blockade"": ""Elevate military alert status; call urgent leadership deliberation (crisis mode):contentReference[oaicite:19]{index=19}:contentReference[oaicite:20]{index=20}""}",조건부 규칙,실행의 actor JSON 버전이 본 파일로 식별되거나 내용상 일치가 확인된 경우; 미확인 시 조건부 대조 / 원문 trigger 전건이 성립한 경우,전건 성립 시 원문에 명시된 준비·검토·협상·행동 변화,"인간 검토: 해당 행위자의 제안·선택·행동·이유 및 조건 성립을 원문 인용으로 대조. 자기진술은 증거로 사용하지 않음. 명백한 반대 행동만 위반, 관찰 부족/충돌은 판정 불가.",조건의 의미와 실제 성립 여부는 인간 검토; may/consider/prefer를 필수 실행으로 바꾸지 않음.,c01c476ac5ec7f902677442d64bb3df2f77a6bfcead82b92fb8f826c29c8aa22,역할·행동 통제,Nikita Khrushchev (First Secretary of CPSU / Premier of USSR),ACTOR-TRIGGER
SU-A01-TRIGGER02,actor_json/soviet_gpt.json,"$.actors[0].behavior_algorithm.trigger_thresholds[""US_invasion_Cuba""]","{""US_invasion_Cuba"": ""Initiate military response, including possible tactical nuclear use on invading forces (last-resort retaliation)""}",조건부 규칙,실행의 actor JSON 버전이 본 파일로 식별되거나 내용상 일치가 확인된 경우; 미확인 시 조건부 대조 / 원문 trigger 전건이 성립한 경우,전건 성립 시 원문에 명시된 준비·검토·협상·행동 변화,"인간 검토: 해당 행위자의 제안·선택·행동·이유 및 조건 성립을 원문 인용으로 대조. 자기진술은 증거로 사용하지 않음. 명백한 반대 행동만 위반, 관찰 부족/충돌은 판정 불가.",조건의 의미와 실제 성립 여부는 인간 검토; may/consider/prefer를 필수 실행으로 바꾸지 않음.,c01c476ac5ec7f902677442d64bb3df2f77a6bfcead82b92fb8f826c29c8aa22,역할·행동 통제,Nikita Khrushchev (First Secretary of CPSU / Premier of USSR),ACTOR-TRIGGER
SU-A01-TRIGGER03,actor_json/soviet_gpt.json,"$.actors[0].behavior_algorithm.trigger_thresholds[""diplomatic_resolution_offer""]","{""diplomatic_resolution_offer"": ""If a viable compromise is offered guaranteeing Cuba’s security, shift to negotiation to avert war""}",조건부 규칙,실행의 actor JSON 버전이 본 파일로 식별되거나 내용상 일치가 확인된 경우; 미확인 시 조건부 대조 / 원문 trigger 전건이 성립한 경우,전건 성립 시 원문에 명시된 준비·검토·협상·행동 변화,"인간 검토: 해당 행위자의 제안·선택·행동·이유 및 조건 성립을 원문 인용으로 대조. 자기진술은 증거로 사용하지 않음. 명백한 반대 행동만 위반, 관찰 부족/충돌은 판정 불가.",조건의 의미와 실제 성립 여부는 인간 검토; may/consider/prefer를 필수 실행으로 바꾸지 않음.,c01c476ac5ec7f902677442d64bb3df2f77a6bfcead82b92fb8f826c29c8aa22,역할·행동 통제,Nikita Khrushchev (First Secretary of CPSU / Premier of USSR),ACTOR-TRIGGER
SU-A02-STANCE,actor_json/soviet_gpt.json,$.actors[1].stance,"Assertive defensive posture (endorses missile deployment to protect Cuba and challenge U.S. influence, but prefers to avoid direct great-power war)",선호·목표,실행의 actor JSON 버전이 본 파일로 식별되거나 내용상 일치가 확인된 경우; 미확인 시 조건부 대조 / 해당 행위자의 제안·행동,stance에 맞는 판단 근거와 목표 간 절충이 실제 대안·행동에 반영됨,인간 검토: 각 선택의 목표·위험·타협 근거와 대안의 상대적 우선순위를 대조. 선호와 다른 행동 하나 또는 불리한 결말만으로 위반 처리하지 않음.,정성/숫자 선호를 절대 금지 또는 선택확률로 바꾸지 않음.,c01c476ac5ec7f902677442d64bb3df2f77a6bfcead82b92fb8f826c29c8aa22,역할·행동 통제,Communist Party of the Soviet Union (Party Presidium),ACTOR-PREFERENCE
SU-A02-IDEOLOGY,actor_json/soviet_gpt.json,$.actors[1].ideology,Marxism-Leninism (collective leadership) – generally supportive of Khrushchev’s line of aiding world socialism while pursuing 'peaceful coexistence' with caution,선호·목표,실행의 actor JSON 버전이 본 파일로 식별되거나 내용상 일치가 확인된 경우; 미확인 시 조건부 대조 / 해당 행위자의 제안·행동,ideology에 맞는 판단 근거와 목표 간 절충이 실제 대안·행동에 반영됨,인간 검토: 각 선택의 목표·위험·타협 근거와 대안의 상대적 우선순위를 대조. 선호와 다른 행동 하나 또는 불리한 결말만으로 위반 처리하지 않음.,정성/숫자 선호를 절대 금지 또는 선택확률로 바꾸지 않음.,c01c476ac5ec7f902677442d64bb3df2f77a6bfcead82b92fb8f826c29c8aa22,역할·행동 통제,Communist Party of the Soviet Union (Party Presidium),ACTOR-PREFERENCE
SU-A02-RISK_TOLERANCE,actor_json/soviet_gpt.json,$.actors[1].risk_tolerance,"Medium (willing to approve a risky Cuba gambit, but members have mixed concern about provoking the U.S.):contentReference[oaicite:21]{index=21}",선호·목표,실행의 actor JSON 버전이 본 파일로 식별되거나 내용상 일치가 확인된 경우; 미확인 시 조건부 대조 / 해당 행위자의 제안·행동,risk_tolerance에 맞는 판단 근거와 목표 간 절충이 실제 대안·행동에 반영됨,인간 검토: 각 선택의 목표·위험·타협 근거와 대안의 상대적 우선순위를 대조. 선호와 다른 행동 하나 또는 불리한 결말만으로 위반 처리하지 않음.,정성/숫자 선호를 절대 금지 또는 선택확률로 바꾸지 않음.,c01c476ac5ec7f902677442d64bb3df2f77a6bfcead82b92fb8f826c29c8aa22,역할·행동 통제,Communist Party of the Soviet Union (Party Presidium),ACTOR-PREFERENCE
SU-A02-CONFLICT_AVOIDANCE,actor_json/soviet_gpt.json,$.actors[1].conflict_avoidance,"Medium-High (collectively keen to avoid full-scale war that could devastate the USSR, yet unwilling to abandon Cuba or appear weak in the face of U.S. pressure)",선호·목표,실행의 actor JSON 버전이 본 파일로 식별되거나 내용상 일치가 확인된 경우; 미확인 시 조건부 대조 / 해당 행위자의 제안·행동,conflict_avoidance에 맞는 판단 근거와 목표 간 절충이 실제 대안·행동에 반영됨,인간 검토: 각 선택의 목표·위험·타협 근거와 대안의 상대적 우선순위를 대조. 선호와 다른 행동 하나 또는 불리한 결말만으로 위반 처리하지 않음.,정성/숫자 선호를 절대 금지 또는 선택확률로 바꾸지 않음.,c01c476ac5ec7f902677442d64bb3df2f77a6bfcead82b92fb8f826c29c8aa22,역할·행동 통제,Communist Party of the Soviet Union (Party Presidium),ACTOR-PREFERENCE
SU-A02-DIPLOMACY_PREFERENCE,actor_json/soviet_gpt.json,$.actors[1].diplomacy_preference,Official denial and propaganda in public; private willingness to negotiate a resolution if core socialist gains can be preserved (e.g. secret talks via Khrushchev):contentReference[oaicite:22]{index=22},선호·목표,실행의 actor JSON 버전이 본 파일로 식별되거나 내용상 일치가 확인된 경우; 미확인 시 조건부 대조 / 해당 행위자의 제안·행동,diplomacy_preference에 맞는 판단 근거와 목표 간 절충이 실제 대안·행동에 반영됨,인간 검토: 각 선택의 목표·위험·타협 근거와 대안의 상대적 우선순위를 대조. 선호와 다른 행동 하나 또는 불리한 결말만으로 위반 처리하지 않음.,정성/숫자 선호를 절대 금지 또는 선택확률로 바꾸지 않음.,c01c476ac5ec7f902677442d64bb3df2f77a6bfcead82b92fb8f826c29c8aa22,역할·행동 통제,Communist Party of the Soviet Union (Party Presidium),ACTOR-PREFERENCE
SU-A02-MILITARY_PREFERENCE,actor_json/soviet_gpt.json,$.actors[1].military_preference,Strategic deterrence and defensive readiness; endorse show of force (missile presence) but favor reactive use of force only if attacked (no deliberate first strike),선호·목표,실행의 actor JSON 버전이 본 파일로 식별되거나 내용상 일치가 확인된 경우; 미확인 시 조건부 대조 / 해당 행위자의 제안·행동,military_preference에 맞는 판단 근거와 목표 간 절충이 실제 대안·행동에 반영됨,인간 검토: 각 선택의 목표·위험·타협 근거와 대안의 상대적 우선순위를 대조. 선호와 다른 행동 하나 또는 불리한 결말만으로 위반 처리하지 않음.,정성/숫자 선호를 절대 금지 또는 선택확률로 바꾸지 않음.,c01c476ac5ec7f902677442d64bb3df2f77a6bfcead82b92fb8f826c29c8aa22,역할·행동 통제,Communist Party of the Soviet Union (Party Presidium),ACTOR-PREFERENCE
SU-A02-POWER,actor_json/soviet_gpt.json,$.actors[1].power_weight,0.3,가중치·수치 계산,실행의 actor JSON 버전이 본 파일로 식별되거나 내용상 일치가 확인된 경우; 미확인 시 조건부 대조 / 국내 의사결정 조합·선택,해당 영향력 값을 사용한 선택 근거; 수식이 제공된 경우에 한해 재계산,값 인용·계산식이 노출된 부분만 독립 검산. 정의되지 않은 선택확률·최다득표 규칙을 생성하지 않음.,국가수준 권력비중의 실제 집계·효용 결합·샘플링 알고리즘이 명시되지 않음.,c01c476ac5ec7f902677442d64bb3df2f77a6bfcead82b92fb8f826c29c8aa22,역할·행동 통제,Communist Party of the Soviet Union (Party Presidium),ACTOR-WEIGHT
SU-A02-GOAL01,actor_json/soviet_gpt.json,$.actors[1].goals[0],Ensure Cuba remains a socialist ally and symbol of Soviet commitment (prevent a U.S.-backed regime change):contentReference[oaicite:23]{index=23},선호·목표,실행의 actor JSON 버전이 본 파일로 식별되거나 내용상 일치가 확인된 경우; 미확인 시 조건부 대조 / 해당 행위자의 선택,목표를 추구하거나 다른 명시 목표와의 절충을 보여 주는 선택·이유,인간 검토: 각 선택의 목표·위험·타협 근거와 대안의 상대적 우선순위를 대조. 선호와 다른 행동 하나 또는 불리한 결말만으로 위반 처리하지 않음.,목표 달성의 실패는 그 자체로 준수 위반이 아님.,c01c476ac5ec7f902677442d64bb3df2f77a6bfcead82b92fb8f826c29c8aa22,역할·행동 통제,Communist Party of the Soviet Union (Party Presidium),ACTOR-GOAL
SU-A02-GOAL02,actor_json/soviet_gpt.json,$.actors[1].goals[1],Maintain Soviet prestige and credibility in the Cold War and among communist allies by standing up to U.S. threats:contentReference[oaicite:24]{index=24},선호·목표,실행의 actor JSON 버전이 본 파일로 식별되거나 내용상 일치가 확인된 경우; 미확인 시 조건부 대조 / 해당 행위자의 선택,목표를 추구하거나 다른 명시 목표와의 절충을 보여 주는 선택·이유,인간 검토: 각 선택의 목표·위험·타협 근거와 대안의 상대적 우선순위를 대조. 선호와 다른 행동 하나 또는 불리한 결말만으로 위반 처리하지 않음.,목표 달성의 실패는 그 자체로 준수 위반이 아님.,c01c476ac5ec7f902677442d64bb3df2f77a6bfcead82b92fb8f826c29c8aa22,역할·행동 통제,Communist Party of the Soviet Union (Party Presidium),ACTOR-GOAL
SU-A02-GOAL03,actor_json/soviet_gpt.json,$.actors[1].goals[2],Avoid nuclear conflict while securing a favorable outcome (seek a face-saving resolution that protects Soviet interests),선호·목표,실행의 actor JSON 버전이 본 파일로 식별되거나 내용상 일치가 확인된 경우; 미확인 시 조건부 대조 / 해당 행위자의 선택,목표를 추구하거나 다른 명시 목표와의 절충을 보여 주는 선택·이유,인간 검토: 각 선택의 목표·위험·타협 근거와 대안의 상대적 우선순위를 대조. 선호와 다른 행동 하나 또는 불리한 결말만으로 위반 처리하지 않음.,목표 달성의 실패는 그 자체로 준수 위반이 아님.,c01c476ac5ec7f902677442d64bb3df2f77a6bfcead82b92fb8f826c29c8aa22,역할·행동 통제,Communist Party of the Soviet Union (Party Presidium),ACTOR-GOAL
SU-A02-CONSTRAINT01,actor_json/soviet_gpt.json,$.actors[1].constraints[0],"Requirement for collective agreement among Presidium members (internal consensus needed, which can slow or moderate decisions)",조건부 규칙,실행의 actor JSON 버전이 본 파일로 식별되거나 내용상 일치가 확인된 경우; 미확인 시 조건부 대조 / 해당 조건이 성립하는 행동·대안,해당 제약을 반영한 행동 및 제한·승인·정보 상태,"인간 검토: 해당 행위자의 제안·선택·행동·이유 및 조건 성립을 원문 인용으로 대조. 자기진술은 증거로 사용하지 않음. 명백한 반대 행동만 위반, 관찰 부족/충돌은 판정 불가.",상황·위험·자원상의 제약으로 코딩. 모든 위험행동의 절대 금지로 해석하지 않음.,c01c476ac5ec7f902677442d64bb3df2f77a6bfcead82b92fb8f826c29c8aa22,역할·행동 통제,Communist Party of the Soviet Union (Party Presidium),ACTOR-CONSTRAINT
SU-A02-CONSTRAINT02,actor_json/soviet_gpt.json,$.actors[1].constraints[1],"Ideological obligation to support allies and not appear to capitulate to capitalism, balanced against the existential threat of nuclear war",조건부 규칙,실행의 actor JSON 버전이 본 파일로 식별되거나 내용상 일치가 확인된 경우; 미확인 시 조건부 대조 / 해당 조건이 성립하는 행동·대안,해당 제약을 반영한 행동 및 제한·승인·정보 상태,"인간 검토: 해당 행위자의 제안·선택·행동·이유 및 조건 성립을 원문 인용으로 대조. 자기진술은 증거로 사용하지 않음. 명백한 반대 행동만 위반, 관찰 부족/충돌은 판정 불가.",상황·위험·자원상의 제약으로 코딩. 모든 위험행동의 절대 금지로 해석하지 않음.,c01c476ac5ec7f902677442d64bb3df2f77a6bfcead82b92fb8f826c29c8aa22,역할·행동 통제,Communist Party of the Soviet Union (Party Presidium),ACTOR-CONSTRAINT
SU-A02-CONSTRAINT03,actor_json/soviet_gpt.json,$.actors[1].constraints[2],Limited strategic reach relative to the U.S. (acknowledgment of American nuclear superiority necessitates caution):contentReference[oaicite:25]{index=25},조건부 규칙,실행의 actor JSON 버전이 본 파일로 식별되거나 내용상 일치가 확인된 경우; 미확인 시 조건부 대조 / 해당 조건이 성립하는 행동·대안,해당 제약을 반영한 행동 및 제한·승인·정보 상태,"인간 검토: 해당 행위자의 제안·선택·행동·이유 및 조건 성립을 원문 인용으로 대조. 자기진술은 증거로 사용하지 않음. 명백한 반대 행동만 위반, 관찰 부족/충돌은 판정 불가.",상황·위험·자원상의 제약으로 코딩. 모든 위험행동의 절대 금지로 해석하지 않음.,c01c476ac5ec7f902677442d64bb3df2f77a6bfcead82b92fb8f826c29c8aa22,역할·행동 통제,Communist Party of the Soviet Union (Party Presidium),ACTOR-CONSTRAINT
SU-A02-DECISION_RULE,actor_json/soviet_gpt.json,$.actors[1].behavior_algorithm.decision_rule,Collective deliberation (Presidium consensus-building) with deference to the First Secretary’s leadership in final decisions:contentReference[oaicite:26]{index=26},수행 절차·출력 형식,실행의 actor JSON 버전이 본 파일로 식별되거나 내용상 일치가 확인된 경우; 미확인 시 조건부 대조 / 해당 행위자의 대안 평가·선택,실제 대안의 비교·선택 근거에 의사결정 방식/효용 성분이 반영됨,"인간 검토: 해당 행위자의 제안·선택·행동·이유 및 조건 성립을 원문 인용으로 대조. 자기진술은 증거로 사용하지 않음. 명백한 반대 행동만 위반, 관찰 부족/충돌은 판정 불가.",효용 성분의 측정값/척도 또는 연산식이 없으면 효용 최적화 성공으로 판정할 수 없음.,c01c476ac5ec7f902677442d64bb3df2f77a6bfcead82b92fb8f826c29c8aa22,역할·행동 통제,Communist Party of the Soviet Union (Party Presidium),ACTOR-DECISION
SU-A02-UTILITY_FORMULA,actor_json/soviet_gpt.json,$.actors[1].behavior_algorithm.utility_formula,Balance revolutionary duty and state security against war risk (Utility = ideological success + strategic security – probability of war),가중치·수치 계산,실행의 actor JSON 버전이 본 파일로 식별되거나 내용상 일치가 확인된 경우; 미확인 시 조건부 대조 / 해당 행위자의 대안 평가·선택,실제 대안의 비교·선택 근거에 의사결정 방식/효용 성분이 반영됨,구체적 성분값·척도·연산식이 모두 기록된 경우 Python 계산. 함수 f(...) 또는 미정 계수/성분은 정성 근거 대조 및 판정 불가.,효용 성분의 측정값/척도 또는 연산식이 없으면 효용 최적화 성공으로 판정할 수 없음.,c01c476ac5ec7f902677442d64bb3df2f77a6bfcead82b92fb8f826c29c8aa22,역할·행동 통제,Communist Party of the Soviet Union (Party Presidium),ACTOR-DECISION
SU-A02-WEIGHT-protect_socialist_ally,actor_json/soviet_gpt.json,$.actors[1].behavior_algorithm.priority_weights.protect_socialist_ally,0.35,가중치·수치 계산,실행의 actor JSON 버전이 본 파일로 식별되거나 내용상 일치가 확인된 경우; 미확인 시 조건부 대조 / 효용 평가,선택 근거에서 해당 효용 성분의 상대적 중요성 반영; 노출된 수치만 재계산,값·성분·집계식이 확인된 경우에만 재계산. 완전한 식이 없으면 수치준수 판정 불가.,가중치가 선택확률을 뜻하지 않음. 명시되지 않은 정규화 합=1 규칙을 추가하지 않음.,c01c476ac5ec7f902677442d64bb3df2f77a6bfcead82b92fb8f826c29c8aa22,역할·행동 통제,Communist Party of the Soviet Union (Party Presidium),ACTOR-WEIGHT
SU-A02-WEIGHT-preserve_peace,actor_json/soviet_gpt.json,$.actors[1].behavior_algorithm.priority_weights.preserve_peace,0.35,가중치·수치 계산,실행의 actor JSON 버전이 본 파일로 식별되거나 내용상 일치가 확인된 경우; 미확인 시 조건부 대조 / 효용 평가,선택 근거에서 해당 효용 성분의 상대적 중요성 반영; 노출된 수치만 재계산,값·성분·집계식이 확인된 경우에만 재계산. 완전한 식이 없으면 수치준수 판정 불가.,가중치가 선택확률을 뜻하지 않음. 명시되지 않은 정규화 합=1 규칙을 추가하지 않음.,c01c476ac5ec7f902677442d64bb3df2f77a6bfcead82b92fb8f826c29c8aa22,역할·행동 통제,Communist Party of the Soviet Union (Party Presidium),ACTOR-WEIGHT
SU-A02-WEIGHT-uphold_prestige,actor_json/soviet_gpt.json,$.actors[1].behavior_algorithm.priority_weights.uphold_prestige,0.3,가중치·수치 계산,실행의 actor JSON 버전이 본 파일로 식별되거나 내용상 일치가 확인된 경우; 미확인 시 조건부 대조 / 효용 평가,선택 근거에서 해당 효용 성분의 상대적 중요성 반영; 노출된 수치만 재계산,값·성분·집계식이 확인된 경우에만 재계산. 완전한 식이 없으면 수치준수 판정 불가.,가중치가 선택확률을 뜻하지 않음. 명시되지 않은 정규화 합=1 규칙을 추가하지 않음.,c01c476ac5ec7f902677442d64bb3df2f77a6bfcead82b92fb8f826c29c8aa22,역할·행동 통제,Communist Party of the Soviet Union (Party Presidium),ACTOR-WEIGHT
SU-A02-TRIGGER01,actor_json/soviet_gpt.json,"$.actors[1].behavior_algorithm.trigger_thresholds[""US_military_action""]","{""US_military_action"": ""If U.S. attacks Cuba or Soviet forces, consensus to escalate military response (shift to war footing)""}",조건부 규칙,실행의 actor JSON 버전이 본 파일로 식별되거나 내용상 일치가 확인된 경우; 미확인 시 조건부 대조 / 원문 trigger 전건이 성립한 경우,전건 성립 시 원문에 명시된 준비·검토·협상·행동 변화,"인간 검토: 해당 행위자의 제안·선택·행동·이유 및 조건 성립을 원문 인용으로 대조. 자기진술은 증거로 사용하지 않음. 명백한 반대 행동만 위반, 관찰 부족/충돌은 판정 불가.",조건의 의미와 실제 성립 여부는 인간 검토; may/consider/prefer를 필수 실행으로 바꾸지 않음.,c01c476ac5ec7f902677442d64bb3df2f77a6bfcead82b92fb8f826c29c8aa22,역할·행동 통제,Communist Party of the Soviet Union (Party Presidium),ACTOR-TRIGGER
SU-A02-TRIGGER02,actor_json/soviet_gpt.json,"$.actors[1].behavior_algorithm.trigger_thresholds[""imminent_nuclear_war""]","{""imminent_nuclear_war"": ""If nuclear war appears unavoidable, prioritize de-escalation or diplomatic outreach to prevent mutual destruction""}",조건부 규칙,실행의 actor JSON 버전이 본 파일로 식별되거나 내용상 일치가 확인된 경우; 미확인 시 조건부 대조 / 원문 trigger 전건이 성립한 경우,전건 성립 시 원문에 명시된 준비·검토·협상·행동 변화,"인간 검토: 해당 행위자의 제안·선택·행동·이유 및 조건 성립을 원문 인용으로 대조. 자기진술은 증거로 사용하지 않음. 명백한 반대 행동만 위반, 관찰 부족/충돌은 판정 불가.",조건의 의미와 실제 성립 여부는 인간 검토; may/consider/prefer를 필수 실행으로 바꾸지 않음.,c01c476ac5ec7f902677442d64bb3df2f77a6bfcead82b92fb8f826c29c8aa22,역할·행동 통제,Communist Party of the Soviet Union (Party Presidium),ACTOR-TRIGGER
SU-A02-TRIGGER03,actor_json/soviet_gpt.json,"$.actors[1].behavior_algorithm.trigger_thresholds[""negotiable_settlement""]","{""negotiable_settlement"": ""If a compromise is possible that ensures Cuba’s security and saves face, support a diplomatic solution over continued conflict""}",조건부 규칙,실행의 actor JSON 버전이 본 파일로 식별되거나 내용상 일치가 확인된 경우; 미확인 시 조건부 대조 / 원문 trigger 전건이 성립한 경우,전건 성립 시 원문에 명시된 준비·검토·협상·행동 변화,"인간 검토: 해당 행위자의 제안·선택·행동·이유 및 조건 성립을 원문 인용으로 대조. 자기진술은 증거로 사용하지 않음. 명백한 반대 행동만 위반, 관찰 부족/충돌은 판정 불가.",조건의 의미와 실제 성립 여부는 인간 검토; may/consider/prefer를 필수 실행으로 바꾸지 않음.,c01c476ac5ec7f902677442d64bb3df2f77a6bfcead82b92fb8f826c29c8aa22,역할·행동 통제,Communist Party of the Soviet Union (Party Presidium),ACTOR-TRIGGER
SU-A03-STANCE,actor_json/soviet_gpt.json,$.actors[2].stance,"Hawkish, deterrence-oriented (supports aggressive nuclear deployment in Cuba to strengthen Soviet strategic position; prepared to respond with force if provoked):contentReference[oaicite:27]{index=27}",선호·목표,실행의 actor JSON 버전이 본 파일로 식별되거나 내용상 일치가 확인된 경우; 미확인 시 조건부 대조 / 해당 행위자의 제안·행동,stance에 맞는 판단 근거와 목표 간 절충이 실제 대안·행동에 반영됨,인간 검토: 각 선택의 목표·위험·타협 근거와 대안의 상대적 우선순위를 대조. 선호와 다른 행동 하나 또는 불리한 결말만으로 위반 처리하지 않음.,정성/숫자 선호를 절대 금지 또는 선택확률로 바꾸지 않음.,c01c476ac5ec7f902677442d64bb3df2f77a6bfcead82b92fb8f826c29c8aa22,역할·행동 통제,Soviet Armed Forces (High Command),ACTOR-PREFERENCE
SU-A03-IDEOLOGY,actor_json/soviet_gpt.json,$.actors[2].ideology,"Loyal Marxist-Leninist, focused on defense of the socialist state; tends toward hardline security views (emphasizing military strength over political nuance):contentReference[oaicite:28]{index=28}",선호·목표,실행의 actor JSON 버전이 본 파일로 식별되거나 내용상 일치가 확인된 경우; 미확인 시 조건부 대조 / 해당 행위자의 제안·행동,ideology에 맞는 판단 근거와 목표 간 절충이 실제 대안·행동에 반영됨,인간 검토: 각 선택의 목표·위험·타협 근거와 대안의 상대적 우선순위를 대조. 선호와 다른 행동 하나 또는 불리한 결말만으로 위반 처리하지 않음.,정성/숫자 선호를 절대 금지 또는 선택확률로 바꾸지 않음.,c01c476ac5ec7f902677442d64bb3df2f77a6bfcead82b92fb8f826c29c8aa22,역할·행동 통제,Soviet Armed Forces (High Command),ACTOR-PREFERENCE
SU-A03-RISK_TOLERANCE,actor_json/soviet_gpt.json,$.actors[2].risk_tolerance,"Medium (initially confident the U.S. would not risk major confrontation:contentReference[oaicite:29]{index=29}, but cognizant of the catastrophic risks of nuclear war)",선호·목표,실행의 actor JSON 버전이 본 파일로 식별되거나 내용상 일치가 확인된 경우; 미확인 시 조건부 대조 / 해당 행위자의 제안·행동,risk_tolerance에 맞는 판단 근거와 목표 간 절충이 실제 대안·행동에 반영됨,인간 검토: 각 선택의 목표·위험·타협 근거와 대안의 상대적 우선순위를 대조. 선호와 다른 행동 하나 또는 불리한 결말만으로 위반 처리하지 않음.,정성/숫자 선호를 절대 금지 또는 선택확률로 바꾸지 않음.,c01c476ac5ec7f902677442d64bb3df2f77a6bfcead82b92fb8f826c29c8aa22,역할·행동 통제,Soviet Armed Forces (High Command),ACTOR-PREFERENCE
SU-A03-CONFLICT_AVOIDANCE,actor_json/soviet_gpt.json,$.actors[2].conflict_avoidance,"Low–Medium (the military is prepared to fight if ordered, less inclined to back down, though aware of modern war’s destructive capacity):contentReference[oaicite:30]{index=30}",선호·목표,실행의 actor JSON 버전이 본 파일로 식별되거나 내용상 일치가 확인된 경우; 미확인 시 조건부 대조 / 해당 행위자의 제안·행동,conflict_avoidance에 맞는 판단 근거와 목표 간 절충이 실제 대안·행동에 반영됨,인간 검토: 각 선택의 목표·위험·타협 근거와 대안의 상대적 우선순위를 대조. 선호와 다른 행동 하나 또는 불리한 결말만으로 위반 처리하지 않음.,정성/숫자 선호를 절대 금지 또는 선택확률로 바꾸지 않음.,c01c476ac5ec7f902677442d64bb3df2f77a6bfcead82b92fb8f826c29c8aa22,역할·행동 통제,Soviet Armed Forces (High Command),ACTOR-PREFERENCE
SU-A03-DIPLOMACY_PREFERENCE,actor_json/soviet_gpt.json,$.actors[2].diplomacy_preference,"Prefers displays of strength and resolve over diplomacy; leaves negotiations to political leaders while signaling readiness (e.g. continuing deployments, high alert drills)",선호·목표,실행의 actor JSON 버전이 본 파일로 식별되거나 내용상 일치가 확인된 경우; 미확인 시 조건부 대조 / 해당 행위자의 제안·행동,diplomacy_preference에 맞는 판단 근거와 목표 간 절충이 실제 대안·행동에 반영됨,인간 검토: 각 선택의 목표·위험·타협 근거와 대안의 상대적 우선순위를 대조. 선호와 다른 행동 하나 또는 불리한 결말만으로 위반 처리하지 않음.,정성/숫자 선호를 절대 금지 또는 선택확률로 바꾸지 않음.,c01c476ac5ec7f902677442d64bb3df2f77a6bfcead82b92fb8f826c29c8aa22,역할·행동 통제,Soviet Armed Forces (High Command),ACTOR-PREFERENCE
SU-A03-MILITARY_PREFERENCE,actor_json/soviet_gpt.json,$.actors[2].military_preference,"Emphasis on strategic deterrence rather than preemptive strike:contentReference[oaicite:31]{index=31}; maintain robust defense and readiness to use tactical nuclear weapons if war breaks out, but view nuclear arms primarily as a deterrent of war",선호·목표,실행의 actor JSON 버전이 본 파일로 식별되거나 내용상 일치가 확인된 경우; 미확인 시 조건부 대조 / 해당 행위자의 제안·행동,military_preference에 맞는 판단 근거와 목표 간 절충이 실제 대안·행동에 반영됨,인간 검토: 각 선택의 목표·위험·타협 근거와 대안의 상대적 우선순위를 대조. 선호와 다른 행동 하나 또는 불리한 결말만으로 위반 처리하지 않음.,정성/숫자 선호를 절대 금지 또는 선택확률로 바꾸지 않음.,c01c476ac5ec7f902677442d64bb3df2f77a6bfcead82b92fb8f826c29c8aa22,역할·행동 통제,Soviet Armed Forces (High Command),ACTOR-PREFERENCE
SU-A03-POWER,actor_json/soviet_gpt.json,$.actors[2].power_weight,0.2,가중치·수치 계산,실행의 actor JSON 버전이 본 파일로 식별되거나 내용상 일치가 확인된 경우; 미확인 시 조건부 대조 / 국내 의사결정 조합·선택,해당 영향력 값을 사용한 선택 근거; 수식이 제공된 경우에 한해 재계산,값 인용·계산식이 노출된 부분만 독립 검산. 정의되지 않은 선택확률·최다득표 규칙을 생성하지 않음.,국가수준 권력비중의 실제 집계·효용 결합·샘플링 알고리즘이 명시되지 않음.,c01c476ac5ec7f902677442d64bb3df2f77a6bfcead82b92fb8f826c29c8aa22,역할·행동 통제,Soviet Armed Forces (High Command),ACTOR-WEIGHT
SU-A03-GOAL01,actor_json/soviet_gpt.json,$.actors[2].goals[0],Establish a stronger strategic foothold in the Western Hemisphere to deter U.S. aggression (successfully deploy and secure nuclear missiles in Cuba):contentReference[oaicite:32]{index=32},선호·목표,실행의 actor JSON 버전이 본 파일로 식별되거나 내용상 일치가 확인된 경우; 미확인 시 조건부 대조 / 해당 행위자의 선택,목표를 추구하거나 다른 명시 목표와의 절충을 보여 주는 선택·이유,인간 검토: 각 선택의 목표·위험·타협 근거와 대안의 상대적 우선순위를 대조. 선호와 다른 행동 하나 또는 불리한 결말만으로 위반 처리하지 않음.,목표 달성의 실패는 그 자체로 준수 위반이 아님.,c01c476ac5ec7f902677442d64bb3df2f77a6bfcead82b92fb8f826c29c8aa22,역할·행동 통제,Soviet Armed Forces (High Command),ACTOR-GOAL
SU-A03-GOAL02,actor_json/soviet_gpt.json,$.actors[2].goals[1],Protect the Soviet homeland and allies by offsetting U.S. nuclear superiority (improve the nuclear balance via forward deployment):contentReference[oaicite:33]{index=33},선호·목표,실행의 actor JSON 버전이 본 파일로 식별되거나 내용상 일치가 확인된 경우; 미확인 시 조건부 대조 / 해당 행위자의 선택,목표를 추구하거나 다른 명시 목표와의 절충을 보여 주는 선택·이유,인간 검토: 각 선택의 목표·위험·타협 근거와 대안의 상대적 우선순위를 대조. 선호와 다른 행동 하나 또는 불리한 결말만으로 위반 처리하지 않음.,목표 달성의 실패는 그 자체로 준수 위반이 아님.,c01c476ac5ec7f902677442d64bb3df2f77a6bfcead82b92fb8f826c29c8aa22,역할·행동 통제,Soviet Armed Forces (High Command),ACTOR-GOAL
SU-A03-GOAL03,actor_json/soviet_gpt.json,$.actors[2].goals[2],Fulfill Operation Anadyr (the Cuba deployment) successfully to demonstrate Soviet military capability and resolve,선호·목표,실행의 actor JSON 버전이 본 파일로 식별되거나 내용상 일치가 확인된 경우; 미확인 시 조건부 대조 / 해당 행위자의 선택,목표를 추구하거나 다른 명시 목표와의 절충을 보여 주는 선택·이유,인간 검토: 각 선택의 목표·위험·타협 근거와 대안의 상대적 우선순위를 대조. 선호와 다른 행동 하나 또는 불리한 결말만으로 위반 처리하지 않음.,목표 달성의 실패는 그 자체로 준수 위반이 아님.,c01c476ac5ec7f902677442d64bb3df2f77a6bfcead82b92fb8f826c29c8aa22,역할·행동 통제,Soviet Armed Forces (High Command),ACTOR-GOAL
SU-A03-CONSTRAINT01,actor_json/soviet_gpt.json,$.actors[2].constraints[0],"Inferior strategic nuclear arsenal compared to the U.S., limiting first-strike options and necessitating caution:contentReference[oaicite:34]{index=34}",조건부 규칙,실행의 actor JSON 버전이 본 파일로 식별되거나 내용상 일치가 확인된 경우; 미확인 시 조건부 대조 / 해당 조건이 성립하는 행동·대안,해당 제약을 반영한 행동 및 제한·승인·정보 상태,"인간 검토: 해당 행위자의 제안·선택·행동·이유 및 조건 성립을 원문 인용으로 대조. 자기진술은 증거로 사용하지 않음. 명백한 반대 행동만 위반, 관찰 부족/충돌은 판정 불가.",상황·위험·자원상의 제약으로 코딩. 모든 위험행동의 절대 금지로 해석하지 않음.,c01c476ac5ec7f902677442d64bb3df2f77a6bfcead82b92fb8f826c29c8aa22,역할·행동 통제,Soviet Armed Forces (High Command),ACTOR-CONSTRAINT
SU-A03-CONSTRAINT02,actor_json/soviet_gpt.json,$.actors[2].constraints[1],Strict civilian control – must await political directives (cannot act independently to initiate hostilities):contentReference[oaicite:35]{index=35},강제 제약,실행의 actor JSON 버전이 본 파일로 식별되거나 내용상 일치가 확인된 경우; 미확인 시 조건부 대조 / 해당 조건이 성립하는 행동·대안,해당 제약을 반영한 행동 및 제한·승인·정보 상태,"인간 검토: 해당 행위자의 제안·선택·행동·이유 및 조건 성립을 원문 인용으로 대조. 자기진술은 증거로 사용하지 않음. 명백한 반대 행동만 위반, 관찰 부족/충돌은 판정 불가.",승인·명령이 기록되지 않은 경우와 명시적 무단 행동을 구분. 단순 승인 문구 누락은 무단 행동의 증거가 아님.,c01c476ac5ec7f902677442d64bb3df2f77a6bfcead82b92fb8f826c29c8aa22,역할·행동 통제,Soviet Armed Forces (High Command),ACTOR-AUTHORITY
SU-A03-CONSTRAINT03,actor_json/soviet_gpt.json,$.actors[2].constraints[2],"Logistical challenges of overseas deployment (distance, covert transport, tropical climate impacts on equipment, etc.):contentReference[oaicite:36]{index=36}",조건부 규칙,실행의 actor JSON 버전이 본 파일로 식별되거나 내용상 일치가 확인된 경우; 미확인 시 조건부 대조 / 해당 조건이 성립하는 행동·대안,해당 제약을 반영한 행동 및 제한·승인·정보 상태,"인간 검토: 해당 행위자의 제안·선택·행동·이유 및 조건 성립을 원문 인용으로 대조. 자기진술은 증거로 사용하지 않음. 명백한 반대 행동만 위반, 관찰 부족/충돌은 판정 불가.",상황·위험·자원상의 제약으로 코딩. 모든 위험행동의 절대 금지로 해석하지 않음.,c01c476ac5ec7f902677442d64bb3df2f77a6bfcead82b92fb8f826c29c8aa22,역할·행동 통제,Soviet Armed Forces (High Command),ACTOR-CONSTRAINT
SU-A03-DECISION_RULE,actor_json/soviet_gpt.json,$.actors[2].behavior_algorithm.decision_rule,Hierarchical command structure: execute orders from top political leadership; internal decisions driven by military protocol and threat assessments,수행 절차·출력 형식,실행의 actor JSON 버전이 본 파일로 식별되거나 내용상 일치가 확인된 경우; 미확인 시 조건부 대조 / 해당 행위자의 대안 평가·선택,실제 대안의 비교·선택 근거에 의사결정 방식/효용 성분이 반영됨,"인간 검토: 해당 행위자의 제안·선택·행동·이유 및 조건 성립을 원문 인용으로 대조. 자기진술은 증거로 사용하지 않음. 명백한 반대 행동만 위반, 관찰 부족/충돌은 판정 불가.",효용 성분의 측정값/척도 또는 연산식이 없으면 효용 최적화 성공으로 판정할 수 없음.,c01c476ac5ec7f902677442d64bb3df2f77a6bfcead82b92fb8f826c29c8aa22,역할·행동 통제,Soviet Armed Forces (High Command),ACTOR-DECISION
SU-A03-UTILITY_FORMULA,actor_json/soviet_gpt.json,$.actors[2].behavior_algorithm.utility_formula,Prioritize mission success and force preservation minus risk of overwhelming retaliation (U = mission success probability + deterrence value – likelihood of devastating counterstrike),가중치·수치 계산,실행의 actor JSON 버전이 본 파일로 식별되거나 내용상 일치가 확인된 경우; 미확인 시 조건부 대조 / 해당 행위자의 대안 평가·선택,실제 대안의 비교·선택 근거에 의사결정 방식/효용 성분이 반영됨,구체적 성분값·척도·연산식이 모두 기록된 경우 Python 계산. 함수 f(...) 또는 미정 계수/성분은 정성 근거 대조 및 판정 불가.,효용 성분의 측정값/척도 또는 연산식이 없으면 효용 최적화 성공으로 판정할 수 없음.,c01c476ac5ec7f902677442d64bb3df2f77a6bfcead82b92fb8f826c29c8aa22,역할·행동 통제,Soviet Armed Forces (High Command),ACTOR-DECISION
SU-A03-WEIGHT-mission_success,actor_json/soviet_gpt.json,$.actors[2].behavior_algorithm.priority_weights.mission_success,0.4,가중치·수치 계산,실행의 actor JSON 버전이 본 파일로 식별되거나 내용상 일치가 확인된 경우; 미확인 시 조건부 대조 / 효용 평가,선택 근거에서 해당 효용 성분의 상대적 중요성 반영; 노출된 수치만 재계산,값·성분·집계식이 확인된 경우에만 재계산. 완전한 식이 없으면 수치준수 판정 불가.,가중치가 선택확률을 뜻하지 않음. 명시되지 않은 정규화 합=1 규칙을 추가하지 않음.,c01c476ac5ec7f902677442d64bb3df2f77a6bfcead82b92fb8f826c29c8aa22,역할·행동 통제,Soviet Armed Forces (High Command),ACTOR-WEIGHT
SU-A03-WEIGHT-force_survival,actor_json/soviet_gpt.json,$.actors[2].behavior_algorithm.priority_weights.force_survival,0.3,가중치·수치 계산,실행의 actor JSON 버전이 본 파일로 식별되거나 내용상 일치가 확인된 경우; 미확인 시 조건부 대조 / 효용 평가,선택 근거에서 해당 효용 성분의 상대적 중요성 반영; 노출된 수치만 재계산,값·성분·집계식이 확인된 경우에만 재계산. 완전한 식이 없으면 수치준수 판정 불가.,가중치가 선택확률을 뜻하지 않음. 명시되지 않은 정규화 합=1 규칙을 추가하지 않음.,c01c476ac5ec7f902677442d64bb3df2f77a6bfcead82b92fb8f826c29c8aa22,역할·행동 통제,Soviet Armed Forces (High Command),ACTOR-WEIGHT
SU-A03-WEIGHT-state_security,actor_json/soviet_gpt.json,$.actors[2].behavior_algorithm.priority_weights.state_security,0.3,가중치·수치 계산,실행의 actor JSON 버전이 본 파일로 식별되거나 내용상 일치가 확인된 경우; 미확인 시 조건부 대조 / 효용 평가,선택 근거에서 해당 효용 성분의 상대적 중요성 반영; 노출된 수치만 재계산,값·성분·집계식이 확인된 경우에만 재계산. 완전한 식이 없으면 수치준수 판정 불가.,가중치가 선택확률을 뜻하지 않음. 명시되지 않은 정규화 합=1 규칙을 추가하지 않음.,c01c476ac5ec7f902677442d64bb3df2f77a6bfcead82b92fb8f826c29c8aa22,역할·행동 통제,Soviet Armed Forces (High Command),ACTOR-WEIGHT
SU-A03-TRIGGER01,actor_json/soviet_gpt.json,"$.actors[2].behavior_algorithm.trigger_thresholds[""high_alert_order""]","{""high_alert_order"": ""If political leadership orders combat alert (due to U.S. escalation), move to full readiness and prepare nuclear assets for possible use""}",조건부 규칙,실행의 actor JSON 버전이 본 파일로 식별되거나 내용상 일치가 확인된 경우; 미확인 시 조건부 대조 / 원문 trigger 전건이 성립한 경우,전건 성립 시 원문에 명시된 준비·검토·협상·행동 변화,"인간 검토: 해당 행위자의 제안·선택·행동·이유 및 조건 성립을 원문 인용으로 대조. 자기진술은 증거로 사용하지 않음. 명백한 반대 행동만 위반, 관찰 부족/충돌은 판정 불가.",조건의 의미와 실제 성립 여부는 인간 검토; may/consider/prefer를 필수 실행으로 바꾸지 않음.,c01c476ac5ec7f902677442d64bb3df2f77a6bfcead82b92fb8f826c29c8aa22,역할·행동 통제,Soviet Armed Forces (High Command),ACTOR-TRIGGER
SU-A03-TRIGGER02,actor_json/soviet_gpt.json,"$.actors[2].behavior_algorithm.trigger_thresholds[""direct_attack""]","{""direct_attack"": ""If Soviet forces or Cuban ally are attacked, retaliate per war plans (including tactical nuclear response if authorized)""}",조건부 규칙,실행의 actor JSON 버전이 본 파일로 식별되거나 내용상 일치가 확인된 경우; 미확인 시 조건부 대조 / 원문 trigger 전건이 성립한 경우,전건 성립 시 원문에 명시된 준비·검토·협상·행동 변화,"인간 검토: 해당 행위자의 제안·선택·행동·이유 및 조건 성립을 원문 인용으로 대조. 자기진술은 증거로 사용하지 않음. 명백한 반대 행동만 위반, 관찰 부족/충돌은 판정 불가.",조건의 의미와 실제 성립 여부는 인간 검토; may/consider/prefer를 필수 실행으로 바꾸지 않음.,c01c476ac5ec7f902677442d64bb3df2f77a6bfcead82b92fb8f826c29c8aa22,역할·행동 통제,Soviet Armed Forces (High Command),ACTOR-TRIGGER
SU-A03-TRIGGER03,actor_json/soviet_gpt.json,"$.actors[2].behavior_algorithm.trigger_thresholds[""political_deescalation""]","{""political_deescalation"": ""If leadership seeks a deal or stand-down, comply with withdrawal/stand-down directives even if militarily disadvantageous""}",조건부 규칙,실행의 actor JSON 버전이 본 파일로 식별되거나 내용상 일치가 확인된 경우; 미확인 시 조건부 대조 / 원문 trigger 전건이 성립한 경우,전건 성립 시 원문에 명시된 준비·검토·협상·행동 변화,"인간 검토: 해당 행위자의 제안·선택·행동·이유 및 조건 성립을 원문 인용으로 대조. 자기진술은 증거로 사용하지 않음. 명백한 반대 행동만 위반, 관찰 부족/충돌은 판정 불가.",조건의 의미와 실제 성립 여부는 인간 검토; may/consider/prefer를 필수 실행으로 바꾸지 않음.,c01c476ac5ec7f902677442d64bb3df2f77a6bfcead82b92fb8f826c29c8aa22,역할·행동 통제,Soviet Armed Forces (High Command),ACTOR-TRIGGER
SU-EFFECT-military_alert-tension,actor_json/soviet_gpt.json,$.effect_rules.military_alert.tension,0.45,가중치·수치 계산,실행의 actor JSON 버전이 본 파일로 식별되거나 내용상 일치가 확인된 경우; 미확인 시 조건부 대조 / 해당 actor effect_rule이 적용되는 경우,행동과 명시 effect의 대응 및 적용 전후 값,효과가 증분인지 상태 할당인지·초기값인지 원기록에서 확정된 경우만 계산. 추정하지 않음.,actor effect_rules에 초기값 표시는 없음. 절대값/증분/초기값 의미와 VDM 우선순위가 불명확; diplomatic_room과 diplomatic_support의 대응도 명시되지 않음.,c01c476ac5ec7f902677442d64bb3df2f77a6bfcead82b92fb8f826c29c8aa22,행동–VDM 효과,,ACTOR-EFFECT-AMBIGUITY
SU-EFFECT-military_alert-leadership_unity,actor_json/soviet_gpt.json,$.effect_rules.military_alert.leadership_unity,0.65,가중치·수치 계산,실행의 actor JSON 버전이 본 파일로 식별되거나 내용상 일치가 확인된 경우; 미확인 시 조건부 대조 / 해당 actor effect_rule이 적용되는 경우,행동과 명시 effect의 대응 및 적용 전후 값,효과가 증분인지 상태 할당인지·초기값인지 원기록에서 확정된 경우만 계산. 추정하지 않음.,actor effect_rules에 초기값 표시는 없음. 절대값/증분/초기값 의미와 VDM 우선순위가 불명확; diplomatic_room과 diplomatic_support의 대응도 명시되지 않음.,c01c476ac5ec7f902677442d64bb3df2f77a6bfcead82b92fb8f826c29c8aa22,행동–VDM 효과,,ACTOR-EFFECT-AMBIGUITY
SU-EFFECT-public_appeal-public_opinion,actor_json/soviet_gpt.json,$.effect_rules.public_appeal.public_opinion,0.55,가중치·수치 계산,실행의 actor JSON 버전이 본 파일로 식별되거나 내용상 일치가 확인된 경우; 미확인 시 조건부 대조 / 해당 actor effect_rule이 적용되는 경우,행동과 명시 effect의 대응 및 적용 전후 값,효과가 증분인지 상태 할당인지·초기값인지 원기록에서 확정된 경우만 계산. 추정하지 않음.,actor effect_rules에 초기값 표시는 없음. 절대값/증분/초기값 의미와 VDM 우선순위가 불명확; diplomatic_room과 diplomatic_support의 대응도 명시되지 않음.,c01c476ac5ec7f902677442d64bb3df2f77a6bfcead82b92fb8f826c29c8aa22,행동–VDM 효과,,ACTOR-EFFECT-AMBIGUITY
SU-EFFECT-covert_detection-tension,actor_json/soviet_gpt.json,$.effect_rules.covert_detection.tension,0.45,가중치·수치 계산,실행의 actor JSON 버전이 본 파일로 식별되거나 내용상 일치가 확인된 경우; 미확인 시 조건부 대조 / 해당 actor effect_rule이 적용되는 경우,행동과 명시 effect의 대응 및 적용 전후 값,효과가 증분인지 상태 할당인지·초기값인지 원기록에서 확정된 경우만 계산. 추정하지 않음.,actor effect_rules에 초기값 표시는 없음. 절대값/증분/초기값 의미와 VDM 우선순위가 불명확; diplomatic_room과 diplomatic_support의 대응도 명시되지 않음.,c01c476ac5ec7f902677442d64bb3df2f77a6bfcead82b92fb8f826c29c8aa22,행동–VDM 효과,,ACTOR-EFFECT-AMBIGUITY
SU-EFFECT-covert_detection-diplomatic_room,actor_json/soviet_gpt.json,$.effect_rules.covert_detection.diplomatic_room,0.6,가중치·수치 계산,실행의 actor JSON 버전이 본 파일로 식별되거나 내용상 일치가 확인된 경우; 미확인 시 조건부 대조 / 해당 actor effect_rule이 적용되는 경우,행동과 명시 effect의 대응 및 적용 전후 값,효과가 증분인지 상태 할당인지·초기값인지 원기록에서 확정된 경우만 계산. 추정하지 않음.,actor effect_rules에 초기값 표시는 없음. 절대값/증분/초기값 의미와 VDM 우선순위가 불명확; diplomatic_room과 diplomatic_support의 대응도 명시되지 않음.,c01c476ac5ec7f902677442d64bb3df2f77a6bfcead82b92fb8f826c29c8aa22,행동–VDM 효과,,ACTOR-EFFECT-AMBIGUITY
SU-EFFECT-internal_dispute-leadership_unity,actor_json/soviet_gpt.json,$.effect_rules.internal_dispute.leadership_unity,0.65,가중치·수치 계산,실행의 actor JSON 버전이 본 파일로 식별되거나 내용상 일치가 확인된 경우; 미확인 시 조건부 대조 / 해당 actor effect_rule이 적용되는 경우,행동과 명시 effect의 대응 및 적용 전후 값,효과가 증분인지 상태 할당인지·초기값인지 원기록에서 확정된 경우만 계산. 추정하지 않음.,actor effect_rules에 초기값 표시는 없음. 절대값/증분/초기값 의미와 VDM 우선순위가 불명확; diplomatic_room과 diplomatic_support의 대응도 명시되지 않음.,c01c476ac5ec7f902677442d64bb3df2f77a6bfcead82b92fb8f826c29c8aa22,행동–VDM 효과,,ACTOR-EFFECT-AMBIGUITY
VDM-NORM,vdm/Variable-Decision Matrix.json,comment: Cautions 1,Variable values must strictly be maintained within the 0~1 range (Normalization),강제 제약,모든 보고 수치 상태,상태가 0 이상 1 이하,Python: 각 명시 수치에 0 <= x <= 1 적용. 값 누락은 보충하지 않음.,프로토콜 표4의 0~100과 충돌; 실제 실행 프롬프트가 VDM을 지정한 경우 0~1 적용.,c567d0a2b85c2e03b517a3fafcbef889651ee308b958c776f4580ee5ea4dd382,상태값 계산,,VDM-NORM
VDM-CLAMP,vdm/Variable-Decision Matrix.json,comment: Cautions 1,"Values must be adjusted using max(0, min(1, value)) after calculation.",가중치·수치 계산,명시 전상태+효과로 후상태를 계산하는 각 이벤트·변수,사건별 변화 후 clamp(전상태+명시효과),Python 독립 재계산; 사건순서·효과·전상태가 하나라도 없으면 판정 불가.,여러 사건의 순서가 없으면 중간 clamp와 최종합 clamp를 임의로 선택하지 않음.,c567d0a2b85c2e03b517a3fafcbef889651ee308b958c776f4580ee5ea4dd382,상태값 계산,,VDM-CLAMP
VDM-E01-Tension,vdm/Variable-Decision Matrix.json,$.event_driven_adjustments.Strike.Tension,0.15,가중치·수치 계산,Strike로 분류된 실제 사건/행동 발생,해당 변수에 명시 증분 0.15 적용,이벤트 분류 의미는 인간 검토; 분류명과 적용범위 확정 후 Python으로 증분 및 clamp 계산.,"사건-행동 매핑표, 어느 국가/변수에 효과가 귀속되는지, 복합사건 중복처리·순서가 완전히 정의되지 않음.",c567d0a2b85c2e03b517a3fafcbef889651ee308b958c776f4580ee5ea4dd382,행동–VDM 효과,,VDM-EFFECT
VDM-E01-Diplomatic_Support,vdm/Variable-Decision Matrix.json,$.event_driven_adjustments.Strike.Diplomatic_Support,-0.05,가중치·수치 계산,Strike로 분류된 실제 사건/행동 발생,해당 변수에 명시 증분 -0.05 적용,이벤트 분류 의미는 인간 검토; 분류명과 적용범위 확정 후 Python으로 증분 및 clamp 계산.,"사건-행동 매핑표, 어느 국가/변수에 효과가 귀속되는지, 복합사건 중복처리·순서가 완전히 정의되지 않음.",c567d0a2b85c2e03b517a3fafcbef889651ee308b958c776f4580ee5ea4dd382,행동–VDM 효과,,VDM-EFFECT
VDM-E01-Public_Opinion,vdm/Variable-Decision Matrix.json,$.event_driven_adjustments.Strike.Public_Opinion,-0.05,가중치·수치 계산,Strike로 분류된 실제 사건/행동 발생,해당 변수에 명시 증분 -0.05 적용,이벤트 분류 의미는 인간 검토; 분류명과 적용범위 확정 후 Python으로 증분 및 clamp 계산.,"사건-행동 매핑표, 어느 국가/변수에 효과가 귀속되는지, 복합사건 중복처리·순서가 완전히 정의되지 않음.",c567d0a2b85c2e03b517a3fafcbef889651ee308b958c776f4580ee5ea4dd382,행동–VDM 효과,,VDM-EFFECT
VDM-E01-Leadership_Unity,vdm/Variable-Decision Matrix.json,$.event_driven_adjustments.Strike.Leadership_Unity,-0.1,가중치·수치 계산,Strike로 분류된 실제 사건/행동 발생,해당 변수에 명시 증분 -0.1 적용,이벤트 분류 의미는 인간 검토; 분류명과 적용범위 확정 후 Python으로 증분 및 clamp 계산.,"사건-행동 매핑표, 어느 국가/변수에 효과가 귀속되는지, 복합사건 중복처리·순서가 완전히 정의되지 않음.",c567d0a2b85c2e03b517a3fafcbef889651ee308b958c776f4580ee5ea4dd382,행동–VDM 효과,,VDM-EFFECT
VDM-E02-Tension,vdm/Variable-Decision Matrix.json,$.event_driven_adjustments.Defense_Prep.Tension,0.05,가중치·수치 계산,Defense_Prep로 분류된 실제 사건/행동 발생,해당 변수에 명시 증분 0.05 적용,이벤트 분류 의미는 인간 검토; 분류명과 적용범위 확정 후 Python으로 증분 및 clamp 계산.,"사건-행동 매핑표, 어느 국가/변수에 효과가 귀속되는지, 복합사건 중복처리·순서가 완전히 정의되지 않음.",c567d0a2b85c2e03b517a3fafcbef889651ee308b958c776f4580ee5ea4dd382,행동–VDM 효과,,VDM-EFFECT
VDM-E02-Diplomatic_Support,vdm/Variable-Decision Matrix.json,$.event_driven_adjustments.Defense_Prep.Diplomatic_Support,-0.02,가중치·수치 계산,Defense_Prep로 분류된 실제 사건/행동 발생,해당 변수에 명시 증분 -0.02 적용,이벤트 분류 의미는 인간 검토; 분류명과 적용범위 확정 후 Python으로 증분 및 clamp 계산.,"사건-행동 매핑표, 어느 국가/변수에 효과가 귀속되는지, 복합사건 중복처리·순서가 완전히 정의되지 않음.",c567d0a2b85c2e03b517a3fafcbef889651ee308b958c776f4580ee5ea4dd382,행동–VDM 효과,,VDM-EFFECT
VDM-E02-Public_Opinion,vdm/Variable-Decision Matrix.json,$.event_driven_adjustments.Defense_Prep.Public_Opinion,-0.02,가중치·수치 계산,Defense_Prep로 분류된 실제 사건/행동 발생,해당 변수에 명시 증분 -0.02 적용,이벤트 분류 의미는 인간 검토; 분류명과 적용범위 확정 후 Python으로 증분 및 clamp 계산.,"사건-행동 매핑표, 어느 국가/변수에 효과가 귀속되는지, 복합사건 중복처리·순서가 완전히 정의되지 않음.",c567d0a2b85c2e03b517a3fafcbef889651ee308b958c776f4580ee5ea4dd382,행동–VDM 효과,,VDM-EFFECT
VDM-E02-Leadership_Unity,vdm/Variable-Decision Matrix.json,$.event_driven_adjustments.Defense_Prep.Leadership_Unity,-0.05,가중치·수치 계산,Defense_Prep로 분류된 실제 사건/행동 발생,해당 변수에 명시 증분 -0.05 적용,이벤트 분류 의미는 인간 검토; 분류명과 적용범위 확정 후 Python으로 증분 및 clamp 계산.,"사건-행동 매핑표, 어느 국가/변수에 효과가 귀속되는지, 복합사건 중복처리·순서가 완전히 정의되지 않음.",c567d0a2b85c2e03b517a3fafcbef889651ee308b958c776f4580ee5ea4dd382,행동–VDM 효과,,VDM-EFFECT
VDM-E03-Tension,vdm/Variable-Decision Matrix.json,$.event_driven_adjustments.Diplomatic_Success.Tension,-0.05,가중치·수치 계산,Diplomatic_Success로 분류된 실제 사건/행동 발생,해당 변수에 명시 증분 -0.05 적용,이벤트 분류 의미는 인간 검토; 분류명과 적용범위 확정 후 Python으로 증분 및 clamp 계산.,"사건-행동 매핑표, 어느 국가/변수에 효과가 귀속되는지, 복합사건 중복처리·순서가 완전히 정의되지 않음.",c567d0a2b85c2e03b517a3fafcbef889651ee308b958c776f4580ee5ea4dd382,행동–VDM 효과,,VDM-EFFECT
VDM-E03-Diplomatic_Support,vdm/Variable-Decision Matrix.json,$.event_driven_adjustments.Diplomatic_Success.Diplomatic_Support,0.1,가중치·수치 계산,Diplomatic_Success로 분류된 실제 사건/행동 발생,해당 변수에 명시 증분 0.1 적용,이벤트 분류 의미는 인간 검토; 분류명과 적용범위 확정 후 Python으로 증분 및 clamp 계산.,"사건-행동 매핑표, 어느 국가/변수에 효과가 귀속되는지, 복합사건 중복처리·순서가 완전히 정의되지 않음.",c567d0a2b85c2e03b517a3fafcbef889651ee308b958c776f4580ee5ea4dd382,행동–VDM 효과,,VDM-EFFECT
VDM-E03-Public_Opinion,vdm/Variable-Decision Matrix.json,$.event_driven_adjustments.Diplomatic_Success.Public_Opinion,0.05,가중치·수치 계산,Diplomatic_Success로 분류된 실제 사건/행동 발생,해당 변수에 명시 증분 0.05 적용,이벤트 분류 의미는 인간 검토; 분류명과 적용범위 확정 후 Python으로 증분 및 clamp 계산.,"사건-행동 매핑표, 어느 국가/변수에 효과가 귀속되는지, 복합사건 중복처리·순서가 완전히 정의되지 않음.",c567d0a2b85c2e03b517a3fafcbef889651ee308b958c776f4580ee5ea4dd382,행동–VDM 효과,,VDM-EFFECT
VDM-E03-Leadership_Unity,vdm/Variable-Decision Matrix.json,$.event_driven_adjustments.Diplomatic_Success.Leadership_Unity,0.05,가중치·수치 계산,Diplomatic_Success로 분류된 실제 사건/행동 발생,해당 변수에 명시 증분 0.05 적용,이벤트 분류 의미는 인간 검토; 분류명과 적용범위 확정 후 Python으로 증분 및 clamp 계산.,"사건-행동 매핑표, 어느 국가/변수에 효과가 귀속되는지, 복합사건 중복처리·순서가 완전히 정의되지 않음.",c567d0a2b85c2e03b517a3fafcbef889651ee308b958c776f4580ee5ea4dd382,행동–VDM 효과,,VDM-EFFECT
VDM-E04-Tension,vdm/Variable-Decision Matrix.json,$.event_driven_adjustments.Diplomatic_Failure.Tension,0.1,가중치·수치 계산,Diplomatic_Failure로 분류된 실제 사건/행동 발생,해당 변수에 명시 증분 0.1 적용,이벤트 분류 의미는 인간 검토; 분류명과 적용범위 확정 후 Python으로 증분 및 clamp 계산.,"사건-행동 매핑표, 어느 국가/변수에 효과가 귀속되는지, 복합사건 중복처리·순서가 완전히 정의되지 않음.",c567d0a2b85c2e03b517a3fafcbef889651ee308b958c776f4580ee5ea4dd382,행동–VDM 효과,,VDM-EFFECT
VDM-E04-Diplomatic_Support,vdm/Variable-Decision Matrix.json,$.event_driven_adjustments.Diplomatic_Failure.Diplomatic_Support,-0.1,가중치·수치 계산,Diplomatic_Failure로 분류된 실제 사건/행동 발생,해당 변수에 명시 증분 -0.1 적용,이벤트 분류 의미는 인간 검토; 분류명과 적용범위 확정 후 Python으로 증분 및 clamp 계산.,"사건-행동 매핑표, 어느 국가/변수에 효과가 귀속되는지, 복합사건 중복처리·순서가 완전히 정의되지 않음.",c567d0a2b85c2e03b517a3fafcbef889651ee308b958c776f4580ee5ea4dd382,행동–VDM 효과,,VDM-EFFECT
VDM-E04-Public_Opinion,vdm/Variable-Decision Matrix.json,$.event_driven_adjustments.Diplomatic_Failure.Public_Opinion,-0.05,가중치·수치 계산,Diplomatic_Failure로 분류된 실제 사건/행동 발생,해당 변수에 명시 증분 -0.05 적용,이벤트 분류 의미는 인간 검토; 분류명과 적용범위 확정 후 Python으로 증분 및 clamp 계산.,"사건-행동 매핑표, 어느 국가/변수에 효과가 귀속되는지, 복합사건 중복처리·순서가 완전히 정의되지 않음.",c567d0a2b85c2e03b517a3fafcbef889651ee308b958c776f4580ee5ea4dd382,행동–VDM 효과,,VDM-EFFECT
VDM-E04-Leadership_Unity,vdm/Variable-Decision Matrix.json,$.event_driven_adjustments.Diplomatic_Failure.Leadership_Unity,-0.05,가중치·수치 계산,Diplomatic_Failure로 분류된 실제 사건/행동 발생,해당 변수에 명시 증분 -0.05 적용,이벤트 분류 의미는 인간 검토; 분류명과 적용범위 확정 후 Python으로 증분 및 clamp 계산.,"사건-행동 매핑표, 어느 국가/변수에 효과가 귀속되는지, 복합사건 중복처리·순서가 완전히 정의되지 않음.",c567d0a2b85c2e03b517a3fafcbef889651ee308b958c776f4580ee5ea4dd382,행동–VDM 효과,,VDM-EFFECT
VDM-E05-Tension,vdm/Variable-Decision Matrix.json,$.event_driven_adjustments.Civil_Unrest.Tension,0.05,가중치·수치 계산,Civil_Unrest로 분류된 실제 사건/행동 발생,해당 변수에 명시 증분 0.05 적용,이벤트 분류 의미는 인간 검토; 분류명과 적용범위 확정 후 Python으로 증분 및 clamp 계산.,"사건-행동 매핑표, 어느 국가/변수에 효과가 귀속되는지, 복합사건 중복처리·순서가 완전히 정의되지 않음.",c567d0a2b85c2e03b517a3fafcbef889651ee308b958c776f4580ee5ea4dd382,행동–VDM 효과,,VDM-EFFECT
VDM-E05-Diplomatic_Support,vdm/Variable-Decision Matrix.json,$.event_driven_adjustments.Civil_Unrest.Diplomatic_Support,-0.05,가중치·수치 계산,Civil_Unrest로 분류된 실제 사건/행동 발생,해당 변수에 명시 증분 -0.05 적용,이벤트 분류 의미는 인간 검토; 분류명과 적용범위 확정 후 Python으로 증분 및 clamp 계산.,"사건-행동 매핑표, 어느 국가/변수에 효과가 귀속되는지, 복합사건 중복처리·순서가 완전히 정의되지 않음.",c567d0a2b85c2e03b517a3fafcbef889651ee308b958c776f4580ee5ea4dd382,행동–VDM 효과,,VDM-EFFECT
VDM-E05-Public_Opinion,vdm/Variable-Decision Matrix.json,$.event_driven_adjustments.Civil_Unrest.Public_Opinion,-0.1,가중치·수치 계산,Civil_Unrest로 분류된 실제 사건/행동 발생,해당 변수에 명시 증분 -0.1 적용,이벤트 분류 의미는 인간 검토; 분류명과 적용범위 확정 후 Python으로 증분 및 clamp 계산.,"사건-행동 매핑표, 어느 국가/변수에 효과가 귀속되는지, 복합사건 중복처리·순서가 완전히 정의되지 않음.",c567d0a2b85c2e03b517a3fafcbef889651ee308b958c776f4580ee5ea4dd382,행동–VDM 효과,,VDM-EFFECT
VDM-E05-Leadership_Unity,vdm/Variable-Decision Matrix.json,$.event_driven_adjustments.Civil_Unrest.Leadership_Unity,-0.1,가중치·수치 계산,Civil_Unrest로 분류된 실제 사건/행동 발생,해당 변수에 명시 증분 -0.1 적용,이벤트 분류 의미는 인간 검토; 분류명과 적용범위 확정 후 Python으로 증분 및 clamp 계산.,"사건-행동 매핑표, 어느 국가/변수에 효과가 귀속되는지, 복합사건 중복처리·순서가 완전히 정의되지 않음.",c567d0a2b85c2e03b517a3fafcbef889651ee308b958c776f4580ee5ea4dd382,행동–VDM 효과,,VDM-EFFECT
VDM-E06-Tension,vdm/Variable-Decision Matrix.json,$.event_driven_adjustments.Strong_Leadership.Tension,-0.05,가중치·수치 계산,Strong_Leadership로 분류된 실제 사건/행동 발생,해당 변수에 명시 증분 -0.05 적용,이벤트 분류 의미는 인간 검토; 분류명과 적용범위 확정 후 Python으로 증분 및 clamp 계산.,"사건-행동 매핑표, 어느 국가/변수에 효과가 귀속되는지, 복합사건 중복처리·순서가 완전히 정의되지 않음.",c567d0a2b85c2e03b517a3fafcbef889651ee308b958c776f4580ee5ea4dd382,행동–VDM 효과,,VDM-EFFECT
VDM-E06-Diplomatic_Support,vdm/Variable-Decision Matrix.json,$.event_driven_adjustments.Strong_Leadership.Diplomatic_Support,0.05,가중치·수치 계산,Strong_Leadership로 분류된 실제 사건/행동 발생,해당 변수에 명시 증분 0.05 적용,이벤트 분류 의미는 인간 검토; 분류명과 적용범위 확정 후 Python으로 증분 및 clamp 계산.,"사건-행동 매핑표, 어느 국가/변수에 효과가 귀속되는지, 복합사건 중복처리·순서가 완전히 정의되지 않음.",c567d0a2b85c2e03b517a3fafcbef889651ee308b958c776f4580ee5ea4dd382,행동–VDM 효과,,VDM-EFFECT
VDM-E06-Public_Opinion,vdm/Variable-Decision Matrix.json,$.event_driven_adjustments.Strong_Leadership.Public_Opinion,0.1,가중치·수치 계산,Strong_Leadership로 분류된 실제 사건/행동 발생,해당 변수에 명시 증분 0.1 적용,이벤트 분류 의미는 인간 검토; 분류명과 적용범위 확정 후 Python으로 증분 및 clamp 계산.,"사건-행동 매핑표, 어느 국가/변수에 효과가 귀속되는지, 복합사건 중복처리·순서가 완전히 정의되지 않음.",c567d0a2b85c2e03b517a3fafcbef889651ee308b958c776f4580ee5ea4dd382,행동–VDM 효과,,VDM-EFFECT
VDM-E06-Leadership_Unity,vdm/Variable-Decision Matrix.json,$.event_driven_adjustments.Strong_Leadership.Leadership_Unity,0.1,가중치·수치 계산,Strong_Leadership로 분류된 실제 사건/행동 발생,해당 변수에 명시 증분 0.1 적용,이벤트 분류 의미는 인간 검토; 분류명과 적용범위 확정 후 Python으로 증분 및 clamp 계산.,"사건-행동 매핑표, 어느 국가/변수에 효과가 귀속되는지, 복합사건 중복처리·순서가 완전히 정의되지 않음.",c567d0a2b85c2e03b517a3fafcbef889651ee308b958c776f4580ee5ea4dd382,행동–VDM 효과,,VDM-EFFECT
VDM-E07-Tension,vdm/Variable-Decision Matrix.json,$.event_driven_adjustments.Economic_Sanctions.Tension,0.1,가중치·수치 계산,Economic_Sanctions로 분류된 실제 사건/행동 발생,해당 변수에 명시 증분 0.1 적용,이벤트 분류 의미는 인간 검토; 분류명과 적용범위 확정 후 Python으로 증분 및 clamp 계산.,"사건-행동 매핑표, 어느 국가/변수에 효과가 귀속되는지, 복합사건 중복처리·순서가 완전히 정의되지 않음.",c567d0a2b85c2e03b517a3fafcbef889651ee308b958c776f4580ee5ea4dd382,행동–VDM 효과,,VDM-EFFECT
VDM-E07-Diplomatic_Support,vdm/Variable-Decision Matrix.json,$.event_driven_adjustments.Economic_Sanctions.Diplomatic_Support,-0.05,가중치·수치 계산,Economic_Sanctions로 분류된 실제 사건/행동 발생,해당 변수에 명시 증분 -0.05 적용,이벤트 분류 의미는 인간 검토; 분류명과 적용범위 확정 후 Python으로 증분 및 clamp 계산.,"사건-행동 매핑표, 어느 국가/변수에 효과가 귀속되는지, 복합사건 중복처리·순서가 완전히 정의되지 않음.",c567d0a2b85c2e03b517a3fafcbef889651ee308b958c776f4580ee5ea4dd382,행동–VDM 효과,,VDM-EFFECT
VDM-E07-Public_Opinion,vdm/Variable-Decision Matrix.json,$.event_driven_adjustments.Economic_Sanctions.Public_Opinion,-0.05,가중치·수치 계산,Economic_Sanctions로 분류된 실제 사건/행동 발생,해당 변수에 명시 증분 -0.05 적용,이벤트 분류 의미는 인간 검토; 분류명과 적용범위 확정 후 Python으로 증분 및 clamp 계산.,"사건-행동 매핑표, 어느 국가/변수에 효과가 귀속되는지, 복합사건 중복처리·순서가 완전히 정의되지 않음.",c567d0a2b85c2e03b517a3fafcbef889651ee308b958c776f4580ee5ea4dd382,행동–VDM 효과,,VDM-EFFECT
VDM-E07-Leadership_Unity,vdm/Variable-Decision Matrix.json,$.event_driven_adjustments.Economic_Sanctions.Leadership_Unity,-0.05,가중치·수치 계산,Economic_Sanctions로 분류된 실제 사건/행동 발생,해당 변수에 명시 증분 -0.05 적용,이벤트 분류 의미는 인간 검토; 분류명과 적용범위 확정 후 Python으로 증분 및 clamp 계산.,"사건-행동 매핑표, 어느 국가/변수에 효과가 귀속되는지, 복합사건 중복처리·순서가 완전히 정의되지 않음.",c567d0a2b85c2e03b517a3fafcbef889651ee308b958c776f4580ee5ea4dd382,행동–VDM 효과,,VDM-EFFECT
VDM-E08-Tension,vdm/Variable-Decision Matrix.json,$.event_driven_adjustments.Alliance_Strengthening.Tension,-0.05,가중치·수치 계산,Alliance_Strengthening로 분류된 실제 사건/행동 발생,해당 변수에 명시 증분 -0.05 적용,이벤트 분류 의미는 인간 검토; 분류명과 적용범위 확정 후 Python으로 증분 및 clamp 계산.,"사건-행동 매핑표, 어느 국가/변수에 효과가 귀속되는지, 복합사건 중복처리·순서가 완전히 정의되지 않음.",c567d0a2b85c2e03b517a3fafcbef889651ee308b958c776f4580ee5ea4dd382,행동–VDM 효과,,VDM-EFFECT
VDM-E08-Diplomatic_Support,vdm/Variable-Decision Matrix.json,$.event_driven_adjustments.Alliance_Strengthening.Diplomatic_Support,0.1,가중치·수치 계산,Alliance_Strengthening로 분류된 실제 사건/행동 발생,해당 변수에 명시 증분 0.1 적용,이벤트 분류 의미는 인간 검토; 분류명과 적용범위 확정 후 Python으로 증분 및 clamp 계산.,"사건-행동 매핑표, 어느 국가/변수에 효과가 귀속되는지, 복합사건 중복처리·순서가 완전히 정의되지 않음.",c567d0a2b85c2e03b517a3fafcbef889651ee308b958c776f4580ee5ea4dd382,행동–VDM 효과,,VDM-EFFECT
VDM-E08-Public_Opinion,vdm/Variable-Decision Matrix.json,$.event_driven_adjustments.Alliance_Strengthening.Public_Opinion,0.05,가중치·수치 계산,Alliance_Strengthening로 분류된 실제 사건/행동 발생,해당 변수에 명시 증분 0.05 적용,이벤트 분류 의미는 인간 검토; 분류명과 적용범위 확정 후 Python으로 증분 및 clamp 계산.,"사건-행동 매핑표, 어느 국가/변수에 효과가 귀속되는지, 복합사건 중복처리·순서가 완전히 정의되지 않음.",c567d0a2b85c2e03b517a3fafcbef889651ee308b958c776f4580ee5ea4dd382,행동–VDM 효과,,VDM-EFFECT
VDM-E08-Leadership_Unity,vdm/Variable-Decision Matrix.json,$.event_driven_adjustments.Alliance_Strengthening.Leadership_Unity,0.05,가중치·수치 계산,Alliance_Strengthening로 분류된 실제 사건/행동 발생,해당 변수에 명시 증분 0.05 적용,이벤트 분류 의미는 인간 검토; 분류명과 적용범위 확정 후 Python으로 증분 및 clamp 계산.,"사건-행동 매핑표, 어느 국가/변수에 효과가 귀속되는지, 복합사건 중복처리·순서가 완전히 정의되지 않음.",c567d0a2b85c2e03b517a3fafcbef889651ee308b958c776f4580ee5ea4dd382,행동–VDM 효과,,VDM-EFFECT
VDM-TRIGGER-Tension,vdm/Variable-Decision Matrix.json,$.trigger_thresholds.Tension,"{""threshold"": 0.8, ""effect"": ""Diplomatic Negotiation Disabled, Military Options Preferred"", ""trigger_event"": ""Military Conflict Risk Increased""}",조건부 규칙,해당 임계조건 성립; 부등호는 decision_options의 원문으로 확인,원문 효과/trigger 상태 표시,"수치 조건은 Python, 위험 증가와 사건의 실제 발생은 구분하여 인간 대조.",trigger_thresholds 자체는 비교방향 미기재. 위험 증가가 반드시 사건발생을 뜻하지 않음. 변수간 상충 우선순위 미정.,c567d0a2b85c2e03b517a3fafcbef889651ee308b958c776f4580ee5ea4dd382,임계값·행동 통제,,VDM-TRIGGER
VDM-TRIGGER-Diplomatic_Support,vdm/Variable-Decision Matrix.json,$.trigger_thresholds.Diplomatic_Support,"{""threshold"": 0.5, ""effect"": ""Diplomatic Solution Blocked, Alliance Withdrawal Increased"", ""trigger_event"": ""Diplomatic Isolation""}",조건부 규칙,해당 임계조건 성립; 부등호는 decision_options의 원문으로 확인,원문 효과/trigger 상태 표시,"수치 조건은 Python, 위험 증가와 사건의 실제 발생은 구분하여 인간 대조.",trigger_thresholds 자체는 비교방향 미기재. 위험 증가가 반드시 사건발생을 뜻하지 않음. 변수간 상충 우선순위 미정.,c567d0a2b85c2e03b517a3fafcbef889651ee308b958c776f4580ee5ea4dd382,임계값·행동 통제,,VDM-TRIGGER
VDM-TRIGGER-Public_Opinion,vdm/Variable-Decision Matrix.json,$.trigger_thresholds.Public_Opinion,"{""threshold"": 0.4, ""effect"": ""Leadership Weakening, Policy Confusion"", ""trigger_event"": ""Civil Unrest, Chaos""}",조건부 규칙,해당 임계조건 성립; 부등호는 decision_options의 원문으로 확인,원문 효과/trigger 상태 표시,"수치 조건은 Python, 위험 증가와 사건의 실제 발생은 구분하여 인간 대조.",trigger_thresholds 자체는 비교방향 미기재. 위험 증가가 반드시 사건발생을 뜻하지 않음. 변수간 상충 우선순위 미정.,c567d0a2b85c2e03b517a3fafcbef889651ee308b958c776f4580ee5ea4dd382,임계값·행동 통제,,VDM-TRIGGER
VDM-TRIGGER-Leadership_Unity,vdm/Variable-Decision Matrix.json,$.trigger_thresholds.Leadership_Unity,"{""threshold"": 0.5, ""effect"": ""Decision Delay, Radical Policy Preference"", ""trigger_event"": ""Internal Division, Coup Risk""}",조건부 규칙,해당 임계조건 성립; 부등호는 decision_options의 원문으로 확인,원문 효과/trigger 상태 표시,"수치 조건은 Python, 위험 증가와 사건의 실제 발생은 구분하여 인간 대조.",trigger_thresholds 자체는 비교방향 미기재. 위험 증가가 반드시 사건발생을 뜻하지 않음. 변수간 상충 우선순위 미정.,c567d0a2b85c2e03b517a3fafcbef889651ee308b958c776f4580ee5ea4dd382,임계값·행동 통제,,VDM-TRIGGER
VDM-OPTION-Tension-LT0.8-Diplomatic_Negotiation,vdm/Variable-Decision Matrix.json,"$.decision_options.Tension[""<0.8""].Diplomatic_Negotiation",Enabled,조건부 규칙,확인된 현상태 Tension <0.8; 관련 행동을 판단하는 시점,정책 가능/금지·우선도·비상대응 상태가 원문과 일치,Python으로 비교조건 산출 후 행동 의미를 인간 대조. 실제 선택된 외교행위와 금지조건을 대조; merely Enabled는 실행 의무 아님.,동시에 다른 변수의 허용/권장/금지가 성립할 때 우선순위 미정. 군사행동 Limited/Aggressive 등의 세부 행위 집합 미정.,c567d0a2b85c2e03b517a3fafcbef889651ee308b958c776f4580ee5ea4dd382,임계값·행동 통제,,VDM-POLICY
VDM-OPTION-Tension-LT0.8-Military_Action,vdm/Variable-Decision Matrix.json,"$.decision_options.Tension[""<0.8""].Military_Action",Limited,조건부 규칙,확인된 현상태 Tension <0.8; 관련 행동을 판단하는 시점,정책 가능/금지·우선도·비상대응 상태가 원문과 일치,Python으로 비교조건 산출 후 행동 의미를 인간 대조. 실제 선택된 외교행위와 금지조건을 대조; merely Enabled는 실행 의무 아님.,동시에 다른 변수의 허용/권장/금지가 성립할 때 우선순위 미정. 군사행동 Limited/Aggressive 등의 세부 행위 집합 미정.,c567d0a2b85c2e03b517a3fafcbef889651ee308b958c776f4580ee5ea4dd382,임계값·행동 통제,,VDM-POLICY
VDM-OPTION-Tension-LT0.8-Leadership_Policy,vdm/Variable-Decision Matrix.json,"$.decision_options.Tension[""<0.8""].Leadership_Policy",Stable,조건부 규칙,확인된 현상태 Tension <0.8; 관련 행동을 판단하는 시점,정책 가능/금지·우선도·비상대응 상태가 원문과 일치,Python으로 비교조건 산출 후 행동 의미를 인간 대조. 실제 선택된 외교행위와 금지조건을 대조; merely Enabled는 실행 의무 아님.,동시에 다른 변수의 허용/권장/금지가 성립할 때 우선순위 미정. 군사행동 Limited/Aggressive 등의 세부 행위 집합 미정.,c567d0a2b85c2e03b517a3fafcbef889651ee308b958c776f4580ee5ea4dd382,임계값·행동 통제,,VDM-POLICY
VDM-OPTION-Tension-LT0.8-Emergency_Response,vdm/Variable-Decision Matrix.json,"$.decision_options.Tension[""<0.8""].Emergency_Response",Not Required,조건부 규칙,확인된 현상태 Tension <0.8; 관련 행동을 판단하는 시점,정책 가능/금지·우선도·비상대응 상태가 원문과 일치,Python으로 비교조건 산출 후 행동 의미를 인간 대조. 실제 선택된 외교행위와 금지조건을 대조; merely Enabled는 실행 의무 아님.,동시에 다른 변수의 허용/권장/금지가 성립할 때 우선순위 미정. 군사행동 Limited/Aggressive 등의 세부 행위 집합 미정.,c567d0a2b85c2e03b517a3fafcbef889651ee308b958c776f4580ee5ea4dd382,임계값·행동 통제,,VDM-POLICY
VDM-OPTION-Tension-GTEQ0.8-Diplomatic_Negotiation,vdm/Variable-Decision Matrix.json,"$.decision_options.Tension["">=0.8""].Diplomatic_Negotiation",Disabled,강제 제약,확인된 현상태 Tension >=0.8; 관련 행동을 판단하는 시점,정책 가능/금지·우선도·비상대응 상태가 원문과 일치,Python으로 비교조건 산출 후 행동 의미를 인간 대조. 실제 선택된 외교행위와 금지조건을 대조; merely Enabled는 실행 의무 아님.,동시에 다른 변수의 허용/권장/금지가 성립할 때 우선순위 미정. 군사행동 Limited/Aggressive 등의 세부 행위 집합 미정.,c567d0a2b85c2e03b517a3fafcbef889651ee308b958c776f4580ee5ea4dd382,임계값·행동 통제,,VDM-POLICY
VDM-OPTION-Tension-GTEQ0.8-Military_Action,vdm/Variable-Decision Matrix.json,"$.decision_options.Tension["">=0.8""].Military_Action",Aggressive,선호·목표,확인된 현상태 Tension >=0.8; 관련 행동을 판단하는 시점,정책 가능/금지·우선도·비상대응 상태가 원문과 일치,Python으로 비교조건 산출 후 행동 의미를 인간 대조. 실제 선택된 외교행위와 금지조건을 대조; merely Enabled는 실행 의무 아님.,동시에 다른 변수의 허용/권장/금지가 성립할 때 우선순위 미정. 군사행동 Limited/Aggressive 등의 세부 행위 집합 미정.,c567d0a2b85c2e03b517a3fafcbef889651ee308b958c776f4580ee5ea4dd382,임계값·행동 통제,,VDM-POLICY
VDM-OPTION-Tension-GTEQ0.8-Leadership_Policy,vdm/Variable-Decision Matrix.json,"$.decision_options.Tension["">=0.8""].Leadership_Policy",Unstable,조건부 규칙,확인된 현상태 Tension >=0.8; 관련 행동을 판단하는 시점,정책 가능/금지·우선도·비상대응 상태가 원문과 일치,Python으로 비교조건 산출 후 행동 의미를 인간 대조. 실제 선택된 외교행위와 금지조건을 대조; merely Enabled는 실행 의무 아님.,동시에 다른 변수의 허용/권장/금지가 성립할 때 우선순위 미정. 군사행동 Limited/Aggressive 등의 세부 행위 집합 미정.,c567d0a2b85c2e03b517a3fafcbef889651ee308b958c776f4580ee5ea4dd382,임계값·행동 통제,,VDM-POLICY
VDM-OPTION-Tension-GTEQ0.8-Emergency_Response,vdm/Variable-Decision Matrix.json,"$.decision_options.Tension["">=0.8""].Emergency_Response",Required,강제 제약,확인된 현상태 Tension >=0.8; 관련 행동을 판단하는 시점,정책 가능/금지·우선도·비상대응 상태가 원문과 일치,Python으로 비교조건 산출 후 행동 의미를 인간 대조. 실제 선택된 외교행위와 금지조건을 대조; merely Enabled는 실행 의무 아님.,동시에 다른 변수의 허용/권장/금지가 성립할 때 우선순위 미정. 군사행동 Limited/Aggressive 등의 세부 행위 집합 미정.,c567d0a2b85c2e03b517a3fafcbef889651ee308b958c776f4580ee5ea4dd382,임계값·행동 통제,,VDM-POLICY
VDM-OPTION-Diplomatic_Support-GT0.5-Diplomatic_Negotiation,vdm/Variable-Decision Matrix.json,"$.decision_options.Diplomatic_Support["">0.5""].Diplomatic_Negotiation",Strongly Encouraged,선호·목표,확인된 현상태 Diplomatic_Support >0.5; 관련 행동을 판단하는 시점,정책 가능/금지·우선도·비상대응 상태가 원문과 일치,Python으로 비교조건 산출 후 행동 의미를 인간 대조. 실제 선택된 외교행위와 금지조건을 대조; merely Enabled는 실행 의무 아님.,동시에 다른 변수의 허용/권장/금지가 성립할 때 우선순위 미정. 군사행동 Limited/Aggressive 등의 세부 행위 집합 미정.,c567d0a2b85c2e03b517a3fafcbef889651ee308b958c776f4580ee5ea4dd382,임계값·행동 통제,,VDM-POLICY
VDM-OPTION-Diplomatic_Support-GT0.5-Military_Action,vdm/Variable-Decision Matrix.json,"$.decision_options.Diplomatic_Support["">0.5""].Military_Action",Limited,조건부 규칙,확인된 현상태 Diplomatic_Support >0.5; 관련 행동을 판단하는 시점,정책 가능/금지·우선도·비상대응 상태가 원문과 일치,Python으로 비교조건 산출 후 행동 의미를 인간 대조. 실제 선택된 외교행위와 금지조건을 대조; merely Enabled는 실행 의무 아님.,동시에 다른 변수의 허용/권장/금지가 성립할 때 우선순위 미정. 군사행동 Limited/Aggressive 등의 세부 행위 집합 미정.,c567d0a2b85c2e03b517a3fafcbef889651ee308b958c776f4580ee5ea4dd382,임계값·행동 통제,,VDM-POLICY
VDM-OPTION-Diplomatic_Support-GT0.5-Leadership_Policy,vdm/Variable-Decision Matrix.json,"$.decision_options.Diplomatic_Support["">0.5""].Leadership_Policy",Strong Support,조건부 규칙,확인된 현상태 Diplomatic_Support >0.5; 관련 행동을 판단하는 시점,정책 가능/금지·우선도·비상대응 상태가 원문과 일치,Python으로 비교조건 산출 후 행동 의미를 인간 대조. 실제 선택된 외교행위와 금지조건을 대조; merely Enabled는 실행 의무 아님.,동시에 다른 변수의 허용/권장/금지가 성립할 때 우선순위 미정. 군사행동 Limited/Aggressive 등의 세부 행위 집합 미정.,c567d0a2b85c2e03b517a3fafcbef889651ee308b958c776f4580ee5ea4dd382,임계값·행동 통제,,VDM-POLICY
VDM-OPTION-Diplomatic_Support-GT0.5-Emergency_Response,vdm/Variable-Decision Matrix.json,"$.decision_options.Diplomatic_Support["">0.5""].Emergency_Response",Not Required,조건부 규칙,확인된 현상태 Diplomatic_Support >0.5; 관련 행동을 판단하는 시점,정책 가능/금지·우선도·비상대응 상태가 원문과 일치,Python으로 비교조건 산출 후 행동 의미를 인간 대조. 실제 선택된 외교행위와 금지조건을 대조; merely Enabled는 실행 의무 아님.,동시에 다른 변수의 허용/권장/금지가 성립할 때 우선순위 미정. 군사행동 Limited/Aggressive 등의 세부 행위 집합 미정.,c567d0a2b85c2e03b517a3fafcbef889651ee308b958c776f4580ee5ea4dd382,임계값·행동 통제,,VDM-POLICY
VDM-OPTION-Diplomatic_Support-LTEQ0.5-Diplomatic_Negotiation,vdm/Variable-Decision Matrix.json,"$.decision_options.Diplomatic_Support[""<=0.5""].Diplomatic_Negotiation",Disabled,강제 제약,확인된 현상태 Diplomatic_Support <=0.5; 관련 행동을 판단하는 시점,정책 가능/금지·우선도·비상대응 상태가 원문과 일치,Python으로 비교조건 산출 후 행동 의미를 인간 대조. 실제 선택된 외교행위와 금지조건을 대조; merely Enabled는 실행 의무 아님.,동시에 다른 변수의 허용/권장/금지가 성립할 때 우선순위 미정. 군사행동 Limited/Aggressive 등의 세부 행위 집합 미정.,c567d0a2b85c2e03b517a3fafcbef889651ee308b958c776f4580ee5ea4dd382,임계값·행동 통제,,VDM-POLICY
VDM-OPTION-Diplomatic_Support-LTEQ0.5-Military_Action,vdm/Variable-Decision Matrix.json,"$.decision_options.Diplomatic_Support[""<=0.5""].Military_Action",Primary Option,선호·목표,확인된 현상태 Diplomatic_Support <=0.5; 관련 행동을 판단하는 시점,정책 가능/금지·우선도·비상대응 상태가 원문과 일치,Python으로 비교조건 산출 후 행동 의미를 인간 대조. 실제 선택된 외교행위와 금지조건을 대조; merely Enabled는 실행 의무 아님.,동시에 다른 변수의 허용/권장/금지가 성립할 때 우선순위 미정. 군사행동 Limited/Aggressive 등의 세부 행위 집합 미정.,c567d0a2b85c2e03b517a3fafcbef889651ee308b958c776f4580ee5ea4dd382,임계값·행동 통제,,VDM-POLICY
VDM-OPTION-Diplomatic_Support-LTEQ0.5-Leadership_Policy,vdm/Variable-Decision Matrix.json,"$.decision_options.Diplomatic_Support[""<=0.5""].Leadership_Policy",Isolation,조건부 규칙,확인된 현상태 Diplomatic_Support <=0.5; 관련 행동을 판단하는 시점,정책 가능/금지·우선도·비상대응 상태가 원문과 일치,Python으로 비교조건 산출 후 행동 의미를 인간 대조. 실제 선택된 외교행위와 금지조건을 대조; merely Enabled는 실행 의무 아님.,동시에 다른 변수의 허용/권장/금지가 성립할 때 우선순위 미정. 군사행동 Limited/Aggressive 등의 세부 행위 집합 미정.,c567d0a2b85c2e03b517a3fafcbef889651ee308b958c776f4580ee5ea4dd382,임계값·행동 통제,,VDM-POLICY
VDM-OPTION-Diplomatic_Support-LTEQ0.5-Emergency_Response,vdm/Variable-Decision Matrix.json,"$.decision_options.Diplomatic_Support[""<=0.5""].Emergency_Response",Urgent,강제 제약,확인된 현상태 Diplomatic_Support <=0.5; 관련 행동을 판단하는 시점,정책 가능/금지·우선도·비상대응 상태가 원문과 일치,Python으로 비교조건 산출 후 행동 의미를 인간 대조. 실제 선택된 외교행위와 금지조건을 대조; merely Enabled는 실행 의무 아님.,동시에 다른 변수의 허용/권장/금지가 성립할 때 우선순위 미정. 군사행동 Limited/Aggressive 등의 세부 행위 집합 미정.,c567d0a2b85c2e03b517a3fafcbef889651ee308b958c776f4580ee5ea4dd382,임계값·행동 통제,,VDM-POLICY
VDM-OPTION-Public_Opinion-GT0.4-Diplomatic_Negotiation,vdm/Variable-Decision Matrix.json,"$.decision_options.Public_Opinion["">0.4""].Diplomatic_Negotiation",Strongly Encouraged,선호·목표,확인된 현상태 Public_Opinion >0.4; 관련 행동을 판단하는 시점,정책 가능/금지·우선도·비상대응 상태가 원문과 일치,Python으로 비교조건 산출 후 행동 의미를 인간 대조. 실제 선택된 외교행위와 금지조건을 대조; merely Enabled는 실행 의무 아님.,동시에 다른 변수의 허용/권장/금지가 성립할 때 우선순위 미정. 군사행동 Limited/Aggressive 등의 세부 행위 집합 미정.,c567d0a2b85c2e03b517a3fafcbef889651ee308b958c776f4580ee5ea4dd382,임계값·행동 통제,,VDM-POLICY
VDM-OPTION-Public_Opinion-GT0.4-Military_Action,vdm/Variable-Decision Matrix.json,"$.decision_options.Public_Opinion["">0.4""].Military_Action",Limited,조건부 규칙,확인된 현상태 Public_Opinion >0.4; 관련 행동을 판단하는 시점,정책 가능/금지·우선도·비상대응 상태가 원문과 일치,Python으로 비교조건 산출 후 행동 의미를 인간 대조. 실제 선택된 외교행위와 금지조건을 대조; merely Enabled는 실행 의무 아님.,동시에 다른 변수의 허용/권장/금지가 성립할 때 우선순위 미정. 군사행동 Limited/Aggressive 등의 세부 행위 집합 미정.,c567d0a2b85c2e03b517a3fafcbef889651ee308b958c776f4580ee5ea4dd382,임계값·행동 통제,,VDM-POLICY
VDM-OPTION-Public_Opinion-GT0.4-Leadership_Policy,vdm/Variable-Decision Matrix.json,"$.decision_options.Public_Opinion["">0.4""].Leadership_Policy",Strengthened,조건부 규칙,확인된 현상태 Public_Opinion >0.4; 관련 행동을 판단하는 시점,정책 가능/금지·우선도·비상대응 상태가 원문과 일치,Python으로 비교조건 산출 후 행동 의미를 인간 대조. 실제 선택된 외교행위와 금지조건을 대조; merely Enabled는 실행 의무 아님.,동시에 다른 변수의 허용/권장/금지가 성립할 때 우선순위 미정. 군사행동 Limited/Aggressive 등의 세부 행위 집합 미정.,c567d0a2b85c2e03b517a3fafcbef889651ee308b958c776f4580ee5ea4dd382,임계값·행동 통제,,VDM-POLICY
VDM-OPTION-Public_Opinion-GT0.4-Emergency_Response,vdm/Variable-Decision Matrix.json,"$.decision_options.Public_Opinion["">0.4""].Emergency_Response",Not Required,조건부 규칙,확인된 현상태 Public_Opinion >0.4; 관련 행동을 판단하는 시점,정책 가능/금지·우선도·비상대응 상태가 원문과 일치,Python으로 비교조건 산출 후 행동 의미를 인간 대조. 실제 선택된 외교행위와 금지조건을 대조; merely Enabled는 실행 의무 아님.,동시에 다른 변수의 허용/권장/금지가 성립할 때 우선순위 미정. 군사행동 Limited/Aggressive 등의 세부 행위 집합 미정.,c567d0a2b85c2e03b517a3fafcbef889651ee308b958c776f4580ee5ea4dd382,임계값·행동 통제,,VDM-POLICY
VDM-OPTION-Public_Opinion-LTEQ0.4-Diplomatic_Negotiation,vdm/Variable-Decision Matrix.json,"$.decision_options.Public_Opinion[""<=0.4""].Diplomatic_Negotiation",Disabled,강제 제약,확인된 현상태 Public_Opinion <=0.4; 관련 행동을 판단하는 시점,정책 가능/금지·우선도·비상대응 상태가 원문과 일치,Python으로 비교조건 산출 후 행동 의미를 인간 대조. 실제 선택된 외교행위와 금지조건을 대조; merely Enabled는 실행 의무 아님.,동시에 다른 변수의 허용/권장/금지가 성립할 때 우선순위 미정. 군사행동 Limited/Aggressive 등의 세부 행위 집합 미정.,c567d0a2b85c2e03b517a3fafcbef889651ee308b958c776f4580ee5ea4dd382,임계값·행동 통제,,VDM-POLICY
VDM-OPTION-Public_Opinion-LTEQ0.4-Military_Action,vdm/Variable-Decision Matrix.json,"$.decision_options.Public_Opinion[""<=0.4""].Military_Action",Primary Option,선호·목표,확인된 현상태 Public_Opinion <=0.4; 관련 행동을 판단하는 시점,정책 가능/금지·우선도·비상대응 상태가 원문과 일치,Python으로 비교조건 산출 후 행동 의미를 인간 대조. 실제 선택된 외교행위와 금지조건을 대조; merely Enabled는 실행 의무 아님.,동시에 다른 변수의 허용/권장/금지가 성립할 때 우선순위 미정. 군사행동 Limited/Aggressive 등의 세부 행위 집합 미정.,c567d0a2b85c2e03b517a3fafcbef889651ee308b958c776f4580ee5ea4dd382,임계값·행동 통제,,VDM-POLICY
VDM-OPTION-Public_Opinion-LTEQ0.4-Leadership_Policy,vdm/Variable-Decision Matrix.json,"$.decision_options.Public_Opinion[""<=0.4""].Leadership_Policy",Collapse Risk,조건부 규칙,확인된 현상태 Public_Opinion <=0.4; 관련 행동을 판단하는 시점,정책 가능/금지·우선도·비상대응 상태가 원문과 일치,Python으로 비교조건 산출 후 행동 의미를 인간 대조. 실제 선택된 외교행위와 금지조건을 대조; merely Enabled는 실행 의무 아님.,동시에 다른 변수의 허용/권장/금지가 성립할 때 우선순위 미정. 군사행동 Limited/Aggressive 등의 세부 행위 집합 미정.,c567d0a2b85c2e03b517a3fafcbef889651ee308b958c776f4580ee5ea4dd382,임계값·행동 통제,,VDM-POLICY
VDM-OPTION-Public_Opinion-LTEQ0.4-Emergency_Response,vdm/Variable-Decision Matrix.json,"$.decision_options.Public_Opinion[""<=0.4""].Emergency_Response",Urgent,강제 제약,확인된 현상태 Public_Opinion <=0.4; 관련 행동을 판단하는 시점,정책 가능/금지·우선도·비상대응 상태가 원문과 일치,Python으로 비교조건 산출 후 행동 의미를 인간 대조. 실제 선택된 외교행위와 금지조건을 대조; merely Enabled는 실행 의무 아님.,동시에 다른 변수의 허용/권장/금지가 성립할 때 우선순위 미정. 군사행동 Limited/Aggressive 등의 세부 행위 집합 미정.,c567d0a2b85c2e03b517a3fafcbef889651ee308b958c776f4580ee5ea4dd382,임계값·행동 통제,,VDM-POLICY
VDM-OPTION-Leadership_Unity-GT0.5-Diplomatic_Negotiation,vdm/Variable-Decision Matrix.json,"$.decision_options.Leadership_Unity["">0.5""].Diplomatic_Negotiation",Stable Decision,조건부 규칙,확인된 현상태 Leadership_Unity >0.5; 관련 행동을 판단하는 시점,정책 가능/금지·우선도·비상대응 상태가 원문과 일치,Python으로 비교조건 산출 후 행동 의미를 인간 대조. 실제 선택된 외교행위와 금지조건을 대조; merely Enabled는 실행 의무 아님.,동시에 다른 변수의 허용/권장/금지가 성립할 때 우선순위 미정. 군사행동 Limited/Aggressive 등의 세부 행위 집합 미정.,c567d0a2b85c2e03b517a3fafcbef889651ee308b958c776f4580ee5ea4dd382,임계값·행동 통제,,VDM-POLICY
VDM-OPTION-Leadership_Unity-GT0.5-Military_Action,vdm/Variable-Decision Matrix.json,"$.decision_options.Leadership_Unity["">0.5""].Military_Action",Restrained,조건부 규칙,확인된 현상태 Leadership_Unity >0.5; 관련 행동을 판단하는 시점,정책 가능/금지·우선도·비상대응 상태가 원문과 일치,Python으로 비교조건 산출 후 행동 의미를 인간 대조. 실제 선택된 외교행위와 금지조건을 대조; merely Enabled는 실행 의무 아님.,동시에 다른 변수의 허용/권장/금지가 성립할 때 우선순위 미정. 군사행동 Limited/Aggressive 등의 세부 행위 집합 미정.,c567d0a2b85c2e03b517a3fafcbef889651ee308b958c776f4580ee5ea4dd382,임계값·행동 통제,,VDM-POLICY
VDM-OPTION-Leadership_Unity-GT0.5-Leadership_Policy,vdm/Variable-Decision Matrix.json,"$.decision_options.Leadership_Unity["">0.5""].Leadership_Policy",Stable,조건부 규칙,확인된 현상태 Leadership_Unity >0.5; 관련 행동을 판단하는 시점,정책 가능/금지·우선도·비상대응 상태가 원문과 일치,Python으로 비교조건 산출 후 행동 의미를 인간 대조. 실제 선택된 외교행위와 금지조건을 대조; merely Enabled는 실행 의무 아님.,동시에 다른 변수의 허용/권장/금지가 성립할 때 우선순위 미정. 군사행동 Limited/Aggressive 등의 세부 행위 집합 미정.,c567d0a2b85c2e03b517a3fafcbef889651ee308b958c776f4580ee5ea4dd382,임계값·행동 통제,,VDM-POLICY
VDM-OPTION-Leadership_Unity-GT0.5-Emergency_Response,vdm/Variable-Decision Matrix.json,"$.decision_options.Leadership_Unity["">0.5""].Emergency_Response",Not Required,조건부 규칙,확인된 현상태 Leadership_Unity >0.5; 관련 행동을 판단하는 시점,정책 가능/금지·우선도·비상대응 상태가 원문과 일치,Python으로 비교조건 산출 후 행동 의미를 인간 대조. 실제 선택된 외교행위와 금지조건을 대조; merely Enabled는 실행 의무 아님.,동시에 다른 변수의 허용/권장/금지가 성립할 때 우선순위 미정. 군사행동 Limited/Aggressive 등의 세부 행위 집합 미정.,c567d0a2b85c2e03b517a3fafcbef889651ee308b958c776f4580ee5ea4dd382,임계값·행동 통제,,VDM-POLICY
VDM-OPTION-Leadership_Unity-LTEQ0.5-Diplomatic_Negotiation,vdm/Variable-Decision Matrix.json,"$.decision_options.Leadership_Unity[""<=0.5""].Diplomatic_Negotiation",Confused Policy,조건부 규칙,확인된 현상태 Leadership_Unity <=0.5; 관련 행동을 판단하는 시점,정책 가능/금지·우선도·비상대응 상태가 원문과 일치,Python으로 비교조건 산출 후 행동 의미를 인간 대조. 실제 선택된 외교행위와 금지조건을 대조; merely Enabled는 실행 의무 아님.,동시에 다른 변수의 허용/권장/금지가 성립할 때 우선순위 미정. 군사행동 Limited/Aggressive 등의 세부 행위 집합 미정.,c567d0a2b85c2e03b517a3fafcbef889651ee308b958c776f4580ee5ea4dd382,임계값·행동 통제,,VDM-POLICY
VDM-OPTION-Leadership_Unity-LTEQ0.5-Military_Action,vdm/Variable-Decision Matrix.json,"$.decision_options.Leadership_Unity[""<=0.5""].Military_Action",Radical Adoption,선호·목표,확인된 현상태 Leadership_Unity <=0.5; 관련 행동을 판단하는 시점,정책 가능/금지·우선도·비상대응 상태가 원문과 일치,Python으로 비교조건 산출 후 행동 의미를 인간 대조. 실제 선택된 외교행위와 금지조건을 대조; merely Enabled는 실행 의무 아님.,동시에 다른 변수의 허용/권장/금지가 성립할 때 우선순위 미정. 군사행동 Limited/Aggressive 등의 세부 행위 집합 미정.,c567d0a2b85c2e03b517a3fafcbef889651ee308b958c776f4580ee5ea4dd382,임계값·행동 통제,,VDM-POLICY
VDM-OPTION-Leadership_Unity-LTEQ0.5-Leadership_Policy,vdm/Variable-Decision Matrix.json,"$.decision_options.Leadership_Unity[""<=0.5""].Leadership_Policy",Severe Internal Conflict,조건부 규칙,확인된 현상태 Leadership_Unity <=0.5; 관련 행동을 판단하는 시점,정책 가능/금지·우선도·비상대응 상태가 원문과 일치,Python으로 비교조건 산출 후 행동 의미를 인간 대조. 실제 선택된 외교행위와 금지조건을 대조; merely Enabled는 실행 의무 아님.,동시에 다른 변수의 허용/권장/금지가 성립할 때 우선순위 미정. 군사행동 Limited/Aggressive 등의 세부 행위 집합 미정.,c567d0a2b85c2e03b517a3fafcbef889651ee308b958c776f4580ee5ea4dd382,임계값·행동 통제,,VDM-POLICY
VDM-OPTION-Leadership_Unity-LTEQ0.5-Emergency_Response,vdm/Variable-Decision Matrix.json,"$.decision_options.Leadership_Unity[""<=0.5""].Emergency_Response",Required,강제 제약,확인된 현상태 Leadership_Unity <=0.5; 관련 행동을 판단하는 시점,정책 가능/금지·우선도·비상대응 상태가 원문과 일치,Python으로 비교조건 산출 후 행동 의미를 인간 대조. 실제 선택된 외교행위와 금지조건을 대조; merely Enabled는 실행 의무 아님.,동시에 다른 변수의 허용/권장/금지가 성립할 때 우선순위 미정. 군사행동 Limited/Aggressive 등의 세부 행위 집합 미정.,c567d0a2b85c2e03b517a3fafcbef889651ee308b958c776f4580ee5ea4dd382,임계값·행동 통제,,VDM-POLICY
P-INFO-01,protocols/prompt_templates/Prompt.pdf,p.1,"All judgments must be based solely on the provided JSON files and the previous Turn Result Log, and must not reflect historical outcomes or modern interpretations.",정보 접근 조건,모든 판단과 출력,판단·행동 이유의 정보가 JSON 및 승계 로그에 근거,인간 검토: 외부 사실/미래 결과를 단정하는 구절과 입력을 대조. 로그에 이미 추가된 외부 정보는 최초 유입시점 추적.,Prompt 고정 Event는 연구자가 제공한 추가 입력으로 허용. JSON 자체에도 Oct22 등 미래 정보 존재.,a3b87d66392bba576d5ecd97c1b526f361138ba9656fb63a4cac8bbef9d5719a,정보 접근,,P-INFO-01
P-EVENT-01,protocols/prompt_templates/Prompt.pdf,p.1,"Proceed in Event units; after each Event, reflect variable changes and triggers before moving to the next Event.",수행 절차·출력 형식,각 이벤트 사이,사건별 상태·트리거 갱신 후 다음 사건,"이벤트 순서 및 중간상태를 대조; 완전기록에서 명시 갱신 누락은 위반, 불완전기록은 판정 불가.",,a3b87d66392bba576d5ecd97c1b526f361138ba9656fb63a4cac8bbef9d5719a,시나리오 수행 절차,,P-EVENT-01
P-VDM-01,protocols/prompt_templates/Prompt.pdf,p.1,Variables must follow the Variable-Decision Matrix in the JSON file.,강제 제약,상태 갱신·정책 선택,VDM 효과·임계규칙에 맞는 갱신·행동,"효과 계산은 Python, 행동 매핑·정책 의미는 인간 검토.",actor effect_rules와 효과 의미/우선순위 불명확.,a3b87d66392bba576d5ecd97c1b526f361138ba9656fb63a4cac8bbef9d5719a,행동–VDM 효과,,P-VDM-01
P-T1-ALT,protocols/prompt_templates/Prompt.pdf,p.1,"For both the United States and the Soviet Union, identify 2-3 'realistic and plausible' alternative strategic actions for the current event, and for each alternative, clearly state the rationale based on the JSON information.",수행 절차·출력 형식,Turn1 / 국가별,"미국 2–3, 소련 2–3개의 식별 가능한 행동대안 및 각 JSON 근거",국가별 대안 수와 실제 내용·근거 대조. 제목/모델 자기진술만으로 충족 아님.,,a3b87d66392bba576d5ecd97c1b526f361138ba9656fb63a4cac8bbef9d5719a,시나리오 수행 절차,,P-T1-ALT
P-T1-TRIG,protocols/prompt_templates/Prompt.pdf,p.1,"For each selected alternative, identify the 'next event triggers' that could occur, based on their probability according to the JSON information. This should include both inevitably occurring triggers and potentially occurring triggers.",수행 절차·출력 형식,Turn1 / 선택 대안별,"대안별 다음사건 trigger, 확정/가능 구분",대안과 trigger 연결을 확인; 제시되지 않은 수치확률은 만들지 않음.,JSON 가중치는 발생확률이 아니고 확률변환 규칙도 없음.,a3b87d66392bba576d5ecd97c1b526f361138ba9656fb63a4cac8bbef9d5719a,시나리오 수행 절차,,P-T1-TRIG
P-T1-CONFLICT,protocols/prompt_templates/Prompt.pdf,p.1,"If the strategic alternatives of the United States and the Soviet Union conflict, briefly assess the priorities in each conflict scenario.",조건부 규칙,Turn1 / 양측 대안 충돌,충돌상황별 우선순위 검토,사람이 대안의 실제 충돌을 확인한 뒤 우선순위 근거 대조.,,a3b87d66392bba576d5ecd97c1b526f361138ba9656fb63a4cac8bbef9d5719a,시나리오 수행 절차,,P-T1-CONFLICT
P-T1-COMB,protocols/prompt_templates/Prompt.pdf,p.1,"Specify 1 'most plausible' combination of strategic actions for this Turn, and additionally 1-2 'alternative plausible paths' (totaling 2-3 combinations) that could lead to different realistic outcomes.",수행 절차·출력 형식,Turn1,"가장 개연성 높은 조합 1개와 대안 1–2개, 각 미국·소련 행동쌍",국가별 실제 대안을 조합한 2–3 경로와 우선경로 식별 확인.,,a3b87d66392bba576d5ecd97c1b526f361138ba9656fb63a4cac8bbef9d5719a,시나리오 수행 절차,,P-T1-COMB
P-T1-COMB-REASON,protocols/prompt_templates/Prompt.pdf,p.1,Briefly explain the logic behind choosing each combination. These 'combinations' pair each actor's chosen action.,수행 절차·출력 형식,Turn1 / 조합별,선택한 실제 행동쌍 및 조합 선택논리,조합이 앞선 대안에 연결되는지와 근거 내용 대조.,,a3b87d66392bba576d5ecd97c1b526f361138ba9656fb63a4cac8bbef9d5719a,시나리오 수행 절차,,P-T1-COMB-REASON
P-LOG-01,protocols/prompt_templates/Prompt.pdf,p.1,"For each of the 2-3 'strategic action combinations' identified in the previous turn, generate the predicted variable changes and a result log based on the selected actions. Create a separate result log for each combination.",수행 절차·출력 형식,로그 생성 요청 / 조합별,각 조합별 행동·수치변화·결과로그 분리,선택된 조합과 결과로그를 일대일 연결; 조합 혼합/누락 대조.,,a3b87d66392bba576d5ecd97c1b526f361138ba9656fb63a4cac8bbef9d5719a,출력 구조,,P-LOG-01
P-EFFECT-01,protocols/prompt_templates/Prompt.pdf,p.1,Variable changes must be calculated strictly based on the predefined Effect Rules and must not be arbitrarily judged.,강제 제약,모든 수치 변화,행동/이벤트–규칙–증분 연결,"효과명·연산 기록이 있는 경우 독립 Python 계산, 의미 매핑은 인간 검토.",복합사건·임의 새 사건명·actor effect_rules 의미 불명확성을 위반과 분리.,a3b87d66392bba576d5ecd97c1b526f361138ba9656fb63a4cac8bbef9d5719a,행동–VDM 효과,,P-EFFECT-01
P-STATE-01,protocols/prompt_templates/Prompt.pdf,p.1,"After applying variable changes, you must respond to the [Reconfirm Variable Status] request.",수행 절차·출력 형식,로그/상태 재확인 요청,각 조합·국가별 갱신 상태,완전한 응답에서 명시 상태 누락은 해당 출력 요구 위반.,,a3b87d66392bba576d5ecd97c1b526f361138ba9656fb63a4cac8bbef9d5719a,출력 구조,,P-STATE-01
P-LOG-NAME,protocols/prompt_templates/Prompt.pdf,p.2,Scenario Combination Name:,수행 절차·출력 형식,결과로그 / 조합·국가별,식별 가능한 조합명,명시 요구 내용의 존재를 확인하되 실제 의미·계산 준수 점수와 별도.,,a3b87d66392bba576d5ecd97c1b526f361138ba9656fb63a4cac8bbef9d5719a,출력 구조,,P-LOG-NAME
P-LOG-ACTOR,protocols/prompt_templates/Prompt.pdf,p.2,Selected Actor:,수행 절차·출력 형식,결과로그 / 조합·국가별,미국/소련 구분,명시 요구 내용의 존재를 확인하되 실제 의미·계산 준수 점수와 별도.,,a3b87d66392bba576d5ecd97c1b526f361138ba9656fb63a4cac8bbef9d5719a,출력 구조,,P-LOG-ACTOR
P-LOG-ACTION,protocols/prompt_templates/Prompt.pdf,p.2,Selected Action:,수행 절차·출력 형식,결과로그 / 조합·국가별,선택한 행동,명시 요구 내용의 존재를 확인하되 실제 의미·계산 준수 점수와 별도.,,a3b87d66392bba576d5ecd97c1b526f361138ba9656fb63a4cac8bbef9d5719a,출력 구조,,P-LOG-ACTION
P-LOG-DELTA,protocols/prompt_templates/Prompt.pdf,p.2,Predicted Variable Change:,수행 절차·출력 형식,결과로그 / 조합·국가별,"tension, diplomatic_support, public_opinion, leadership_unity 증분",명시 요구 내용의 존재를 확인하되 실제 의미·계산 준수 점수와 별도.,,a3b87d66392bba576d5ecd97c1b526f361138ba9656fb63a4cac8bbef9d5719a,출력 구조,,P-LOG-DELTA
P-LOG-TRIGGER,protocols/prompt_templates/Prompt.pdf,p.2,Generated Triggers:,수행 절차·출력 형식,결과로그 / 조합·국가별,생성 트리거,명시 요구 내용의 존재를 확인하되 실제 의미·계산 준수 점수와 별도.,,a3b87d66392bba576d5ecd97c1b526f361138ba9656fb63a4cac8bbef9d5719a,출력 구조,,P-LOG-TRIGGER
P-STATE-tension,protocols/prompt_templates/Prompt.pdf,p.2,tension: [New Value],수행 절차·출력 형식,상태 재확인 / 조합·국가별,tension의 새 상태값,전체 응답에서 명시 새 상태 확인; 누락값 추정 금지.,,a3b87d66392bba576d5ecd97c1b526f361138ba9656fb63a4cac8bbef9d5719a,출력 구조,,P-STATE-tension
P-STATE-diplomatic_support,protocols/prompt_templates/Prompt.pdf,p.2,diplomatic_support: [New Value],수행 절차·출력 형식,상태 재확인 / 조합·국가별,diplomatic_support의 새 상태값,전체 응답에서 명시 새 상태 확인; 누락값 추정 금지.,,a3b87d66392bba576d5ecd97c1b526f361138ba9656fb63a4cac8bbef9d5719a,출력 구조,,P-STATE-diplomatic_support
P-STATE-military_posture,protocols/prompt_templates/Prompt.pdf,p.2,military_posture: [State],수행 절차·출력 형식,상태 재확인 / 조합·국가별,military_posture의 새 상태값,전체 응답에서 명시 새 상태 확인; 누락값 추정 금지.,military_posture 수치효과/자동 전환 규칙이 VDM에 정의되지 않음.,a3b87d66392bba576d5ecd97c1b526f361138ba9656fb63a4cac8bbef9d5719a,출력 구조,,P-STATE-military_posture
P-STATE-public_opinion,protocols/prompt_templates/Prompt.pdf,p.2,public_opinion: [New Value],수행 절차·출력 형식,상태 재확인 / 조합·국가별,public_opinion의 새 상태값,전체 응답에서 명시 새 상태 확인; 누락값 추정 금지.,,a3b87d66392bba576d5ecd97c1b526f361138ba9656fb63a4cac8bbef9d5719a,출력 구조,,P-STATE-public_opinion
P-STATE-leadership_unity,protocols/prompt_templates/Prompt.pdf,p.2,leadership_unity: [New Value],수행 절차·출력 형식,상태 재확인 / 조합·국가별,leadership_unity의 새 상태값,전체 응답에서 명시 새 상태 확인; 누락값 추정 금지.,,a3b87d66392bba576d5ecd97c1b526f361138ba9656fb63a4cac8bbef9d5719a,출력 구조,,P-STATE-leadership_unity
P-T2-ALT,protocols/prompt_templates/Prompt.pdf,p.2,"Based on the current variable states and the event that occurred within each 'scenario combination', identify 2-3 'realistic and plausible' alternative strategic actions for both the United States and the Soviet Union.",수행 절차·출력 형식,Turn2 / 기존 조합·국가별,기존 조합 상태를 승계한 국가별 2–3 대안,표시된 대안은 내용 대조; 미표시는 같은 블록의 output only the result log와 충돌하여 판정 불가.,같은 블록의 output only the result log와 명시 출력 요구 충돌.,a3b87d66392bba576d5ecd97c1b526f361138ba9656fb63a4cac8bbef9d5719a,시나리오 수행 절차,,P-T2-ALT
P-T2-REASON,protocols/prompt_templates/Prompt.pdf,p.2,"For each alternative, clearly state the rationale based on the JSON information.",수행 절차·출력 형식,Turn2 / 대안별,JSON에 연결된 대안별 실제 이유,이유 내용/역할을 인간 대조. 완전한 로그만 있고 이유가 없으면 출력지시 충돌 표시.,대안·이유 출력 vs 로그만 출력 충돌.,a3b87d66392bba576d5ecd97c1b526f361138ba9656fb63a4cac8bbef9d5719a,시나리오 수행 절차,,P-T2-REASON
P-T2-TRIG,protocols/prompt_templates/Prompt.pdf,p.2,"For each selected alternative, identify the 'next event triggers' that could occur, based on their probability according to the JSON information.",수행 절차·출력 형식,Turn2 / 선택 대안별,선택 대안에 연결된 다음사건 trigger,"로그 trigger와 행동의 연결, 필연/가능 표시는 인간 대조.",수치확률 규칙 미정. 로그만 출력 지시와 구체성 요구 충돌.,a3b87d66392bba576d5ecd97c1b526f361138ba9656fb63a4cac8bbef9d5719a,시나리오 수행 절차,,P-T2-TRIG
P-T2-CONFLICT,protocols/prompt_templates/Prompt.pdf,p.2,"Within each 'scenario combination', if the strategic alternatives of the United States and the Soviet Union conflict, briefly assess the priorities in each conflict scenario.",조건부 규칙,Turn2 / 조합 내 양측 대안 충돌,충돌별 우선순위 판단,충돌 전건·근거 인간 대조.,로그만 출력 지시와 충돌 평가 출력 요구 상충.,a3b87d66392bba576d5ecd97c1b526f361138ba9656fb63a4cac8bbef9d5719a,시나리오 수행 절차,,P-T2-CONFLICT
P-T2-BRANCH,protocols/prompt_templates/Prompt.pdf,p.2,"For each 'scenario combination', specify 1 'most plausible' combination of strategic actions for this Turn, and additionally 1-2 'alternative plausible paths' (totaling 2-3 combinations) that could lead to different realistic outcomes.",수행 절차·출력 형식,Turn2 / 부모 조합별,부모마다 주경로 1개+대안1–2개 식별,실제 입력에 이 지시가 있으면 명시 부모–자식 조합 연결 및 수 점검. 완전한 응답에서 부모별 추가대안 분기를 전혀 만들지 않고 기존 경로 하나씩만 계속하면 분기 출력 요구 위반. 기록 불완전 또는 부모 연결 자체를 확정할 수 없으면 판정 불가.,일반 프로토콜의 최종 2–3 수렴은 매 부모별 추가 분기의 가지치기 시점·방법을 정의하지 않음. 전달·시점 미확정 프로토콜로 실제 사용자 지시를 무효화하지 않음.,a3b87d66392bba576d5ecd97c1b526f361138ba9656fb63a4cac8bbef9d5719a,시나리오 수행 절차,,P-T2-BRANCH
P-T2-INHERIT,protocols/prompt_templates/Prompt.pdf,p.2,Ensure that the branching maintains the flow of the ongoing scenario while exploring new directions.,수행 절차·출력 형식,Turn2 / 부모–자식 조합,부모 행동·후상태·트리거와 일치하는 자식 분기,명시 부모상태와 다음 전상태를 변수별 비교; 행동서사와 분기 정체성은 인간 검토.,부모식별자/분기선언이 없으면 가장 가까운 값을 임의 매칭하지 않음.,a3b87d66392bba576d5ecd97c1b526f361138ba9656fb63a4cac8bbef9d5719a,분기·상태 승계,,P-T2-INHERIT
P-T2-POLICY,protocols/prompt_templates/Prompt.pdf,p.2,"For each 'scenario combination', output only the result log, updating variables and judging triggers and policy options based on the actor's current variable states and the event that occurred, according to the Variable-Decision Matrix.json file.",수행 절차·출력 형식,Turn2 / 조합별,현상태와 사건에 맞는 효과·trigger·정책옵션 결과로그,수치 계산과 실제 행동 가능성 대조를 분리. 외교금지조건 아래 협상선택은 의미 검토 대상으로 올림.,앞선 대안·이유 출력 지시와 충돌. VDM 변수간 우선순위 미정.,a3b87d66392bba576d5ecd97c1b526f361138ba9656fb63a4cac8bbef9d5719a,임계값·행동 통제,,P-T2-POLICY
P-T3-ALT,protocols/prompt_templates/Prompt.pdf,p.3,"Based on the current variable states and the event that occurred within each 'scenario combination', identify 2-3 'realistic and plausible' alternative strategic actions for both the United States and the Soviet Union.",수행 절차·출력 형식,Turn3 / 기존 조합·국가별,기존 조합 상태를 승계한 국가별 2–3 대안,표시된 대안은 내용 대조; 미표시는 같은 블록의 output only the result log와 충돌하여 판정 불가.,같은 블록의 output only the result log와 명시 출력 요구 충돌.,a3b87d66392bba576d5ecd97c1b526f361138ba9656fb63a4cac8bbef9d5719a,시나리오 수행 절차,,P-T3-ALT
P-T3-REASON,protocols/prompt_templates/Prompt.pdf,p.3,"For each alternative, clearly state the rationale based on the JSON information.",수행 절차·출력 형식,Turn3 / 대안별,JSON에 연결된 대안별 실제 이유,이유 내용/역할을 인간 대조. 완전한 로그만 있고 이유가 없으면 출력지시 충돌 표시.,대안·이유 출력 vs 로그만 출력 충돌.,a3b87d66392bba576d5ecd97c1b526f361138ba9656fb63a4cac8bbef9d5719a,시나리오 수행 절차,,P-T3-REASON
P-T3-TRIG,protocols/prompt_templates/Prompt.pdf,p.3,"For each selected alternative, identify the 'next event triggers' that could occur, based on their probability according to the JSON information.",수행 절차·출력 형식,Turn3 / 선택 대안별,선택 대안에 연결된 다음사건 trigger,"로그 trigger와 행동의 연결, 필연/가능 표시는 인간 대조.",수치확률 규칙 미정. 로그만 출력 지시와 구체성 요구 충돌.,a3b87d66392bba576d5ecd97c1b526f361138ba9656fb63a4cac8bbef9d5719a,시나리오 수행 절차,,P-T3-TRIG
P-T3-CONFLICT,protocols/prompt_templates/Prompt.pdf,p.3,"Within each 'scenario combination', if the strategic alternatives of the United States and the Soviet Union conflict, briefly assess the priorities in each conflict scenario.",조건부 규칙,Turn3 / 조합 내 양측 대안 충돌,충돌별 우선순위 판단,충돌 전건·근거 인간 대조.,로그만 출력 지시와 충돌 평가 출력 요구 상충.,a3b87d66392bba576d5ecd97c1b526f361138ba9656fb63a4cac8bbef9d5719a,시나리오 수행 절차,,P-T3-CONFLICT
P-T3-BRANCH,protocols/prompt_templates/Prompt.pdf,p.3,"For each 'scenario combination', specify 1 'most plausible' combination of strategic actions for this Turn, and additionally 1-2 'alternative plausible paths' (totaling 2-3 combinations) that could lead to different realistic outcomes.",수행 절차·출력 형식,Turn3 / 부모 조합별,부모마다 주경로 1개+대안1–2개 식별,실제 입력에 이 지시가 있으면 명시 부모–자식 조합 연결 및 수 점검. 완전한 응답에서 부모별 추가대안 분기를 전혀 만들지 않고 기존 경로 하나씩만 계속하면 분기 출력 요구 위반. 기록 불완전 또는 부모 연결 자체를 확정할 수 없으면 판정 불가.,일반 프로토콜의 최종 2–3 수렴은 매 부모별 추가 분기의 가지치기 시점·방법을 정의하지 않음. 전달·시점 미확정 프로토콜로 실제 사용자 지시를 무효화하지 않음.,a3b87d66392bba576d5ecd97c1b526f361138ba9656fb63a4cac8bbef9d5719a,시나리오 수행 절차,,P-T3-BRANCH
P-T3-INHERIT,protocols/prompt_templates/Prompt.pdf,p.3,Ensure that the branching maintains the flow of the ongoing scenario while exploring new directions.,수행 절차·출력 형식,Turn3 / 부모–자식 조합,부모 행동·후상태·트리거와 일치하는 자식 분기,명시 부모상태와 다음 전상태를 변수별 비교; 행동서사와 분기 정체성은 인간 검토.,부모식별자/분기선언이 없으면 가장 가까운 값을 임의 매칭하지 않음.,a3b87d66392bba576d5ecd97c1b526f361138ba9656fb63a4cac8bbef9d5719a,분기·상태 승계,,P-T3-INHERIT
P-T3-POLICY,protocols/prompt_templates/Prompt.pdf,p.3,"For each 'scenario combination', output only the result log, updating variables and judging triggers and policy options based on the actor's current variable states and the event that occurred, according to the Variable-Decision Matrix.json file.",수행 절차·출력 형식,Turn3 / 조합별,현상태와 사건에 맞는 효과·trigger·정책옵션 결과로그,수치 계산과 실제 행동 가능성 대조를 분리. 외교금지조건 아래 협상선택은 의미 검토 대상으로 올림.,앞선 대안·이유 출력 지시와 충돌. VDM 변수간 우선순위 미정.,a3b87d66392bba576d5ecd97c1b526f361138ba9656fb63a4cac8bbef9d5719a,임계값·행동 통제,,P-T3-POLICY
P-T4-ALT,protocols/prompt_templates/Prompt.pdf,p.3,"Based on the current variable states and the event that occurred within each 'scenario combination', identify 2-3 'realistic and plausible' alternative strategic actions for both the United States and the Soviet Union.",수행 절차·출력 형식,Turn4 / 기존 조합·국가별,기존 조합 상태를 승계한 국가별 2–3 대안,표시된 대안은 내용 대조; 미표시는 같은 블록의 output only the result log와 충돌하여 판정 불가.,같은 블록의 output only the result log와 명시 출력 요구 충돌.,a3b87d66392bba576d5ecd97c1b526f361138ba9656fb63a4cac8bbef9d5719a,시나리오 수행 절차,,P-T4-ALT
P-T4-REASON,protocols/prompt_templates/Prompt.pdf,p.3,"For each alternative, clearly state the rationale based on the JSON information.",수행 절차·출력 형식,Turn4 / 대안별,JSON에 연결된 대안별 실제 이유,이유 내용/역할을 인간 대조. 완전한 로그만 있고 이유가 없으면 출력지시 충돌 표시.,대안·이유 출력 vs 로그만 출력 충돌.,a3b87d66392bba576d5ecd97c1b526f361138ba9656fb63a4cac8bbef9d5719a,시나리오 수행 절차,,P-T4-REASON
P-T4-TRIG,protocols/prompt_templates/Prompt.pdf,p.3,"For each selected alternative, identify the 'next event triggers' that could occur, based on their probability according to the JSON information.",수행 절차·출력 형식,Turn4 / 선택 대안별,선택 대안에 연결된 다음사건 trigger,"로그 trigger와 행동의 연결, 필연/가능 표시는 인간 대조.",수치확률 규칙 미정. 로그만 출력 지시와 구체성 요구 충돌.,a3b87d66392bba576d5ecd97c1b526f361138ba9656fb63a4cac8bbef9d5719a,시나리오 수행 절차,,P-T4-TRIG
P-T4-CONFLICT,protocols/prompt_templates/Prompt.pdf,p.3,"Within each 'scenario combination', if the strategic alternatives of the United States and the Soviet Union conflict, briefly assess the priorities in each conflict scenario.",조건부 규칙,Turn4 / 조합 내 양측 대안 충돌,충돌별 우선순위 판단,충돌 전건·근거 인간 대조.,로그만 출력 지시와 충돌 평가 출력 요구 상충.,a3b87d66392bba576d5ecd97c1b526f361138ba9656fb63a4cac8bbef9d5719a,시나리오 수행 절차,,P-T4-CONFLICT
P-T4-BRANCH,protocols/prompt_templates/Prompt.pdf,p.3,"For each 'scenario combination', specify 1 'most plausible' combination of strategic actions for this Turn, and additionally 1-2 'alternative plausible paths' (totaling 2-3 combinations) that could lead to different realistic outcomes.",수행 절차·출력 형식,Turn4 / 부모 조합별,부모마다 주경로 1개+대안1–2개 식별,실제 입력에 이 지시가 있으면 명시 부모–자식 조합 연결 및 수 점검. 완전한 응답에서 부모별 추가대안 분기를 전혀 만들지 않고 기존 경로 하나씩만 계속하면 분기 출력 요구 위반. 기록 불완전 또는 부모 연결 자체를 확정할 수 없으면 판정 불가.,일반 프로토콜의 최종 2–3 수렴은 매 부모별 추가 분기의 가지치기 시점·방법을 정의하지 않음. 전달·시점 미확정 프로토콜로 실제 사용자 지시를 무효화하지 않음.,a3b87d66392bba576d5ecd97c1b526f361138ba9656fb63a4cac8bbef9d5719a,시나리오 수행 절차,,P-T4-BRANCH
P-T4-INHERIT,protocols/prompt_templates/Prompt.pdf,p.4,Ensure that the branching maintains the flow of the ongoing scenario while exploring new directions.,수행 절차·출력 형식,Turn4 / 부모–자식 조합,부모 행동·후상태·트리거와 일치하는 자식 분기,명시 부모상태와 다음 전상태를 변수별 비교; 행동서사와 분기 정체성은 인간 검토.,부모식별자/분기선언이 없으면 가장 가까운 값을 임의 매칭하지 않음.,a3b87d66392bba576d5ecd97c1b526f361138ba9656fb63a4cac8bbef9d5719a,분기·상태 승계,,P-T4-INHERIT
P-T4-POLICY,protocols/prompt_templates/Prompt.pdf,p.4,"For each 'scenario combination', output only the result log, updating variables and judging triggers and policy options based on the actor's current variable states and the event that occurred, according to the Variable-Decision Matrix.json file.",수행 절차·출력 형식,Turn4 / 조합별,현상태와 사건에 맞는 효과·trigger·정책옵션 결과로그,수치 계산과 실제 행동 가능성 대조를 분리. 외교금지조건 아래 협상선택은 의미 검토 대상으로 올림.,앞선 대안·이유 출력 지시와 충돌. VDM 변수간 우선순위 미정.,a3b87d66392bba576d5ecd97c1b526f361138ba9656fb63a4cac8bbef9d5719a,임계값·행동 통제,,P-T4-POLICY
P-EVENT-T1,protocols/prompt_templates/Prompt.pdf,p.1,A U.S. reconnaissance plane discovered Soviet missile bases in Cuba and concluded that Soviet nuclear missiles had been deployed.,조건부 규칙,T1의 사용자 사건 입력,현재 사건을 조건으로 삼아 반응·대안 생성,실행 내 실제 사용자 prompt와 같을 때 적용. 고정 사건 자체를 모델의 역사누출로 판정하지 않음.,고정 Event의 복합구성을 특정 VDM 이벤트에 자동 매핑하는 규칙 없음.,a3b87d66392bba576d5ecd97c1b526f361138ba9656fb63a4cac8bbef9d5719a,사건·상태 승계,,P-EVENT-T1
P-EVENT-T2,protocols/prompt_templates/Prompt.pdf,p.2,"The U.S. issued DEFCON 3. During a U.S. naval blockade operation, a Soviet vessel was intercepted; non-military cargo was inspected and allowed to proceed, while military cargo was forced to stop, retreat, or alter its course.",조건부 규칙,T2의 사용자 사건 입력,현재 사건을 조건으로 삼아 반응·대안 생성,실행 내 실제 사용자 prompt와 같을 때 적용. 고정 사건 자체를 모델의 역사누출로 판정하지 않음.,고정 Event의 복합구성을 특정 VDM 이벤트에 자동 매핑하는 규칙 없음.,a3b87d66392bba576d5ecd97c1b526f361138ba9656fb63a4cac8bbef9d5719a,사건·상태 승계,,P-EVENT-T2
P-EVENT-T3,protocols/prompt_templates/Prompt.pdf,p.3,"A U.S. U-2 reconnaissance plane was shot down over Cuba, and the pilot was killed.",조건부 규칙,T3의 사용자 사건 입력,현재 사건을 조건으로 삼아 반응·대안 생성,실행 내 실제 사용자 prompt와 같을 때 적용. 고정 사건 자체를 모델의 역사누출로 판정하지 않음.,고정 Event의 복합구성을 특정 VDM 이벤트에 자동 매핑하는 규칙 없음.,a3b87d66392bba576d5ecd97c1b526f361138ba9656fb63a4cac8bbef9d5719a,사건·상태 승계,,P-EVENT-T3
P-EVENT-T4,protocols/prompt_templates/Prompt.pdf,p.3,A Soviet official meeting issued instructions to de-escalate the crisis while simultaneously preparing for all-out war. The Soviet nuclear submarine B-59 surfaced in response to U.S. depth charges. The U.S. issued DEFCON 2.,조건부 규칙,T4의 사용자 사건 입력,현재 사건을 조건으로 삼아 반응·대안 생성,실행 내 실제 사용자 prompt와 같을 때 적용. 고정 사건 자체를 모델의 역사누출로 판정하지 않음.,고정 Event의 복합구성을 특정 VDM 이벤트에 자동 매핑하는 규칙 없음.,a3b87d66392bba576d5ecd97c1b526f361138ba9656fb63a4cac8bbef9d5719a,사건·상태 승계,,P-EVENT-T4
P-FINAL-COUNT,protocols/prompt_templates/Prompt.pdf,p.4,You must complete at least 3 independent scenario reports in total.,수행 절차·출력 형식,최종 보고서 요청이 실제 주어진 실행,독립적인 최소3개 완성 보고서,명확한 보고서 경계 및 내용으로 개수 확인; 완전응답이 2개 이하이면 위반.,,a3b87d66392bba576d5ecd97c1b526f361138ba9656fb63a4cac8bbef9d5719a,최종 서사,,P-FINAL-COUNT
P-FINAL-LINK,protocols/prompt_templates/Prompt.pdf,p.4,"Based on the accumulated simulation logs (turn-by-turn strategic actions, variable changes, and trigger occurrences) for each 'Scenario Combination' derived from previous turns, generate one complete scenario planning report for each combination.",수행 절차·출력 형식,최종 보고서 / 최종 조합별,각 조합의 실제 누적 행동·상태·trigger와 연결되는 독립 서사,조합–보고서 일대일 대응 및 단계별 사건·결말 일치 인간 대조.,앞선 분기확장과 최종 수렴시점 미정.,a3b87d66392bba576d5ecd97c1b526f361138ba9656fb63a4cac8bbef9d5719a,최종 서사,,P-FINAL-LINK
P-FINAL-CAUSAL,protocols/prompt_templates/Prompt.pdf,p.4,"Within the scenario, each event progression and actor action must maintain causal coherence within an interconnected system (variables, triggers, etc.).",수행 절차·출력 형식,각 최종 서사,행동–수치방향–trigger–결말의 인과 연속성,서사에서 앞선 로그를 뒤집거나 근거 없는 결말을 확정하는지 인간 검토.,인과 일관성은 현실 타당성·예측정확도 평가가 아님.,a3b87d66392bba576d5ecd97c1b526f361138ba9656fb63a4cac8bbef9d5719a,최종 서사,,P-FINAL-CAUSAL
P-FINAL-OVERVIEW,protocols/prompt_templates/Prompt.pdf,p.4-5,Scenario Name: Freely generate a creative name that concisely encapsulates the scenario's characteristics and core message.,수행 절차·출력 형식,최종 보고서 / 각 조합,시나리오 특징을 나타내는 이름,요구 내용의 실제 기술과 로그/JSON 근거를 인간 대조. 제목만 있으면 준수 아님.,,a3b87d66392bba576d5ecd97c1b526f361138ba9656fb63a4cac8bbef9d5719a,최종 서사,,P-FINAL-OVERVIEW
P-FINAL-PREMISE,protocols/prompt_templates/Prompt.pdf,p.5,Briefly summarize the core premise of the scenario,수행 절차·출력 형식,최종 보고서 / 각 조합,핵심 전제·배경 설명,요구 내용의 실제 기술과 로그/JSON 근거를 인간 대조. 제목만 있으면 준수 아님.,,a3b87d66392bba576d5ecd97c1b526f361138ba9656fb63a4cac8bbef9d5719a,최종 서사,,P-FINAL-PREMISE
P-FINAL-WHATIF,protocols/prompt_templates/Prompt.pdf,p.5,"State explicitly that this scenario is an answer to ""What might happen?"" or ""What if ~ were to happen?""",수행 절차·출력 형식,최종 보고서 / 각 조합,가능한 미래에 관한 시나리오임을 명시,요구 내용의 실제 기술과 로그/JSON 근거를 인간 대조. 제목만 있으면 준수 아님.,,a3b87d66392bba576d5ecd97c1b526f361138ba9656fb63a4cac8bbef9d5719a,최종 서사,,P-FINAL-WHATIF
P-FINAL-PURPOSE,protocols/prompt_templates/Prompt.pdf,p.5,Briefly describe what strategic questions this scenario aims to provide insight into,수행 절차·출력 형식,최종 보고서 / 각 조합,시나리오가 다루는 전략적 질문과 목적,요구 내용의 실제 기술과 로그/JSON 근거를 인간 대조. 제목만 있으면 준수 아님.,,a3b87d66392bba576d5ecd97c1b526f361138ba9656fb63a4cac8bbef9d5719a,최종 서사,,P-FINAL-PURPOSE
P-FINAL-TURNS,protocols/prompt_templates/Prompt.pdf,p.5,Background of Events per Turn: Describe the background and progression of events for each turn recorded in the simulation log in a narrative style.,수행 절차·출력 형식,최종 보고서 / 각 조합,로그에 기록된 각 턴의 사건 전개,요구 내용의 실제 기술과 로그/JSON 근거를 인간 대조. 제목만 있으면 준수 아님.,,a3b87d66392bba576d5ecd97c1b526f361138ba9656fb63a4cac8bbef9d5719a,최종 서사,,P-FINAL-TURNS
P-FINAL-ACTORS,protocols/prompt_templates/Prompt.pdf,p.5,"Explicitly link each actor's strategic stance, risk tolerance, conflict avoidance, and diplomacy/military preference as the basis for their actions.",수행 절차·출력 형식,최종 보고서 / 각 조합,선택행동과 역할 성향·위험선호의 명시 연결,요구 내용의 실제 기술과 로그/JSON 근거를 인간 대조. 제목만 있으면 준수 아님.,,a3b87d66392bba576d5ecd97c1b526f361138ba9656fb63a4cac8bbef9d5719a,최종 서사,,P-FINAL-ACTORS
P-FINAL-VARS,protocols/prompt_templates/Prompt.pdf,p.5,Express variable changes that occurred in the simulation,수행 절차·출력 형식,최종 보고서 / 각 조합,실제 변수 변화·임계전환의 질적 설명,요구 내용의 실제 기술과 로그/JSON 근거를 인간 대조. 제목만 있으면 준수 아님.,,a3b87d66392bba576d5ecd97c1b526f361138ba9656fb63a4cac8bbef9d5719a,최종 서사,,P-FINAL-VARS
P-FINAL-TRIG,protocols/prompt_templates/Prompt.pdf,p.5,"Narratively express triggers that occurred when conditions were met in the simulation log, explaining their impact on scenario progression",수행 절차·출력 형식,최종 보고서 / 각 조합,실제 trigger 조건·발생·영향 설명,요구 내용의 실제 기술과 로그/JSON 근거를 인간 대조. 제목만 있으면 준수 아님.,,a3b87d66392bba576d5ecd97c1b526f361138ba9656fb63a4cac8bbef9d5719a,최종 서사,,P-FINAL-TRIG
P-FINAL-STRATEGY,protocols/prompt_templates/Prompt.pdf,p.5,Qualitatively analyze the main strategies chosen by each actor within the scenario.,수행 절차·출력 형식,최종 보고서 / 각 조합,참가자 전략 및 상호작용 분석,요구 내용의 실제 기술과 로그/JSON 근거를 인간 대조. 제목만 있으면 준수 아님.,,a3b87d66392bba576d5ecd97c1b526f361138ba9656fb63a4cac8bbef9d5719a,최종 서사,,P-FINAL-STRATEGY
P-FINAL-RESULTS,protocols/prompt_templates/Prompt.pdf,p.5,"Comprehensively analyze the final outcome of the scenario from military, diplomatic, and political perspectives.",수행 절차·출력 형식,최종 보고서 / 각 조합,군사·외교·정치 결과 평가,요구 내용의 실제 기술과 로그/JSON 근거를 인간 대조. 제목만 있으면 준수 아님.,,a3b87d66392bba576d5ecd97c1b526f361138ba9656fb63a4cac8bbef9d5719a,최종 서사,,P-FINAL-RESULTS
P-FINAL-ASSESS,protocols/prompt_templates/Prompt.pdf,p.5,"Instead of a win/loss concept, describe the situation in terms of assessment",수행 절차·출력 형식,최종 보고서 / 각 조합,승패 대신 상황평가,요구 내용의 실제 기술과 로그/JSON 근거를 인간 대조. 제목만 있으면 준수 아님.,,a3b87d66392bba576d5ecd97c1b526f361138ba9656fb63a4cac8bbef9d5719a,최종 서사,,P-FINAL-ASSESS
P-FINAL-LESSONS,protocols/prompt_templates/Prompt.pdf,p.6,Summarize the strategic implications or policy lessons that can be drawn from this scenario.,수행 절차·출력 형식,최종 보고서 / 각 조합,전략적 함의·교훈,요구 내용의 실제 기술과 로그/JSON 근거를 인간 대조. 제목만 있으면 준수 아님.,,a3b87d66392bba576d5ecd97c1b526f361138ba9656fb63a4cac8bbef9d5719a,최종 서사,,P-FINAL-LESSONS
P-FINAL-INTL,protocols/prompt_templates/Prompt.pdf,p.6,"Qualitatively describe how major international actors, such as the UN, key allies, and neutral nations, reacted to the scenario's progression.",수행 절차·출력 형식,최종 보고서 / 각 조합,국제반응 및 파급효과,요구 내용의 실제 기술과 로그/JSON 근거를 인간 대조. 제목만 있으면 준수 아님.,외부 정보·추론 금지와 국제반응/미래 확장 지시의 상충,a3b87d66392bba576d5ecd97c1b526f361138ba9656fb63a4cac8bbef9d5719a,최종 서사,,P-FINAL-INTL
P-FINAL-RIPPLE,protocols/prompt_templates/Prompt.pdf,p.6,Extend the analysis to examine what ripple effects the scenario's outcome might have on future international relations.,수행 절차·출력 형식,최종 보고서 / 각 조합,미래 국제관계 파급효과,요구 내용의 실제 기술과 로그/JSON 근거를 인간 대조. 제목만 있으면 준수 아님.,외부 정보·추론 금지와 국제반응/미래 확장 지시의 상충,a3b87d66392bba576d5ecd97c1b526f361138ba9656fb63a4cac8bbef9d5719a,최종 서사,,P-FINAL-RIPPLE
P-FINAL-SUMMARY,protocols/prompt_templates/Prompt.pdf,p.6,"Briefly summarize the scenario name, key strategic choices, core progression summary, final outcome, international reactions, and the most important lessons.",수행 절차·출력 형식,최종 보고서 / 각 조합,핵심요약,요구 내용의 실제 기술과 로그/JSON 근거를 인간 대조. 제목만 있으면 준수 아님.,,a3b87d66392bba576d5ecd97c1b526f361138ba9656fb63a4cac8bbef9d5719a,최종 서사,,P-FINAL-SUMMARY
P-FINAL-UNCERTAINTY,protocols/prompt_templates/Prompt.pdf,p.6,focus on presenting multiple plausible futures that include various uncertainties.,수행 절차·출력 형식,최종 보고서 / 각 조합,불확실성이 반영된 복수의 가능한 미래,요구 내용의 실제 기술과 로그/JSON 근거를 인간 대조. 제목만 있으면 준수 아님.,,a3b87d66392bba576d5ecd97c1b526f361138ba9656fb63a4cac8bbef9d5719a,최종 서사,,P-FINAL-UNCERTAINTY
P-FINAL-NONUM,protocols/prompt_templates/Prompt.pdf,p.6,"quantitative data (numbers, percentages, etc.) must never be used within the scenario report.",강제 제약,최종 시나리오 보고서 본문,수치 변수·비율·손실량 없이 질적 서술,수치패턴 후보를 추출한 뒤 제목번호·Turn 표지·DEFCON/U-2/B-59 고유명사와 실제 정량데이터를 구분.,p5 예시 자체에 Tension exceeded 0.8이 들어 있어 예시/금지 지시 불일치.,a3b87d66392bba576d5ecd97c1b526f361138ba9656fb63a4cac8bbef9d5719a,최종 서사,,P-FINAL-NONUM
PROTO-ROLE,protocols/Simulation_Protocol_English.docx,paragraph 60,GPT assumes the role of each actor and makes independent judgments; results are reflected in variables and scenario development.,정보 접근 조건,실행에 해당 프로토콜 역할조건이 적용된 경우,각 행위자의 독립적 판단 및 행위자 설정 반영,"인간 검토: 해당 행위자의 제안·선택·행동·이유 및 조건 성립을 원문 인용으로 대조. 자기진술은 증거로 사용하지 않음. 명백한 반대 행동만 위반, 관찰 부족/충돌은 판정 불가.",국가 단위 출력만으로 내부 모든 행위자의 개별 판단 수행 여부를 알 수 없음.,57dedb9530562737578e5a766f6185c776322b91ce3690cd571a2596d4383846,프로토콜,,PROTO-ROLE
PROTO-ALT,protocols/Simulation_Protocol_English.docx,paragraph 65,Decision Derivation: Each actor generates a list of possible actions (using JSON-based algorithms).,수행 절차·출력 형식,실행에 해당 프로토콜 절차가 적용된 경우,각 행위자의 후보 행동 생성,"인간 검토: 해당 행위자의 제안·선택·행동·이유 및 조건 성립을 원문 인용으로 대조. 자기진술은 증거로 사용하지 않음. 명백한 반대 행동만 위반, 관찰 부족/충돌은 판정 불가.",일반 프로토콜 적용/전달 여부를 실행기록으로 확인. 미표시 중간 내부 추론은 수행의 증거가 아님.,57dedb9530562737578e5a766f6185c776322b91ce3690cd571a2596d4383846,프로토콜,,PROTO-ALT
PROTO-PRUNE,protocols/Simulation_Protocol_English.docx,paragraph 66,Decision Pruning: Actions that are unreasonable or of low effectiveness are eliminated.,수행 절차·출력 형식,실행에 해당 프로토콜 절차가 적용된 경우,비합리·효과 낮은 행동 제거,"인간 검토: 해당 행위자의 제안·선택·행동·이유 및 조건 성립을 원문 인용으로 대조. 자기진술은 증거로 사용하지 않음. 명백한 반대 행동만 위반, 관찰 부족/충돌은 판정 불가.",일반 프로토콜 적용/전달 여부를 실행기록으로 확인. 미표시 중간 내부 추론은 수행의 증거가 아님.,57dedb9530562737578e5a766f6185c776322b91ce3690cd571a2596d4383846,프로토콜,,PROTO-PRUNE
PROTO-SELECT,protocols/Simulation_Protocol_English.docx,paragraph 67,Representative Decision Selection: Final action is selected considering strategic weights and power weights.,수행 절차·출력 형식,실행에 해당 프로토콜 절차가 적용된 경우,전략가중치·권력가중치를 고려한 대표행동 선택,"인간 검토: 해당 행위자의 제안·선택·행동·이유 및 조건 성립을 원문 인용으로 대조. 자기진술은 증거로 사용하지 않음. 명백한 반대 행동만 위반, 관찰 부족/충돌은 판정 불가.",일반 프로토콜 적용/전달 여부를 실행기록으로 확인. 미표시 중간 내부 추론은 수행의 증거가 아님.,57dedb9530562737578e5a766f6185c776322b91ce3690cd571a2596d4383846,프로토콜,,PROTO-SELECT
PROTO-UPDATE,protocols/Simulation_Protocol_English.docx,paragraph 68,"Result Reflection: Variable states (tension, diplomatic support, etc.) are updated.",수행 절차·출력 형식,실행에 해당 프로토콜 절차가 적용된 경우,결정의 상태효과 갱신,"인간 검토: 해당 행위자의 제안·선택·행동·이유 및 조건 성립을 원문 인용으로 대조. 자기진술은 증거로 사용하지 않음. 명백한 반대 행동만 위반, 관찰 부족/충돌은 판정 불가.",일반 프로토콜 적용/전달 여부를 실행기록으로 확인. 미표시 중간 내부 추론은 수행의 증거가 아님.,57dedb9530562737578e5a766f6185c776322b91ce3690cd571a2596d4383846,프로토콜,,PROTO-UPDATE
PROTO-LOG,protocols/Simulation_Protocol_English.docx,paragraph 69,"Log Storage: Decisions and outcomes are saved, and the game moves to the next turn.",수행 절차·출력 형식,실행에 해당 프로토콜 절차가 적용된 경우,결정·결과 저장 및 다음 턴 이동,"인간 검토: 해당 행위자의 제안·선택·행동·이유 및 조건 성립을 원문 인용으로 대조. 자기진술은 증거로 사용하지 않음. 명백한 반대 행동만 위반, 관찰 부족/충돌은 판정 불가.",일반 프로토콜 적용/전달 여부를 실행기록으로 확인. 미표시 중간 내부 추론은 수행의 증거가 아님.,57dedb9530562737578e5a766f6185c776322b91ce3690cd571a2596d4383846,프로토콜,,PROTO-LOG
PROTO-INFO-TIME,protocols/Simulation_Protocol_English.docx,paragraph 72,GPT operates under the assumption that it does not know the historical outcomes.,정보 접근 조건,해당 정보제한이 적용된 실행·행위자,당시 이후 역사결과의 지식 차단,"인간 검토: 해당 행위자의 제안·선택·행동·이유 및 조건 성립을 원문 인용으로 대조. 자기진술은 증거로 사용하지 않음. 명백한 반대 행동만 위반, 관찰 부족/충돌은 판정 불가.",정보공유 변수의 실제 초기값·정의는 별도로 미제공.,57dedb9530562737578e5a766f6185c776322b91ce3690cd571a2596d4383846,정보 접근,,PROTO-INFO-TIME
PROTO-INFO-ACTOR,protocols/Simulation_Protocol_English.docx,paragraph 73,Each actor recognizes only the information they have access to.,정보 접근 조건,해당 정보제한이 적용된 실행·행위자,해당 행위자가 접근 가능한 정보만 인식,"인간 검토: 해당 행위자의 제안·선택·행동·이유 및 조건 성립을 원문 인용으로 대조. 자기진술은 증거로 사용하지 않음. 명백한 반대 행동만 위반, 관찰 부족/충돌은 판정 불가.",정보공유 변수의 실제 초기값·정의는 별도로 미제공.,57dedb9530562737578e5a766f6185c776322b91ce3690cd571a2596d4383846,정보 접근,,PROTO-INFO-ACTOR
PROTO-INFO-SHARE,protocols/Simulation_Protocol_English.docx,paragraph 74,Whether information is shared between actors is treated as a strategic variable.,정보 접근 조건,해당 정보제한이 적용된 실행·행위자,행위자 간 정보공유의 실제 경로·조건 구분,"인간 검토: 해당 행위자의 제안·선택·행동·이유 및 조건 성립을 원문 인용으로 대조. 자기진술은 증거로 사용하지 않음. 명백한 반대 행동만 위반, 관찰 부족/충돌은 판정 불가.",정보공유 변수의 실제 초기값·정의는 별도로 미제공.,57dedb9530562737578e5a766f6185c776322b91ce3690cd571a2596d4383846,정보 접근,,PROTO-INFO-SHARE
PROTO-UTILITY,protocols/Simulation_Protocol_English.docx,paragraph 78,Actions are scored based on a utility function.,가중치·수치 계산,해당 효용평가 절차 적용 실행,대안별 효용평가,효용식·성분값·척도가 있을 때만 Python 계산.,실사용 GPT JSON은 정성 함수식이며 효용척도는 미정.,57dedb9530562737578e5a766f6185c776322b91ce3690cd571a2596d4383846,프로토콜,,PROTO-UTILITY
PROTO-POWER,protocols/Simulation_Protocol_English.docx,paragraph 79,Decisions made by actors with higher power weights have a greater influence on outcomes.,가중치·수치 계산,해당 권력가중치 절차 적용 실행,큰 권력가중치의 상대적으로 큰 의사결정 영향,노출된 계산·선택 근거 대조.,영향력이 선택확률 또는 항상 승리라는 뜻은 아님.,57dedb9530562737578e5a766f6185c776322b91ce3690cd571a2596d4383846,프로토콜,,PROTO-POWER
PROTO-FINAL23,protocols/Simulation_Protocol_English.docx,paragraph 82,"After all turns are complete, GPT derives 2-3 possible scenario branches based on accumulated logs and variable changes.",수행 절차·출력 형식,해당 outcome convergence 절차 적용 실행,최종 2–3 시나리오 분기,분기 수 및 누적로그 연결 대조.,Prompt의 각 부모2–3 추가분기/최종 최소3 보고서와 수렴절차 미정.,57dedb9530562737578e5a766f6185c776322b91ce3690cd571a2596d4383846,프로토콜,,PROTO-FINAL23
PROTO-CARRY,protocols/Simulation_Protocol_English.docx,paragraph 319,Variable values are carried over to the next turn prompt.,수행 절차·출력 형식,후속 턴 프롬프트 작성/승계,이전 변수 상태가 다음 프롬프트로 승계,명시 상태만 비교. 사용자 제공값과 모델 생성값을 분리.,이는 연구자/시스템 책임도 포함하므로 모델 위반으로 자동 귀속하지 않음.,57dedb9530562737578e5a766f6185c776322b91ce3690cd571a2596d4383846,분기·상태 승계,,PROTO-CARRY
PROTO-REPEAT,protocols/Simulation_Protocol_English.docx,paragraph 324,New scenario situation + modified variables + same actor JSON + same effect_rules included.,수행 절차·출력 형식,후속 턴 입력 생성,동일 actor JSON·effect_rules와 새 상황·갱신값 제공,실행의 첨부/원문 해시 연결 확인.,입력 전달 여부 불명확성은 모델 위반이 아님.,57dedb9530562737578e5a766f6185c776322b91ce3690cd571a2596d4383846,프로토콜,,PROTO-REPEAT
PROTO-BUILD-TIME,protocols/Simulation_Protocol_English.docx,paragraph 350,"- Designated Point in Time: October 21, 1962",정보 접근 조건,배우 JSON 생성 단계에만 적용; 과거 시나리오 출력에 자동 소급하지 않음,JSON 구성 자료가 시점·출처 제한 충족,입력 문서의 생성 증빙이 있을 때만 확인. 없으면 판정 불가.,실행 출력용 근거로 사용된 JSON에 미래·회고 문구가 있으면 입력오염으로 별도 기록.,57dedb9530562737578e5a766f6185c776322b91ce3690cd571a2596d4383846,입력 구성,,PROTO-BUILD-TIME
PROTO-BUILD-NOFUTURE,protocols/Simulation_Protocol_English.docx,paragraph 351,"- Strictly prohibited: any events, outcomes, or retrospective assessments occurring afterward",정보 접근 조건,배우 JSON 생성 단계에만 적용; 과거 시나리오 출력에 자동 소급하지 않음,JSON 구성 자료가 시점·출처 제한 충족,입력 문서의 생성 증빙이 있을 때만 확인. 없으면 판정 불가.,실행 출력용 근거로 사용된 JSON에 미래·회고 문구가 있으면 입력오염으로 별도 기록.,57dedb9530562737578e5a766f6185c776322b91ce3690cd571a2596d4383846,입력 구성,,PROTO-BUILD-NOFUTURE
PROTO-BUILD-SOURCES,protocols/Simulation_Protocol_English.docx,paragraph 358,"- Prohibited sources: academic papers, memoirs, scholarly books, post-event interviews, etc.",정보 접근 조건,배우 JSON 생성 단계에만 적용; 과거 시나리오 출력에 자동 소급하지 않음,JSON 구성 자료가 시점·출처 제한 충족,입력 문서의 생성 증빙이 있을 때만 확인. 없으면 판정 불가.,실행 출력용 근거로 사용된 JSON에 미래·회고 문구가 있으면 입력오염으로 별도 기록.,57dedb9530562737578e5a766f6185c776322b91ce3690cd571a2596d4383846,입력 구성,,PROTO-BUILD-SOURCES
PROTO-SCALE,protocols/Simulation_Protocol_English.docx,table 4: Default/Range,"Variable | Description | Default | Range
tension | Level of international tension | 0 | 0 ~ 100
diplomatic_support | Diplomatic support from third countries/international organizations | 0 | 0 ~ 100
military_posture | Military readiness status | normal | normal, alert, mobilized
public_opinion_US | U.S. domestic public approval rating | 0 | 0 ~ 100
leadership_unity_US | Soviet internal power cohesion | 0 | 0 ~ 100",가중치·수치 계산,프로토콜 기본 변수 표를 실제 초기값으로 명시 제공한 실행에만 적용,표에 해당하는 초기값·척도,실제 입력 지정 없이 default 0을 보충하지 않음.,0~100 표와 VDM 0~1이 충돌; leadership_unity_US 설명은 Soviet로 되어 있음. military_posture는 normal/alert/mobilized.,57dedb9530562737578e5a766f6185c776322b91ce3690cd571a2596d4383846,입력 규칙 충돌,,PROTO-SCALE
