check_family,check_id,calculated,stored,match,scope
inheritance,CLA-01-INH-E001-U1-Tension,0.75,0.75,True,fixed parent identification and value transcription
inheritance,CLA-01-INH-E001-U1-Diplomatic_Support,0.60,0.60,True,fixed parent identification and value transcription
inheritance,CLA-01-INH-E001-U1-Public_Opinion,0.55,0.55,True,fixed parent identification and value transcription
inheritance,CLA-01-INH-E001-U1-Leadership_Unity,0.85,0.85,True,fixed parent identification and value transcription
inheritance,CLA-01-INH-E002-U1-Tension,0.95,0.95,True,fixed parent identification and value transcription
inheritance,CLA-01-INH-E002-U1-Diplomatic_Support,0.60,0.60,True,fixed parent identification and value transcription
inheritance,CLA-01-INH-E002-U1-Public_Opinion,1.0,1.0,True,fixed parent identification and value transcription
inheritance,CLA-01-INH-E002-U1-Leadership_Unity,0.5,0.5,True,fixed parent identification and value transcription
inheritance,CLA-01-INH-E003-U1-Tension,1.0,1.0,True,fixed parent identification and value transcription
inheritance,CLA-01-INH-E003-U1-Diplomatic_Support,0.5,0.5,True,fixed parent identification and value transcription
inheritance,CLA-01-INH-E003-U1-Public_Opinion,0.5,0.5,True,fixed parent identification and value transcription
inheritance,CLA-01-INH-E003-U1-Leadership_Unity,0.95,0.95,True,fixed parent identification and value transcription
inheritance,CLA-01-INH-E004-U1-Tension,0.75,0.75,True,fixed parent identification and value transcription
inheritance,CLA-01-INH-E004-U1-Diplomatic_Support,0.70,0.70,True,fixed parent identification and value transcription
inheritance,CLA-01-INH-E004-U1-Public_Opinion,0.55,0.55,True,fixed parent identification and value transcription
inheritance,CLA-01-INH-E004-U1-Leadership_Unity,0.80,0.80,True,fixed parent identification and value transcription
inheritance,CLA-01-INH-E005-U1-Tension,1.0,1.0,True,fixed parent identification and value transcription
inheritance,CLA-01-INH-E005-U1-Diplomatic_Support,0.50,0.50,True,fixed parent identification and value transcription
inheritance,CLA-01-INH-E005-U1-Public_Opinion,0.95,0.95,True,fixed parent identification and value transcription
inheritance,CLA-01-INH-E005-U1-Leadership_Unity,0.40,0.40,True,fixed parent identification and value transcription
inheritance,CLA-01-INH-E006-U1-Tension,0.95,0.95,True,fixed parent identification and value transcription
inheritance,CLA-01-INH-E006-U1-Diplomatic_Support,0.55,0.55,True,fixed parent identification and value transcription
inheritance,CLA-01-INH-E006-U1-Public_Opinion,0.60,0.60,True,fixed parent identification and value transcription
inheritance,CLA-01-INH-E006-U1-Leadership_Unity,1.0,1.0,True,fixed parent identification and value transcription
inheritance,CLA-01-INH-E007-U1-Tension,0.65,0.65,True,fixed parent identification and value transcription
inheritance,CLA-01-INH-E007-U1-Diplomatic_Support,0.80,0.80,True,fixed parent identification and value transcription
inheritance,CLA-01-INH-E007-U1-Public_Opinion,0.70,0.70,True,fixed parent identification and value transcription
inheritance,CLA-01-INH-E007-U1-Leadership_Unity,0.95,0.95,True,fixed parent identification and value transcription
inheritance,CLA-01-INH-E008-U1-Tension,1.0,1.0,True,fixed parent identification and value transcription
inheritance,CLA-01-INH-E008-U1-Diplomatic_Support,0.35,0.35,True,fixed parent identification and value transcription
inheritance,CLA-01-INH-E008-U1-Public_Opinion,0.90,0.90,True,fixed parent identification and value transcription
inheritance,CLA-01-INH-E008-U1-Leadership_Unity,0.30,0.30,True,fixed parent identification and value transcription
inheritance,CLA-01-INH-E009-U1-Tension,0.85,0.85,True,fixed parent identification and value transcription
inheritance,CLA-01-INH-E009-U1-Diplomatic_Support,0.65,0.65,True,fixed parent identification and value transcription
inheritance,CLA-01-INH-E009-U1-Public_Opinion,0.70,0.70,True,fixed parent identification and value transcription
inheritance,CLA-01-INH-E009-U1-Leadership_Unity,1.0,1.0,True,fixed parent identification and value transcription
inheritance,CLA-02-INH-E001-U1-Tension,0.75,0.75,True,fixed parent identification and value transcription
inheritance,CLA-02-INH-E001-U1-Diplomatic_Support,0.5,0.5,True,fixed parent identification and value transcription
inheritance,CLA-02-INH-E001-U1-Public_Opinion,0.5,0.5,True,fixed parent identification and value transcription
inheritance,CLA-02-INH-E001-U1-Leadership_Unity,1.0,1.0,True,fixed parent identification and value transcription
inheritance,CLA-02-INH-E002-U1-Tension,0.60,0.60,True,fixed parent identification and value transcription
inheritance,CLA-02-INH-E002-U1-Diplomatic_Support,0.45,0.45,True,fixed parent identification and value transcription
inheritance,CLA-02-INH-E002-U1-Public_Opinion,0.45,0.45,True,fixed parent identification and value transcription
inheritance,CLA-02-INH-E002-U1-Leadership_Unity,0.55,0.55,True,fixed parent identification and value transcription
inheritance,CLA-02-INH-E003-U1-Tension,0.45,0.45,True,fixed parent identification and value transcription
inheritance,CLA-02-INH-E003-U1-Diplomatic_Support,0.60,0.60,True,fixed parent identification and value transcription
inheritance,CLA-02-INH-E003-U1-Public_Opinion,0.55,0.55,True,fixed parent identification and value transcription
inheritance,CLA-02-INH-E003-U1-Leadership_Unity,0.55,0.55,True,fixed parent identification and value transcription
inheritance,CLA-02-INH-E004-U1-Tension,0.70,0.70,True,fixed parent identification and value transcription
inheritance,CLA-02-INH-E004-U1-Diplomatic_Support,0.55,0.55,True,fixed parent identification and value transcription
inheritance,CLA-02-INH-E004-U1-Public_Opinion,0.50,0.50,True,fixed parent identification and value transcription
inheritance,CLA-02-INH-E004-U1-Leadership_Unity,1.0,1.0,True,fixed parent identification and value transcription
inheritance,CLA-02-INH-E005-U1-Tension,0.60,0.60,True,fixed parent identification and value transcription
inheritance,CLA-02-INH-E005-U1-Diplomatic_Support,0.55,0.55,True,fixed parent identification and value transcription
inheritance,CLA-02-INH-E005-U1-Public_Opinion,0.50,0.50,True,fixed parent identification and value transcription
inheritance,CLA-02-INH-E005-U1-Leadership_Unity,0.60,0.60,True,fixed parent identification and value transcription
inheritance,CLA-02-INH-E006-U1-Tension,0.40,0.40,True,fixed parent identification and value transcription
inheritance,CLA-02-INH-E006-U1-Diplomatic_Support,0.70,0.70,True,fixed parent identification and value transcription
inheritance,CLA-02-INH-E006-U1-Public_Opinion,0.60,0.60,True,fixed parent identification and value transcription
inheritance,CLA-02-INH-E006-U1-Leadership_Unity,0.60,0.60,True,fixed parent identification and value transcription
inheritance,CLA-02-INH-E007-U1-Tension,0.70,0.70,True,fixed parent identification and value transcription
inheritance,CLA-02-INH-E007-U1-Diplomatic_Support,0.50,0.50,True,fixed parent identification and value transcription
inheritance,CLA-02-INH-E007-U1-Public_Opinion,1.0,1.0,True,fixed parent identification and value transcription
inheritance,CLA-02-INH-E007-U1-Leadership_Unity,1.0,1.0,True,fixed parent identification and value transcription
inheritance,CLA-02-INH-E008-U1-Tension,0.55,0.55,True,fixed parent identification and value transcription
inheritance,CLA-02-INH-E008-U1-Diplomatic_Support,0.55,0.55,True,fixed parent identification and value transcription
inheritance,CLA-02-INH-E008-U1-Public_Opinion,0.50,0.50,True,fixed parent identification and value transcription
inheritance,CLA-02-INH-E008-U1-Leadership_Unity,0.60,0.60,True,fixed parent identification and value transcription
inheritance,CLA-02-INH-E009-U1-Tension,0.40,0.40,True,fixed parent identification and value transcription
inheritance,CLA-02-INH-E009-U1-Diplomatic_Support,0.70,0.70,True,fixed parent identification and value transcription
inheritance,CLA-02-INH-E009-U1-Public_Opinion,0.60,0.60,True,fixed parent identification and value transcription
inheritance,CLA-02-INH-E009-U1-Leadership_Unity,0.60,0.60,True,fixed parent identification and value transcription
inheritance,CLA-03-INH-E001-U1-Tension,1.0,1.0,True,fixed parent identification and value transcription
inheritance,CLA-03-INH-E001-U1-Diplomatic_Support,1.0,1.0,True,fixed parent identification and value transcription
inheritance,CLA-03-INH-E001-U1-Public_Opinion,0.5,0.5,True,fixed parent identification and value transcription
inheritance,CLA-03-INH-E001-U1-Leadership_Unity,1.0,1.0,True,fixed parent identification and value transcription
inheritance,CLA-03-INH-E001-U2-Tension,1.0,1.0,True,fixed parent identification and value transcription
inheritance,CLA-03-INH-E001-U2-Diplomatic_Support,1.0,1.0,True,fixed parent identification and value transcription
inheritance,CLA-03-INH-E001-U2-Public_Opinion,0.5,0.5,True,fixed parent identification and value transcription
inheritance,CLA-03-INH-E001-U2-Leadership_Unity,1.0,1.0,True,fixed parent identification and value transcription
inheritance,CLA-03-INH-E002-U1-Tension,1.0,1.0,True,fixed parent identification and value transcription
inheritance,CLA-03-INH-E002-U1-Diplomatic_Support,0.45,0.45,True,fixed parent identification and value transcription
inheritance,CLA-03-INH-E002-U1-Public_Opinion,0.45,0.45,True,fixed parent identification and value transcription
inheritance,CLA-03-INH-E002-U1-Leadership_Unity,1.0,1.0,True,fixed parent identification and value transcription
inheritance,CLA-03-INH-E002-U2-Tension,1.0,1.0,True,fixed parent identification and value transcription
inheritance,CLA-03-INH-E002-U2-Diplomatic_Support,0.45,0.45,True,fixed parent identification and value transcription
inheritance,CLA-03-INH-E002-U2-Public_Opinion,0.45,0.45,True,fixed parent identification and value transcription
inheritance,CLA-03-INH-E002-U2-Leadership_Unity,1.0,1.0,True,fixed parent identification and value transcription
inheritance,CLA-03-INH-E003-U1-Tension,0.90,0.90,True,fixed parent identification and value transcription
inheritance,CLA-03-INH-E003-U1-Diplomatic_Support,1.0,1.0,True,fixed parent identification and value transcription
inheritance,CLA-03-INH-E003-U1-Public_Opinion,0.55,0.55,True,fixed parent identification and value transcription
inheritance,CLA-03-INH-E003-U1-Leadership_Unity,0.55,0.55,True,fixed parent identification and value transcription
inheritance,CLA-03-INH-E003-U2-Tension,0.90,0.90,True,fixed parent identification and value transcription
inheritance,CLA-03-INH-E003-U2-Diplomatic_Support,1.0,1.0,True,fixed parent identification and value transcription
inheritance,CLA-03-INH-E003-U2-Public_Opinion,0.55,0.55,True,fixed parent identification and value transcription
inheritance,CLA-03-INH-E003-U2-Leadership_Unity,0.55,0.55,True,fixed parent identification and value transcription
inheritance,CLA-03-INH-E004-U1-Tension,1.0,1.0,True,fixed parent identification and value transcription
inheritance,CLA-03-INH-E004-U1-Diplomatic_Support,1.0,1.0,True,fixed parent identification and value transcription
inheritance,CLA-03-INH-E004-U1-Public_Opinion,0.53,0.53,True,fixed parent identification and value transcription
inheritance,CLA-03-INH-E004-U1-Leadership_Unity,1.0,1.0,True,fixed parent identification and value transcription
inheritance,CLA-03-INH-E004-U2-Tension,1.0,1.0,True,fixed parent identification and value transcription
inheritance,CLA-03-INH-E004-U2-Diplomatic_Support,1.0,1.0,True,fixed parent identification and value transcription
inheritance,CLA-03-INH-E004-U2-Public_Opinion,0.53,0.53,True,fixed parent identification and value transcription
inheritance,CLA-03-INH-E004-U2-Leadership_Unity,1.0,1.0,True,fixed parent identification and value transcription
inheritance,CLA-03-INH-E005-U1-Tension,1.0,1.0,True,fixed parent identification and value transcription
inheritance,CLA-03-INH-E005-U1-Diplomatic_Support,0.43,0.43,True,fixed parent identification and value transcription
inheritance,CLA-03-INH-E005-U1-Public_Opinion,0.43,0.43,True,fixed parent identification and value transcription
inheritance,CLA-03-INH-E005-U1-Leadership_Unity,1.0,1.0,True,fixed parent identification and value transcription
inheritance,CLA-03-INH-E005-U2-Tension,1.0,1.0,True,fixed parent identification and value transcription
inheritance,CLA-03-INH-E005-U2-Diplomatic_Support,0.43,0.43,True,fixed parent identification and value transcription
inheritance,CLA-03-INH-E005-U2-Public_Opinion,0.43,0.43,True,fixed parent identification and value transcription
inheritance,CLA-03-INH-E005-U2-Leadership_Unity,1.0,1.0,True,fixed parent identification and value transcription
inheritance,CLA-03-INH-E006-U1-Tension,0.80,0.80,True,fixed parent identification and value transcription
inheritance,CLA-03-INH-E006-U1-Diplomatic_Support,1.0,1.0,True,fixed parent identification and value transcription
inheritance,CLA-03-INH-E006-U1-Public_Opinion,0.65,0.65,True,fixed parent identification and value transcription
inheritance,CLA-03-INH-E006-U1-Leadership_Unity,0.65,0.65,True,fixed parent identification and value transcription
inheritance,CLA-03-INH-E006-U2-Tension,0.80,0.80,True,fixed parent identification and value transcription
inheritance,CLA-03-INH-E006-U2-Diplomatic_Support,1.0,1.0,True,fixed parent identification and value transcription
inheritance,CLA-03-INH-E006-U2-Public_Opinion,0.65,0.65,True,fixed parent identification and value transcription
inheritance,CLA-03-INH-E006-U2-Leadership_Unity,0.65,0.65,True,fixed parent identification and value transcription
inheritance,CLA-04-INH-E001-U1-Tension,0.875,0.875,True,fixed parent identification and value transcription
inheritance,CLA-04-INH-E001-U1-Diplomatic_Support,0.5,0.5,True,fixed parent identification and value transcription
inheritance,CLA-04-INH-E001-U1-Public_Opinion,0.5,0.5,True,fixed parent identification and value transcription
inheritance,CLA-04-INH-E001-U1-Leadership_Unity,0.725,0.725,True,fixed parent identification and value transcription
inheritance,CLA-04-INH-E001-U2-Tension,0.875,0.875,True,fixed parent identification and value transcription
inheritance,CLA-04-INH-E001-U2-Diplomatic_Support,0.5,0.5,True,fixed parent identification and value transcription
inheritance,CLA-04-INH-E001-U2-Public_Opinion,0.5,0.5,True,fixed parent identification and value transcription
inheritance,CLA-04-INH-E001-U2-Leadership_Unity,0.725,0.725,True,fixed parent identification and value transcription
inheritance,CLA-04-INH-E002-U1-Tension,0.8,0.8,True,fixed parent identification and value transcription
inheritance,CLA-04-INH-E002-U1-Diplomatic_Support,0.4,0.4,True,fixed parent identification and value transcription
inheritance,CLA-04-INH-E002-U1-Public_Opinion,0.4,0.4,True,fixed parent identification and value transcription
inheritance,CLA-04-INH-E002-U1-Leadership_Unity,0.3,0.3,True,fixed parent identification and value transcription
inheritance,CLA-04-INH-E002-U2-Tension,0.8,0.8,True,fixed parent identification and value transcription
inheritance,CLA-04-INH-E002-U2-Diplomatic_Support,0.4,0.4,True,fixed parent identification and value transcription
inheritance,CLA-04-INH-E002-U2-Public_Opinion,0.4,0.4,True,fixed parent identification and value transcription
inheritance,CLA-04-INH-E002-U2-Leadership_Unity,0.3,0.3,True,fixed parent identification and value transcription
inheritance,CLA-04-INH-E003-U1-Tension,0.725,0.725,True,fixed parent identification and value transcription
inheritance,CLA-04-INH-E003-U1-Diplomatic_Support,0.5,0.5,True,fixed parent identification and value transcription
inheritance,CLA-04-INH-E003-U1-Public_Opinion,0.5,0.5,True,fixed parent identification and value transcription
inheritance,CLA-04-INH-E003-U1-Leadership_Unity,0.5,0.5,True,fixed parent identification and value transcription
inheritance,CLA-04-INH-E003-U2-Tension,0.725,0.725,True,fixed parent identification and value transcription
inheritance,CLA-04-INH-E003-U2-Diplomatic_Support,0.5,0.5,True,fixed parent identification and value transcription
inheritance,CLA-04-INH-E003-U2-Public_Opinion,0.5,0.5,True,fixed parent identification and value transcription
inheritance,CLA-04-INH-E003-U2-Leadership_Unity,0.5,0.5,True,fixed parent identification and value transcription
inheritance,CLA-04-INH-E004-U1-Tension,0.825,0.825,True,fixed parent identification and value transcription
inheritance,CLA-04-INH-E004-U1-Diplomatic_Support,0.6,0.6,True,fixed parent identification and value transcription
inheritance,CLA-04-INH-E004-U1-Public_Opinion,0.55,0.55,True,fixed parent identification and value transcription
inheritance,CLA-04-INH-E004-U1-Leadership_Unity,0.775,0.775,True,fixed parent identification and value transcription
inheritance,CLA-04-INH-E004-U2-Tension,0.825,0.825,True,fixed parent identification and value transcription
inheritance,CLA-04-INH-E004-U2-Diplomatic_Support,0.6,0.6,True,fixed parent identification and value transcription
inheritance,CLA-04-INH-E004-U2-Public_Opinion,0.55,0.55,True,fixed parent identification and value transcription
inheritance,CLA-04-INH-E004-U2-Leadership_Unity,0.775,0.775,True,fixed parent identification and value transcription
inheritance,CLA-04-INH-E005-U1-Tension,1.0,1.0,True,fixed parent identification and value transcription
inheritance,CLA-04-INH-E005-U1-Diplomatic_Support,0.3,0.3,True,fixed parent identification and value transcription
inheritance,CLA-04-INH-E005-U1-Public_Opinion,0.3,0.3,True,fixed parent identification and value transcription
inheritance,CLA-04-INH-E005-U1-Leadership_Unity,0.1,0.1,True,fixed parent identification and value transcription
inheritance,CLA-04-INH-E006-U1-Tension,0.775,0.775,True,fixed parent identification and value transcription
inheritance,CLA-04-INH-E006-U1-Diplomatic_Support,0.48,0.48,True,fixed parent identification and value transcription
inheritance,CLA-04-INH-E006-U1-Public_Opinion,0.48,0.48,True,fixed parent identification and value transcription
inheritance,CLA-04-INH-E006-U1-Leadership_Unity,0.45,0.45,True,fixed parent identification and value transcription
inheritance,CLA-04-INH-E006-U2-Tension,0.775,0.775,True,fixed parent identification and value transcription
inheritance,CLA-04-INH-E006-U2-Diplomatic_Support,0.48,0.48,True,fixed parent identification and value transcription
inheritance,CLA-04-INH-E006-U2-Public_Opinion,0.48,0.48,True,fixed parent identification and value transcription
inheritance,CLA-04-INH-E006-U2-Leadership_Unity,0.45,0.45,True,fixed parent identification and value transcription
inheritance,CLA-04-INH-E007-U1-Tension,0.725,0.725,True,fixed parent identification and value transcription
inheritance,CLA-04-INH-E007-U1-Diplomatic_Support,0.75,0.75,True,fixed parent identification and value transcription
inheritance,CLA-04-INH-E007-U1-Public_Opinion,0.70,0.70,True,fixed parent identification and value transcription
inheritance,CLA-04-INH-E007-U1-Leadership_Unity,0.925,0.925,True,fixed parent identification and value transcription
inheritance,CLA-04-INH-E007-U2-Tension,0.725,0.725,True,fixed parent identification and value transcription
inheritance,CLA-04-INH-E007-U2-Diplomatic_Support,0.75,0.75,True,fixed parent identification and value transcription
inheritance,CLA-04-INH-E007-U2-Public_Opinion,0.70,0.70,True,fixed parent identification and value transcription
inheritance,CLA-04-INH-E007-U2-Leadership_Unity,0.925,0.925,True,fixed parent identification and value transcription
inheritance,CLA-04-INH-E008-U1-Tension,1.0,1.0,True,fixed parent identification and value transcription
inheritance,CLA-04-INH-E008-U1-Diplomatic_Support,0.0,0.0,True,fixed parent identification and value transcription
inheritance,CLA-04-INH-E008-U1-Public_Opinion,0.0,0.0,True,fixed parent identification and value transcription
inheritance,CLA-04-INH-E008-U1-Leadership_Unity,0.0,0.0,True,fixed parent identification and value transcription
inheritance,CLA-04-INH-E009-U1-Tension,0.8,0.8,True,fixed parent identification and value transcription
inheritance,CLA-04-INH-E009-U1-Diplomatic_Support,0.505,0.505,True,fixed parent identification and value transcription
inheritance,CLA-04-INH-E009-U1-Public_Opinion,0.48,0.48,True,fixed parent identification and value transcription
inheritance,CLA-04-INH-E009-U1-Leadership_Unity,0.425,0.425,True,fixed parent identification and value transcription
inheritance,CLA-04-INH-E009-U2-Tension,0.8,0.8,True,fixed parent identification and value transcription
inheritance,CLA-04-INH-E009-U2-Diplomatic_Support,0.505,0.505,True,fixed parent identification and value transcription
inheritance,CLA-04-INH-E009-U2-Public_Opinion,0.48,0.48,True,fixed parent identification and value transcription
inheritance,CLA-04-INH-E009-U2-Leadership_Unity,0.425,0.425,True,fixed parent identification and value transcription
inheritance,CLA-05-INH-E001-U1-Tension,0.75,0.75,True,fixed parent identification and value transcription
inheritance,CLA-05-INH-E001-U1-Diplomatic_Support,0.60,0.60,True,fixed parent identification and value transcription
inheritance,CLA-05-INH-E001-U1-Public_Opinion,0.55,0.55,True,fixed parent identification and value transcription
inheritance,CLA-05-INH-E001-U1-Leadership_Unity,0.85,0.85,True,fixed parent identification and value transcription
inheritance,CLA-05-INH-E002-U1-Tension,1.0,1.0,True,fixed parent identification and value transcription
inheritance,CLA-05-INH-E002-U1-Diplomatic_Support,0.20,0.20,True,fixed parent identification and value transcription
inheritance,CLA-05-INH-E002-U1-Public_Opinion,1.0,1.0,True,fixed parent identification and value transcription
inheritance,CLA-05-INH-E002-U1-Leadership_Unity,0.65,0.65,True,fixed parent identification and value transcription
inheritance,CLA-05-INH-E003-U1-Tension,1.0,1.0,True,fixed parent identification and value transcription
inheritance,CLA-05-INH-E003-U1-Diplomatic_Support,0.45,0.45,True,fixed parent identification and value transcription
inheritance,CLA-05-INH-E003-U1-Public_Opinion,0.45,0.45,True,fixed parent identification and value transcription
inheritance,CLA-05-INH-E003-U1-Leadership_Unity,0.55,0.55,True,fixed parent identification and value transcription
inheritance,CLA-05-INH-E004-U1-Tension,0.70,0.70,True,fixed parent identification and value transcription
inheritance,CLA-05-INH-E004-U1-Diplomatic_Support,0.70,0.70,True,fixed parent identification and value transcription
inheritance,CLA-05-INH-E004-U1-Public_Opinion,0.60,0.60,True,fixed parent identification and value transcription
inheritance,CLA-05-INH-E004-U1-Leadership_Unity,0.90,0.90,True,fixed parent identification and value transcription
inheritance,CLA-05-INH-E005-U1-Tension,1.0,1.0,True,fixed parent identification and value transcription
inheritance,CLA-05-INH-E005-U1-Diplomatic_Support,0.13,0.13,True,fixed parent identification and value transcription
inheritance,CLA-05-INH-E005-U1-Public_Opinion,0.93,0.93,True,fixed parent identification and value transcription
inheritance,CLA-05-INH-E005-U1-Leadership_Unity,0.50,0.50,True,fixed parent identification and value transcription
inheritance,CLA-05-INH-E006-U1-Tension,1.0,1.0,True,fixed parent identification and value transcription
inheritance,CLA-05-INH-E006-U1-Diplomatic_Support,0.50,0.50,True,fixed parent identification and value transcription
inheritance,CLA-05-INH-E006-U1-Public_Opinion,0.45,0.45,True,fixed parent identification and value transcription
inheritance,CLA-05-INH-E006-U1-Leadership_Unity,0.50,0.50,True,fixed parent identification and value transcription
inheritance,CLA-05-INH-E007-U1-Tension,0.70,0.70,True,fixed parent identification and value transcription
inheritance,CLA-05-INH-E007-U1-Diplomatic_Support,0.85,0.85,True,fixed parent identification and value transcription
inheritance,CLA-05-INH-E007-U1-Public_Opinion,0.75,0.75,True,fixed parent identification and value transcription
inheritance,CLA-05-INH-E007-U1-Leadership_Unity,1.0,1.0,True,fixed parent identification and value transcription
inheritance,CLA-05-INH-E008-U1-Tension,1.0,1.0,True,fixed parent identification and value transcription
inheritance,CLA-05-INH-E008-U1-Diplomatic_Support,0.08,0.08,True,fixed parent identification and value transcription
inheritance,CLA-05-INH-E008-U1-Public_Opinion,0.88,0.88,True,fixed parent identification and value transcription
inheritance,CLA-05-INH-E008-U1-Leadership_Unity,0.40,0.40,True,fixed parent identification and value transcription
inheritance,CLA-05-INH-E009-U1-Tension,1.0,1.0,True,fixed parent identification and value transcription
inheritance,CLA-05-INH-E009-U1-Diplomatic_Support,0.55,0.55,True,fixed parent identification and value transcription
inheritance,CLA-05-INH-E009-U1-Public_Opinion,0.45,0.45,True,fixed parent identification and value transcription
inheritance,CLA-05-INH-E009-U1-Leadership_Unity,0.45,0.45,True,fixed parent identification and value transcription
inheritance,CLA-06-INH-E001-U1-Tension,0.8,0.8,True,fixed parent identification and value transcription
inheritance,CLA-06-INH-E001-U1-Diplomatic_Support,0.5,0.5,True,fixed parent identification and value transcription
inheritance,CLA-06-INH-E001-U1-Public_Opinion,0.5,0.5,True,fixed parent identification and value transcription
inheritance,CLA-06-INH-E001-U1-Leadership_Unity,1.0,1.0,True,fixed parent identification and value transcription
inheritance,CLA-06-INH-E002-U1-Tension,0.95,0.95,True,fixed parent identification and value transcription
inheritance,CLA-06-INH-E002-U1-Diplomatic_Support,0.5,0.5,True,fixed parent identification and value transcription
inheritance,CLA-06-INH-E002-U1-Public_Opinion,0.5,0.5,True,fixed parent identification and value transcription
inheritance,CLA-06-INH-E002-U1-Leadership_Unity,1.0,1.0,True,fixed parent identification and value transcription
inheritance,CLA-06-INH-E003-U1-Tension,0.65,0.65,True,fixed parent identification and value transcription
inheritance,CLA-06-INH-E003-U1-Diplomatic_Support,0.45,0.45,True,fixed parent identification and value transcription
inheritance,CLA-06-INH-E003-U1-Public_Opinion,0.45,0.45,True,fixed parent identification and value transcription
inheritance,CLA-06-INH-E003-U1-Leadership_Unity,0.40,0.40,True,fixed parent identification and value transcription
inheritance,CLA-06-INH-E004-U1-Tension,0.95,0.95,True,fixed parent identification and value transcription
inheritance,CLA-06-INH-E004-U1-Diplomatic_Support,0.5,0.5,True,fixed parent identification and value transcription
inheritance,CLA-06-INH-E004-U1-Public_Opinion,0.5,0.5,True,fixed parent identification and value transcription
inheritance,CLA-06-INH-E004-U1-Leadership_Unity,1.0,1.0,True,fixed parent identification and value transcription
inheritance,CLA-06-INH-E005-U1-Tension,0.5,0.5,True,fixed parent identification and value transcription
inheritance,CLA-06-INH-E005-U1-Diplomatic_Support,0.5,0.5,True,fixed parent identification and value transcription
inheritance,CLA-06-INH-E005-U1-Public_Opinion,0.5,0.5,True,fixed parent identification and value transcription
inheritance,CLA-06-INH-E005-U1-Leadership_Unity,0.5,0.5,True,fixed parent identification and value transcription
inheritance,CLA-06-INH-E006-U1-Tension,0.95,0.95,True,fixed parent identification and value transcription
inheritance,CLA-06-INH-E006-U1-Diplomatic_Support,1.0,1.0,True,fixed parent identification and value transcription
inheritance,CLA-06-INH-E006-U1-Public_Opinion,0.5,0.5,True,fixed parent identification and value transcription
inheritance,CLA-06-INH-E006-U1-Leadership_Unity,0.5,0.5,True,fixed parent identification and value transcription
inheritance,CLA-06-INH-E007-U1-Tension,0.8,0.8,True,fixed parent identification and value transcription
inheritance,CLA-06-INH-E007-U1-Diplomatic_Support,0.5,0.5,True,fixed parent identification and value transcription
inheritance,CLA-06-INH-E007-U1-Public_Opinion,0.5,0.5,True,fixed parent identification and value transcription
inheritance,CLA-06-INH-E007-U1-Leadership_Unity,1.0,1.0,True,fixed parent identification and value transcription
inheritance,CLA-06-INH-E008-U1-Tension,0.9,0.9,True,fixed parent identification and value transcription
inheritance,CLA-06-INH-E008-U1-Diplomatic_Support,0.6,0.6,True,fixed parent identification and value transcription
inheritance,CLA-06-INH-E008-U1-Public_Opinion,0.55,0.55,True,fixed parent identification and value transcription
inheritance,CLA-06-INH-E008-U1-Leadership_Unity,1.0,1.0,True,fixed parent identification and value transcription
inheritance,CLA-06-INH-E009-U1-Tension,0.6,0.6,True,fixed parent identification and value transcription
inheritance,CLA-06-INH-E009-U1-Diplomatic_Support,0.5,0.5,True,fixed parent identification and value transcription
inheritance,CLA-06-INH-E009-U1-Public_Opinion,0.55,0.55,True,fixed parent identification and value transcription
inheritance,CLA-06-INH-E009-U1-Leadership_Unity,0.5,0.5,True,fixed parent identification and value transcription
inheritance,CLA-06-INH-E010-U1-Tension,0.9,0.9,True,fixed parent identification and value transcription
inheritance,CLA-06-INH-E010-U1-Diplomatic_Support,0.6,0.6,True,fixed parent identification and value transcription
inheritance,CLA-06-INH-E010-U1-Public_Opinion,0.55,0.55,True,fixed parent identification and value transcription
inheritance,CLA-06-INH-E010-U1-Leadership_Unity,1.0,1.0,True,fixed parent identification and value transcription
inheritance,CLA-06-INH-E011-U1-Tension,0.55,0.55,True,fixed parent identification and value transcription
inheritance,CLA-06-INH-E011-U1-Diplomatic_Support,0.48,0.48,True,fixed parent identification and value transcription
inheritance,CLA-06-INH-E011-U1-Public_Opinion,0.48,0.48,True,fixed parent identification and value transcription
inheritance,CLA-06-INH-E011-U1-Leadership_Unity,0.45,0.45,True,fixed parent identification and value transcription
inheritance,CLA-06-INH-E012-U1-Tension,0.95,0.95,True,fixed parent identification and value transcription
inheritance,CLA-06-INH-E012-U1-Diplomatic_Support,1.0,1.0,True,fixed parent identification and value transcription
inheritance,CLA-06-INH-E012-U1-Public_Opinion,0.5,0.5,True,fixed parent identification and value transcription
inheritance,CLA-06-INH-E012-U1-Leadership_Unity,0.5,0.5,True,fixed parent identification and value transcription
inheritance,CLA-06-INH-E013-U1-Tension,0.85,0.85,True,fixed parent identification and value transcription
inheritance,CLA-06-INH-E013-U1-Diplomatic_Support,0.48,0.48,True,fixed parent identification and value transcription
inheritance,CLA-06-INH-E013-U1-Public_Opinion,0.48,0.48,True,fixed parent identification and value transcription
inheritance,CLA-06-INH-E013-U1-Leadership_Unity,0.95,0.95,True,fixed parent identification and value transcription
inheritance,CLA-06-INH-E014-U1-Tension,0.85,0.85,True,fixed parent identification and value transcription
inheritance,CLA-06-INH-E014-U1-Diplomatic_Support,0.70,0.70,True,fixed parent identification and value transcription
inheritance,CLA-06-INH-E014-U1-Public_Opinion,0.60,0.60,True,fixed parent identification and value transcription
inheritance,CLA-06-INH-E014-U1-Leadership_Unity,1.0,1.0,True,fixed parent identification and value transcription
inheritance,CLA-06-INH-E015-U1-Tension,0.75,0.75,True,fixed parent identification and value transcription
inheritance,CLA-06-INH-E015-U1-Diplomatic_Support,0.45,0.45,True,fixed parent identification and value transcription
inheritance,CLA-06-INH-E015-U1-Public_Opinion,0.50,0.50,True,fixed parent identification and value transcription
inheritance,CLA-06-INH-E015-U1-Leadership_Unity,0.40,0.40,True,fixed parent identification and value transcription
inheritance,CLA-06-INH-E016-U1-Tension,0.85,0.85,True,fixed parent identification and value transcription
inheritance,CLA-06-INH-E016-U1-Diplomatic_Support,0.70,0.70,True,fixed parent identification and value transcription
inheritance,CLA-06-INH-E016-U1-Public_Opinion,0.60,0.60,True,fixed parent identification and value transcription
inheritance,CLA-06-INH-E016-U1-Leadership_Unity,1.0,1.0,True,fixed parent identification and value transcription
inheritance,CLA-06-INH-E017-U1-Tension,0.50,0.50,True,fixed parent identification and value transcription
inheritance,CLA-06-INH-E017-U1-Diplomatic_Support,0.58,0.58,True,fixed parent identification and value transcription
inheritance,CLA-06-INH-E017-U1-Public_Opinion,0.53,0.53,True,fixed parent identification and value transcription
inheritance,CLA-06-INH-E017-U1-Leadership_Unity,0.50,0.50,True,fixed parent identification and value transcription
inheritance,CLA-06-INH-E018-U1-Tension,0.90,0.90,True,fixed parent identification and value transcription
inheritance,CLA-06-INH-E018-U1-Diplomatic_Support,1.0,1.0,True,fixed parent identification and value transcription
inheritance,CLA-06-INH-E018-U1-Public_Opinion,0.55,0.55,True,fixed parent identification and value transcription
inheritance,CLA-06-INH-E018-U1-Leadership_Unity,0.55,0.55,True,fixed parent identification and value transcription
inheritance,CLA-07-INH-E001-U1-Tension,1.0,1.0,True,fixed parent identification and value transcription
inheritance,CLA-07-INH-E001-U1-Diplomatic_Support,0.7,0.7,True,fixed parent identification and value transcription
inheritance,CLA-07-INH-E001-U1-Public_Opinion,0.6,0.6,True,fixed parent identification and value transcription
inheritance,CLA-07-INH-E001-U1-Leadership_Unity,1.0,1.0,True,fixed parent identification and value transcription
inheritance,CLA-07-INH-E001-U2-Tension,1.0,1.0,True,fixed parent identification and value transcription
inheritance,CLA-07-INH-E001-U2-Diplomatic_Support,0.7,0.7,True,fixed parent identification and value transcription
inheritance,CLA-07-INH-E001-U2-Public_Opinion,0.6,0.6,True,fixed parent identification and value transcription
inheritance,CLA-07-INH-E001-U2-Leadership_Unity,1.0,1.0,True,fixed parent identification and value transcription
inheritance,CLA-07-INH-E002-U1-Tension,1.0,1.0,True,fixed parent identification and value transcription
inheritance,CLA-07-INH-E002-U1-Diplomatic_Support,0.65,0.65,True,fixed parent identification and value transcription
inheritance,CLA-07-INH-E002-U1-Public_Opinion,0.55,0.55,True,fixed parent identification and value transcription
inheritance,CLA-07-INH-E002-U1-Leadership_Unity,1.0,1.0,True,fixed parent identification and value transcription
inheritance,CLA-07-INH-E002-U2-Tension,1.0,1.0,True,fixed parent identification and value transcription
inheritance,CLA-07-INH-E002-U2-Diplomatic_Support,0.65,0.65,True,fixed parent identification and value transcription
inheritance,CLA-07-INH-E002-U2-Public_Opinion,0.55,0.55,True,fixed parent identification and value transcription
inheritance,CLA-07-INH-E002-U2-Leadership_Unity,1.0,1.0,True,fixed parent identification and value transcription
inheritance,CLA-07-INH-E003-U1-Tension,0.55,0.55,True,fixed parent identification and value transcription
inheritance,CLA-07-INH-E003-U1-Diplomatic_Support,0.68,0.68,True,fixed parent identification and value transcription
inheritance,CLA-07-INH-E003-U1-Public_Opinion,0.58,0.58,True,fixed parent identification and value transcription
inheritance,CLA-07-INH-E003-U1-Leadership_Unity,0.65,0.65,True,fixed parent identification and value transcription
inheritance,CLA-07-INH-E003-U2-Tension,0.55,0.55,True,fixed parent identification and value transcription
inheritance,CLA-07-INH-E003-U2-Diplomatic_Support,0.68,0.68,True,fixed parent identification and value transcription
inheritance,CLA-07-INH-E003-U2-Public_Opinion,0.58,0.58,True,fixed parent identification and value transcription
inheritance,CLA-07-INH-E003-U2-Leadership_Unity,0.65,0.65,True,fixed parent identification and value transcription
inheritance,CLA-07-INH-E004-U1-Tension,0.95,0.95,True,fixed parent identification and value transcription
inheritance,CLA-07-INH-E004-U1-Diplomatic_Support,0.80,0.80,True,fixed parent identification and value transcription
inheritance,CLA-07-INH-E004-U1-Public_Opinion,0.65,0.65,True,fixed parent identification and value transcription
inheritance,CLA-07-INH-E004-U1-Leadership_Unity,1.0,1.0,True,fixed parent identification and value transcription
inheritance,CLA-07-INH-E004-U2-Tension,0.95,0.95,True,fixed parent identification and value transcription
inheritance,CLA-07-INH-E004-U2-Diplomatic_Support,0.80,0.80,True,fixed parent identification and value transcription
inheritance,CLA-07-INH-E004-U2-Public_Opinion,0.65,0.65,True,fixed parent identification and value transcription
inheritance,CLA-07-INH-E005-U1-Tension,1.0,1.0,True,fixed parent identification and value transcription
inheritance,CLA-07-INH-E005-U1-Diplomatic_Support,0.58,0.58,True,fixed parent identification and value transcription
inheritance,CLA-07-INH-E005-U1-Public_Opinion,0.48,0.48,True,fixed parent identification and value transcription
inheritance,CLA-07-INH-E005-U1-Leadership_Unity,0.85,0.85,True,fixed parent identification and value transcription
inheritance,CLA-07-INH-E005-U2-Diplomatic_Support,0.58,0.58,True,fixed parent identification and value transcription
inheritance,CLA-07-INH-E005-U2-Public_Opinion,0.48,0.48,True,fixed parent identification and value transcription
inheritance,CLA-07-INH-E005-U2-Leadership_Unity,0.85,0.85,True,fixed parent identification and value transcription
inheritance,CLA-07-INH-E006-U1-Tension,0.45,0.45,True,fixed parent identification and value transcription
inheritance,CLA-07-INH-E006-U1-Diplomatic_Support,0.88,0.88,True,fixed parent identification and value transcription
inheritance,CLA-07-INH-E006-U1-Public_Opinion,0.68,0.68,True,fixed parent identification and value transcription
inheritance,CLA-07-INH-E006-U1-Leadership_Unity,0.75,0.75,True,fixed parent identification and value transcription
inheritance,CLA-07-INH-E006-U2-Tension,0.45,0.45,True,fixed parent identification and value transcription
inheritance,CLA-07-INH-E006-U2-Diplomatic_Support,0.88,0.88,True,fixed parent identification and value transcription
inheritance,CLA-07-INH-E006-U2-Public_Opinion,0.68,0.68,True,fixed parent identification and value transcription
inheritance,CLA-07-INH-E006-U2-Leadership_Unity,0.75,0.75,True,fixed parent identification and value transcription
inheritance,CLA-07-INH-E007-U1-Tension,0.85,0.85,True,fixed parent identification and value transcription
inheritance,CLA-07-INH-E007-U1-Diplomatic_Support,0.95,0.95,True,fixed parent identification and value transcription
inheritance,CLA-07-INH-E007-U1-Public_Opinion,0.80,0.80,True,fixed parent identification and value transcription
inheritance,CLA-07-INH-E007-U1-Leadership_Unity,1.0,1.0,True,fixed parent identification and value transcription
inheritance,CLA-07-INH-E007-U2-Tension,0.85,0.85,True,fixed parent identification and value transcription
inheritance,CLA-07-INH-E007-U2-Diplomatic_Support,0.95,0.95,True,fixed parent identification and value transcription
inheritance,CLA-07-INH-E007-U2-Public_Opinion,0.80,0.80,True,fixed parent identification and value transcription
inheritance,CLA-07-INH-E008-U1-Tension,1.0,1.0,True,fixed parent identification and value transcription
inheritance,CLA-07-INH-E008-U1-Diplomatic_Support,0.51,0.51,True,fixed parent identification and value transcription
inheritance,CLA-07-INH-E008-U1-Public_Opinion,0.41,0.41,True,fixed parent identification and value transcription
inheritance,CLA-07-INH-E008-U1-Leadership_Unity,0.70,0.70,True,fixed parent identification and value transcription
inheritance,CLA-07-INH-E008-U2-Diplomatic_Support,0.51,0.51,True,fixed parent identification and value transcription
inheritance,CLA-07-INH-E008-U2-Public_Opinion,0.41,0.41,True,fixed parent identification and value transcription
inheritance,CLA-07-INH-E008-U2-Leadership_Unity,0.70,0.70,True,fixed parent identification and value transcription
inheritance,CLA-07-INH-E009-U1-Tension,0.35,0.35,True,fixed parent identification and value transcription
inheritance,CLA-07-INH-E009-U1-Diplomatic_Support,1.0,1.0,True,fixed parent identification and value transcription
inheritance,CLA-07-INH-E009-U1-Public_Opinion,0.78,0.78,True,fixed parent identification and value transcription
inheritance,CLA-07-INH-E009-U1-Leadership_Unity,0.85,0.85,True,fixed parent identification and value transcription
inheritance,CLA-07-INH-E009-U2-Tension,0.35,0.35,True,fixed parent identification and value transcription
inheritance,CLA-07-INH-E009-U2-Public_Opinion,0.78,0.78,True,fixed parent identification and value transcription
inheritance,CLA-07-INH-E009-U2-Leadership_Unity,0.85,0.85,True,fixed parent identification and value transcription
inheritance,CLA-08-INH-E001-U1-Tension,0.75,0.75,True,fixed parent identification and value transcription
inheritance,CLA-08-INH-E001-U1-Diplomatic_Support,0.6,0.6,True,fixed parent identification and value transcription
inheritance,CLA-08-INH-E002-U1-Leadership_Unity,0.8,0.8,True,fixed parent identification and value transcription
inheritance,CLA-08-INH-E003-U1-Leadership_Unity,0.65,0.65,True,fixed parent identification and value transcription
inheritance,CLA-08-INH-E005-U1-Tension,0.3,0.3,True,fixed parent identification and value transcription
inheritance,CLA-08-INH-E005-U1-Diplomatic_Support,0.7,0.7,True,fixed parent identification and value transcription
inheritance,CLA-08-INH-E006-U1-Leadership_Unity,0.7,0.7,True,fixed parent identification and value transcription
inheritance,CLA-08-INH-E007-U1-Leadership_Unity,0.6,0.6,True,fixed parent identification and value transcription
inheritance,CLA-08-INH-E009-U1-Tension,0.75,0.75,True,fixed parent identification and value transcription
inheritance,CLA-08-INH-E009-U1-Diplomatic_Support,0.4,0.4,True,fixed parent identification and value transcription
inheritance,CLA-08-INH-E010-U1-Leadership_Unity,0.8,0.8,True,fixed parent identification and value transcription
inheritance,CLA-08-INH-E011-U1-Leadership_Unity,0.65,0.65,True,fixed parent identification and value transcription
inheritance,CLA-08-INH-E012-U1-Public_Opinion,0.4,0.4,True,fixed parent identification and value transcription
inheritance,CLA-08-INH-E013-U1-Tension,0.75,0.75,True,fixed parent identification and value transcription
inheritance,CLA-08-INH-E013-U1-Diplomatic_Support,0.55,0.55,True,fixed parent identification and value transcription
inheritance,CLA-08-INH-E013-U2-Tension,0.75,0.75,True,fixed parent identification and value transcription
inheritance,CLA-08-INH-E014-U1-Leadership_Unity,0.8,0.8,True,fixed parent identification and value transcription
inheritance,CLA-08-INH-E015-U1-Leadership_Unity,0.65,0.65,True,fixed parent identification and value transcription
inheritance,CLA-08-INH-E016-U1-Public_Opinion,0.45,0.45,True,fixed parent identification and value transcription
inheritance,CLA-08-INH-E017-U1-Tension,0.25,0.25,True,fixed parent identification and value transcription
inheritance,CLA-08-INH-E017-U1-Diplomatic_Support,0.75,0.75,True,fixed parent identification and value transcription
inheritance,CLA-08-INH-E017-U2-Tension,0.25,0.25,True,fixed parent identification and value transcription
inheritance,CLA-08-INH-E017-U2-Diplomatic_Support,0.75,0.75,True,fixed parent identification and value transcription
inheritance,CLA-08-INH-E018-U1-Leadership_Unity,0.7,0.7,True,fixed parent identification and value transcription
inheritance,CLA-08-INH-E019-U1-Leadership_Unity,0.6,0.6,True,fixed parent identification and value transcription
inheritance,CLA-08-INH-E021-U1-Tension,0.80,0.80,True,fixed parent identification and value transcription
inheritance,CLA-08-INH-E021-U1-Diplomatic_Support,0.35,0.35,True,fixed parent identification and value transcription
inheritance,CLA-08-INH-E021-U2-Tension,0.80,0.80,True,fixed parent identification and value transcription
inheritance,CLA-08-INH-E022-U1-Leadership_Unity,0.8,0.8,True,fixed parent identification and value transcription
inheritance,CLA-08-INH-E023-U1-Leadership_Unity,0.65,0.65,True,fixed parent identification and value transcription
inheritance,CLA-08-INH-E025-U1-Tension,0.90,0.90,True,fixed parent identification and value transcription
inheritance,CLA-08-INH-E025-U1-Diplomatic_Support,0.50,0.50,True,fixed parent identification and value transcription
inheritance,CLA-08-INH-E026-U1-Leadership_Unity,0.8,0.8,True,fixed parent identification and value transcription
inheritance,CLA-08-INH-E027-U1-Leadership_Unity,0.65,0.65,True,fixed parent identification and value transcription
inheritance,CLA-08-INH-E029-U1-Tension,0.20,0.20,True,fixed parent identification and value transcription
inheritance,CLA-08-INH-E029-U1-Diplomatic_Support,0.85,0.85,True,fixed parent identification and value transcription
inheritance,CLA-08-INH-E029-U2-Tension,0.20,0.20,True,fixed parent identification and value transcription
inheritance,CLA-08-INH-E029-U2-Diplomatic_Support,0.85,0.85,True,fixed parent identification and value transcription
inheritance,CLA-08-INH-E030-U1-Leadership_Unity,0.65,0.65,True,fixed parent identification and value transcription
inheritance,CLA-08-INH-E031-U1-Leadership_Unity,0.55,0.55,True,fixed parent identification and value transcription
inheritance,CLA-08-INH-E032-U1-Public_Opinion,0.55,0.55,True,fixed parent identification and value transcription
inheritance,CLA-08-INH-E033-U1-Tension,1.00,1.00,True,fixed parent identification and value transcription
inheritance,CLA-08-INH-E033-U1-Diplomatic_Support,0.20,0.20,True,fixed parent identification and value transcription
inheritance,CLA-08-INH-E034-U1-Leadership_Unity,0.85,0.85,True,fixed parent identification and value transcription
inheritance,CLA-08-INH-E035-U1-Leadership_Unity,0.70,0.70,True,fixed parent identification and value transcription
inheritance,CLA-09-INH-E001-U1-Tension,0.75,0.75,True,fixed parent identification and value transcription
inheritance,CLA-09-INH-E001-U1-Diplomatic_Support,0.50,0.50,True,fixed parent identification and value transcription
inheritance,CLA-09-INH-E001-U1-Public_Opinion,0.50,0.50,True,fixed parent identification and value transcription
inheritance,CLA-09-INH-E001-U1-Leadership_Unity,0.73,0.73,True,fixed parent identification and value transcription
inheritance,CLA-09-INH-E002-U1-Tension,0.40,0.40,True,fixed parent identification and value transcription
inheritance,CLA-09-INH-E002-U1-Diplomatic_Support,0.70,0.70,True,fixed parent identification and value transcription
inheritance,CLA-09-INH-E002-U1-Public_Opinion,0.60,0.60,True,fixed parent identification and value transcription
inheritance,CLA-09-INH-E002-U1-Leadership_Unity,0.60,0.60,True,fixed parent identification and value transcription
inheritance,CLA-09-INH-E003-U1-Tension,0.70,0.70,True,fixed parent identification and value transcription
inheritance,CLA-09-INH-E003-U1-Diplomatic_Support,0.43,0.43,True,fixed parent identification and value transcription
inheritance,CLA-09-INH-E003-U1-Public_Opinion,0.43,0.43,True,fixed parent identification and value transcription
inheritance,CLA-09-INH-E003-U1-Leadership_Unity,0.35,0.35,True,fixed parent identification and value transcription
inheritance,CLA-09-INH-E004-U1-Tension,0.70,0.70,True,fixed parent identification and value transcription
inheritance,CLA-09-INH-E004-U1-Diplomatic_Support,0.60,0.60,True,fixed parent identification and value transcription
inheritance,CLA-09-INH-E004-U1-Public_Opinion,0.55,0.55,True,fixed parent identification and value transcription
inheritance,CLA-09-INH-E004-U1-Leadership_Unity,0.78,0.78,True,fixed parent identification and value transcription
inheritance,CLA-09-INH-E005-U1-Tension,0.35,0.35,True,fixed parent identification and value transcription
inheritance,CLA-09-INH-E005-U1-Diplomatic_Support,0.80,0.80,True,fixed parent identification and value transcription
inheritance,CLA-09-INH-E005-U1-Public_Opinion,0.65,0.65,True,fixed parent identification and value transcription
inheritance,CLA-09-INH-E005-U1-Leadership_Unity,0.65,0.65,True,fixed parent identification and value transcription
inheritance,CLA-09-INH-E006-U1-Tension,0.75,0.75,True,fixed parent identification and value transcription
inheritance,CLA-09-INH-E006-U1-Diplomatic_Support,0.41,0.41,True,fixed parent identification and value transcription
inheritance,CLA-09-INH-E006-U1-Public_Opinion,0.41,0.41,True,fixed parent identification and value transcription
inheritance,CLA-09-INH-E006-U1-Leadership_Unity,0.30,0.30,True,fixed parent identification and value transcription
inheritance,CLA-09-INH-E007-U1-Tension,0.65,0.65,True,fixed parent identification and value transcription
inheritance,CLA-09-INH-E007-U1-Diplomatic_Support,0.70,0.70,True,fixed parent identification and value transcription
inheritance,CLA-09-INH-E007-U1-Public_Opinion,0.55,0.55,True,fixed parent identification and value transcription
inheritance,CLA-09-INH-E007-U1-Leadership_Unity,0.78,0.78,True,fixed parent identification and value transcription
inheritance,CLA-09-INH-E008-U1-Tension,0.25,0.25,True,fixed parent identification and value transcription
inheritance,CLA-09-INH-E008-U1-Diplomatic_Support,0.95,0.95,True,fixed parent identification and value transcription
inheritance,CLA-09-INH-E008-U1-Public_Opinion,0.70,0.70,True,fixed parent identification and value transcription
inheritance,CLA-09-INH-E008-U1-Leadership_Unity,0.70,0.70,True,fixed parent identification and value transcription
inheritance,CLA-09-INH-E009-U1-Tension,0.90,0.90,True,fixed parent identification and value transcription
inheritance,CLA-09-INH-E009-U1-Diplomatic_Support,0.36,0.36,True,fixed parent identification and value transcription
inheritance,CLA-09-INH-E009-U1-Public_Opinion,0.36,0.36,True,fixed parent identification and value transcription
inheritance,CLA-09-INH-E009-U1-Leadership_Unity,0.20,0.20,True,fixed parent identification and value transcription
inheritance,CLA-10-INH-E001-U1-Tension,0.75,0.75,True,fixed parent identification and value transcription
inheritance,CLA-10-INH-E001-U1-Diplomatic_Support,0.5,0.5,True,fixed parent identification and value transcription
inheritance,CLA-10-INH-E001-U1-Public_Opinion,0.5,0.5,True,fixed parent identification and value transcription
inheritance,CLA-10-INH-E001-U1-Leadership_Unity,1.0,1.0,True,fixed parent identification and value transcription
inheritance,CLA-10-INH-E002-U1-Tension,0.30,0.30,True,fixed parent identification and value transcription
inheritance,CLA-10-INH-E002-U1-Diplomatic_Support,0.40,0.40,True,fixed parent identification and value transcription
inheritance,CLA-10-INH-E002-U1-Public_Opinion,0.40,0.40,True,fixed parent identification and value transcription
inheritance,CLA-10-INH-E002-U1-Leadership_Unity,0.30,0.30,True,fixed parent identification and value transcription
inheritance,CLA-10-INH-E003-U1-Tension,0.45,0.45,True,fixed parent identification and value transcription
inheritance,CLA-10-INH-E003-U1-Diplomatic_Support,0.60,0.60,True,fixed parent identification and value transcription
inheritance,CLA-10-INH-E003-U1-Public_Opinion,0.55,0.55,True,fixed parent identification and value transcription
inheritance,CLA-10-INH-E003-U1-Leadership_Unity,0.55,0.55,True,fixed parent identification and value transcription
inheritance,CLA-10-INH-E004-U1-Tension,0.70,0.70,True,fixed parent identification and value transcription
inheritance,CLA-10-INH-E004-U1-Diplomatic_Support,0.60,0.60,True,fixed parent identification and value transcription
inheritance,CLA-10-INH-E004-U1-Public_Opinion,0.55,0.55,True,fixed parent identification and value transcription
inheritance,CLA-10-INH-E004-U1-Leadership_Unity,1.0,1.0,True,fixed parent identification and value transcription
inheritance,CLA-10-INH-E005-U1-Tension,0.25,0.25,True,fixed parent identification and value transcription
inheritance,CLA-10-INH-E005-U1-Diplomatic_Support,0.50,0.50,True,fixed parent identification and value transcription
inheritance,CLA-10-INH-E005-U1-Public_Opinion,0.45,0.45,True,fixed parent identification and value transcription
inheritance,CLA-10-INH-E005-U1-Leadership_Unity,0.40,0.40,True,fixed parent identification and value transcription
inheritance,CLA-10-INH-E006-U1-Tension,0.40,0.40,True,fixed parent identification and value transcription
inheritance,CLA-10-INH-E006-U1-Diplomatic_Support,0.70,0.70,True,fixed parent identification and value transcription
inheritance,CLA-10-INH-E006-U1-Public_Opinion,0.60,0.60,True,fixed parent identification and value transcription
inheritance,CLA-10-INH-E006-U1-Leadership_Unity,0.60,0.60,True,fixed parent identification and value transcription
inheritance,CLA-10-INH-E007-U1-Tension,0.75,0.75,True,fixed parent identification and value transcription
inheritance,CLA-10-INH-E007-U1-Diplomatic_Support,0.60,0.60,True,fixed parent identification and value transcription
inheritance,CLA-10-INH-E007-U1-Public_Opinion,0.53,0.53,True,fixed parent identification and value transcription
inheritance,CLA-10-INH-E007-U1-Leadership_Unity,1.0,1.0,True,fixed parent identification and value transcription
inheritance,CLA-10-INH-E008-U1-Tension,0.15,0.15,True,fixed parent identification and value transcription
inheritance,CLA-10-INH-E008-U1-Diplomatic_Support,0.55,0.55,True,fixed parent identification and value transcription
inheritance,CLA-10-INH-E008-U1-Public_Opinion,0.55,0.55,True,fixed parent identification and value transcription
inheritance,CLA-10-INH-E008-U1-Leadership_Unity,0.50,0.50,True,fixed parent identification and value transcription
inheritance,CLA-10-INH-E009-U1-Tension,0.35,0.35,True,fixed parent identification and value transcription
inheritance,CLA-10-INH-E009-U1-Diplomatic_Support,0.75,0.75,True,fixed parent identification and value transcription
inheritance,CLA-10-INH-E009-U1-Public_Opinion,0.65,0.65,True,fixed parent identification and value transcription
inheritance,CLA-10-INH-E009-U1-Leadership_Unity,0.65,0.65,True,fixed parent identification and value transcription
inheritance,CLA-11-INH-E001-U1-Tension,0.60,0.60,True,fixed parent identification and value transcription
inheritance,CLA-11-INH-E001-U1-Diplomatic_Support,0.46,0.46,True,fixed parent identification and value transcription
inheritance,CLA-11-INH-E001-U1-Public_Opinion,0.46,0.46,True,fixed parent identification and value transcription
inheritance,CLA-11-INH-E001-U1-Leadership_Unity,0.40,0.40,True,fixed parent identification and value transcription
inheritance,CLA-11-INH-E002-U1-Tension,0.70,0.70,True,fixed parent identification and value transcription
inheritance,CLA-11-INH-E002-U1-Diplomatic_Support,0.43,0.43,True,fixed parent identification and value transcription
inheritance,CLA-11-INH-E002-U1-Public_Opinion,0.43,0.43,True,fixed parent identification and value transcription
inheritance,CLA-11-INH-E002-U1-Leadership_Unity,0.35,0.35,True,fixed parent identification and value transcription
inheritance,CLA-11-INH-E003-U1-Tension,0.80,0.80,True,fixed parent identification and value transcription
inheritance,CLA-11-INH-E003-U1-Diplomatic_Support,0.43,0.43,True,fixed parent identification and value transcription
inheritance,CLA-11-INH-E003-U1-Public_Opinion,0.43,0.43,True,fixed parent identification and value transcription
inheritance,CLA-11-INH-E003-U1-Leadership_Unity,0.35,0.35,True,fixed parent identification and value transcription
inheritance,CLA-11-INH-E004-U1-Tension,0.55,0.55,True,fixed parent identification and value transcription
inheritance,CLA-11-INH-E004-U1-Diplomatic_Support,0.56,0.56,True,fixed parent identification and value transcription
inheritance,CLA-11-INH-E004-U1-Public_Opinion,0.51,0.51,True,fixed parent identification and value transcription
inheritance,CLA-11-INH-E004-U1-Leadership_Unity,0.45,0.45,True,fixed parent identification and value transcription
inheritance,CLA-11-INH-E005-U1-Tension,0.73,0.73,True,fixed parent identification and value transcription
inheritance,CLA-11-INH-E005-U1-Diplomatic_Support,0.46,0.46,True,fixed parent identification and value transcription
inheritance,CLA-11-INH-E005-U1-Public_Opinion,0.41,0.41,True,fixed parent identification and value transcription
inheritance,CLA-11-INH-E005-U1-Leadership_Unity,0.30,0.30,True,fixed parent identification and value transcription
inheritance,CLA-11-INH-E006-U1-Tension,0.75,0.75,True,fixed parent identification and value transcription
inheritance,CLA-11-INH-E006-U1-Diplomatic_Support,0.48,0.48,True,fixed parent identification and value transcription
inheritance,CLA-11-INH-E006-U1-Public_Opinion,0.53,0.53,True,fixed parent identification and value transcription
inheritance,CLA-11-INH-E006-U1-Leadership_Unity,0.45,0.45,True,fixed parent identification and value transcription
inheritance,CLA-11-INH-E007-U1-Tension,0.45,0.45,True,fixed parent identification and value transcription
inheritance,CLA-11-INH-E007-U1-Diplomatic_Support,0.71,0.71,True,fixed parent identification and value transcription
inheritance,CLA-11-INH-E007-U1-Public_Opinion,0.66,0.66,True,fixed parent identification and value transcription
inheritance,CLA-11-INH-E007-U1-Leadership_Unity,0.60,0.60,True,fixed parent identification and value transcription
inheritance,CLA-11-INH-E008-U1-Tension,0.98,0.98,True,fixed parent identification and value transcription
inheritance,CLA-11-INH-E008-U1-Diplomatic_Support,0.36,0.36,True,fixed parent identification and value transcription
inheritance,CLA-11-INH-E008-U1-Public_Opinion,0.31,0.31,True,fixed parent identification and value transcription
inheritance,CLA-11-INH-E008-U1-Leadership_Unity,0.15,0.15,True,fixed parent identification and value transcription
inheritance,CLA-11-INH-E009-U1-Tension,0.75,0.75,True,fixed parent identification and value transcription
inheritance,CLA-11-INH-E009-U1-Diplomatic_Support,0.53,0.53,True,fixed parent identification and value transcription
inheritance,CLA-11-INH-E009-U1-Public_Opinion,0.58,0.58,True,fixed parent identification and value transcription
inheritance,CLA-11-INH-E009-U1-Leadership_Unity,0.50,0.50,True,fixed parent identification and value transcription
inheritance,CLA-12-INH-E001-U1-Tension,1.0,1.0,True,fixed parent identification and value transcription
inheritance,CLA-12-INH-E001-U1-Diplomatic_Support,0.5,0.5,True,fixed parent identification and value transcription
inheritance,CLA-12-INH-E001-U1-Public_Opinion,0.5,0.5,True,fixed parent identification and value transcription
inheritance,CLA-12-INH-E001-U1-Leadership_Unity,1.0,1.0,True,fixed parent identification and value transcription
inheritance,CLA-12-INH-E002-U1-Tension,0.5,0.5,True,fixed parent identification and value transcription
inheritance,CLA-12-INH-E002-U1-Diplomatic_Support,0.5,0.5,True,fixed parent identification and value transcription
inheritance,CLA-12-INH-E002-U1-Public_Opinion,0.5,0.5,True,fixed parent identification and value transcription
inheritance,CLA-12-INH-E002-U1-Leadership_Unity,0.5,0.5,True,fixed parent identification and value transcription
inheritance,CLA-12-INH-E003-U1-Tension,1.0,1.0,True,fixed parent identification and value transcription
inheritance,CLA-12-INH-E003-U1-Diplomatic_Support,0.5,0.5,True,fixed parent identification and value transcription
inheritance,CLA-12-INH-E003-U1-Public_Opinion,0.5,0.5,True,fixed parent identification and value transcription
inheritance,CLA-12-INH-E003-U1-Leadership_Unity,1.0,1.0,True,fixed parent identification and value transcription
inheritance,CLA-12-INH-E003-U2-Tension,1.0,1.0,True,fixed parent identification and value transcription
inheritance,CLA-12-INH-E003-U2-Diplomatic_Support,0.5,0.5,True,fixed parent identification and value transcription
inheritance,CLA-12-INH-E003-U2-Public_Opinion,0.5,0.5,True,fixed parent identification and value transcription
inheritance,CLA-12-INH-E003-U2-Leadership_Unity,1.0,1.0,True,fixed parent identification and value transcription
inheritance,CLA-12-INH-E004-U1-Tension,1.0,1.0,True,fixed parent identification and value transcription
inheritance,CLA-12-INH-E004-U1-Diplomatic_Support,0.5,0.5,True,fixed parent identification and value transcription
inheritance,CLA-12-INH-E004-U1-Public_Opinion,0.5,0.5,True,fixed parent identification and value transcription
inheritance,CLA-12-INH-E004-U1-Leadership_Unity,1.0,1.0,True,fixed parent identification and value transcription
inheritance,CLA-12-INH-E004-U2-Tension,1.0,1.0,True,fixed parent identification and value transcription
inheritance,CLA-12-INH-E004-U2-Diplomatic_Support,0.5,0.5,True,fixed parent identification and value transcription
inheritance,CLA-12-INH-E004-U2-Public_Opinion,0.5,0.5,True,fixed parent identification and value transcription
inheritance,CLA-12-INH-E004-U2-Leadership_Unity,1.0,1.0,True,fixed parent identification and value transcription
inheritance,CLA-12-INH-E005-U1-Tension,0.5,0.5,True,fixed parent identification and value transcription
inheritance,CLA-12-INH-E005-U1-Diplomatic_Support,0.5,0.5,True,fixed parent identification and value transcription
inheritance,CLA-12-INH-E005-U1-Public_Opinion,1.0,1.0,True,fixed parent identification and value transcription
inheritance,CLA-12-INH-E005-U1-Leadership_Unity,0.5,0.5,True,fixed parent identification and value transcription
inheritance,CLA-12-INH-E005-U2-Tension,0.5,0.5,True,fixed parent identification and value transcription
inheritance,CLA-12-INH-E005-U2-Diplomatic_Support,0.5,0.5,True,fixed parent identification and value transcription
inheritance,CLA-12-INH-E005-U2-Public_Opinion,1.0,1.0,True,fixed parent identification and value transcription
inheritance,CLA-12-INH-E005-U2-Leadership_Unity,0.5,0.5,True,fixed parent identification and value transcription
inheritance,CLA-12-INH-E006-U1-Tension,1.0,1.0,True,fixed parent identification and value transcription
inheritance,CLA-12-INH-E006-U1-Diplomatic_Support,0.55,0.55,True,fixed parent identification and value transcription
inheritance,CLA-12-INH-E006-U1-Public_Opinion,0.5,0.5,True,fixed parent identification and value transcription
inheritance,CLA-12-INH-E006-U1-Leadership_Unity,0.95,0.95,True,fixed parent identification and value transcription
inheritance,CLA-12-INH-E006-U2-Tension,1.0,1.0,True,fixed parent identification and value transcription
inheritance,CLA-12-INH-E006-U2-Diplomatic_Support,0.55,0.55,True,fixed parent identification and value transcription
inheritance,CLA-12-INH-E006-U2-Public_Opinion,0.5,0.5,True,fixed parent identification and value transcription
inheritance,CLA-12-INH-E006-U2-Leadership_Unity,0.95,0.95,True,fixed parent identification and value transcription
inheritance,CLA-12-INH-E007-U1-Tension,1.0,1.0,True,fixed parent identification and value transcription
inheritance,CLA-12-INH-E007-U1-Diplomatic_Support,0.55,0.55,True,fixed parent identification and value transcription
inheritance,CLA-12-INH-E007-U1-Public_Opinion,0.5,0.5,True,fixed parent identification and value transcription
inheritance,CLA-12-INH-E007-U1-Leadership_Unity,0.95,0.95,True,fixed parent identification and value transcription
inheritance,CLA-12-INH-E008-U1-Tension,0.45,0.45,True,fixed parent identification and value transcription
inheritance,CLA-12-INH-E008-U1-Diplomatic_Support,0.6,0.6,True,fixed parent identification and value transcription
inheritance,CLA-12-INH-E008-U1-Public_Opinion,1.0,1.0,True,fixed parent identification and value transcription
inheritance,CLA-12-INH-E008-U1-Leadership_Unity,0.55,0.55,True,fixed parent identification and value transcription
inheritance,CLA-12-INH-E008-U2-Tension,0.45,0.45,True,fixed parent identification and value transcription
inheritance,CLA-12-INH-E008-U2-Diplomatic_Support,0.6,0.6,True,fixed parent identification and value transcription
inheritance,CLA-12-INH-E008-U2-Leadership_Unity,0.55,0.55,True,fixed parent identification and value transcription
inheritance,CLA-12-INH-E009-U1-Tension,1.0,1.0,True,fixed parent identification and value transcription
inheritance,CLA-12-INH-E009-U1-Diplomatic_Support,0.48,0.48,True,fixed parent identification and value transcription
inheritance,CLA-12-INH-E009-U1-Public_Opinion,0.43,0.43,True,fixed parent identification and value transcription
inheritance,CLA-12-INH-E009-U1-Leadership_Unity,0.80,0.80,True,fixed parent identification and value transcription
inheritance,CLA-12-INH-E009-U2-Tension,1.0,1.0,True,fixed parent identification and value transcription
inheritance,CLA-12-INH-E009-U2-Diplomatic_Support,0.48,0.48,True,fixed parent identification and value transcription
inheritance,CLA-12-INH-E009-U2-Public_Opinion,0.43,0.43,True,fixed parent identification and value transcription
inheritance,CLA-12-INH-E009-U2-Leadership_Unity,0.80,0.80,True,fixed parent identification and value transcription
inheritance,CLA-13-INH-E001-U1-Tension,1.0,1.0,True,fixed parent identification and value transcription
inheritance,CLA-13-INH-E001-U1-Diplomatic_Support,0.58,0.58,True,fixed parent identification and value transcription
inheritance,CLA-13-INH-E001-U1-Public_Opinion,0.53,0.53,True,fixed parent identification and value transcription
inheritance,CLA-13-INH-E001-U1-Leadership_Unity,0.75,0.75,True,fixed parent identification and value transcription
inheritance,CLA-13-INH-E002-U1-Tension,0.90,0.90,True,fixed parent identification and value transcription
inheritance,CLA-13-INH-E002-U1-Diplomatic_Support,0.80,0.80,True,fixed parent identification and value transcription
inheritance,CLA-13-INH-E002-U1-Public_Opinion,0.65,0.65,True,fixed parent identification and value transcription
inheritance,CLA-13-INH-E002-U1-Leadership_Unity,0.75,0.75,True,fixed parent identification and value transcription
inheritance,CLA-13-INH-E003-U1-Tension,1.0,1.0,True,fixed parent identification and value transcription
inheritance,CLA-13-INH-E003-U1-Diplomatic_Support,0.58,0.58,True,fixed parent identification and value transcription
inheritance,CLA-13-INH-E003-U1-Public_Opinion,0.53,0.53,True,fixed parent identification and value transcription
inheritance,CLA-13-INH-E003-U1-Leadership_Unity,0.75,0.75,True,fixed parent identification and value transcription
inheritance,CLA-13-INH-E004-U1-Tension,0.95,0.95,True,fixed parent identification and value transcription
inheritance,CLA-13-INH-E004-U1-Diplomatic_Support,0.61,0.61,True,fixed parent identification and value transcription
inheritance,CLA-13-INH-E004-U1-Public_Opinion,0.53,0.53,True,fixed parent identification and value transcription
inheritance,CLA-13-INH-E004-U1-Leadership_Unity,0.72,0.72,True,fixed parent identification and value transcription
inheritance,CLA-13-INH-E005-U1-Tension,0.80,0.80,True,fixed parent identification and value transcription
inheritance,CLA-13-INH-E005-U1-Diplomatic_Support,0.90,0.90,True,fixed parent identification and value transcription
inheritance,CLA-13-INH-E005-U1-Public_Opinion,0.70,0.70,True,fixed parent identification and value transcription
inheritance,CLA-13-INH-E005-U1-Leadership_Unity,0.80,0.80,True,fixed parent identification and value transcription
inheritance,CLA-13-INH-E006-U1-Tension,1.0,1.0,True,fixed parent identification and value transcription
inheritance,CLA-13-INH-E006-U1-Diplomatic_Support,0.51,0.51,True,fixed parent identification and value transcription
inheritance,CLA-13-INH-E006-U1-Public_Opinion,0.46,0.46,True,fixed parent identification and value transcription
inheritance,CLA-13-INH-E006-U1-Leadership_Unity,0.60,0.60,True,fixed parent identification and value transcription
inheritance,CLA-13-INH-E007-U1-Tension,0.85,0.85,True,fixed parent identification and value transcription
inheritance,CLA-13-INH-E007-U1-Diplomatic_Support,0.71,0.71,True,fixed parent identification and value transcription
inheritance,CLA-13-INH-E007-U1-Public_Opinion,0.68,0.68,True,fixed parent identification and value transcription
inheritance,CLA-13-INH-E007-U1-Leadership_Unity,0.87,0.87,True,fixed parent identification and value transcription
inheritance,CLA-13-INH-E008-U1-Tension,0.70,0.70,True,fixed parent identification and value transcription
inheritance,CLA-13-INH-E008-U1-Diplomatic_Support,1.0,1.0,True,fixed parent identification and value transcription
inheritance,CLA-13-INH-E008-U1-Public_Opinion,0.75,0.75,True,fixed parent identification and value transcription
inheritance,CLA-13-INH-E008-U1-Leadership_Unity,0.85,0.85,True,fixed parent identification and value transcription
inheritance,CLA-13-INH-E009-U1-Tension,1.0,1.0,True,fixed parent identification and value transcription
inheritance,CLA-13-INH-E009-U1-Diplomatic_Support,0.46,0.46,True,fixed parent identification and value transcription
inheritance,CLA-13-INH-E009-U1-Public_Opinion,0.41,0.41,True,fixed parent identification and value transcription
inheritance,CLA-13-INH-E009-U1-Leadership_Unity,0.50,0.50,True,fixed parent identification and value transcription
inheritance,CLA-14-INH-E001-U1-Diplomatic_Support,0.78,0.78,True,fixed parent identification and value transcription
inheritance,CLA-14-INH-E001-U1-Leadership_Unity,0.70,0.70,True,fixed parent identification and value transcription
inheritance,CLA-14-INH-E002-U1-Public_Opinion,0.55,0.55,True,fixed parent identification and value transcription
inheritance,CLA-14-INH-E002-U1-Leadership_Unity,0.65,0.65,True,fixed parent identification and value transcription
inheritance,CLA-14-INH-E003-U1-Diplomatic_Support,0.80,0.80,True,fixed parent identification and value transcription
inheritance,CLA-14-INH-E003-U1-Leadership_Unity,0.75,0.75,True,fixed parent identification and value transcription
inheritance,CLA-14-INH-E004-U1-Diplomatic_Support,0.80,0.80,True,fixed parent identification and value transcription
inheritance,CLA-14-INH-E005-U1-Tension,0.55,0.55,True,fixed parent identification and value transcription
inheritance,CLA-14-INH-E005-U1-Leadership_Unity,0.60,0.60,True,fixed parent identification and value transcription
inheritance,CLA-14-INH-E006-U1-Leadership_Unity,0.75,0.75,True,fixed parent identification and value transcription
inheritance,CLA-14-INH-E007-U1-Diplomatic_Support,0.76,0.76,True,fixed parent identification and value transcription
inheritance,CLA-14-INH-E007-U1-Leadership_Unity,0.65,0.65,True,fixed parent identification and value transcription
inheritance,CLA-14-INH-E008-U1-Leadership_Unity,0.70,0.70,True,fixed parent identification and value transcription
inheritance,CLA-14-INH-E009-U1-Diplomatic_Support,0.85,0.85,True,fixed parent identification and value transcription
inheritance,CLA-14-INH-E009-U1-Leadership_Unity,0.85,0.85,True,fixed parent identification and value transcription
inheritance,CLA-14-INH-E010-U1-Diplomatic_Support,0.90,0.90,True,fixed parent identification and value transcription
inheritance,CLA-14-INH-E010-U1-Leadership_Unity,0.80,0.80,True,fixed parent identification and value transcription
inheritance,CLA-14-INH-E011-U1-Tension,0.60,0.60,True,fixed parent identification and value transcription
inheritance,CLA-14-INH-E011-U1-Leadership_Unity,0.55,0.55,True,fixed parent identification and value transcription
inheritance,CLA-14-INH-E012-U1-Leadership_Unity,0.70,0.70,True,fixed parent identification and value transcription
inheritance,CLA-14-INH-E013-U1-Leadership_Unity,0.60,0.60,True,fixed parent identification and value transcription
inheritance,CLA-14-INH-E015-U1-Tension,0.25,0.25,True,fixed parent identification and value transcription
inheritance,CLA-14-INH-E015-U1-Diplomatic_Support,0.90,0.90,True,fixed parent identification and value transcription
inheritance,CLA-14-INH-E015-U1-Leadership_Unity,0.95,0.95,True,fixed parent identification and value transcription
inheritance,CLA-14-INH-E016-U1-Diplomatic_Support,1.00,1.00,True,fixed parent identification and value transcription
inheritance,CLA-14-INH-E016-U1-Leadership_Unity,0.85,0.85,True,fixed parent identification and value transcription
inheritance,CLA-14-INH-E017-U1-Tension,0.75,0.75,True,fixed parent identification and value transcription
inheritance,CLA-14-INH-E017-U1-Leadership_Unity,0.45,0.45,True,fixed parent identification and value transcription
inheritance,CLA-15-INH-E001-U1-Tension,1.00,1.00,True,fixed parent identification and value transcription
inheritance,CLA-15-INH-E001-U1-Diplomatic_Support,0.58,0.58,True,fixed parent identification and value transcription
inheritance,CLA-15-INH-E001-U1-Public_Opinion,0.58,0.58,True,fixed parent identification and value transcription
inheritance,CLA-15-INH-E001-U1-Leadership_Unity,0.75,0.75,True,fixed parent identification and value transcription
inheritance,CLA-15-INH-E002-U1-Tension,0.45,0.45,True,fixed parent identification and value transcription
inheritance,CLA-15-INH-E002-U1-Diplomatic_Support,0.70,0.70,True,fixed parent identification and value transcription
inheritance,CLA-15-INH-E002-U1-Public_Opinion,0.65,0.65,True,fixed parent identification and value transcription
inheritance,CLA-15-INH-E002-U1-Leadership_Unity,0.65,0.65,True,fixed parent identification and value transcription
inheritance,CLA-15-INH-E003-U1-Tension,1.00,1.00,True,fixed parent identification and value transcription
inheritance,CLA-15-INH-E003-U1-Diplomatic_Support,0.53,0.53,True,fixed parent identification and value transcription
inheritance,CLA-15-INH-E003-U1-Public_Opinion,0.53,0.53,True,fixed parent identification and value transcription
inheritance,CLA-15-INH-E003-U1-Leadership_Unity,0.80,0.80,True,fixed parent identification and value transcription
inheritance,CLA-15-INH-E004-U1-Tension,1.00,1.00,True,fixed parent identification and value transcription
inheritance,CLA-15-INH-E004-U1-Diplomatic_Support,0.53,0.53,True,fixed parent identification and value transcription
inheritance,CLA-15-INH-E004-U1-Public_Opinion,0.53,0.53,True,fixed parent identification and value transcription
inheritance,CLA-15-INH-E004-U1-Leadership_Unity,0.70,0.70,True,fixed parent identification and value transcription
inheritance,CLA-15-INH-E005-U1-Tension,0.40,0.40,True,fixed parent identification and value transcription
inheritance,CLA-15-INH-E005-U1-Diplomatic_Support,0.80,0.80,True,fixed parent identification and value transcription
inheritance,CLA-15-INH-E005-U1-Public_Opinion,0.70,0.70,True,fixed parent identification and value transcription
inheritance,CLA-15-INH-E005-U1-Leadership_Unity,0.70,0.70,True,fixed parent identification and value transcription
inheritance,CLA-15-INH-E006-U1-Tension,0.95,0.95,True,fixed parent identification and value transcription
inheritance,CLA-15-INH-E006-U1-Diplomatic_Support,0.58,0.58,True,fixed parent identification and value transcription
inheritance,CLA-15-INH-E006-U1-Public_Opinion,0.63,0.63,True,fixed parent identification and value transcription
inheritance,CLA-15-INH-E006-U1-Leadership_Unity,0.90,0.90,True,fixed parent identification and value transcription
inheritance,CLA-15-INH-E007-U1-Tension,1.00,1.00,True,fixed parent identification and value transcription
inheritance,CLA-15-INH-E007-U1-Diplomatic_Support,0.51,0.51,True,fixed parent identification and value transcription
inheritance,CLA-15-INH-E007-U1-Public_Opinion,0.51,0.51,True,fixed parent identification and value transcription
inheritance,CLA-15-INH-E007-U1-Leadership_Unity,0.65,0.65,True,fixed parent identification and value transcription
inheritance,CLA-15-INH-E008-U1-Tension,0.35,0.35,True,fixed parent identification and value transcription
inheritance,CLA-15-INH-E008-U1-Diplomatic_Support,0.90,0.90,True,fixed parent identification and value transcription
inheritance,CLA-15-INH-E008-U1-Public_Opinion,0.75,0.75,True,fixed parent identification and value transcription
inheritance,CLA-16-INH-E007-U1-Tension,1.00,1.00,True,fixed parent identification and value transcription
inheritance,CLA-16-INH-E007-U1-Diplomatic_Support,0.50,0.50,True,fixed parent identification and value transcription
inheritance,CLA-16-INH-E007-U1-Public_Opinion,0.63,0.63,True,fixed parent identification and value transcription
inheritance,CLA-16-INH-E007-U1-Leadership_Unity,0.56,0.56,True,fixed parent identification and value transcription
inheritance,CLA-16-INH-E008-U1-Tension,1.00,1.00,True,fixed parent identification and value transcription
inheritance,CLA-16-INH-E008-U1-Diplomatic_Support,0.55,0.55,True,fixed parent identification and value transcription
inheritance,CLA-16-INH-E008-U1-Public_Opinion,0.40,0.40,True,fixed parent identification and value transcription
inheritance,CLA-16-INH-E008-U1-Leadership_Unity,0.26,0.26,True,fixed parent identification and value transcription
inheritance,CLA-16-INH-E009-U1-Tension,0.95,0.95,True,fixed parent identification and value transcription
inheritance,CLA-16-INH-E009-U1-Diplomatic_Support,0.45,0.45,True,fixed parent identification and value transcription
inheritance,CLA-16-INH-E009-U1-Public_Opinion,0.38,0.38,True,fixed parent identification and value transcription
inheritance,CLA-16-INH-E009-U1-Leadership_Unity,0.75,0.75,True,fixed parent identification and value transcription
inheritance,CLA-16-INH-E010-U1-Tension,1.00,1.00,True,fixed parent identification and value transcription
inheritance,CLA-16-INH-E010-U1-Diplomatic_Support,0.40,0.40,True,fixed parent identification and value transcription
inheritance,CLA-16-INH-E010-U1-Public_Opinion,0.53,0.53,True,fixed parent identification and value transcription
inheritance,CLA-16-INH-E010-U1-Leadership_Unity,0.36,0.36,True,fixed parent identification and value transcription
inheritance,CLA-16-INH-E011-U1-Tension,1.00,1.00,True,fixed parent identification and value transcription
inheritance,CLA-16-INH-E011-U1-Diplomatic_Support,0.35,0.35,True,fixed parent identification and value transcription
inheritance,CLA-16-INH-E011-U1-Public_Opinion,0.25,0.25,True,fixed parent identification and value transcription
inheritance,CLA-16-INH-E011-U1-Leadership_Unity,0.01,0.01,True,fixed parent identification and value transcription
inheritance,CLA-16-INH-E012-U1-Tension,0.95,0.95,True,fixed parent identification and value transcription
inheritance,CLA-16-INH-E012-U1-Diplomatic_Support,0.45,0.45,True,fixed parent identification and value transcription
inheritance,CLA-16-INH-E012-U1-Public_Opinion,0.33,0.33,True,fixed parent identification and value transcription
inheritance,CLA-16-INH-E012-U1-Leadership_Unity,0.60,0.60,True,fixed parent identification and value transcription
inheritance,CLA-17-INH-E001-U1-Tension,0.75,0.75,True,fixed parent identification and value transcription
inheritance,CLA-17-INH-E001-U1-Diplomatic_Support,0.60,0.60,True,fixed parent identification and value transcription
inheritance,CLA-17-INH-E002-U1-Leadership_Unity,1.0,1.0,True,fixed parent identification and value transcription
inheritance,CLA-17-INH-E003-U1-Leadership_Unity,0.55,0.55,True,fixed parent identification and value transcription
inheritance,CLA-17-INH-E004-U1-Tension,1.0,1.0,True,fixed parent identification and value transcription
inheritance,CLA-17-INH-E004-U1-Diplomatic_Support,0.45,0.45,True,fixed parent identification and value transcription
inheritance,CLA-17-INH-E005-U1-Leadership_Unity,1.0,1.0,True,fixed parent identification and value transcription
inheritance,CLA-17-INH-E006-U1-Leadership_Unity,1.0,1.0,True,fixed parent identification and value transcription
inheritance,CLA-17-INH-E007-U1-Tension,0.90,0.90,True,fixed parent identification and value transcription
inheritance,CLA-17-INH-E007-U1-Diplomatic_Support,0.36,0.36,True,fixed parent identification and value transcription
inheritance,CLA-17-INH-E008-U1-Leadership_Unity,0.55,0.55,True,fixed parent identification and value transcription
inheritance,CLA-17-INH-E009-U1-Leadership_Unity,1.0,1.0,True,fixed parent identification and value transcription
inheritance,CLA-17-INH-E010-U1-Tension,0.80,0.80,True,fixed parent identification and value transcription
inheritance,CLA-17-INH-E010-U1-Diplomatic_Support,0.58,0.58,True,fixed parent identification and value transcription
inheritance,CLA-17-INH-E011-U1-Leadership_Unity,0.95,0.95,True,fixed parent identification and value transcription
inheritance,CLA-17-INH-E012-U1-Leadership_Unity,0.55,0.55,True,fixed parent identification and value transcription
inheritance,CLA-17-INH-E013-U1-Tension,1.0,1.0,True,fixed parent identification and value transcription
inheritance,CLA-17-INH-E013-U1-Diplomatic_Support,0.35,0.35,True,fixed parent identification and value transcription
inheritance,CLA-17-INH-E014-U1-Leadership_Unity,0.90,0.90,True,fixed parent identification and value transcription
inheritance,CLA-17-INH-E015-U1-Leadership_Unity,0.90,0.90,True,fixed parent identification and value transcription
inheritance,CLA-17-INH-E016-U1-Tension,0.95,0.95,True,fixed parent identification and value transcription
inheritance,CLA-17-INH-E016-U1-Diplomatic_Support,0.34,0.34,True,fixed parent identification and value transcription
inheritance,CLA-17-INH-E017-U1-Leadership_Unity,0.50,0.50,True,fixed parent identification and value transcription
inheritance,CLA-17-INH-E018-U1-Leadership_Unity,1.0,1.0,True,fixed parent identification and value transcription
inheritance,CLA-17-INH-E019-U1-Tension,0.90,0.90,True,fixed parent identification and value transcription
inheritance,CLA-17-INH-E019-U1-Diplomatic_Support,0.63,0.63,True,fixed parent identification and value transcription
inheritance,CLA-17-INH-E019-U1-Public_Opinion,0.50,0.50,True,fixed parent identification and value transcription
inheritance,CLA-17-INH-E020-U1-Leadership_Unity,0.85,0.85,True,fixed parent identification and value transcription
inheritance,CLA-17-INH-E021-U1-Leadership_Unity,0.60,0.60,True,fixed parent identification and value transcription
inheritance,CLA-17-INH-E022-U1-Tension,1.0,1.0,True,fixed parent identification and value transcription
inheritance,CLA-17-INH-E022-U1-Diplomatic_Support,0.15,0.15,True,fixed parent identification and value transcription
inheritance,CLA-17-INH-E022-U1-Public_Opinion,0.30,0.30,True,fixed parent identification and value transcription
inheritance,CLA-17-INH-E023-U1-Leadership_Unity,0.75,0.75,True,fixed parent identification and value transcription
inheritance,CLA-17-INH-E024-U1-Leadership_Unity,0.75,0.75,True,fixed parent identification and value transcription
inheritance,CLA-17-INH-E025-U1-Tension,1.0,1.0,True,fixed parent identification and value transcription
inheritance,CLA-17-INH-E025-U1-Diplomatic_Support,0.34,0.34,True,fixed parent identification and value transcription
inheritance,CLA-17-INH-E025-U1-Public_Opinion,0.55,0.55,True,fixed parent identification and value transcription
inheritance,CLA-17-INH-E026-U1-Leadership_Unity,0.30,0.30,True,fixed parent identification and value transcription
inheritance,CLA-17-INH-E027-U1-Leadership_Unity,1.0,1.0,True,fixed parent identification and value transcription
inheritance,CLA-18-INH-E001-U1-Tension,0.60,0.60,True,fixed parent identification and value transcription
inheritance,CLA-18-INH-E001-U1-Diplomatic_Support,0.44,0.44,True,fixed parent identification and value transcription
inheritance,CLA-18-INH-E001-U1-Public_Opinion,0.48,0.48,True,fixed parent identification and value transcription
inheritance,CLA-18-INH-E001-U1-Leadership_Unity,0.45,0.45,True,fixed parent identification and value transcription
inheritance,CLA-18-INH-E002-U1-Tension,0.795,0.795,True,fixed parent identification and value transcription
inheritance,CLA-18-INH-E002-U1-Diplomatic_Support,0.45,0.45,True,fixed parent identification and value transcription
inheritance,CLA-18-INH-E002-U1-Public_Opinion,0.45,0.45,True,fixed parent identification and value transcription
inheritance,CLA-18-INH-E002-U1-Leadership_Unity,0.455,0.455,True,fixed parent identification and value transcription
inheritance,CLA-18-INH-E003-U1-Tension,0.40,0.40,True,fixed parent identification and value transcription
inheritance,CLA-18-INH-E003-U1-Diplomatic_Support,0.655,0.655,True,fixed parent identification and value transcription
inheritance,CLA-18-INH-E003-U1-Public_Opinion,0.605,0.605,True,fixed parent identification and value transcription
inheritance,CLA-18-INH-E003-U1-Leadership_Unity,0.55,0.55,True,fixed parent identification and value transcription
inheritance,CLA-18-INH-E004-U1-Tension,0.70,0.70,True,fixed parent identification and value transcription
inheritance,CLA-18-INH-E004-U1-Diplomatic_Support,0.38,0.38,True,fixed parent identification and value transcription
inheritance,CLA-18-INH-E004-U1-Public_Opinion,0.46,0.46,True,fixed parent identification and value transcription
inheritance,CLA-18-INH-E004-U1-Leadership_Unity,0.465,0.465,True,fixed parent identification and value transcription
inheritance,CLA-18-INH-E005-U1-Tension,0.695,0.695,True,fixed parent identification and value transcription
inheritance,CLA-18-INH-E005-U1-Diplomatic_Support,0.60,0.60,True,fixed parent identification and value transcription
inheritance,CLA-18-INH-E005-U1-Public_Opinion,0.55,0.55,True,fixed parent identification and value transcription
inheritance,CLA-18-INH-E005-U1-Leadership_Unity,0.555,0.555,True,fixed parent identification and value transcription
inheritance,CLA-18-INH-E006-U1-Tension,0.30,0.30,True,fixed parent identification and value transcription
inheritance,CLA-18-INH-E006-U1-Diplomatic_Support,0.855,0.855,True,fixed parent identification and value transcription
inheritance,CLA-18-INH-E006-U1-Public_Opinion,0.705,0.705,True,fixed parent identification and value transcription
inheritance,CLA-18-INH-E006-U1-Leadership_Unity,0.65,0.65,True,fixed parent identification and value transcription
inheritance,CLA-18-INH-E007-U1-Tension,0.85,0.85,True,fixed parent identification and value transcription
inheritance,CLA-18-INH-E007-U1-Diplomatic_Support,0.45,0.45,True,fixed parent identification and value transcription
inheritance,CLA-18-INH-E007-U1-Public_Opinion,0.43,0.43,True,fixed parent identification and value transcription
inheritance,CLA-18-INH-E007-U1-Leadership_Unity,0.415,0.415,True,fixed parent identification and value transcription
inheritance,CLA-18-INH-E008-U1-Tension,0.795,0.795,True,fixed parent identification and value transcription
inheritance,CLA-18-INH-E008-U1-Diplomatic_Support,0.65,0.65,True,fixed parent identification and value transcription
inheritance,CLA-18-INH-E008-U1-Public_Opinion,0.55,0.55,True,fixed parent identification and value transcription
inheritance,CLA-18-INH-E008-U1-Leadership_Unity,0.505,0.505,True,fixed parent identification and value transcription
inheritance,CLA-18-INH-E009-U1-Tension,0.35,0.35,True,fixed parent identification and value transcription
inheritance,CLA-18-INH-E009-U1-Diplomatic_Support,0.905,0.905,True,fixed parent identification and value transcription
inheritance,CLA-18-INH-E009-U1-Public_Opinion,0.685,0.685,True,fixed parent identification and value transcription
inheritance,CLA-18-INH-E009-U1-Leadership_Unity,0.65,0.65,True,fixed parent identification and value transcription
inheritance,CLA-19-INH-E001-U1-Tension,0.40,0.40,True,fixed parent identification and value transcription
inheritance,CLA-19-INH-E001-U1-Diplomatic_Support,0.58,0.58,True,fixed parent identification and value transcription
inheritance,CLA-19-INH-E001-U1-Public_Opinion,0.55,0.55,True,fixed parent identification and value transcription
inheritance,CLA-19-INH-E001-U1-Leadership_Unity,0.75,0.75,True,fixed parent identification and value transcription
inheritance,CLA-19-INH-E002-U1-Tension,0.35,0.35,True,fixed parent identification and value transcription
inheritance,CLA-19-INH-E002-U1-Diplomatic_Support,0.55,0.55,True,fixed parent identification and value transcription
inheritance,CLA-19-INH-E002-U1-Public_Opinion,0.50,0.50,True,fixed parent identification and value transcription
inheritance,CLA-19-INH-E002-U1-Leadership_Unity,0.75,0.75,True,fixed parent identification and value transcription
inheritance,CLA-19-INH-E003-U1-Tension,0.35,0.35,True,fixed parent identification and value transcription
inheritance,CLA-19-INH-E003-U1-Diplomatic_Support,0.70,0.70,True,fixed parent identification and value transcription
inheritance,CLA-19-INH-E003-U1-Public_Opinion,0.52,0.52,True,fixed parent identification and value transcription
inheritance,CLA-19-INH-E003-U1-Leadership_Unity,0.73,0.73,True,fixed parent identification and value transcription
inheritance,CLA-19-INH-E004-U1-Tension,0.33,0.33,True,fixed parent identification and value transcription
inheritance,CLA-19-INH-E004-U1-Diplomatic_Support,0.62,0.62,True,fixed parent identification and value transcription
inheritance,CLA-19-INH-E004-U1-Public_Opinion,0.50,0.50,True,fixed parent identification and value transcription
inheritance,CLA-19-INH-E004-U1-Leadership_Unity,0.72,0.72,True,fixed parent identification and value transcription
inheritance,CLA-19-INH-E005-U1-Tension,0.45,0.45,True,fixed parent identification and value transcription
inheritance,CLA-19-INH-E005-U1-Diplomatic_Support,0.55,0.55,True,fixed parent identification and value transcription
inheritance,CLA-19-INH-E005-U1-Public_Opinion,0.45,0.45,True,fixed parent identification and value transcription
inheritance,CLA-19-INH-E005-U1-Leadership_Unity,0.60,0.60,True,fixed parent identification and value transcription
inheritance,CLA-19-INH-E006-U1-Tension,0.40,0.40,True,fixed parent identification and value transcription
inheritance,CLA-19-INH-E006-U1-Diplomatic_Support,0.57,0.57,True,fixed parent identification and value transcription
inheritance,CLA-19-INH-E006-U1-Public_Opinion,0.55,0.55,True,fixed parent identification and value transcription
inheritance,CLA-19-INH-E006-U1-Leadership_Unity,0.78,0.78,True,fixed parent identification and value transcription
inheritance,CLA-19-INH-E007-U1-Tension,0.45,0.45,True,fixed parent identification and value transcription
inheritance,CLA-19-INH-E007-U1-Diplomatic_Support,0.60,0.60,True,fixed parent identification and value transcription
inheritance,CLA-19-INH-E007-U1-Public_Opinion,0.60,0.60,True,fixed parent identification and value transcription
inheritance,CLA-19-INH-E007-U1-Leadership_Unity,0.78,0.78,True,fixed parent identification and value transcription
inheritance,CLA-19-INH-E008-U1-Tension,0.30,0.30,True,fixed parent identification and value transcription
inheritance,CLA-19-INH-E008-U1-Diplomatic_Support,0.60,0.60,True,fixed parent identification and value transcription
inheritance,CLA-19-INH-E008-U1-Public_Opinion,0.48,0.48,True,fixed parent identification and value transcription
inheritance,CLA-19-INH-E008-U1-Leadership_Unity,0.72,0.72,True,fixed parent identification and value transcription
inheritance,CLA-19-INH-E009-U1-Tension,0.37,0.37,True,fixed parent identification and value transcription
inheritance,CLA-19-INH-E009-U1-Diplomatic_Support,0.78,0.78,True,fixed parent identification and value transcription
inheritance,CLA-19-INH-E009-U1-Public_Opinion,0.55,0.55,True,fixed parent identification and value transcription
inheritance,CLA-19-INH-E009-U1-Leadership_Unity,0.78,0.78,True,fixed parent identification and value transcription
inheritance,CLA-19-INH-E010-U1-Tension,0.30,0.30,True,fixed parent identification and value transcription
inheritance,CLA-19-INH-E010-U1-Diplomatic_Support,0.70,0.70,True,fixed parent identification and value transcription
inheritance,CLA-19-INH-E010-U1-Public_Opinion,0.52,0.52,True,fixed parent identification and value transcription
inheritance,CLA-19-INH-E010-U1-Leadership_Unity,0.75,0.75,True,fixed parent identification and value transcription
inheritance,CLA-19-INH-E011-U1-Tension,0.43,0.43,True,fixed parent identification and value transcription
inheritance,CLA-19-INH-E011-U1-Diplomatic_Support,0.58,0.58,True,fixed parent identification and value transcription
inheritance,CLA-19-INH-E011-U1-Public_Opinion,0.50,0.50,True,fixed parent identification and value transcription
inheritance,CLA-19-INH-E011-U1-Leadership_Unity,0.55,0.55,True,fixed parent identification and value transcription
inheritance,CLA-19-INH-E012-U1-Tension,0.32,0.32,True,fixed parent identification and value transcription
inheritance,CLA-19-INH-E012-U1-Diplomatic_Support,0.62,0.62,True,fixed parent identification and value transcription
inheritance,CLA-19-INH-E012-U1-Public_Opinion,0.50,0.50,True,fixed parent identification and value transcription
inheritance,CLA-19-INH-E012-U1-Leadership_Unity,0.68,0.68,True,fixed parent identification and value transcription
inheritance,CLA-19-INH-E013-U1-Tension,0.55,0.55,True,fixed parent identification and value transcription
inheritance,CLA-19-INH-E013-U1-Diplomatic_Support,0.58,0.58,True,fixed parent identification and value transcription
inheritance,CLA-19-INH-E013-U1-Public_Opinion,0.65,0.65,True,fixed parent identification and value transcription
inheritance,CLA-19-INH-E013-U1-Leadership_Unity,0.80,0.80,True,fixed parent identification and value transcription
inheritance,CLA-19-INH-E014-U1-Tension,0.35,0.35,True,fixed parent identification and value transcription
inheritance,CLA-19-INH-E014-U1-Diplomatic_Support,0.65,0.65,True,fixed parent identification and value transcription
inheritance,CLA-19-INH-E014-U1-Public_Opinion,0.45,0.45,True,fixed parent identification and value transcription
inheritance,CLA-19-INH-E014-U1-Leadership_Unity,0.67,0.67,True,fixed parent identification and value transcription
inheritance,CLA-19-INH-E015-U1-Tension,0.42,0.42,True,fixed parent identification and value transcription
inheritance,CLA-19-INH-E015-U1-Diplomatic_Support,0.83,0.83,True,fixed parent identification and value transcription
inheritance,CLA-19-INH-E015-U1-Public_Opinion,0.57,0.57,True,fixed parent identification and value transcription
inheritance,CLA-19-INH-E015-U1-Leadership_Unity,0.81,0.81,True,fixed parent identification and value transcription
inheritance,CLA-19-INH-E016-U1-Tension,0.25,0.25,True,fixed parent identification and value transcription
inheritance,CLA-19-INH-E016-U1-Diplomatic_Support,0.78,0.78,True,fixed parent identification and value transcription
inheritance,CLA-19-INH-E016-U1-Public_Opinion,0.55,0.55,True,fixed parent identification and value transcription
inheritance,CLA-19-INH-E016-U1-Leadership_Unity,0.80,0.80,True,fixed parent identification and value transcription
inheritance,CLA-19-INH-E017-U1-Tension,0.55,0.55,True,fixed parent identification and value transcription
inheritance,CLA-19-INH-E017-U1-Diplomatic_Support,0.55,0.55,True,fixed parent identification and value transcription
inheritance,CLA-19-INH-E017-U1-Public_Opinion,0.53,0.53,True,fixed parent identification and value transcription
inheritance,CLA-19-INH-E017-U1-Leadership_Unity,0.52,0.52,True,fixed parent identification and value transcription
inheritance,CLA-19-INH-E018-U1-Tension,0.24,0.24,True,fixed parent identification and value transcription
inheritance,CLA-19-INH-E018-U1-Diplomatic_Support,0.65,0.65,True,fixed parent identification and value transcription
inheritance,CLA-19-INH-E018-U1-Public_Opinion,0.45,0.45,True,fixed parent identification and value transcription
inheritance,CLA-19-INH-E018-U1-Leadership_Unity,0.60,0.60,True,fixed parent identification and value transcription
inheritance,CLA-20-INH-E001-U1-Tension,0.3,0.3,True,fixed parent identification and value transcription
inheritance,CLA-20-INH-E001-U1-Diplomatic_Support,0.5,0.5,True,fixed parent identification and value transcription
inheritance,CLA-20-INH-E001-U1-Public_Opinion,0.5,0.5,True,fixed parent identification and value transcription
inheritance,CLA-20-INH-E001-U1-Leadership_Unity,0.8,0.8,True,fixed parent identification and value transcription
inheritance,CLA-20-INH-E002-U1-Tension,0.5,0.5,True,fixed parent identification and value transcription
inheritance,CLA-20-INH-E002-U1-Diplomatic_Support,0.5,0.5,True,fixed parent identification and value transcription
inheritance,CLA-20-INH-E002-U1-Public_Opinion,0.5,0.5,True,fixed parent identification and value transcription
inheritance,CLA-20-INH-E002-U1-Leadership_Unity,0.5,0.5,True,fixed parent identification and value transcription
inheritance,CLA-20-INH-E003-U1-Tension,0.3,0.3,True,fixed parent identification and value transcription
inheritance,CLA-20-INH-E003-U1-Diplomatic_Support,0.5,0.5,True,fixed parent identification and value transcription
inheritance,CLA-20-INH-E003-U1-Public_Opinion,0.5,0.5,True,fixed parent identification and value transcription
inheritance,CLA-20-INH-E003-U1-Leadership_Unity,0.8,0.8,True,fixed parent identification and value transcription
inheritance,CLA-20-INH-E004-U1-Tension,0.45,0.45,True,fixed parent identification and value transcription
inheritance,CLA-20-INH-E004-U1-Diplomatic_Support,0.5,0.5,True,fixed parent identification and value transcription
inheritance,CLA-20-INH-E004-U1-Public_Opinion,0.5,0.5,True,fixed parent identification and value transcription
inheritance,CLA-20-INH-E004-U1-Leadership_Unity,0.65,0.65,True,fixed parent identification and value transcription
inheritance,CLA-20-INH-E005-U1-Tension,0.0,0.0,True,fixed parent identification and value transcription
inheritance,CLA-20-INH-E005-U1-Diplomatic_Support,0.5,0.5,True,fixed parent identification and value transcription
inheritance,CLA-20-INH-E005-U1-Public_Opinion,0.55,0.55,True,fixed parent identification and value transcription
inheritance,CLA-20-INH-E005-U1-Leadership_Unity,0.5,0.5,True,fixed parent identification and value transcription
inheritance,CLA-20-INH-E006-U1-Tension,0.45,0.45,True,fixed parent identification and value transcription
inheritance,CLA-20-INH-E006-U1-Diplomatic_Support,0.5,0.5,True,fixed parent identification and value transcription
inheritance,CLA-20-INH-E006-U1-Public_Opinion,0.55,0.55,True,fixed parent identification and value transcription
inheritance,CLA-20-INH-E006-U1-Leadership_Unity,0.65,0.65,True,fixed parent identification and value transcription
inheritance,CLA-20-INH-E007-U1-Tension,0.3,0.3,True,fixed parent identification and value transcription
inheritance,CLA-20-INH-E007-U1-Diplomatic_Support,0.5,0.5,True,fixed parent identification and value transcription
inheritance,CLA-20-INH-E007-U1-Public_Opinion,0.5,0.5,True,fixed parent identification and value transcription
inheritance,CLA-20-INH-E007-U1-Leadership_Unity,0.8,0.8,True,fixed parent identification and value transcription
inheritance,CLA-20-INH-E008-U1-Tension,0.5,0.5,True,fixed parent identification and value transcription
inheritance,CLA-20-INH-E008-U1-Diplomatic_Support,0.5,0.5,True,fixed parent identification and value transcription
inheritance,CLA-20-INH-E008-U1-Public_Opinion,0.5,0.5,True,fixed parent identification and value transcription
inheritance,CLA-20-INH-E008-U1-Leadership_Unity,0.5,0.5,True,fixed parent identification and value transcription
inheritance,CLA-20-INH-E009-U1-Tension,0.6,0.6,True,fixed parent identification and value transcription
inheritance,CLA-20-INH-E009-U1-Diplomatic_Support,0.5,0.5,True,fixed parent identification and value transcription
inheritance,CLA-20-INH-E009-U1-Public_Opinion,0.5,0.5,True,fixed parent identification and value transcription
inheritance,CLA-20-INH-E009-U1-Leadership_Unity,0.8,0.8,True,fixed parent identification and value transcription
inheritance,CLA-20-INH-E010-U1-Tension,0.9,0.9,True,fixed parent identification and value transcription
inheritance,CLA-20-INH-E010-U1-Diplomatic_Support,0.5,0.5,True,fixed parent identification and value transcription
inheritance,CLA-20-INH-E010-U1-Public_Opinion,0.5,0.5,True,fixed parent identification and value transcription
inheritance,CLA-20-INH-E010-U1-Leadership_Unity,1.0,1.0,True,fixed parent identification and value transcription
inheritance,CLA-20-INH-E011-U1-Tension,0.0,0.0,True,fixed parent identification and value transcription
inheritance,CLA-20-INH-E011-U1-Diplomatic_Support,0.5,0.5,True,fixed parent identification and value transcription
inheritance,CLA-20-INH-E011-U1-Public_Opinion,1.0,1.0,True,fixed parent identification and value transcription
inheritance,CLA-20-INH-E011-U1-Leadership_Unity,0.5,0.5,True,fixed parent identification and value transcription
inheritance,CLA-20-INH-E012-U1-Tension,0.45,0.45,True,fixed parent identification and value transcription
inheritance,CLA-20-INH-E012-U1-Diplomatic_Support,0.5,0.5,True,fixed parent identification and value transcription
inheritance,CLA-20-INH-E012-U1-Public_Opinion,1.0,1.0,True,fixed parent identification and value transcription
inheritance,CLA-20-INH-E012-U1-Leadership_Unity,0.65,0.65,True,fixed parent identification and value transcription
inheritance,CLA-20-INH-E013-U1-Tension,0.45,0.45,True,fixed parent identification and value transcription
inheritance,CLA-20-INH-E013-U1-Diplomatic_Support,0.45,0.45,True,fixed parent identification and value transcription
inheritance,CLA-20-INH-E013-U1-Public_Opinion,0.45,0.45,True,fixed parent identification and value transcription
inheritance,CLA-20-INH-E013-U1-Leadership_Unity,0.7,0.7,True,fixed parent identification and value transcription
inheritance,CLA-20-INH-E014-U1-Tension,0.65,0.65,True,fixed parent identification and value transcription
inheritance,CLA-20-INH-E014-U1-Diplomatic_Support,0.45,0.45,True,fixed parent identification and value transcription
inheritance,CLA-20-INH-E014-U1-Public_Opinion,0.45,0.45,True,fixed parent identification and value transcription
inheritance,CLA-20-INH-E014-U1-Leadership_Unity,0.4,0.4,True,fixed parent identification and value transcription
inheritance,CLA-20-INH-E015-U1-Tension,0.9,0.9,True,fixed parent identification and value transcription
inheritance,CLA-20-INH-E015-U1-Diplomatic_Support,0.45,0.45,True,fixed parent identification and value transcription
inheritance,CLA-20-INH-E015-U1-Public_Opinion,0.45,0.45,True,fixed parent identification and value transcription
inheritance,CLA-20-INH-E015-U1-Leadership_Unity,1.0,1.0,True,fixed parent identification and value transcription
inheritance,CLA-20-INH-E016-U1-Tension,0.9,0.9,True,fixed parent identification and value transcription
inheritance,CLA-20-INH-E016-U1-Diplomatic_Support,0.5,0.5,True,fixed parent identification and value transcription
inheritance,CLA-20-INH-E016-U1-Public_Opinion,0.5,0.5,True,fixed parent identification and value transcription
inheritance,CLA-20-INH-E016-U1-Leadership_Unity,1.0,1.0,True,fixed parent identification and value transcription
inheritance,CLA-20-INH-E017-U1-Tension,0.15,0.15,True,fixed parent identification and value transcription
inheritance,CLA-20-INH-E017-U1-Diplomatic_Support,0.45,0.45,True,fixed parent identification and value transcription
inheritance,CLA-20-INH-E017-U1-Public_Opinion,0.95,0.95,True,fixed parent identification and value transcription
inheritance,CLA-20-INH-E017-U1-Leadership_Unity,0.4,0.4,True,fixed parent identification and value transcription
inheritance,CLA-20-INH-E018-U1-Tension,0.55,0.55,True,fixed parent identification and value transcription
inheritance,CLA-20-INH-E018-U1-Diplomatic_Support,0.6,0.6,True,fixed parent identification and value transcription
inheritance,CLA-20-INH-E018-U1-Public_Opinion,1.0,1.0,True,fixed parent identification and value transcription
inheritance,CLA-20-INH-E018-U1-Leadership_Unity,0.7,0.7,True,fixed parent identification and value transcription
inheritance,CLA-21-INH-E001-U1-Tension,0.8,0.8,True,fixed parent identification and value transcription
inheritance,CLA-21-INH-E001-U1-Diplomatic_Support,0.7,0.7,True,fixed parent identification and value transcription
inheritance,CLA-21-INH-E001-U1-Public_Opinion,0.6,0.6,True,fixed parent identification and value transcription
inheritance,CLA-21-INH-E001-U1-Leadership_Unity,0.75,0.75,True,fixed parent identification and value transcription
inheritance,CLA-21-INH-E001-U2-Tension,0.8,0.8,True,fixed parent identification and value transcription
inheritance,CLA-21-INH-E001-U2-Diplomatic_Support,0.7,0.7,True,fixed parent identification and value transcription
inheritance,CLA-21-INH-E001-U2-Public_Opinion,0.6,0.6,True,fixed parent identification and value transcription
inheritance,CLA-21-INH-E001-U2-Leadership_Unity,0.75,0.75,True,fixed parent identification and value transcription
inheritance,CLA-21-INH-E002-U1-Tension,0.95,0.95,True,fixed parent identification and value transcription
inheritance,CLA-21-INH-E002-U1-Diplomatic_Support,0.7,0.7,True,fixed parent identification and value transcription
inheritance,CLA-21-INH-E002-U1-Public_Opinion,0.6,0.6,True,fixed parent identification and value transcription
inheritance,CLA-21-INH-E002-U1-Leadership_Unity,0.7,0.7,True,fixed parent identification and value transcription
inheritance,CLA-21-INH-E003-U1-Tension,1.0,1.0,True,fixed parent identification and value transcription
inheritance,CLA-21-INH-E003-U1-Diplomatic_Support,0.7,0.7,True,fixed parent identification and value transcription
inheritance,CLA-21-INH-E003-U1-Public_Opinion,0.6,0.6,True,fixed parent identification and value transcription
inheritance,CLA-21-INH-E003-U1-Leadership_Unity,0.85,0.85,True,fixed parent identification and value transcription
inheritance,CLA-21-INH-E003-U2-Diplomatic_Support,0.7,0.7,True,fixed parent identification and value transcription
inheritance,CLA-21-INH-E003-U2-Public_Opinion,0.6,0.6,True,fixed parent identification and value transcription
inheritance,CLA-21-INH-E003-U2-Leadership_Unity,0.85,0.85,True,fixed parent identification and value transcription
inheritance,CLA-21-INH-E004-U1-Tension,0.75,0.75,True,fixed parent identification and value transcription
inheritance,CLA-21-INH-E004-U1-Diplomatic_Support,0.8,0.8,True,fixed parent identification and value transcription
inheritance,CLA-21-INH-E004-U1-Public_Opinion,0.65,0.65,True,fixed parent identification and value transcription
inheritance,CLA-21-INH-E004-U1-Leadership_Unity,0.8,0.8,True,fixed parent identification and value transcription
inheritance,CLA-21-INH-E004-U2-Tension,0.75,0.75,True,fixed parent identification and value transcription
inheritance,CLA-21-INH-E004-U2-Diplomatic_Support,0.8,0.8,True,fixed parent identification and value transcription
inheritance,CLA-21-INH-E004-U2-Public_Opinion,0.65,0.65,True,fixed parent identification and value transcription
inheritance,CLA-21-INH-E004-U2-Leadership_Unity,0.8,0.8,True,fixed parent identification and value transcription
inheritance,CLA-21-INH-E005-U1-Tension,0.95,0.95,True,fixed parent identification and value transcription
inheritance,CLA-21-INH-E005-U1-Diplomatic_Support,0.7,0.7,True,fixed parent identification and value transcription
inheritance,CLA-21-INH-E005-U1-Public_Opinion,0.6,0.6,True,fixed parent identification and value transcription
inheritance,CLA-21-INH-E005-U1-Leadership_Unity,0.7,0.7,True,fixed parent identification and value transcription
inheritance,CLA-21-INH-E005-U2-Tension,0.95,0.95,True,fixed parent identification and value transcription
inheritance,CLA-21-INH-E005-U2-Diplomatic_Support,0.7,0.7,True,fixed parent identification and value transcription
inheritance,CLA-21-INH-E005-U2-Public_Opinion,0.6,0.6,True,fixed parent identification and value transcription
inheritance,CLA-21-INH-E005-U2-Leadership_Unity,0.7,0.7,True,fixed parent identification and value transcription
inheritance,CLA-21-INH-E006-U1-Tension,1.0,1.0,True,fixed parent identification and value transcription
inheritance,CLA-21-INH-E006-U1-Diplomatic_Support,0.65,0.65,True,fixed parent identification and value transcription
inheritance,CLA-21-INH-E006-U1-Public_Opinion,0.55,0.55,True,fixed parent identification and value transcription
inheritance,CLA-21-INH-E006-U1-Leadership_Unity,0.75,0.75,True,fixed parent identification and value transcription
inheritance,CLA-21-INH-E006-U2-Diplomatic_Support,0.65,0.65,True,fixed parent identification and value transcription
inheritance,CLA-21-INH-E006-U2-Public_Opinion,0.55,0.55,True,fixed parent identification and value transcription
inheritance,CLA-21-INH-E006-U2-Leadership_Unity,0.75,0.75,True,fixed parent identification and value transcription
inheritance,CLA-21-INH-E007-U1-Tension,0.65,0.65,True,fixed parent identification and value transcription
inheritance,CLA-21-INH-E007-U1-Diplomatic_Support,0.9,0.9,True,fixed parent identification and value transcription
inheritance,CLA-21-INH-E007-U1-Public_Opinion,0.75,0.75,True,fixed parent identification and value transcription
inheritance,CLA-21-INH-E007-U1-Leadership_Unity,0.9,0.9,True,fixed parent identification and value transcription
inheritance,CLA-21-INH-E007-U2-Tension,0.65,0.65,True,fixed parent identification and value transcription
inheritance,CLA-21-INH-E007-U2-Diplomatic_Support,0.9,0.9,True,fixed parent identification and value transcription
inheritance,CLA-21-INH-E007-U2-Public_Opinion,0.75,0.75,True,fixed parent identification and value transcription
inheritance,CLA-21-INH-E007-U2-Leadership_Unity,0.9,0.9,True,fixed parent identification and value transcription
inheritance,CLA-21-INH-E008-U1-Tension,1.0,1.0,True,fixed parent identification and value transcription
inheritance,CLA-21-INH-E008-U1-Diplomatic_Support,0.8,0.8,True,fixed parent identification and value transcription
inheritance,CLA-21-INH-E008-U1-Public_Opinion,0.65,0.65,True,fixed parent identification and value transcription
inheritance,CLA-21-INH-E008-U1-Leadership_Unity,0.75,0.75,True,fixed parent identification and value transcription
inheritance,CLA-21-INH-E008-U2-Diplomatic_Support,0.8,0.8,True,fixed parent identification and value transcription
inheritance,CLA-21-INH-E008-U2-Public_Opinion,0.65,0.65,True,fixed parent identification and value transcription
inheritance,CLA-21-INH-E008-U2-Leadership_Unity,0.75,0.75,True,fixed parent identification and value transcription
inheritance,CLA-21-INH-E009-U1-Tension,1.0,1.0,True,fixed parent identification and value transcription
inheritance,CLA-21-INH-E009-U1-Diplomatic_Support,0.58,0.58,True,fixed parent identification and value transcription
inheritance,CLA-21-INH-E009-U1-Public_Opinion,0.48,0.48,True,fixed parent identification and value transcription
inheritance,CLA-21-INH-E009-U1-Leadership_Unity,0.60,0.60,True,fixed parent identification and value transcription
inheritance,CLA-21-INH-E009-U2-Diplomatic_Support,0.58,0.58,True,fixed parent identification and value transcription
inheritance,CLA-21-INH-E009-U2-Public_Opinion,0.48,0.48,True,fixed parent identification and value transcription
inheritance,CLA-21-INH-E009-U2-Leadership_Unity,0.60,0.60,True,fixed parent identification and value transcription
inheritance,CLA-22-INH-E001-U1-Tension,0.875,0.875,True,fixed parent identification and value transcription
inheritance,CLA-22-INH-E001-U1-Diplomatic_Support,0.5,0.5,True,fixed parent identification and value transcription
inheritance,CLA-22-INH-E001-U1-Public_Opinion,0.5,0.5,True,fixed parent identification and value transcription
inheritance,CLA-22-INH-E001-U1-Leadership_Unity,0.5,0.5,True,fixed parent identification and value transcription
inheritance,CLA-22-INH-E001-U2-Tension,0.875,0.875,True,fixed parent identification and value transcription
inheritance,CLA-22-INH-E001-U2-Diplomatic_Support,0.5,0.5,True,fixed parent identification and value transcription
inheritance,CLA-22-INH-E001-U2-Public_Opinion,0.5,0.5,True,fixed parent identification and value transcription
inheritance,CLA-22-INH-E001-U2-Leadership_Unity,0.5,0.5,True,fixed parent identification and value transcription
inheritance,CLA-22-INH-E002-U1-Tension,1.0,1.0,True,fixed parent identification and value transcription
inheritance,CLA-22-INH-E002-U1-Diplomatic_Support,0.45,0.45,True,fixed parent identification and value transcription
inheritance,CLA-22-INH-E002-U1-Public_Opinion,0.45,0.45,True,fixed parent identification and value transcription
inheritance,CLA-22-INH-E002-U1-Leadership_Unity,0.4,0.4,True,fixed parent identification and value transcription
inheritance,CLA-22-INH-E002-U2-Diplomatic_Support,0.45,0.45,True,fixed parent identification and value transcription
inheritance,CLA-22-INH-E002-U2-Public_Opinion,0.45,0.45,True,fixed parent identification and value transcription
inheritance,CLA-22-INH-E002-U2-Leadership_Unity,0.4,0.4,True,fixed parent identification and value transcription
inheritance,CLA-22-INH-E003-U1-Tension,0.5,0.5,True,fixed parent identification and value transcription
inheritance,CLA-22-INH-E003-U1-Diplomatic_Support,0.5,0.5,True,fixed parent identification and value transcription
inheritance,CLA-22-INH-E003-U1-Public_Opinion,0.5,0.5,True,fixed parent identification and value transcription
inheritance,CLA-22-INH-E003-U1-Leadership_Unity,0.5,0.5,True,fixed parent identification and value transcription
inheritance,CLA-22-INH-E003-U2-Tension,0.5,0.5,True,fixed parent identification and value transcription
inheritance,CLA-22-INH-E003-U2-Diplomatic_Support,0.5,0.5,True,fixed parent identification and value transcription
inheritance,CLA-22-INH-E003-U2-Public_Opinion,0.5,0.5,True,fixed parent identification and value transcription
inheritance,CLA-22-INH-E003-U2-Leadership_Unity,0.5,0.5,True,fixed parent identification and value transcription
inheritance,CLA-22-INH-E004-U1-Tension,0.925,0.925,True,fixed parent identification and value transcription
inheritance,CLA-22-INH-E004-U1-Diplomatic_Support,0.48,0.48,True,fixed parent identification and value transcription
inheritance,CLA-22-INH-E004-U1-Public_Opinion,0.48,0.48,True,fixed parent identification and value transcription
inheritance,CLA-22-INH-E004-U1-Leadership_Unity,0.45,0.45,True,fixed parent identification and value transcription
inheritance,CLA-22-INH-E004-U2-Tension,0.925,0.925,True,fixed parent identification and value transcription
inheritance,CLA-22-INH-E004-U2-Diplomatic_Support,0.48,0.48,True,fixed parent identification and value transcription
inheritance,CLA-22-INH-E004-U2-Public_Opinion,0.48,0.48,True,fixed parent identification and value transcription
inheritance,CLA-22-INH-E004-U2-Leadership_Unity,0.45,0.45,True,fixed parent identification and value transcription
inheritance,CLA-22-INH-E005-U1-Tension,1.0,1.0,True,fixed parent identification and value transcription
inheritance,CLA-22-INH-E005-U1-Diplomatic_Support,0.38,0.38,True,fixed parent identification and value transcription
inheritance,CLA-22-INH-E005-U1-Public_Opinion,0.38,0.38,True,fixed parent identification and value transcription
inheritance,CLA-22-INH-E005-U1-Leadership_Unity,0.25,0.25,True,fixed parent identification and value transcription
inheritance,CLA-22-INH-E005-U2-Diplomatic_Support,0.38,0.38,True,fixed parent identification and value transcription
inheritance,CLA-22-INH-E005-U2-Public_Opinion,0.38,0.38,True,fixed parent identification and value transcription
inheritance,CLA-22-INH-E005-U2-Leadership_Unity,0.25,0.25,True,fixed parent identification and value transcription
inheritance,CLA-22-INH-E006-U1-Tension,0.45,0.45,True,fixed parent identification and value transcription
inheritance,CLA-22-INH-E006-U1-Diplomatic_Support,0.60,0.60,True,fixed parent identification and value transcription
inheritance,CLA-22-INH-E006-U1-Public_Opinion,0.55,0.55,True,fixed parent identification and value transcription
inheritance,CLA-22-INH-E006-U1-Leadership_Unity,0.55,0.55,True,fixed parent identification and value transcription
inheritance,CLA-22-INH-E006-U2-Tension,0.45,0.45,True,fixed parent identification and value transcription
inheritance,CLA-22-INH-E006-U2-Diplomatic_Support,0.60,0.60,True,fixed parent identification and value transcription
inheritance,CLA-22-INH-E006-U2-Public_Opinion,0.55,0.55,True,fixed parent identification and value transcription
inheritance,CLA-22-INH-E006-U2-Leadership_Unity,0.55,0.55,True,fixed parent identification and value transcription
inheritance,CLA-22-INH-E007-U1-Tension,0.975,0.975,True,fixed parent identification and value transcription
inheritance,CLA-22-INH-E007-U1-Diplomatic_Support,0.46,0.46,True,fixed parent identification and value transcription
inheritance,CLA-22-INH-E007-U1-Public_Opinion,0.46,0.46,True,fixed parent identification and value transcription
inheritance,CLA-22-INH-E007-U1-Leadership_Unity,0.40,0.40,True,fixed parent identification and value transcription
inheritance,CLA-22-INH-E007-U2-Tension,0.975,0.975,True,fixed parent identification and value transcription
inheritance,CLA-22-INH-E007-U2-Diplomatic_Support,0.46,0.46,True,fixed parent identification and value transcription
inheritance,CLA-22-INH-E007-U2-Public_Opinion,0.46,0.46,True,fixed parent identification and value transcription
inheritance,CLA-22-INH-E007-U2-Leadership_Unity,0.40,0.40,True,fixed parent identification and value transcription
inheritance,CLA-22-INH-E008-U1-Tension,1.0,1.0,True,fixed parent identification and value transcription
inheritance,CLA-22-INH-E008-U1-Diplomatic_Support,0.33,0.33,True,fixed parent identification and value transcription
inheritance,CLA-22-INH-E008-U1-Public_Opinion,0.33,0.33,True,fixed parent identification and value transcription
inheritance,CLA-22-INH-E008-U1-Leadership_Unity,0.15,0.15,True,fixed parent identification and value transcription
inheritance,CLA-22-INH-E009-U1-Tension,0.40,0.40,True,fixed parent identification and value transcription
inheritance,CLA-22-INH-E009-U1-Diplomatic_Support,0.70,0.70,True,fixed parent identification and value transcription
inheritance,CLA-22-INH-E009-U1-Public_Opinion,0.60,0.60,True,fixed parent identification and value transcription
inheritance,CLA-22-INH-E009-U1-Leadership_Unity,0.60,0.60,True,fixed parent identification and value transcription
inheritance,CLA-22-INH-E009-U2-Tension,0.40,0.40,True,fixed parent identification and value transcription
inheritance,CLA-22-INH-E009-U2-Diplomatic_Support,0.70,0.70,True,fixed parent identification and value transcription
inheritance,CLA-22-INH-E009-U2-Public_Opinion,0.60,0.60,True,fixed parent identification and value transcription
inheritance,CLA-22-INH-E009-U2-Leadership_Unity,0.60,0.60,True,fixed parent identification and value transcription
inheritance,CLA-23-INH-E001-U1-Tension,1.0,1.0,True,fixed parent identification and value transcription
inheritance,CLA-23-INH-E001-U1-Diplomatic_Support,0.5,0.5,True,fixed parent identification and value transcription
inheritance,CLA-23-INH-E001-U1-Public_Opinion,0.5,0.5,True,fixed parent identification and value transcription
inheritance,CLA-23-INH-E001-U1-Leadership_Unity,1.0,1.0,True,fixed parent identification and value transcription
inheritance,CLA-23-INH-E002-U1-Tension,1.0,1.0,True,fixed parent identification and value transcription
inheritance,CLA-23-INH-E002-U1-Diplomatic_Support,0.45,0.45,True,fixed parent identification and value transcription
inheritance,CLA-23-INH-E002-U1-Public_Opinion,0.45,0.45,True,fixed parent identification and value transcription
inheritance,CLA-23-INH-E002-U1-Leadership_Unity,1.0,1.0,True,fixed parent identification and value transcription
inheritance,CLA-23-INH-E002-U2-Diplomatic_Support,0.45,0.45,True,fixed parent identification and value transcription
inheritance,CLA-23-INH-E002-U2-Public_Opinion,0.45,0.45,True,fixed parent identification and value transcription
inheritance,CLA-23-INH-E002-U2-Leadership_Unity,1.0,1.0,True,fixed parent identification and value transcription
inheritance,CLA-23-INH-E003-U1-Tension,0.45,0.45,True,fixed parent identification and value transcription
inheritance,CLA-23-INH-E003-U1-Diplomatic_Support,0.60,0.60,True,fixed parent identification and value transcription
inheritance,CLA-23-INH-E003-U1-Public_Opinion,1.0,1.0,True,fixed parent identification and value transcription
inheritance,CLA-23-INH-E003-U1-Leadership_Unity,0.55,0.55,True,fixed parent identification and value transcription
inheritance,CLA-23-INH-E003-U2-Tension,0.45,0.45,True,fixed parent identification and value transcription
inheritance,CLA-23-INH-E003-U2-Diplomatic_Support,0.60,0.60,True,fixed parent identification and value transcription
inheritance,CLA-23-INH-E003-U2-Leadership_Unity,0.55,0.55,True,fixed parent identification and value transcription
inheritance,CLA-23-INH-E004-U1-Tension,1.0,1.0,True,fixed parent identification and value transcription
inheritance,CLA-23-INH-E004-U1-Diplomatic_Support,0.5,0.5,True,fixed parent identification and value transcription
inheritance,CLA-23-INH-E004-U1-Public_Opinion,0.5,0.5,True,fixed parent identification and value transcription
inheritance,CLA-23-INH-E004-U1-Leadership_Unity,1.0,1.0,True,fixed parent identification and value transcription
inheritance,CLA-23-INH-E004-U2-Diplomatic_Support,0.5,0.5,True,fixed parent identification and value transcription
inheritance,CLA-23-INH-E004-U2-Public_Opinion,0.5,0.5,True,fixed parent identification and value transcription
inheritance,CLA-23-INH-E004-U2-Leadership_Unity,1.0,1.0,True,fixed parent identification and value transcription
inheritance,CLA-23-INH-E005-U1-Tension,1.0,1.0,True,fixed parent identification and value transcription
inheritance,CLA-23-INH-E005-U1-Diplomatic_Support,0.40,0.40,True,fixed parent identification and value transcription
inheritance,CLA-23-INH-E005-U1-Public_Opinion,0.95,0.95,True,fixed parent identification and value transcription
inheritance,CLA-23-INH-E005-U1-Leadership_Unity,0.90,0.90,True,fixed parent identification and value transcription
inheritance,CLA-23-INH-E005-U2-Diplomatic_Support,0.40,0.40,True,fixed parent identification and value transcription
inheritance,CLA-23-INH-E005-U2-Public_Opinion,0.95,0.95,True,fixed parent identification and value transcription
inheritance,CLA-23-INH-E005-U2-Leadership_Unity,0.90,0.90,True,fixed parent identification and value transcription
inheritance,CLA-23-INH-E006-U1-Tension,0.40,0.40,True,fixed parent identification and value transcription
inheritance,CLA-23-INH-E006-U1-Diplomatic_Support,0.70,0.70,True,fixed parent identification and value transcription
inheritance,CLA-23-INH-E006-U1-Public_Opinion,1.0,1.0,True,fixed parent identification and value transcription
inheritance,CLA-23-INH-E006-U1-Leadership_Unity,0.60,0.60,True,fixed parent identification and value transcription
inheritance,CLA-23-INH-E006-U2-Tension,0.40,0.40,True,fixed parent identification and value transcription
inheritance,CLA-23-INH-E006-U2-Diplomatic_Support,0.70,0.70,True,fixed parent identification and value transcription
inheritance,CLA-23-INH-E006-U2-Leadership_Unity,0.60,0.60,True,fixed parent identification and value transcription
inheritance,CLA-23-INH-E007-U1-Tension,1.0,1.0,True,fixed parent identification and value transcription
inheritance,CLA-23-INH-E007-U1-Diplomatic_Support,0.45,0.45,True,fixed parent identification and value transcription
inheritance,CLA-23-INH-E007-U1-Public_Opinion,0.45,0.45,True,fixed parent identification and value transcription
inheritance,CLA-23-INH-E007-U1-Leadership_Unity,1.0,1.0,True,fixed parent identification and value transcription
inheritance,CLA-23-INH-E007-U2-Diplomatic_Support,0.45,0.45,True,fixed parent identification and value transcription
inheritance,CLA-23-INH-E007-U2-Public_Opinion,0.45,0.45,True,fixed parent identification and value transcription
inheritance,CLA-23-INH-E007-U2-Leadership_Unity,1.0,1.0,True,fixed parent identification and value transcription
inheritance,CLA-23-INH-E008-U1-Tension,1.0,1.0,True,fixed parent identification and value transcription
inheritance,CLA-23-INH-E008-U1-Diplomatic_Support,0.33,0.33,True,fixed parent identification and value transcription
inheritance,CLA-23-INH-E008-U1-Public_Opinion,0.88,0.88,True,fixed parent identification and value transcription
inheritance,CLA-23-INH-E008-U1-Leadership_Unity,0.75,0.75,True,fixed parent identification and value transcription
inheritance,CLA-23-INH-E008-U2-Diplomatic_Support,0.33,0.33,True,fixed parent identification and value transcription
inheritance,CLA-23-INH-E008-U2-Public_Opinion,0.88,0.88,True,fixed parent identification and value transcription
inheritance,CLA-23-INH-E008-U2-Leadership_Unity,0.75,0.75,True,fixed parent identification and value transcription
inheritance,CLA-23-INH-E009-U1-Tension,0.40,0.40,True,fixed parent identification and value transcription
inheritance,CLA-23-INH-E009-U1-Diplomatic_Support,0.78,0.78,True,fixed parent identification and value transcription
inheritance,CLA-23-INH-E009-U1-Public_Opinion,1.0,1.0,True,fixed parent identification and value transcription
inheritance,CLA-23-INH-E009-U1-Leadership_Unity,0.60,0.60,True,fixed parent identification and value transcription
inheritance,CLA-23-INH-E009-U2-Tension,0.40,0.40,True,fixed parent identification and value transcription
inheritance,CLA-23-INH-E009-U2-Diplomatic_Support,0.78,0.78,True,fixed parent identification and value transcription
inheritance,CLA-23-INH-E009-U2-Leadership_Unity,0.60,0.60,True,fixed parent identification and value transcription
inheritance,CLA-24-INH-E001-U1-Tension,0.75,0.75,True,fixed parent identification and value transcription
inheritance,CLA-24-INH-E001-U1-Diplomatic_Support,0.80,0.80,True,fixed parent identification and value transcription
inheritance,CLA-24-INH-E001-U1-Public_Opinion,0.65,0.65,True,fixed parent identification and value transcription
inheritance,CLA-24-INH-E001-U1-Leadership_Unity,0.61,0.61,True,fixed parent identification and value transcription
inheritance,CLA-24-INH-E001-U2-Tension,0.75,0.75,True,fixed parent identification and value transcription
inheritance,CLA-24-INH-E001-U2-Diplomatic_Support,0.80,0.80,True,fixed parent identification and value transcription
inheritance,CLA-24-INH-E001-U2-Public_Opinion,0.65,0.65,True,fixed parent identification and value transcription
inheritance,CLA-24-INH-E001-U2-Leadership_Unity,0.61,0.61,True,fixed parent identification and value transcription
inheritance,CLA-24-INH-E002-U1-Tension,1.0,1.0,True,fixed parent identification and value transcription
inheritance,CLA-24-INH-E002-U1-Diplomatic_Support,0.65,0.65,True,fixed parent identification and value transcription
inheritance,CLA-24-INH-E002-U1-Public_Opinion,0.55,0.55,True,fixed parent identification and value transcription
inheritance,CLA-24-INH-E002-U2-Diplomatic_Support,0.65,0.65,True,fixed parent identification and value transcription
inheritance,CLA-24-INH-E002-U2-Public_Opinion,0.55,0.55,True,fixed parent identification and value transcription
inheritance,CLA-24-INH-E003-U1-Tension,0.90,0.90,True,fixed parent identification and value transcription
inheritance,CLA-24-INH-E003-U1-Diplomatic_Support,0.48,0.48,True,fixed parent identification and value transcription
inheritance,CLA-24-INH-E003-U1-Public_Opinion,0.65,0.65,True,fixed parent identification and value transcription
inheritance,CLA-24-INH-E003-U1-Leadership_Unity,0.75,0.75,True,fixed parent identification and value transcription
inheritance,CLA-24-INH-E003-U2-Tension,0.90,0.90,True,fixed parent identification and value transcription
inheritance,CLA-24-INH-E003-U2-Diplomatic_Support,0.48,0.48,True,fixed parent identification and value transcription
inheritance,CLA-24-INH-E003-U2-Public_Opinion,0.65,0.65,True,fixed parent identification and value transcription
inheritance,CLA-24-INH-E003-U2-Leadership_Unity,0.75,0.75,True,fixed parent identification and value transcription
inheritance,CLA-24-INH-E004-U1-Tension,0.60,0.60,True,fixed parent identification and value transcription
inheritance,CLA-24-INH-E004-U1-Diplomatic_Support,1.0,1.0,True,fixed parent identification and value transcription
inheritance,CLA-24-INH-E004-U1-Public_Opinion,0.75,0.75,True,fixed parent identification and value transcription
inheritance,CLA-24-INH-E004-U1-Leadership_Unity,0.71,0.71,True,fixed parent identification and value transcription
inheritance,CLA-24-INH-E004-U2-Tension,0.60,0.60,True,fixed parent identification and value transcription
inheritance,CLA-24-INH-E004-U2-Public_Opinion,0.75,0.75,True,fixed parent identification and value transcription
inheritance,CLA-24-INH-E004-U2-Leadership_Unity,0.71,0.71,True,fixed parent identification and value transcription
inheritance,CLA-24-INH-E005-U1-Tension,1.0,1.0,True,fixed parent identification and value transcription
inheritance,CLA-24-INH-E005-U1-Diplomatic_Support,0.63,0.63,True,fixed parent identification and value transcription
inheritance,CLA-24-INH-E005-U1-Public_Opinion,0.53,0.53,True,fixed parent identification and value transcription
inheritance,CLA-24-INH-E005-U1-Leadership_Unity,0.39,0.39,True,fixed parent identification and value transcription
inheritance,CLA-24-INH-E005-U2-Diplomatic_Support,0.63,0.63,True,fixed parent identification and value transcription
inheritance,CLA-24-INH-E005-U2-Public_Opinion,0.53,0.53,True,fixed parent identification and value transcription
inheritance,CLA-24-INH-E005-U2-Leadership_Unity,0.39,0.39,True,fixed parent identification and value transcription
inheritance,CLA-24-INH-E006-U1-Tension,1.0,1.0,True,fixed parent identification and value transcription
inheritance,CLA-24-INH-E006-U1-Diplomatic_Support,0.44,0.44,True,fixed parent identification and value transcription
inheritance,CLA-24-INH-E006-U1-Public_Opinion,0.63,0.63,True,fixed parent identification and value transcription
inheritance,CLA-24-INH-E006-U1-Leadership_Unity,0.70,0.70,True,fixed parent identification and value transcription
inheritance,CLA-24-INH-E006-U2-Diplomatic_Support,0.44,0.44,True,fixed parent identification and value transcription
inheritance,CLA-24-INH-E006-U2-Public_Opinion,0.63,0.63,True,fixed parent identification and value transcription
inheritance,CLA-24-INH-E006-U2-Leadership_Unity,0.70,0.70,True,fixed parent identification and value transcription
inheritance,CLA-24-INH-E007-U1-Diplomatic_Support,1.0,1.0,True,fixed parent identification and value transcription
inheritance,CLA-24-INH-E007-U1-Leadership_Unity,0.71,0.71,True,fixed parent identification and value transcription
inheritance,CLA-24-INH-E007-U2-Leadership_Unity,0.71,0.71,True,fixed parent identification and value transcription
inheritance,CLA-24-INH-E008-U1-Tension,1.0,1.0,True,fixed parent identification and value transcription
inheritance,CLA-24-INH-E008-U1-Diplomatic_Support,0.48,0.48,True,fixed parent identification and value transcription
inheritance,CLA-24-INH-E008-U1-Public_Opinion,0.38,0.38,True,fixed parent identification and value transcription
inheritance,CLA-24-INH-E008-U1-Leadership_Unity,0.19,0.19,True,fixed parent identification and value transcription
inheritance,CLA-24-INH-E008-U2-Diplomatic_Support,0.48,0.48,True,fixed parent identification and value transcription
inheritance,CLA-24-INH-E008-U2-Public_Opinion,0.38,0.38,True,fixed parent identification and value transcription
inheritance,CLA-24-INH-E008-U2-Leadership_Unity,0.19,0.19,True,fixed parent identification and value transcription
inheritance,CLA-24-INH-E009-U1-Tension,1.0,1.0,True,fixed parent identification and value transcription
inheritance,CLA-24-INH-E009-U1-Diplomatic_Support,0.37,0.37,True,fixed parent identification and value transcription
inheritance,CLA-24-INH-E009-U1-Public_Opinion,0.63,0.63,True,fixed parent identification and value transcription
inheritance,CLA-24-INH-E009-U1-Leadership_Unity,0.65,0.65,True,fixed parent identification and value transcription
inheritance,CLA-24-INH-E009-U2-Tension,1.0,1.0,True,fixed parent identification and value transcription
inheritance,CLA-24-INH-E009-U2-Diplomatic_Support,0.37,0.37,True,fixed parent identification and value transcription
inheritance,CLA-24-INH-E009-U2-Public_Opinion,0.63,0.63,True,fixed parent identification and value transcription
inheritance,CLA-24-INH-E009-U2-Leadership_Unity,0.65,0.65,True,fixed parent identification and value transcription
inheritance,CLA-25-INH-E001-U1-Tension,1.0,1.0,True,fixed parent identification and value transcription
inheritance,CLA-25-INH-E001-U1-Diplomatic_Support,1.0,1.0,True,fixed parent identification and value transcription
inheritance,CLA-25-INH-E001-U1-Public_Opinion,0.5,0.5,True,fixed parent identification and value transcription
inheritance,CLA-25-INH-E001-U1-Leadership_Unity,1.0,1.0,True,fixed parent identification and value transcription
inheritance,CLA-25-INH-E002-U1-Tension,0.95,0.95,True,fixed parent identification and value transcription
inheritance,CLA-25-INH-E002-U1-Diplomatic_Support,1.0,1.0,True,fixed parent identification and value transcription
inheritance,CLA-25-INH-E002-U1-Public_Opinion,1.0,1.0,True,fixed parent identification and value transcription
inheritance,CLA-25-INH-E002-U1-Leadership_Unity,0.5,0.5,True,fixed parent identification and value transcription
inheritance,CLA-25-INH-E003-U1-Tension,1.0,1.0,True,fixed parent identification and value transcription
inheritance,CLA-25-INH-E003-U1-Diplomatic_Support,0.5,0.5,True,fixed parent identification and value transcription
inheritance,CLA-25-INH-E003-U1-Public_Opinion,0.5,0.5,True,fixed parent identification and value transcription
inheritance,CLA-25-INH-E003-U1-Leadership_Unity,1.0,1.0,True,fixed parent identification and value transcription
inheritance,CLA-25-INH-E004-U1-Tension,1.0,1.0,True,fixed parent identification and value transcription
inheritance,CLA-25-INH-E004-U1-Diplomatic_Support,1.0,1.0,True,fixed parent identification and value transcription
inheritance,CLA-25-INH-E004-U1-Public_Opinion,0.53,0.53,True,fixed parent identification and value transcription
inheritance,CLA-25-INH-E004-U1-Leadership_Unity,1.0,1.0,True,fixed parent identification and value transcription
inheritance,CLA-25-INH-E005-U1-Tension,0.85,0.85,True,fixed parent identification and value transcription
inheritance,CLA-25-INH-E005-U1-Diplomatic_Support,1.0,1.0,True,fixed parent identification and value transcription
inheritance,CLA-25-INH-E005-U1-Public_Opinion,1.0,1.0,True,fixed parent identification and value transcription
inheritance,CLA-25-INH-E005-U1-Leadership_Unity,0.6,0.6,True,fixed parent identification and value transcription
inheritance,CLA-25-INH-E006-U1-Tension,0.9,0.9,True,fixed parent identification and value transcription
inheritance,CLA-25-INH-E006-U1-Diplomatic_Support,0.65,0.65,True,fixed parent identification and value transcription
inheritance,CLA-25-INH-E006-U1-Public_Opinion,0.65,0.65,True,fixed parent identification and value transcription
inheritance,CLA-25-INH-E006-U1-Leadership_Unity,1.0,1.0,True,fixed parent identification and value transcription
inheritance,CLA-25-INH-E007-U1-Tension,1.0,1.0,True,fixed parent identification and value transcription
inheritance,CLA-25-INH-E007-U1-Diplomatic_Support,0.95,0.95,True,fixed parent identification and value transcription
inheritance,CLA-25-INH-E007-U1-Public_Opinion,0.48,0.48,True,fixed parent identification and value transcription
inheritance,CLA-25-INH-E007-U1-Leadership_Unity,0.85,0.85,True,fixed parent identification and value transcription
inheritance,CLA-25-INH-E008-U1-Tension,0.90,0.90,True,fixed parent identification and value transcription
inheritance,CLA-25-INH-E008-U1-Diplomatic_Support,1.0,1.0,True,fixed parent identification and value transcription
inheritance,CLA-25-INH-E008-U1-Public_Opinion,1.0,1.0,True,fixed parent identification and value transcription
inheritance,CLA-25-INH-E008-U1-Leadership_Unity,0.60,0.60,True,fixed parent identification and value transcription
inheritance,CLA-25-INH-E009-U1-Tension,0.95,0.95,True,fixed parent identification and value transcription
inheritance,CLA-25-INH-E009-U1-Diplomatic_Support,0.80,0.80,True,fixed parent identification and value transcription
inheritance,CLA-25-INH-E009-U1-Public_Opinion,0.70,0.70,True,fixed parent identification and value transcription
inheritance,CLA-25-INH-E009-U1-Leadership_Unity,1.0,1.0,True,fixed parent identification and value transcription
inheritance,CLA-26-INH-E001-U1-Tension,1.0,1.0,True,fixed parent identification and value transcription
inheritance,CLA-26-INH-E001-U1-Diplomatic_Support,1.0,1.0,True,fixed parent identification and value transcription
inheritance,CLA-26-INH-E001-U1-Public_Opinion,0.5,0.5,True,fixed parent identification and value transcription
inheritance,CLA-26-INH-E001-U1-Leadership_Unity,1.0,1.0,True,fixed parent identification and value transcription
inheritance,CLA-26-INH-E002-U1-Tension,0.95,0.95,True,fixed parent identification and value transcription
inheritance,CLA-26-INH-E002-U1-Diplomatic_Support,1.0,1.0,True,fixed parent identification and value transcription
inheritance,CLA-26-INH-E002-U1-Public_Opinion,1.0,1.0,True,fixed parent identification and value transcription
inheritance,CLA-26-INH-E002-U1-Leadership_Unity,0.5,0.5,True,fixed parent identification and value transcription
inheritance,CLA-26-INH-E003-U1-Tension,1.0,1.0,True,fixed parent identification and value transcription
inheritance,CLA-26-INH-E003-U1-Diplomatic_Support,0.5,0.5,True,fixed parent identification and value transcription
inheritance,CLA-26-INH-E003-U1-Public_Opinion,0.5,0.5,True,fixed parent identification and value transcription
inheritance,CLA-26-INH-E003-U1-Leadership_Unity,1.0,1.0,True,fixed parent identification and value transcription
inheritance,CLA-26-INH-E004-U1-Tension,1.0,1.0,True,fixed parent identification and value transcription
inheritance,CLA-26-INH-E004-U1-Diplomatic_Support,0.98,0.98,True,fixed parent identification and value transcription
inheritance,CLA-26-INH-E004-U1-Public_Opinion,0.48,0.48,True,fixed parent identification and value transcription
inheritance,CLA-26-INH-E004-U1-Leadership_Unity,0.95,0.95,True,fixed parent identification and value transcription
inheritance,CLA-26-INH-E005-U1-Tension,0.90,0.90,True,fixed parent identification and value transcription
inheritance,CLA-26-INH-E005-U1-Diplomatic_Support,1.0,1.0,True,fixed parent identification and value transcription
inheritance,CLA-26-INH-E005-U1-Public_Opinion,1.0,1.0,True,fixed parent identification and value transcription
inheritance,CLA-26-INH-E005-U1-Leadership_Unity,0.55,0.55,True,fixed parent identification and value transcription
inheritance,CLA-26-INH-E006-U1-Tension,1.0,1.0,True,fixed parent identification and value transcription
inheritance,CLA-26-INH-E006-U1-Diplomatic_Support,0.45,0.45,True,fixed parent identification and value transcription
inheritance,CLA-26-INH-E006-U1-Public_Opinion,0.45,0.45,True,fixed parent identification and value transcription
inheritance,CLA-26-INH-E006-U1-Leadership_Unity,0.90,0.90,True,fixed parent identification and value transcription
inheritance,CLA-26-INH-E007-U1-Tension,1.0,1.0,True,fixed parent identification and value transcription
inheritance,CLA-26-INH-E007-U1-Diplomatic_Support,1.0,1.0,True,fixed parent identification and value transcription
inheritance,CLA-26-INH-E007-U1-Public_Opinion,0.48,0.48,True,fixed parent identification and value transcription
inheritance,CLA-26-INH-E007-U1-Leadership_Unity,0.90,0.90,True,fixed parent identification and value transcription
inheritance,CLA-26-INH-E008-U1-Tension,0.85,0.85,True,fixed parent identification and value transcription
inheritance,CLA-26-INH-E008-U1-Diplomatic_Support,1.0,1.0,True,fixed parent identification and value transcription
inheritance,CLA-26-INH-E008-U1-Public_Opinion,1.0,1.0,True,fixed parent identification and value transcription
inheritance,CLA-26-INH-E008-U1-Leadership_Unity,0.60,0.60,True,fixed parent identification and value transcription
inheritance,CLA-26-INH-E009-U1-Tension,1.0,1.0,True,fixed parent identification and value transcription
inheritance,CLA-26-INH-E009-U1-Diplomatic_Support,0.43,0.43,True,fixed parent identification and value transcription
inheritance,CLA-26-INH-E009-U1-Public_Opinion,0.43,0.43,True,fixed parent identification and value transcription
inheritance,CLA-26-INH-E009-U1-Leadership_Unity,0.85,0.85,True,fixed parent identification and value transcription
inheritance,CLA-27-INH-E001-U1-Tension,1.0,1.0,True,fixed parent identification and value transcription
inheritance,CLA-27-INH-E001-U1-Diplomatic_Support,0.5,0.5,True,fixed parent identification and value transcription
inheritance,CLA-27-INH-E001-U1-Public_Opinion,0.5,0.5,True,fixed parent identification and value transcription
inheritance,CLA-27-INH-E001-U1-Leadership_Unity,1.0,1.0,True,fixed parent identification and value transcription
inheritance,CLA-27-INH-E002-U1-Tension,0.45,0.45,True,fixed parent identification and value transcription
inheritance,CLA-27-INH-E002-U1-Diplomatic_Support,0.60,0.60,True,fixed parent identification and value transcription
inheritance,CLA-27-INH-E002-U1-Public_Opinion,0.55,0.55,True,fixed parent identification and value transcription
inheritance,CLA-27-INH-E002-U1-Leadership_Unity,0.55,0.55,True,fixed parent identification and value transcription
inheritance,CLA-27-INH-E003-U1-Tension,1.0,1.0,True,fixed parent identification and value transcription
inheritance,CLA-27-INH-E003-U1-Diplomatic_Support,0.48,0.48,True,fixed parent identification and value transcription
inheritance,CLA-27-INH-E003-U1-Public_Opinion,0.48,0.48,True,fixed parent identification and value transcription
inheritance,CLA-27-INH-E003-U1-Leadership_Unity,0.45,0.45,True,fixed parent identification and value transcription
inheritance,CLA-27-INH-E004-U1-Tension,1.0,1.0,True,fixed parent identification and value transcription
inheritance,CLA-27-INH-E004-U1-Diplomatic_Support,0.5,0.5,True,fixed parent identification and value transcription
inheritance,CLA-27-INH-E004-U1-Public_Opinion,0.5,0.5,True,fixed parent identification and value transcription
inheritance,CLA-27-INH-E004-U1-Leadership_Unity,1.0,1.0,True,fixed parent identification and value transcription
inheritance,CLA-27-INH-E004-U2-Leadership_Unity,1.0,1.0,True,fixed parent identification and value transcription
inheritance,CLA-27-INH-E005-U1-Tension,1.0,1.0,True,fixed parent identification and value transcription
inheritance,CLA-27-INH-E005-U1-Diplomatic_Support,0.5,0.5,True,fixed parent identification and value transcription
inheritance,CLA-27-INH-E005-U1-Public_Opinion,0.5,0.5,True,fixed parent identification and value transcription
inheritance,CLA-27-INH-E005-U1-Leadership_Unity,0.65,0.65,True,fixed parent identification and value transcription
inheritance,CLA-27-INH-E005-U2-Tension,1.0,1.0,True,fixed parent identification and value transcription
inheritance,CLA-27-INH-E005-U2-Diplomatic_Support,0.5,0.5,True,fixed parent identification and value transcription
inheritance,CLA-27-INH-E005-U2-Public_Opinion,0.5,0.5,True,fixed parent identification and value transcription
inheritance,CLA-27-INH-E005-U2-Leadership_Unity,0.65,0.65,True,fixed parent identification and value transcription
inheritance,CLA-27-INH-E006-U1-Tension,0.40,0.40,True,fixed parent identification and value transcription
inheritance,CLA-27-INH-E006-U1-Diplomatic_Support,0.70,0.70,True,fixed parent identification and value transcription
inheritance,CLA-27-INH-E006-U1-Public_Opinion,0.60,0.60,True,fixed parent identification and value transcription
inheritance,CLA-27-INH-E006-U1-Leadership_Unity,0.60,0.60,True,fixed parent identification and value transcription
inheritance,CLA-27-INH-E006-U2-Tension,0.40,0.40,True,fixed parent identification and value transcription
inheritance,CLA-27-INH-E006-U2-Diplomatic_Support,0.70,0.70,True,fixed parent identification and value transcription
inheritance,CLA-27-INH-E006-U2-Public_Opinion,0.60,0.60,True,fixed parent identification and value transcription
inheritance,CLA-27-INH-E006-U2-Leadership_Unity,0.60,0.60,True,fixed parent identification and value transcription
inheritance,CLA-27-INH-E007-U1-Tension,1.0,1.0,True,fixed parent identification and value transcription
inheritance,CLA-27-INH-E007-U1-Diplomatic_Support,0.51,0.51,True,fixed parent identification and value transcription
inheritance,CLA-27-INH-E007-U1-Public_Opinion,0.56,0.56,True,fixed parent identification and value transcription
inheritance,CLA-27-INH-E007-U1-Leadership_Unity,0.50,0.50,True,fixed parent identification and value transcription
inheritance,CLA-27-INH-E007-U2-Tension,1.0,1.0,True,fixed parent identification and value transcription
inheritance,CLA-27-INH-E007-U2-Diplomatic_Support,0.51,0.51,True,fixed parent identification and value transcription
inheritance,CLA-27-INH-E007-U2-Public_Opinion,0.56,0.56,True,fixed parent identification and value transcription
inheritance,CLA-27-INH-E007-U2-Leadership_Unity,0.50,0.50,True,fixed parent identification and value transcription
inheritance,CLA-27-INH-E008-U1-Tension,0.40,0.40,True,fixed parent identification and value transcription
inheritance,CLA-27-INH-E008-U1-Diplomatic_Support,0.70,0.70,True,fixed parent identification and value transcription
inheritance,CLA-27-INH-E008-U1-Public_Opinion,0.60,0.60,True,fixed parent identification and value transcription
inheritance,CLA-27-INH-E008-U1-Leadership_Unity,0.60,0.60,True,fixed parent identification and value transcription
inheritance,CLA-27-INH-E009-U1-Tension,0.95,0.95,True,fixed parent identification and value transcription
inheritance,CLA-27-INH-E009-U1-Diplomatic_Support,0.53,0.53,True,fixed parent identification and value transcription
inheritance,CLA-27-INH-E009-U1-Public_Opinion,0.58,0.58,True,fixed parent identification and value transcription
inheritance,CLA-27-INH-E009-U1-Leadership_Unity,0.55,0.55,True,fixed parent identification and value transcription
inheritance,CLA-27-INH-E009-U2-Tension,0.95,0.95,True,fixed parent identification and value transcription
inheritance,CLA-27-INH-E009-U2-Diplomatic_Support,0.53,0.53,True,fixed parent identification and value transcription
inheritance,CLA-27-INH-E009-U2-Public_Opinion,0.58,0.58,True,fixed parent identification and value transcription
inheritance,CLA-27-INH-E009-U2-Leadership_Unity,0.55,0.55,True,fixed parent identification and value transcription
inheritance,CLA-28-INH-E001-U1-Tension,0.75,0.75,True,fixed parent identification and value transcription
inheritance,CLA-28-INH-E001-U1-Diplomatic_Support,0.5,0.5,True,fixed parent identification and value transcription
inheritance,CLA-28-INH-E001-U1-Public_Opinion,0.5,0.5,True,fixed parent identification and value transcription
inheritance,CLA-28-INH-E001-U2-Tension,0.75,0.75,True,fixed parent identification and value transcription
inheritance,CLA-28-INH-E001-U2-Diplomatic_Support,0.5,0.5,True,fixed parent identification and value transcription
inheritance,CLA-28-INH-E001-U2-Public_Opinion,0.5,0.5,True,fixed parent identification and value transcription
inheritance,CLA-28-INH-E002-U1-Leadership_Unity,0.80,0.80,True,fixed parent identification and value transcription
inheritance,CLA-28-INH-E002-U2-Leadership_Unity,0.80,0.80,True,fixed parent identification and value transcription
inheritance,CLA-28-INH-E003-U1-Leadership_Unity,0.65,0.65,True,fixed parent identification and value transcription
inheritance,CLA-28-INH-E003-U2-Leadership_Unity,0.65,0.65,True,fixed parent identification and value transcription
inheritance,CLA-28-INH-E004-U1-Tension,0.60,0.60,True,fixed parent identification and value transcription
inheritance,CLA-28-INH-E004-U1-Diplomatic_Support,0.48,0.48,True,fixed parent identification and value transcription
inheritance,CLA-28-INH-E004-U1-Public_Opinion,0.48,0.48,True,fixed parent identification and value transcription
inheritance,CLA-28-INH-E004-U2-Tension,0.60,0.60,True,fixed parent identification and value transcription
inheritance,CLA-28-INH-E004-U2-Diplomatic_Support,0.48,0.48,True,fixed parent identification and value transcription
inheritance,CLA-28-INH-E004-U2-Public_Opinion,0.48,0.48,True,fixed parent identification and value transcription
inheritance,CLA-28-INH-E005-U1-Leadership_Unity,0.45,0.45,True,fixed parent identification and value transcription
inheritance,CLA-28-INH-E005-U2-Leadership_Unity,0.45,0.45,True,fixed parent identification and value transcription
inheritance,CLA-28-INH-E006-U1-Leadership_Unity,0.50,0.50,True,fixed parent identification and value transcription
inheritance,CLA-28-INH-E006-U2-Leadership_Unity,0.50,0.50,True,fixed parent identification and value transcription
inheritance,CLA-28-INH-E007-U1-Tension,0.85,0.85,True,fixed parent identification and value transcription
inheritance,CLA-28-INH-E007-U1-Diplomatic_Support,0.48,0.48,True,fixed parent identification and value transcription
inheritance,CLA-28-INH-E007-U1-Public_Opinion,0.48,0.48,True,fixed parent identification and value transcription
inheritance,CLA-28-INH-E007-U2-Tension,0.85,0.85,True,fixed parent identification and value transcription
inheritance,CLA-28-INH-E007-U2-Diplomatic_Support,0.48,0.48,True,fixed parent identification and value transcription
inheritance,CLA-28-INH-E007-U2-Public_Opinion,0.48,0.48,True,fixed parent identification and value transcription
inheritance,CLA-28-INH-E008-U1-Leadership_Unity,0.75,0.75,True,fixed parent identification and value transcription
inheritance,CLA-28-INH-E008-U2-Leadership_Unity,0.75,0.75,True,fixed parent identification and value transcription
inheritance,CLA-28-INH-E009-U1-Leadership_Unity,0.70,0.70,True,fixed parent identification and value transcription
inheritance,CLA-28-INH-E009-U2-Leadership_Unity,0.70,0.70,True,fixed parent identification and value transcription
inheritance,CLA-28-INH-E010-U1-Tension,1.00,1.00,True,fixed parent identification and value transcription
inheritance,CLA-28-INH-E010-U1-Diplomatic_Support,0.43,0.43,True,fixed parent identification and value transcription
inheritance,CLA-28-INH-E010-U1-Public_Opinion,0.43,0.43,True,fixed parent identification and value transcription
inheritance,CLA-28-INH-E010-U2-Diplomatic_Support,0.43,0.43,True,fixed parent identification and value transcription
inheritance,CLA-28-INH-E010-U2-Public_Opinion,0.43,0.43,True,fixed parent identification and value transcription
inheritance,CLA-28-INH-E011-U1-Leadership_Unity,0.35,0.35,True,fixed parent identification and value transcription
inheritance,CLA-28-INH-E011-U2-Leadership_Unity,0.35,0.35,True,fixed parent identification and value transcription
inheritance,CLA-28-INH-E012-U1-Leadership_Unity,1.00,1.00,True,fixed parent identification and value transcription
inheritance,CLA-28-INH-E012-U2-Leadership_Unity,1.00,1.00,True,fixed parent identification and value transcription
inheritance,CLA-28-INH-E013-U1-Tension,1.00,1.00,True,fixed parent identification and value transcription
inheritance,CLA-28-INH-E013-U1-Diplomatic_Support,0.28,0.28,True,fixed parent identification and value transcription
inheritance,CLA-28-INH-E013-U1-Public_Opinion,0.38,0.38,True,fixed parent identification and value transcription
inheritance,CLA-28-INH-E013-U2-Tension,1.00,1.00,True,fixed parent identification and value transcription
inheritance,CLA-28-INH-E013-U2-Diplomatic_Support,0.28,0.28,True,fixed parent identification and value transcription
inheritance,CLA-28-INH-E013-U2-Public_Opinion,0.38,0.38,True,fixed parent identification and value transcription
inheritance,CLA-28-INH-E014-U1-Leadership_Unity,0.55,0.55,True,fixed parent identification and value transcription
inheritance,CLA-28-INH-E014-U2-Leadership_Unity,0.55,0.55,True,fixed parent identification and value transcription
inheritance,CLA-28-INH-E015-U1-Leadership_Unity,0.70,0.70,True,fixed parent identification and value transcription
inheritance,CLA-28-INH-E015-U2-Leadership_Unity,0.70,0.70,True,fixed parent identification and value transcription
inheritance,CLA-28-INH-E016-U1-Tension,1.00,1.00,True,fixed parent identification and value transcription
inheritance,CLA-28-INH-E016-U1-Diplomatic_Support,0.33,0.33,True,fixed parent identification and value transcription
inheritance,CLA-28-INH-E016-U1-Public_Opinion,0.33,0.33,True,fixed parent identification and value transcription
inheritance,CLA-28-INH-E016-U2-Diplomatic_Support,0.33,0.33,True,fixed parent identification and value transcription
inheritance,CLA-28-INH-E016-U2-Public_Opinion,0.33,0.33,True,fixed parent identification and value transcription
inheritance,CLA-28-INH-E017-U1-Leadership_Unity,0.15,0.15,True,fixed parent identification and value transcription
inheritance,CLA-28-INH-E017-U2-Leadership_Unity,0.15,0.15,True,fixed parent identification and value transcription
inheritance,CLA-28-INH-E018-U1-Leadership_Unity,1.00,1.00,True,fixed parent identification and value transcription
inheritance,CLA-28-INH-E018-U2-Leadership_Unity,1.00,1.00,True,fixed parent identification and value transcription
inheritance,CLA-28-INH-E019-U1-Tension,0.0,0.0,True,fixed parent identification and value transcription
inheritance,CLA-28-INH-E019-U1-Diplomatic_Support,0.70,0.70,True,fixed parent identification and value transcription
inheritance,CLA-28-INH-E019-U1-Public_Opinion,0.60,0.60,True,fixed parent identification and value transcription
inheritance,CLA-28-INH-E019-U1-Leadership_Unity,0.60,0.60,True,fixed parent identification and value transcription
inheritance,CLA-28-INH-E019-U2-Tension,0.0,0.0,True,fixed parent identification and value transcription
inheritance,CLA-28-INH-E019-U2-Diplomatic_Support,0.70,0.70,True,fixed parent identification and value transcription
inheritance,CLA-28-INH-E019-U2-Public_Opinion,0.60,0.60,True,fixed parent identification and value transcription
inheritance,CLA-28-INH-E019-U2-Leadership_Unity,0.60,0.60,True,fixed parent identification and value transcription
inheritance,CLA-28-INH-E020-U1-Tension,0.00,0.00,True,fixed parent identification and value transcription
inheritance,CLA-28-INH-E020-U1-Diplomatic_Support,0.90,0.90,True,fixed parent identification and value transcription
inheritance,CLA-28-INH-E020-U1-Public_Opinion,0.70,0.70,True,fixed parent identification and value transcription
inheritance,CLA-28-INH-E020-U1-Leadership_Unity,0.70,0.70,True,fixed parent identification and value transcription
inheritance,CLA-28-INH-E020-U2-Tension,0.00,0.00,True,fixed parent identification and value transcription
inheritance,CLA-28-INH-E020-U2-Diplomatic_Support,0.90,0.90,True,fixed parent identification and value transcription
inheritance,CLA-28-INH-E020-U2-Public_Opinion,0.70,0.70,True,fixed parent identification and value transcription
inheritance,CLA-28-INH-E020-U2-Leadership_Unity,0.70,0.70,True,fixed parent identification and value transcription
inheritance,CLA-28-INH-E021-U1-Tension,0.00,0.00,True,fixed parent identification and value transcription
inheritance,CLA-28-INH-E021-U1-Diplomatic_Support,1.00,1.00,True,fixed parent identification and value transcription
inheritance,CLA-28-INH-E021-U1-Public_Opinion,0.75,0.75,True,fixed parent identification and value transcription
inheritance,CLA-28-INH-E021-U1-Leadership_Unity,0.75,0.75,True,fixed parent identification and value transcription
inheritance,CLA-28-INH-E021-U2-Tension,0.00,0.00,True,fixed parent identification and value transcription
inheritance,CLA-28-INH-E021-U2-Diplomatic_Support,1.00,1.00,True,fixed parent identification and value transcription
inheritance,CLA-28-INH-E021-U2-Public_Opinion,0.75,0.75,True,fixed parent identification and value transcription
inheritance,CLA-28-INH-E021-U2-Leadership_Unity,0.75,0.75,True,fixed parent identification and value transcription
inheritance,CLA-29-INH-E001-U1-Tension,0.90,0.90,True,fixed parent identification and value transcription
inheritance,CLA-29-INH-E001-U1-Diplomatic_Support,1.0,1.0,True,fixed parent identification and value transcription
inheritance,CLA-29-INH-E001-U1-Public_Opinion,1.0,1.0,True,fixed parent identification and value transcription
inheritance,CLA-29-INH-E001-U1-Leadership_Unity,1.0,1.0,True,fixed parent identification and value transcription
inheritance,CLA-29-INH-E001-U2-Tension,0.90,0.90,True,fixed parent identification and value transcription
inheritance,CLA-29-INH-E002-U1-Tension,0.75,0.75,True,fixed parent identification and value transcription
inheritance,CLA-29-INH-E002-U1-Diplomatic_Support,0.50,0.50,True,fixed parent identification and value transcription
inheritance,CLA-29-INH-E002-U1-Public_Opinion,1.0,1.0,True,fixed parent identification and value transcription
inheritance,CLA-29-INH-E002-U1-Leadership_Unity,1.0,1.0,True,fixed parent identification and value transcription
inheritance,CLA-29-INH-E002-U2-Tension,0.75,0.75,True,fixed parent identification and value transcription
inheritance,CLA-29-INH-E002-U2-Diplomatic_Support,0.50,0.50,True,fixed parent identification and value transcription
inheritance,CLA-29-INH-E002-U2-Public_Opinion,1.0,1.0,True,fixed parent identification and value transcription
inheritance,CLA-29-INH-E002-U2-Leadership_Unity,1.0,1.0,True,fixed parent identification and value transcription
inheritance,CLA-29-INH-E003-U1-Tension,0.95,0.95,True,fixed parent identification and value transcription
inheritance,CLA-29-INH-E003-U1-Diplomatic_Support,1.0,1.0,True,fixed parent identification and value transcription
inheritance,CLA-29-INH-E003-U1-Public_Opinion,1.0,1.0,True,fixed parent identification and value transcription
inheritance,CLA-29-INH-E003-U1-Leadership_Unity,1.0,1.0,True,fixed parent identification and value transcription
inheritance,CLA-29-INH-E003-U2-Tension,0.95,0.95,True,fixed parent identification and value transcription
inheritance,CLA-29-INH-E004-U1-Tension,0.85,0.85,True,fixed parent identification and value transcription
inheritance,CLA-29-INH-E004-U1-Diplomatic_Support,1.0,1.0,True,fixed parent identification and value transcription
inheritance,CLA-29-INH-E004-U1-Public_Opinion,1.0,1.0,True,fixed parent identification and value transcription
inheritance,CLA-29-INH-E004-U1-Leadership_Unity,1.0,1.0,True,fixed parent identification and value transcription
inheritance,CLA-29-INH-E004-U2-Tension,0.85,0.85,True,fixed parent identification and value transcription
inheritance,CLA-29-INH-E004-U2-Public_Opinion,1.0,1.0,True,fixed parent identification and value transcription
inheritance,CLA-29-INH-E004-U2-Leadership_Unity,1.0,1.0,True,fixed parent identification and value transcription
inheritance,CLA-29-INH-E005-U1-Tension,0.80,0.80,True,fixed parent identification and value transcription
inheritance,CLA-29-INH-E005-U1-Diplomatic_Support,0.48,0.48,True,fixed parent identification and value transcription
inheritance,CLA-29-INH-E005-U1-Public_Opinion,0.98,0.98,True,fixed parent identification and value transcription
inheritance,CLA-29-INH-E005-U1-Leadership_Unity,0.95,0.95,True,fixed parent identification and value transcription
inheritance,CLA-29-INH-E005-U2-Tension,0.80,0.80,True,fixed parent identification and value transcription
inheritance,CLA-29-INH-E005-U2-Diplomatic_Support,0.48,0.48,True,fixed parent identification and value transcription
inheritance,CLA-29-INH-E005-U2-Public_Opinion,0.98,0.98,True,fixed parent identification and value transcription
inheritance,CLA-29-INH-E005-U2-Leadership_Unity,0.95,0.95,True,fixed parent identification and value transcription
inheritance,CLA-29-INH-E006-U1-Tension,1.0,1.0,True,fixed parent identification and value transcription
inheritance,CLA-29-INH-E006-U1-Diplomatic_Support,1.0,1.0,True,fixed parent identification and value transcription
inheritance,CLA-29-INH-E006-U1-Public_Opinion,1.0,1.0,True,fixed parent identification and value transcription
inheritance,CLA-29-INH-E006-U1-Leadership_Unity,1.0,1.0,True,fixed parent identification and value transcription
inheritance,CLA-29-INH-E006-U2-Tension,1.0,1.0,True,fixed parent identification and value transcription
inheritance,CLA-29-INH-E007-U1-Tension,0.95,0.95,True,fixed parent identification and value transcription
inheritance,CLA-29-INH-E007-U1-Diplomatic_Support,1.0,1.0,True,fixed parent identification and value transcription
inheritance,CLA-29-INH-E007-U1-Public_Opinion,0.95,0.95,True,fixed parent identification and value transcription
inheritance,CLA-29-INH-E007-U1-Leadership_Unity,0.90,0.90,True,fixed parent identification and value transcription
inheritance,CLA-29-INH-E007-U2-Tension,0.95,0.95,True,fixed parent identification and value transcription
inheritance,CLA-29-INH-E007-U2-Public_Opinion,0.95,0.95,True,fixed parent identification and value transcription
inheritance,CLA-29-INH-E007-U2-Leadership_Unity,0.90,0.90,True,fixed parent identification and value transcription
inheritance,CLA-29-INH-E008-U1-Tension,0.90,0.90,True,fixed parent identification and value transcription
inheritance,CLA-29-INH-E008-U1-Diplomatic_Support,0.43,0.43,True,fixed parent identification and value transcription
inheritance,CLA-29-INH-E008-U1-Public_Opinion,0.93,0.93,True,fixed parent identification and value transcription
inheritance,CLA-29-INH-E008-U1-Leadership_Unity,0.85,0.85,True,fixed parent identification and value transcription
inheritance,CLA-29-INH-E008-U2-Diplomatic_Support,0.43,0.43,True,fixed parent identification and value transcription
inheritance,CLA-29-INH-E008-U2-Public_Opinion,0.93,0.93,True,fixed parent identification and value transcription
inheritance,CLA-29-INH-E008-U2-Leadership_Unity,0.85,0.85,True,fixed parent identification and value transcription
inheritance,CLA-29-INH-E009-U1-Tension,0.95,0.95,True,fixed parent identification and value transcription
inheritance,CLA-29-INH-E009-U1-Diplomatic_Support,1.0,1.0,True,fixed parent identification and value transcription
inheritance,CLA-29-INH-E009-U1-Public_Opinion,1.0,1.0,True,fixed parent identification and value transcription
inheritance,CLA-29-INH-E009-U1-Leadership_Unity,1.0,1.0,True,fixed parent identification and value transcription
inheritance,CLA-29-INH-E009-U2-Tension,0.95,0.95,True,fixed parent identification and value transcription
inheritance,CLA-30-INH-E001-U1-Tension,0.8,0.8,True,fixed parent identification and value transcription
inheritance,CLA-30-INH-E001-U1-Diplomatic_Support,0.6,0.6,True,fixed parent identification and value transcription
inheritance,CLA-30-INH-E001-U1-Public_Opinion,0.5,0.5,True,fixed parent identification and value transcription
inheritance,CLA-30-INH-E001-U1-Leadership_Unity,0.8,0.8,True,fixed parent identification and value transcription
inheritance,CLA-30-INH-E002-U1-Tension,1.0,1.0,True,fixed parent identification and value transcription
inheritance,CLA-30-INH-E002-U1-Diplomatic_Support,0.45,0.45,True,fixed parent identification and value transcription
inheritance,CLA-30-INH-E002-U1-Public_Opinion,0.45,0.45,True,fixed parent identification and value transcription
inheritance,CLA-30-INH-E002-U1-Leadership_Unity,0.55,0.55,True,fixed parent identification and value transcription
inheritance,CLA-30-INH-E003-U1-Tension,0.55,0.55,True,fixed parent identification and value transcription
inheritance,CLA-30-INH-E003-U1-Diplomatic_Support,0.48,0.48,True,fixed parent identification and value transcription
inheritance,CLA-30-INH-E003-U1-Public_Opinion,0.53,0.53,True,fixed parent identification and value transcription
inheritance,CLA-30-INH-E003-U1-Leadership_Unity,0.45,0.45,True,fixed parent identification and value transcription
inheritance,CLA-30-INH-E004-U1-Tension,0.8,0.8,True,fixed parent identification and value transcription
inheritance,CLA-30-INH-E004-U1-Diplomatic_Support,0.6,0.6,True,fixed parent identification and value transcription
inheritance,CLA-30-INH-E004-U1-Public_Opinion,0.5,0.5,True,fixed parent identification and value transcription
inheritance,CLA-30-INH-E004-U1-Leadership_Unity,0.9,0.9,True,fixed parent identification and value transcription
inheritance,CLA-30-INH-E005-U1-Tension,1.0,1.0,True,fixed parent identification and value transcription
inheritance,CLA-30-INH-E005-U1-Diplomatic_Support,0.45,0.45,True,fixed parent identification and value transcription
inheritance,CLA-30-INH-E005-U1-Public_Opinion,0.45,0.45,True,fixed parent identification and value transcription
inheritance,CLA-30-INH-E005-U1-Leadership_Unity,0.55,0.55,True,fixed parent identification and value transcription
inheritance,CLA-30-INH-E006-U1-Tension,0.5,0.5,True,fixed parent identification and value transcription
inheritance,CLA-30-INH-E006-U1-Diplomatic_Support,0.58,0.58,True,fixed parent identification and value transcription
inheritance,CLA-30-INH-E006-U1-Public_Opinion,0.58,0.58,True,fixed parent identification and value transcription
inheritance,CLA-30-INH-E006-U1-Leadership_Unity,0.5,0.5,True,fixed parent identification and value transcription
inheritance,CLA-30-INH-E007-U1-Tension,0.85,0.85,True,fixed parent identification and value transcription
inheritance,CLA-30-INH-E007-U1-Diplomatic_Support,0.65,0.65,True,fixed parent identification and value transcription
inheritance,CLA-30-INH-E007-U1-Public_Opinion,0.6,0.6,True,fixed parent identification and value transcription
inheritance,CLA-30-INH-E007-U1-Leadership_Unity,1.0,1.0,True,fixed parent identification and value transcription
inheritance,CLA-30-INH-E008-U1-Tension,1.0,1.0,True,fixed parent identification and value transcription
inheritance,CLA-30-INH-E008-U1-Diplomatic_Support,0.45,0.45,True,fixed parent identification and value transcription
inheritance,CLA-30-INH-E008-U1-Public_Opinion,0.45,0.45,True,fixed parent identification and value transcription
inheritance,CLA-30-INH-E008-U1-Leadership_Unity,0.55,0.55,True,fixed parent identification and value transcription
inheritance,CLA-30-INH-E009-U1-Tension,0.45,0.45,True,fixed parent identification and value transcription
inheritance,CLA-30-INH-E009-U1-Diplomatic_Support,0.68,0.68,True,fixed parent identification and value transcription
inheritance,CLA-30-INH-E009-U1-Public_Opinion,0.63,0.63,True,fixed parent identification and value transcription
inheritance,CLA-30-INH-E009-U1-Leadership_Unity,0.55,0.55,True,fixed parent identification and value transcription
inheritance,GEM-01-INH-E002-U1-Leadership_Unity,0.45,0.45,True,fixed parent identification and value transcription
inheritance,GEM-01-INH-E003-U1-Tension,0.65,0.65,True,fixed parent identification and value transcription
inheritance,GEM-01-INH-E003-U1-Leadership_Unity,0.40,0.40,True,fixed parent identification and value transcription
inheritance,GEM-01-INH-E003-U2-Tension,0.65,0.65,True,fixed parent identification and value transcription
inheritance,GEM-01-INH-E004-U1-Tension,0.65,0.65,True,fixed parent identification and value transcription
inheritance,GEM-01-INH-E004-U1-Leadership_Unity,0.40,0.40,True,fixed parent identification and value transcription
inheritance,GEM-01-INH-E009-U1-Tension,0.80,0.80,True,fixed parent identification and value transcription
inheritance,GEM-01-INH-E009-U1-Leadership_Unity,0.30,0.30,True,fixed parent identification and value transcription
inheritance,GEM-01-INH-E009-U2-Public_Opinion,0.40,0.40,True,fixed parent identification and value transcription
inheritance,GEM-01-INH-E009-U2-Leadership_Unity,0.30,0.30,True,fixed parent identification and value transcription
inheritance,GEM-01-INH-E010-U1-Tension,0.80,0.80,True,fixed parent identification and value transcription
inheritance,GEM-01-INH-E010-U1-Leadership_Unity,0.30,0.30,True,fixed parent identification and value transcription
inheritance,GEM-02-INH-E001-U1-Tension,1.0,1.0,True,fixed parent identification and value transcription
inheritance,GEM-02-INH-E001-U1-Diplomatic_Support,0.38,0.38,True,fixed parent identification and value transcription
inheritance,GEM-02-INH-E001-U1-Public_Opinion,0.93,0.93,True,fixed parent identification and value transcription
inheritance,GEM-02-INH-E001-U1-Leadership_Unity,1.0,1.0,True,fixed parent identification and value transcription
inheritance,GEM-02-INH-E001-U2-Tension,1.0,1.0,True,fixed parent identification and value transcription
inheritance,GEM-02-INH-E001-U2-Diplomatic_Support,0.38,0.38,True,fixed parent identification and value transcription
inheritance,GEM-02-INH-E001-U2-Public_Opinion,0.93,0.93,True,fixed parent identification and value transcription
inheritance,GEM-02-INH-E001-U2-Leadership_Unity,1.0,1.0,True,fixed parent identification and value transcription
inheritance,GEM-02-INH-E002-U1-Tension,1.0,1.0,True,fixed parent identification and value transcription
inheritance,GEM-02-INH-E002-U1-Diplomatic_Support,0.40,0.40,True,fixed parent identification and value transcription
inheritance,GEM-02-INH-E002-U1-Public_Opinion,0.40,0.40,True,fixed parent identification and value transcription
inheritance,GEM-02-INH-E002-U1-Leadership_Unity,0.30,0.30,True,fixed parent identification and value transcription
inheritance,GEM-02-INH-E002-U2-Tension,1.0,1.0,True,fixed parent identification and value transcription
inheritance,GEM-02-INH-E002-U2-Diplomatic_Support,0.40,0.40,True,fixed parent identification and value transcription
inheritance,GEM-02-INH-E002-U2-Public_Opinion,0.40,0.40,True,fixed parent identification and value transcription
inheritance,GEM-02-INH-E002-U2-Leadership_Unity,0.30,0.30,True,fixed parent identification and value transcription
inheritance,GEM-02-INH-E002-U3-Tension,1.0,1.0,True,fixed parent identification and value transcription
inheritance,GEM-02-INH-E002-U3-Diplomatic_Support,0.40,0.40,True,fixed parent identification and value transcription
inheritance,GEM-02-INH-E002-U3-Public_Opinion,0.40,0.40,True,fixed parent identification and value transcription
inheritance,GEM-02-INH-E002-U3-Leadership_Unity,0.30,0.30,True,fixed parent identification and value transcription
inheritance,GEM-02-INH-E003-U1-Tension,0.90,0.90,True,fixed parent identification and value transcription
inheritance,GEM-02-INH-E003-U1-Diplomatic_Support,0.40,0.40,True,fixed parent identification and value transcription
inheritance,GEM-02-INH-E003-U1-Public_Opinion,0.45,0.45,True,fixed parent identification and value transcription
inheritance,GEM-02-INH-E003-U1-Leadership_Unity,0.45,0.45,True,fixed parent identification and value transcription
inheritance,GEM-02-INH-E003-U2-Tension,0.90,0.90,True,fixed parent identification and value transcription
inheritance,GEM-02-INH-E003-U2-Diplomatic_Support,0.40,0.40,True,fixed parent identification and value transcription
inheritance,GEM-02-INH-E003-U2-Public_Opinion,0.45,0.45,True,fixed parent identification and value transcription
inheritance,GEM-02-INH-E003-U2-Leadership_Unity,0.45,0.45,True,fixed parent identification and value transcription
inheritance,GEM-02-INH-E004-U1-Tension,0.95,0.95,True,fixed parent identification and value transcription
inheritance,GEM-02-INH-E004-U1-Diplomatic_Support,0.51,0.51,True,fixed parent identification and value transcription
inheritance,GEM-02-INH-E004-U1-Public_Opinion,1.0,1.0,True,fixed parent identification and value transcription
inheritance,GEM-02-INH-E004-U1-Leadership_Unity,1.0,1.0,True,fixed parent identification and value transcription
inheritance,GEM-02-INH-E004-U2-Tension,0.95,0.95,True,fixed parent identification and value transcription
inheritance,GEM-02-INH-E004-U2-Diplomatic_Support,0.51,0.51,True,fixed parent identification and value transcription
inheritance,GEM-02-INH-E004-U2-Public_Opinion,1.0,1.0,True,fixed parent identification and value transcription
inheritance,GEM-02-INH-E004-U2-Leadership_Unity,1.0,1.0,True,fixed parent identification and value transcription
inheritance,GEM-02-INH-E005-U1-Tension,1.0,1.0,True,fixed parent identification and value transcription
inheritance,GEM-02-INH-E005-U1-Diplomatic_Support,0.43,0.43,True,fixed parent identification and value transcription
inheritance,GEM-02-INH-E005-U1-Public_Opinion,0.48,0.48,True,fixed parent identification and value transcription
inheritance,GEM-02-INH-E005-U1-Leadership_Unity,0.25,0.25,True,fixed parent identification and value transcription
inheritance,GEM-02-INH-E005-U2-Tension,1.0,1.0,True,fixed parent identification and value transcription
inheritance,GEM-02-INH-E005-U2-Diplomatic_Support,0.43,0.43,True,fixed parent identification and value transcription
inheritance,GEM-02-INH-E005-U2-Public_Opinion,0.48,0.48,True,fixed parent identification and value transcription
inheritance,GEM-02-INH-E005-U2-Leadership_Unity,0.25,0.25,True,fixed parent identification and value transcription
inheritance,GEM-02-INH-E006-U1-Tension,1.0,1.0,True,fixed parent identification and value transcription
inheritance,GEM-02-INH-E006-U1-Diplomatic_Support,0.28,0.28,True,fixed parent identification and value transcription
inheritance,GEM-02-INH-E006-U1-Public_Opinion,0.33,0.33,True,fixed parent identification and value transcription
inheritance,GEM-02-INH-E006-U1-Leadership_Unity,0.20,0.20,True,fixed parent identification and value transcription
inheritance,GEM-02-INH-E006-U2-Tension,1.0,1.0,True,fixed parent identification and value transcription
inheritance,GEM-02-INH-E006-U2-Diplomatic_Support,0.28,0.28,True,fixed parent identification and value transcription
inheritance,GEM-02-INH-E006-U2-Public_Opinion,0.33,0.33,True,fixed parent identification and value transcription
inheritance,GEM-02-INH-E006-U2-Leadership_Unity,0.20,0.20,True,fixed parent identification and value transcription
inheritance,GEM-02-INH-E007-U1-Tension,1.0,1.0,True,fixed parent identification and value transcription
inheritance,GEM-02-INH-E007-U1-Diplomatic_Support,0.66,0.66,True,fixed parent identification and value transcription
inheritance,GEM-02-INH-E007-U1-Public_Opinion,1.0,1.0,True,fixed parent identification and value transcription
inheritance,GEM-02-INH-E007-U1-Leadership_Unity,0.90,0.90,True,fixed parent identification and value transcription
inheritance,GEM-02-INH-E007-U2-Tension,1.0,1.0,True,fixed parent identification and value transcription
inheritance,GEM-02-INH-E007-U2-Diplomatic_Support,0.66,0.66,True,fixed parent identification and value transcription
inheritance,GEM-02-INH-E007-U2-Public_Opinion,1.0,1.0,True,fixed parent identification and value transcription
inheritance,GEM-02-INH-E007-U2-Leadership_Unity,0.90,0.90,True,fixed parent identification and value transcription
inheritance,GEM-02-INH-E008-U1-Tension,1.0,1.0,True,fixed parent identification and value transcription
inheritance,GEM-02-INH-E008-U1-Diplomatic_Support,0.43,0.43,True,fixed parent identification and value transcription
inheritance,GEM-02-INH-E008-U1-Public_Opinion,0.43,0.43,True,fixed parent identification and value transcription
inheritance,GEM-02-INH-E008-U2-Tension,1.0,1.0,True,fixed parent identification and value transcription
inheritance,GEM-02-INH-E008-U2-Diplomatic_Support,0.43,0.43,True,fixed parent identification and value transcription
inheritance,GEM-02-INH-E008-U2-Public_Opinion,0.43,0.43,True,fixed parent identification and value transcription
inheritance,GEM-02-INH-E009-U1-Tension,1.0,1.0,True,fixed parent identification and value transcription
inheritance,GEM-02-INH-E009-U1-Diplomatic_Support,0.18,0.18,True,fixed parent identification and value transcription
inheritance,GEM-02-INH-E009-U1-Public_Opinion,0.23,0.23,True,fixed parent identification and value transcription
inheritance,GEM-02-INH-E009-U1-Leadership_Unity,0.0,0.0,True,fixed parent identification and value transcription
inheritance,GEM-02-INH-E009-U2-Tension,1.0,1.0,True,fixed parent identification and value transcription
inheritance,GEM-02-INH-E009-U2-Diplomatic_Support,0.18,0.18,True,fixed parent identification and value transcription
inheritance,GEM-02-INH-E009-U2-Public_Opinion,0.23,0.23,True,fixed parent identification and value transcription
inheritance,GEM-02-INH-E009-U2-Leadership_Unity,0.0,0.0,True,fixed parent identification and value transcription
inheritance,GEM-03-INH-E001-U1-Diplomatic_Support,0.48,0.48,True,fixed parent identification and value transcription
inheritance,GEM-03-INH-E001-U1-Leadership_Unity,0.45,0.45,True,fixed parent identification and value transcription
inheritance,GEM-03-INH-E003-U1-Diplomatic_Support,0.45,0.45,True,fixed parent identification and value transcription
inheritance,GEM-03-INH-E003-U1-Leadership_Unity,0.40,0.40,True,fixed parent identification and value transcription
inheritance,GEM-03-INH-E007-U1-Tension,0.70,0.70,True,fixed parent identification and value transcription
inheritance,GEM-03-INH-E008-U1-Tension,0.70,0.70,True,fixed parent identification and value transcription
inheritance,GEM-03-INH-E009-U1-Tension,0.80,0.80,True,fixed parent identification and value transcription
inheritance,GEM-03-INH-E013-U1-Tension,0.85,0.85,True,fixed parent identification and value transcription
inheritance,GEM-03-INH-E014-U1-Tension,0.85,0.85,True,fixed parent identification and value transcription
inheritance,GEM-03-INH-E015-U1-Tension,0.95,0.95,True,fixed parent identification and value transcription
inheritance,GEM-03-INH-E017-U1-Tension,0.75,0.75,True,fixed parent identification and value transcription
inheritance,GEM-03-INH-E018-U1-Tension,0.75,0.75,True,fixed parent identification and value transcription
inheritance,GEM-04-INH-E001-U1-Tension,0.55,0.55,True,fixed parent identification and value transcription
inheritance,GEM-04-INH-E001-U1-Diplomatic_Support,0.48,0.48,True,fixed parent identification and value transcription
inheritance,GEM-04-INH-E001-U1-Public_Opinion,0.48,0.48,True,fixed parent identification and value transcription
inheritance,GEM-04-INH-E001-U1-Leadership_Unity,0.45,0.45,True,fixed parent identification and value transcription
inheritance,GEM-04-INH-E001-U2-Tension,0.55,0.55,True,fixed parent identification and value transcription
inheritance,GEM-04-INH-E001-U2-Diplomatic_Support,0.48,0.48,True,fixed parent identification and value transcription
inheritance,GEM-04-INH-E001-U2-Public_Opinion,0.48,0.48,True,fixed parent identification and value transcription
inheritance,GEM-04-INH-E001-U2-Leadership_Unity,0.45,0.45,True,fixed parent identification and value transcription
inheritance,GEM-04-INH-E002-U1-Tension,0.8,0.8,True,fixed parent identification and value transcription
inheritance,GEM-04-INH-E002-U1-Diplomatic_Support,0.4,0.4,True,fixed parent identification and value transcription
inheritance,GEM-04-INH-E002-U1-Public_Opinion,0.4,0.4,True,fixed parent identification and value transcription
inheritance,GEM-04-INH-E002-U1-Leadership_Unity,0.3,0.3,True,fixed parent identification and value transcription
inheritance,GEM-04-INH-E002-U2-Tension,0.8,0.8,True,fixed parent identification and value transcription
inheritance,GEM-04-INH-E002-U2-Diplomatic_Support,0.4,0.4,True,fixed parent identification and value transcription
inheritance,GEM-04-INH-E002-U2-Public_Opinion,0.4,0.4,True,fixed parent identification and value transcription
inheritance,GEM-04-INH-E002-U2-Leadership_Unity,0.3,0.3,True,fixed parent identification and value transcription
inheritance,GEM-04-INH-E003-U1-Tension,0.4,0.4,True,fixed parent identification and value transcription
inheritance,GEM-04-INH-E003-U1-Diplomatic_Support,0.7,0.7,True,fixed parent identification and value transcription
inheritance,GEM-04-INH-E003-U1-Public_Opinion,0.6,0.6,True,fixed parent identification and value transcription
inheritance,GEM-04-INH-E003-U1-Leadership_Unity,0.6,0.6,True,fixed parent identification and value transcription
inheritance,GEM-04-INH-E003-U2-Tension,0.4,0.4,True,fixed parent identification and value transcription
inheritance,GEM-04-INH-E003-U2-Diplomatic_Support,0.7,0.7,True,fixed parent identification and value transcription
inheritance,GEM-04-INH-E003-U2-Public_Opinion,0.6,0.6,True,fixed parent identification and value transcription
inheritance,GEM-04-INH-E003-U2-Leadership_Unity,0.6,0.6,True,fixed parent identification and value transcription
inheritance,GEM-04-INH-E004-U1-Tension,0.45,0.45,True,fixed parent identification and value transcription
inheritance,GEM-04-INH-E004-U1-Diplomatic_Support,0.68,0.68,True,fixed parent identification and value transcription
inheritance,GEM-04-INH-E004-U1-Public_Opinion,0.58,0.58,True,fixed parent identification and value transcription
inheritance,GEM-04-INH-E004-U1-Leadership_Unity,0.55,0.55,True,fixed parent identification and value transcription
inheritance,GEM-04-INH-E004-U2-Tension,0.45,0.45,True,fixed parent identification and value transcription
inheritance,GEM-04-INH-E004-U2-Diplomatic_Support,0.68,0.68,True,fixed parent identification and value transcription
inheritance,GEM-04-INH-E004-U2-Public_Opinion,0.58,0.58,True,fixed parent identification and value transcription
inheritance,GEM-04-INH-E004-U2-Leadership_Unity,0.55,0.55,True,fixed parent identification and value transcription
inheritance,GEM-04-INH-E005-U1-Tension,1.0,1.0,True,fixed parent identification and value transcription
inheritance,GEM-04-INH-E005-U1-Diplomatic_Support,0.3,0.3,True,fixed parent identification and value transcription
inheritance,GEM-04-INH-E005-U1-Public_Opinion,0.3,0.3,True,fixed parent identification and value transcription
inheritance,GEM-04-INH-E005-U1-Leadership_Unity,0.1,0.1,True,fixed parent identification and value transcription
inheritance,GEM-04-INH-E005-U2-Tension,1.0,1.0,True,fixed parent identification and value transcription
inheritance,GEM-04-INH-E005-U2-Diplomatic_Support,0.3,0.3,True,fixed parent identification and value transcription
inheritance,GEM-04-INH-E005-U2-Public_Opinion,0.3,0.3,True,fixed parent identification and value transcription
inheritance,GEM-04-INH-E005-U2-Leadership_Unity,0.1,0.1,True,fixed parent identification and value transcription
inheritance,GEM-04-INH-E006-U1-Tension,0.3,0.3,True,fixed parent identification and value transcription
inheritance,GEM-04-INH-E006-U1-Diplomatic_Support,0.9,0.9,True,fixed parent identification and value transcription
inheritance,GEM-04-INH-E006-U1-Public_Opinion,0.7,0.7,True,fixed parent identification and value transcription
inheritance,GEM-04-INH-E006-U1-Leadership_Unity,0.7,0.7,True,fixed parent identification and value transcription
inheritance,GEM-04-INH-E006-U2-Tension,0.3,0.3,True,fixed parent identification and value transcription
inheritance,GEM-04-INH-E006-U2-Diplomatic_Support,0.9,0.9,True,fixed parent identification and value transcription
inheritance,GEM-04-INH-E006-U2-Public_Opinion,0.7,0.7,True,fixed parent identification and value transcription
inheritance,GEM-04-INH-E006-U2-Leadership_Unity,0.7,0.7,True,fixed parent identification and value transcription
inheritance,GEM-04-INH-E007-U1-Tension,0.50,0.50,True,fixed parent identification and value transcription
inheritance,GEM-04-INH-E007-U1-Diplomatic_Support,0.68,0.68,True,fixed parent identification and value transcription
inheritance,GEM-04-INH-E007-U1-Public_Opinion,0.58,0.58,True,fixed parent identification and value transcription
inheritance,GEM-04-INH-E007-U1-Leadership_Unity,0.55,0.55,True,fixed parent identification and value transcription
inheritance,GEM-04-INH-E007-U2-Tension,0.50,0.50,True,fixed parent identification and value transcription
inheritance,GEM-04-INH-E007-U2-Diplomatic_Support,0.68,0.68,True,fixed parent identification and value transcription
inheritance,GEM-04-INH-E007-U2-Public_Opinion,0.58,0.58,True,fixed parent identification and value transcription
inheritance,GEM-04-INH-E007-U2-Leadership_Unity,0.55,0.55,True,fixed parent identification and value transcription
inheritance,GEM-04-INH-E008-U1-Tension,1.0,1.0,True,fixed parent identification and value transcription
inheritance,GEM-04-INH-E008-U1-Diplomatic_Support,0.2,0.2,True,fixed parent identification and value transcription
inheritance,GEM-04-INH-E008-U1-Public_Opinion,0.2,0.2,True,fixed parent identification and value transcription
inheritance,GEM-04-INH-E008-U1-Leadership_Unity,0.0,0.0,True,fixed parent identification and value transcription
inheritance,GEM-04-INH-E009-U1-Tension,0.35,0.35,True,fixed parent identification and value transcription
inheritance,GEM-04-INH-E009-U1-Diplomatic_Support,0.9,0.9,True,fixed parent identification and value transcription
inheritance,GEM-04-INH-E009-U1-Public_Opinion,0.7,0.7,True,fixed parent identification and value transcription
inheritance,GEM-04-INH-E009-U1-Leadership_Unity,0.7,0.7,True,fixed parent identification and value transcription
inheritance,GEM-04-INH-E009-U2-Tension,0.35,0.35,True,fixed parent identification and value transcription
inheritance,GEM-04-INH-E009-U2-Diplomatic_Support,0.9,0.9,True,fixed parent identification and value transcription
inheritance,GEM-04-INH-E009-U2-Public_Opinion,0.7,0.7,True,fixed parent identification and value transcription
inheritance,GEM-04-INH-E009-U2-Leadership_Unity,0.7,0.7,True,fixed parent identification and value transcription
inheritance,GEM-05-INH-E001-U1-Tension,0.65,0.65,True,fixed parent identification and value transcription
inheritance,GEM-05-INH-E001-U1-Diplomatic_Support,0.41,0.41,True,fixed parent identification and value transcription
inheritance,GEM-05-INH-E001-U1-Public_Opinion,0.51,0.51,True,fixed parent identification and value transcription
inheritance,GEM-05-INH-E001-U1-Leadership_Unity,0.45,0.45,True,fixed parent identification and value transcription
inheritance,GEM-05-INH-E002-U1-Tension,0.80,0.80,True,fixed parent identification and value transcription
inheritance,GEM-05-INH-E002-U1-Diplomatic_Support,0.40,0.40,True,fixed parent identification and value transcription
inheritance,GEM-05-INH-E002-U1-Public_Opinion,0.40,0.40,True,fixed parent identification and value transcription
inheritance,GEM-05-INH-E002-U1-Leadership_Unity,0.30,0.30,True,fixed parent identification and value transcription
inheritance,GEM-05-INH-E003-U1-Tension,0.75,0.75,True,fixed parent identification and value transcription
inheritance,GEM-05-INH-E003-U1-Diplomatic_Support,0.28,0.28,True,fixed parent identification and value transcription
inheritance,GEM-05-INH-E003-U1-Public_Opinion,0.38,0.38,True,fixed parent identification and value transcription
inheritance,GEM-05-INH-E003-U1-Leadership_Unity,0.35,0.35,True,fixed parent identification and value transcription
inheritance,GEM-05-INH-E004-U1-Tension,0.55,0.55,True,fixed parent identification and value transcription
inheritance,GEM-05-INH-E004-U1-Diplomatic_Support,0.61,0.61,True,fixed parent identification and value transcription
inheritance,GEM-05-INH-E004-U1-Public_Opinion,0.61,0.61,True,fixed parent identification and value transcription
inheritance,GEM-05-INH-E004-U1-Leadership_Unity,0.55,0.55,True,fixed parent identification and value transcription
inheritance,GEM-05-INH-E005-U1-Tension,1.00,1.00,True,fixed parent identification and value transcription
inheritance,GEM-05-INH-E005-U1-Diplomatic_Support,0.30,0.30,True,fixed parent identification and value transcription
inheritance,GEM-05-INH-E005-U1-Public_Opinion,0.30,0.30,True,fixed parent identification and value transcription
inheritance,GEM-05-INH-E005-U1-Leadership_Unity,0.10,0.10,True,fixed parent identification and value transcription
inheritance,GEM-05-INH-E006-U1-Tension,0.65,0.65,True,fixed parent identification and value transcription
inheritance,GEM-05-INH-E006-U1-Diplomatic_Support,0.48,0.48,True,fixed parent identification and value transcription
inheritance,GEM-05-INH-E006-U1-Public_Opinion,0.48,0.48,True,fixed parent identification and value transcription
inheritance,GEM-05-INH-E006-U1-Leadership_Unity,0.45,0.45,True,fixed parent identification and value transcription
inheritance,GEM-05-INH-E007-U1-Tension,0.90,0.90,True,fixed parent identification and value transcription
inheritance,GEM-05-INH-E007-U1-Diplomatic_Support,0.51,0.51,True,fixed parent identification and value transcription
inheritance,GEM-05-INH-E007-U1-Public_Opinion,0.51,0.51,True,fixed parent identification and value transcription
inheritance,GEM-05-INH-E007-U1-Leadership_Unity,0.35,0.35,True,fixed parent identification and value transcription
inheritance,GEM-05-INH-E008-U1-Tension,1.00,1.00,True,fixed parent identification and value transcription
inheritance,GEM-05-INH-E008-U1-Diplomatic_Support,0.15,0.15,True,fixed parent identification and value transcription
inheritance,GEM-05-INH-E008-U1-Public_Opinion,0.15,0.15,True,fixed parent identification and value transcription
inheritance,GEM-05-INH-E008-U1-Leadership_Unity,0.00,0.00,True,fixed parent identification and value transcription
inheritance,GEM-05-INH-E008-U2-Leadership_Unity,0.00,0.00,True,fixed parent identification and value transcription
inheritance,GEM-05-INH-E009-U1-Tension,0.90,0.90,True,fixed parent identification and value transcription
inheritance,GEM-05-INH-E009-U1-Diplomatic_Support,0.41,0.41,True,fixed parent identification and value transcription
inheritance,GEM-05-INH-E009-U1-Public_Opinion,0.41,0.41,True,fixed parent identification and value transcription
inheritance,GEM-05-INH-E009-U1-Leadership_Unity,0.30,0.30,True,fixed parent identification and value transcription
inheritance,GEM-07-INH-E001-U1-Tension,0.60,0.60,True,fixed parent identification and value transcription
inheritance,GEM-07-INH-E001-U1-Diplomatic_Support,0.46,0.46,True,fixed parent identification and value transcription
inheritance,GEM-07-INH-E001-U1-Public_Opinion,0.46,0.46,True,fixed parent identification and value transcription
inheritance,GEM-07-INH-E001-U1-Leadership_Unity,0.40,0.40,True,fixed parent identification and value transcription
inheritance,GEM-07-INH-E002-U1-Tension,0.65,0.65,True,fixed parent identification and value transcription
inheritance,GEM-07-INH-E002-U1-Diplomatic_Support,0.38,0.38,True,fixed parent identification and value transcription
inheritance,GEM-07-INH-E002-U1-Public_Opinion,0.43,0.43,True,fixed parent identification and value transcription
inheritance,GEM-07-INH-E002-U1-Leadership_Unity,0.40,0.40,True,fixed parent identification and value transcription
inheritance,GEM-07-INH-E002-U2-Diplomatic_Support,0.38,0.38,True,fixed parent identification and value transcription
inheritance,GEM-07-INH-E003-U1-Tension,0.80,0.80,True,fixed parent identification and value transcription
inheritance,GEM-07-INH-E003-U1-Diplomatic_Support,0.40,0.40,True,fixed parent identification and value transcription
inheritance,GEM-07-INH-E003-U1-Public_Opinion,0.40,0.40,True,fixed parent identification and value transcription
inheritance,GEM-07-INH-E003-U1-Leadership_Unity,0.30,0.30,True,fixed parent identification and value transcription
inheritance,GEM-07-INH-E003-U2-Tension,0.80,0.80,True,fixed parent identification and value transcription
inheritance,GEM-07-INH-E003-U2-Diplomatic_Support,0.40,0.40,True,fixed parent identification and value transcription
inheritance,GEM-07-INH-E003-U2-Public_Opinion,0.40,0.40,True,fixed parent identification and value transcription
inheritance,GEM-07-INH-E003-U2-Leadership_Unity,0.30,0.30,True,fixed parent identification and value transcription
inheritance,GEM-07-INH-E004-U1-Tension,0.50,0.50,True,fixed parent identification and value transcription
inheritance,GEM-07-INH-E004-U1-Diplomatic_Support,0.66,0.66,True,fixed parent identification and value transcription
inheritance,GEM-07-INH-E004-U1-Public_Opinion,0.56,0.56,True,fixed parent identification and value transcription
inheritance,GEM-07-INH-E004-U1-Leadership_Unity,0.50,0.50,True,fixed parent identification and value transcription
inheritance,GEM-07-INH-E004-U2-Diplomatic_Support,0.66,0.66,True,fixed parent identification and value transcription
inheritance,GEM-07-INH-E005-U1-Diplomatic_Support,0.28,0.28,True,fixed parent identification and value transcription
inheritance,GEM-07-INH-E005-U1-Public_Opinion,0.33,0.33,True,fixed parent identification and value transcription
inheritance,GEM-07-INH-E005-U1-Leadership_Unity,0.20,0.20,True,fixed parent identification and value transcription
inheritance,GEM-07-INH-E005-U2-Diplomatic_Support,0.28,0.28,True,fixed parent identification and value transcription
inheritance,GEM-07-INH-E005-U2-Public_Opinion,0.33,0.33,True,fixed parent identification and value transcription
inheritance,GEM-07-INH-E005-U2-Leadership_Unity,0.20,0.20,True,fixed parent identification and value transcription
inheritance,GEM-07-INH-E006-U1-Tension,1.00,1.00,True,fixed parent identification and value transcription
inheritance,GEM-07-INH-E006-U1-Diplomatic_Support,0.30,0.30,True,fixed parent identification and value transcription
inheritance,GEM-07-INH-E006-U1-Public_Opinion,0.30,0.30,True,fixed parent identification and value transcription
inheritance,GEM-07-INH-E006-U1-Leadership_Unity,0.10,0.10,True,fixed parent identification and value transcription
inheritance,GEM-07-INH-E006-U2-Leadership_Unity,0.10,0.10,True,fixed parent identification and value transcription
inheritance,GEM-07-INH-E007-U1-Tension,0.65,0.65,True,fixed parent identification and value transcription
inheritance,GEM-07-INH-E007-U1-Diplomatic_Support,0.61,0.61,True,fixed parent identification and value transcription
inheritance,GEM-07-INH-E007-U1-Public_Opinion,0.51,0.51,True,fixed parent identification and value transcription
inheritance,GEM-07-INH-E007-U1-Leadership_Unity,0.40,0.40,True,fixed parent identification and value transcription
inheritance,GEM-07-INH-E007-U2-Leadership_Unity,0.40,0.40,True,fixed parent identification and value transcription
inheritance,GEM-07-INH-E008-U1-Tension,1.00,1.00,True,fixed parent identification and value transcription
inheritance,GEM-07-INH-E008-U1-Diplomatic_Support,0.18,0.18,True,fixed parent identification and value transcription
inheritance,GEM-07-INH-E008-U1-Public_Opinion,0.23,0.23,True,fixed parent identification and value transcription
inheritance,GEM-07-INH-E008-U1-Leadership_Unity,0.00,0.00,True,fixed parent identification and value transcription
inheritance,GEM-07-INH-E008-U2-Tension,1.00,1.00,True,fixed parent identification and value transcription
inheritance,GEM-07-INH-E008-U2-Diplomatic_Support,0.18,0.18,True,fixed parent identification and value transcription
inheritance,GEM-07-INH-E008-U2-Public_Opinion,0.23,0.23,True,fixed parent identification and value transcription
inheritance,GEM-07-INH-E008-U2-Leadership_Unity,0.00,0.00,True,fixed parent identification and value transcription
inheritance,GEM-07-INH-E008-U3-Tension,1.00,1.00,True,fixed parent identification and value transcription
inheritance,GEM-07-INH-E008-U3-Leadership_Unity,0.00,0.00,True,fixed parent identification and value transcription
inheritance,GEM-07-INH-E009-U1-Tension,1.00,1.00,True,fixed parent identification and value transcription
inheritance,GEM-07-INH-E009-U1-Diplomatic_Support,0.20,0.20,True,fixed parent identification and value transcription
inheritance,GEM-07-INH-E009-U1-Public_Opinion,0.20,0.20,True,fixed parent identification and value transcription
inheritance,GEM-07-INH-E009-U1-Leadership_Unity,0.00,0.00,True,fixed parent identification and value transcription
inheritance,GEM-07-INH-E009-U2-Tension,1.00,1.00,True,fixed parent identification and value transcription
inheritance,GEM-07-INH-E009-U2-Diplomatic_Support,0.20,0.20,True,fixed parent identification and value transcription
inheritance,GEM-07-INH-E009-U2-Public_Opinion,0.20,0.20,True,fixed parent identification and value transcription
inheritance,GEM-07-INH-E009-U2-Leadership_Unity,0.00,0.00,True,fixed parent identification and value transcription
inheritance,GEM-08-INH-E001-U1-Tension,0.30,0.30,True,fixed parent identification and value transcription
inheritance,GEM-08-INH-E001-U1-Diplomatic_Support,0.68,0.68,True,fixed parent identification and value transcription
inheritance,GEM-08-INH-E001-U1-Public_Opinion,0.58,0.58,True,fixed parent identification and value transcription
inheritance,GEM-08-INH-E001-U1-Leadership_Unity,0.55,0.55,True,fixed parent identification and value transcription
inheritance,GEM-08-INH-E002-U1-Tension,0.55,0.55,True,fixed parent identification and value transcription
inheritance,GEM-08-INH-E002-U1-Diplomatic_Support,0.50,0.50,True,fixed parent identification and value transcription
inheritance,GEM-08-INH-E002-U1-Public_Opinion,0.45,0.45,True,fixed parent identification and value transcription
inheritance,GEM-08-INH-E002-U1-Leadership_Unity,0.60,0.60,True,fixed parent identification and value transcription
inheritance,GEM-08-INH-E003-U1-Tension,0.45,0.45,True,fixed parent identification and value transcription
inheritance,GEM-08-INH-E003-U1-Diplomatic_Support,0.60,0.60,True,fixed parent identification and value transcription
inheritance,GEM-08-INH-E003-U1-Public_Opinion,0.45,0.45,True,fixed parent identification and value transcription
inheritance,GEM-08-INH-E003-U1-Leadership_Unity,0.40,0.40,True,fixed parent identification and value transcription
inheritance,GEM-08-INH-E004-U1-Tension,0.60,0.60,True,fixed parent identification and value transcription
inheritance,GEM-08-INH-E004-U1-Diplomatic_Support,0.55,0.55,True,fixed parent identification and value transcription
inheritance,GEM-08-INH-E004-U1-Public_Opinion,0.45,0.45,True,fixed parent identification and value transcription
inheritance,GEM-08-INH-E004-U1-Leadership_Unity,0.55,0.55,True,fixed parent identification and value transcription
inheritance,GEM-08-INH-E005-U1-Tension,0.30,0.30,True,fixed parent identification and value transcription
inheritance,GEM-08-INH-E005-U1-Diplomatic_Support,0.73,0.73,True,fixed parent identification and value transcription
inheritance,GEM-08-INH-E005-U1-Public_Opinion,0.53,0.53,True,fixed parent identification and value transcription
inheritance,GEM-08-INH-E005-U1-Leadership_Unity,0.50,0.50,True,fixed parent identification and value transcription
inheritance,GEM-08-INH-E006-U1-Tension,0.40,0.40,True,fixed parent identification and value transcription
inheritance,GEM-08-INH-E006-U1-Diplomatic_Support,0.70,0.70,True,fixed parent identification and value transcription
inheritance,GEM-08-INH-E006-U1-Public_Opinion,0.55,0.55,True,fixed parent identification and value transcription
inheritance,GEM-08-INH-E006-U1-Leadership_Unity,0.55,0.55,True,fixed parent identification and value transcription
inheritance,GEM-08-INH-E007-U1-Tension,0.25,0.25,True,fixed parent identification and value transcription
inheritance,GEM-08-INH-E007-U1-Diplomatic_Support,0.78,0.78,True,fixed parent identification and value transcription
inheritance,GEM-08-INH-E007-U1-Public_Opinion,0.63,0.63,True,fixed parent identification and value transcription
inheritance,GEM-08-INH-E007-U1-Leadership_Unity,0.60,0.60,True,fixed parent identification and value transcription
inheritance,GEM-08-INH-E008-U1-Tension,0.50,0.50,True,fixed parent identification and value transcription
inheritance,GEM-08-INH-E008-U1-Diplomatic_Support,0.55,0.55,True,fixed parent identification and value transcription
inheritance,GEM-08-INH-E008-U1-Public_Opinion,0.55,0.55,True,fixed parent identification and value transcription
inheritance,GEM-08-INH-E008-U1-Leadership_Unity,0.70,0.70,True,fixed parent identification and value transcription
inheritance,GEM-08-INH-E009-U1-Tension,0.60,0.60,True,fixed parent identification and value transcription
inheritance,GEM-08-INH-E009-U1-Diplomatic_Support,0.55,0.55,True,fixed parent identification and value transcription
inheritance,GEM-08-INH-E009-U1-Public_Opinion,0.40,0.40,True,fixed parent identification and value transcription
inheritance,GEM-08-INH-E009-U1-Leadership_Unity,0.30,0.30,True,fixed parent identification and value transcription
inheritance,GEM-08-INH-E009-U2-Leadership_Unity,0.30,0.30,True,fixed parent identification and value transcription
inheritance,GEM-08-INH-E010-U1-Tension,0.75,0.75,True,fixed parent identification and value transcription
inheritance,GEM-08-INH-E010-U1-Diplomatic_Support,0.50,0.50,True,fixed parent identification and value transcription
inheritance,GEM-08-INH-E010-U1-Public_Opinion,0.40,0.40,True,fixed parent identification and value transcription
inheritance,GEM-08-INH-E010-U1-Leadership_Unity,0.45,0.45,True,fixed parent identification and value transcription
inheritance,GEM-08-INH-E011-U1-Tension,0.25,0.25,True,fixed parent identification and value transcription
inheritance,GEM-08-INH-E011-U1-Diplomatic_Support,0.83,0.83,True,fixed parent identification and value transcription
inheritance,GEM-08-INH-E011-U1-Public_Opinion,0.58,0.58,True,fixed parent identification and value transcription
inheritance,GEM-08-INH-E011-U1-Leadership_Unity,0.55,0.55,True,fixed parent identification and value transcription
inheritance,GEM-08-INH-E011-U2-Diplomatic_Support,0.83,0.83,True,fixed parent identification and value transcription
inheritance,GEM-08-INH-E012-U1-Tension,0.35,0.35,True,fixed parent identification and value transcription
inheritance,GEM-08-INH-E012-U1-Diplomatic_Support,0.80,0.80,True,fixed parent identification and value transcription
inheritance,GEM-08-INH-E012-U1-Public_Opinion,0.60,0.60,True,fixed parent identification and value transcription
inheritance,GEM-08-INH-E012-U1-Leadership_Unity,0.60,0.60,True,fixed parent identification and value transcription
inheritance,GEM-08-INH-E013-U1-Tension,0.40,0.40,True,fixed parent identification and value transcription
inheritance,GEM-08-INH-E013-U1-Diplomatic_Support,0.73,0.73,True,fixed parent identification and value transcription
inheritance,GEM-08-INH-E013-U1-Public_Opinion,0.58,0.58,True,fixed parent identification and value transcription
inheritance,GEM-08-INH-E013-U1-Leadership_Unity,0.50,0.50,True,fixed parent identification and value transcription
inheritance,GEM-08-INH-E014-U1-Tension,0.60,0.60,True,fixed parent identification and value transcription
inheritance,GEM-08-INH-E014-U1-Diplomatic_Support,0.45,0.45,True,fixed parent identification and value transcription
inheritance,GEM-08-INH-E014-U1-Public_Opinion,0.50,0.50,True,fixed parent identification and value transcription
inheritance,GEM-08-INH-E014-U1-Leadership_Unity,0.65,0.65,True,fixed parent identification and value transcription
inheritance,GEM-08-INH-E015-U1-Tension,0.75,0.75,True,fixed parent identification and value transcription
inheritance,GEM-08-INH-E015-U1-Diplomatic_Support,0.50,0.50,True,fixed parent identification and value transcription
inheritance,GEM-08-INH-E015-U1-Public_Opinion,0.35,0.35,True,fixed parent identification and value transcription
inheritance,GEM-08-INH-E015-U1-Leadership_Unity,0.20,0.20,True,fixed parent identification and value transcription
inheritance,GEM-08-INH-E016-U1-Tension,0.90,0.90,True,fixed parent identification and value transcription
inheritance,GEM-08-INH-E016-U1-Diplomatic_Support,0.45,0.45,True,fixed parent identification and value transcription
inheritance,GEM-08-INH-E016-U1-Public_Opinion,0.35,0.35,True,fixed parent identification and value transcription
inheritance,GEM-08-INH-E016-U1-Leadership_Unity,0.35,0.35,True,fixed parent identification and value transcription
inheritance,GEM-08-INH-E017-U1-Tension,0.35,0.35,True,fixed parent identification and value transcription
inheritance,GEM-08-INH-E017-U1-Diplomatic_Support,0.73,0.73,True,fixed parent identification and value transcription
inheritance,GEM-08-INH-E017-U1-Public_Opinion,0.53,0.53,True,fixed parent identification and value transcription
inheritance,GEM-08-INH-E017-U1-Leadership_Unity,0.50,0.50,True,fixed parent identification and value transcription
inheritance,GEM-08-INH-E018-U1-Tension,0.30,0.30,True,fixed parent identification and value transcription
inheritance,GEM-08-INH-E018-U1-Diplomatic_Support,0.90,0.90,True,fixed parent identification and value transcription
inheritance,GEM-08-INH-E018-U1-Public_Opinion,0.65,0.65,True,fixed parent identification and value transcription
inheritance,GEM-08-INH-E018-U1-Leadership_Unity,0.65,0.65,True,fixed parent identification and value transcription
inheritance,GEM-09-INH-E001-U1-Tension,0.65,0.65,True,fixed parent identification and value transcription
inheritance,GEM-09-INH-E001-U1-Diplomatic_Support,0.38,0.38,True,fixed parent identification and value transcription
inheritance,GEM-09-INH-E001-U1-Leadership_Unity,0.40,0.40,True,fixed parent identification and value transcription
inheritance,GEM-09-INH-E002-U1-Tension,0.70,0.70,True,fixed parent identification and value transcription
inheritance,GEM-09-INH-E002-U1-Leadership_Unity,0.35,0.35,True,fixed parent identification and value transcription
inheritance,GEM-09-INH-E003-U1-Tension,0.45,0.45,True,fixed parent identification and value transcription
inheritance,GEM-09-INH-E003-U1-Diplomatic_Support,0.60,0.60,True,fixed parent identification and value transcription
inheritance,GEM-09-INH-E003-U1-Leadership_Unity,0.55,0.55,True,fixed parent identification and value transcription
inheritance,GEM-09-INH-E004-U1-Tension,0.65,0.65,True,fixed parent identification and value transcription
inheritance,GEM-09-INH-E004-U1-Diplomatic_Support,0.46,0.46,True,fixed parent identification and value transcription
inheritance,GEM-09-INH-E004-U1-Leadership_Unity,0.40,0.40,True,fixed parent identification and value transcription
inheritance,GEM-09-INH-E005-U1-Tension,0.85,0.85,True,fixed parent identification and value transcription
inheritance,GEM-09-INH-E005-U1-Leadership_Unity,0.25,0.25,True,fixed parent identification and value transcription
inheritance,GEM-09-INH-E006-U1-Tension,0.40,0.40,True,fixed parent identification and value transcription
inheritance,GEM-09-INH-E006-U1-Diplomatic_Support,0.70,0.70,True,fixed parent identification and value transcription
inheritance,GEM-09-INH-E007-U1-Tension,0.85,0.85,True,fixed parent identification and value transcription
inheritance,GEM-09-INH-E007-U1-Leadership_Unity,0.25,0.25,True,fixed parent identification and value transcription
inheritance,GEM-09-INH-E008-U1-Tension,1.00,1.00,True,fixed parent identification and value transcription
inheritance,GEM-09-INH-E008-U1-Leadership_Unity,0.15,0.15,True,fixed parent identification and value transcription
inheritance,GEM-09-INH-E009-U1-Tension,0.45,0.45,True,fixed parent identification and value transcription
inheritance,GEM-09-INH-E009-U1-Diplomatic_Support,0.65,0.65,True,fixed parent identification and value transcription
inheritance,GEM-10-INH-E001-U1-Tension,1.0,1.0,True,fixed parent identification and value transcription
inheritance,GEM-10-INH-E001-U1-Diplomatic_Support,0.45,0.45,True,fixed parent identification and value transcription
inheritance,GEM-10-INH-E001-U1-Public_Opinion,0.45,0.45,True,fixed parent identification and value transcription
inheritance,GEM-10-INH-E001-U1-Leadership_Unity,1.0,1.0,True,fixed parent identification and value transcription
inheritance,GEM-10-INH-E001-U2-Tension,1.0,1.0,True,fixed parent identification and value transcription
inheritance,GEM-10-INH-E001-U2-Diplomatic_Support,0.45,0.45,True,fixed parent identification and value transcription
inheritance,GEM-10-INH-E001-U2-Public_Opinion,0.45,0.45,True,fixed parent identification and value transcription
inheritance,GEM-10-INH-E001-U2-Leadership_Unity,1.0,1.0,True,fixed parent identification and value transcription
inheritance,GEM-10-INH-E001-U3-Tension,1.0,1.0,True,fixed parent identification and value transcription
inheritance,GEM-10-INH-E001-U3-Diplomatic_Support,0.45,0.45,True,fixed parent identification and value transcription
inheritance,GEM-10-INH-E002-U1-Tension,0.8,0.8,True,fixed parent identification and value transcription
inheritance,GEM-10-INH-E002-U1-Diplomatic_Support,0.4,0.4,True,fixed parent identification and value transcription
inheritance,GEM-10-INH-E002-U1-Public_Opinion,0.4,0.4,True,fixed parent identification and value transcription
inheritance,GEM-10-INH-E002-U1-Leadership_Unity,0.3,0.3,True,fixed parent identification and value transcription
inheritance,GEM-10-INH-E002-U2-Tension,0.8,0.8,True,fixed parent identification and value transcription
inheritance,GEM-10-INH-E002-U2-Diplomatic_Support,0.4,0.4,True,fixed parent identification and value transcription
inheritance,GEM-10-INH-E002-U2-Public_Opinion,0.4,0.4,True,fixed parent identification and value transcription
inheritance,GEM-10-INH-E002-U2-Leadership_Unity,0.3,0.3,True,fixed parent identification and value transcription
inheritance,GEM-10-INH-E002-U3-Leadership_Unity,0.3,0.3,True,fixed parent identification and value transcription
inheritance,GEM-10-INH-E002-U3-Public_Opinion,0.4,0.4,True,fixed parent identification and value transcription
inheritance,GEM-10-INH-E003-U1-Tension,0.6,0.6,True,fixed parent identification and value transcription
inheritance,GEM-10-INH-E003-U1-Diplomatic_Support,0.4,0.4,True,fixed parent identification and value transcription
inheritance,GEM-10-INH-E003-U1-Public_Opinion,0.45,0.45,True,fixed parent identification and value transcription
inheritance,GEM-10-INH-E003-U1-Leadership_Unity,0.45,0.45,True,fixed parent identification and value transcription
inheritance,GEM-10-INH-E003-U2-Tension,0.6,0.6,True,fixed parent identification and value transcription
inheritance,GEM-10-INH-E003-U2-Diplomatic_Support,0.4,0.4,True,fixed parent identification and value transcription
inheritance,GEM-10-INH-E003-U2-Public_Opinion,0.45,0.45,True,fixed parent identification and value transcription
inheritance,GEM-10-INH-E003-U2-Leadership_Unity,0.45,0.45,True,fixed parent identification and value transcription
inheritance,GEM-10-INH-E003-U3-Leadership_Unity,0.45,0.45,True,fixed parent identification and value transcription
inheritance,GEM-10-INH-E003-U3-Diplomatic_Support,0.4,0.4,True,fixed parent identification and value transcription
inheritance,GEM-10-INH-E004-U1-Tension,0.95,0.95,True,fixed parent identification and value transcription
inheritance,GEM-10-INH-E004-U1-Diplomatic_Support,0.55,0.55,True,fixed parent identification and value transcription
inheritance,GEM-10-INH-E004-U1-Public_Opinion,0.50,0.50,True,fixed parent identification and value transcription
inheritance,GEM-10-INH-E004-U1-Leadership_Unity,1.0,1.0,True,fixed parent identification and value transcription
inheritance,GEM-10-INH-E004-U2-Tension,0.95,0.95,True,fixed parent identification and value transcription
inheritance,GEM-10-INH-E004-U2-Diplomatic_Support,0.55,0.55,True,fixed parent identification and value transcription
inheritance,GEM-10-INH-E004-U2-Public_Opinion,0.50,0.50,True,fixed parent identification and value transcription
inheritance,GEM-10-INH-E004-U2-Leadership_Unity,1.0,1.0,True,fixed parent identification and value transcription
inheritance,GEM-10-INH-E005-U1-Tension,0.95,0.95,True,fixed parent identification and value transcription
inheritance,GEM-10-INH-E005-U1-Diplomatic_Support,0.35,0.35,True,fixed parent identification and value transcription
inheritance,GEM-10-INH-E005-U1-Public_Opinion,0.35,0.35,True,fixed parent identification and value transcription
inheritance,GEM-10-INH-E005-U1-Leadership_Unity,0.2,0.2,True,fixed parent identification and value transcription
inheritance,GEM-10-INH-E005-U2-Tension,0.95,0.95,True,fixed parent identification and value transcription
inheritance,GEM-10-INH-E005-U2-Diplomatic_Support,0.35,0.35,True,fixed parent identification and value transcription
inheritance,GEM-10-INH-E005-U2-Public_Opinion,0.35,0.35,True,fixed parent identification and value transcription
inheritance,GEM-10-INH-E005-U2-Leadership_Unity,0.2,0.2,True,fixed parent identification and value transcription
inheritance,GEM-10-INH-E005-U3-Leadership_Unity,0.2,0.2,True,fixed parent identification and value transcription
inheritance,GEM-10-INH-E005-U4-Leadership_Unity,0.2,0.2,True,fixed parent identification and value transcription
inheritance,GEM-10-INH-E005-U4-Public_Opinion,0.35,0.35,True,fixed parent identification and value transcription
inheritance,GEM-10-INH-E006-U1-Tension,0.55,0.55,True,fixed parent identification and value transcription
inheritance,GEM-10-INH-E006-U1-Diplomatic_Support,0.5,0.5,True,fixed parent identification and value transcription
inheritance,GEM-10-INH-E006-U1-Public_Opinion,0.5,0.5,True,fixed parent identification and value transcription
inheritance,GEM-10-INH-E006-U1-Leadership_Unity,0.5,0.5,True,fixed parent identification and value transcription
inheritance,GEM-10-INH-E006-U2-Tension,0.55,0.55,True,fixed parent identification and value transcription
inheritance,GEM-10-INH-E006-U2-Diplomatic_Support,0.5,0.5,True,fixed parent identification and value transcription
inheritance,GEM-10-INH-E006-U2-Public_Opinion,0.5,0.5,True,fixed parent identification and value transcription
inheritance,GEM-10-INH-E006-U2-Leadership_Unity,0.5,0.5,True,fixed parent identification and value transcription
inheritance,GEM-10-INH-E006-U3-Leadership_Unity,0.5,0.5,True,fixed parent identification and value transcription
inheritance,GEM-10-INH-E006-U4-Leadership_Unity,0.5,0.5,True,fixed parent identification and value transcription
inheritance,GEM-10-INH-E007-U1-Tension,1.0,1.0,True,fixed parent identification and value transcription
inheritance,GEM-10-INH-E007-U1-Diplomatic_Support,0.50,0.50,True,fixed parent identification and value transcription
inheritance,GEM-10-INH-E007-U1-Public_Opinion,0.45,0.45,True,fixed parent identification and value transcription
inheritance,GEM-10-INH-E007-U1-Leadership_Unity,0.90,0.90,True,fixed parent identification and value transcription
inheritance,GEM-10-INH-E007-U2-Tension,1.0,1.0,True,fixed parent identification and value transcription
inheritance,GEM-10-INH-E007-U2-Diplomatic_Support,0.50,0.50,True,fixed parent identification and value transcription
inheritance,GEM-10-INH-E007-U2-Public_Opinion,0.45,0.45,True,fixed parent identification and value transcription
inheritance,GEM-10-INH-E007-U2-Leadership_Unity,0.90,0.90,True,fixed parent identification and value transcription
inheritance,GEM-10-INH-E007-U3-Tension,1.0,1.0,True,fixed parent identification and value transcription
inheritance,GEM-10-INH-E008-U1-Tension,1.0,1.0,True,fixed parent identification and value transcription
inheritance,GEM-10-INH-E008-U1-Diplomatic_Support,0.30,0.30,True,fixed parent identification and value transcription
inheritance,GEM-10-INH-E008-U1-Public_Opinion,0.30,0.30,True,fixed parent identification and value transcription
inheritance,GEM-10-INH-E008-U1-Leadership_Unity,0.1,0.1,True,fixed parent identification and value transcription
inheritance,GEM-10-INH-E008-U2-Tension,1.0,1.0,True,fixed parent identification and value transcription
inheritance,GEM-10-INH-E008-U2-Diplomatic_Support,0.30,0.30,True,fixed parent identification and value transcription
inheritance,GEM-10-INH-E008-U2-Public_Opinion,0.30,0.30,True,fixed parent identification and value transcription
inheritance,GEM-10-INH-E008-U2-Leadership_Unity,0.1,0.1,True,fixed parent identification and value transcription
inheritance,GEM-10-INH-E008-U3-Leadership_Unity,0.1,0.1,True,fixed parent identification and value transcription
inheritance,GEM-10-INH-E009-U1-Tension,0.60,0.60,True,fixed parent identification and value transcription
inheritance,GEM-10-INH-E009-U1-Diplomatic_Support,0.48,0.48,True,fixed parent identification and value transcription
inheritance,GEM-10-INH-E009-U1-Public_Opinion,0.48,0.48,True,fixed parent identification and value transcription
inheritance,GEM-10-INH-E009-U1-Leadership_Unity,0.35,0.35,True,fixed parent identification and value transcription
inheritance,GEM-10-INH-E009-U2-Tension,0.60,0.60,True,fixed parent identification and value transcription
inheritance,GEM-10-INH-E009-U2-Diplomatic_Support,0.48,0.48,True,fixed parent identification and value transcription
inheritance,GEM-10-INH-E009-U2-Public_Opinion,0.48,0.48,True,fixed parent identification and value transcription
inheritance,GEM-10-INH-E009-U2-Leadership_Unity,0.35,0.35,True,fixed parent identification and value transcription
inheritance,GEM-10-INH-E009-U3-Leadership_Unity,0.35,0.35,True,fixed parent identification and value transcription
inheritance,GEM-10-INH-E009-U4-Leadership_Unity,0.35,0.35,True,fixed parent identification and value transcription
inheritance,GEM-11-INH-E001-U1-Tension,0.50,0.50,True,fixed parent identification and value transcription
inheritance,GEM-11-INH-E001-U1-Diplomatic_Support,0.53,0.53,True,fixed parent identification and value transcription
inheritance,GEM-11-INH-E001-U1-Public_Opinion,0.58,0.58,True,fixed parent identification and value transcription
inheritance,GEM-11-INH-E001-U1-Leadership_Unity,0.55,0.55,True,fixed parent identification and value transcription
inheritance,GEM-11-INH-E002-U1-Tension,0.55,0.55,True,fixed parent identification and value transcription
inheritance,GEM-11-INH-E002-U1-Diplomatic_Support,0.48,0.48,True,fixed parent identification and value transcription
inheritance,GEM-11-INH-E002-U1-Public_Opinion,0.48,0.48,True,fixed parent identification and value transcription
inheritance,GEM-11-INH-E002-U1-Leadership_Unity,0.45,0.45,True,fixed parent identification and value transcription
inheritance,GEM-11-INH-E003-U1-Tension,0.65,0.65,True,fixed parent identification and value transcription
inheritance,GEM-11-INH-E003-U1-Diplomatic_Support,0.45,0.45,True,fixed parent identification and value transcription
inheritance,GEM-11-INH-E003-U1-Public_Opinion,0.45,0.45,True,fixed parent identification and value transcription
inheritance,GEM-11-INH-E003-U1-Leadership_Unity,0.40,0.40,True,fixed parent identification and value transcription
inheritance,GEM-11-INH-E004-U1-Tension,0.65,0.65,True,fixed parent identification and value transcription
inheritance,GEM-11-INH-E004-U1-Diplomatic_Support,0.45,0.45,True,fixed parent identification and value transcription
inheritance,GEM-11-INH-E004-U1-Public_Opinion,0.45,0.45,True,fixed parent identification and value transcription
inheritance,GEM-11-INH-E004-U1-Leadership_Unity,0.40,0.40,True,fixed parent identification and value transcription
inheritance,GEM-11-INH-E005-U1-Tension,0.60,0.60,True,fixed parent identification and value transcription
inheritance,GEM-11-INH-E005-U1-Diplomatic_Support,0.40,0.40,True,fixed parent identification and value transcription
inheritance,GEM-11-INH-E005-U1-Public_Opinion,0.45,0.45,True,fixed parent identification and value transcription
inheritance,GEM-11-INH-E005-U1-Leadership_Unity,0.45,0.45,True,fixed parent identification and value transcription
inheritance,GEM-11-INH-E006-U1-Tension,0.60,0.60,True,fixed parent identification and value transcription
inheritance,GEM-11-INH-E006-U1-Diplomatic_Support,0.40,0.40,True,fixed parent identification and value transcription
inheritance,GEM-11-INH-E006-U1-Public_Opinion,0.45,0.45,True,fixed parent identification and value transcription
inheritance,GEM-11-INH-E006-U1-Leadership_Unity,0.45,0.45,True,fixed parent identification and value transcription
inheritance,GEM-11-INH-E007-U1-Tension,0.50,0.50,True,fixed parent identification and value transcription
inheritance,GEM-11-INH-E007-U1-Diplomatic_Support,0.61,0.61,True,fixed parent identification and value transcription
inheritance,GEM-11-INH-E007-U1-Public_Opinion,0.61,0.61,True,fixed parent identification and value transcription
inheritance,GEM-11-INH-E007-U1-Leadership_Unity,0.55,0.55,True,fixed parent identification and value transcription
inheritance,GEM-11-INH-E008-U1-Tension,0.65,0.65,True,fixed parent identification and value transcription
inheritance,GEM-11-INH-E008-U1-Diplomatic_Support,0.38,0.38,True,fixed parent identification and value transcription
inheritance,GEM-11-INH-E008-U1-Public_Opinion,0.43,0.43,True,fixed parent identification and value transcription
inheritance,GEM-11-INH-E008-U1-Leadership_Unity,0.40,0.40,True,fixed parent identification and value transcription
inheritance,GEM-11-INH-E009-U1-Tension,0.80,0.80,True,fixed parent identification and value transcription
inheritance,GEM-11-INH-E009-U1-Diplomatic_Support,0.40,0.40,True,fixed parent identification and value transcription
inheritance,GEM-11-INH-E009-U1-Public_Opinion,0.40,0.40,True,fixed parent identification and value transcription
inheritance,GEM-11-INH-E009-U1-Leadership_Unity,0.30,0.30,True,fixed parent identification and value transcription
inheritance,GEM-11-INH-E010-U1-Tension,0.70,0.70,True,fixed parent identification and value transcription
inheritance,GEM-11-INH-E010-U1-Diplomatic_Support,0.43,0.43,True,fixed parent identification and value transcription
inheritance,GEM-11-INH-E010-U1-Public_Opinion,0.43,0.43,True,fixed parent identification and value transcription
inheritance,GEM-11-INH-E010-U1-Leadership_Unity,0.35,0.35,True,fixed parent identification and value transcription
inheritance,GEM-11-INH-E011-U1-Tension,0.75,0.75,True,fixed parent identification and value transcription
inheritance,GEM-11-INH-E011-U1-Diplomatic_Support,0.35,0.35,True,fixed parent identification and value transcription
inheritance,GEM-11-INH-E011-U1-Public_Opinion,0.40,0.40,True,fixed parent identification and value transcription
inheritance,GEM-11-INH-E011-U1-Leadership_Unity,0.35,0.35,True,fixed parent identification and value transcription
inheritance,GEM-11-INH-E012-U1-Tension,0.70,0.70,True,fixed parent identification and value transcription
inheritance,GEM-11-INH-E012-U1-Diplomatic_Support,0.30,0.30,True,fixed parent identification and value transcription
inheritance,GEM-11-INH-E012-U1-Public_Opinion,0.40,0.40,True,fixed parent identification and value transcription
inheritance,GEM-11-INH-E012-U1-Leadership_Unity,0.40,0.40,True,fixed parent identification and value transcription
inheritance,GEM-11-INH-E013-U1-Tension,0.80,0.80,True,fixed parent identification and value transcription
inheritance,GEM-11-INH-E013-U1-Diplomatic_Support,0.51,0.51,True,fixed parent identification and value transcription
inheritance,GEM-11-INH-E013-U1-Public_Opinion,0.51,0.51,True,fixed parent identification and value transcription
inheritance,GEM-11-INH-E013-U1-Leadership_Unity,0.35,0.35,True,fixed parent identification and value transcription
inheritance,GEM-11-INH-E014-U1-Diplomatic_Support,0.28,0.28,True,fixed parent identification and value transcription
inheritance,GEM-11-INH-E014-U1-Public_Opinion,0.33,0.33,True,fixed parent identification and value transcription
inheritance,GEM-11-INH-E014-U1-Leadership_Unity,0.20,0.20,True,fixed parent identification and value transcription
inheritance,GEM-11-INH-E015-U1-Tension,1.0,1.0,True,fixed parent identification and value transcription
inheritance,GEM-11-INH-E015-U1-Diplomatic_Support,0.30,0.30,True,fixed parent identification and value transcription
inheritance,GEM-11-INH-E015-U1-Public_Opinion,0.30,0.30,True,fixed parent identification and value transcription
inheritance,GEM-11-INH-E015-U1-Leadership_Unity,0.10,0.10,True,fixed parent identification and value transcription
inheritance,GEM-11-INH-E016-U1-Tension,1.0,1.0,True,fixed parent identification and value transcription
inheritance,GEM-11-INH-E016-U1-Diplomatic_Support,0.33,0.33,True,fixed parent identification and value transcription
inheritance,GEM-11-INH-E016-U1-Public_Opinion,0.33,0.33,True,fixed parent identification and value transcription
inheritance,GEM-11-INH-E016-U1-Leadership_Unity,0.15,0.15,True,fixed parent identification and value transcription
inheritance,GEM-11-INH-E017-U1-Tension,1.0,1.0,True,fixed parent identification and value transcription
inheritance,GEM-11-INH-E017-U1-Diplomatic_Support,0.25,0.25,True,fixed parent identification and value transcription
inheritance,GEM-11-INH-E017-U1-Public_Opinion,0.30,0.30,True,fixed parent identification and value transcription
inheritance,GEM-11-INH-E017-U1-Leadership_Unity,0.15,0.15,True,fixed parent identification and value transcription
inheritance,GEM-11-INH-E018-U1-Tension,1.0,1.0,True,fixed parent identification and value transcription
inheritance,GEM-11-INH-E018-U1-Diplomatic_Support,0.20,0.20,True,fixed parent identification and value transcription
inheritance,GEM-11-INH-E018-U1-Public_Opinion,0.30,0.30,True,fixed parent identification and value transcription
inheritance,GEM-11-INH-E018-U1-Leadership_Unity,0.20,0.20,True,fixed parent identification and value transcription
inheritance,GEM-13-INH-E001-U1-Tension,0.60,0.60,True,fixed parent identification and value transcription
inheritance,GEM-13-INH-E001-U1-Diplomatic_Support,0.46,0.46,True,fixed parent identification and value transcription
inheritance,GEM-13-INH-E001-U1-Public_Opinion,0.46,0.46,True,fixed parent identification and value transcription
inheritance,GEM-13-INH-E001-U1-Leadership_Unity,0.40,0.40,True,fixed parent identification and value transcription
inheritance,GEM-13-INH-E001-U2-Tension,0.60,0.60,True,fixed parent identification and value transcription
inheritance,GEM-13-INH-E001-U2-Diplomatic_Support,0.46,0.46,True,fixed parent identification and value transcription
inheritance,GEM-13-INH-E001-U2-Public_Opinion,0.46,0.46,True,fixed parent identification and value transcription
inheritance,GEM-13-INH-E001-U2-Leadership_Unity,0.40,0.40,True,fixed parent identification and value transcription
inheritance,GEM-13-INH-E002-U1-Tension,0.80,0.80,True,fixed parent identification and value transcription
inheritance,GEM-13-INH-E002-U1-Diplomatic_Support,0.40,0.40,True,fixed parent identification and value transcription
inheritance,GEM-13-INH-E002-U1-Public_Opinion,0.40,0.40,True,fixed parent identification and value transcription
inheritance,GEM-13-INH-E002-U1-Leadership_Unity,0.30,0.30,True,fixed parent identification and value transcription
inheritance,GEM-13-INH-E002-U2-Tension,0.80,0.80,True,fixed parent identification and value transcription
inheritance,GEM-13-INH-E002-U2-Diplomatic_Support,0.40,0.40,True,fixed parent identification and value transcription
inheritance,GEM-13-INH-E002-U2-Public_Opinion,0.40,0.40,True,fixed parent identification and value transcription
inheritance,GEM-13-INH-E002-U2-Leadership_Unity,0.30,0.30,True,fixed parent identification and value transcription
inheritance,GEM-13-INH-E003-U1-Tension,0.40,0.40,True,fixed parent identification and value transcription
inheritance,GEM-13-INH-E003-U1-Diplomatic_Support,0.70,0.70,True,fixed parent identification and value transcription
inheritance,GEM-13-INH-E003-U1-Public_Opinion,0.60,0.60,True,fixed parent identification and value transcription
inheritance,GEM-13-INH-E003-U1-Leadership_Unity,0.60,0.60,True,fixed parent identification and value transcription
inheritance,GEM-13-INH-E003-U2-Tension,0.40,0.40,True,fixed parent identification and value transcription
inheritance,GEM-13-INH-E003-U2-Diplomatic_Support,0.70,0.70,True,fixed parent identification and value transcription
inheritance,GEM-13-INH-E003-U2-Public_Opinion,0.60,0.60,True,fixed parent identification and value transcription
inheritance,GEM-13-INH-E003-U2-Leadership_Unity,0.60,0.60,True,fixed parent identification and value transcription
inheritance,GEM-13-INH-E004-U1-Tension,0.50,0.50,True,fixed parent identification and value transcription
inheritance,GEM-13-INH-E004-U1-Diplomatic_Support,0.66,0.66,True,fixed parent identification and value transcription
inheritance,GEM-13-INH-E004-U1-Public_Opinion,0.56,0.56,True,fixed parent identification and value transcription
inheritance,GEM-13-INH-E004-U1-Leadership_Unity,0.50,0.50,True,fixed parent identification and value transcription
inheritance,GEM-13-INH-E005-U1-Tension,1.00,1.00,True,fixed parent identification and value transcription
inheritance,GEM-13-INH-E005-U1-Diplomatic_Support,0.30,0.30,True,fixed parent identification and value transcription
inheritance,GEM-13-INH-E005-U1-Public_Opinion,0.30,0.30,True,fixed parent identification and value transcription
inheritance,GEM-13-INH-E005-U1-Leadership_Unity,0.10,0.10,True,fixed parent identification and value transcription
inheritance,GEM-13-INH-E006-U1-Tension,0.30,0.30,True,fixed parent identification and value transcription
inheritance,GEM-13-INH-E006-U1-Diplomatic_Support,0.90,0.90,True,fixed parent identification and value transcription
inheritance,GEM-13-INH-E006-U1-Public_Opinion,0.70,0.70,True,fixed parent identification and value transcription
inheritance,GEM-13-INH-E006-U1-Leadership_Unity,0.70,0.70,True,fixed parent identification and value transcription
inheritance,GEM-13-INH-E007-U1-Tension,0.65,0.65,True,fixed parent identification and value transcription
inheritance,GEM-13-INH-E007-U1-Diplomatic_Support,0.69,0.69,True,fixed parent identification and value transcription
inheritance,GEM-13-INH-E007-U1-Public_Opinion,0.54,0.54,True,fixed parent identification and value transcription
inheritance,GEM-13-INH-E007-U1-Leadership_Unity,0.40,0.40,True,fixed parent identification and value transcription
inheritance,GEM-13-INH-E007-U2-Tension,0.65,0.65,True,fixed parent identification and value transcription
inheritance,GEM-13-INH-E007-U2-Diplomatic_Support,0.69,0.69,True,fixed parent identification and value transcription
inheritance,GEM-13-INH-E007-U2-Public_Opinion,0.54,0.54,True,fixed parent identification and value transcription
inheritance,GEM-13-INH-E007-U2-Leadership_Unity,0.40,0.40,True,fixed parent identification and value transcription
inheritance,GEM-13-INH-E008-U1-Tension,1.00,1.00,True,fixed parent identification and value transcription
inheritance,GEM-13-INH-E008-U1-Diplomatic_Support,0.15,0.15,True,fixed parent identification and value transcription
inheritance,GEM-13-INH-E008-U1-Public_Opinion,0.15,0.15,True,fixed parent identification and value transcription
inheritance,GEM-13-INH-E008-U1-Leadership_Unity,0.00,0.00,True,fixed parent identification and value transcription
inheritance,GEM-13-INH-E008-U2-Tension,1.00,1.00,True,fixed parent identification and value transcription
inheritance,GEM-13-INH-E008-U2-Diplomatic_Support,0.15,0.15,True,fixed parent identification and value transcription
inheritance,GEM-13-INH-E008-U2-Public_Opinion,0.15,0.15,True,fixed parent identification and value transcription
inheritance,GEM-13-INH-E008-U2-Leadership_Unity,0.00,0.00,True,fixed parent identification and value transcription
inheritance,GEM-13-INH-E009-U1-Tension,0.50,0.50,True,fixed parent identification and value transcription
inheritance,GEM-13-INH-E009-U1-Diplomatic_Support,0.85,0.85,True,fixed parent identification and value transcription
inheritance,GEM-13-INH-E009-U1-Public_Opinion,0.65,0.65,True,fixed parent identification and value transcription
inheritance,GEM-13-INH-E009-U1-Leadership_Unity,0.60,0.60,True,fixed parent identification and value transcription
inheritance,GEM-13-INH-E009-U2-Tension,0.50,0.50,True,fixed parent identification and value transcription
inheritance,GEM-13-INH-E009-U2-Diplomatic_Support,0.85,0.85,True,fixed parent identification and value transcription
inheritance,GEM-13-INH-E009-U2-Public_Opinion,0.65,0.65,True,fixed parent identification and value transcription
inheritance,GEM-13-INH-E009-U2-Leadership_Unity,0.60,0.60,True,fixed parent identification and value transcription
inheritance,GEM-13-INH-E010-U1-Tension,0.65,0.65,True,fixed parent identification and value transcription
inheritance,GEM-13-INH-E010-U1-Diplomatic_Support,0.61,0.61,True,fixed parent identification and value transcription
inheritance,GEM-13-INH-E010-U1-Public_Opinion,0.51,0.51,True,fixed parent identification and value transcription
inheritance,GEM-13-INH-E010-U1-Leadership_Unity,0.40,0.40,True,fixed parent identification and value transcription
inheritance,GEM-13-INH-E011-U1-Diplomatic_Support,0.25,0.25,True,fixed parent identification and value transcription
inheritance,GEM-13-INH-E011-U1-Public_Opinion,0.25,0.25,True,fixed parent identification and value transcription
inheritance,GEM-13-INH-E012-U1-Tension,0.45,0.45,True,fixed parent identification and value transcription
inheritance,GEM-13-INH-E012-U1-Diplomatic_Support,0.85,0.85,True,fixed parent identification and value transcription
inheritance,GEM-13-INH-E012-U1-Public_Opinion,0.65,0.65,True,fixed parent identification and value transcription
inheritance,GEM-13-INH-E012-U1-Leadership_Unity,0.60,0.60,True,fixed parent identification and value transcription
inheritance,GEM-14-INH-E001-U1-Leadership_Unity,0.45,0.45,True,fixed parent identification and value transcription
inheritance,GEM-14-INH-E002-U1-Leadership_Unity,0.40,0.40,True,fixed parent identification and value transcription
inheritance,GEM-14-INH-E003-U1-Tension,0.45,0.45,True,fixed parent identification and value transcription
inheritance,GEM-14-INH-E003-U1-Diplomatic_Support,0.60,0.60,True,fixed parent identification and value transcription
inheritance,GEM-14-INH-E003-U1-Public_Opinion,0.55,0.55,True,fixed parent identification and value transcription
inheritance,GEM-14-INH-E003-U1-Leadership_Unity,0.55,0.55,True,fixed parent identification and value transcription
inheritance,GEM-14-INH-E004-U1-Tension,0.50,0.50,True,fixed parent identification and value transcription
inheritance,GEM-14-INH-E004-U1-Diplomatic_Support,0.58,0.58,True,fixed parent identification and value transcription
inheritance,GEM-14-INH-E004-U1-Leadership_Unity,0.50,0.50,True,fixed parent identification and value transcription
inheritance,GEM-14-INH-E005-U1-Tension,0.40,0.40,True,fixed parent identification and value transcription
inheritance,GEM-14-INH-E005-U1-Diplomatic_Support,0.70,0.70,True,fixed parent identification and value transcription
inheritance,GEM-14-INH-E005-U1-Leadership_Unity,0.60,0.60,True,fixed parent identification and value transcription
inheritance,GEM-14-INH-E006-U1-Tension,0.60,0.60,True,fixed parent identification and value transcription
inheritance,GEM-14-INH-E006-U1-Diplomatic_Support,0.48,0.48,True,fixed parent identification and value transcription
inheritance,GEM-14-INH-E006-U1-Leadership_Unity,0.45,0.45,True,fixed parent identification and value transcription
inheritance,GEM-14-INH-E007-U1-Tension,0.50,0.50,True,fixed parent identification and value transcription
inheritance,GEM-14-INH-E007-U1-Diplomatic_Support,0.60,0.60,True,fixed parent identification and value transcription
inheritance,GEM-14-INH-E007-U1-Leadership_Unity,0.55,0.55,True,fixed parent identification and value transcription
inheritance,GEM-14-INH-E008-U1-Leadership_Unity,0.35,0.35,True,fixed parent identification and value transcription
inheritance,GEM-14-INH-E009-U1-Tension,0.80,0.80,True,fixed parent identification and value transcription
inheritance,GEM-14-INH-E010-U1-Tension,0.85,0.85,True,fixed parent identification and value transcription
inheritance,GEM-14-INH-E010-U2-Leadership_Unity,0.25,0.25,True,fixed parent identification and value transcription
inheritance,GEM-14-INH-E011-U1-Tension,0.95,0.95,True,fixed parent identification and value transcription
inheritance,GEM-15-INH-E009-U1-Tension,1.00,1.00,True,fixed parent identification and value transcription
inheritance,GEM-15-INH-E009-U1-Diplomatic_Support,0.05,0.05,True,fixed parent identification and value transcription
inheritance,GEM-15-INH-E009-U1-Public_Opinion,0.15,0.15,True,fixed parent identification and value transcription
inheritance,GEM-15-INH-E009-U1-Leadership_Unity,0.00,0.00,True,fixed parent identification and value transcription
inheritance,GEM-16-INH-E011-U1-Tension,1.0,1.0,True,fixed parent identification and value transcription
inheritance,GEM-16-INH-E011-U1-Diplomatic_Support,0.53,0.53,True,fixed parent identification and value transcription
inheritance,GEM-16-INH-E011-U1-Public_Opinion,0.53,0.53,True,fixed parent identification and value transcription
inheritance,GEM-16-INH-E011-U1-Leadership_Unity,0.40,0.40,True,fixed parent identification and value transcription
inheritance,GEM-16-INH-E012-U1-Tension,1.0,1.0,True,fixed parent identification and value transcription
inheritance,GEM-16-INH-E012-U1-Diplomatic_Support,0.41,0.41,True,fixed parent identification and value transcription
inheritance,GEM-16-INH-E012-U1-Public_Opinion,0.41,0.41,True,fixed parent identification and value transcription
inheritance,GEM-16-INH-E012-U1-Leadership_Unity,0.30,0.30,True,fixed parent identification and value transcription
inheritance,GEM-17-INH-E001-U1-Tension,0.60,0.60,True,fixed parent identification and value transcription
inheritance,GEM-17-INH-E001-U1-Diplomatic_Support,0.46,0.46,True,fixed parent identification and value transcription
inheritance,GEM-17-INH-E001-U1-Public_Opinion,0.46,0.46,True,fixed parent identification and value transcription
inheritance,GEM-17-INH-E001-U1-Leadership_Unity,0.40,0.40,True,fixed parent identification and value transcription
inheritance,GEM-17-INH-E002-U1-Tension,0.80,0.80,True,fixed parent identification and value transcription
inheritance,GEM-17-INH-E002-U1-Diplomatic_Support,0.40,0.40,True,fixed parent identification and value transcription
inheritance,GEM-17-INH-E002-U1-Public_Opinion,0.40,0.40,True,fixed parent identification and value transcription
inheritance,GEM-17-INH-E002-U1-Leadership_Unity,0.30,0.30,True,fixed parent identification and value transcription
inheritance,GEM-17-INH-E003-U1-Tension,0.40,0.40,True,fixed parent identification and value transcription
inheritance,GEM-17-INH-E003-U1-Diplomatic_Support,0.70,0.70,True,fixed parent identification and value transcription
inheritance,GEM-17-INH-E003-U1-Public_Opinion,0.60,0.60,True,fixed parent identification and value transcription
inheritance,GEM-17-INH-E003-U1-Leadership_Unity,0.60,0.60,True,fixed parent identification and value transcription
inheritance,GEM-17-INH-E004-U1-Tension,0.50,0.50,True,fixed parent identification and value transcription
inheritance,GEM-17-INH-E004-U1-Diplomatic_Support,0.66,0.66,True,fixed parent identification and value transcription
inheritance,GEM-17-INH-E004-U1-Public_Opinion,0.56,0.56,True,fixed parent identification and value transcription
inheritance,GEM-17-INH-E004-U1-Leadership_Unity,0.50,0.50,True,fixed parent identification and value transcription
inheritance,GEM-17-INH-E005-U1-Tension,0.70,0.70,True,fixed parent identification and value transcription
inheritance,GEM-17-INH-E005-U1-Diplomatic_Support,0.50,0.50,True,fixed parent identification and value transcription
inheritance,GEM-17-INH-E005-U1-Public_Opinion,0.60,0.60,True,fixed parent identification and value transcription
inheritance,GEM-17-INH-E005-U1-Leadership_Unity,0.50,0.50,True,fixed parent identification and value transcription
inheritance,GEM-17-INH-E006-U1-Tension,0.30,0.30,True,fixed parent identification and value transcription
inheritance,GEM-17-INH-E006-U1-Diplomatic_Support,0.90,0.90,True,fixed parent identification and value transcription
inheritance,GEM-17-INH-E006-U1-Public_Opinion,0.70,0.70,True,fixed parent identification and value transcription
inheritance,GEM-17-INH-E006-U1-Leadership_Unity,0.70,0.70,True,fixed parent identification and value transcription
inheritance,GEM-17-INH-E007-U1-Tension,0.70,0.70,True,fixed parent identification and value transcription
inheritance,GEM-17-INH-E007-U1-Diplomatic_Support,0.59,0.59,True,fixed parent identification and value transcription
inheritance,GEM-17-INH-E007-U1-Public_Opinion,0.49,0.49,True,fixed parent identification and value transcription
inheritance,GEM-17-INH-E007-U1-Leadership_Unity,0.35,0.35,True,fixed parent identification and value transcription
inheritance,GEM-17-INH-E007-U2-Tension,0.70,0.70,True,fixed parent identification and value transcription
inheritance,GEM-17-INH-E007-U2-Leadership_Unity,0.35,0.35,True,fixed parent identification and value transcription
inheritance,GEM-17-INH-E008-U1-Tension,1.00,1.00,True,fixed parent identification and value transcription
inheritance,GEM-17-INH-E008-U1-Diplomatic_Support,0.40,0.40,True,fixed parent identification and value transcription
inheritance,GEM-17-INH-E008-U1-Public_Opinion,0.50,0.50,True,fixed parent identification and value transcription
inheritance,GEM-17-INH-E008-U1-Leadership_Unity,0.30,0.30,True,fixed parent identification and value transcription
inheritance,GEM-17-INH-E008-U2-Tension,1.00,1.00,True,fixed parent identification and value transcription
inheritance,GEM-17-INH-E008-U2-Diplomatic_Support,0.40,0.40,True,fixed parent identification and value transcription
inheritance,GEM-17-INH-E008-U2-Public_Opinion,0.50,0.50,True,fixed parent identification and value transcription
inheritance,GEM-17-INH-E008-U2-Leadership_Unity,0.30,0.30,True,fixed parent identification and value transcription
inheritance,GEM-17-INH-E009-U1-Tension,0.35,0.35,True,fixed parent identification and value transcription
inheritance,GEM-17-INH-E009-U1-Diplomatic_Support,1.00,1.00,True,fixed parent identification and value transcription
inheritance,GEM-17-INH-E009-U1-Public_Opinion,0.75,0.75,True,fixed parent identification and value transcription
inheritance,GEM-17-INH-E009-U1-Leadership_Unity,0.70,0.70,True,fixed parent identification and value transcription
inheritance,GEM-18-INH-E003-U1-Leadership_Unity,0.40,0.40,True,fixed parent identification and value transcription
inheritance,GEM-18-INH-E004-U1-Leadership_Unity,0.40,0.40,True,fixed parent identification and value transcription
inheritance,GEM-18-INH-E009-U1-Leadership_Unity,0.35,0.35,True,fixed parent identification and value transcription
inheritance,GEM-18-INH-E010-U1-Leadership_Unity,0.35,0.35,True,fixed parent identification and value transcription
inheritance,GEM-18-INH-E015-U1-Leadership_Unity,0.25,0.25,True,fixed parent identification and value transcription
inheritance,GEM-18-INH-E016-U1-Tension,0.80,0.80,True,fixed parent identification and value transcription
inheritance,GEM-18-INH-E017-U1-Diplomatic_Support,0.65,0.65,True,fixed parent identification and value transcription
inheritance,GEM-18-INH-E017-U1-Leadership_Unity,0.65,0.65,True,fixed parent identification and value transcription
inheritance,GEM-18-INH-E017-U2-Leadership_Unity,0.65,0.65,True,fixed parent identification and value transcription
inheritance,GEM-18-INH-E018-U1-Diplomatic_Support,0.70,0.70,True,fixed parent identification and value transcription
inheritance,GEM-19-INH-E001-U1-Tension,0.55,0.55,True,fixed parent identification and value transcription
inheritance,GEM-19-INH-E001-U1-Diplomatic_Support,0.48,0.48,True,fixed parent identification and value transcription
inheritance,GEM-19-INH-E001-U1-Public_Opinion,0.48,0.48,True,fixed parent identification and value transcription
inheritance,GEM-19-INH-E001-U1-Leadership_Unity,0.45,0.45,True,fixed parent identification and value transcription
inheritance,GEM-19-INH-E002-U1-Tension,0.45,0.45,True,fixed parent identification and value transcription
inheritance,GEM-19-INH-E002-U1-Diplomatic_Support,0.50,0.50,True,fixed parent identification and value transcription
inheritance,GEM-19-INH-E002-U1-Public_Opinion,0.50,0.50,True,fixed parent identification and value transcription
inheritance,GEM-19-INH-E002-U1-Leadership_Unity,0.65,0.65,True,fixed parent identification and value transcription
inheritance,GEM-19-INH-E003-U1-Tension,0.60,0.60,True,fixed parent identification and value transcription
inheritance,GEM-19-INH-E003-U1-Diplomatic_Support,0.40,0.40,True,fixed parent identification and value transcription
inheritance,GEM-19-INH-E003-U1-Public_Opinion,0.45,0.45,True,fixed parent identification and value transcription
inheritance,GEM-19-INH-E003-U1-Leadership_Unity,0.45,0.45,True,fixed parent identification and value transcription
inheritance,GEM-19-INH-E004-U1-Tension,0.50,0.50,True,fixed parent identification and value transcription
inheritance,GEM-19-INH-E004-U1-Diplomatic_Support,0.50,0.50,True,fixed parent identification and value transcription
inheritance,GEM-19-INH-E004-U1-Public_Opinion,0.50,0.50,True,fixed parent identification and value transcription
inheritance,GEM-19-INH-E004-U1-Leadership_Unity,0.50,0.50,True,fixed parent identification and value transcription
inheritance,GEM-19-INH-E005-U1-Tension,0.50,0.50,True,fixed parent identification and value transcription
inheritance,GEM-19-INH-E005-U1-Diplomatic_Support,0.58,0.58,True,fixed parent identification and value transcription
inheritance,GEM-19-INH-E005-U1-Public_Opinion,0.53,0.53,True,fixed parent identification and value transcription
inheritance,GEM-19-INH-E005-U1-Leadership_Unity,0.50,0.50,True,fixed parent identification and value transcription
inheritance,GEM-19-INH-E006-U1-Tension,0.55,0.55,True,fixed parent identification and value transcription
inheritance,GEM-19-INH-E006-U1-Diplomatic_Support,0.40,0.40,True,fixed parent identification and value transcription
inheritance,GEM-19-INH-E006-U1-Public_Opinion,0.45,0.45,True,fixed parent identification and value transcription
inheritance,GEM-19-INH-E006-U1-Leadership_Unity,0.60,0.60,True,fixed parent identification and value transcription
inheritance,GEM-19-INH-E007-U1-Tension,0.55,0.55,True,fixed parent identification and value transcription
inheritance,GEM-19-INH-E007-U1-Diplomatic_Support,0.50,0.50,True,fixed parent identification and value transcription
inheritance,GEM-19-INH-E007-U1-Public_Opinion,0.50,0.50,True,fixed parent identification and value transcription
inheritance,GEM-19-INH-E007-U1-Leadership_Unity,0.50,0.50,True,fixed parent identification and value transcription
inheritance,GEM-19-INH-E008-U1-Tension,0.60,0.60,True,fixed parent identification and value transcription
inheritance,GEM-19-INH-E008-U1-Diplomatic_Support,0.40,0.40,True,fixed parent identification and value transcription
inheritance,GEM-19-INH-E008-U1-Public_Opinion,0.45,0.45,True,fixed parent identification and value transcription
inheritance,GEM-19-INH-E008-U1-Leadership_Unity,0.45,0.45,True,fixed parent identification and value transcription
inheritance,GEM-19-INH-E009-U1-Tension,0.65,0.65,True,fixed parent identification and value transcription
inheritance,GEM-19-INH-E009-U1-Diplomatic_Support,0.53,0.53,True,fixed parent identification and value transcription
inheritance,GEM-19-INH-E009-U1-Public_Opinion,0.48,0.48,True,fixed parent identification and value transcription
inheritance,GEM-19-INH-E009-U1-Leadership_Unity,0.40,0.40,True,fixed parent identification and value transcription
inheritance,GEM-19-INH-E010-U1-Tension,0.70,0.70,True,fixed parent identification and value transcription
inheritance,GEM-19-INH-E010-U1-Diplomatic_Support,0.35,0.35,True,fixed parent identification and value transcription
inheritance,GEM-19-INH-E010-U1-Public_Opinion,0.40,0.40,True,fixed parent identification and value transcription
inheritance,GEM-19-INH-E010-U1-Leadership_Unity,0.50,0.50,True,fixed parent identification and value transcription
inheritance,GEM-19-INH-E011-U1-Tension,0.70,0.70,True,fixed parent identification and value transcription
inheritance,GEM-19-INH-E011-U1-Diplomatic_Support,0.45,0.45,True,fixed parent identification and value transcription
inheritance,GEM-19-INH-E011-U1-Public_Opinion,0.45,0.45,True,fixed parent identification and value transcription
inheritance,GEM-19-INH-E011-U1-Leadership_Unity,0.40,0.40,True,fixed parent identification and value transcription
inheritance,GEM-19-INH-E012-U1-Tension,0.75,0.75,True,fixed parent identification and value transcription
inheritance,GEM-19-INH-E012-U1-Diplomatic_Support,0.35,0.35,True,fixed parent identification and value transcription
inheritance,GEM-19-INH-E012-U1-Public_Opinion,0.40,0.40,True,fixed parent identification and value transcription
inheritance,GEM-19-INH-E012-U1-Leadership_Unity,0.35,0.35,True,fixed parent identification and value transcription
inheritance,GEM-20-INH-E001-U1-Tension,0.55,0.55,True,fixed parent identification and value transcription
inheritance,GEM-20-INH-E001-U1-Diplomatic_Support,0.48,0.48,True,fixed parent identification and value transcription
inheritance,GEM-20-INH-E001-U1-Public_Opinion,0.48,0.48,True,fixed parent identification and value transcription
inheritance,GEM-20-INH-E001-U1-Leadership_Unity,0.45,0.45,True,fixed parent identification and value transcription
inheritance,GEM-20-INH-E002-U1-Tension,0.55,0.55,True,fixed parent identification and value transcription
inheritance,GEM-20-INH-E002-U1-Diplomatic_Support,0.48,0.48,True,fixed parent identification and value transcription
inheritance,GEM-20-INH-E002-U1-Public_Opinion,0.48,0.48,True,fixed parent identification and value transcription
inheritance,GEM-20-INH-E002-U1-Leadership_Unity,0.45,0.45,True,fixed parent identification and value transcription
inheritance,GEM-20-INH-E003-U1-Tension,0.65,0.65,True,fixed parent identification and value transcription
inheritance,GEM-20-INH-E003-U1-Diplomatic_Support,0.45,0.45,True,fixed parent identification and value transcription
inheritance,GEM-20-INH-E003-U1-Public_Opinion,0.45,0.45,True,fixed parent identification and value transcription
inheritance,GEM-20-INH-E003-U1-Leadership_Unity,0.40,0.40,True,fixed parent identification and value transcription
inheritance,GEM-20-INH-E004-U1-Tension,0.60,0.60,True,fixed parent identification and value transcription
inheritance,GEM-20-INH-E004-U1-Diplomatic_Support,0.40,0.40,True,fixed parent identification and value transcription
inheritance,GEM-20-INH-E004-U1-Public_Opinion,0.45,0.45,True,fixed parent identification and value transcription
inheritance,GEM-20-INH-E004-U1-Leadership_Unity,0.45,0.45,True,fixed parent identification and value transcription
inheritance,GEM-20-INH-E005-U1-Tension,0.50,0.50,True,fixed parent identification and value transcription
inheritance,GEM-20-INH-E005-U1-Diplomatic_Support,0.58,0.58,True,fixed parent identification and value transcription
inheritance,GEM-20-INH-E005-U1-Public_Opinion,0.53,0.53,True,fixed parent identification and value transcription
inheritance,GEM-20-INH-E005-U1-Leadership_Unity,0.50,0.50,True,fixed parent identification and value transcription
inheritance,GEM-20-INH-E006-U1-Tension,0.50,0.50,True,fixed parent identification and value transcription
inheritance,GEM-20-INH-E006-U1-Diplomatic_Support,0.58,0.58,True,fixed parent identification and value transcription
inheritance,GEM-20-INH-E006-U1-Public_Opinion,0.53,0.53,True,fixed parent identification and value transcription
inheritance,GEM-20-INH-E006-U1-Leadership_Unity,0.50,0.50,True,fixed parent identification and value transcription
inheritance,GEM-20-INH-E007-U1-Tension,0.60,0.60,True,fixed parent identification and value transcription
inheritance,GEM-20-INH-E007-U1-Diplomatic_Support,0.46,0.46,True,fixed parent identification and value transcription
inheritance,GEM-20-INH-E007-U1-Public_Opinion,0.46,0.46,True,fixed parent identification and value transcription
inheritance,GEM-20-INH-E007-U1-Leadership_Unity,0.40,0.40,True,fixed parent identification and value transcription
inheritance,GEM-20-INH-E008-U1-Tension,0.80,0.80,True,fixed parent identification and value transcription
inheritance,GEM-20-INH-E008-U1-Diplomatic_Support,0.40,0.40,True,fixed parent identification and value transcription
inheritance,GEM-20-INH-E008-U1-Public_Opinion,0.40,0.40,True,fixed parent identification and value transcription
inheritance,GEM-20-INH-E008-U1-Leadership_Unity,0.30,0.30,True,fixed parent identification and value transcription
inheritance,GEM-20-INH-E008-U2-Tension,0.80,0.80,True,fixed parent identification and value transcription
inheritance,GEM-20-INH-E008-U2-Diplomatic_Support,0.40,0.40,True,fixed parent identification and value transcription
inheritance,GEM-20-INH-E008-U2-Public_Opinion,0.40,0.40,True,fixed parent identification and value transcription
inheritance,GEM-20-INH-E008-U2-Leadership_Unity,0.30,0.30,True,fixed parent identification and value transcription
inheritance,GEM-20-INH-E009-U1-Tension,0.60,0.60,True,fixed parent identification and value transcription
inheritance,GEM-20-INH-E009-U1-Diplomatic_Support,0.48,0.48,True,fixed parent identification and value transcription
inheritance,GEM-20-INH-E009-U1-Public_Opinion,0.48,0.48,True,fixed parent identification and value transcription
inheritance,GEM-20-INH-E009-U1-Leadership_Unity,0.45,0.45,True,fixed parent identification and value transcription
inheritance,GEM-20-INH-E010-U1-Tension,0.75,0.75,True,fixed parent identification and value transcription
inheritance,GEM-20-INH-E010-U1-Diplomatic_Support,0.43,0.43,True,fixed parent identification and value transcription
inheritance,GEM-20-INH-E010-U1-Public_Opinion,0.43,0.43,True,fixed parent identification and value transcription
inheritance,GEM-20-INH-E010-U1-Leadership_Unity,0.35,0.35,True,fixed parent identification and value transcription
inheritance,GEM-20-INH-E011-U1-Tension,0.70,0.70,True,fixed parent identification and value transcription
inheritance,GEM-20-INH-E011-U1-Diplomatic_Support,0.48,0.48,True,fixed parent identification and value transcription
inheritance,GEM-20-INH-E011-U1-Public_Opinion,0.53,0.53,True,fixed parent identification and value transcription
inheritance,GEM-20-INH-E011-U1-Leadership_Unity,0.45,0.45,True,fixed parent identification and value transcription
inheritance,GEM-20-INH-E012-U1-Tension,0.70,0.70,True,fixed parent identification and value transcription
inheritance,GEM-20-INH-E012-U1-Diplomatic_Support,0.48,0.48,True,fixed parent identification and value transcription
inheritance,GEM-20-INH-E012-U1-Public_Opinion,0.53,0.53,True,fixed parent identification and value transcription
inheritance,GEM-20-INH-E012-U1-Leadership_Unity,0.45,0.45,True,fixed parent identification and value transcription
inheritance,GEM-20-INH-E013-U1-Tension,0.80,0.80,True,fixed parent identification and value transcription
inheritance,GEM-20-INH-E013-U1-Diplomatic_Support,0.48,0.48,True,fixed parent identification and value transcription
inheritance,GEM-20-INH-E013-U1-Public_Opinion,0.43,0.43,True,fixed parent identification and value transcription
inheritance,GEM-20-INH-E013-U1-Leadership_Unity,0.30,0.30,True,fixed parent identification and value transcription
inheritance,GEM-20-INH-E014-U1-Tension,0.90,0.90,True,fixed parent identification and value transcription
inheritance,GEM-20-INH-E014-U1-Diplomatic_Support,0.36,0.36,True,fixed parent identification and value transcription
inheritance,GEM-20-INH-E014-U1-Public_Opinion,0.36,0.36,True,fixed parent identification and value transcription
inheritance,GEM-20-INH-E014-U1-Leadership_Unity,0.20,0.20,True,fixed parent identification and value transcription
inheritance,GEM-20-INH-E015-U1-Tension,0.80,0.80,True,fixed parent identification and value transcription
inheritance,GEM-20-INH-E015-U1-Diplomatic_Support,0.40,0.40,True,fixed parent identification and value transcription
inheritance,GEM-20-INH-E015-U1-Public_Opinion,0.40,0.40,True,fixed parent identification and value transcription
inheritance,GEM-20-INH-E015-U1-Leadership_Unity,0.30,0.30,True,fixed parent identification and value transcription
inheritance,GEM-21-INH-E001-U1-Tension,0.8,0.8,True,fixed parent identification and value transcription
inheritance,GEM-21-INH-E001-U1-Diplomatic_Support,0.5,0.5,True,fixed parent identification and value transcription
inheritance,GEM-21-INH-E001-U1-Public_Opinion,1.0,1.0,True,fixed parent identification and value transcription
inheritance,GEM-21-INH-E001-U1-Leadership_Unity,1.0,1.0,True,fixed parent identification and value transcription
inheritance,GEM-21-INH-E002-U1-Tension,0.95,0.95,True,fixed parent identification and value transcription
inheritance,GEM-21-INH-E002-U1-Diplomatic_Support,0.5,0.5,True,fixed parent identification and value transcription
inheritance,GEM-21-INH-E002-U1-Public_Opinion,0.5,0.5,True,fixed parent identification and value transcription
inheritance,GEM-21-INH-E002-U1-Leadership_Unity,1.0,1.0,True,fixed parent identification and value transcription
inheritance,GEM-21-INH-E003-U1-Tension,0.8,0.8,True,fixed parent identification and value transcription
inheritance,GEM-21-INH-E003-U1-Diplomatic_Support,0.5,0.5,True,fixed parent identification and value transcription
inheritance,GEM-21-INH-E003-U1-Public_Opinion,1.0,1.0,True,fixed parent identification and value transcription
inheritance,GEM-21-INH-E003-U1-Leadership_Unity,1.0,1.0,True,fixed parent identification and value transcription
inheritance,GEM-21-INH-E004-U1-Tension,0.95,0.95,True,fixed parent identification and value transcription
inheritance,GEM-21-INH-E004-U1-Diplomatic_Support,0.5,0.5,True,fixed parent identification and value transcription
inheritance,GEM-21-INH-E004-U1-Public_Opinion,0.5,0.5,True,fixed parent identification and value transcription
inheritance,GEM-21-INH-E004-U1-Leadership_Unity,1.0,1.0,True,fixed parent identification and value transcription
inheritance,GEM-21-INH-E005-U1-Tension,0.8,0.8,True,fixed parent identification and value transcription
inheritance,GEM-21-INH-E005-U1-Diplomatic_Support,0.5,0.5,True,fixed parent identification and value transcription
inheritance,GEM-21-INH-E005-U1-Public_Opinion,1.0,1.0,True,fixed parent identification and value transcription
inheritance,GEM-21-INH-E005-U1-Leadership_Unity,1.0,1.0,True,fixed parent identification and value transcription
inheritance,GEM-21-INH-E006-U1-Tension,0.95,0.95,True,fixed parent identification and value transcription
inheritance,GEM-21-INH-E006-U1-Diplomatic_Support,0.5,0.5,True,fixed parent identification and value transcription
inheritance,GEM-21-INH-E006-U1-Public_Opinion,0.5,0.5,True,fixed parent identification and value transcription
inheritance,GEM-21-INH-E006-U1-Leadership_Unity,1.0,1.0,True,fixed parent identification and value transcription
inheritance,GEM-21-INH-E007-U1-Tension,0.8,0.8,True,fixed parent identification and value transcription
inheritance,GEM-21-INH-E007-U1-Diplomatic_Support,0.5,0.5,True,fixed parent identification and value transcription
inheritance,GEM-21-INH-E007-U1-Public_Opinion,1.0,1.0,True,fixed parent identification and value transcription
inheritance,GEM-21-INH-E007-U1-Leadership_Unity,1.0,1.0,True,fixed parent identification and value transcription
inheritance,GEM-21-INH-E008-U1-Tension,0.95,0.95,True,fixed parent identification and value transcription
inheritance,GEM-21-INH-E008-U1-Diplomatic_Support,0.5,0.5,True,fixed parent identification and value transcription
inheritance,GEM-21-INH-E008-U1-Public_Opinion,0.5,0.5,True,fixed parent identification and value transcription
inheritance,GEM-21-INH-E008-U1-Leadership_Unity,1.0,1.0,True,fixed parent identification and value transcription
inheritance,GEM-21-INH-E009-U1-Tension,0.75,0.75,True,fixed parent identification and value transcription
inheritance,GEM-21-INH-E009-U1-Diplomatic_Support,0.60,0.60,True,fixed parent identification and value transcription
inheritance,GEM-21-INH-E009-U1-Public_Opinion,1.0,1.0,True,fixed parent identification and value transcription
inheritance,GEM-21-INH-E009-U1-Leadership_Unity,1.0,1.0,True,fixed parent identification and value transcription
inheritance,GEM-21-INH-E009-U2-Tension,0.75,0.75,True,fixed parent identification and value transcription
inheritance,GEM-21-INH-E009-U2-Diplomatic_Support,0.60,0.60,True,fixed parent identification and value transcription
inheritance,GEM-21-INH-E009-U2-Public_Opinion,1.0,1.0,True,fixed parent identification and value transcription
inheritance,GEM-21-INH-E009-U2-Leadership_Unity,1.0,1.0,True,fixed parent identification and value transcription
inheritance,GEM-21-INH-E010-U1-Tension,0.90,0.90,True,fixed parent identification and value transcription
inheritance,GEM-21-INH-E010-U1-Diplomatic_Support,0.60,0.60,True,fixed parent identification and value transcription
inheritance,GEM-21-INH-E010-U1-Public_Opinion,0.55,0.55,True,fixed parent identification and value transcription
inheritance,GEM-21-INH-E010-U1-Leadership_Unity,1.0,1.0,True,fixed parent identification and value transcription
inheritance,GEM-21-INH-E010-U2-Tension,0.90,0.90,True,fixed parent identification and value transcription
inheritance,GEM-21-INH-E010-U2-Diplomatic_Support,0.60,0.60,True,fixed parent identification and value transcription
inheritance,GEM-21-INH-E010-U2-Public_Opinion,0.55,0.55,True,fixed parent identification and value transcription
inheritance,GEM-21-INH-E010-U2-Leadership_Unity,1.0,1.0,True,fixed parent identification and value transcription
inheritance,GEM-21-INH-E011-U1-Tension,0.80,0.80,True,fixed parent identification and value transcription
inheritance,GEM-21-INH-E011-U1-Diplomatic_Support,0.53,0.53,True,fixed parent identification and value transcription
inheritance,GEM-21-INH-E011-U1-Public_Opinion,1.0,1.0,True,fixed parent identification and value transcription
inheritance,GEM-21-INH-E011-U1-Leadership_Unity,1.0,1.0,True,fixed parent identification and value transcription
inheritance,GEM-21-INH-E011-U2-Tension,0.80,0.80,True,fixed parent identification and value transcription
inheritance,GEM-21-INH-E011-U2-Diplomatic_Support,0.53,0.53,True,fixed parent identification and value transcription
inheritance,GEM-21-INH-E011-U2-Public_Opinion,1.0,1.0,True,fixed parent identification and value transcription
inheritance,GEM-21-INH-E011-U2-Leadership_Unity,1.0,1.0,True,fixed parent identification and value transcription
inheritance,GEM-21-INH-E012-U1-Tension,0.95,0.95,True,fixed parent identification and value transcription
inheritance,GEM-21-INH-E012-U1-Diplomatic_Support,0.50,0.50,True,fixed parent identification and value transcription
inheritance,GEM-21-INH-E012-U1-Public_Opinion,0.50,0.50,True,fixed parent identification and value transcription
inheritance,GEM-21-INH-E012-U1-Leadership_Unity,1.0,1.0,True,fixed parent identification and value transcription
inheritance,GEM-21-INH-E012-U2-Tension,0.95,0.95,True,fixed parent identification and value transcription
inheritance,GEM-21-INH-E012-U2-Diplomatic_Support,0.50,0.50,True,fixed parent identification and value transcription
inheritance,GEM-21-INH-E012-U2-Public_Opinion,0.50,0.50,True,fixed parent identification and value transcription
inheritance,GEM-21-INH-E012-U2-Leadership_Unity,1.0,1.0,True,fixed parent identification and value transcription
inheritance,GEM-21-INH-E013-U1-Tension,0.90,0.90,True,fixed parent identification and value transcription
inheritance,GEM-21-INH-E013-U1-Diplomatic_Support,0.40,0.40,True,fixed parent identification and value transcription
inheritance,GEM-21-INH-E013-U1-Public_Opinion,0.95,0.95,True,fixed parent identification and value transcription
inheritance,GEM-21-INH-E013-U1-Leadership_Unity,0.95,0.95,True,fixed parent identification and value transcription
inheritance,GEM-21-INH-E013-U2-Tension,0.90,0.90,True,fixed parent identification and value transcription
inheritance,GEM-21-INH-E013-U2-Diplomatic_Support,0.40,0.40,True,fixed parent identification and value transcription
inheritance,GEM-21-INH-E013-U2-Public_Opinion,0.95,0.95,True,fixed parent identification and value transcription
inheritance,GEM-21-INH-E013-U2-Leadership_Unity,0.95,0.95,True,fixed parent identification and value transcription
inheritance,GEM-21-INH-E014-U1-Tension,1.0,1.0,True,fixed parent identification and value transcription
inheritance,GEM-21-INH-E014-U1-Diplomatic_Support,0.40,0.40,True,fixed parent identification and value transcription
inheritance,GEM-21-INH-E014-U1-Public_Opinion,0.45,0.45,True,fixed parent identification and value transcription
inheritance,GEM-21-INH-E014-U1-Leadership_Unity,0.95,0.95,True,fixed parent identification and value transcription
inheritance,GEM-21-INH-E014-U2-Tension,1.0,1.0,True,fixed parent identification and value transcription
inheritance,GEM-21-INH-E014-U2-Diplomatic_Support,0.40,0.40,True,fixed parent identification and value transcription
inheritance,GEM-21-INH-E014-U2-Public_Opinion,0.45,0.45,True,fixed parent identification and value transcription
inheritance,GEM-21-INH-E014-U2-Leadership_Unity,0.95,0.95,True,fixed parent identification and value transcription
inheritance,GEM-21-INH-E015-U1-Tension,0.85,0.85,True,fixed parent identification and value transcription
inheritance,GEM-21-INH-E015-U1-Diplomatic_Support,0.65,0.65,True,fixed parent identification and value transcription
inheritance,GEM-21-INH-E015-U1-Public_Opinion,1.0,1.0,True,fixed parent identification and value transcription
inheritance,GEM-21-INH-E015-U1-Leadership_Unity,0.95,0.95,True,fixed parent identification and value transcription
inheritance,GEM-21-INH-E015-U2-Tension,0.85,0.85,True,fixed parent identification and value transcription
inheritance,GEM-21-INH-E015-U2-Diplomatic_Support,0.65,0.65,True,fixed parent identification and value transcription
inheritance,GEM-21-INH-E015-U2-Public_Opinion,1.0,1.0,True,fixed parent identification and value transcription
inheritance,GEM-21-INH-E015-U2-Leadership_Unity,0.95,0.95,True,fixed parent identification and value transcription
inheritance,GEM-21-INH-E015-U3-Tension,0.85,0.85,True,fixed parent identification and value transcription
inheritance,GEM-21-INH-E015-U3-Diplomatic_Support,0.65,0.65,True,fixed parent identification and value transcription
inheritance,GEM-21-INH-E015-U3-Public_Opinion,1.0,1.0,True,fixed parent identification and value transcription
inheritance,GEM-21-INH-E015-U3-Leadership_Unity,0.95,0.95,True,fixed parent identification and value transcription
inheritance,GEM-21-INH-E016-U1-Tension,0.85,0.85,True,fixed parent identification and value transcription
inheritance,GEM-21-INH-E016-U1-Diplomatic_Support,0.70,0.70,True,fixed parent identification and value transcription
inheritance,GEM-21-INH-E016-U1-Public_Opinion,0.60,0.60,True,fixed parent identification and value transcription
inheritance,GEM-21-INH-E016-U1-Leadership_Unity,1.0,1.0,True,fixed parent identification and value transcription
inheritance,GEM-21-INH-E016-U2-Tension,0.85,0.85,True,fixed parent identification and value transcription
inheritance,GEM-21-INH-E016-U2-Diplomatic_Support,0.70,0.70,True,fixed parent identification and value transcription
inheritance,GEM-21-INH-E016-U2-Public_Opinion,0.60,0.60,True,fixed parent identification and value transcription
inheritance,GEM-21-INH-E016-U2-Leadership_Unity,1.0,1.0,True,fixed parent identification and value transcription
inheritance,GEM-21-INH-E016-U3-Tension,0.85,0.85,True,fixed parent identification and value transcription
inheritance,GEM-21-INH-E016-U3-Diplomatic_Support,0.70,0.70,True,fixed parent identification and value transcription
inheritance,GEM-21-INH-E016-U3-Public_Opinion,0.60,0.60,True,fixed parent identification and value transcription
inheritance,GEM-21-INH-E016-U3-Leadership_Unity,1.0,1.0,True,fixed parent identification and value transcription
inheritance,GEM-23-INH-E001-U1-Tension,0.90,0.90,True,fixed parent identification and value transcription
inheritance,GEM-23-INH-E001-U1-Diplomatic_Support,0.45,0.45,True,fixed parent identification and value transcription
inheritance,GEM-23-INH-E001-U1-Public_Opinion,0.45,0.45,True,fixed parent identification and value transcription
inheritance,GEM-23-INH-E001-U1-Leadership_Unity,0.45,0.45,True,fixed parent identification and value transcription
inheritance,GEM-23-INH-E002-U1-Tension,1.0,1.0,True,fixed parent identification and value transcription
inheritance,GEM-23-INH-E002-U1-Diplomatic_Support,0.48,0.48,True,fixed parent identification and value transcription
inheritance,GEM-23-INH-E002-U1-Public_Opinion,0.48,0.48,True,fixed parent identification and value transcription
inheritance,GEM-23-INH-E002-U1-Leadership_Unity,0.45,0.45,True,fixed parent identification and value transcription
inheritance,GEM-23-INH-E003-U1-Tension,0.95,0.95,True,fixed parent identification and value transcription
inheritance,GEM-23-INH-E003-U1-Diplomatic_Support,0.45,0.45,True,fixed parent identification and value transcription
inheritance,GEM-23-INH-E003-U1-Public_Opinion,0.45,0.45,True,fixed parent identification and value transcription
inheritance,GEM-23-INH-E003-U1-Leadership_Unity,0.40,0.40,True,fixed parent identification and value transcription
inheritance,GEM-23-INH-E004-U1-Tension,1.0,1.0,True,fixed parent identification and value transcription
inheritance,GEM-23-INH-E004-U1-Diplomatic_Support,0.45,0.45,True,fixed parent identification and value transcription
inheritance,GEM-23-INH-E004-U1-Public_Opinion,0.45,0.45,True,fixed parent identification and value transcription
inheritance,GEM-23-INH-E004-U1-Leadership_Unity,0.40,0.40,True,fixed parent identification and value transcription
inheritance,GEM-23-INH-E005-U1-Tension,0.75,0.75,True,fixed parent identification and value transcription
inheritance,GEM-23-INH-E005-U1-Diplomatic_Support,0.60,0.60,True,fixed parent identification and value transcription
inheritance,GEM-23-INH-E005-U1-Public_Opinion,0.55,0.55,True,fixed parent identification and value transcription
inheritance,GEM-23-INH-E005-U1-Leadership_Unity,0.55,0.55,True,fixed parent identification and value transcription
inheritance,GEM-23-INH-E006-U1-Tension,0.90,0.90,True,fixed parent identification and value transcription
inheritance,GEM-23-INH-E006-U1-Diplomatic_Support,0.60,0.60,True,fixed parent identification and value transcription
inheritance,GEM-23-INH-E006-U1-Public_Opinion,0.55,0.55,True,fixed parent identification and value transcription
inheritance,GEM-23-INH-E006-U1-Leadership_Unity,0.55,0.55,True,fixed parent identification and value transcription
inheritance,GEM-23-INH-E007-U1-Tension,0.90,0.90,True,fixed parent identification and value transcription
inheritance,GEM-23-INH-E007-U1-Diplomatic_Support,0.53,0.53,True,fixed parent identification and value transcription
inheritance,GEM-23-INH-E007-U1-Public_Opinion,0.53,0.53,True,fixed parent identification and value transcription
inheritance,GEM-23-INH-E007-U1-Leadership_Unity,0.50,0.50,True,fixed parent identification and value transcription
inheritance,GEM-23-INH-E008-U1-Tension,0.95,0.95,True,fixed parent identification and value transcription
inheritance,GEM-23-INH-E008-U1-Diplomatic_Support,0.58,0.58,True,fixed parent identification and value transcription
inheritance,GEM-23-INH-E008-U1-Public_Opinion,0.53,0.53,True,fixed parent identification and value transcription
inheritance,GEM-23-INH-E008-U1-Leadership_Unity,0.50,0.50,True,fixed parent identification and value transcription
inheritance,GEM-23-INH-E011-U1-Tension,0.70,0.70,True,fixed parent identification and value transcription
inheritance,GEM-23-INH-E011-U1-Diplomatic_Support,0.65,0.65,True,fixed parent identification and value transcription
inheritance,GEM-23-INH-E011-U1-Public_Opinion,0.65,0.65,True,fixed parent identification and value transcription
inheritance,GEM-23-INH-E011-U1-Leadership_Unity,0.65,0.65,True,fixed parent identification and value transcription
inheritance,GEM-23-INH-E012-U1-Tension,0.85,0.85,True,fixed parent identification and value transcription
inheritance,GEM-23-INH-E012-U1-Diplomatic_Support,0.70,0.70,True,fixed parent identification and value transcription
inheritance,GEM-23-INH-E012-U1-Public_Opinion,0.60,0.60,True,fixed parent identification and value transcription
inheritance,GEM-23-INH-E012-U1-Leadership_Unity,0.60,0.60,True,fixed parent identification and value transcription
inheritance,GEM-23-INH-E013-U1-Tension,1.0,1.0,True,fixed parent identification and value transcription
inheritance,GEM-23-INH-E013-U1-Diplomatic_Support,0.48,0.48,True,fixed parent identification and value transcription
inheritance,GEM-23-INH-E013-U1-Public_Opinion,0.48,0.48,True,fixed parent identification and value transcription
inheritance,GEM-23-INH-E013-U1-Leadership_Unity,0.40,0.40,True,fixed parent identification and value transcription
inheritance,GEM-23-INH-E014-U1-Tension,0.90,0.90,True,fixed parent identification and value transcription
inheritance,GEM-23-INH-E014-U1-Diplomatic_Support,0.68,0.68,True,fixed parent identification and value transcription
inheritance,GEM-23-INH-E014-U1-Public_Opinion,0.58,0.58,True,fixed parent identification and value transcription
inheritance,GEM-23-INH-E014-U1-Leadership_Unity,0.55,0.55,True,fixed parent identification and value transcription
inheritance,GEM-23-INH-E015-U1-Tension,1.0,1.0,True,fixed parent identification and value transcription
inheritance,GEM-23-INH-E015-U1-Diplomatic_Support,0.40,0.40,True,fixed parent identification and value transcription
inheritance,GEM-23-INH-E015-U1-Public_Opinion,0.40,0.40,True,fixed parent identification and value transcription
inheritance,GEM-23-INH-E015-U1-Leadership_Unity,0.30,0.30,True,fixed parent identification and value transcription
inheritance,GEM-23-INH-E016-U1-Tension,1.0,1.0,True,fixed parent identification and value transcription
inheritance,GEM-23-INH-E016-U1-Diplomatic_Support,0.40,0.40,True,fixed parent identification and value transcription
inheritance,GEM-23-INH-E016-U1-Public_Opinion,0.40,0.40,True,fixed parent identification and value transcription
inheritance,GEM-23-INH-E016-U1-Leadership_Unity,0.30,0.30,True,fixed parent identification and value transcription
inheritance,GEM-23-INH-E017-U1-Tension,0.85,0.85,True,fixed parent identification and value transcription
inheritance,GEM-23-INH-E017-U1-Diplomatic_Support,0.60,0.60,True,fixed parent identification and value transcription
inheritance,GEM-23-INH-E017-U1-Public_Opinion,0.60,0.60,True,fixed parent identification and value transcription
inheritance,GEM-23-INH-E017-U1-Leadership_Unity,0.55,0.55,True,fixed parent identification and value transcription
inheritance,GEM-23-INH-E018-U1-Tension,0.80,0.80,True,fixed parent identification and value transcription
inheritance,GEM-23-INH-E018-U1-Diplomatic_Support,0.80,0.80,True,fixed parent identification and value transcription
inheritance,GEM-23-INH-E018-U1-Public_Opinion,0.65,0.65,True,fixed parent identification and value transcription
inheritance,GEM-23-INH-E018-U1-Leadership_Unity,0.65,0.65,True,fixed parent identification and value transcription
inheritance,GEM-23-INH-E019-U1-Tension,0.95,0.95,True,fixed parent identification and value transcription
inheritance,GEM-23-INH-E019-U1-Diplomatic_Support,0.45,0.45,True,fixed parent identification and value transcription
inheritance,GEM-23-INH-E019-U1-Public_Opinion,0.45,0.45,True,fixed parent identification and value transcription
inheritance,GEM-23-INH-E019-U1-Leadership_Unity,0.40,0.40,True,fixed parent identification and value transcription
inheritance,GEM-23-INH-E020-U1-Tension,1.0,1.0,True,fixed parent identification and value transcription
inheritance,GEM-23-INH-E020-U1-Diplomatic_Support,0.45,0.45,True,fixed parent identification and value transcription
inheritance,GEM-23-INH-E020-U1-Public_Opinion,0.45,0.45,True,fixed parent identification and value transcription
inheritance,GEM-23-INH-E020-U1-Leadership_Unity,0.40,0.40,True,fixed parent identification and value transcription
inheritance,GEM-24-INH-E001-U1-Tension,0.55,0.55,True,fixed parent identification and value transcription
inheritance,GEM-24-INH-E001-U1-Diplomatic_Support,0.48,0.48,True,fixed parent identification and value transcription
inheritance,GEM-24-INH-E001-U1-Public_Opinion,0.48,0.48,True,fixed parent identification and value transcription
inheritance,GEM-24-INH-E001-U1-Leadership_Unity,0.45,0.45,True,fixed parent identification and value transcription
inheritance,GEM-24-INH-E002-U1-Tension,0.60,0.60,True,fixed parent identification and value transcription
inheritance,GEM-24-INH-E002-U1-Diplomatic_Support,0.40,0.40,True,fixed parent identification and value transcription
inheritance,GEM-24-INH-E002-U1-Public_Opinion,0.45,0.45,True,fixed parent identification and value transcription
inheritance,GEM-24-INH-E002-U1-Leadership_Unity,0.45,0.45,True,fixed parent identification and value transcription
inheritance,GEM-24-INH-E003-U1-Tension,0.65,0.65,True,fixed parent identification and value transcription
inheritance,GEM-24-INH-E003-U1-Diplomatic_Support,0.45,0.45,True,fixed parent identification and value transcription
inheritance,GEM-24-INH-E003-U1-Public_Opinion,0.45,0.45,True,fixed parent identification and value transcription
inheritance,GEM-24-INH-E003-U1-Leadership_Unity,0.40,0.40,True,fixed parent identification and value transcription
inheritance,GEM-24-INH-E004-U1-Tension,0.45,0.45,True,fixed parent identification and value transcription
inheritance,GEM-24-INH-E004-U1-Diplomatic_Support,0.60,0.60,True,fixed parent identification and value transcription
inheritance,GEM-24-INH-E004-U1-Public_Opinion,0.55,0.55,True,fixed parent identification and value transcription
inheritance,GEM-24-INH-E004-U1-Leadership_Unity,0.55,0.55,True,fixed parent identification and value transcription
inheritance,GEM-24-INH-E005-U1-Tension,0.45,0.45,True,fixed parent identification and value transcription
inheritance,GEM-24-INH-E005-U1-Diplomatic_Support,0.60,0.60,True,fixed parent identification and value transcription
inheritance,GEM-24-INH-E005-U1-Public_Opinion,0.55,0.55,True,fixed parent identification and value transcription
inheritance,GEM-24-INH-E005-U1-Leadership_Unity,0.55,0.55,True,fixed parent identification and value transcription
inheritance,GEM-24-INH-E006-U1-Tension,0.45,0.45,True,fixed parent identification and value transcription
inheritance,GEM-24-INH-E006-U1-Diplomatic_Support,0.60,0.60,True,fixed parent identification and value transcription
inheritance,GEM-24-INH-E006-U1-Public_Opinion,0.55,0.55,True,fixed parent identification and value transcription
inheritance,GEM-24-INH-E006-U1-Leadership_Unity,0.55,0.55,True,fixed parent identification and value transcription
inheritance,GEM-24-INH-E007-U1-Tension,0.50,0.50,True,fixed parent identification and value transcription
inheritance,GEM-24-INH-E007-U1-Diplomatic_Support,0.58,0.58,True,fixed parent identification and value transcription
inheritance,GEM-24-INH-E007-U1-Public_Opinion,0.53,0.53,True,fixed parent identification and value transcription
inheritance,GEM-24-INH-E007-U1-Leadership_Unity,0.50,0.50,True,fixed parent identification and value transcription
inheritance,GEM-24-INH-E008-U1-Tension,0.55,0.55,True,fixed parent identification and value transcription
inheritance,GEM-24-INH-E008-U1-Diplomatic_Support,0.50,0.50,True,fixed parent identification and value transcription
inheritance,GEM-24-INH-E008-U1-Public_Opinion,0.50,0.50,True,fixed parent identification and value transcription
inheritance,GEM-24-INH-E008-U1-Leadership_Unity,0.50,0.50,True,fixed parent identification and value transcription
inheritance,GEM-24-INH-E009-U1-Tension,0.80,0.80,True,fixed parent identification and value transcription
inheritance,GEM-24-INH-E009-U1-Diplomatic_Support,0.40,0.40,True,fixed parent identification and value transcription
inheritance,GEM-24-INH-E009-U1-Public_Opinion,0.40,0.40,True,fixed parent identification and value transcription
inheritance,GEM-24-INH-E009-U1-Leadership_Unity,0.30,0.30,True,fixed parent identification and value transcription
inheritance,GEM-24-INH-E010-U1-Tension,0.60,0.60,True,fixed parent identification and value transcription
inheritance,GEM-24-INH-E010-U1-Diplomatic_Support,0.55,0.55,True,fixed parent identification and value transcription
inheritance,GEM-24-INH-E010-U1-Public_Opinion,0.50,0.50,True,fixed parent identification and value transcription
inheritance,GEM-24-INH-E010-U1-Leadership_Unity,0.45,0.45,True,fixed parent identification and value transcription
inheritance,GEM-24-INH-E011-U1-Tension,0.40,0.40,True,fixed parent identification and value transcription
inheritance,GEM-24-INH-E011-U1-Diplomatic_Support,0.70,0.70,True,fixed parent identification and value transcription
inheritance,GEM-24-INH-E011-U1-Public_Opinion,0.60,0.60,True,fixed parent identification and value transcription
inheritance,GEM-24-INH-E011-U1-Leadership_Unity,0.60,0.60,True,fixed parent identification and value transcription
inheritance,GEM-24-INH-E012-U1-Tension,0.40,0.40,True,fixed parent identification and value transcription
inheritance,GEM-24-INH-E012-U1-Diplomatic_Support,0.70,0.70,True,fixed parent identification and value transcription
inheritance,GEM-24-INH-E012-U1-Public_Opinion,0.60,0.60,True,fixed parent identification and value transcription
inheritance,GEM-24-INH-E012-U1-Leadership_Unity,0.60,0.60,True,fixed parent identification and value transcription
inheritance,GEM-24-INH-E013-U1-Tension,0.50,0.50,True,fixed parent identification and value transcription
inheritance,GEM-24-INH-E013-U1-Diplomatic_Support,0.63,0.63,True,fixed parent identification and value transcription
inheritance,GEM-24-INH-E013-U1-Public_Opinion,0.48,0.48,True,fixed parent identification and value transcription
inheritance,GEM-24-INH-E013-U1-Leadership_Unity,0.45,0.45,True,fixed parent identification and value transcription
inheritance,GEM-24-INH-E014-U1-Tension,0.55,0.55,True,fixed parent identification and value transcription
inheritance,GEM-24-INH-E014-U1-Diplomatic_Support,0.55,0.55,True,fixed parent identification and value transcription
inheritance,GEM-24-INH-E014-U1-Public_Opinion,0.45,0.45,True,fixed parent identification and value transcription
inheritance,GEM-24-INH-E014-U1-Leadership_Unity,0.45,0.45,True,fixed parent identification and value transcription
inheritance,GEM-24-INH-E015-U1-Tension,0.95,0.95,True,fixed parent identification and value transcription
inheritance,GEM-24-INH-E015-U1-Diplomatic_Support,0.35,0.35,True,fixed parent identification and value transcription
inheritance,GEM-24-INH-E015-U1-Public_Opinion,0.35,0.35,True,fixed parent identification and value transcription
inheritance,GEM-24-INH-E015-U1-Leadership_Unity,0.20,0.20,True,fixed parent identification and value transcription
inheritance,GEM-24-INH-E016-U1-Tension,0.75,0.75,True,fixed parent identification and value transcription
inheritance,GEM-24-INH-E016-U1-Diplomatic_Support,0.50,0.50,True,fixed parent identification and value transcription
inheritance,GEM-24-INH-E016-U1-Public_Opinion,0.45,0.45,True,fixed parent identification and value transcription
inheritance,GEM-24-INH-E016-U1-Leadership_Unity,0.35,0.35,True,fixed parent identification and value transcription
inheritance,GEM-24-INH-E017-U1-Tension,0.40,0.40,True,fixed parent identification and value transcription
inheritance,GEM-24-INH-E017-U1-Diplomatic_Support,0.75,0.75,True,fixed parent identification and value transcription
inheritance,GEM-24-INH-E017-U1-Public_Opinion,0.55,0.55,True,fixed parent identification and value transcription
inheritance,GEM-24-INH-E017-U1-Leadership_Unity,0.55,0.55,True,fixed parent identification and value transcription
inheritance,GEM-24-INH-E018-U1-Tension,0.40,0.40,True,fixed parent identification and value transcription
inheritance,GEM-24-INH-E018-U1-Diplomatic_Support,0.75,0.75,True,fixed parent identification and value transcription
inheritance,GEM-24-INH-E018-U1-Public_Opinion,0.55,0.55,True,fixed parent identification and value transcription
inheritance,GEM-24-INH-E018-U1-Leadership_Unity,0.55,0.55,True,fixed parent identification and value transcription
inheritance,GEM-25-INH-E001-U1-Tension,0.8,0.8,True,fixed parent identification and value transcription
inheritance,GEM-25-INH-E002-U1-Tension,0.95,0.95,True,fixed parent identification and value transcription
inheritance,GEM-25-INH-E013-U1-Tension,0.90,0.90,True,fixed parent identification and value transcription
inheritance,GEM-25-INH-E014-U1-Tension,1.00,1.00,True,fixed parent identification and value transcription
inheritance,GEM-26-INH-E001-U1-Tension,0.525,0.525,True,fixed parent identification and value transcription
inheritance,GEM-26-INH-E001-U1-Diplomatic_Support,0.505,0.505,True,fixed parent identification and value transcription
inheritance,GEM-26-INH-E001-U1-Public_Opinion,0.5,0.5,True,fixed parent identification and value transcription
inheritance,GEM-26-INH-E001-U1-Leadership_Unity,0.725,0.725,True,fixed parent identification and value transcription
inheritance,GEM-26-INH-E002-U1-Tension,0.625,0.625,True,fixed parent identification and value transcription
inheritance,GEM-26-INH-E002-U1-Diplomatic_Support,0.475,0.475,True,fixed parent identification and value transcription
inheritance,GEM-26-INH-E002-U1-Public_Opinion,0.4,0.4,True,fixed parent identification and value transcription
inheritance,GEM-26-INH-E002-U1-Leadership_Unity,0.725,0.725,True,fixed parent identification and value transcription
inheritance,GEM-26-INH-E003-U1-Tension,0.375,0.375,True,fixed parent identification and value transcription
inheritance,GEM-26-INH-E003-U1-Diplomatic_Support,0.705,0.705,True,fixed parent identification and value transcription
inheritance,GEM-26-INH-E003-U1-Public_Opinion,0.5,0.5,True,fixed parent identification and value transcription
inheritance,GEM-26-INH-E003-U1-Leadership_Unity,0.725,0.725,True,fixed parent identification and value transcription
inheritance,GEM-26-INH-E004-U1-Tension,0.425,0.425,True,fixed parent identification and value transcription
inheritance,GEM-26-INH-E004-U1-Diplomatic_Support,0.655,0.655,True,fixed parent identification and value transcription
inheritance,GEM-26-INH-E004-U1-Public_Opinion,0.65,0.65,True,fixed parent identification and value transcription
inheritance,GEM-26-INH-E004-U1-Leadership_Unity,0.875,0.875,True,fixed parent identification and value transcription
inheritance,GEM-26-INH-E005-U1-Tension,0.825,0.825,True,fixed parent identification and value transcription
inheritance,GEM-26-INH-E005-U1-Diplomatic_Support,0.475,0.475,True,fixed parent identification and value transcription
inheritance,GEM-26-INH-E005-U1-Public_Opinion,0.45,0.45,True,fixed parent identification and value transcription
inheritance,GEM-26-INH-E005-U1-Leadership_Unity,0.725,0.725,True,fixed parent identification and value transcription
inheritance,GEM-26-INH-E006-U1-Tension,0.275,0.275,True,fixed parent identification and value transcription
inheritance,GEM-26-INH-E006-U1-Diplomatic_Support,0.905,0.905,True,fixed parent identification and value transcription
inheritance,GEM-26-INH-E006-U1-Public_Opinion,0.6,0.6,True,fixed parent identification and value transcription
inheritance,GEM-26-INH-E006-U1-Leadership_Unity,0.825,0.825,True,fixed parent identification and value transcription
inheritance,GEM-26-INH-E007-U1-Tension,0.625,0.625,True,fixed parent identification and value transcription
inheritance,GEM-26-INH-E007-U1-Diplomatic_Support,0.755,0.755,True,fixed parent identification and value transcription
inheritance,GEM-26-INH-E007-U1-Public_Opinion,0.75,0.75,True,fixed parent identification and value transcription
inheritance,GEM-26-INH-E007-U1-Leadership_Unity,0.925,0.925,True,fixed parent identification and value transcription
inheritance,GEM-26-INH-E008-U1-Tension,1.0,1.0,True,fixed parent identification and value transcription
inheritance,GEM-26-INH-E008-U1-Diplomatic_Support,0.375,0.375,True,fixed parent identification and value transcription
inheritance,GEM-26-INH-E008-U1-Public_Opinion,0.35,0.35,True,fixed parent identification and value transcription
inheritance,GEM-26-INH-E008-U1-Leadership_Unity,0.525,0.525,True,fixed parent identification and value transcription
inheritance,GEM-26-INH-E009-U1-Tension,0.275,0.275,True,fixed parent identification and value transcription
inheritance,GEM-26-INH-E009-U1-Diplomatic_Support,1.0,1.0,True,fixed parent identification and value transcription
inheritance,GEM-26-INH-E009-U1-Public_Opinion,0.7,0.7,True,fixed parent identification and value transcription
inheritance,GEM-26-INH-E009-U1-Leadership_Unity,0.925,0.925,True,fixed parent identification and value transcription
inheritance,GEM-27-INH-E001-U1-Tension,0.55,0.55,True,fixed parent identification and value transcription
inheritance,GEM-27-INH-E001-U1-Diplomatic_Support,0.48,0.48,True,fixed parent identification and value transcription
inheritance,GEM-27-INH-E001-U1-Public_Opinion,0.48,0.48,True,fixed parent identification and value transcription
inheritance,GEM-27-INH-E001-U1-Leadership_Unity,0.45,0.45,True,fixed parent identification and value transcription
inheritance,GEM-27-INH-E002-U1-Tension,0.65,0.65,True,fixed parent identification and value transcription
inheritance,GEM-27-INH-E002-U1-Diplomatic_Support,0.45,0.45,True,fixed parent identification and value transcription
inheritance,GEM-27-INH-E002-U1-Public_Opinion,0.45,0.45,True,fixed parent identification and value transcription
inheritance,GEM-27-INH-E002-U1-Leadership_Unity,0.40,0.40,True,fixed parent identification and value transcription
inheritance,GEM-27-INH-E004-U1-Tension,0.60,0.60,True,fixed parent identification and value transcription
inheritance,GEM-27-INH-E004-U1-Diplomatic_Support,0.46,0.46,True,fixed parent identification and value transcription
inheritance,GEM-27-INH-E004-U1-Public_Opinion,0.46,0.46,True,fixed parent identification and value transcription
inheritance,GEM-27-INH-E004-U1-Leadership_Unity,0.40,0.40,True,fixed parent identification and value transcription
inheritance,GEM-27-INH-E005-U1-Tension,0.80,0.80,True,fixed parent identification and value transcription
inheritance,GEM-27-INH-E005-U1-Diplomatic_Support,0.40,0.40,True,fixed parent identification and value transcription
inheritance,GEM-27-INH-E005-U1-Public_Opinion,0.40,0.40,True,fixed parent identification and value transcription
inheritance,GEM-27-INH-E005-U1-Leadership_Unity,0.30,0.30,True,fixed parent identification and value transcription
inheritance,GEM-27-INH-E006-U1-Tension,0.75,0.75,True,fixed parent identification and value transcription
inheritance,GEM-27-INH-E006-U1-Diplomatic_Support,0.41,0.41,True,fixed parent identification and value transcription
inheritance,GEM-27-INH-E006-U1-Public_Opinion,0.41,0.41,True,fixed parent identification and value transcription
inheritance,GEM-27-INH-E006-U1-Leadership_Unity,0.35,0.35,True,fixed parent identification and value transcription
inheritance,GEM-27-INH-E007-U1-Tension,0.75,0.75,True,fixed parent identification and value transcription
inheritance,GEM-27-INH-E007-U1-Diplomatic_Support,0.41,0.41,True,fixed parent identification and value transcription
inheritance,GEM-27-INH-E007-U1-Public_Opinion,0.41,0.41,True,fixed parent identification and value transcription
inheritance,GEM-27-INH-E007-U1-Leadership_Unity,0.30,0.30,True,fixed parent identification and value transcription
inheritance,GEM-28-INH-E014-U1-Diplomatic_Support,0.33,0.33,True,fixed parent identification and value transcription
inheritance,GEM-28-INH-E014-U1-Leadership_Unity,0.30,0.30,True,fixed parent identification and value transcription
inheritance,GEM-28-INH-E018-U1-Tension,0.85,0.85,True,fixed parent identification and value transcription
inheritance,GEM-28-INH-E018-U1-Leadership_Unity,0.30,0.30,True,fixed parent identification and value transcription
inheritance,GEM-29-INH-E015-U2-Tension,1.0,1.0,True,fixed parent identification and value transcription
inheritance,GEM-29-INH-E016-U2-Tension,1.0,1.0,True,fixed parent identification and value transcription
inheritance,GEM-30-INH-E003-U2-Diplomatic_Support,0.35,0.35,True,fixed parent identification and value transcription
inheritance,GEM-30-INH-E003-U2-Leadership_Unity,0.35,0.35,True,fixed parent identification and value transcription
inheritance,GPT-02-INH-E001-U1-Tension,1.00,1.00,True,fixed parent identification and value transcription
inheritance,GPT-02-INH-E001-U1-Diplomatic_Support,0.50,0.50,True,fixed parent identification and value transcription
inheritance,GPT-02-INH-E001-U1-Public_Opinion,1.00,1.00,True,fixed parent identification and value transcription
inheritance,GPT-02-INH-E001-U1-Leadership_Unity,1.00,1.00,True,fixed parent identification and value transcription
inheritance,GPT-02-INH-E001-U2-Tension,1.00,1.00,True,fixed parent identification and value transcription
inheritance,GPT-02-INH-E001-U2-Diplomatic_Support,0.50,0.50,True,fixed parent identification and value transcription
inheritance,GPT-02-INH-E001-U2-Public_Opinion,1.00,1.00,True,fixed parent identification and value transcription
inheritance,GPT-02-INH-E001-U2-Leadership_Unity,1.00,1.00,True,fixed parent identification and value transcription
inheritance,GPT-02-INH-E002-U1-Tension,0.45,0.45,True,fixed parent identification and value transcription
inheritance,GPT-02-INH-E002-U1-Diplomatic_Support,0.60,0.60,True,fixed parent identification and value transcription
inheritance,GPT-02-INH-E002-U1-Public_Opinion,1.00,1.00,True,fixed parent identification and value transcription
inheritance,GPT-02-INH-E002-U1-Leadership_Unity,0.55,0.55,True,fixed parent identification and value transcription
inheritance,GPT-02-INH-E002-U2-Tension,0.45,0.45,True,fixed parent identification and value transcription
inheritance,GPT-02-INH-E002-U2-Diplomatic_Support,0.60,0.60,True,fixed parent identification and value transcription
inheritance,GPT-02-INH-E002-U2-Public_Opinion,1.00,1.00,True,fixed parent identification and value transcription
inheritance,GPT-02-INH-E002-U2-Leadership_Unity,0.55,0.55,True,fixed parent identification and value transcription
inheritance,GPT-02-INH-E003-U1-Tension,0.60,0.60,True,fixed parent identification and value transcription
inheritance,GPT-02-INH-E003-U1-Diplomatic_Support,0.46,0.46,True,fixed parent identification and value transcription
inheritance,GPT-02-INH-E003-U1-Public_Opinion,0.46,0.46,True,fixed parent identification and value transcription
inheritance,GPT-02-INH-E003-U1-Leadership_Unity,0.40,0.40,True,fixed parent identification and value transcription
inheritance,GPT-02-INH-E004-U1-Tension,1.00,1.00,True,fixed parent identification and value transcription
inheritance,GPT-02-INH-E004-U1-Leadership_Unity,1.00,1.00,True,fixed parent identification and value transcription
inheritance,GPT-02-INH-E004-U2-Leadership_Unity,1.00,1.00,True,fixed parent identification and value transcription
inheritance,GPT-02-INH-E005-U1-Tension,0.40,0.40,True,fixed parent identification and value transcription
inheritance,GPT-02-INH-E005-U1-Diplomatic_Support,0.70,0.70,True,fixed parent identification and value transcription
inheritance,GPT-02-INH-E005-U1-Public_Opinion,1.00,1.00,True,fixed parent identification and value transcription
inheritance,GPT-02-INH-E005-U1-Leadership_Unity,0.60,0.60,True,fixed parent identification and value transcription
inheritance,GPT-02-INH-E005-U2-Tension,0.40,0.40,True,fixed parent identification and value transcription
inheritance,GPT-02-INH-E005-U2-Diplomatic_Support,0.70,0.70,True,fixed parent identification and value transcription
inheritance,GPT-02-INH-E005-U2-Public_Opinion,1.00,1.00,True,fixed parent identification and value transcription
inheritance,GPT-02-INH-E005-U2-Leadership_Unity,0.60,0.60,True,fixed parent identification and value transcription
inheritance,GPT-02-INH-E006-U1-Tension,1.00,1.00,True,fixed parent identification and value transcription
inheritance,GPT-02-INH-E006-U1-Diplomatic_Support,0.44,0.44,True,fixed parent identification and value transcription
inheritance,GPT-02-INH-E006-U1-Public_Opinion,0.44,0.44,True,fixed parent identification and value transcription
inheritance,GPT-02-INH-E006-U1-Leadership_Unity,1.00,1.00,True,fixed parent identification and value transcription
inheritance,GPT-02-INH-E006-U2-Tension,1.00,1.00,True,fixed parent identification and value transcription
inheritance,GPT-02-INH-E006-U2-Diplomatic_Support,0.44,0.44,True,fixed parent identification and value transcription
inheritance,GPT-02-INH-E006-U2-Public_Opinion,0.44,0.44,True,fixed parent identification and value transcription
inheritance,GPT-02-INH-E006-U2-Leadership_Unity,1.00,1.00,True,fixed parent identification and value transcription
inheritance,GPT-02-INH-E007-U1-Tension,1.00,1.00,True,fixed parent identification and value transcription
inheritance,GPT-02-INH-E007-U1-Diplomatic_Support,0.43,0.43,True,fixed parent identification and value transcription
inheritance,GPT-02-INH-E007-U1-Public_Opinion,0.93,0.93,True,fixed parent identification and value transcription
inheritance,GPT-02-INH-E007-U1-Leadership_Unity,0.85,0.85,True,fixed parent identification and value transcription
inheritance,GPT-02-INH-E007-U2-Tension,1.00,1.00,True,fixed parent identification and value transcription
inheritance,GPT-02-INH-E007-U2-Diplomatic_Support,0.43,0.43,True,fixed parent identification and value transcription
inheritance,GPT-02-INH-E007-U2-Public_Opinion,0.93,0.93,True,fixed parent identification and value transcription
inheritance,GPT-02-INH-E007-U2-Leadership_Unity,0.85,0.85,True,fixed parent identification and value transcription
inheritance,GPT-02-INH-E008-U1-Tension,0.35,0.35,True,fixed parent identification and value transcription
inheritance,GPT-02-INH-E008-U1-Diplomatic_Support,0.80,0.80,True,fixed parent identification and value transcription
inheritance,GPT-02-INH-E008-U1-Public_Opinion,1.00,1.00,True,fixed parent identification and value transcription
inheritance,GPT-02-INH-E008-U1-Leadership_Unity,0.65,0.65,True,fixed parent identification and value transcription
inheritance,GPT-02-INH-E008-U2-Tension,0.35,0.35,True,fixed parent identification and value transcription
inheritance,GPT-02-INH-E008-U2-Diplomatic_Support,0.80,0.80,True,fixed parent identification and value transcription
inheritance,GPT-02-INH-E008-U2-Leadership_Unity,0.65,0.65,True,fixed parent identification and value transcription
inheritance,GPT-02-INH-E009-U1-Tension,1.00,1.00,True,fixed parent identification and value transcription
inheritance,GPT-02-INH-E009-U1-Diplomatic_Support,0.37,0.37,True,fixed parent identification and value transcription
inheritance,GPT-02-INH-E009-U1-Public_Opinion,0.37,0.37,True,fixed parent identification and value transcription
inheritance,GPT-02-INH-E009-U1-Leadership_Unity,0.85,0.85,True,fixed parent identification and value transcription
inheritance,GPT-02-INH-E009-U2-Tension,1.00,1.00,True,fixed parent identification and value transcription
inheritance,GPT-02-INH-E009-U2-Diplomatic_Support,0.37,0.37,True,fixed parent identification and value transcription
inheritance,GPT-02-INH-E009-U2-Public_Opinion,0.37,0.37,True,fixed parent identification and value transcription
inheritance,GPT-02-INH-E009-U2-Leadership_Unity,0.85,0.85,True,fixed parent identification and value transcription
inheritance,GPT-03-INH-E001-U1-Tension,0.50,0.50,True,fixed parent identification and value transcription
inheritance,GPT-03-INH-E001-U1-Diplomatic_Support,0.58,0.58,True,fixed parent identification and value transcription
inheritance,GPT-03-INH-E001-U1-Public_Opinion,0.98,0.98,True,fixed parent identification and value transcription
inheritance,GPT-03-INH-E001-U1-Leadership_Unity,0.95,0.95,True,fixed parent identification and value transcription
inheritance,GPT-03-INH-E001-U2-Tension,0.50,0.50,True,fixed parent identification and value transcription
inheritance,GPT-03-INH-E001-U2-Diplomatic_Support,0.58,0.58,True,fixed parent identification and value transcription
inheritance,GPT-03-INH-E001-U2-Public_Opinion,0.98,0.98,True,fixed parent identification and value transcription
inheritance,GPT-03-INH-E001-U2-Leadership_Unity,0.95,0.95,True,fixed parent identification and value transcription
inheritance,GPT-03-INH-E002-U1-Tension,0.60,0.60,True,fixed parent identification and value transcription
inheritance,GPT-03-INH-E002-U1-Diplomatic_Support,0.00,0.00,True,fixed parent identification and value transcription
inheritance,GPT-03-INH-E002-U1-Public_Opinion,0.00,0.00,True,fixed parent identification and value transcription
inheritance,GPT-03-INH-E002-U1-Leadership_Unity,0.55,0.55,True,fixed parent identification and value transcription
inheritance,GPT-03-INH-E003-U1-Tension,0.00,0.00,True,fixed parent identification and value transcription
inheritance,GPT-03-INH-E003-U1-Diplomatic_Support,0.10,0.10,True,fixed parent identification and value transcription
inheritance,GPT-03-INH-E003-U1-Public_Opinion,0.05,0.05,True,fixed parent identification and value transcription
inheritance,GPT-03-INH-E003-U1-Leadership_Unity,0.05,0.05,True,fixed parent identification and value transcription
inheritance,GPT-03-INH-E004-U1-Tension,1.0,1.0,True,fixed parent identification and value transcription
inheritance,GPT-03-INH-E004-U1-Diplomatic_Support,0.58,0.58,True,fixed parent identification and value transcription
inheritance,GPT-03-INH-E004-U1-Public_Opinion,0.98,0.98,True,fixed parent identification and value transcription
inheritance,GPT-03-INH-E004-U1-Leadership_Unity,1.0,1.0,True,fixed parent identification and value transcription
inheritance,GPT-03-INH-E004-U2-Tension,1.0,1.0,True,fixed parent identification and value transcription
inheritance,GPT-03-INH-E004-U2-Diplomatic_Support,0.58,0.58,True,fixed parent identification and value transcription
inheritance,GPT-03-INH-E004-U2-Public_Opinion,0.98,0.98,True,fixed parent identification and value transcription
inheritance,GPT-03-INH-E004-U2-Leadership_Unity,1.0,1.0,True,fixed parent identification and value transcription
inheritance,GPT-03-INH-E005-U1-Tension,0.70,0.70,True,fixed parent identification and value transcription
inheritance,GPT-03-INH-E005-U1-Diplomatic_Support,0.00,0.00,True,fixed parent identification and value transcription
inheritance,GPT-03-INH-E005-U1-Public_Opinion,0.00,0.00,True,fixed parent identification and value transcription
inheritance,GPT-03-INH-E005-U1-Leadership_Unity,0.45,0.45,True,fixed parent identification and value transcription
inheritance,GPT-03-INH-E006-U1-Tension,0.00,0.00,True,fixed parent identification and value transcription
inheritance,GPT-03-INH-E006-U1-Diplomatic_Support,0.30,0.30,True,fixed parent identification and value transcription
inheritance,GPT-03-INH-E006-U1-Public_Opinion,0.15,0.15,True,fixed parent identification and value transcription
inheritance,GPT-03-INH-E006-U1-Leadership_Unity,0.15,0.15,True,fixed parent identification and value transcription
inheritance,GPT-03-INH-E007-U1-Tension,1.0,1.0,True,fixed parent identification and value transcription
inheritance,GPT-03-INH-E007-U1-Diplomatic_Support,0.53,0.53,True,fixed parent identification and value transcription
inheritance,GPT-03-INH-E007-U1-Public_Opinion,0.93,0.93,True,fixed parent identification and value transcription
inheritance,GPT-03-INH-E007-U1-Leadership_Unity,1.0,1.0,True,fixed parent identification and value transcription
inheritance,GPT-03-INH-E007-U2-Tension,1.0,1.0,True,fixed parent identification and value transcription
inheritance,GPT-03-INH-E007-U2-Diplomatic_Support,0.53,0.53,True,fixed parent identification and value transcription
inheritance,GPT-03-INH-E007-U2-Public_Opinion,0.93,0.93,True,fixed parent identification and value transcription
inheritance,GPT-03-INH-E007-U2-Leadership_Unity,1.0,1.0,True,fixed parent identification and value transcription
inheritance,GPT-03-INH-E008-U1-Tension,1.0,1.0,True,fixed parent identification and value transcription
inheritance,GPT-03-INH-E008-U1-Diplomatic_Support,0.0,0.0,True,fixed parent identification and value transcription
inheritance,GPT-03-INH-E008-U1-Public_Opinion,0.0,0.0,True,fixed parent identification and value transcription
inheritance,GPT-03-INH-E008-U1-Leadership_Unity,1.0,1.0,True,fixed parent identification and value transcription
inheritance,GPT-03-INH-E009-U1-Tension,0.00,0.00,True,fixed parent identification and value transcription
inheritance,GPT-03-INH-E009-U1-Diplomatic_Support,0.38,0.38,True,fixed parent identification and value transcription
inheritance,GPT-03-INH-E009-U1-Public_Opinion,0.18,0.18,True,fixed parent identification and value transcription
inheritance,GPT-03-INH-E009-U1-Leadership_Unity,0.15,0.15,True,fixed parent identification and value transcription
inheritance,GPT-04-INH-E001-U1-Tension,0.75,+0.75,True,fixed parent identification and value transcription
inheritance,GPT-04-INH-E001-U1-Leadership_Unity,0.80,+0.80,True,fixed parent identification and value transcription
inheritance,GPT-04-INH-E004-U1-Tension,1.0,1.0,True,fixed parent identification and value transcription
inheritance,GPT-04-INH-E004-U2-Diplomatic_Support,0.60,0.60,True,fixed parent identification and value transcription
inheritance,GPT-04-INH-E004-U2-Leadership_Unity,1.0,1.0,True,fixed parent identification and value transcription
inheritance,GPT-04-INH-E005-U1-Tension,0.00,0.00,True,fixed parent identification and value transcription
inheritance,GPT-04-INH-E005-U2-Diplomatic_Support,0.10,+0.10,True,fixed parent identification and value transcription
inheritance,GPT-04-INH-E005-U2-Public_Opinion,0.05,+0.05,True,fixed parent identification and value transcription
inheritance,GPT-04-INH-E005-U2-Leadership_Unity,0.05,+0.05,True,fixed parent identification and value transcription
inheritance,GPT-04-INH-E006-U1-Tension,0.60,0.60,True,fixed parent identification and value transcription
inheritance,GPT-04-INH-E006-U1-Diplomatic_Support,-0.07,-0.07,True,fixed parent identification and value transcription
inheritance,GPT-04-INH-E006-U1-Public_Opinion,-0.07,-0.07,True,fixed parent identification and value transcription
inheritance,GPT-04-INH-E006-U2-Tension,0.60,0.60,True,fixed parent identification and value transcription
inheritance,GPT-04-INH-E006-U2-Diplomatic_Support,-0.07,-0.07,True,fixed parent identification and value transcription
inheritance,GPT-04-INH-E006-U2-Public_Opinion,-0.07,-0.07,True,fixed parent identification and value transcription
inheritance,GPT-04-INH-E006-U2-Leadership_Unity,0.55,0.55,True,fixed parent identification and value transcription
inheritance,GPT-04-INH-E007-U1-Tension,1.00,1.00,True,fixed parent identification and value transcription
inheritance,GPT-04-INH-E007-U2-Diplomatic_Support,0.55,0.55,True,fixed parent identification and value transcription
inheritance,GPT-04-INH-E007-U2-Public_Opinion,-0.05,-0.05,True,fixed parent identification and value transcription
inheritance,GPT-04-INH-E007-U2-Leadership_Unity,1.00,1.00,True,fixed parent identification and value transcription
inheritance,GPT-04-INH-E008-U2-Diplomatic_Support,0.20,0.20,True,fixed parent identification and value transcription
inheritance,GPT-04-INH-E008-U2-Public_Opinion,0.10,0.10,True,fixed parent identification and value transcription
inheritance,GPT-04-INH-E008-U2-Leadership_Unity,0.10,0.10,True,fixed parent identification and value transcription
inheritance,GPT-04-INH-E009-U1-Tension,1.00,1.00,True,fixed parent identification and value transcription
inheritance,GPT-04-INH-E009-U1-Diplomatic_Support,-0.12,-0.12,True,fixed parent identification and value transcription
inheritance,GPT-04-INH-E009-U1-Public_Opinion,-0.12,-0.12,True,fixed parent identification and value transcription
inheritance,GPT-04-INH-E009-U2-Diplomatic_Support,-0.12,-0.12,True,fixed parent identification and value transcription
inheritance,GPT-04-INH-E009-U2-Public_Opinion,-0.12,-0.12,True,fixed parent identification and value transcription
inheritance,GPT-04-INH-E009-U2-Leadership_Unity,1.00,1.00,True,fixed parent identification and value transcription
inheritance,GPT-06-INH-E001-U1-Tension,0.75,+0.75,True,fixed parent identification and value transcription
inheritance,GPT-06-INH-E001-U1-Diplomatic_Support,0.60,+0.60,True,fixed parent identification and value transcription
inheritance,GPT-06-INH-E001-U1-Leadership_Unity,0.80,+0.80,True,fixed parent identification and value transcription
inheritance,GPT-06-INH-E002-U1-Tension,0.80,0.80,True,fixed parent identification and value transcription
inheritance,GPT-06-INH-E002-U1-Diplomatic_Support,0.65,0.65,True,fixed parent identification and value transcription
inheritance,GPT-06-INH-E002-U1-Public_Opinion,0.60,0.60,True,fixed parent identification and value transcription
inheritance,GPT-06-INH-E002-U1-Leadership_Unity,0.90,0.90,True,fixed parent identification and value transcription
inheritance,GPT-06-INH-E003-U1-Tension,1.0,1.0,True,fixed parent identification and value transcription
inheritance,GPT-06-INH-E003-U1-Diplomatic_Support,0.60,0.60,True,fixed parent identification and value transcription
inheritance,GPT-06-INH-E003-U1-Public_Opinion,0.55,0.55,True,fixed parent identification and value transcription
inheritance,GPT-06-INH-E003-U1-Leadership_Unity,0.95,0.95,True,fixed parent identification and value transcription
inheritance,GPT-07-INH-E001-U1-Tension,0.50,+0.50,True,fixed parent identification and value transcription
inheritance,GPT-07-INH-E001-U1-Public_Opinion,-0.02,-0.02,True,fixed parent identification and value transcription
inheritance,GPT-07-INH-E001-U1-Leadership_Unity,-0.05,-0.05,True,fixed parent identification and value transcription
inheritance,GPT-07-INH-E002-U1-Tension,-0.10,-0.10,True,fixed parent identification and value transcription
inheritance,GPT-07-INH-E002-U1-Diplomatic_Support,0.20,+0.20,True,fixed parent identification and value transcription
inheritance,GPT-07-INH-E002-U1-Public_Opinion,0.10,+0.10,True,fixed parent identification and value transcription
inheritance,GPT-07-INH-E003-U1-Tension,0.60,+0.60,True,fixed parent identification and value transcription
inheritance,GPT-07-INH-E003-U1-Public_Opinion,-0.05,-0.05,True,fixed parent identification and value transcription
inheritance,GPT-07-INH-E003-U1-Leadership_Unity,0.55,+0.55,True,fixed parent identification and value transcription
inheritance,GPT-07-INH-E004-U1-Tension,1.00,1.00,True,fixed parent identification and value transcription
inheritance,GPT-07-INH-E004-U1-Diplomatic_Support,-0.04,-0.04,True,fixed parent identification and value transcription
inheritance,GPT-07-INH-E004-U1-Public_Opinion,-0.04,-0.04,True,fixed parent identification and value transcription
inheritance,GPT-07-INH-E004-U1-Leadership_Unity,-0.10,-0.10,True,fixed parent identification and value transcription
inheritance,GPT-07-INH-E005-U1-Tension,-0.20,-0.20,True,fixed parent identification and value transcription
inheritance,GPT-07-INH-E005-U1-Diplomatic_Support,0.40,+0.40,True,fixed parent identification and value transcription
inheritance,GPT-07-INH-E005-U1-Public_Opinion,0.20,+0.20,True,fixed parent identification and value transcription
inheritance,GPT-07-INH-E005-U1-Leadership_Unity,0.20,+0.20,True,fixed parent identification and value transcription
inheritance,GPT-07-INH-E006-U1-Tension,1.10,1.10,True,fixed parent identification and value transcription
inheritance,GPT-07-INH-E006-U1-Diplomatic_Support,-0.07,-0.07,True,fixed parent identification and value transcription
inheritance,GPT-07-INH-E006-U1-Public_Opinion,-0.07,-0.07,True,fixed parent identification and value transcription
inheritance,GPT-07-INH-E006-U1-Leadership_Unity,0.50,+0.50,True,fixed parent identification and value transcription
inheritance,GPT-07-INH-E007-U1-Tension,1.10,1.10,True,fixed parent identification and value transcription
inheritance,GPT-07-INH-E007-U1-Diplomatic_Support,0.01,+0.01,True,fixed parent identification and value transcription
inheritance,GPT-07-INH-E007-U1-Public_Opinion,-0.04,-0.04,True,fixed parent identification and value transcription
inheritance,GPT-07-INH-E007-U1-Leadership_Unity,-0.20,-0.20,True,fixed parent identification and value transcription
inheritance,GPT-07-INH-E008-U1-Tension,-0.30,-0.30,True,fixed parent identification and value transcription
inheritance,GPT-07-INH-E008-U1-Diplomatic_Support,0.60,+0.60,True,fixed parent identification and value transcription
inheritance,GPT-07-INH-E008-U1-Public_Opinion,0.30,+0.30,True,fixed parent identification and value transcription
inheritance,GPT-07-INH-E008-U1-Leadership_Unity,0.30,+0.30,True,fixed parent identification and value transcription
inheritance,GPT-07-INH-E009-U1-Tension,1.70,1.70,True,fixed parent identification and value transcription
inheritance,GPT-07-INH-E009-U1-Diplomatic_Support,-0.12,-0.12,True,fixed parent identification and value transcription
inheritance,GPT-07-INH-E009-U1-Public_Opinion,-0.12,-0.12,True,fixed parent identification and value transcription
inheritance,GPT-07-INH-E009-U1-Leadership_Unity,0.40,+0.40,True,fixed parent identification and value transcription
inheritance,GPT-08-INH-E001-U1-Tension,1.00,1.00,True,fixed parent identification and value transcription
inheritance,GPT-08-INH-E001-U1-Diplomatic_Support,0.48,0.48,True,fixed parent identification and value transcription
inheritance,GPT-08-INH-E001-U1-Public_Opinion,0.48,0.48,True,fixed parent identification and value transcription
inheritance,GPT-08-INH-E001-U1-Leadership_Unity,0.45,0.45,True,fixed parent identification and value transcription
inheritance,GPT-08-INH-E002-U1-Tension,1.00,1.00,True,fixed parent identification and value transcription
inheritance,GPT-08-INH-E002-U1-Diplomatic_Support,0.45,0.45,True,fixed parent identification and value transcription
inheritance,GPT-08-INH-E002-U1-Public_Opinion,0.45,0.45,True,fixed parent identification and value transcription
inheritance,GPT-08-INH-E002-U1-Leadership_Unity,1.00,1.00,True,fixed parent identification and value transcription
inheritance,GPT-08-INH-E003-U1-Tension,0.40,0.40,True,fixed parent identification and value transcription
inheritance,GPT-08-INH-E003-U1-Diplomatic_Support,0.70,0.70,True,fixed parent identification and value transcription
inheritance,GPT-08-INH-E003-U1-Public_Opinion,0.60,0.60,True,fixed parent identification and value transcription
inheritance,GPT-08-INH-E003-U1-Leadership_Unity,0.60,0.60,True,fixed parent identification and value transcription
inheritance,GPT-08-INH-E004-U1-Tension,1.00,1.00,True,fixed parent identification and value transcription
inheritance,GPT-08-INH-E004-U1-Diplomatic_Support,0.46,0.46,True,fixed parent identification and value transcription
inheritance,GPT-08-INH-E004-U1-Public_Opinion,0.58,0.58,True,fixed parent identification and value transcription
inheritance,GPT-08-INH-E004-U1-Leadership_Unity,0.45,0.45,True,fixed parent identification and value transcription
inheritance,GPT-08-INH-E004-U2-Tension,1.00,1.00,True,fixed parent identification and value transcription
inheritance,GPT-08-INH-E004-U2-Diplomatic_Support,0.46,0.46,True,fixed parent identification and value transcription
inheritance,GPT-08-INH-E004-U2-Public_Opinion,0.58,0.58,True,fixed parent identification and value transcription
inheritance,GPT-08-INH-E004-U2-Leadership_Unity,0.45,0.45,True,fixed parent identification and value transcription
inheritance,GPT-08-INH-E005-U1-Tension,1.00,1.00,True,fixed parent identification and value transcription
inheritance,GPT-08-INH-E005-U1-Diplomatic_Support,0.45,0.45,True,fixed parent identification and value transcription
inheritance,GPT-08-INH-E005-U1-Public_Opinion,0.45,0.45,True,fixed parent identification and value transcription
inheritance,GPT-08-INH-E005-U1-Leadership_Unity,1.00,1.00,True,fixed parent identification and value transcription
inheritance,GPT-08-INH-E005-U2-Tension,1.00,1.00,True,fixed parent identification and value transcription
inheritance,GPT-08-INH-E005-U2-Diplomatic_Support,0.45,0.45,True,fixed parent identification and value transcription
inheritance,GPT-08-INH-E005-U2-Public_Opinion,0.45,0.45,True,fixed parent identification and value transcription
inheritance,GPT-08-INH-E005-U2-Leadership_Unity,1.00,1.00,True,fixed parent identification and value transcription
inheritance,GPT-08-INH-E006-U1-Tension,0.30,0.30,True,fixed parent identification and value transcription
inheritance,GPT-08-INH-E006-U1-Diplomatic_Support,0.90,0.90,True,fixed parent identification and value transcription
inheritance,GPT-08-INH-E006-U1-Public_Opinion,0.70,0.70,True,fixed parent identification and value transcription
inheritance,GPT-08-INH-E006-U1-Leadership_Unity,0.70,0.70,True,fixed parent identification and value transcription
inheritance,GPT-08-INH-E006-U2-Tension,0.30,0.30,True,fixed parent identification and value transcription
inheritance,GPT-08-INH-E006-U2-Diplomatic_Support,0.90,0.90,True,fixed parent identification and value transcription
inheritance,GPT-08-INH-E006-U2-Public_Opinion,0.70,0.70,True,fixed parent identification and value transcription
inheritance,GPT-08-INH-E006-U2-Leadership_Unity,0.70,0.70,True,fixed parent identification and value transcription
inheritance,GPT-08-INH-E007-U1-Tension,1.00,1.00,True,fixed parent identification and value transcription
inheritance,GPT-08-INH-E007-U1-Diplomatic_Support,0.31,0.31,True,fixed parent identification and value transcription
inheritance,GPT-08-INH-E007-U1-Public_Opinion,0.48,0.48,True,fixed parent identification and value transcription
inheritance,GPT-08-INH-E007-U1-Leadership_Unity,0.30,0.30,True,fixed parent identification and value transcription
inheritance,GPT-08-INH-E007-U2-Tension,1.00,1.00,True,fixed parent identification and value transcription
inheritance,GPT-08-INH-E007-U2-Diplomatic_Support,0.31,0.31,True,fixed parent identification and value transcription
inheritance,GPT-08-INH-E007-U2-Public_Opinion,0.48,0.48,True,fixed parent identification and value transcription
inheritance,GPT-08-INH-E007-U2-Leadership_Unity,0.30,0.30,True,fixed parent identification and value transcription
inheritance,GPT-08-INH-E008-U1-Tension,1.00,1.00,True,fixed parent identification and value transcription
inheritance,GPT-08-INH-E008-U1-Diplomatic_Support,0.38,0.38,True,fixed parent identification and value transcription
inheritance,GPT-08-INH-E008-U1-Public_Opinion,0.38,0.38,True,fixed parent identification and value transcription
inheritance,GPT-08-INH-E008-U1-Leadership_Unity,0.85,0.85,True,fixed parent identification and value transcription
inheritance,GPT-08-INH-E008-U2-Tension,1.00,1.00,True,fixed parent identification and value transcription
inheritance,GPT-08-INH-E008-U2-Diplomatic_Support,0.38,0.38,True,fixed parent identification and value transcription
inheritance,GPT-08-INH-E008-U2-Public_Opinion,0.38,0.38,True,fixed parent identification and value transcription
inheritance,GPT-08-INH-E008-U2-Leadership_Unity,0.85,0.85,True,fixed parent identification and value transcription
inheritance,GPT-08-INH-E009-U1-Tension,0.20,0.20,True,fixed parent identification and value transcription
inheritance,GPT-08-INH-E009-U1-Diplomatic_Support,1.00,1.00,True,fixed parent identification and value transcription
inheritance,GPT-08-INH-E009-U1-Public_Opinion,0.80,0.80,True,fixed parent identification and value transcription
inheritance,GPT-08-INH-E009-U1-Leadership_Unity,0.80,0.80,True,fixed parent identification and value transcription
inheritance,GPT-08-INH-E009-U2-Tension,0.20,0.20,True,fixed parent identification and value transcription
inheritance,GPT-08-INH-E009-U2-Diplomatic_Support,1.00,1.00,True,fixed parent identification and value transcription
inheritance,GPT-08-INH-E009-U2-Public_Opinion,0.80,0.80,True,fixed parent identification and value transcription
inheritance,GPT-08-INH-E009-U2-Leadership_Unity,0.80,0.80,True,fixed parent identification and value transcription
inheritance,GPT-09-INH-E004-U1-Tension,0.55,0.55,True,fixed parent identification and value transcription
inheritance,GPT-09-INH-E004-U2-Tension,0.55,0.55,True,fixed parent identification and value transcription
inheritance,GPT-09-INH-E005-U1-Tension,-0.10,-0.10,True,fixed parent identification and value transcription
inheritance,GPT-09-INH-E005-U2-Tension,-0.10,-0.10,True,fixed parent identification and value transcription
inheritance,GPT-09-INH-E006-U1-Tension,1.00,1.00,True,fixed parent identification and value transcription
inheritance,GPT-09-INH-E007-U1-Tension,0.50,0.50,True,fixed parent identification and value transcription
inheritance,GPT-09-INH-E008-U1-Tension,-0.20,-0.20,True,fixed parent identification and value transcription
inheritance,GPT-09-INH-E008-U2-Tension,-0.20,-0.20,True,fixed parent identification and value transcription
inheritance,GPT-09-INH-E009-U1-Tension,1.00,1.00,True,fixed parent identification and value transcription
inheritance,GPT-10-INH-E001-U1-Tension,0.50,0.50,True,fixed parent identification and value transcription
inheritance,GPT-10-INH-E001-U1-Diplomatic_Support,0.58,0.58,True,fixed parent identification and value transcription
inheritance,GPT-10-INH-E001-U1-Public_Opinion,0.00,0.00,True,fixed parent identification and value transcription
inheritance,GPT-10-INH-E001-U1-Leadership_Unity,0.75,0.75,True,fixed parent identification and value transcription
inheritance,GPT-10-INH-E001-U2-Tension,0.50,0.50,True,fixed parent identification and value transcription
inheritance,GPT-10-INH-E001-U2-Diplomatic_Support,0.58,0.58,True,fixed parent identification and value transcription
inheritance,GPT-10-INH-E001-U2-Public_Opinion,0.00,0.00,True,fixed parent identification and value transcription
inheritance,GPT-10-INH-E001-U2-Leadership_Unity,0.75,0.75,True,fixed parent identification and value transcription
inheritance,GPT-10-INH-E002-U1-Tension,0.00,0.00,True,fixed parent identification and value transcription
inheritance,GPT-10-INH-E002-U1-Diplomatic_Support,0.20,0.20,True,fixed parent identification and value transcription
inheritance,GPT-10-INH-E002-U1-Public_Opinion,0.10,0.10,True,fixed parent identification and value transcription
inheritance,GPT-10-INH-E002-U1-Leadership_Unity,0.85,0.85,True,fixed parent identification and value transcription
inheritance,GPT-10-INH-E002-U2-Tension,0.00,0.00,True,fixed parent identification and value transcription
inheritance,GPT-10-INH-E002-U2-Diplomatic_Support,0.20,0.20,True,fixed parent identification and value transcription
inheritance,GPT-10-INH-E002-U2-Public_Opinion,0.10,0.10,True,fixed parent identification and value transcription
inheritance,GPT-10-INH-E002-U2-Leadership_Unity,0.85,0.85,True,fixed parent identification and value transcription
inheritance,GPT-10-INH-E003-U1-Tension,0.55,0.55,True,fixed parent identification and value transcription
inheritance,GPT-10-INH-E003-U1-Diplomatic_Support,0.56,0.56,True,fixed parent identification and value transcription
inheritance,GPT-10-INH-E003-U1-Public_Opinion,0.00,0.00,True,fixed parent identification and value transcription
inheritance,GPT-10-INH-E003-U1-Leadership_Unity,0.70,0.70,True,fixed parent identification and value transcription
inheritance,GPT-10-INH-E003-U2-Tension,0.55,0.55,True,fixed parent identification and value transcription
inheritance,GPT-10-INH-E003-U2-Diplomatic_Support,0.56,0.56,True,fixed parent identification and value transcription
inheritance,GPT-10-INH-E003-U2-Public_Opinion,0.00,0.00,True,fixed parent identification and value transcription
inheritance,GPT-10-INH-E003-U2-Leadership_Unity,0.70,0.70,True,fixed parent identification and value transcription
inheritance,GPT-10-INH-E004-U1-Tension,0.00,0.00,True,fixed parent identification and value transcription
inheritance,GPT-10-INH-E004-U1-Diplomatic_Support,0.30,0.30,True,fixed parent identification and value transcription
inheritance,GPT-10-INH-E004-U1-Public_Opinion,0.15,0.15,True,fixed parent identification and value transcription
inheritance,GPT-10-INH-E004-U1-Leadership_Unity,0.90,0.90,True,fixed parent identification and value transcription
inheritance,GPT-10-INH-E005-U1-Tension,0.50,0.50,True,fixed parent identification and value transcription
inheritance,GPT-10-INH-E005-U1-Diplomatic_Support,0.66,0.66,True,fixed parent identification and value transcription
inheritance,GPT-10-INH-E005-U1-Public_Opinion,0.05,0.05,True,fixed parent identification and value transcription
inheritance,GPT-10-INH-E005-U1-Leadership_Unity,0.75,0.75,True,fixed parent identification and value transcription
inheritance,GPT-10-INH-E006-U1-Tension,0.00,0.00,True,fixed parent identification and value transcription
inheritance,GPT-10-INH-E006-U1-Diplomatic_Support,0.40,0.40,True,fixed parent identification and value transcription
inheritance,GPT-10-INH-E006-U1-Public_Opinion,0.20,0.20,True,fixed parent identification and value transcription
inheritance,GPT-10-INH-E006-U1-Leadership_Unity,0.95,0.95,True,fixed parent identification and value transcription
inheritance,GPT-10-INH-E007-U1-Tension,1.00,1.00,True,fixed parent identification and value transcription
inheritance,GPT-10-INH-E007-U1-Diplomatic_Support,0.00,0.00,True,fixed parent identification and value transcription
inheritance,GPT-10-INH-E007-U1-Public_Opinion,0.00,0.00,True,fixed parent identification and value transcription
inheritance,GPT-10-INH-E008-U1-Leadership_Unity,0.70,0.70,True,fixed parent identification and value transcription
inheritance,GPT-10-INH-E009-U1-Leadership_Unity,1.00,1.00,True,fixed parent identification and value transcription
inheritance,GPT-10-INH-E010-U1-Tension,1.00,1.00,True,fixed parent identification and value transcription
inheritance,GPT-10-INH-E010-U1-Diplomatic_Support,0.00,0.00,True,fixed parent identification and value transcription
inheritance,GPT-10-INH-E010-U1-Public_Opinion,0.00,0.00,True,fixed parent identification and value transcription
inheritance,GPT-10-INH-E011-U1-Leadership_Unity,0.60,0.60,True,fixed parent identification and value transcription
inheritance,GPT-10-INH-E012-U1-Leadership_Unity,1.00,1.00,True,fixed parent identification and value transcription
inheritance,GPT-10-INH-E013-U1-Tension,1.00,1.00,True,fixed parent identification and value transcription
inheritance,GPT-10-INH-E013-U1-Diplomatic_Support,0.00,0.00,True,fixed parent identification and value transcription
inheritance,GPT-10-INH-E013-U1-Public_Opinion,0.00,0.00,True,fixed parent identification and value transcription
inheritance,GPT-10-INH-E014-U1-Leadership_Unity,0.50,0.50,True,fixed parent identification and value transcription
inheritance,GPT-10-INH-E015-U1-Leadership_Unity,1.00,1.00,True,fixed parent identification and value transcription
inheritance,GPT-11-INH-E001-U1-Tension,0.95,0.95,True,fixed parent identification and value transcription
inheritance,GPT-11-INH-E001-U1-Diplomatic_Support,-0.02,-0.02,True,fixed parent identification and value transcription
inheritance,GPT-11-INH-E001-U1-Public_Opinion,-0.02,-0.02,True,fixed parent identification and value transcription
inheritance,GPT-11-INH-E001-U1-Leadership_Unity,0.60,0.60,True,fixed parent identification and value transcription
inheritance,GPT-11-INH-E001-U2-Tension,0.95,0.95,True,fixed parent identification and value transcription
inheritance,GPT-11-INH-E001-U2-Diplomatic_Support,-0.02,-0.02,True,fixed parent identification and value transcription
inheritance,GPT-11-INH-E001-U2-Public_Opinion,-0.02,-0.02,True,fixed parent identification and value transcription
inheritance,GPT-11-INH-E001-U2-Leadership_Unity,0.60,0.60,True,fixed parent identification and value transcription
inheritance,GPT-11-INH-E002-U1-Tension,0.00,0.00,True,fixed parent identification and value transcription
inheritance,GPT-11-INH-E002-U1-Diplomatic_Support,0.00,0.00,True,fixed parent identification and value transcription
inheritance,GPT-11-INH-E002-U1-Public_Opinion,0.00,0.00,True,fixed parent identification and value transcription
inheritance,GPT-11-INH-E002-U1-Leadership_Unity,0.00,0.00,True,fixed parent identification and value transcription
inheritance,GPT-11-INH-E002-U2-Tension,0.00,0.00,True,fixed parent identification and value transcription
inheritance,GPT-11-INH-E002-U2-Diplomatic_Support,0.00,0.00,True,fixed parent identification and value transcription
inheritance,GPT-11-INH-E002-U2-Public_Opinion,0.00,0.00,True,fixed parent identification and value transcription
inheritance,GPT-11-INH-E002-U2-Leadership_Unity,0.00,0.00,True,fixed parent identification and value transcription
inheritance,GPT-11-INH-E003-U1-Tension,0.60,0.60,True,fixed parent identification and value transcription
inheritance,GPT-11-INH-E003-U1-Diplomatic_Support,-0.05,-0.05,True,fixed parent identification and value transcription
inheritance,GPT-11-INH-E003-U1-Public_Opinion,-0.05,-0.05,True,fixed parent identification and value transcription
inheritance,GPT-11-INH-E003-U1-Leadership_Unity,0.55,0.55,True,fixed parent identification and value transcription
inheritance,GPT-11-INH-E003-U2-Tension,0.60,0.60,True,fixed parent identification and value transcription
inheritance,GPT-11-INH-E003-U2-Diplomatic_Support,-0.05,-0.05,True,fixed parent identification and value transcription
inheritance,GPT-11-INH-E003-U2-Public_Opinion,-0.05,-0.05,True,fixed parent identification and value transcription
inheritance,GPT-11-INH-E003-U2-Leadership_Unity,0.55,0.55,True,fixed parent identification and value transcription
inheritance,GPT-11-INH-E004-U1-Tension,1.00,1.00,True,fixed parent identification and value transcription
inheritance,GPT-11-INH-E004-U1-Diplomatic_Support,0,0,True,fixed parent identification and value transcription
inheritance,GPT-11-INH-E004-U1-Public_Opinion,0,0,True,fixed parent identification and value transcription
inheritance,GPT-11-INH-E004-U1-Leadership_Unity,1.00,1.00,True,fixed parent identification and value transcription
inheritance,GPT-11-INH-E004-U2-Diplomatic_Support,0,0,True,fixed parent identification and value transcription
inheritance,GPT-11-INH-E004-U2-Public_Opinion,0,0,True,fixed parent identification and value transcription
inheritance,GPT-11-INH-E004-U2-Leadership_Unity,1.00,1.00,True,fixed parent identification and value transcription
inheritance,GPT-11-INH-E005-U1-Tension,0.00,0.00,True,fixed parent identification and value transcription
inheritance,GPT-11-INH-E005-U1-Diplomatic_Support,0.20,0.20,True,fixed parent identification and value transcription
inheritance,GPT-11-INH-E005-U1-Public_Opinion,0.10,0.10,True,fixed parent identification and value transcription
inheritance,GPT-11-INH-E005-U1-Leadership_Unity,0.10,0.10,True,fixed parent identification and value transcription
inheritance,GPT-11-INH-E006-U1-Tension,1.00,1.00,True,fixed parent identification and value transcription
inheritance,GPT-11-INH-E006-U1-Diplomatic_Support,0.00,0.00,True,fixed parent identification and value transcription
inheritance,GPT-11-INH-E006-U1-Public_Opinion,0.00,0.00,True,fixed parent identification and value transcription
inheritance,GPT-11-INH-E006-U1-Leadership_Unity,1.00,1.00,True,fixed parent identification and value transcription
inheritance,GPT-11-INH-E006-U2-Leadership_Unity,1.00,1.00,True,fixed parent identification and value transcription
inheritance,GPT-11-INH-E007-U1-Tension,1.00,1.00,True,fixed parent identification and value transcription
inheritance,GPT-11-INH-E007-U1-Diplomatic_Support,0.00,0.00,True,fixed parent identification and value transcription
inheritance,GPT-11-INH-E007-U1-Public_Opinion,0.00,0.00,True,fixed parent identification and value transcription
inheritance,GPT-11-INH-E007-U1-Leadership_Unity,1.00,1.00,True,fixed parent identification and value transcription
inheritance,GPT-11-INH-E007-U2-Tension,1.00,1.00,True,fixed parent identification and value transcription
inheritance,GPT-11-INH-E007-U2-Diplomatic_Support,0.00,0.00,True,fixed parent identification and value transcription
inheritance,GPT-11-INH-E007-U2-Public_Opinion,0.00,0.00,True,fixed parent identification and value transcription
inheritance,GPT-11-INH-E007-U2-Leadership_Unity,1.00,1.00,True,fixed parent identification and value transcription
inheritance,GPT-11-INH-E008-U1-Tension,0.10,0.10,True,fixed parent identification and value transcription
inheritance,GPT-11-INH-E008-U1-Diplomatic_Support,0.10,0.10,True,fixed parent identification and value transcription
inheritance,GPT-11-INH-E008-U1-Public_Opinion,0.05,0.05,True,fixed parent identification and value transcription
inheritance,GPT-11-INH-E008-U1-Leadership_Unity,0.05,0.05,True,fixed parent identification and value transcription
inheritance,GPT-11-INH-E008-U2-Tension,0.10,0.10,True,fixed parent identification and value transcription
inheritance,GPT-11-INH-E008-U2-Diplomatic_Support,0.10,0.10,True,fixed parent identification and value transcription
inheritance,GPT-11-INH-E008-U2-Public_Opinion,0.05,0.05,True,fixed parent identification and value transcription
inheritance,GPT-11-INH-E008-U2-Leadership_Unity,0.05,0.05,True,fixed parent identification and value transcription
inheritance,GPT-11-INH-E009-U1-Tension,1.00,1.00,True,fixed parent identification and value transcription
inheritance,GPT-11-INH-E009-U1-Diplomatic_Support,0.00,0.00,True,fixed parent identification and value transcription
inheritance,GPT-11-INH-E009-U1-Public_Opinion,0.00,0.00,True,fixed parent identification and value transcription
inheritance,GPT-11-INH-E009-U1-Leadership_Unity,1.00,1.00,True,fixed parent identification and value transcription
inheritance,GPT-11-INH-E009-U2-Tension,1.00,1.00,True,fixed parent identification and value transcription
inheritance,GPT-11-INH-E009-U2-Diplomatic_Support,0.00,0.00,True,fixed parent identification and value transcription
inheritance,GPT-11-INH-E009-U2-Public_Opinion,0.00,0.00,True,fixed parent identification and value transcription
inheritance,GPT-11-INH-E009-U2-Leadership_Unity,1.00,1.00,True,fixed parent identification and value transcription
inheritance,GPT-12-INH-E001-U1-Tension,1.00,1.00,True,fixed parent identification and value transcription
inheritance,GPT-12-INH-E001-U1-Diplomatic_Support,0.58,0.58,True,fixed parent identification and value transcription
inheritance,GPT-12-INH-E001-U1-Public_Opinion,0.68,0.68,True,fixed parent identification and value transcription
inheritance,GPT-12-INH-E001-U1-Leadership_Unity,0.75,0.75,True,fixed parent identification and value transcription
inheritance,GPT-12-INH-E001-U2-Diplomatic_Support,0.58,0.58,True,fixed parent identification and value transcription
inheritance,GPT-12-INH-E001-U2-Public_Opinion,0.68,0.68,True,fixed parent identification and value transcription
inheritance,GPT-12-INH-E001-U2-Leadership_Unity,0.75,0.75,True,fixed parent identification and value transcription
inheritance,GPT-12-INH-E001-U3-Diplomatic_Support,0.58,0.58,True,fixed parent identification and value transcription
inheritance,GPT-12-INH-E001-U3-Public_Opinion,0.68,0.68,True,fixed parent identification and value transcription
inheritance,GPT-12-INH-E001-U3-Leadership_Unity,0.75,0.75,True,fixed parent identification and value transcription
inheritance,GPT-12-INH-E001-U4-Diplomatic_Support,0.58,0.58,True,fixed parent identification and value transcription
inheritance,GPT-12-INH-E001-U4-Public_Opinion,0.68,0.68,True,fixed parent identification and value transcription
inheritance,GPT-12-INH-E001-U4-Leadership_Unity,0.75,0.75,True,fixed parent identification and value transcription
inheritance,GPT-12-INH-E002-U1-Tension,1.00,1.00,True,fixed parent identification and value transcription
inheritance,GPT-12-INH-E002-U1-Diplomatic_Support,0.61,0.61,True,fixed parent identification and value transcription
inheritance,GPT-12-INH-E002-U1-Public_Opinion,0.76,0.76,True,fixed parent identification and value transcription
inheritance,GPT-12-INH-E002-U1-Leadership_Unity,0.80,0.80,True,fixed parent identification and value transcription
inheritance,GPT-12-INH-E002-U2-Tension,1.00,1.00,True,fixed parent identification and value transcription
inheritance,GPT-12-INH-E002-U2-Diplomatic_Support,0.61,0.61,True,fixed parent identification and value transcription
inheritance,GPT-12-INH-E002-U2-Public_Opinion,0.76,0.76,True,fixed parent identification and value transcription
inheritance,GPT-12-INH-E002-U2-Leadership_Unity,0.80,0.80,True,fixed parent identification and value transcription
inheritance,GPT-12-INH-E002-U3-Diplomatic_Support,0.61,0.61,True,fixed parent identification and value transcription
inheritance,GPT-12-INH-E002-U3-Public_Opinion,0.76,0.76,True,fixed parent identification and value transcription
inheritance,GPT-12-INH-E002-U3-Leadership_Unity,0.80,0.80,True,fixed parent identification and value transcription
inheritance,GPT-12-INH-E003-U1-Tension,1.00,1.00,True,fixed parent identification and value transcription
inheritance,GPT-12-INH-E003-U1-Diplomatic_Support,0.66,0.66,True,fixed parent identification and value transcription
inheritance,GPT-12-INH-E003-U1-Public_Opinion,0.76,0.76,True,fixed parent identification and value transcription
inheritance,GPT-12-INH-E003-U1-Leadership_Unity,0.75,0.75,True,fixed parent identification and value transcription
inheritance,GPT-12-INH-E003-U2-Tension,1.00,1.00,True,fixed parent identification and value transcription
inheritance,GPT-12-INH-E003-U2-Diplomatic_Support,0.66,0.66,True,fixed parent identification and value transcription
inheritance,GPT-12-INH-E003-U2-Public_Opinion,0.76,0.76,True,fixed parent identification and value transcription
inheritance,GPT-12-INH-E003-U2-Leadership_Unity,0.75,0.75,True,fixed parent identification and value transcription
inheritance,GPT-12-INH-E003-U3-Diplomatic_Support,0.66,0.66,True,fixed parent identification and value transcription
inheritance,GPT-12-INH-E003-U3-Public_Opinion,0.76,0.76,True,fixed parent identification and value transcription
inheritance,GPT-12-INH-E003-U3-Leadership_Unity,0.75,0.75,True,fixed parent identification and value transcription
inheritance,GPT-14-INH-E001-U1-Tension,0.95,0.95,True,fixed parent identification and value transcription
inheritance,GPT-14-INH-E001-U1-Diplomatic_Support,1.0,1.0,True,fixed parent identification and value transcription
inheritance,GPT-14-INH-E001-U1-Public_Opinion,0.46,0.46,True,fixed parent identification and value transcription
inheritance,GPT-14-INH-E001-U1-Leadership_Unity,0.55,0.55,True,fixed parent identification and value transcription
inheritance,GPT-14-INH-E002-U1-Tension,0.20,0.20,True,fixed parent identification and value transcription
inheritance,GPT-14-INH-E002-U1-Diplomatic_Support,0.93,0.93,True,fixed parent identification and value transcription
inheritance,GPT-14-INH-E002-U1-Public_Opinion,0.39,0.39,True,fixed parent identification and value transcription
inheritance,GPT-14-INH-E002-U1-Leadership_Unity,0.40,0.40,True,fixed parent identification and value transcription
inheritance,GPT-14-INH-E003-U1-Tension,0.90,0.90,True,fixed parent identification and value transcription
inheritance,GPT-14-INH-E003-U1-Diplomatic_Support,1.0,1.0,True,fixed parent identification and value transcription
inheritance,GPT-14-INH-E003-U1-Public_Opinion,1.0,1.0,True,fixed parent identification and value transcription
inheritance,GPT-14-INH-E003-U1-Leadership_Unity,0.65,0.65,True,fixed parent identification and value transcription
inheritance,GPT-14-INH-E004-U1-Tension,1.0,1.0,True,fixed parent identification and value transcription
inheritance,GPT-14-INH-E004-U1-Diplomatic_Support,0.96,0.96,True,fixed parent identification and value transcription
inheritance,GPT-14-INH-E004-U1-Public_Opinion,0.96,0.96,True,fixed parent identification and value transcription
inheritance,GPT-14-INH-E004-U1-Leadership_Unity,0.55,0.55,True,fixed parent identification and value transcription
inheritance,GPT-14-INH-E005-U1-Tension,0.30,0.30,True,fixed parent identification and value transcription
inheritance,GPT-14-INH-E005-U1-Diplomatic_Support,0.89,0.89,True,fixed parent identification and value transcription
inheritance,GPT-14-INH-E005-U1-Public_Opinion,0.87,0.87,True,fixed parent identification and value transcription
inheritance,GPT-14-INH-E005-U1-Leadership_Unity,0.30,0.30,True,fixed parent identification and value transcription
inheritance,GPT-14-INH-E006-U1-Tension,0.80,0.80,True,fixed parent identification and value transcription
inheritance,GPT-14-INH-E006-U1-Diplomatic_Support,1.0,1.0,True,fixed parent identification and value transcription
inheritance,GPT-14-INH-E006-U1-Public_Opinion,1.0,1.0,True,fixed parent identification and value transcription
inheritance,GPT-14-INH-E006-U1-Leadership_Unity,0.75,0.75,True,fixed parent identification and value transcription
inheritance,GPT-14-INH-E007-U1-Tension,1.00,1.00,True,fixed parent identification and value transcription
inheritance,GPT-14-INH-E007-U1-Diplomatic_Support,0.99,0.99,True,fixed parent identification and value transcription
inheritance,GPT-14-INH-E007-U1-Public_Opinion,1.00,1.00,True,fixed parent identification and value transcription
inheritance,GPT-14-INH-E007-U1-Leadership_Unity,0.60,0.60,True,fixed parent identification and value transcription
inheritance,GPT-14-INH-E008-U1-Tension,0.50,0.50,True,fixed parent identification and value transcription
inheritance,GPT-14-INH-E008-U1-Diplomatic_Support,0.82,0.82,True,fixed parent identification and value transcription
inheritance,GPT-14-INH-E008-U1-Public_Opinion,0.80,0.80,True,fixed parent identification and value transcription
inheritance,GPT-14-INH-E008-U1-Leadership_Unity,0.15,0.15,True,fixed parent identification and value transcription
inheritance,GPT-14-INH-E009-U1-Tension,0.70,0.70,True,fixed parent identification and value transcription
inheritance,GPT-14-INH-E009-U1-Diplomatic_Support,1.00,1.00,True,fixed parent identification and value transcription
inheritance,GPT-14-INH-E009-U1-Public_Opinion,1.00,1.00,True,fixed parent identification and value transcription
inheritance,GPT-14-INH-E009-U1-Leadership_Unity,0.85,0.85,True,fixed parent identification and value transcription
inheritance,GPT-15-INH-E001-U1-Tension,0.50,0.50,True,fixed parent identification and value transcription
inheritance,GPT-15-INH-E001-U1-Diplomatic_Support,0.58,0.58,True,fixed parent identification and value transcription
inheritance,GPT-15-INH-E001-U1-Public_Opinion,0.98,0.98,True,fixed parent identification and value transcription
inheritance,GPT-15-INH-E001-U1-Leadership_Unity,0.95,0.95,True,fixed parent identification and value transcription
inheritance,GPT-15-INH-E002-U1-Tension,0.00,0.00,True,fixed parent identification and value transcription
inheritance,GPT-15-INH-E002-U1-Diplomatic_Support,0.20,0.20,True,fixed parent identification and value transcription
inheritance,GPT-15-INH-E002-U1-Public_Opinion,1.00,1.00,True,fixed parent identification and value transcription
inheritance,GPT-15-INH-E002-U1-Leadership_Unity,1.00,1.00,True,fixed parent identification and value transcription
inheritance,GPT-15-INH-E003-U1-Tension,0.20,0.20,True,fixed parent identification and value transcription
inheritance,GPT-15-INH-E003-U1-Diplomatic_Support,0.00,0.00,True,fixed parent identification and value transcription
inheritance,GPT-15-INH-E003-U1-Public_Opinion,0.93,0.93,True,fixed parent identification and value transcription
inheritance,GPT-15-INH-E003-U1-Leadership_Unity,0.85,0.85,True,fixed parent identification and value transcription
inheritance,GPT-15-INH-E004-U1-Tension,0.60,0.60,True,fixed parent identification and value transcription
inheritance,GPT-15-INH-E004-U1-Leadership_Unity,0.85,0.85,True,fixed parent identification and value transcription
inheritance,GPT-15-INH-E005-U1-Tension,0.00,0.00,True,fixed parent identification and value transcription
inheritance,GPT-15-INH-E005-U1-Diplomatic_Support,0.40,0.40,True,fixed parent identification and value transcription
inheritance,GPT-15-INH-E005-U1-Public_Opinion,1.00,1.00,True,fixed parent identification and value transcription
inheritance,GPT-15-INH-E005-U1-Leadership_Unity,1.00,1.00,True,fixed parent identification and value transcription
inheritance,GPT-15-INH-E006-U1-Tension,0.40,0.40,True,fixed parent identification and value transcription
inheritance,GPT-15-INH-E006-U1-Leadership_Unity,0.70,0.70,True,fixed parent identification and value transcription
inheritance,GPT-15-INH-E007-U1-Tension,0.80,0.80,True,fixed parent identification and value transcription
inheritance,GPT-15-INH-E007-U1-Leadership_Unity,0.70,0.70,True,fixed parent identification and value transcription
inheritance,GPT-15-INH-E008-U1-Tension,0.00,0.00,True,fixed parent identification and value transcription
inheritance,GPT-15-INH-E008-U1-Diplomatic_Support,0.60,0.60,True,fixed parent identification and value transcription
inheritance,GPT-15-INH-E008-U1-Public_Opinion,1.00,1.00,True,fixed parent identification and value transcription
inheritance,GPT-15-INH-E008-U1-Leadership_Unity,1.00,1.00,True,fixed parent identification and value transcription
inheritance,GPT-16-INH-E004-U1-Tension,0.65,0.65,True,fixed parent identification and value transcription
inheritance,GPT-16-INH-E004-U1-Diplomatic_Support,0.58,0.58,True,fixed parent identification and value transcription
inheritance,GPT-16-INH-E004-U1-Public_Opinion,0.68,0.68,True,fixed parent identification and value transcription
inheritance,GPT-16-INH-E004-U1-Leadership_Unity,0.65,0.65,True,fixed parent identification and value transcription
inheritance,GPT-16-INH-E005-U1-Tension,0.70,0.70,True,fixed parent identification and value transcription
inheritance,GPT-16-INH-E005-U1-Diplomatic_Support,0.56,0.56,True,fixed parent identification and value transcription
inheritance,GPT-16-INH-E005-U1-Public_Opinion,0.66,0.66,True,fixed parent identification and value transcription
inheritance,GPT-16-INH-E005-U1-Leadership_Unity,0.60,0.60,True,fixed parent identification and value transcription
inheritance,GPT-16-INH-E006-U1-Tension,0.55,0.55,True,fixed parent identification and value transcription
inheritance,GPT-16-INH-E006-U1-Diplomatic_Support,0.70,0.70,True,fixed parent identification and value transcription
inheritance,GPT-16-INH-E006-U1-Public_Opinion,0.75,0.75,True,fixed parent identification and value transcription
inheritance,GPT-16-INH-E006-U1-Leadership_Unity,0.75,0.75,True,fixed parent identification and value transcription
inheritance,GPT-16-INH-E007-U1-Tension,0.80,0.80,True,fixed parent identification and value transcription
inheritance,GPT-16-INH-E007-U1-Diplomatic_Support,0.53,0.53,True,fixed parent identification and value transcription
inheritance,GPT-16-INH-E007-U1-Public_Opinion,0.63,0.63,True,fixed parent identification and value transcription
inheritance,GPT-16-INH-E007-U1-Leadership_Unity,0.55,0.55,True,fixed parent identification and value transcription
inheritance,GPT-16-INH-E008-U1-Tension,0.85,0.85,True,fixed parent identification and value transcription
inheritance,GPT-16-INH-E008-U1-Diplomatic_Support,0.51,0.51,True,fixed parent identification and value transcription
inheritance,GPT-16-INH-E008-U1-Public_Opinion,0.61,0.61,True,fixed parent identification and value transcription
inheritance,GPT-16-INH-E008-U1-Leadership_Unity,0.50,0.50,True,fixed parent identification and value transcription
inheritance,GPT-16-INH-E009-U1-Tension,0.70,0.70,True,fixed parent identification and value transcription
inheritance,GPT-16-INH-E009-U1-Diplomatic_Support,0.65,0.65,True,fixed parent identification and value transcription
inheritance,GPT-16-INH-E009-U1-Public_Opinion,0.70,0.70,True,fixed parent identification and value transcription
inheritance,GPT-16-INH-E009-U1-Leadership_Unity,0.65,0.65,True,fixed parent identification and value transcription
inheritance,GPT-18-INH-E005-U1-Tension,1.0,1.0,True,fixed parent identification and value transcription
inheritance,GPT-18-INH-E006-U1-Leadership_Unity,1.0,1.0,True,fixed parent identification and value transcription
inheritance,GPT-18-INH-E007-U1-Leadership_Unity,1.0,1.0,True,fixed parent identification and value transcription
inheritance,GPT-18-INH-E008-U1-Diplomatic_Room,0.35,0.35,True,fixed parent identification and value transcription
inheritance,GPT-19-INH-E010-U1-Tension,1.00,1.00,True,fixed parent identification and value transcription
inheritance,GPT-19-INH-E011-U1-Tension,1.00,1.00,True,fixed parent identification and value transcription
inheritance,GPT-19-INH-E012-U1-Tension,1.00,1.00,True,fixed parent identification and value transcription
inheritance,GPT-19-INH-E013-U1-Tension,1.00,1.00,True,fixed parent identification and value transcription
inheritance,GPT-19-INH-E014-U1-Leadership_Unity,1.00,1.00,True,fixed parent identification and value transcription
inheritance,GPT-19-INH-E015-U1-Leadership_Unity,1.00,1.00,True,fixed parent identification and value transcription
inheritance,GPT-19-INH-E016-U1-Leadership_Unity,1.00,1.00,True,fixed parent identification and value transcription
inheritance,GPT-19-INH-E017-U1-Leadership_Unity,1.00,1.00,True,fixed parent identification and value transcription
inheritance,GPT-19-INH-E018-U1-Leadership_Unity,1.00,1.00,True,fixed parent identification and value transcription
inheritance,GPT-19-INH-E019-U1-Leadership_Unity,1.00,1.00,True,fixed parent identification and value transcription
inheritance,GPT-19-INH-E020-U1-Leadership_Unity,1.00,1.00,True,fixed parent identification and value transcription
inheritance,GPT-19-INH-E021-U1-Leadership_Unity,1.00,1.00,True,fixed parent identification and value transcription
inheritance,GPT-19-INH-E024-U1-Tension,1.00,1.00,True,fixed parent identification and value transcription
inheritance,GPT-19-INH-E024-U1-Diplomatic_Support,0.43,0.43,True,fixed parent identification and value transcription
inheritance,GPT-19-INH-E024-U1-Public_Opinion,0.48,0.48,True,fixed parent identification and value transcription
inheritance,GPT-19-INH-E025-U1-Tension,1.00,1.00,True,fixed parent identification and value transcription
inheritance,GPT-19-INH-E025-U1-Diplomatic_Support,0.43,0.43,True,fixed parent identification and value transcription
inheritance,GPT-19-INH-E025-U1-Public_Opinion,0.48,0.48,True,fixed parent identification and value transcription
inheritance,GPT-19-INH-E026-U1-Tension,1.00,1.00,True,fixed parent identification and value transcription
inheritance,GPT-19-INH-E026-U1-Diplomatic_Support,0.43,0.43,True,fixed parent identification and value transcription
inheritance,GPT-19-INH-E026-U1-Public_Opinion,0.48,0.48,True,fixed parent identification and value transcription
inheritance,GPT-19-INH-E027-U1-Tension,1.00,1.00,True,fixed parent identification and value transcription
inheritance,GPT-19-INH-E028-U1-Leadership_Unity,0.90,0.90,True,fixed parent identification and value transcription
inheritance,GPT-19-INH-E029-U1-Leadership_Unity,0.90,0.90,True,fixed parent identification and value transcription
inheritance,GPT-19-INH-E030-U1-Leadership_Unity,0.90,0.90,True,fixed parent identification and value transcription
inheritance,GPT-19-INH-E031-U1-Leadership_Unity,0.90,0.90,True,fixed parent identification and value transcription
inheritance,GPT-19-INH-E032-U1-Leadership_Unity,0.95,0.95,True,fixed parent identification and value transcription
inheritance,GPT-19-INH-E033-U1-Leadership_Unity,0.95,0.95,True,fixed parent identification and value transcription
inheritance,GPT-19-INH-E034-U1-Leadership_Unity,0.95,0.95,True,fixed parent identification and value transcription
inheritance,GPT-19-INH-E035-U1-Leadership_Unity,0.95,0.95,True,fixed parent identification and value transcription
inheritance,GPT-21-INH-E001-U1-Tension,1.0,1.0,True,fixed parent identification and value transcription
inheritance,GPT-21-INH-E001-U1-Diplomatic_Support,0.5,0.5,True,fixed parent identification and value transcription
inheritance,GPT-21-INH-E001-U1-Public_Opinion,0.5,0.5,True,fixed parent identification and value transcription
inheritance,GPT-21-INH-E001-U1-Leadership_Unity,1.0,1.0,True,fixed parent identification and value transcription
inheritance,GPT-21-INH-E001-U2-Tension,1.0,1.0,True,fixed parent identification and value transcription
inheritance,GPT-21-INH-E001-U2-Diplomatic_Support,0.5,0.5,True,fixed parent identification and value transcription
inheritance,GPT-21-INH-E001-U2-Public_Opinion,0.5,0.5,True,fixed parent identification and value transcription
inheritance,GPT-21-INH-E001-U2-Leadership_Unity,1.0,1.0,True,fixed parent identification and value transcription
inheritance,GPT-21-INH-E001-U3-Tension,1.0,1.0,True,fixed parent identification and value transcription
inheritance,GPT-21-INH-E001-U3-Diplomatic_Support,0.5,0.5,True,fixed parent identification and value transcription
inheritance,GPT-21-INH-E001-U3-Public_Opinion,0.5,0.5,True,fixed parent identification and value transcription
inheritance,GPT-21-INH-E001-U3-Leadership_Unity,1.0,1.0,True,fixed parent identification and value transcription
inheritance,GPT-21-INH-E001-U4-Tension,1.0,1.0,True,fixed parent identification and value transcription
inheritance,GPT-21-INH-E001-U4-Diplomatic_Support,0.5,0.5,True,fixed parent identification and value transcription
inheritance,GPT-21-INH-E001-U4-Public_Opinion,0.5,0.5,True,fixed parent identification and value transcription
inheritance,GPT-21-INH-E001-U4-Leadership_Unity,1.0,1.0,True,fixed parent identification and value transcription
inheritance,GPT-21-INH-E002-U1-Tension,1.0,1.0,True,fixed parent identification and value transcription
inheritance,GPT-21-INH-E002-U1-Diplomatic_Support,0.48,0.48,True,fixed parent identification and value transcription
inheritance,GPT-21-INH-E002-U1-Public_Opinion,0.48,0.48,True,fixed parent identification and value transcription
inheritance,GPT-21-INH-E002-U1-Leadership_Unity,0.95,0.95,True,fixed parent identification and value transcription
inheritance,GPT-21-INH-E002-U2-Tension,1.0,1.0,True,fixed parent identification and value transcription
inheritance,GPT-21-INH-E002-U2-Diplomatic_Support,0.48,0.48,True,fixed parent identification and value transcription
inheritance,GPT-21-INH-E002-U2-Public_Opinion,0.48,0.48,True,fixed parent identification and value transcription
inheritance,GPT-21-INH-E002-U2-Leadership_Unity,0.95,0.95,True,fixed parent identification and value transcription
inheritance,GPT-21-INH-E002-U3-Tension,1.0,1.0,True,fixed parent identification and value transcription
inheritance,GPT-21-INH-E002-U3-Diplomatic_Support,0.48,0.48,True,fixed parent identification and value transcription
inheritance,GPT-21-INH-E002-U3-Public_Opinion,0.48,0.48,True,fixed parent identification and value transcription
inheritance,GPT-21-INH-E002-U3-Leadership_Unity,0.95,0.95,True,fixed parent identification and value transcription
inheritance,GPT-21-INH-E002-U4-Tension,1.0,1.0,True,fixed parent identification and value transcription
inheritance,GPT-21-INH-E002-U4-Diplomatic_Support,0.48,0.48,True,fixed parent identification and value transcription
inheritance,GPT-21-INH-E002-U4-Public_Opinion,0.48,0.48,True,fixed parent identification and value transcription
inheritance,GPT-21-INH-E002-U4-Leadership_Unity,0.95,0.95,True,fixed parent identification and value transcription
inheritance,GPT-21-INH-E003-U1-Tension,0.90,0.90,True,fixed parent identification and value transcription
inheritance,GPT-21-INH-E003-U1-Diplomatic_Support,0.58,0.58,True,fixed parent identification and value transcription
inheritance,GPT-21-INH-E003-U1-Public_Opinion,0.68,0.68,True,fixed parent identification and value transcription
inheritance,GPT-21-INH-E003-U1-Leadership_Unity,1.0,1.0,True,fixed parent identification and value transcription
inheritance,GPT-21-INH-E003-U2-Tension,0.90,0.90,True,fixed parent identification and value transcription
inheritance,GPT-21-INH-E003-U2-Diplomatic_Support,0.58,0.58,True,fixed parent identification and value transcription
inheritance,GPT-21-INH-E003-U2-Public_Opinion,0.68,0.68,True,fixed parent identification and value transcription
inheritance,GPT-21-INH-E003-U2-Leadership_Unity,1.0,1.0,True,fixed parent identification and value transcription
inheritance,GPT-21-INH-E003-U3-Tension,0.90,0.90,True,fixed parent identification and value transcription
inheritance,GPT-21-INH-E003-U3-Diplomatic_Support,0.58,0.58,True,fixed parent identification and value transcription
inheritance,GPT-21-INH-E003-U3-Public_Opinion,0.68,0.68,True,fixed parent identification and value transcription
inheritance,GPT-21-INH-E003-U3-Leadership_Unity,1.0,1.0,True,fixed parent identification and value transcription
inheritance,GPT-21-INH-E003-U4-Tension,0.90,0.90,True,fixed parent identification and value transcription
inheritance,GPT-21-INH-E003-U4-Diplomatic_Support,0.58,0.58,True,fixed parent identification and value transcription
inheritance,GPT-21-INH-E003-U4-Public_Opinion,0.68,0.68,True,fixed parent identification and value transcription
inheritance,GPT-21-INH-E003-U4-Leadership_Unity,1.0,1.0,True,fixed parent identification and value transcription
inheritance,GPT-23-INH-E001-U1-Tension,1.0,1.0,True,fixed parent identification and value transcription
inheritance,GPT-23-INH-E001-U1-Diplomatic_Support,0.48,0.48,True,fixed parent identification and value transcription
inheritance,GPT-23-INH-E001-U1-Public_Opinion,0.48,0.48,True,fixed parent identification and value transcription
inheritance,GPT-23-INH-E001-U1-Leadership_Unity,1.0,1.0,True,fixed parent identification and value transcription
inheritance,GPT-23-INH-E002-U1-Tension,1.0,1.0,True,fixed parent identification and value transcription
inheritance,GPT-23-INH-E002-U1-Diplomatic_Support,0.45,0.45,True,fixed parent identification and value transcription
inheritance,GPT-23-INH-E002-U1-Public_Opinion,0.45,0.45,True,fixed parent identification and value transcription
inheritance,GPT-23-INH-E002-U1-Leadership_Unity,1.0,1.0,True,fixed parent identification and value transcription
inheritance,GPT-23-INH-E003-U1-Tension,0.45,0.45,True,fixed parent identification and value transcription
inheritance,GPT-23-INH-E003-U1-Diplomatic_Support,0.60,0.60,True,fixed parent identification and value transcription
inheritance,GPT-23-INH-E003-U1-Public_Opinion,1.0,1.0,True,fixed parent identification and value transcription
inheritance,GPT-23-INH-E003-U1-Leadership_Unity,0.55,0.55,True,fixed parent identification and value transcription
inheritance,GPT-23-INH-E007-U1-Diplomatic_Support,0.41,0.41,True,fixed parent identification and value transcription
inheritance,GPT-23-INH-E007-U1-Public_Opinion,0.41,0.41,True,fixed parent identification and value transcription
inheritance,GPT-23-INH-E007-U1-Leadership_Unity,0.85,0.85,True,fixed parent identification and value transcription
inheritance,GPT-23-INH-E009-U1-Tension,0.65,0.65,True,fixed parent identification and value transcription
inheritance,GPT-23-INH-E009-U1-Diplomatic_Support,0.53,0.53,True,fixed parent identification and value transcription
inheritance,GPT-23-INH-E009-U1-Public_Opinion,0.93,0.93,True,fixed parent identification and value transcription
inheritance,GPT-23-INH-E009-U1-Leadership_Unity,0.40,0.40,True,fixed parent identification and value transcription
inheritance,GPT-25-INH-E007-U2-Tension,0.70,0.70,True,fixed parent identification and value transcription
inheritance,GPT-25-INH-E007-U2-Leadership_Unity,0.55,0.55,True,fixed parent identification and value transcription
inheritance,GPT-25-INH-E008-U2-Tension,0.90,0.90,True,fixed parent identification and value transcription
inheritance,GPT-25-INH-E008-U2-Leadership_Unity,0.40,0.40,True,fixed parent identification and value transcription
inheritance,GPT-25-INH-E009-U2-Tension,1.00,1.00,True,fixed parent identification and value transcription
inheritance,GPT-25-INH-E009-U2-Leadership_Unity,0.50,0.50,True,fixed parent identification and value transcription
inheritance,GPT-26-INH-E001-U1-Tension,1.00,1.00,True,fixed parent identification and value transcription
inheritance,GPT-26-INH-E001-U1-Diplomatic_Support,0.48,0.48,True,fixed parent identification and value transcription
inheritance,GPT-26-INH-E001-U1-Public_Opinion,0.48,0.48,True,fixed parent identification and value transcription
inheritance,GPT-26-INH-E001-U1-Leadership_Unity,1.00,1.00,True,fixed parent identification and value transcription
inheritance,GPT-26-INH-E001-U2-Tension,1.00,1.00,True,fixed parent identification and value transcription
inheritance,GPT-26-INH-E001-U2-Diplomatic_Support,0.48,0.48,True,fixed parent identification and value transcription
inheritance,GPT-26-INH-E001-U2-Public_Opinion,0.48,0.48,True,fixed parent identification and value transcription
inheritance,GPT-26-INH-E001-U2-Leadership_Unity,1.00,1.00,True,fixed parent identification and value transcription
inheritance,GPT-26-INH-E002-U1-Tension,0.90,0.90,True,fixed parent identification and value transcription
inheritance,GPT-26-INH-E002-U1-Diplomatic_Support,0.60,0.60,True,fixed parent identification and value transcription
inheritance,GPT-26-INH-E002-U1-Public_Opinion,0.55,0.55,True,fixed parent identification and value transcription
inheritance,GPT-26-INH-E002-U1-Leadership_Unity,0.55,0.55,True,fixed parent identification and value transcription
inheritance,GPT-26-INH-E002-U2-Tension,0.90,0.90,True,fixed parent identification and value transcription
inheritance,GPT-26-INH-E002-U2-Diplomatic_Support,0.60,0.60,True,fixed parent identification and value transcription
inheritance,GPT-26-INH-E002-U2-Public_Opinion,0.55,0.55,True,fixed parent identification and value transcription
inheritance,GPT-26-INH-E002-U2-Leadership_Unity,0.55,0.55,True,fixed parent identification and value transcription
inheritance,GPT-26-INH-E003-U1-Tension,1.00,1.00,True,fixed parent identification and value transcription
inheritance,GPT-26-INH-E003-U1-Diplomatic_Support,0.45,0.45,True,fixed parent identification and value transcription
inheritance,GPT-26-INH-E003-U1-Public_Opinion,0.45,0.45,True,fixed parent identification and value transcription
inheritance,GPT-26-INH-E003-U1-Leadership_Unity,1.00,1.00,True,fixed parent identification and value transcription
inheritance,GPT-26-INH-E003-U2-Tension,1.00,1.00,True,fixed parent identification and value transcription
inheritance,GPT-26-INH-E003-U2-Diplomatic_Support,0.45,0.45,True,fixed parent identification and value transcription
inheritance,GPT-26-INH-E003-U2-Public_Opinion,0.45,0.45,True,fixed parent identification and value transcription
inheritance,GPT-26-INH-E003-U2-Leadership_Unity,1.00,1.00,True,fixed parent identification and value transcription
inheritance,GPT-26-INH-E004-U1-Tension,1.00,1.00,True,fixed parent identification and value transcription
inheritance,GPT-26-INH-E004-U1-Diplomatic_Support,0.53,0.53,True,fixed parent identification and value transcription
inheritance,GPT-26-INH-E004-U1-Public_Opinion,0.58,0.58,True,fixed parent identification and value transcription
inheritance,GPT-26-INH-E004-U1-Leadership_Unity,1.00,1.00,True,fixed parent identification and value transcription
inheritance,GPT-26-INH-E004-U2-Tension,1.00,1.00,True,fixed parent identification and value transcription
inheritance,GPT-26-INH-E004-U2-Diplomatic_Support,0.53,0.53,True,fixed parent identification and value transcription
inheritance,GPT-26-INH-E004-U2-Public_Opinion,0.58,0.58,True,fixed parent identification and value transcription
inheritance,GPT-26-INH-E004-U2-Leadership_Unity,1.00,1.00,True,fixed parent identification and value transcription
inheritance,GPT-26-INH-E005-U1-Tension,0.90,0.90,True,fixed parent identification and value transcription
inheritance,GPT-26-INH-E005-U1-Diplomatic_Support,0.63,0.63,True,fixed parent identification and value transcription
inheritance,GPT-26-INH-E005-U1-Public_Opinion,0.63,0.63,True,fixed parent identification and value transcription
inheritance,GPT-26-INH-E005-U1-Leadership_Unity,0.60,0.60,True,fixed parent identification and value transcription
inheritance,GPT-26-INH-E005-U2-Tension,0.90,0.90,True,fixed parent identification and value transcription
inheritance,GPT-26-INH-E005-U2-Diplomatic_Support,0.63,0.63,True,fixed parent identification and value transcription
inheritance,GPT-26-INH-E005-U2-Public_Opinion,0.63,0.63,True,fixed parent identification and value transcription
inheritance,GPT-26-INH-E005-U2-Leadership_Unity,0.60,0.60,True,fixed parent identification and value transcription
inheritance,GPT-26-INH-E006-U1-Tension,1.00,1.00,True,fixed parent identification and value transcription
inheritance,GPT-26-INH-E006-U1-Diplomatic_Support,0.43,0.43,True,fixed parent identification and value transcription
inheritance,GPT-26-INH-E006-U1-Public_Opinion,0.43,0.43,True,fixed parent identification and value transcription
inheritance,GPT-26-INH-E006-U1-Leadership_Unity,1.00,1.00,True,fixed parent identification and value transcription
inheritance,GPT-26-INH-E006-U2-Tension,1.00,1.00,True,fixed parent identification and value transcription
inheritance,GPT-26-INH-E006-U2-Diplomatic_Support,0.43,0.43,True,fixed parent identification and value transcription
inheritance,GPT-26-INH-E006-U2-Public_Opinion,0.43,0.43,True,fixed parent identification and value transcription
inheritance,GPT-26-INH-E006-U2-Leadership_Unity,1.00,1.00,True,fixed parent identification and value transcription
inheritance,GPT-26-INH-E007-U1-Tension,0.90,0.90,True,fixed parent identification and value transcription
inheritance,GPT-26-INH-E007-U1-Diplomatic_Support,0.63,0.63,True,fixed parent identification and value transcription
inheritance,GPT-26-INH-E007-U1-Public_Opinion,0.78,0.78,True,fixed parent identification and value transcription
inheritance,GPT-26-INH-E007-U1-Leadership_Unity,1.00,1.00,True,fixed parent identification and value transcription
inheritance,GPT-26-INH-E007-U2-Tension,0.90,0.90,True,fixed parent identification and value transcription
inheritance,GPT-26-INH-E007-U2-Diplomatic_Support,0.63,0.63,True,fixed parent identification and value transcription
inheritance,GPT-26-INH-E007-U2-Public_Opinion,0.78,0.78,True,fixed parent identification and value transcription
inheritance,GPT-26-INH-E007-U2-Leadership_Unity,1.00,1.00,True,fixed parent identification and value transcription
inheritance,GPT-26-INH-E008-U1-Tension,0.90,0.90,True,fixed parent identification and value transcription
inheritance,GPT-26-INH-E008-U1-Diplomatic_Support,0.66,0.66,True,fixed parent identification and value transcription
inheritance,GPT-26-INH-E008-U1-Public_Opinion,0.71,0.71,True,fixed parent identification and value transcription
inheritance,GPT-26-INH-E008-U1-Leadership_Unity,0.65,0.65,True,fixed parent identification and value transcription
inheritance,GPT-26-INH-E008-U2-Tension,0.90,0.90,True,fixed parent identification and value transcription
inheritance,GPT-26-INH-E008-U2-Diplomatic_Support,0.66,0.66,True,fixed parent identification and value transcription
inheritance,GPT-26-INH-E008-U2-Public_Opinion,0.71,0.71,True,fixed parent identification and value transcription
inheritance,GPT-26-INH-E008-U2-Leadership_Unity,0.65,0.65,True,fixed parent identification and value transcription
inheritance,GPT-26-INH-E009-U1-Tension,1.00,1.00,True,fixed parent identification and value transcription
inheritance,GPT-26-INH-E009-U1-Diplomatic_Support,0.38,0.38,True,fixed parent identification and value transcription
inheritance,GPT-26-INH-E009-U1-Public_Opinion,0.38,0.38,True,fixed parent identification and value transcription
inheritance,GPT-26-INH-E009-U1-Leadership_Unity,1.00,1.00,True,fixed parent identification and value transcription
inheritance,GPT-26-INH-E009-U2-Tension,1.00,1.00,True,fixed parent identification and value transcription
inheritance,GPT-26-INH-E009-U2-Diplomatic_Support,0.38,0.38,True,fixed parent identification and value transcription
inheritance,GPT-26-INH-E009-U2-Public_Opinion,0.38,0.38,True,fixed parent identification and value transcription
inheritance,GPT-26-INH-E009-U2-Leadership_Unity,1.00,1.00,True,fixed parent identification and value transcription
inheritance,GPT-27-INH-E001-U1-Tension,0.50,+0.50,True,fixed parent identification and value transcription
inheritance,GPT-27-INH-E001-U1-Diplomatic_Support,0.58,+0.58,True,fixed parent identification and value transcription
inheritance,GPT-27-INH-E001-U1-Public_Opinion,-0.02,-0.02,True,fixed parent identification and value transcription
inheritance,GPT-27-INH-E001-U1-Leadership_Unity,-0.05,-0.05,True,fixed parent identification and value transcription
inheritance,GPT-27-INH-E002-U1-Tension,0.20,+0.20,True,fixed parent identification and value transcription
inheritance,GPT-27-INH-E002-U1-Diplomatic_Support,-0.07,-0.07,True,fixed parent identification and value transcription
inheritance,GPT-27-INH-E002-U1-Public_Opinion,-0.07,-0.07,True,fixed parent identification and value transcription
inheritance,GPT-27-INH-E002-U1-Leadership_Unity,-0.15,-0.15,True,fixed parent identification and value transcription
inheritance,GPT-27-INH-E003-U1-Tension,-0.10,-0.10,True,fixed parent identification and value transcription
inheritance,GPT-27-INH-E003-U1-Diplomatic_Support,0.20,+0.20,True,fixed parent identification and value transcription
inheritance,GPT-27-INH-E003-U1-Public_Opinion,0.10,+0.10,True,fixed parent identification and value transcription
inheritance,GPT-27-INH-E003-U1-Leadership_Unity,0.10,+0.10,True,fixed parent identification and value transcription
inheritance,GPT-27-INH-E004-U1-Tension,0.60,0.60,True,fixed parent identification and value transcription
inheritance,GPT-27-INH-E004-U1-Diplomatic_Support,0.54,0.54,True,fixed parent identification and value transcription
inheritance,GPT-27-INH-E004-U1-Public_Opinion,-0.06,-0.06,True,fixed parent identification and value transcription
inheritance,GPT-27-INH-E004-U1-Leadership_Unity,-0.15,-0.15,True,fixed parent identification and value transcription
inheritance,GPT-27-INH-E005-U1-Tension,0.30,0.30,True,fixed parent identification and value transcription
inheritance,GPT-27-INH-E005-U1-Diplomatic_Support,-0.11,-0.11,True,fixed parent identification and value transcription
inheritance,GPT-27-INH-E005-U1-Public_Opinion,-0.11,-0.11,True,fixed parent identification and value transcription
inheritance,GPT-27-INH-E005-U1-Leadership_Unity,-0.25,-0.25,True,fixed parent identification and value transcription
inheritance,GPT-27-INH-E006-U1-Tension,-0.20,-0.20,True,fixed parent identification and value transcription
inheritance,GPT-27-INH-E006-U1-Diplomatic_Support,0.40,0.40,True,fixed parent identification and value transcription
inheritance,GPT-27-INH-E006-U1-Public_Opinion,0.20,0.20,True,fixed parent identification and value transcription
inheritance,GPT-27-INH-E006-U1-Leadership_Unity,0.20,0.20,True,fixed parent identification and value transcription
inheritance,GPT-27-INH-E007-U1-Tension,0.70,0.70,True,fixed parent identification and value transcription
inheritance,GPT-27-INH-E007-U1-Diplomatic_Support,0.44,0.44,True,fixed parent identification and value transcription
inheritance,GPT-27-INH-E007-U1-Public_Opinion,-0.11,-0.11,True,fixed parent identification and value transcription
inheritance,GPT-27-INH-E007-U1-Leadership_Unity,-0.20,-0.20,True,fixed parent identification and value transcription
inheritance,GPT-27-INH-E008-U1-Tension,0.50,0.50,True,fixed parent identification and value transcription
inheritance,GPT-27-INH-E008-U1-Diplomatic_Support,-0.18,-0.18,True,fixed parent identification and value transcription
inheritance,GPT-27-INH-E008-U1-Public_Opinion,-0.18,-0.18,True,fixed parent identification and value transcription
inheritance,GPT-27-INH-E008-U1-Leadership_Unity,-0.40,-0.40,True,fixed parent identification and value transcription
inheritance,GPT-27-INH-E009-U1-Tension,0.00,0.00,True,fixed parent identification and value transcription
inheritance,GPT-27-INH-E009-U1-Diplomatic_Support,0.50,0.50,True,fixed parent identification and value transcription
inheritance,GPT-27-INH-E009-U1-Public_Opinion,0.25,0.25,True,fixed parent identification and value transcription
inheritance,GPT-27-INH-E009-U1-Leadership_Unity,0.25,0.25,True,fixed parent identification and value transcription
inheritance,GPT-28-INH-E004-U1-Tension,1.00,1.00,True,fixed parent identification and value transcription
inheritance,GPT-28-INH-E004-U1-Diplomatic_Support,0.41,0.41,True,fixed parent identification and value transcription
inheritance,GPT-28-INH-E004-U1-Public_Opinion,0.41,0.41,True,fixed parent identification and value transcription
inheritance,GPT-28-INH-E004-U1-Leadership_Unity,0.90,0.90,True,fixed parent identification and value transcription
inheritance,GPT-28-INH-E004-U2-Tension,1.00,1.00,True,fixed parent identification and value transcription
inheritance,GPT-28-INH-E004-U2-Diplomatic_Support,0.41,0.41,True,fixed parent identification and value transcription
inheritance,GPT-28-INH-E004-U2-Public_Opinion,0.41,0.41,True,fixed parent identification and value transcription
inheritance,GPT-28-INH-E004-U2-Leadership_Unity,0.90,0.90,True,fixed parent identification and value transcription
inheritance,GPT-28-INH-E005-U1-Tension,0.60,0.60,True,fixed parent identification and value transcription
inheritance,GPT-28-INH-E005-U1-Diplomatic_Support,0.53,0.53,True,fixed parent identification and value transcription
inheritance,GPT-28-INH-E005-U1-Public_Opinion,0.93,0.93,True,fixed parent identification and value transcription
inheritance,GPT-28-INH-E005-U1-Leadership_Unity,0.45,0.45,True,fixed parent identification and value transcription
inheritance,GPT-28-INH-E005-U2-Tension,0.60,0.60,True,fixed parent identification and value transcription
inheritance,GPT-28-INH-E005-U2-Diplomatic_Support,0.53,0.53,True,fixed parent identification and value transcription
inheritance,GPT-28-INH-E005-U2-Public_Opinion,0.93,0.93,True,fixed parent identification and value transcription
inheritance,GPT-28-INH-E005-U2-Leadership_Unity,0.45,0.45,True,fixed parent identification and value transcription
inheritance,GPT-28-INH-E006-U1-Tension,1.00,1.00,True,fixed parent identification and value transcription
inheritance,GPT-28-INH-E006-U1-Diplomatic_Support,0.38,0.38,True,fixed parent identification and value transcription
inheritance,GPT-28-INH-E006-U1-Public_Opinion,0.38,0.38,True,fixed parent identification and value transcription
inheritance,GPT-28-INH-E006-U1-Leadership_Unity,0.90,0.90,True,fixed parent identification and value transcription
inheritance,GPT-28-INH-E006-U2-Tension,1.00,1.00,True,fixed parent identification and value transcription
inheritance,GPT-28-INH-E006-U2-Diplomatic_Support,0.38,0.38,True,fixed parent identification and value transcription
inheritance,GPT-28-INH-E006-U2-Public_Opinion,0.38,0.38,True,fixed parent identification and value transcription
inheritance,GPT-28-INH-E006-U2-Leadership_Unity,0.90,0.90,True,fixed parent identification and value transcription
inheritance,GPT-28-INH-E007-U1-Tension,1.0,1.0,True,fixed parent identification and value transcription
inheritance,GPT-28-INH-E007-U1-Diplomatic_Support,0.36,0.36,True,fixed parent identification and value transcription
inheritance,GPT-28-INH-E007-U1-Public_Opinion,0.36,0.36,True,fixed parent identification and value transcription
inheritance,GPT-28-INH-E007-U1-Leadership_Unity,0.80,0.80,True,fixed parent identification and value transcription
inheritance,GPT-28-INH-E007-U2-Tension,1.0,1.0,True,fixed parent identification and value transcription
inheritance,GPT-28-INH-E007-U2-Diplomatic_Support,0.36,0.36,True,fixed parent identification and value transcription
inheritance,GPT-28-INH-E007-U2-Public_Opinion,0.36,0.36,True,fixed parent identification and value transcription
inheritance,GPT-28-INH-E007-U2-Leadership_Unity,0.80,0.80,True,fixed parent identification and value transcription
inheritance,GPT-28-INH-E008-U1-Tension,0.75,0.75,True,fixed parent identification and value transcription
inheritance,GPT-28-INH-E008-U1-Diplomatic_Support,0.48,0.48,True,fixed parent identification and value transcription
inheritance,GPT-28-INH-E008-U1-Public_Opinion,0.88,0.88,True,fixed parent identification and value transcription
inheritance,GPT-28-INH-E008-U1-Leadership_Unity,0.35,0.35,True,fixed parent identification and value transcription
inheritance,GPT-28-INH-E008-U2-Tension,0.75,0.75,True,fixed parent identification and value transcription
inheritance,GPT-28-INH-E008-U2-Diplomatic_Support,0.48,0.48,True,fixed parent identification and value transcription
inheritance,GPT-28-INH-E008-U2-Public_Opinion,0.88,0.88,True,fixed parent identification and value transcription
inheritance,GPT-28-INH-E008-U2-Leadership_Unity,0.35,0.35,True,fixed parent identification and value transcription
inheritance,GPT-28-INH-E009-U1-Tension,1.0,1.0,True,fixed parent identification and value transcription
inheritance,GPT-28-INH-E009-U1-Diplomatic_Support,0.33,0.33,True,fixed parent identification and value transcription
inheritance,GPT-28-INH-E009-U1-Public_Opinion,0.33,0.33,True,fixed parent identification and value transcription
inheritance,GPT-28-INH-E009-U1-Leadership_Unity,0.80,0.80,True,fixed parent identification and value transcription
inheritance,GPT-28-INH-E009-U2-Tension,1.0,1.0,True,fixed parent identification and value transcription
inheritance,GPT-28-INH-E009-U2-Diplomatic_Support,0.33,0.33,True,fixed parent identification and value transcription
inheritance,GPT-28-INH-E009-U2-Public_Opinion,0.33,0.33,True,fixed parent identification and value transcription
inheritance,GPT-28-INH-E009-U2-Leadership_Unity,0.80,0.80,True,fixed parent identification and value transcription
inheritance,GPT-29-INH-E001-U1-Tension,0.70,0.70,True,fixed parent identification and value transcription
inheritance,GPT-29-INH-E001-U1-Diplomatic_Support,0.58,0.58,True,fixed parent identification and value transcription
inheritance,GPT-29-INH-E001-U1-Public_Opinion,0.48,0.48,True,fixed parent identification and value transcription
inheritance,GPT-29-INH-E001-U1-Leadership_Unity,0.55,0.55,True,fixed parent identification and value transcription
inheritance,GPT-29-INH-E002-U1-Tension,1.00,1.00,True,fixed parent identification and value transcription
inheritance,GPT-29-INH-E002-U1-Diplomatic_Support,0.58,0.58,True,fixed parent identification and value transcription
inheritance,GPT-29-INH-E002-U1-Public_Opinion,0.48,0.48,True,fixed parent identification and value transcription
inheritance,GPT-29-INH-E002-U1-Leadership_Unity,1.00,1.00,True,fixed parent identification and value transcription
inheritance,GPT-29-INH-E003-U1-Tension,1.00,1.00,True,fixed parent identification and value transcription
inheritance,GPT-29-INH-E003-U1-Diplomatic_Support,0.58,0.58,True,fixed parent identification and value transcription
inheritance,GPT-29-INH-E003-U1-Public_Opinion,0.98,0.98,True,fixed parent identification and value transcription
inheritance,GPT-29-INH-E003-U1-Leadership_Unity,1.00,1.00,True,fixed parent identification and value transcription
inheritance,GPT-29-INH-E004-U1-Tension,0.95,0.95,True,fixed parent identification and value transcription
inheritance,GPT-29-INH-E004-U1-Diplomatic_Support,0.68,0.68,True,fixed parent identification and value transcription
inheritance,GPT-29-INH-E004-U1-Public_Opinion,1.00,1.00,True,fixed parent identification and value transcription
inheritance,GPT-29-INH-E004-U1-Leadership_Unity,1.00,1.00,True,fixed parent identification and value transcription
inheritance,GPT-29-INH-E005-U1-Tension,1.00,1.00,True,fixed parent identification and value transcription
inheritance,GPT-29-INH-E005-U1-Diplomatic_Support,0.66,0.66,True,fixed parent identification and value transcription
inheritance,GPT-29-INH-E005-U1-Public_Opinion,0.98,0.98,True,fixed parent identification and value transcription
inheritance,GPT-29-INH-E005-U1-Leadership_Unity,0.95,0.95,True,fixed parent identification and value transcription
inheritance,GPT-29-INH-E006-U1-Tension,0.90,0.90,True,fixed parent identification and value transcription
inheritance,GPT-29-INH-E006-U1-Diplomatic_Support,0.71,0.71,True,fixed parent identification and value transcription
inheritance,GPT-29-INH-E006-U1-Public_Opinion,1.00,1.00,True,fixed parent identification and value transcription
inheritance,GPT-29-INH-E006-U1-Leadership_Unity,1.00,1.00,True,fixed parent identification and value transcription
inheritance,GPT-29-INH-E007-U1-Tension,1.00,1.00,True,fixed parent identification and value transcription
inheritance,GPT-29-INH-E007-U1-Diplomatic_Support,0.78,0.78,True,fixed parent identification and value transcription
inheritance,GPT-29-INH-E007-U1-Public_Opinion,1.00,1.00,True,fixed parent identification and value transcription
inheritance,GPT-29-INH-E007-U1-Leadership_Unity,1.00,1.00,True,fixed parent identification and value transcription
inheritance,GPT-29-INH-E008-U1-Tension,0.95,0.95,True,fixed parent identification and value transcription
inheritance,GPT-29-INH-E008-U1-Diplomatic_Support,0.76,0.76,True,fixed parent identification and value transcription
inheritance,GPT-29-INH-E008-U1-Public_Opinion,1.00,1.00,True,fixed parent identification and value transcription
inheritance,GPT-29-INH-E008-U1-Leadership_Unity,1.00,1.00,True,fixed parent identification and value transcription
inheritance,GPT-29-INH-E009-U1-Tension,0.85,0.85,True,fixed parent identification and value transcription
inheritance,GPT-29-INH-E009-U1-Diplomatic_Support,0.81,0.81,True,fixed parent identification and value transcription
inheritance,GPT-29-INH-E009-U1-Public_Opinion,1.00,1.00,True,fixed parent identification and value transcription
inheritance,GPT-29-INH-E009-U1-Leadership_Unity,1.00,1.00,True,fixed parent identification and value transcription
inheritance,GPT-30-INH-E001-U1-Tension,0.50,+0.50,True,fixed parent identification and value transcription
inheritance,GPT-30-INH-E001-U1-Diplomatic_Support,-0.02,-0.02,True,fixed parent identification and value transcription
inheritance,GPT-30-INH-E001-U1-Public_Opinion,-0.02,-0.02,True,fixed parent identification and value transcription
inheritance,GPT-30-INH-E001-U1-Leadership_Unity,0.60,+0.60,True,fixed parent identification and value transcription
inheritance,GPT-30-INH-E002-U1-Tension,0.00,0.00,True,fixed parent identification and value transcription
inheritance,GPT-30-INH-E002-U1-Diplomatic_Support,0.00,0.00,True,fixed parent identification and value transcription
inheritance,GPT-30-INH-E002-U1-Public_Opinion,0.00,0.00,True,fixed parent identification and value transcription
inheritance,GPT-30-INH-E002-U1-Leadership_Unity,0.00,0.00,True,fixed parent identification and value transcription
inheritance,GPT-30-INH-E003-U1-Tension,0.60,+0.60,True,fixed parent identification and value transcription
inheritance,GPT-30-INH-E003-U1-Diplomatic_Support,-0.05,-0.05,True,fixed parent identification and value transcription
inheritance,GPT-30-INH-E003-U1-Public_Opinion,-0.05,-0.05,True,fixed parent identification and value transcription
inheritance,GPT-30-INH-E003-U1-Leadership_Unity,0.55,+0.55,True,fixed parent identification and value transcription
inheritance,GPT-30-INH-E004-U1-Tension,0.40,0.40,True,fixed parent identification and value transcription
inheritance,GPT-30-INH-E004-U1-Diplomatic_Support,0.13,+0.13,True,fixed parent identification and value transcription
inheritance,GPT-30-INH-E004-U1-Public_Opinion,0.13,+0.13,True,fixed parent identification and value transcription
inheritance,GPT-30-INH-E004-U1-Leadership_Unity,0.75,+0.75,True,fixed parent identification and value transcription
inheritance,GPT-30-INH-E004-U2-Tension,0.40,0.40,True,fixed parent identification and value transcription
inheritance,GPT-30-INH-E004-U2-Diplomatic_Support,0.13,+0.13,True,fixed parent identification and value transcription
inheritance,GPT-30-INH-E004-U2-Public_Opinion,0.13,+0.13,True,fixed parent identification and value transcription
inheritance,GPT-30-INH-E004-U2-Leadership_Unity,0.75,+0.75,True,fixed parent identification and value transcription
inheritance,GPT-30-INH-E005-U1-Tension,0.10,+0.10,True,fixed parent identification and value transcription
inheritance,GPT-30-INH-E005-U1-Diplomatic_Support,-0.10,-0.10,True,fixed parent identification and value transcription
inheritance,GPT-30-INH-E005-U1-Public_Opinion,-0.05,-0.05,True,fixed parent identification and value transcription
inheritance,GPT-30-INH-E005-U1-Leadership_Unity,-0.05,-0.05,True,fixed parent identification and value transcription
inheritance,GPT-30-INH-E005-U2-Tension,0.10,+0.10,True,fixed parent identification and value transcription
inheritance,GPT-30-INH-E005-U2-Diplomatic_Support,-0.10,-0.10,True,fixed parent identification and value transcription
inheritance,GPT-30-INH-E005-U2-Public_Opinion,-0.05,-0.05,True,fixed parent identification and value transcription
inheritance,GPT-30-INH-E005-U2-Leadership_Unity,-0.05,-0.05,True,fixed parent identification and value transcription
inheritance,GPT-30-INH-E006-U1-Tension,0.65,+0.65,True,fixed parent identification and value transcription
inheritance,GPT-30-INH-E006-U1-Diplomatic_Support,-0.07,-0.07,True,fixed parent identification and value transcription
inheritance,GPT-30-INH-E006-U1-Public_Opinion,-0.07,-0.07,True,fixed parent identification and value transcription
inheritance,GPT-30-INH-E006-U1-Leadership_Unity,0.50,+0.50,True,fixed parent identification and value transcription
inheritance,GPT-30-INH-E006-U2-Tension,0.65,+0.65,True,fixed parent identification and value transcription
inheritance,GPT-30-INH-E006-U2-Diplomatic_Support,-0.07,-0.07,True,fixed parent identification and value transcription
inheritance,GPT-30-INH-E006-U2-Public_Opinion,-0.07,-0.07,True,fixed parent identification and value transcription
inheritance,GPT-30-INH-E006-U2-Leadership_Unity,0.50,+0.50,True,fixed parent identification and value transcription
inheritance,GPT-30-INH-E007-U1-Tension,0.40,0.40,True,fixed parent identification and value transcription
inheritance,GPT-30-INH-E007-U1-Diplomatic_Support,0.21,0.21,True,fixed parent identification and value transcription
inheritance,GPT-30-INH-E007-U1-Public_Opinion,0.16,0.16,True,fixed parent identification and value transcription
inheritance,GPT-30-INH-E007-U1-Leadership_Unity,0.75,0.75,True,fixed parent identification and value transcription
inheritance,GPT-30-INH-E007-U2-Tension,0.40,0.40,True,fixed parent identification and value transcription
inheritance,GPT-30-INH-E007-U2-Diplomatic_Support,0.21,0.21,True,fixed parent identification and value transcription
inheritance,GPT-30-INH-E007-U2-Public_Opinion,0.16,0.16,True,fixed parent identification and value transcription
inheritance,GPT-30-INH-E007-U2-Leadership_Unity,0.75,0.75,True,fixed parent identification and value transcription
inheritance,GPT-30-INH-E008-U1-Tension,0.20,0.20,True,fixed parent identification and value transcription
inheritance,GPT-30-INH-E008-U1-Diplomatic_Support,-0.20,-0.20,True,fixed parent identification and value transcription
inheritance,GPT-30-INH-E008-U1-Public_Opinion,-0.10,-0.10,True,fixed parent identification and value transcription
inheritance,GPT-30-INH-E008-U1-Leadership_Unity,-0.10,-0.10,True,fixed parent identification and value transcription
inheritance,GPT-30-INH-E008-U2-Tension,0.20,0.20,True,fixed parent identification and value transcription
inheritance,GPT-30-INH-E008-U2-Diplomatic_Support,-0.20,-0.20,True,fixed parent identification and value transcription
inheritance,GPT-30-INH-E008-U2-Public_Opinion,-0.10,-0.10,True,fixed parent identification and value transcription
inheritance,GPT-30-INH-E008-U2-Leadership_Unity,-0.10,-0.10,True,fixed parent identification and value transcription
inheritance,GPT-30-INH-E009-U1-Tension,0.80,0.80,True,fixed parent identification and value transcription
inheritance,GPT-30-INH-E009-U1-Diplomatic_Support,-0.12,-0.12,True,fixed parent identification and value transcription
inheritance,GPT-30-INH-E009-U1-Public_Opinion,-0.12,-0.12,True,fixed parent identification and value transcription
inheritance,GPT-30-INH-E009-U1-Leadership_Unity,0.40,0.40,True,fixed parent identification and value transcription
inheritance,GPT-30-INH-E009-U2-Tension,0.80,0.80,True,fixed parent identification and value transcription
inheritance,GPT-30-INH-E009-U2-Diplomatic_Support,-0.12,-0.12,True,fixed parent identification and value transcription
inheritance,GPT-30-INH-E009-U2-Public_Opinion,-0.12,-0.12,True,fixed parent identification and value transcription
inheritance,GPT-30-INH-E009-U2-Leadership_Unity,0.40,0.40,True,fixed parent identification and value transcription
inheritance,PER-01-INH-E001-U1-Tension,0.45,0.45,True,fixed parent identification and value transcription
inheritance,PER-01-INH-E001-U1-Diplomatic_Support,0.78,0.78,True,fixed parent identification and value transcription
inheritance,PER-01-INH-E001-U1-Public_Opinion,0.68,0.68,True,fixed parent identification and value transcription
inheritance,PER-01-INH-E001-U1-Leadership_Unity,0.85,0.85,True,fixed parent identification and value transcription
inheritance,PER-01-INH-E002-U1-Tension,0.7,0.7,True,fixed parent identification and value transcription
inheritance,PER-01-INH-E002-U1-Diplomatic_Support,0.75,0.75,True,fixed parent identification and value transcription
inheritance,PER-01-INH-E002-U1-Public_Opinion,0.65,0.65,True,fixed parent identification and value transcription
inheritance,PER-01-INH-E002-U1-Leadership_Unity,0.70,0.70,True,fixed parent identification and value transcription
inheritance,PER-01-INH-E003-U1-Tension,0.4,0.4,True,fixed parent identification and value transcription
inheritance,PER-01-INH-E003-U1-Diplomatic_Support,0.88,0.88,True,fixed parent identification and value transcription
inheritance,PER-01-INH-E003-U1-Public_Opinion,0.85,0.85,True,fixed parent identification and value transcription
inheritance,PER-01-INH-E003-U1-Leadership_Unity,0.90,0.90,True,fixed parent identification and value transcription
inheritance,PER-01-INH-E004-U1-Tension,0.80,0.80,True,fixed parent identification and value transcription
inheritance,PER-01-INH-E004-U1-Diplomatic_Support,0.76,0.76,True,fixed parent identification and value transcription
inheritance,PER-01-INH-E004-U1-Leadership_Unity,0.95,0.95,True,fixed parent identification and value transcription
inheritance,PER-01-INH-E005-U1-Tension,1.0,1.0,True,fixed parent identification and value transcription
inheritance,PER-01-INH-E005-U1-Diplomatic_Support,0.73,0.73,True,fixed parent identification and value transcription
inheritance,PER-01-INH-E005-U1-Leadership_Unity,0.95,0.95,True,fixed parent identification and value transcription
inheritance,PER-01-INH-E006-U1-Tension,0.70,0.70,True,fixed parent identification and value transcription
inheritance,PER-01-INH-E006-U1-Diplomatic_Support,0.86,0.86,True,fixed parent identification and value transcription
inheritance,PER-01-INH-E006-U1-Leadership_Unity,0.95,0.95,True,fixed parent identification and value transcription
inheritance,PER-01-INH-E007-U1-Tension,1.0,1.0,True,fixed parent identification and value transcription
inheritance,PER-01-INH-E007-U1-Diplomatic_Support,0.74,0.74,True,fixed parent identification and value transcription
inheritance,PER-01-INH-E007-U1-Leadership_Unity,0.85,0.85,True,fixed parent identification and value transcription
inheritance,PER-01-INH-E008-U1-Tension,1.0,1.0,True,fixed parent identification and value transcription
inheritance,PER-01-INH-E008-U1-Diplomatic_Support,0.71,0.71,True,fixed parent identification and value transcription
inheritance,PER-01-INH-E008-U1-Leadership_Unity,0.90,0.90,True,fixed parent identification and value transcription
inheritance,PER-01-INH-E009-U1-Tension,0.80,0.80,True,fixed parent identification and value transcription
inheritance,PER-01-INH-E009-U1-Diplomatic_Support,0.88,0.88,True,fixed parent identification and value transcription
inheritance,PER-01-INH-E009-U1-Leadership_Unity,0.95,0.95,True,fixed parent identification and value transcription
inheritance,PER-02-INH-E001-U1-Tension,0.55,0.55,True,fixed parent identification and value transcription
inheritance,PER-02-INH-E001-U1-Diplomatic_Support,0.48,0.48,True,fixed parent identification and value transcription
inheritance,PER-02-INH-E001-U1-Public_Opinion,0.48,0.48,True,fixed parent identification and value transcription
inheritance,PER-02-INH-E001-U1-Leadership_Unity,0.45,0.45,True,fixed parent identification and value transcription
inheritance,PER-02-INH-E002-U1-Tension,0.75,0.75,True,fixed parent identification and value transcription
inheritance,PER-02-INH-E002-U1-Diplomatic_Support,0.40,0.40,True,fixed parent identification and value transcription
inheritance,PER-02-INH-E002-U1-Public_Opinion,0.40,0.40,True,fixed parent identification and value transcription
inheritance,PER-02-INH-E002-U1-Leadership_Unity,0.40,0.40,True,fixed parent identification and value transcription
inheritance,PER-02-INH-E003-U1-Tension,0.45,0.45,True,fixed parent identification and value transcription
inheritance,PER-02-INH-E003-U1-Diplomatic_Support,0.60,0.60,True,fixed parent identification and value transcription
inheritance,PER-02-INH-E003-U1-Public_Opinion,0.55,0.55,True,fixed parent identification and value transcription
inheritance,PER-02-INH-E003-U1-Leadership_Unity,0.55,0.55,True,fixed parent identification and value transcription
inheritance,PER-02-INH-E004-U1-Tension,0.60,0.60,True,fixed parent identification and value transcription
inheritance,PER-02-INH-E004-U1-Diplomatic_Support,0.46,0.46,True,fixed parent identification and value transcription
inheritance,PER-02-INH-E004-U1-Public_Opinion,0.46,0.46,True,fixed parent identification and value transcription
inheritance,PER-02-INH-E004-U1-Leadership_Unity,0.40,0.40,True,fixed parent identification and value transcription
inheritance,PER-02-INH-E005-U1-Tension,0.90,0.90,True,fixed parent identification and value transcription
inheritance,PER-02-INH-E005-U1-Diplomatic_Support,0.35,0.35,True,fixed parent identification and value transcription
inheritance,PER-02-INH-E005-U1-Public_Opinion,0.35,0.35,True,fixed parent identification and value transcription
inheritance,PER-02-INH-E005-U1-Leadership_Unity,0.30,0.30,True,fixed parent identification and value transcription
inheritance,PER-02-INH-E006-U1-Tension,0.42,0.42,True,fixed parent identification and value transcription
inheritance,PER-02-INH-E006-U1-Diplomatic_Support,0.65,0.65,True,fixed parent identification and value transcription
inheritance,PER-02-INH-E006-U1-Public_Opinion,0.57,0.57,True,fixed parent identification and value transcription
inheritance,PER-02-INH-E006-U1-Leadership_Unity,0.57,0.57,True,fixed parent identification and value transcription
inheritance,PER-02-INH-E007-U1-Tension,0.75,0.75,True,fixed parent identification and value transcription
inheritance,PER-02-INH-E007-U1-Diplomatic_Support,0.41,0.41,True,fixed parent identification and value transcription
inheritance,PER-02-INH-E007-U1-Public_Opinion,0.41,0.41,True,fixed parent identification and value transcription
inheritance,PER-02-INH-E007-U1-Leadership_Unity,0.30,0.30,True,fixed parent identification and value transcription
inheritance,PER-02-INH-E008-U1-Tension,0.90,0.90,True,fixed parent identification and value transcription
inheritance,PER-02-INH-E008-U1-Diplomatic_Support,0.35,0.35,True,fixed parent identification and value transcription
inheritance,PER-02-INH-E008-U1-Public_Opinion,0.35,0.35,True,fixed parent identification and value transcription
inheritance,PER-02-INH-E008-U1-Leadership_Unity,0.20,0.20,True,fixed parent identification and value transcription
inheritance,PER-02-INH-E009-U1-Tension,0.40,0.40,True,fixed parent identification and value transcription
inheritance,PER-02-INH-E009-U1-Diplomatic_Support,0.65,0.65,True,fixed parent identification and value transcription
inheritance,PER-02-INH-E009-U1-Public_Opinion,0.58,0.58,True,fixed parent identification and value transcription
inheritance,PER-02-INH-E009-U1-Leadership_Unity,0.53,0.53,True,fixed parent identification and value transcription
inheritance,PER-03-INH-E001-U1-Tension,0.50,0.50,True,fixed parent identification and value transcription
inheritance,PER-03-INH-E001-U1-Diplomatic_Support,0.58,0.58,True,fixed parent identification and value transcription
inheritance,PER-03-INH-E001-U1-Public_Opinion,0.53,0.53,True,fixed parent identification and value transcription
inheritance,PER-03-INH-E001-U1-Leadership_Unity,0.50,0.50,True,fixed parent identification and value transcription
inheritance,PER-03-INH-E002-U1-Tension,0.65,0.65,True,fixed parent identification and value transcription
inheritance,PER-03-INH-E002-U1-Diplomatic_Support,0.45,0.45,True,fixed parent identification and value transcription
inheritance,PER-03-INH-E002-U1-Public_Opinion,0.45,0.45,True,fixed parent identification and value transcription
inheritance,PER-03-INH-E002-U1-Leadership_Unity,0.40,0.40,True,fixed parent identification and value transcription
inheritance,PER-03-INH-E003-U1-Tension,0.45,0.45,True,fixed parent identification and value transcription
inheritance,PER-03-INH-E003-U1-Diplomatic_Support,0.60,0.60,True,fixed parent identification and value transcription
inheritance,PER-03-INH-E003-U1-Public_Opinion,0.55,0.55,True,fixed parent identification and value transcription
inheritance,PER-03-INH-E003-U1-Leadership_Unity,0.55,0.55,True,fixed parent identification and value transcription
inheritance,PER-03-INH-E004-U1-Tension,1.00,1.00,True,fixed parent identification and value transcription
inheritance,PER-03-INH-E004-U1-Diplomatic_Support,0.56,0.56,True,fixed parent identification and value transcription
inheritance,PER-03-INH-E004-U1-Public_Opinion,0.51,0.51,True,fixed parent identification and value transcription
inheritance,PER-03-INH-E004-U1-Leadership_Unity,1.00,1.00,True,fixed parent identification and value transcription
inheritance,PER-03-INH-E005-U1-Tension,1.00,1.00,True,fixed parent identification and value transcription
inheritance,PER-03-INH-E005-U1-Diplomatic_Support,0.40,0.40,True,fixed parent identification and value transcription
inheritance,PER-03-INH-E005-U1-Public_Opinion,0.40,0.40,True,fixed parent identification and value transcription
inheritance,PER-03-INH-E005-U1-Leadership_Unity,0.95,0.95,True,fixed parent identification and value transcription
inheritance,PER-03-INH-E006-U1-Tension,0.40,0.40,True,fixed parent identification and value transcription
inheritance,PER-03-INH-E006-U1-Diplomatic_Support,0.70,0.70,True,fixed parent identification and value transcription
inheritance,PER-03-INH-E006-U1-Public_Opinion,0.60,0.60,True,fixed parent identification and value transcription
inheritance,PER-03-INH-E006-U1-Leadership_Unity,0.60,0.60,True,fixed parent identification and value transcription
inheritance,PER-03-INH-E007-U1-Diplomatic_Support,0.51,0.51,True,fixed parent identification and value transcription
inheritance,PER-03-INH-E007-U1-Public_Opinion,0.46,0.46,True,fixed parent identification and value transcription
inheritance,PER-03-INH-E007-U1-Leadership_Unity,0.90,0.90,True,fixed parent identification and value transcription
inheritance,PER-03-INH-E008-U1-Tension,1.00,1.00,True,fixed parent identification and value transcription
inheritance,PER-03-INH-E008-U1-Diplomatic_Support,0.35,0.35,True,fixed parent identification and value transcription
inheritance,PER-03-INH-E008-U1-Public_Opinion,0.35,0.35,True,fixed parent identification and value transcription
inheritance,PER-03-INH-E008-U1-Leadership_Unity,0.85,0.85,True,fixed parent identification and value transcription
inheritance,PER-03-INH-E009-U1-Tension,0.35,0.35,True,fixed parent identification and value transcription
inheritance,PER-03-INH-E009-U1-Diplomatic_Support,0.80,0.80,True,fixed parent identification and value transcription
inheritance,PER-03-INH-E009-U1-Public_Opinion,0.65,0.65,True,fixed parent identification and value transcription
inheritance,PER-03-INH-E009-U1-Leadership_Unity,0.65,0.65,True,fixed parent identification and value transcription
weight_quote,AWV-001,numeric_match,준수/준수,True,"quoted original rule index, not AHP execution"
weight_quote,AWV-002,numeric_match,준수/준수,True,"quoted original rule index, not AHP execution"
weight_quote,AWV-003,numeric_match,준수/준수,True,"quoted original rule index, not AHP execution"
weight_quote,AWV-004,numeric_match,준수/준수,True,"quoted original rule index, not AHP execution"
weight_quote,AWV-005,numeric_match,준수/준수,True,"quoted original rule index, not AHP execution"
weight_quote,AWV-006,numeric_match,준수/준수,True,"quoted original rule index, not AHP execution"
weight_quote,AWV-007,numeric_match,준수/준수,True,"quoted original rule index, not AHP execution"
weight_quote,AWV-008,numeric_match,준수/준수,True,"quoted original rule index, not AHP execution"
weight_quote,AWV-009,numeric_match,준수/준수,True,"quoted original rule index, not AHP execution"
weight_quote,AWV-010,missing_attributed_path,위반/적용 대상 아님,True,"quoted original rule index, not AHP execution"
weight_quote,AWV-011,missing_attributed_path,위반/적용 대상 아님,True,"quoted original rule index, not AHP execution"
weight_quote,AWV-012,numeric_match,준수/준수,True,"quoted original rule index, not AHP execution"
weight_quote,AWV-013,numeric_match,준수/준수,True,"quoted original rule index, not AHP execution"
weight_quote,AWV-014,numeric_match,준수/준수,True,"quoted original rule index, not AHP execution"
weight_quote,AWV-015,numeric_match,준수/준수,True,"quoted original rule index, not AHP execution"
weight_quote,AWV-016,numeric_match,준수/준수,True,"quoted original rule index, not AHP execution"
weight_quote,AWV-017,numeric_match,준수/준수,True,"quoted original rule index, not AHP execution"
weight_quote,AWV-018,numeric_match,준수/준수,True,"quoted original rule index, not AHP execution"
weight_quote,AWV-019,missing_attributed_path,위반/적용 대상 아님,True,"quoted original rule index, not AHP execution"
weight_quote,AWV-020,missing_attributed_path,위반/적용 대상 아님,True,"quoted original rule index, not AHP execution"
weight_quote,AWV-021,missing_attributed_path,위반/적용 대상 아님,True,"quoted original rule index, not AHP execution"
weight_quote,AWV-022,missing_attributed_path,위반/적용 대상 아님,True,"quoted original rule index, not AHP execution"
weight_quote,AWV-023,missing_attributed_path,위반/적용 대상 아님,True,"quoted original rule index, not AHP execution"
weight_quote,AWV-024,missing_attributed_path,위반/적용 대상 아님,True,"quoted original rule index, not AHP execution"
weight_quote,AWV-025,numeric_mismatch,준수/위반,True,"quoted original rule index, not AHP execution"
weight_quote,AWV-026,missing_attributed_path,위반/적용 대상 아님,True,"quoted original rule index, not AHP execution"
weight_quote,AWV-027,missing_attributed_path,위반/적용 대상 아님,True,"quoted original rule index, not AHP execution"
effect_arithmetic,GEM05-T4-WAR-ACTION-T,0.30,0.30,True,"explicit fixed event set; includes internal-only formulas, no pooled rate"
effect_arithmetic,GEM05-T4-WAR-TOTAL-T,0.35,0.35,True,"explicit fixed event set; includes internal-only formulas, no pooled rate"
effect_arithmetic,GEM08-T4-INTERNAL-DISPUTE-IMPLIED,-0.15,-0.15,True,"explicit fixed event set; includes internal-only formulas, no pooled rate"
effect_arithmetic,GEM-02-T3-S2-LU-CLAMP,0.10,0.10,True,"explicit fixed event set; includes internal-only formulas, no pooled rate"
effect_arithmetic,GEM-15-T2-MAIN-T-SUM,-0.10,-0.10,True,"explicit fixed event set; includes internal-only formulas, no pooled rate"
effect_arithmetic,GEM-15-T3-MAIN-T-CLAMP,0.85,0.85,True,"explicit fixed event set; includes internal-only formulas, no pooled rate"
effect_arithmetic,GEM-15-T3-ALTA-T-CLAMP,0.90,0.90,True,"explicit fixed event set; includes internal-only formulas, no pooled rate"
effect_arithmetic,GEM-25-T1-US-INTRODUCED-FORMULA,0.90,0.90,True,"explicit fixed event set; includes internal-only formulas, no pooled rate"
effect_arithmetic,GEM-25-T1-SU-INTRODUCED-FORMULA,0.825,0.825,True,"explicit fixed event set; includes internal-only formulas, no pooled rate"
effect_arithmetic,GEM-29-T3-US-DS-SUM,0.05,0.05,True,"explicit fixed event set; includes internal-only formulas, no pooled rate"
effect_arithmetic,GEM-29-T4-SU-SIMPLIFY-Tension,0.05,0.05,True,"explicit fixed event set; includes internal-only formulas, no pooled rate"
effect_arithmetic,GEM-29-T4-SU-SIMPLIFY-Diplomatic_Support,-0.05,-0.05,True,"explicit fixed event set; includes internal-only formulas, no pooled rate"
effect_arithmetic,GEM-29-T4-SU-SIMPLIFY-Public_Opinion,-0.1,-0.10,True,"explicit fixed event set; includes internal-only formulas, no pooled rate"
effect_arithmetic,GEM-29-T4-SU-SIMPLIFY-Leadership_Unity,-0.25,-0.25,True,"explicit fixed event set; includes internal-only formulas, no pooled rate"
threshold,SUP-THRESH-GEM-23-T1-63a3a9fad2,준수,준수,True,fixed action/state/timing; quote presence within frozen evidence
threshold,SUP-THRESH-GEM-23-T1-be716af349,준수,준수,True,fixed action/state/timing; quote presence within frozen evidence
threshold,SUP-THRESH-GEM-23-T1-051e6c412d,판정 불가,판정 불가,True,fixed action/state/timing; quote presence within frozen evidence
threshold,SUP-THRESH-GEM-23-T1-cd445791ce,준수,준수,True,fixed action/state/timing; quote presence within frozen evidence
threshold,SUP-THRESH-GEM-23-T1-aa8d5e5bed,준수,준수,True,fixed action/state/timing; quote presence within frozen evidence
threshold,SUP-THRESH-GEM-23-T1-957034c5eb,판정 불가,판정 불가,True,fixed action/state/timing; quote presence within frozen evidence
threshold,SUP-THRESH-GEM-23-T2-0c7e788116,준수,준수,True,fixed action/state/timing; quote presence within frozen evidence
threshold,SUP-THRESH-GEM-23-T2-ea8c69e36a,판정 불가,판정 불가,True,fixed action/state/timing; quote presence within frozen evidence
threshold,SUP-THRESH-GEM-23-T2-913c032779,판정 불가,판정 불가,True,fixed action/state/timing; quote presence within frozen evidence
threshold,SUP-THRESH-GEM-23-T2-95e157b93a,판정 불가,판정 불가,True,fixed action/state/timing; quote presence within frozen evidence
threshold,SUP-THRESH-GEM-23-T2-a8f3f3b271,준수,준수,True,fixed action/state/timing; quote presence within frozen evidence
threshold,SUP-THRESH-GEM-23-T2-114f82bc47,판정 불가,판정 불가,True,fixed action/state/timing; quote presence within frozen evidence
threshold,SUP-THRESH-GEM-23-T2-ca5739e992,준수,준수,True,fixed action/state/timing; quote presence within frozen evidence
threshold,SUP-THRESH-GEM-23-T2-44a18b05fa,준수,준수,True,fixed action/state/timing; quote presence within frozen evidence
threshold,SUP-THRESH-GEM-23-T2-0e0390cb6e,판정 불가,판정 불가,True,fixed action/state/timing; quote presence within frozen evidence
threshold,SUP-THRESH-GEM-23-T2-5073db14cc,판정 불가,판정 불가,True,fixed action/state/timing; quote presence within frozen evidence
threshold,SUP-THRESH-GEM-23-T3-0c7e788116,판정 불가,판정 불가,True,fixed action/state/timing; quote presence within frozen evidence
threshold,SUP-THRESH-GEM-23-T3-95e157b93a,판정 불가,판정 불가,True,fixed action/state/timing; quote presence within frozen evidence
threshold,SUP-THRESH-GEM-23-T3-ca5739e992,준수,준수,True,fixed action/state/timing; quote presence within frozen evidence
threshold,SUP-THRESH-GEM-23-T3-44a18b05fa,준수,준수,True,fixed action/state/timing; quote presence within frozen evidence
threshold,SUP-THRESH-GEM-23-T3-0e0390cb6e,판정 불가,판정 불가,True,fixed action/state/timing; quote presence within frozen evidence
threshold,SUP-THRESH-GEM-23-T3-5073db14cc,판정 불가,판정 불가,True,fixed action/state/timing; quote presence within frozen evidence
threshold,SUP-THRESH-GEM-23-T4-0c7e788116,준수,준수,True,fixed action/state/timing; quote presence within frozen evidence
threshold,SUP-THRESH-GEM-23-T4-95e157b93a,판정 불가,판정 불가,True,fixed action/state/timing; quote presence within frozen evidence
threshold,SUP-THRESH-GEM-23-T4-ca5739e992,준수,준수,True,fixed action/state/timing; quote presence within frozen evidence
threshold,SUP-THRESH-GEM-23-T4-44a18b05fa,준수,준수,True,fixed action/state/timing; quote presence within frozen evidence
threshold,SUP-THRESH-GEM-23-T4-0e0390cb6e,판정 불가,판정 불가,True,fixed action/state/timing; quote presence within frozen evidence
threshold,SUP-THRESH-GEM-23-T4-5073db14cc,판정 불가,판정 불가,True,fixed action/state/timing; quote presence within frozen evidence
threshold,SUP-THRESH-GEM-29-T1-63a3a9fad2,준수,준수,True,fixed action/state/timing; quote presence within frozen evidence
threshold,SUP-THRESH-GEM-29-T1-be716af349,준수,준수,True,fixed action/state/timing; quote presence within frozen evidence
threshold,SUP-THRESH-GEM-29-T1-051e6c412d,판정 불가,판정 불가,True,fixed action/state/timing; quote presence within frozen evidence
threshold,SUP-THRESH-GEM-29-T1-cd445791ce,준수,준수,True,fixed action/state/timing; quote presence within frozen evidence
threshold,SUP-THRESH-GEM-29-T1-aa8d5e5bed,준수,준수,True,fixed action/state/timing; quote presence within frozen evidence
threshold,SUP-THRESH-GEM-29-T1-957034c5eb,판정 불가,판정 불가,True,fixed action/state/timing; quote presence within frozen evidence
threshold,SUP-THRESH-GEM-29-T2-0c7e788116,판정 불가,판정 불가,True,fixed action/state/timing; quote presence within frozen evidence
threshold,SUP-THRESH-GEM-29-T2-95e157b93a,판정 불가,판정 불가,True,fixed action/state/timing; quote presence within frozen evidence
threshold,SUP-THRESH-GEM-29-T2-954e072fe3,준수,준수,True,fixed action/state/timing; quote presence within frozen evidence
threshold,SUP-THRESH-GEM-29-T2-e10e4606b3,준수,준수,True,fixed action/state/timing; quote presence within frozen evidence
threshold,SUP-THRESH-GEM-29-T2-c7d77efdfa,준수,준수,True,fixed action/state/timing; quote presence within frozen evidence
threshold,SUP-THRESH-GEM-29-T2-f8c8bfbfda,판정 불가,판정 불가,True,fixed action/state/timing; quote presence within frozen evidence
threshold,SUP-THRESH-GEM-29-T3-0c7e788116,판정 불가,판정 불가,True,fixed action/state/timing; quote presence within frozen evidence
threshold,SUP-THRESH-GEM-29-T3-95e157b93a,판정 불가,판정 불가,True,fixed action/state/timing; quote presence within frozen evidence
threshold,SUP-THRESH-GEM-29-T3-954e072fe3,준수,준수,True,fixed action/state/timing; quote presence within frozen evidence
threshold,SUP-THRESH-GEM-29-T3-e10e4606b3,준수,준수,True,fixed action/state/timing; quote presence within frozen evidence
threshold,SUP-THRESH-GEM-29-T3-c7d77efdfa,판정 불가,판정 불가,True,fixed action/state/timing; quote presence within frozen evidence
threshold,SUP-THRESH-GEM-29-T3-f8c8bfbfda,준수,준수,True,fixed action/state/timing; quote presence within frozen evidence
threshold,SUP-THRESH-GEM-29-T4-0c7e788116,판정 불가,판정 불가,True,fixed action/state/timing; quote presence within frozen evidence
threshold,SUP-THRESH-GEM-29-T4-95e157b93a,준수,준수,True,fixed action/state/timing; quote presence within frozen evidence
threshold,SUP-THRESH-GEM-29-T4-954e072fe3,준수,준수,True,fixed action/state/timing; quote presence within frozen evidence
threshold,SUP-THRESH-GEM-29-T4-e10e4606b3,준수,준수,True,fixed action/state/timing; quote presence within frozen evidence
threshold,SUP-THRESH-GEM-29-T4-c7d77efdfa,판정 불가,판정 불가,True,fixed action/state/timing; quote presence within frozen evidence
threshold,SUP-THRESH-GEM-29-T4-f8c8bfbfda,판정 불가,판정 불가,True,fixed action/state/timing; quote presence within frozen evidence
threshold,SUP-THRESH-PER-18-T4-7970d2409b,위반,위반,True,fixed action/state/timing; quote presence within frozen evidence
threshold,SUP-THRESH-PER-18-T4-b367e44a3f,준수,준수,True,fixed action/state/timing; quote presence within frozen evidence
threshold,SUP-THRESH-PER-18-T4-79cdcca481,준수,준수,True,fixed action/state/timing; quote presence within frozen evidence
threshold,SUP-THRESH-PER-18-T4-f30dad72ac,판정 불가,판정 불가,True,fixed action/state/timing; quote presence within frozen evidence
threshold,SUP-THRESH-PER-20-T4-0027a7abb7,준수,준수,True,fixed action/state/timing; quote presence within frozen evidence
threshold,SUP-THRESH-PER-20-T4-5240bc2888,준수,준수,True,fixed action/state/timing; quote presence within frozen evidence
threshold,SUP-THRESH-PER-20-T4-66a0a141e2,판정 불가,판정 불가,True,fixed action/state/timing; quote presence within frozen evidence
threshold,SUP-THRESH-PER-23-T4-229f64f559,위반,위반,True,fixed action/state/timing; quote presence within frozen evidence
threshold,SUP-THRESH-PER-23-T4-c9e8b05051,준수,준수,True,fixed action/state/timing; quote presence within frozen evidence
threshold,SUP-THRESH-PER-23-T4-16f52d6401,판정 불가,판정 불가,True,fixed action/state/timing; quote presence within frozen evidence
threshold,SUP-THRESH-PER-23-T4-a3d1cf964e,준수,준수,True,fixed action/state/timing; quote presence within frozen evidence
threshold,SUP-THRESH-PER-23-T4-467c574b72,판정 불가,판정 불가,True,fixed action/state/timing; quote presence within frozen evidence
threshold,SUP-THRESH-GEM-28-T1-160fd8cbc1,준수,준수,True,fixed action/state/timing; quote presence within frozen evidence
threshold,SUP-THRESH-GEM-28-T1-46c0a2bf61,준수,준수,True,fixed action/state/timing; quote presence within frozen evidence
threshold,SUP-THRESH-GEM-28-T1-f7318e582d,판정 불가,판정 불가,True,fixed action/state/timing; quote presence within frozen evidence
threshold,SUP-THRESH-GEM-28-T2-0c7e788116,판정 불가,판정 불가,True,fixed action/state/timing; quote presence within frozen evidence
threshold,SUP-THRESH-GEM-28-T2-95e157b93a,판정 불가,판정 불가,True,fixed action/state/timing; quote presence within frozen evidence
threshold,SUP-THRESH-GEM-28-T2-954e072fe3,판정 불가,판정 불가,True,fixed action/state/timing; quote presence within frozen evidence
threshold,SUP-THRESH-GEM-28-T2-e10e4606b3,판정 불가,판정 불가,True,fixed action/state/timing; quote presence within frozen evidence
threshold,SUP-THRESH-GEM-28-T2-034dbcba17,판정 불가,판정 불가,True,fixed action/state/timing; quote presence within frozen evidence
threshold,SUP-THRESH-GEM-28-T2-1eb7e53c11,판정 불가,판정 불가,True,fixed action/state/timing; quote presence within frozen evidence
threshold,SUP-THRESH-GEM-28-T3-0c7e788116,판정 불가,판정 불가,True,fixed action/state/timing; quote presence within frozen evidence
threshold,SUP-THRESH-GEM-28-T3-95e157b93a,판정 불가,판정 불가,True,fixed action/state/timing; quote presence within frozen evidence
threshold,SUP-THRESH-GEM-28-T3-954e072fe3,판정 불가,판정 불가,True,fixed action/state/timing; quote presence within frozen evidence
threshold,SUP-THRESH-GEM-28-T3-e10e4606b3,판정 불가,판정 불가,True,fixed action/state/timing; quote presence within frozen evidence
threshold,SUP-THRESH-GEM-28-T3-034dbcba17,판정 불가,판정 불가,True,fixed action/state/timing; quote presence within frozen evidence
threshold,SUP-THRESH-GEM-28-T3-1eb7e53c11,판정 불가,판정 불가,True,fixed action/state/timing; quote presence within frozen evidence
threshold,SUP-THRESH-GEM-28-T4-0c7e788116,판정 불가,판정 불가,True,fixed action/state/timing; quote presence within frozen evidence
threshold,SUP-THRESH-GEM-28-T4-95e157b93a,판정 불가,판정 불가,True,fixed action/state/timing; quote presence within frozen evidence
threshold,SUP-THRESH-GEM-28-T4-954e072fe3,판정 불가,판정 불가,True,fixed action/state/timing; quote presence within frozen evidence
threshold,SUP-THRESH-GEM-28-T4-e10e4606b3,판정 불가,판정 불가,True,fixed action/state/timing; quote presence within frozen evidence
threshold,SUP-THRESH-GEM-28-T4-034dbcba17,판정 불가,판정 불가,True,fixed action/state/timing; quote presence within frozen evidence
threshold,SUP-THRESH-GEM-28-T4-1eb7e53c11,판정 불가,판정 불가,True,fixed action/state/timing; quote presence within frozen evidence
threshold,SUP-THRESH-GEM-30-T1-63a3a9fad2,준수,준수,True,fixed action/state/timing; quote presence within frozen evidence
threshold,SUP-THRESH-GEM-30-T1-be716af349,준수,준수,True,fixed action/state/timing; quote presence within frozen evidence
threshold,SUP-THRESH-GEM-30-T1-051e6c412d,판정 불가,판정 불가,True,fixed action/state/timing; quote presence within frozen evidence
threshold,SUP-THRESH-GEM-30-T1-cd445791ce,판정 불가,판정 불가,True,fixed action/state/timing; quote presence within frozen evidence
threshold,SUP-THRESH-GEM-30-T1-aa8d5e5bed,준수,준수,True,fixed action/state/timing; quote presence within frozen evidence
threshold,SUP-THRESH-GEM-30-T1-957034c5eb,준수,준수,True,fixed action/state/timing; quote presence within frozen evidence
threshold,SUP-THRESH-GEM-30-T2-0c7e788116,판정 불가,판정 불가,True,fixed action/state/timing; quote presence within frozen evidence
threshold,SUP-THRESH-GEM-30-T2-95e157b93a,판정 불가,판정 불가,True,fixed action/state/timing; quote presence within frozen evidence
threshold,SUP-THRESH-GEM-30-T2-874ee9019f,준수,준수,True,fixed action/state/timing; quote presence within frozen evidence
threshold,SUP-THRESH-GEM-30-T2-e03f05b70a,준수,준수,True,fixed action/state/timing; quote presence within frozen evidence
threshold,SUP-THRESH-GEM-30-T2-bf4dc6d9cb,판정 불가,판정 불가,True,fixed action/state/timing; quote presence within frozen evidence
threshold,SUP-THRESH-GEM-30-T2-2915d7097a,판정 불가,판정 불가,True,fixed action/state/timing; quote presence within frozen evidence
threshold,SUP-THRESH-GEM-30-T3-0c7e788116,판정 불가,판정 불가,True,fixed action/state/timing; quote presence within frozen evidence
threshold,SUP-THRESH-GEM-30-T3-95e157b93a,판정 불가,판정 불가,True,fixed action/state/timing; quote presence within frozen evidence
threshold,SUP-THRESH-GEM-30-T3-874ee9019f,준수,준수,True,fixed action/state/timing; quote presence within frozen evidence
threshold,SUP-THRESH-GEM-30-T3-e03f05b70a,판정 불가,판정 불가,True,fixed action/state/timing; quote presence within frozen evidence
threshold,SUP-THRESH-GEM-30-T3-bf4dc6d9cb,준수,준수,True,fixed action/state/timing; quote presence within frozen evidence
threshold,SUP-THRESH-GEM-30-T3-2915d7097a,판정 불가,판정 불가,True,fixed action/state/timing; quote presence within frozen evidence
threshold,SUP-THRESH-GEM-30-T4-0c7e788116,판정 불가,판정 불가,True,fixed action/state/timing; quote presence within frozen evidence
threshold,SUP-THRESH-GEM-30-T4-95e157b93a,판정 불가,판정 불가,True,fixed action/state/timing; quote presence within frozen evidence
threshold,SUP-THRESH-GEM-30-T4-874ee9019f,판정 불가,판정 불가,True,fixed action/state/timing; quote presence within frozen evidence
threshold,SUP-THRESH-GEM-30-T4-e03f05b70a,판정 불가,판정 불가,True,fixed action/state/timing; quote presence within frozen evidence
threshold,SUP-THRESH-GEM-30-T4-bf4dc6d9cb,판정 불가,판정 불가,True,fixed action/state/timing; quote presence within frozen evidence
threshold,SUP-THRESH-GEM-30-T4-2915d7097a,판정 불가,판정 불가,True,fixed action/state/timing; quote presence within frozen evidence
threshold,SUP-THRESH-GEM-30-FINAL-c2f1db121c,위반,위반,True,fixed action/state/timing; quote presence within frozen evidence
threshold,SUP-THRESH-GEM-27-T1-160fd8cbc1,준수,준수,True,fixed action/state/timing; quote presence within frozen evidence
threshold,SUP-THRESH-GEM-27-T1-46c0a2bf61,준수,준수,True,fixed action/state/timing; quote presence within frozen evidence
threshold,SUP-THRESH-GEM-27-T1-f7318e582d,판정 불가,판정 불가,True,fixed action/state/timing; quote presence within frozen evidence
threshold,SUP-THRESH-GEM-27-T2-7efb432c7e,판정 불가,판정 불가,True,fixed action/state/timing; quote presence within frozen evidence
threshold,SUP-THRESH-GEM-27-T2-92be161ea2,준수,준수,True,fixed action/state/timing; quote presence within frozen evidence
threshold,SUP-THRESH-GEM-27-T2-eefeea5bcf,판정 불가,판정 불가,True,fixed action/state/timing; quote presence within frozen evidence
threshold,SUP-THRESH-GEM-27-T2-5d68f66536,준수,준수,True,fixed action/state/timing; quote presence within frozen evidence
threshold,SUP-THRESH-GEM-27-T2-2d179b75d9,판정 불가,판정 불가,True,fixed action/state/timing; quote presence within frozen evidence
threshold,SUP-THRESH-GEM-27-T2-47bdcbbdfb,준수,준수,True,fixed action/state/timing; quote presence within frozen evidence
threshold,SUP-THRESH-GEM-27-T2-67cab84c9b,준수,준수,True,fixed action/state/timing; quote presence within frozen evidence
threshold,SUP-THRESH-GEM-27-T3-7efb432c7e,판정 불가,판정 불가,True,fixed action/state/timing; quote presence within frozen evidence
threshold,SUP-THRESH-GEM-27-T3-92be161ea2,준수,준수,True,fixed action/state/timing; quote presence within frozen evidence
threshold,SUP-THRESH-GEM-27-T3-eefeea5bcf,준수,준수,True,fixed action/state/timing; quote presence within frozen evidence
threshold,SUP-THRESH-GEM-27-T3-5d68f66536,준수,준수,True,fixed action/state/timing; quote presence within frozen evidence
threshold,SUP-THRESH-GEM-27-T3-2d179b75d9,준수,준수,True,fixed action/state/timing; quote presence within frozen evidence
threshold,SUP-THRESH-GEM-27-T3-adb46ef9cb,준수,준수,True,fixed action/state/timing; quote presence within frozen evidence
threshold,SUP-THRESH-GEM-27-T3-47bdcbbdfb,준수,준수,True,fixed action/state/timing; quote presence within frozen evidence
threshold,SUP-THRESH-GEM-27-T3-67cab84c9b,판정 불가,판정 불가,True,fixed action/state/timing; quote presence within frozen evidence
threshold,SUP-THRESH-GEM-27-T3-694f2b0e13,준수,준수,True,fixed action/state/timing; quote presence within frozen evidence
threshold,SUP-THRESH-GEM-26-T3-7970d2409b,준수,준수,True,fixed action/state/timing; quote presence within frozen evidence
threshold,SUP-THRESH-GEM-26-T3-b367e44a3f,준수,준수,True,fixed action/state/timing; quote presence within frozen evidence
threshold,SUP-THRESH-GEM-26-T3-988d51d684,준수,준수,True,fixed action/state/timing; quote presence within frozen evidence
threshold,SUP-THRESH-GEM-26-T3-95ab5d62d7,준수,준수,True,fixed action/state/timing; quote presence within frozen evidence
threshold,SUP-THRESH-GEM-26-T3-f30dad72ac,준수,준수,True,fixed action/state/timing; quote presence within frozen evidence
threshold,SUP-THRESH-GEM-26-T3-60ee83a391,준수,준수,True,fixed action/state/timing; quote presence within frozen evidence
threshold,SUP-THRESH-GEM-26-T1-0a5532f6f3,준수,준수,True,fixed action/state/timing; quote presence within frozen evidence
threshold,SUP-THRESH-GEM-26-T1-be5b351ace,준수,준수,True,fixed action/state/timing; quote presence within frozen evidence
threshold,SUP-THRESH-GEM-26-T1-a0a4eb3904,판정 불가,판정 불가,True,fixed action/state/timing; quote presence within frozen evidence
threshold,SUP-THRESH-GEM-26-T2-7970d2409b,준수,준수,True,fixed action/state/timing; quote presence within frozen evidence
threshold,SUP-THRESH-GEM-26-T2-b367e44a3f,준수,준수,True,fixed action/state/timing; quote presence within frozen evidence
threshold,SUP-THRESH-GEM-26-T2-988d51d684,준수,준수,True,fixed action/state/timing; quote presence within frozen evidence
threshold,SUP-THRESH-GEM-26-T2-95ab5d62d7,준수,준수,True,fixed action/state/timing; quote presence within frozen evidence
threshold,SUP-THRESH-GEM-26-T2-f30dad72ac,준수,준수,True,fixed action/state/timing; quote presence within frozen evidence
threshold,SUP-THRESH-GEM-26-T2-60ee83a391,준수,준수,True,fixed action/state/timing; quote presence within frozen evidence
threshold,SUP-THRESH-GEM-25-T1-160fd8cbc1,준수,준수,True,fixed action/state/timing; quote presence within frozen evidence
threshold,SUP-THRESH-GEM-25-T1-46c0a2bf61,준수,준수,True,fixed action/state/timing; quote presence within frozen evidence
threshold,SUP-THRESH-GEM-25-T1-f7318e582d,판정 불가,판정 불가,True,fixed action/state/timing; quote presence within frozen evidence
threshold,SUP-THRESH-GEM-25-T2-0c7e788116,판정 불가,판정 불가,True,fixed action/state/timing; quote presence within frozen evidence
threshold,SUP-THRESH-GEM-25-T2-95e157b93a,판정 불가,판정 불가,True,fixed action/state/timing; quote presence within frozen evidence
threshold,SUP-THRESH-GEM-25-T2-4aa875cb41,준수,준수,True,fixed action/state/timing; quote presence within frozen evidence
threshold,SUP-THRESH-GEM-25-T2-e82bc409af,준수,준수,True,fixed action/state/timing; quote presence within frozen evidence
threshold,SUP-THRESH-GEM-25-T3-0c7e788116,준수,준수,True,fixed action/state/timing; quote presence within frozen evidence
threshold,SUP-THRESH-GEM-25-T3-95e157b93a,준수,준수,True,fixed action/state/timing; quote presence within frozen evidence
threshold,SUP-THRESH-GEM-25-T3-4aa875cb41,준수,준수,True,fixed action/state/timing; quote presence within frozen evidence
threshold,SUP-THRESH-GEM-25-T3-e82bc409af,준수,준수,True,fixed action/state/timing; quote presence within frozen evidence
threshold,SUP-THRESH-GEM-25-T4-0c7e788116,판정 불가,판정 불가,True,fixed action/state/timing; quote presence within frozen evidence
threshold,SUP-THRESH-GEM-25-T4-95e157b93a,준수,준수,True,fixed action/state/timing; quote presence within frozen evidence
threshold,SUP-THRESH-GEM-25-T4-4aa875cb41,준수,준수,True,fixed action/state/timing; quote presence within frozen evidence
threshold,SUP-THRESH-GEM-25-T4-e82bc409af,준수,준수,True,fixed action/state/timing; quote presence within frozen evidence
threshold,SUP-THRESH-GEM-27-T4-7efb432c7e,위반,위반,True,fixed action/state/timing; quote presence within frozen evidence
threshold,SUP-THRESH-GEM-27-T4-92be161ea2,위반,위반,True,fixed action/state/timing; quote presence within frozen evidence
threshold,SUP-THRESH-GEM-27-T4-eefeea5bcf,준수,준수,True,fixed action/state/timing; quote presence within frozen evidence
threshold,SUP-THRESH-GEM-27-T4-b2a71d7fa8,준수,준수,True,fixed action/state/timing; quote presence within frozen evidence
threshold,SUP-THRESH-GEM-27-T4-e7dfde67b2,판정 불가,판정 불가,True,fixed action/state/timing; quote presence within frozen evidence
threshold,SUP-THRESH-GEM-27-T4-6849c3efdd,준수,준수,True,fixed action/state/timing; quote presence within frozen evidence
threshold,SUP-THRESH-GEM-27-T4-ea1ef481a7,판정 불가,판정 불가,True,fixed action/state/timing; quote presence within frozen evidence
threshold,SUP-THRESH-GEM-26-T4-988d51d684,위반,위반,True,fixed action/state/timing; quote presence within frozen evidence
threshold,SUP-THRESH-GEM-26-T4-95ab5d62d7,준수,준수,True,fixed action/state/timing; quote presence within frozen evidence
threshold,SUP-THRESH-GEM-26-T4-7970d2409b,준수,준수,True,fixed action/state/timing; quote presence within frozen evidence
threshold,SUP-THRESH-GEM-26-T4-b367e44a3f,준수,준수,True,fixed action/state/timing; quote presence within frozen evidence
threshold,SUP-THRESH-GEM-26-T4-f30dad72ac,준수,준수,True,fixed action/state/timing; quote presence within frozen evidence
threshold,SUP-THRESH-GEM-26-T4-60ee83a391,준수,준수,True,fixed action/state/timing; quote presence within frozen evidence
threshold,SUP-THRESH-GEM-24-T1-160fd8cbc1,준수,준수,True,fixed action/state/timing; quote presence within frozen evidence
threshold,SUP-THRESH-GEM-24-T1-46c0a2bf61,준수,준수,True,fixed action/state/timing; quote presence within frozen evidence
threshold,SUP-THRESH-GEM-24-T1-f7318e582d,판정 불가,판정 불가,True,fixed action/state/timing; quote presence within frozen evidence
threshold,SUP-THRESH-GEM-24-T2-0c7e788116,판정 불가,판정 불가,True,fixed action/state/timing; quote presence within frozen evidence
threshold,SUP-THRESH-GEM-24-T2-ea8c69e36a,준수,준수,True,fixed action/state/timing; quote presence within frozen evidence
threshold,SUP-THRESH-GEM-24-T2-95e157b93a,판정 불가,판정 불가,True,fixed action/state/timing; quote presence within frozen evidence
threshold,SUP-THRESH-GEM-24-T2-a8f3f3b271,준수,준수,True,fixed action/state/timing; quote presence within frozen evidence
threshold,SUP-THRESH-GEM-24-T2-0738caa3d4,준수,준수,True,fixed action/state/timing; quote presence within frozen evidence
threshold,SUP-THRESH-GEM-24-T2-e5fd9b1a04,판정 불가,판정 불가,True,fixed action/state/timing; quote presence within frozen evidence
threshold,SUP-THRESH-GEM-24-T2-be366b8fb8,준수,준수,True,fixed action/state/timing; quote presence within frozen evidence
threshold,SUP-THRESH-GEM-24-T2-bb33865d77,준수,준수,True,fixed action/state/timing; quote presence within frozen evidence
threshold,SUP-THRESH-GEM-24-T2-4b8425dedf,준수,준수,True,fixed action/state/timing; quote presence within frozen evidence
threshold,SUP-THRESH-GEM-24-T2-66ed1bbf13,준수,준수,True,fixed action/state/timing; quote presence within frozen evidence
threshold,SUP-THRESH-GEM-24-T3-0c7e788116,준수,준수,True,fixed action/state/timing; quote presence within frozen evidence
threshold,SUP-THRESH-GEM-24-T3-ea8c69e36a,준수,준수,True,fixed action/state/timing; quote presence within frozen evidence
threshold,SUP-THRESH-GEM-24-T3-95e157b93a,판정 불가,판정 불가,True,fixed action/state/timing; quote presence within frozen evidence
threshold,SUP-THRESH-GEM-24-T3-a8f3f3b271,준수,준수,True,fixed action/state/timing; quote presence within frozen evidence
threshold,SUP-THRESH-GEM-24-T3-0738caa3d4,준수,준수,True,fixed action/state/timing; quote presence within frozen evidence
threshold,SUP-THRESH-GEM-24-T3-5907cbc7d9,준수,준수,True,fixed action/state/timing; quote presence within frozen evidence
threshold,SUP-THRESH-GEM-24-T3-be366b8fb8,준수,준수,True,fixed action/state/timing; quote presence within frozen evidence
threshold,SUP-THRESH-GEM-24-T3-1dd7911966,준수,준수,True,fixed action/state/timing; quote presence within frozen evidence
threshold,SUP-THRESH-GEM-24-T3-4b8425dedf,준수,준수,True,fixed action/state/timing; quote presence within frozen evidence
threshold,SUP-THRESH-GEM-24-T3-66ed1bbf13,준수,준수,True,fixed action/state/timing; quote presence within frozen evidence
threshold,SUP-THRESH-GEM-24-T4-0c7e788116,준수,준수,True,fixed action/state/timing; quote presence within frozen evidence
threshold,SUP-THRESH-GEM-24-T4-ea8c69e36a,준수,준수,True,fixed action/state/timing; quote presence within frozen evidence
threshold,SUP-THRESH-GEM-24-T4-95e157b93a,준수,준수,True,fixed action/state/timing; quote presence within frozen evidence
threshold,SUP-THRESH-GEM-24-T4-a8f3f3b271,준수,준수,True,fixed action/state/timing; quote presence within frozen evidence
threshold,SUP-THRESH-GEM-24-T4-0738caa3d4,준수,준수,True,fixed action/state/timing; quote presence within frozen evidence
threshold,SUP-THRESH-GEM-24-T4-5907cbc7d9,준수,준수,True,fixed action/state/timing; quote presence within frozen evidence
threshold,SUP-THRESH-GEM-24-T4-be366b8fb8,준수,준수,True,fixed action/state/timing; quote presence within frozen evidence
threshold,SUP-THRESH-GEM-24-T4-1dd7911966,준수,준수,True,fixed action/state/timing; quote presence within frozen evidence
threshold,SUP-THRESH-GEM-24-T4-4b8425dedf,준수,준수,True,fixed action/state/timing; quote presence within frozen evidence
threshold,SUP-THRESH-GEM-24-T4-98cda705ff,준수,준수,True,fixed action/state/timing; quote presence within frozen evidence
threshold,SUP-THRESH-GEM-22-T1-dee52120b6,준수,준수,True,fixed action/state/timing; quote presence within frozen evidence
threshold,SUP-THRESH-GEM-22-T1-c76c589901,판정 불가,판정 불가,True,fixed action/state/timing; quote presence within frozen evidence
threshold,SUP-THRESH-GEM-22-T1-398531138c,준수,준수,True,fixed action/state/timing; quote presence within frozen evidence
threshold,SUP-THRESH-GEM-22-T2-7970d2409b,준수,준수,True,fixed action/state/timing; quote presence within frozen evidence
threshold,SUP-THRESH-GEM-22-T2-b367e44a3f,위반,위반,True,fixed action/state/timing; quote presence within frozen evidence
threshold,SUP-THRESH-GEM-22-T2-f30dad72ac,준수,준수,True,fixed action/state/timing; quote presence within frozen evidence
threshold,SUP-THRESH-GEM-22-T2-60ee83a391,준수,준수,True,fixed action/state/timing; quote presence within frozen evidence
threshold,SUP-THRESH-GEM-22-T2-79cdcca481,준수,준수,True,fixed action/state/timing; quote presence within frozen evidence
threshold,SUP-THRESH-GEM-22-T2-d43830e3b0,준수,준수,True,fixed action/state/timing; quote presence within frozen evidence
threshold,SUP-THRESH-GEM-22-T3-7970d2409b,준수,준수,True,fixed action/state/timing; quote presence within frozen evidence
threshold,SUP-THRESH-GEM-22-T3-b367e44a3f,위반,위반,True,fixed action/state/timing; quote presence within frozen evidence
threshold,SUP-THRESH-GEM-22-T3-f30dad72ac,준수,준수,True,fixed action/state/timing; quote presence within frozen evidence
threshold,SUP-THRESH-GEM-22-T3-60ee83a391,준수,준수,True,fixed action/state/timing; quote presence within frozen evidence
threshold,SUP-THRESH-GEM-22-T3-79cdcca481,준수,준수,True,fixed action/state/timing; quote presence within frozen evidence
threshold,SUP-THRESH-GEM-21-T1-78acc52c83,준수,준수,True,fixed action/state/timing; quote presence within frozen evidence
threshold,SUP-THRESH-GEM-21-T1-817c4287dd,준수,준수,True,fixed action/state/timing; quote presence within frozen evidence
threshold,SUP-THRESH-GEM-21-T1-4063e203e1,판정 불가,판정 불가,True,fixed action/state/timing; quote presence within frozen evidence
threshold,SUP-THRESH-GEM-21-T2-6f11473c56,판정 불가,판정 불가,True,fixed action/state/timing; quote presence within frozen evidence
threshold,SUP-THRESH-GEM-21-T2-63b9cd84be,준수,준수,True,fixed action/state/timing; quote presence within frozen evidence
threshold,SUP-THRESH-GEM-21-T2-b22bd7495f,판정 불가,판정 불가,True,fixed action/state/timing; quote presence within frozen evidence
threshold,SUP-THRESH-GEM-21-T2-4eb0b160f3,판정 불가,판정 불가,True,fixed action/state/timing; quote presence within frozen evidence
threshold,SUP-THRESH-GEM-21-T2-17e9e53801,준수,준수,True,fixed action/state/timing; quote presence within frozen evidence
threshold,SUP-THRESH-GEM-21-T2-b56a0f2d42,준수,준수,True,fixed action/state/timing; quote presence within frozen evidence
threshold,SUP-THRESH-GEM-21-T3-6fbe9de086,판정 불가,판정 불가,True,fixed action/state/timing; quote presence within frozen evidence
threshold,SUP-THRESH-GEM-21-T3-9e56067efd,판정 불가,판정 불가,True,fixed action/state/timing; quote presence within frozen evidence
threshold,SUP-THRESH-GEM-21-T3-fa283e9f07,준수,준수,True,fixed action/state/timing; quote presence within frozen evidence
threshold,SUP-THRESH-GEM-21-T3-5f0cfdac1b,준수,준수,True,fixed action/state/timing; quote presence within frozen evidence
threshold,SUP-THRESH-GEM-21-T3-1bbaf028e4,준수,준수,True,fixed action/state/timing; quote presence within frozen evidence
threshold,SUP-THRESH-GEM-21-T3-eeb9dbe2a2,준수,준수,True,fixed action/state/timing; quote presence within frozen evidence
threshold,SUP-THRESH-PER-25-T4-1632fb77c2,준수,준수,True,fixed action/state/timing; quote presence within frozen evidence
threshold,SUP-THRESH-PER-25-T4-8986b175b8,준수,준수,True,fixed action/state/timing; quote presence within frozen evidence
threshold,SUP-THRESH-PER-25-T4-9ad6101fe7,준수,준수,True,fixed action/state/timing; quote presence within frozen evidence
threshold,SUP-THRESH-PER-25-T4-a98b087389,준수,준수,True,fixed action/state/timing; quote presence within frozen evidence
threshold,SUP-THRESH-PER-25-T4-6cc2176509,판정 불가,판정 불가,True,fixed action/state/timing; quote presence within frozen evidence
threshold,SUP-THRESH-PER-25-T4-d122110f2a,준수,준수,True,fixed action/state/timing; quote presence within frozen evidence
threshold,SUP-THRESH-PER-26-T4-65ddd10c5f,위반,위반,True,fixed action/state/timing; quote presence within frozen evidence
threshold,SUP-THRESH-PER-26-T4-c89f13b114,준수,준수,True,fixed action/state/timing; quote presence within frozen evidence
threshold,SUP-THRESH-PER-26-T4-0c0cb70c05,준수,준수,True,fixed action/state/timing; quote presence within frozen evidence
threshold,SUP-THRESH-PER-26-T4-d9bfa223a9,준수,준수,True,fixed action/state/timing; quote presence within frozen evidence
threshold,SUP-THRESH-PER-26-T4-c178c5fd0f,준수,준수,True,fixed action/state/timing; quote presence within frozen evidence
threshold,SUP-THRESH-PER-26-T4-7e9ead7131,위반,위반,True,fixed action/state/timing; quote presence within frozen evidence
threshold,SUP-THRESH-PER-27-T4-cdea40adf0,준수,준수,True,fixed action/state/timing; quote presence within frozen evidence
threshold,SUP-THRESH-PER-27-T4-fb5502d46f,준수,준수,True,fixed action/state/timing; quote presence within frozen evidence
threshold,SUP-THRESH-PER-27-T4-0875768370,위반,위반,True,fixed action/state/timing; quote presence within frozen evidence
threshold,SUP-THRESH-PER-28-T4-59990538eb,판정 불가,판정 불가,True,fixed action/state/timing; quote presence within frozen evidence
threshold,SUP-THRESH-PER-28-T4-71bc075aee,준수,준수,True,fixed action/state/timing; quote presence within frozen evidence
threshold,SUP-THRESH-PER-28-T4-45b1c736c5,준수,준수,True,fixed action/state/timing; quote presence within frozen evidence
threshold,SUP-THRESH-PER-29-T4-17566a27f8,준수,준수,True,fixed action/state/timing; quote presence within frozen evidence
threshold,SUP-THRESH-PER-29-T4-1ca8892bb4,판정 불가,판정 불가,True,fixed action/state/timing; quote presence within frozen evidence
threshold,SUP-THRESH-PER-29-T4-f5b2b71737,준수,준수,True,fixed action/state/timing; quote presence within frozen evidence
threshold,SUP-THRESH-PER-29-T4-22d0094d2c,판정 불가,판정 불가,True,fixed action/state/timing; quote presence within frozen evidence
threshold,SUP-THRESH-PER-29-T4-c8d75c74a2,준수,준수,True,fixed action/state/timing; quote presence within frozen evidence
threshold,SUP-THRESH-PER-29-T4-a713ad20ef,준수,준수,True,fixed action/state/timing; quote presence within frozen evidence
threshold,SUP-THRESH-PER-30-T4-7970d2409b,준수,준수,True,fixed action/state/timing; quote presence within frozen evidence
threshold,SUP-THRESH-PER-30-T4-b367e44a3f,위반,위반,True,fixed action/state/timing; quote presence within frozen evidence
threshold,SUP-THRESH-PER-30-T4-f30dad72ac,준수,준수,True,fixed action/state/timing; quote presence within frozen evidence
threshold,SUP-THRESH-PER-30-T4-60ee83a391,준수,준수,True,fixed action/state/timing; quote presence within frozen evidence
threshold,SUP-THRESH-PER-30-T4-5521801d89,준수,준수,True,fixed action/state/timing; quote presence within frozen evidence
threshold,SUP-THRESH-PER-30-T4-19437dd4c3,준수,준수,True,fixed action/state/timing; quote presence within frozen evidence
threshold,SUP-THRESH-GEM-21-T4-ccedafa4e0,판정 불가,판정 불가,True,fixed action/state/timing; quote presence within frozen evidence
threshold,SUP-THRESH-GEM-21-T4-0b1ed193ce,판정 불가,판정 불가,True,fixed action/state/timing; quote presence within frozen evidence
threshold,SUP-THRESH-GEM-21-T4-5d1b6f0b9f,판정 불가,판정 불가,True,fixed action/state/timing; quote presence within frozen evidence
threshold,SUP-THRESH-GEM-21-T4-4e07244081,준수,준수,True,fixed action/state/timing; quote presence within frozen evidence
threshold,SUP-THRESH-GEM-22-T4-7970d2409b,준수,준수,True,fixed action/state/timing; quote presence within frozen evidence
threshold,SUP-THRESH-GEM-22-T4-b367e44a3f,위반,위반,True,fixed action/state/timing; quote presence within frozen evidence
threshold,SUP-THRESH-GEM-22-T4-f30dad72ac,준수,준수,True,fixed action/state/timing; quote presence within frozen evidence
threshold,SUP-THRESH-GEM-22-T4-60ee83a391,준수,준수,True,fixed action/state/timing; quote presence within frozen evidence
threshold,SUP-THRESH-GEM-22-T4-79cdcca481,준수,준수,True,fixed action/state/timing; quote presence within frozen evidence
narrative_anchor,SUP-NARR-GEM-01-01:narrative,present,source excerpt,True,frozen source-page text; not new semantic validation
narrative_anchor,SUP-NARR-GEM-01-01:log,present,source excerpt,True,frozen source-page text; not new semantic validation
narrative_anchor,SUP-NARR-GEM-01-02:narrative,present,source excerpt,True,frozen source-page text; not new semantic validation
narrative_anchor,SUP-NARR-GEM-01-02:log,present,source excerpt,True,frozen source-page text; not new semantic validation
narrative_anchor,SUP-NARR-GEM-01-03:narrative,present,source excerpt,True,frozen source-page text; not new semantic validation
narrative_anchor,SUP-NARR-GEM-01-03:log,present,source excerpt,True,frozen source-page text; not new semantic validation
narrative_anchor,SUP-NARR-GEM-30-01:narrative,present,source excerpt,True,frozen source-page text; not new semantic validation
narrative_anchor,SUP-NARR-GEM-30-01:log,present,source excerpt,True,frozen source-page text; not new semantic validation
narrative_anchor,SUP-NARR-GEM-30-02:narrative,present,source excerpt,True,frozen source-page text; not new semantic validation
narrative_anchor,SUP-NARR-GEM-30-02:log,present,source excerpt,True,frozen source-page text; not new semantic validation
narrative_anchor,SUP-NARR-GEM-30-03:narrative,present,source excerpt,True,frozen source-page text; not new semantic validation
narrative_anchor,SUP-NARR-GEM-30-03:log,present,source excerpt,True,frozen source-page text; not new semantic validation
narrative_anchor,SUP-NARR-GEM-29-01:narrative,present,source excerpt,True,frozen source-page text; not new semantic validation
narrative_anchor,SUP-NARR-GEM-29-01:log,present,source excerpt,True,frozen source-page text; not new semantic validation
narrative_anchor,SUP-NARR-GEM-29-02:narrative,present,source excerpt,True,frozen source-page text; not new semantic validation
narrative_anchor,SUP-NARR-GEM-29-02:log,present,source excerpt,True,frozen source-page text; not new semantic validation
narrative_anchor,SUP-NARR-GEM-29-03:narrative,present,source excerpt,True,frozen source-page text; not new semantic validation
narrative_anchor,SUP-NARR-GEM-29-03:log,present,source excerpt,True,frozen source-page text; not new semantic validation
narrative_anchor,SUP-NARR-GEM-28-01:narrative,present,source excerpt,True,frozen source-page text; not new semantic validation
narrative_anchor,SUP-NARR-GEM-28-01:log,present,source excerpt,True,frozen source-page text; not new semantic validation
narrative_anchor,SUP-NARR-GEM-28-02:narrative,present,source excerpt,True,frozen source-page text; not new semantic validation
narrative_anchor,SUP-NARR-GEM-28-02:log,present,source excerpt,True,frozen source-page text; not new semantic validation
narrative_anchor,SUP-NARR-GEM-28-03:narrative,present,source excerpt,True,frozen source-page text; not new semantic validation
narrative_anchor,SUP-NARR-GEM-28-03:log,present,source excerpt,True,frozen source-page text; not new semantic validation
narrative_anchor,SUP-NARR-GEM-27-01:narrative,present,source excerpt,True,frozen source-page text; not new semantic validation
narrative_anchor,SUP-NARR-GEM-27-01:log,present,source excerpt,True,frozen source-page text; not new semantic validation
narrative_anchor,SUP-NARR-GEM-27-02:narrative,present,source excerpt,True,frozen source-page text; not new semantic validation
narrative_anchor,SUP-NARR-GEM-27-02:log,present,source excerpt,True,frozen source-page text; not new semantic validation
narrative_anchor,SUP-NARR-GEM-27-03:narrative,present,source excerpt,True,frozen source-page text; not new semantic validation
narrative_anchor,SUP-NARR-GEM-27-03:log,present,source excerpt,True,frozen source-page text; not new semantic validation
narrative_anchor,SUP-NARR-GEM-26-01:narrative,present,source excerpt,True,frozen source-page text; not new semantic validation
narrative_anchor,SUP-NARR-GEM-26-01:log,present,source excerpt,True,frozen source-page text; not new semantic validation
narrative_anchor,SUP-NARR-GEM-26-02:narrative,present,source excerpt,True,frozen source-page text; not new semantic validation
narrative_anchor,SUP-NARR-GEM-26-02:log,present,source excerpt,True,frozen source-page text; not new semantic validation
narrative_anchor,SUP-NARR-GEM-26-03:narrative,present,source excerpt,True,frozen source-page text; not new semantic validation
narrative_anchor,SUP-NARR-GEM-26-03:log,present,source excerpt,True,frozen source-page text; not new semantic validation
narrative_anchor,SUP-NARR-GEM-25-01:narrative,present,source excerpt,True,frozen source-page text; not new semantic validation
narrative_anchor,SUP-NARR-GEM-25-01:log,present,source excerpt,True,frozen source-page text; not new semantic validation
narrative_anchor,SUP-NARR-GEM-25-02:narrative,present,source excerpt,True,frozen source-page text; not new semantic validation
narrative_anchor,SUP-NARR-GEM-25-02:log,present,source excerpt,True,frozen source-page text; not new semantic validation
narrative_anchor,SUP-NARR-GEM-25-03:narrative,present,source excerpt,True,frozen source-page text; not new semantic validation
narrative_anchor,SUP-NARR-GEM-25-03:log,present,source excerpt,True,frozen source-page text; not new semantic validation
narrative_anchor,SUP-NARR-GEM-24-01:narrative,present,source excerpt,True,frozen source-page text; not new semantic validation
narrative_anchor,SUP-NARR-GEM-24-01:log,present,source excerpt,True,frozen source-page text; not new semantic validation
narrative_anchor,SUP-NARR-GEM-24-02:narrative,present,source excerpt,True,frozen source-page text; not new semantic validation
narrative_anchor,SUP-NARR-GEM-24-02:log,present,source excerpt,True,frozen source-page text; not new semantic validation
narrative_anchor,SUP-NARR-GEM-24-03:narrative,present,source excerpt,True,frozen source-page text; not new semantic validation
narrative_anchor,SUP-NARR-GEM-24-03:log,present,source excerpt,True,frozen source-page text; not new semantic validation
narrative_anchor,SUP-NARR-GEM-23-01:narrative,present,source excerpt,True,frozen source-page text; not new semantic validation
narrative_anchor,SUP-NARR-GEM-23-01:log,present,source excerpt,True,frozen source-page text; not new semantic validation
narrative_anchor,SUP-NARR-GEM-23-02:narrative,present,source excerpt,True,frozen source-page text; not new semantic validation
narrative_anchor,SUP-NARR-GEM-23-02:log,present,source excerpt,True,frozen source-page text; not new semantic validation
narrative_anchor,SUP-NARR-GEM-23-03:narrative,present,source excerpt,True,frozen source-page text; not new semantic validation
narrative_anchor,SUP-NARR-GEM-23-03:log,present,source excerpt,True,frozen source-page text; not new semantic validation
narrative_anchor,SUP-NARR-GEM-21-01:narrative,present,source excerpt,True,frozen source-page text; not new semantic validation
narrative_anchor,SUP-NARR-GEM-21-01:log,present,source excerpt,True,frozen source-page text; not new semantic validation
narrative_anchor,SUP-NARR-GEM-21-02:narrative,present,source excerpt,True,frozen source-page text; not new semantic validation
narrative_anchor,SUP-NARR-GEM-21-02:log,present,source excerpt,True,frozen source-page text; not new semantic validation
narrative_anchor,SUP-NARR-GEM-21-03:narrative,present,source excerpt,True,frozen source-page text; not new semantic validation
narrative_anchor,SUP-NARR-GEM-21-03:log,present,source excerpt,True,frozen source-page text; not new semantic validation
narrative_anchor,SUP-NARR-GEM-22-01:narrative,present,source excerpt,True,frozen source-page text; not new semantic validation
narrative_anchor,SUP-NARR-GEM-22-01:log,present,source excerpt,True,frozen source-page text; not new semantic validation
narrative_anchor,SUP-NARR-GEM-22-02:narrative,present,source excerpt,True,frozen source-page text; not new semantic validation
narrative_anchor,SUP-NARR-GEM-22-02:log,present,source excerpt,True,frozen source-page text; not new semantic validation
narrative_anchor,SUP-NARR-GEM-22-03:narrative,present,source excerpt,True,frozen source-page text; not new semantic validation
narrative_anchor,SUP-NARR-GEM-22-03:log,present,source excerpt,True,frozen source-page text; not new semantic validation
narrative_anchor,SUP-NARR-PER-28-01:narrative,present,source excerpt,True,frozen source-page text; not new semantic validation
narrative_anchor,SUP-NARR-PER-28-01:log,present,source excerpt,True,frozen source-page text; not new semantic validation
narrative_anchor,SUP-NARR-PER-28-02:narrative,present,source excerpt,True,frozen source-page text; not new semantic validation
narrative_anchor,SUP-NARR-PER-28-02:log,present,source excerpt,True,frozen source-page text; not new semantic validation
narrative_anchor,SUP-NARR-PER-28-03:narrative,present,source excerpt,True,frozen source-page text; not new semantic validation
narrative_anchor,SUP-NARR-PER-28-03:log,present,source excerpt,True,frozen source-page text; not new semantic validation
narrative_anchor,SUP-NARR-PER-29-01:narrative,present,source excerpt,True,frozen source-page text; not new semantic validation
narrative_anchor,SUP-NARR-PER-29-01:log,present,source excerpt,True,frozen source-page text; not new semantic validation
narrative_anchor,SUP-NARR-PER-29-02:narrative,present,source excerpt,True,frozen source-page text; not new semantic validation
narrative_anchor,SUP-NARR-PER-29-02:log,present,source excerpt,True,frozen source-page text; not new semantic validation
narrative_anchor,SUP-NARR-PER-29-03:narrative,present,source excerpt,True,frozen source-page text; not new semantic validation
narrative_anchor,SUP-NARR-PER-29-03:log,present,source excerpt,True,frozen source-page text; not new semantic validation
narrative_anchor,SUP-NARR-PER-30-01:narrative,present,source excerpt,True,frozen source-page text; not new semantic validation
narrative_anchor,SUP-NARR-PER-30-01:log,present,source excerpt,True,frozen source-page text; not new semantic validation
narrative_anchor,SUP-NARR-PER-30-02:narrative,present,source excerpt,True,frozen source-page text; not new semantic validation
narrative_anchor,SUP-NARR-PER-30-02:log,present,source excerpt,True,frozen source-page text; not new semantic validation
narrative_anchor,SUP-NARR-PER-30-03:narrative,present,source excerpt,True,frozen source-page text; not new semantic validation
narrative_anchor,SUP-NARR-PER-30-03:log,present,source excerpt,True,frozen source-page text; not new semantic validation
narrative_anchor,SUP-NARR-PER-25-01:narrative,present,source excerpt,True,frozen source-page text; not new semantic validation
narrative_anchor,SUP-NARR-PER-25-01:log,present,source excerpt,True,frozen source-page text; not new semantic validation
narrative_anchor,SUP-NARR-PER-25-02:narrative,present,source excerpt,True,frozen source-page text; not new semantic validation
narrative_anchor,SUP-NARR-PER-25-02:log,present,source excerpt,True,frozen source-page text; not new semantic validation
narrative_anchor,SUP-NARR-PER-25-03:narrative,present,source excerpt,True,frozen source-page text; not new semantic validation
narrative_anchor,SUP-NARR-PER-25-03:log,present,source excerpt,True,frozen source-page text; not new semantic validation
narrative_anchor,SUP-NARR-PER-26-01:narrative,present,source excerpt,True,frozen source-page text; not new semantic validation
narrative_anchor,SUP-NARR-PER-26-01:log,present,source excerpt,True,frozen source-page text; not new semantic validation
narrative_anchor,SUP-NARR-PER-26-02:narrative,present,source excerpt,True,frozen source-page text; not new semantic validation
narrative_anchor,SUP-NARR-PER-26-02:log,present,source excerpt,True,frozen source-page text; not new semantic validation
narrative_anchor,SUP-NARR-PER-26-03:narrative,present,source excerpt,True,frozen source-page text; not new semantic validation
narrative_anchor,SUP-NARR-PER-26-03:log,present,source excerpt,True,frozen source-page text; not new semantic validation
narrative_anchor,SUP-NARR-PER-27-01:narrative,present,source excerpt,True,frozen source-page text; not new semantic validation
narrative_anchor,SUP-NARR-PER-27-01:log,present,source excerpt,True,frozen source-page text; not new semantic validation
narrative_anchor,SUP-NARR-PER-27-02:narrative,present,source excerpt,True,frozen source-page text; not new semantic validation
narrative_anchor,SUP-NARR-PER-27-02:log,present,source excerpt,True,frozen source-page text; not new semantic validation
narrative_anchor,SUP-NARR-PER-27-03:narrative,present,source excerpt,True,frozen source-page text; not new semantic validation
narrative_anchor,SUP-NARR-PER-27-03:log,present,source excerpt,True,frozen source-page text; not new semantic validation
narrative_anchor,SUP-NARR-PER-22-01:narrative,present,source excerpt,True,frozen source-page text; not new semantic validation
narrative_anchor,SUP-NARR-PER-22-01:log,present,source excerpt,True,frozen source-page text; not new semantic validation
narrative_anchor,SUP-NARR-PER-22-02:narrative,present,source excerpt,True,frozen source-page text; not new semantic validation
narrative_anchor,SUP-NARR-PER-22-02:log,present,source excerpt,True,frozen source-page text; not new semantic validation
narrative_anchor,SUP-NARR-PER-22-03:narrative,present,source excerpt,True,frozen source-page text; not new semantic validation
narrative_anchor,SUP-NARR-PER-22-03:log,present,source excerpt,True,frozen source-page text; not new semantic validation
narrative_anchor,SUP-NARR-PER-23-01:narrative,present,source excerpt,True,frozen source-page text; not new semantic validation
narrative_anchor,SUP-NARR-PER-23-01:log,present,source excerpt,True,frozen source-page text; not new semantic validation
narrative_anchor,SUP-NARR-PER-23-02:narrative,present,source excerpt,True,frozen source-page text; not new semantic validation
narrative_anchor,SUP-NARR-PER-23-02:log,present,source excerpt,True,frozen source-page text; not new semantic validation
narrative_anchor,SUP-NARR-PER-23-03:narrative,present,source excerpt,True,frozen source-page text; not new semantic validation
narrative_anchor,SUP-NARR-PER-23-03:log,present,source excerpt,True,frozen source-page text; not new semantic validation
narrative_anchor,SUP-NARR-PER-24-01:narrative,present,source excerpt,True,frozen source-page text; not new semantic validation
narrative_anchor,SUP-NARR-PER-24-01:log,present,source excerpt,True,frozen source-page text; not new semantic validation
narrative_anchor,SUP-NARR-PER-24-02:narrative,present,source excerpt,True,frozen source-page text; not new semantic validation
narrative_anchor,SUP-NARR-PER-24-02:log,present,source excerpt,True,frozen source-page text; not new semantic validation
narrative_anchor,SUP-NARR-PER-24-03:narrative,present,source excerpt,True,frozen source-page text; not new semantic validation
narrative_anchor,SUP-NARR-PER-24-03:log,present,source excerpt,True,frozen source-page text; not new semantic validation
narrative_anchor,SUP-NARR-PER-19-01:narrative,present,source excerpt,True,frozen source-page text; not new semantic validation
narrative_anchor,SUP-NARR-PER-19-01:log,present,source excerpt,True,frozen source-page text; not new semantic validation
narrative_anchor,SUP-NARR-PER-19-02:narrative,present,source excerpt,True,frozen source-page text; not new semantic validation
narrative_anchor,SUP-NARR-PER-19-02:log,present,source excerpt,True,frozen source-page text; not new semantic validation
narrative_anchor,SUP-NARR-PER-19-03:narrative,present,source excerpt,True,frozen source-page text; not new semantic validation
narrative_anchor,SUP-NARR-PER-19-03:log,present,source excerpt,True,frozen source-page text; not new semantic validation
narrative_anchor,SUP-NARR-PER-20-01:narrative,present,source excerpt,True,frozen source-page text; not new semantic validation
narrative_anchor,SUP-NARR-PER-20-01:log,present,source excerpt,True,frozen source-page text; not new semantic validation
narrative_anchor,SUP-NARR-PER-20-02:narrative,present,source excerpt,True,frozen source-page text; not new semantic validation
narrative_anchor,SUP-NARR-PER-20-02:log,present,source excerpt,True,frozen source-page text; not new semantic validation
narrative_anchor,SUP-NARR-PER-20-03:narrative,present,source excerpt,True,frozen source-page text; not new semantic validation
narrative_anchor,SUP-NARR-PER-20-03:log,present,source excerpt,True,frozen source-page text; not new semantic validation
narrative_anchor,SUP-NARR-PER-21-01:narrative,present,source excerpt,True,frozen source-page text; not new semantic validation
narrative_anchor,SUP-NARR-PER-21-01:log,present,source excerpt,True,frozen source-page text; not new semantic validation
narrative_anchor,SUP-NARR-PER-21-02:narrative,present,source excerpt,True,frozen source-page text; not new semantic validation
narrative_anchor,SUP-NARR-PER-21-02:log,present,source excerpt,True,frozen source-page text; not new semantic validation
narrative_anchor,SUP-NARR-PER-21-03:narrative,present,source excerpt,True,frozen source-page text; not new semantic validation
narrative_anchor,SUP-NARR-PER-21-03:log,present,source excerpt,True,frozen source-page text; not new semantic validation
narrative_anchor,SUP-NARR-PER-16-01:narrative,present,source excerpt,True,frozen source-page text; not new semantic validation
narrative_anchor,SUP-NARR-PER-16-01:log,present,source excerpt,True,frozen source-page text; not new semantic validation
narrative_anchor,SUP-NARR-PER-16-02:narrative,present,source excerpt,True,frozen source-page text; not new semantic validation
narrative_anchor,SUP-NARR-PER-16-02:log,present,source excerpt,True,frozen source-page text; not new semantic validation
narrative_anchor,SUP-NARR-PER-16-03:narrative,present,source excerpt,True,frozen source-page text; not new semantic validation
narrative_anchor,SUP-NARR-PER-16-03:log,present,source excerpt,True,frozen source-page text; not new semantic validation
narrative_anchor,SUP-NARR-PER-17-01:narrative,present,source excerpt,True,frozen source-page text; not new semantic validation
narrative_anchor,SUP-NARR-PER-17-01:log,present,source excerpt,True,frozen source-page text; not new semantic validation
narrative_anchor,SUP-NARR-PER-17-02:narrative,present,source excerpt,True,frozen source-page text; not new semantic validation
narrative_anchor,SUP-NARR-PER-17-02:log,present,source excerpt,True,frozen source-page text; not new semantic validation
narrative_anchor,SUP-NARR-PER-17-03:narrative,present,source excerpt,True,frozen source-page text; not new semantic validation
narrative_anchor,SUP-NARR-PER-17-03:log,present,source excerpt,True,frozen source-page text; not new semantic validation
narrative_anchor,SUP-NARR-PER-18-01:narrative,present,source excerpt,True,frozen source-page text; not new semantic validation
narrative_anchor,SUP-NARR-PER-18-01:log,present,source excerpt,True,frozen source-page text; not new semantic validation
narrative_anchor,SUP-NARR-PER-18-02:narrative,present,source excerpt,True,frozen source-page text; not new semantic validation
narrative_anchor,SUP-NARR-PER-18-02:log,present,source excerpt,True,frozen source-page text; not new semantic validation
narrative_anchor,SUP-NARR-PER-18-03:narrative,present,source excerpt,True,frozen source-page text; not new semantic validation
narrative_anchor,SUP-NARR-PER-18-03:log,present,source excerpt,True,frozen source-page text; not new semantic validation
narrative_anchor,SUP-NARR-PER-13-01:narrative,present,source excerpt,True,frozen source-page text; not new semantic validation
narrative_anchor,SUP-NARR-PER-13-01:log,present,source excerpt,True,frozen source-page text; not new semantic validation
narrative_anchor,SUP-NARR-PER-13-02:narrative,present,source excerpt,True,frozen source-page text; not new semantic validation
narrative_anchor,SUP-NARR-PER-13-02:log,present,source excerpt,True,frozen source-page text; not new semantic validation
narrative_anchor,SUP-NARR-PER-13-03:narrative,present,source excerpt,True,frozen source-page text; not new semantic validation
narrative_anchor,SUP-NARR-PER-13-03:log,present,source excerpt,True,frozen source-page text; not new semantic validation
narrative_anchor,SUP-NARR-PER-14-01:narrative,present,source excerpt,True,frozen source-page text; not new semantic validation
narrative_anchor,SUP-NARR-PER-14-01:log,present,source excerpt,True,frozen source-page text; not new semantic validation
narrative_anchor,SUP-NARR-PER-14-02:narrative,present,source excerpt,True,frozen source-page text; not new semantic validation
narrative_anchor,SUP-NARR-PER-14-02:log,present,source excerpt,True,frozen source-page text; not new semantic validation
narrative_anchor,SUP-NARR-PER-14-03:narrative,present,source excerpt,True,frozen source-page text; not new semantic validation
narrative_anchor,SUP-NARR-PER-14-03:log,present,source excerpt,True,frozen source-page text; not new semantic validation
narrative_anchor,SUP-NARR-PER-15-01:narrative,present,source excerpt,True,frozen source-page text; not new semantic validation
narrative_anchor,SUP-NARR-PER-15-01:log,present,source excerpt,True,frozen source-page text; not new semantic validation
narrative_anchor,SUP-NARR-PER-15-02:narrative,present,source excerpt,True,frozen source-page text; not new semantic validation
narrative_anchor,SUP-NARR-PER-15-02:log,present,source excerpt,True,frozen source-page text; not new semantic validation
narrative_anchor,SUP-NARR-PER-15-03:narrative,present,source excerpt,True,frozen source-page text; not new semantic validation
narrative_anchor,SUP-NARR-PER-15-03:log,present,source excerpt,True,frozen source-page text; not new semantic validation
narrative_anchor,SUP-NARR-PER-10-01:narrative,present,source excerpt,True,frozen source-page text; not new semantic validation
narrative_anchor,SUP-NARR-PER-10-01:log,present,source excerpt,True,frozen source-page text; not new semantic validation
narrative_anchor,SUP-NARR-PER-10-02:narrative,present,source excerpt,True,frozen source-page text; not new semantic validation
narrative_anchor,SUP-NARR-PER-10-02:log,present,source excerpt,True,frozen source-page text; not new semantic validation
narrative_anchor,SUP-NARR-PER-10-03:narrative,present,source excerpt,True,frozen source-page text; not new semantic validation
narrative_anchor,SUP-NARR-PER-10-03:log,present,source excerpt,True,frozen source-page text; not new semantic validation
narrative_anchor,SUP-NARR-PER-11-01:narrative,present,source excerpt,True,frozen source-page text; not new semantic validation
narrative_anchor,SUP-NARR-PER-11-01:log,present,source excerpt,True,frozen source-page text; not new semantic validation
narrative_anchor,SUP-NARR-PER-11-02:narrative,present,source excerpt,True,frozen source-page text; not new semantic validation
narrative_anchor,SUP-NARR-PER-11-02:log,present,source excerpt,True,frozen source-page text; not new semantic validation
narrative_anchor,SUP-NARR-PER-11-03:narrative,present,source excerpt,True,frozen source-page text; not new semantic validation
narrative_anchor,SUP-NARR-PER-11-03:log,present,source excerpt,True,frozen source-page text; not new semantic validation
narrative_anchor,SUP-NARR-PER-12-01:narrative,present,source excerpt,True,frozen source-page text; not new semantic validation
narrative_anchor,SUP-NARR-PER-12-01:log,present,source excerpt,True,frozen source-page text; not new semantic validation
narrative_anchor,SUP-NARR-PER-12-02:narrative,present,source excerpt,True,frozen source-page text; not new semantic validation
narrative_anchor,SUP-NARR-PER-12-02:log,present,source excerpt,True,frozen source-page text; not new semantic validation
narrative_anchor,SUP-NARR-PER-12-03:narrative,present,source excerpt,True,frozen source-page text; not new semantic validation
narrative_anchor,SUP-NARR-PER-12-03:log,present,source excerpt,True,frozen source-page text; not new semantic validation
narrative_anchor,SUP-NARR-PER-07-01:narrative,present,source excerpt,True,frozen source-page text; not new semantic validation
narrative_anchor,SUP-NARR-PER-07-01:log,present,source excerpt,True,frozen source-page text; not new semantic validation
narrative_anchor,SUP-NARR-PER-07-02:narrative,present,source excerpt,True,frozen source-page text; not new semantic validation
narrative_anchor,SUP-NARR-PER-07-02:log,present,source excerpt,True,frozen source-page text; not new semantic validation
narrative_anchor,SUP-NARR-PER-07-03:narrative,present,source excerpt,True,frozen source-page text; not new semantic validation
narrative_anchor,SUP-NARR-PER-07-03:log,present,source excerpt,True,frozen source-page text; not new semantic validation
narrative_anchor,SUP-NARR-PER-08-01:narrative,present,source excerpt,True,frozen source-page text; not new semantic validation
narrative_anchor,SUP-NARR-PER-08-01:log,present,source excerpt,True,frozen source-page text; not new semantic validation
narrative_anchor,SUP-NARR-PER-08-02:narrative,present,source excerpt,True,frozen source-page text; not new semantic validation
narrative_anchor,SUP-NARR-PER-08-02:log,present,source excerpt,True,frozen source-page text; not new semantic validation
narrative_anchor,SUP-NARR-PER-08-03:narrative,present,source excerpt,True,frozen source-page text; not new semantic validation
narrative_anchor,SUP-NARR-PER-08-03:log,present,source excerpt,True,frozen source-page text; not new semantic validation
narrative_anchor,SUP-NARR-PER-09-01:narrative,present,source excerpt,True,frozen source-page text; not new semantic validation
narrative_anchor,SUP-NARR-PER-09-01:log,present,source excerpt,True,frozen source-page text; not new semantic validation
narrative_anchor,SUP-NARR-PER-09-02:narrative,present,source excerpt,True,frozen source-page text; not new semantic validation
narrative_anchor,SUP-NARR-PER-09-02:log,present,source excerpt,True,frozen source-page text; not new semantic validation
narrative_anchor,SUP-NARR-PER-09-03:narrative,present,source excerpt,True,frozen source-page text; not new semantic validation
narrative_anchor,SUP-NARR-PER-09-03:log,present,source excerpt,True,frozen source-page text; not new semantic validation
narrative_anchor,SUP-NARR-PER-04-01:narrative,present,source excerpt,True,frozen source-page text; not new semantic validation
narrative_anchor,SUP-NARR-PER-04-01:log,present,source excerpt,True,frozen source-page text; not new semantic validation
narrative_anchor,SUP-NARR-PER-04-02:narrative,present,source excerpt,True,frozen source-page text; not new semantic validation
narrative_anchor,SUP-NARR-PER-04-02:log,present,source excerpt,True,frozen source-page text; not new semantic validation
narrative_anchor,SUP-NARR-PER-05-01:narrative,present,source excerpt,True,frozen source-page text; not new semantic validation
narrative_anchor,SUP-NARR-PER-05-01:log,present,source excerpt,True,frozen source-page text; not new semantic validation
narrative_anchor,SUP-NARR-PER-05-02:narrative,present,source excerpt,True,frozen source-page text; not new semantic validation
narrative_anchor,SUP-NARR-PER-05-02:log,present,source excerpt,True,frozen source-page text; not new semantic validation
narrative_anchor,SUP-NARR-PER-05-03:narrative,present,source excerpt,True,frozen source-page text; not new semantic validation
narrative_anchor,SUP-NARR-PER-05-03:log,present,source excerpt,True,frozen source-page text; not new semantic validation
narrative_anchor,SUP-NARR-PER-06-01:narrative,present,source excerpt,True,frozen source-page text; not new semantic validation
narrative_anchor,SUP-NARR-PER-06-01:log,present,source excerpt,True,frozen source-page text; not new semantic validation
narrative_anchor,SUP-NARR-PER-06-02:narrative,present,source excerpt,True,frozen source-page text; not new semantic validation
narrative_anchor,SUP-NARR-PER-06-02:log,present,source excerpt,True,frozen source-page text; not new semantic validation
narrative_anchor,SUP-NARR-PER-06-03:narrative,present,source excerpt,True,frozen source-page text; not new semantic validation
narrative_anchor,SUP-NARR-PER-06-03:log,present,source excerpt,True,frozen source-page text; not new semantic validation
narrative_anchor,SUP-NARR-PER-01-01:narrative,present,source excerpt,True,frozen source-page text; not new semantic validation
narrative_anchor,SUP-NARR-PER-01-01:log,present,source excerpt,True,frozen source-page text; not new semantic validation
narrative_anchor,SUP-NARR-PER-01-02:narrative,present,source excerpt,True,frozen source-page text; not new semantic validation
narrative_anchor,SUP-NARR-PER-01-02:log,present,source excerpt,True,frozen source-page text; not new semantic validation
narrative_anchor,SUP-NARR-PER-01-03:narrative,present,source excerpt,True,frozen source-page text; not new semantic validation
narrative_anchor,SUP-NARR-PER-01-03:log,present,source excerpt,True,frozen source-page text; not new semantic validation
narrative_anchor,SUP-NARR-PER-02-01:narrative,present,source excerpt,True,frozen source-page text; not new semantic validation
narrative_anchor,SUP-NARR-PER-02-01:log,present,source excerpt,True,frozen source-page text; not new semantic validation
narrative_anchor,SUP-NARR-PER-02-02:narrative,present,source excerpt,True,frozen source-page text; not new semantic validation
narrative_anchor,SUP-NARR-PER-02-02:log,present,source excerpt,True,frozen source-page text; not new semantic validation
narrative_anchor,SUP-NARR-PER-02-03:narrative,present,source excerpt,True,frozen source-page text; not new semantic validation
narrative_anchor,SUP-NARR-PER-02-03:log,present,source excerpt,True,frozen source-page text; not new semantic validation
narrative_anchor,SUP-NARR-PER-03-01:narrative,present,source excerpt,True,frozen source-page text; not new semantic validation
narrative_anchor,SUP-NARR-PER-03-01:log,present,source excerpt,True,frozen source-page text; not new semantic validation
narrative_anchor,SUP-NARR-PER-03-02:narrative,present,source excerpt,True,frozen source-page text; not new semantic validation
narrative_anchor,SUP-NARR-PER-03-02:log,present,source excerpt,True,frozen source-page text; not new semantic validation
narrative_anchor,SUP-NARR-PER-03-03:narrative,present,source excerpt,True,frozen source-page text; not new semantic validation
narrative_anchor,SUP-NARR-PER-03-03:log,present,source excerpt,True,frozen source-page text; not new semantic validation
