run_id,source_file,page,turn,branch,actor,variable,normalized_source_evidence,old_ids,candidate_ids,old_status,candidate_status,old_values,candidate_values,match_cardinality,exact_numeric_and_status_agreement,candidate_admitted_to_final_rates,resolution,affected_claim,candidate_human_review
CLA-01,runs/raw_logs/Claude_Opus_4/1. Strategic Decision Modeling Protocol.pdf,6,1,Combination 1,,Diplomatic_Support,• diplomatic_support: 0.60 (baseline 0.5 + 0.10),CLA-01-N-00009,PDFIUM-CLA-01-N-00009,준수,준수,0.6 => 0.6,0.6 => 0.6,1:1,True,False,same_observation_same_result_not_promoted,GLOBAL_ARITHMETIC_RATE_WITHHELD,pending
CLA-01,runs/raw_logs/Claude_Opus_4/1. Strategic Decision Modeling Protocol.pdf,6,1,Combination 1,,Leadership_Unity,"• leadership_unity: 0.85 (baseline 0.5 + 0.8 + 0.05, capped at 0.85)",CLA-01-N-00015,PDFIUM-CLA-01-N-00015,위반,위반,0.85 => 1,0.85 => 1,1:1,True,False,same_observation_same_result_not_promoted,GLOBAL_ARITHMETIC_RATE_WITHHELD,pending
CLA-01,runs/raw_logs/Claude_Opus_4/1. Strategic Decision Modeling Protocol.pdf,6,1,Combination 1,,Public_Opinion,• public_opinion: 0.55 (baseline 0.5 + 0.05),CLA-01-N-00012,PDFIUM-CLA-01-N-00012,준수,준수,0.55 => 0.55,0.55 => 0.55,1:1,True,False,same_observation_same_result_not_promoted,GLOBAL_ARITHMETIC_RATE_WITHHELD,pending
CLA-01,runs/raw_logs/Claude_Opus_4/1. Strategic Decision Modeling Protocol.pdf,6,1,Combination 1,,Tension,• tension: 0.75 (baseline 0.5 + 0.3 - 0.05),CLA-01-N-00006,PDFIUM-CLA-01-N-00006,준수,준수,0.75 => 0.75,0.75 => 0.75,1:1,True,False,same_observation_same_result_not_promoted,GLOBAL_ARITHMETIC_RATE_WITHHELD,pending
CLA-01,runs/raw_logs/Claude_Opus_4/1. Strategic Decision Modeling Protocol.pdf,6,1,Combination 2,,Public_Opinion,"• public_opinion: 1.0 (baseline 0.5 + 0.5, capped at 1.0)",CLA-01-N-00025,PDFIUM-CLA-01-N-00025,준수,준수,1 => 1,1 => 1,1:1,True,False,same_observation_same_result_not_promoted,GLOBAL_ARITHMETIC_RATE_WITHHELD,pending
CLA-01,runs/raw_logs/Claude_Opus_4/1. Strategic Decision Modeling Protocol.pdf,6,1,Combination 2,,Tension,• tension: 0.95 (baseline 0.5 + 0.45),CLA-01-N-00020,PDFIUM-CLA-01-N-00020,준수,준수,0.95 => 0.95,0.95 => 0.95,1:1,True,False,same_observation_same_result_not_promoted,GLOBAL_ARITHMETIC_RATE_WITHHELD,pending
CLA-01,runs/raw_logs/Claude_Opus_4/1. Strategic Decision Modeling Protocol.pdf,7,1,Combination 3,,Leadership_Unity,"• leadership_unity: 0.95 (baseline 0.5 + min(0.8, 0.65) + 0.65, capped at 0.95)",CLA-01-N-00041,PDFIUM-CLA-01-N-00041,위반,위반,0.95 => 1,0.95 => 1,1:1,True,False,same_observation_same_result_not_promoted,GLOBAL_ARITHMETIC_RATE_WITHHELD,pending
CLA-01,runs/raw_logs/Claude_Opus_4/1. Strategic Decision Modeling Protocol.pdf,7,1,Combination 3,,Tension,"• tension: 1.0 (baseline 0.5 + 0.3 + 0.45, capped at 1.0)",CLA-01-N-00034,PDFIUM-CLA-01-N-00034,준수,준수,1 => 1,1 => 1,1:1,True,False,same_observation_same_result_not_promoted,GLOBAL_ARITHMETIC_RATE_WITHHELD,pending
CLA-03,runs/raw_logs/Claude_Opus_4/3. Strategic Decision Modeling Protocol.pdf,14,2,Combination 1,,Diplomatic_Support,• diplomatic_support: 1.0 - 0.02 + 0.10 = 1.0 (clamped),CLA-03-N-00084,PDFIUM-CLA-03-N-00084,준수,준수,1 => 1,1 => 1,1:1,True,False,same_observation_same_result_not_promoted,GLOBAL_ARITHMETIC_RATE_WITHHELD,pending
CLA-03,runs/raw_logs/Claude_Opus_4/3. Strategic Decision Modeling Protocol.pdf,14,2,Combination 1,,Leadership_Unity,• leadership_unity: 1.0 - 0.05 + 0.05 = 1.0,CLA-03-N-00090,PDFIUM-CLA-03-N-00090,준수,준수,1 => 1,1 => 1,1:1,True,False,same_observation_same_result_not_promoted,GLOBAL_ARITHMETIC_RATE_WITHHELD,pending
CLA-03,runs/raw_logs/Claude_Opus_4/3. Strategic Decision Modeling Protocol.pdf,14,2,Combination 1,,Public_Opinion,• public_opinion: 0.5 - 0.02 + 0.05 = 0.53,CLA-03-N-00087,PDFIUM-CLA-03-N-00087,준수,준수,0.53 => 0.53,0.53 => 0.53,1:1,True,False,same_observation_same_result_not_promoted,GLOBAL_ARITHMETIC_RATE_WITHHELD,pending
CLA-03,runs/raw_logs/Claude_Opus_4/3. Strategic Decision Modeling Protocol.pdf,14,2,Combination 1,,Tension,• tension: 1.0 + 0.05 - 0.05 = 1.0,CLA-03-N-00081,PDFIUM-CLA-03-N-00081,준수,준수,1 => 1,1 => 1,1:1,True,False,same_observation_same_result_not_promoted,GLOBAL_ARITHMETIC_RATE_WITHHELD,pending
CLA-03,runs/raw_logs/Claude_Opus_4/3. Strategic Decision Modeling Protocol.pdf,14,2,Combination 2,,Diplomatic_Support,• diplomatic_support: 0.45 - 0.02 = 0.43,CLA-03-N-00097,PDFIUM-CLA-03-N-00097,준수,준수,0.43 => 0.43,0.43 => 0.43,1:1,True,False,same_observation_same_result_not_promoted,GLOBAL_ARITHMETIC_RATE_WITHHELD,pending
CLA-03,runs/raw_logs/Claude_Opus_4/3. Strategic Decision Modeling Protocol.pdf,14,2,Combination 2,,Leadership_Unity,• leadership_unity: 1.0 - 0.05 + 0.65 = 1.0 (clamped),CLA-03-N-00103,PDFIUM-CLA-03-N-00103,준수,준수,1 => 1,1 => 1,1:1,True,False,same_observation_same_result_not_promoted,GLOBAL_ARITHMETIC_RATE_WITHHELD,pending
CLA-03,runs/raw_logs/Claude_Opus_4/3. Strategic Decision Modeling Protocol.pdf,14,2,Combination 2,,Public_Opinion,• public_opinion: 0.45 - 0.02 = 0.43,CLA-03-N-00100,PDFIUM-CLA-03-N-00100,준수,준수,0.43 => 0.43,0.43 => 0.43,1:1,True,False,same_observation_same_result_not_promoted,GLOBAL_ARITHMETIC_RATE_WITHHELD,pending
CLA-03,runs/raw_logs/Claude_Opus_4/3. Strategic Decision Modeling Protocol.pdf,14,2,Combination 2,,Tension,• tension: 1.0 + 0.05 + 0.45 = 1.0 (clamped),CLA-03-N-00094,PDFIUM-CLA-03-N-00094,준수,준수,1 => 1,1 => 1,1:1,True,False,same_observation_same_result_not_promoted,GLOBAL_ARITHMETIC_RATE_WITHHELD,pending
CLA-03,runs/raw_logs/Claude_Opus_4/3. Strategic Decision Modeling Protocol.pdf,15,2,Combination 3,,Diplomatic_Support,• diplomatic_support: 1.0 + 0.10 + 0.10 = 1.0 (clamped),CLA-03-N-00113,PDFIUM-CLA-03-N-00113,준수,준수,1 => 1,1 => 1,1:1,True,False,same_observation_same_result_not_promoted,GLOBAL_ARITHMETIC_RATE_WITHHELD,pending
CLA-03,runs/raw_logs/Claude_Opus_4/3. Strategic Decision Modeling Protocol.pdf,15,2,Combination 3,,Leadership_Unity,• leadership_unity: 0.55 + 0.05 + 0.05 = 0.65,CLA-03-N-00119,PDFIUM-CLA-03-N-00119,준수,준수,0.65 => 0.65,0.65 => 0.65,1:1,True,False,same_observation_same_result_not_promoted,GLOBAL_ARITHMETIC_RATE_WITHHELD,pending
CLA-03,runs/raw_logs/Claude_Opus_4/3. Strategic Decision Modeling Protocol.pdf,15,2,Combination 3,,Public_Opinion,• public_opinion: 0.55 + 0.05 + 0.05 = 0.65,CLA-03-N-00116,PDFIUM-CLA-03-N-00116,준수,준수,0.65 => 0.65,0.65 => 0.65,1:1,True,False,same_observation_same_result_not_promoted,GLOBAL_ARITHMETIC_RATE_WITHHELD,pending
CLA-03,runs/raw_logs/Claude_Opus_4/3. Strategic Decision Modeling Protocol.pdf,15,2,Combination 3,,Tension,• tension: 0.90 - 0.05 - 0.05 = 0.80,CLA-03-N-00110,PDFIUM-CLA-03-N-00110,준수,준수,0.8 => 0.8,0.8 => 0.8,1:1,True,False,same_observation_same_result_not_promoted,GLOBAL_ARITHMETIC_RATE_WITHHELD,pending
CLA-03,runs/raw_logs/Claude_Opus_4/3. Strategic Decision Modeling Protocol.pdf,20,3,Combination 1,,Diplomatic_Support,• diplomatic_support: 1.0 - 0.05 + 0.10 + 0.10 = 1.0 (clamped),CLA-03-N-00152,PDFIUM-CLA-03-N-00152,준수,준수,1 => 1,1 => 1,1:1,True,False,same_observation_same_result_not_promoted,GLOBAL_ARITHMETIC_RATE_WITHHELD,pending
CLA-03,runs/raw_logs/Claude_Opus_4/3. Strategic Decision Modeling Protocol.pdf,20,3,Combination 1,,Leadership_Unity,• leadership_unity: 1.0 - 0.10 + 0.05 + 0.05 = 1.0,CLA-03-N-00158,PDFIUM-CLA-03-N-00158,준수,준수,1 => 1,1 => 1,1:1,True,False,same_observation_same_result_not_promoted,GLOBAL_ARITHMETIC_RATE_WITHHELD,pending
CLA-03,runs/raw_logs/Claude_Opus_4/3. Strategic Decision Modeling Protocol.pdf,20,3,Combination 1,,Public_Opinion,• public_opinion: 0.53 - 0.05 + 0.05 + 0.05 = 0.58,CLA-03-N-00155,PDFIUM-CLA-03-N-00155,준수,준수,0.58 => 0.58,0.58 => 0.58,1:1,True,False,same_observation_same_result_not_promoted,GLOBAL_ARITHMETIC_RATE_WITHHELD,pending
CLA-03,runs/raw_logs/Claude_Opus_4/3. Strategic Decision Modeling Protocol.pdf,20,3,Combination 1,,Tension,• tension: 1.0 + 0.15 - 0.05 - 0.05 = 1.0 (clamped),CLA-03-N-00149,PDFIUM-CLA-03-N-00149,준수,준수,1 => 1,1 => 1,1:1,True,False,same_observation_same_result_not_promoted,GLOBAL_ARITHMETIC_RATE_WITHHELD,pending
CLA-03,runs/raw_logs/Claude_Opus_4/3. Strategic Decision Modeling Protocol.pdf,21,3,Combination 2,,Diplomatic_Support,• diplomatic_support: 0.43 - 0.05 - 0.05 - 0.02 = 0.31,CLA-03-N-00170,PDFIUM-CLA-03-N-00170,준수,준수,0.31 => 0.31,0.31 => 0.31,1:1,True,False,same_observation_same_result_not_promoted,GLOBAL_ARITHMETIC_RATE_WITHHELD,pending
CLA-03,runs/raw_logs/Claude_Opus_4/3. Strategic Decision Modeling Protocol.pdf,21,3,Combination 2,,Leadership_Unity,• leadership_unity: 1.0 - 0.10 - 0.10 - 0.05 = 0.75,CLA-03-N-00176,PDFIUM-CLA-03-N-00176,준수,준수,0.75 => 0.75,0.75 => 0.75,1:1,True,False,same_observation_same_result_not_promoted,GLOBAL_ARITHMETIC_RATE_WITHHELD,pending
CLA-03,runs/raw_logs/Claude_Opus_4/3. Strategic Decision Modeling Protocol.pdf,21,3,Combination 2,,Public_Opinion,• public_opinion: 0.43 - 0.05 - 0.05 - 0.02 = 0.31,CLA-03-N-00173,PDFIUM-CLA-03-N-00173,준수,준수,0.31 => 0.31,0.31 => 0.31,1:1,True,False,same_observation_same_result_not_promoted,GLOBAL_ARITHMETIC_RATE_WITHHELD,pending
CLA-03,runs/raw_logs/Claude_Opus_4/3. Strategic Decision Modeling Protocol.pdf,21,3,Combination 2,,Tension,• tension: 1.0 + 0.15 + 0.15 + 0.05 = 1.0 (clamped),CLA-03-N-00167,PDFIUM-CLA-03-N-00167,준수,준수,1 => 1,1 => 1,1:1,True,False,same_observation_same_result_not_promoted,GLOBAL_ARITHMETIC_RATE_WITHHELD,pending
CLA-03,runs/raw_logs/Claude_Opus_4/3. Strategic Decision Modeling Protocol.pdf,21,3,Combination 3,,Diplomatic_Support,• diplomatic_support: 1.0 - 0.05 + 0.10 + 0.10 = 1.0 (clamped),CLA-03-N-00186,PDFIUM-CLA-03-N-00186,준수,준수,1 => 1,1 => 1,1:1,True,False,same_observation_same_result_not_promoted,GLOBAL_ARITHMETIC_RATE_WITHHELD,pending
CLA-03,runs/raw_logs/Claude_Opus_4/3. Strategic Decision Modeling Protocol.pdf,21,3,Combination 3,,Leadership_Unity,• leadership_unity: 0.65 - 0.10 + 0.05 + 0.05 = 0.65,CLA-03-N-00192,PDFIUM-CLA-03-N-00192,준수,준수,0.65 => 0.65,0.65 => 0.65,1:1,True,False,same_observation_same_result_not_promoted,GLOBAL_ARITHMETIC_RATE_WITHHELD,pending
CLA-03,runs/raw_logs/Claude_Opus_4/3. Strategic Decision Modeling Protocol.pdf,21,3,Combination 3,,Public_Opinion,• public_opinion: 0.65 - 0.05 + 0.05 + 0.05 = 0.70,CLA-03-N-00189,PDFIUM-CLA-03-N-00189,준수,준수,0.7 => 0.7,0.7 => 0.7,1:1,True,False,same_observation_same_result_not_promoted,GLOBAL_ARITHMETIC_RATE_WITHHELD,pending
CLA-03,runs/raw_logs/Claude_Opus_4/3. Strategic Decision Modeling Protocol.pdf,21,3,Combination 3,,Tension,• tension: 0.80 + 0.15 - 0.05 - 0.05 = 0.85,CLA-03-N-00183,PDFIUM-CLA-03-N-00183,준수,준수,0.85 => 0.85,0.85 => 0.85,1:1,True,False,same_observation_same_result_not_promoted,GLOBAL_ARITHMETIC_RATE_WITHHELD,pending
CLA-03,runs/raw_logs/Claude_Opus_4/3. Strategic Decision Modeling Protocol.pdf,7,1,Combination 1,,Diplomatic_Support,• diplomatic_support: 0.5 + 0.6 = 1.0 (clamped to 1.0),CLA-03-N-00011,PDFIUM-CLA-03-N-00011,준수,준수,1 => 1,1 => 1,1:1,True,False,same_observation_same_result_not_promoted,GLOBAL_ARITHMETIC_RATE_WITHHELD,pending
CLA-03,runs/raw_logs/Claude_Opus_4/3. Strategic Decision Modeling Protocol.pdf,7,1,Combination 1,,Leadership_Unity,• leadership_unity: 0.5 + 0.8 = 1.0 (clamped to 1.0),CLA-03-N-00016,PDFIUM-CLA-03-N-00016,준수,준수,1 => 1,1 => 1,1:1,True,False,same_observation_same_result_not_promoted,GLOBAL_ARITHMETIC_RATE_WITHHELD,pending
CLA-03,runs/raw_logs/Claude_Opus_4/3. Strategic Decision Modeling Protocol.pdf,7,1,Combination 1,,Tension,• tension: 0.5 + 0.3 + 0.45 = 1.0 (clamped to 1.0),CLA-03-N-00008,PDFIUM-CLA-03-N-00008,준수,준수,1 => 1,1 => 1,1:1,True,False,same_observation_same_result_not_promoted,GLOBAL_ARITHMETIC_RATE_WITHHELD,pending
CLA-03,runs/raw_logs/Claude_Opus_4/3. Strategic Decision Modeling Protocol.pdf,8,1,Combination 2,,Diplomatic_Support,• diplomatic_support: 0.5 - 0.05 = 0.45,CLA-03-N-00028,PDFIUM-CLA-03-N-00028,준수,준수,0.45 => 0.45,0.45 => 0.45,1:1,True,False,same_observation_same_result_not_promoted,GLOBAL_ARITHMETIC_RATE_WITHHELD,pending
CLA-03,runs/raw_logs/Claude_Opus_4/3. Strategic Decision Modeling Protocol.pdf,8,1,Combination 2,,Leadership_Unity,• leadership_unity: 0.5 - 0.10 + 0.65 = 1.0 (clamped to 1.0),CLA-03-N-00034,PDFIUM-CLA-03-N-00034,준수,준수,1 => 1,1 => 1,1:1,True,False,same_observation_same_result_not_promoted,GLOBAL_ARITHMETIC_RATE_WITHHELD,pending
CLA-03,runs/raw_logs/Claude_Opus_4/3. Strategic Decision Modeling Protocol.pdf,8,1,Combination 2,,Public_Opinion,• public_opinion: 0.5 - 0.05 = 0.45,CLA-03-N-00031,PDFIUM-CLA-03-N-00031,준수,준수,0.45 => 0.45,0.45 => 0.45,1:1,True,False,same_observation_same_result_not_promoted,GLOBAL_ARITHMETIC_RATE_WITHHELD,pending
CLA-03,runs/raw_logs/Claude_Opus_4/3. Strategic Decision Modeling Protocol.pdf,8,1,Combination 2,,Tension,• tension: 0.5 + 0.15 + 0.45 = 1.0 (clamped to 1.0),CLA-03-N-00025,PDFIUM-CLA-03-N-00025,준수,준수,1 => 1,1 => 1,1:1,True,False,same_observation_same_result_not_promoted,GLOBAL_ARITHMETIC_RATE_WITHHELD,pending
CLA-03,runs/raw_logs/Claude_Opus_4/3. Strategic Decision Modeling Protocol.pdf,9,1,Combination 3,,Diplomatic_Support,• diplomatic_support: 0.5 + 0.10 + 0.6 = 1.0 (clamped to 1.0),CLA-03-N-00045,PDFIUM-CLA-03-N-00045,준수,준수,1 => 1,1 => 1,1:1,True,False,same_observation_same_result_not_promoted,GLOBAL_ARITHMETIC_RATE_WITHHELD,pending
CLA-03,runs/raw_logs/Claude_Opus_4/3. Strategic Decision Modeling Protocol.pdf,9,1,Combination 3,,Leadership_Unity,• leadership_unity: 0.5 + 0.05 = 0.55,CLA-03-N-00051,PDFIUM-CLA-03-N-00051,준수,준수,0.55 => 0.55,0.55 => 0.55,1:1,True,False,same_observation_same_result_not_promoted,GLOBAL_ARITHMETIC_RATE_WITHHELD,pending
CLA-03,runs/raw_logs/Claude_Opus_4/3. Strategic Decision Modeling Protocol.pdf,9,1,Combination 3,,Public_Opinion,• public_opinion: 0.5 + 0.05 = 0.55,CLA-03-N-00048,PDFIUM-CLA-03-N-00048,준수,준수,0.55 => 0.55,0.55 => 0.55,1:1,True,False,same_observation_same_result_not_promoted,GLOBAL_ARITHMETIC_RATE_WITHHELD,pending
CLA-03,runs/raw_logs/Claude_Opus_4/3. Strategic Decision Modeling Protocol.pdf,9,1,Combination 3,,Tension,• tension: 0.5 - 0.05 + 0.45 = 0.90,CLA-03-N-00042,PDFIUM-CLA-03-N-00042,준수,준수,0.9 => 0.9,0.9 => 0.9,1:1,True,False,same_observation_same_result_not_promoted,GLOBAL_ARITHMETIC_RATE_WITHHELD,pending
CLA-04,runs/raw_logs/Claude_Opus_4/4. Strategic Decision Modeling Protocol.pdf,13,2,Combination 1,,Tension,• tension: 0.825 (0.875 - 0.05),CLA-04-N-00072,PDFIUM-CLA-04-N-00072,준수,준수,0.825 => 0.825,0.825 => 0.825,1:1,True,False,same_observation_same_result_not_promoted,GLOBAL_ARITHMETIC_RATE_WITHHELD,pending
CLA-04,runs/raw_logs/Claude_Opus_4/4. Strategic Decision Modeling Protocol.pdf,14,2,Combination 1,,Diplomatic_Support,• diplomatic_support: 0.6 (0.5 + 0.10),CLA-04-N-00075,PDFIUM-CLA-04-N-00075,준수,준수,0.6 => 0.6,0.6 => 0.6,1:1,True,False,same_observation_same_result_not_promoted,GLOBAL_ARITHMETIC_RATE_WITHHELD,pending
CLA-04,runs/raw_logs/Claude_Opus_4/4. Strategic Decision Modeling Protocol.pdf,14,2,Combination 1,,Leadership_Unity,• leadership_unity: 0.775 (0.725 + 0.05),CLA-04-N-00081,PDFIUM-CLA-04-N-00081,준수,준수,0.775 => 0.775,0.775 => 0.775,1:1,True,False,same_observation_same_result_not_promoted,GLOBAL_ARITHMETIC_RATE_WITHHELD,pending
CLA-04,runs/raw_logs/Claude_Opus_4/4. Strategic Decision Modeling Protocol.pdf,14,2,Combination 1,,Public_Opinion,• public_opinion: 0.55 (0.5 + 0.05),CLA-04-N-00078,PDFIUM-CLA-04-N-00078,준수,준수,0.55 => 0.55,0.55 => 0.55,1:1,True,False,same_observation_same_result_not_promoted,GLOBAL_ARITHMETIC_RATE_WITHHELD,pending
CLA-04,runs/raw_logs/Claude_Opus_4/4. Strategic Decision Modeling Protocol.pdf,14,2,Combination 2,,Diplomatic_Support,• diplomatic_support: 0.3 (0.4 - 0.10),CLA-04-N-00089,PDFIUM-CLA-04-N-00089,준수,준수,0.3 => 0.3,0.3 => 0.3,1:1,True,False,same_observation_same_result_not_promoted,GLOBAL_ARITHMETIC_RATE_WITHHELD,pending
CLA-04,runs/raw_logs/Claude_Opus_4/4. Strategic Decision Modeling Protocol.pdf,14,2,Combination 2,,Leadership_Unity,• leadership_unity: 0.1 (0.3 - 0.20),CLA-04-N-00095,PDFIUM-CLA-04-N-00095,준수,준수,0.1 => 0.1,0.1 => 0.1,1:1,True,False,same_observation_same_result_not_promoted,GLOBAL_ARITHMETIC_RATE_WITHHELD,pending
CLA-04,runs/raw_logs/Claude_Opus_4/4. Strategic Decision Modeling Protocol.pdf,14,2,Combination 2,,Public_Opinion,• public_opinion: 0.3 (0.4 - 0.10),CLA-04-N-00092,PDFIUM-CLA-04-N-00092,준수,준수,0.3 => 0.3,0.3 => 0.3,1:1,True,False,same_observation_same_result_not_promoted,GLOBAL_ARITHMETIC_RATE_WITHHELD,pending
CLA-04,runs/raw_logs/Claude_Opus_4/4. Strategic Decision Modeling Protocol.pdf,14,2,Combination 2,,Tension,"• tension: 1.0 (0.8 + 0.30, clamped at 1.0)",CLA-04-N-00086,PDFIUM-CLA-04-N-00086,준수,준수,1 => 1,1 => 1,1:1,True,False,same_observation_same_result_not_promoted,GLOBAL_ARITHMETIC_RATE_WITHHELD,pending
CLA-04,runs/raw_logs/Claude_Opus_4/4. Strategic Decision Modeling Protocol.pdf,14,2,Combination 3,,Diplomatic_Support,• diplomatic_support: 0.48 (0.5 - 0.02),CLA-04-N-00101,PDFIUM-CLA-04-N-00101,준수,준수,0.48 => 0.48,0.48 => 0.48,1:1,True,False,same_observation_same_result_not_promoted,GLOBAL_ARITHMETIC_RATE_WITHHELD,pending
CLA-04,runs/raw_logs/Claude_Opus_4/4. Strategic Decision Modeling Protocol.pdf,14,2,Combination 3,,Leadership_Unity,• leadership_unity: 0.45 (0.5 - 0.05),CLA-04-N-00107,PDFIUM-CLA-04-N-00107,준수,준수,0.45 => 0.45,0.45 => 0.45,1:1,True,False,same_observation_same_result_not_promoted,GLOBAL_ARITHMETIC_RATE_WITHHELD,pending
CLA-04,runs/raw_logs/Claude_Opus_4/4. Strategic Decision Modeling Protocol.pdf,14,2,Combination 3,,Public_Opinion,• public_opinion: 0.48 (0.5 - 0.02),CLA-04-N-00104,PDFIUM-CLA-04-N-00104,준수,준수,0.48 => 0.48,0.48 => 0.48,1:1,True,False,same_observation_same_result_not_promoted,GLOBAL_ARITHMETIC_RATE_WITHHELD,pending
CLA-04,runs/raw_logs/Claude_Opus_4/4. Strategic Decision Modeling Protocol.pdf,14,2,Combination 3,,Tension,• tension: 0.775 (0.725 + 0.05),CLA-04-N-00098,PDFIUM-CLA-04-N-00098,준수,준수,0.775 => 0.775,0.775 => 0.775,1:1,True,False,same_observation_same_result_not_promoted,GLOBAL_ARITHMETIC_RATE_WITHHELD,pending
CLA-04,runs/raw_logs/Claude_Opus_4/4. Strategic Decision Modeling Protocol.pdf,20,3,Combination 1,,Diplomatic_Support,• diplomatic_support: 0.75 (0.6 + 0.15),CLA-04-N-00137,PDFIUM-CLA-04-N-00137,준수,준수,0.75 => 0.75,0.75 => 0.75,1:1,True,False,same_observation_same_result_not_promoted,GLOBAL_ARITHMETIC_RATE_WITHHELD,pending
CLA-04,runs/raw_logs/Claude_Opus_4/4. Strategic Decision Modeling Protocol.pdf,20,3,Combination 1,,Leadership_Unity,• leadership_unity: 0.925 (0.775 + 0.15),CLA-04-N-00143,PDFIUM-CLA-04-N-00143,준수,준수,0.925 => 0.925,0.925 => 0.925,1:1,True,False,same_observation_same_result_not_promoted,GLOBAL_ARITHMETIC_RATE_WITHHELD,pending
CLA-04,runs/raw_logs/Claude_Opus_4/4. Strategic Decision Modeling Protocol.pdf,20,3,Combination 1,,Public_Opinion,• public_opinion: 0.70 (0.55 + 0.15),CLA-04-N-00140,PDFIUM-CLA-04-N-00140,준수,준수,0.7 => 0.7,0.7 => 0.7,1:1,True,False,same_observation_same_result_not_promoted,GLOBAL_ARITHMETIC_RATE_WITHHELD,pending
CLA-04,runs/raw_logs/Claude_Opus_4/4. Strategic Decision Modeling Protocol.pdf,20,3,Combination 1,,Tension,• tension: 0.725 (0.825 - 0.10),CLA-04-N-00134,PDFIUM-CLA-04-N-00134,준수,준수,0.725 => 0.725,0.725 => 0.725,1:1,True,False,same_observation_same_result_not_promoted,GLOBAL_ARITHMETIC_RATE_WITHHELD,pending
CLA-04,runs/raw_logs/Claude_Opus_4/4. Strategic Decision Modeling Protocol.pdf,20,3,Combination 3,,Diplomatic_Support,• diplomatic_support: 0.505 (0.48 + 0.025),CLA-04-N-00157,PDFIUM-CLA-04-N-00157,준수,준수,0.505 => 0.505,0.505 => 0.505,1:1,True,False,same_observation_same_result_not_promoted,GLOBAL_ARITHMETIC_RATE_WITHHELD,pending
CLA-04,runs/raw_logs/Claude_Opus_4/4. Strategic Decision Modeling Protocol.pdf,20,3,Combination 3,,Leadership_Unity,• leadership_unity: 0.425 (0.45 - 0.025),CLA-04-N-00162,PDFIUM-CLA-04-N-00162,준수,준수,0.425 => 0.425,0.425 => 0.425,1:1,True,False,same_observation_same_result_not_promoted,GLOBAL_ARITHMETIC_RATE_WITHHELD,pending
CLA-04,runs/raw_logs/Claude_Opus_4/4. Strategic Decision Modeling Protocol.pdf,20,3,Combination 3,,Tension,• tension: 0.8 (0.775 + 0.025),CLA-04-N-00154,PDFIUM-CLA-04-N-00154,준수,준수,0.8 => 0.8,0.8 => 0.8,1:1,True,False,same_observation_same_result_not_promoted,GLOBAL_ARITHMETIC_RATE_WITHHELD,pending
CLA-04,runs/raw_logs/Claude_Opus_4/4. Strategic Decision Modeling Protocol.pdf,26,4,Combination 1,,Diplomatic_Support,"• diplomatic_support: 0.90 (0.75 + 0.15, capped at practical maximum)",CLA-04-N-00192,PDFIUM-CLA-04-N-00192,준수,준수,0.9 => 0.9,0.9 => 0.9,1:1,True,False,same_observation_same_result_not_promoted,GLOBAL_ARITHMETIC_RATE_WITHHELD,pending
CLA-04,runs/raw_logs/Claude_Opus_4/4. Strategic Decision Modeling Protocol.pdf,26,4,Combination 1,,Leadership_Unity,"• leadership_unity: 1.0 (0.925 + 0.15, capped at 1.0)",CLA-04-N-00198,PDFIUM-CLA-04-N-00198,준수,준수,1 => 1,1 => 1,1:1,True,False,same_observation_same_result_not_promoted,GLOBAL_ARITHMETIC_RATE_WITHHELD,pending
CLA-04,runs/raw_logs/Claude_Opus_4/4. Strategic Decision Modeling Protocol.pdf,26,4,Combination 1,,Public_Opinion,• public_opinion: 0.85 (0.70 + 0.15),CLA-04-N-00195,PDFIUM-CLA-04-N-00195,준수,준수,0.85 => 0.85,0.85 => 0.85,1:1,True,False,same_observation_same_result_not_promoted,GLOBAL_ARITHMETIC_RATE_WITHHELD,pending
CLA-04,runs/raw_logs/Claude_Opus_4/4. Strategic Decision Modeling Protocol.pdf,26,4,Combination 1,,Tension,• tension: 0.625 (0.725 - 0.10),CLA-04-N-00189,PDFIUM-CLA-04-N-00189,준수,준수,0.625 => 0.625,0.625 => 0.625,1:1,True,False,same_observation_same_result_not_promoted,GLOBAL_ARITHMETIC_RATE_WITHHELD,pending
CLA-04,runs/raw_logs/Claude_Opus_4/4. Strategic Decision Modeling Protocol.pdf,26,4,Combination 3,,Diplomatic_Support,• diplomatic_support: 0.555 (0.505 + 0.05),CLA-04-N-00204,PDFIUM-CLA-04-N-00204,준수,준수,0.555 => 0.555,0.555 => 0.555,1:1,True,False,same_observation_same_result_not_promoted,GLOBAL_ARITHMETIC_RATE_WITHHELD,pending
CLA-04,runs/raw_logs/Claude_Opus_4/4. Strategic Decision Modeling Protocol.pdf,26,4,Combination 3,,Leadership_Unity,• leadership_unity: 0.525 (0.425 + 0.10),CLA-04-N-00210,PDFIUM-CLA-04-N-00210,준수,준수,0.525 => 0.525,0.525 => 0.525,1:1,True,False,same_observation_same_result_not_promoted,GLOBAL_ARITHMETIC_RATE_WITHHELD,pending
CLA-04,runs/raw_logs/Claude_Opus_4/4. Strategic Decision Modeling Protocol.pdf,26,4,Combination 3,,Public_Opinion,• public_opinion: 0.53 (0.48 + 0.05),CLA-04-N-00207,PDFIUM-CLA-04-N-00207,준수,준수,0.53 => 0.53,0.53 => 0.53,1:1,True,False,same_observation_same_result_not_promoted,GLOBAL_ARITHMETIC_RATE_WITHHELD,pending
CLA-04,runs/raw_logs/Claude_Opus_4/4. Strategic Decision Modeling Protocol.pdf,26,4,Combination 3,,Tension,• tension: 0.75 (0.8 - 0.05),CLA-04-N-00201,PDFIUM-CLA-04-N-00201,준수,준수,0.75 => 0.75,0.75 => 0.75,1:1,True,False,same_observation_same_result_not_promoted,GLOBAL_ARITHMETIC_RATE_WITHHELD,pending
CLA-04,runs/raw_logs/Claude_Opus_4/4. Strategic Decision Modeling Protocol.pdf,6,1,Combination 1],,Leadership_Unity,"• leadership_unity: 0.725 (0.5 + 0.8 + 0.65 = 1.95/2 = 0.975, reasonable average)",CLA-04-N-00012,PDFIUM-CLA-04-N-00012,판정 불가,판정 불가,"0.725 (0.5 + 0.8 + 0.65 = 1.95/2 = 0.975, reasonable average) => ","0.725 (0.5 + 0.8 + 0.65 = 1.95/2 = 0.975, reasonable average) => ",1:1,True,False,same_observation_same_result_not_promoted,GLOBAL_ARITHMETIC_RATE_WITHHELD,pending
CLA-04,runs/raw_logs/Claude_Opus_4/4. Strategic Decision Modeling Protocol.pdf,6,1,Combination 1],,Tension,"• tension: 0.875 (0.5 + 0.3 + 0.45 = 1.275, clamped to max 1.0 → 0.875 average)",CLA-04-N-00005,PDFIUM-CLA-04-N-00005,판정 불가,판정 불가,"0.875 (0.5 + 0.3 + 0.45 = 1.275, clamped to max 1.0 → 0.875 average) => ","0.875 (0.5 + 0.3 + 0.45 = 1.275, clamped to max 1.0 → 0.875 average) => ",1:1,True,False,same_observation_same_result_not_promoted,GLOBAL_ARITHMETIC_RATE_WITHHELD,pending
CLA-04,runs/raw_logs/Claude_Opus_4/4. Strategic Decision Modeling Protocol.pdf,7,1,Combination 2],,Diplomatic_Support,• diplomatic_support: 0.4 (0.5 - 0.05 - 0.05),CLA-04-N-00026,PDFIUM-CLA-04-N-00026,준수,준수,0.4 => 0.4,0.4 => 0.4,1:1,True,False,same_observation_same_result_not_promoted,GLOBAL_ARITHMETIC_RATE_WITHHELD,pending
CLA-04,runs/raw_logs/Claude_Opus_4/4. Strategic Decision Modeling Protocol.pdf,7,1,Combination 2],,Leadership_Unity,• leadership_unity: 0.3 (0.5 - 0.10 - 0.10),CLA-04-N-00032,PDFIUM-CLA-04-N-00032,준수,준수,0.3 => 0.3,0.3 => 0.3,1:1,True,False,same_observation_same_result_not_promoted,GLOBAL_ARITHMETIC_RATE_WITHHELD,pending
CLA-04,runs/raw_logs/Claude_Opus_4/4. Strategic Decision Modeling Protocol.pdf,7,1,Combination 2],,Public_Opinion,• public_opinion: 0.4 (0.5 - 0.05 - 0.05),CLA-04-N-00029,PDFIUM-CLA-04-N-00029,준수,준수,0.4 => 0.4,0.4 => 0.4,1:1,True,False,same_observation_same_result_not_promoted,GLOBAL_ARITHMETIC_RATE_WITHHELD,pending
CLA-04,runs/raw_logs/Claude_Opus_4/4. Strategic Decision Modeling Protocol.pdf,7,1,Combination 2],,Tension,• tension: 0.8 (0.5 + 0.15 + 0.15),CLA-04-N-00023,PDFIUM-CLA-04-N-00023,준수,준수,0.8 => 0.8,0.8 => 0.8,1:1,True,False,same_observation_same_result_not_promoted,GLOBAL_ARITHMETIC_RATE_WITHHELD,pending
CLA-04,runs/raw_logs/Claude_Opus_4/4. Strategic Decision Modeling Protocol.pdf,8,1,Combination 3],,Tension,• tension: 0.725 (0.5 + 0 + 0.45/2),CLA-04-N-00039,PDFIUM-CLA-04-N-00039,준수,준수,0.725 => 0.725,0.725 => 0.725,1:1,True,False,same_observation_same_result_not_promoted,GLOBAL_ARITHMETIC_RATE_WITHHELD,pending
CLA-05,runs/raw_logs/Claude_Opus_4/5. Strategic Decision Modeling Protocol.pdf,14,2,Combination 2,,Diplomatic_Support,• Diplomatic Support: -0.05 (Strike) -0.02 (Defense_Prep) = -0.07,CLA-05-N-00071,PDFIUM-CLA-05-N-00071,준수,준수,-0.07 => -0.07,-0.07 => -0.07,1:1,True,False,same_observation_same_result_not_promoted,GLOBAL_ARITHMETIC_RATE_WITHHELD,pending
CLA-05,runs/raw_logs/Claude_Opus_4/5. Strategic Decision Modeling Protocol.pdf,14,2,Combination 2,,Leadership_Unity,• Leadership Unity: -0.10 (Strike) -0.05 (Defense_Prep) = -0.15,CLA-05-N-00073,PDFIUM-CLA-05-N-00073,준수,준수,-0.15 => -0.15,-0.15 => -0.15,1:1,True,False,same_observation_same_result_not_promoted,GLOBAL_ARITHMETIC_RATE_WITHHELD,pending
CLA-05,runs/raw_logs/Claude_Opus_4/5. Strategic Decision Modeling Protocol.pdf,14,2,Combination 2,,Public_Opinion,• Public Opinion: -0.05 (Strike) -0.02 (Defense_Prep) = -0.07,CLA-05-N-00072,PDFIUM-CLA-05-N-00072,준수,준수,-0.07 => -0.07,-0.07 => -0.07,1:1,True,False,same_observation_same_result_not_promoted,GLOBAL_ARITHMETIC_RATE_WITHHELD,pending
CLA-05,runs/raw_logs/Claude_Opus_4/5. Strategic Decision Modeling Protocol.pdf,14,2,Combination 2,,Tension,• Tension: +0.15 (Strike) +0.05 (Defense_Prep) = +0.20,CLA-05-N-00070,PDFIUM-CLA-05-N-00070,준수,준수,0.2 => 0.2,0.2 => 0.2,1:1,True,False,same_observation_same_result_not_promoted,GLOBAL_ARITHMETIC_RATE_WITHHELD,pending
CLA-05,runs/raw_logs/Claude_Opus_4/5. Strategic Decision Modeling Protocol.pdf,14,2,Combination 3,,Diplomatic_Support,• Diplomatic Support: -0.05 (Strike) +0.10 (Diplomatic_Success) = +0.05,CLA-05-N-00083,PDFIUM-CLA-05-N-00083,준수,준수,0.05 => 0.05,0.05 => 0.05,1:1,True,False,same_observation_same_result_not_promoted,GLOBAL_ARITHMETIC_RATE_WITHHELD,pending
CLA-05,runs/raw_logs/Claude_Opus_4/5. Strategic Decision Modeling Protocol.pdf,14,2,Combination 3,,Leadership_Unity,• Leadership Unity: -0.10 (Strike) +0.05 (Diplomatic_Success) = -0.05,CLA-05-N-00085,PDFIUM-CLA-05-N-00085,준수,준수,-0.05 => -0.05,-0.05 => -0.05,1:1,True,False,same_observation_same_result_not_promoted,GLOBAL_ARITHMETIC_RATE_WITHHELD,pending
CLA-05,runs/raw_logs/Claude_Opus_4/5. Strategic Decision Modeling Protocol.pdf,14,2,Combination 3,,Public_Opinion,• Public Opinion: -0.05 (Strike) +0.05 (Diplomatic_Success) = 0,CLA-05-N-00084,PDFIUM-CLA-05-N-00084,준수,준수,0 => 0,0 => 0,1:1,True,False,same_observation_same_result_not_promoted,GLOBAL_ARITHMETIC_RATE_WITHHELD,pending
CLA-05,runs/raw_logs/Claude_Opus_4/5. Strategic Decision Modeling Protocol.pdf,14,2,Combination 3,,Tension,• Tension: +0.15 (Strike) -0.05 (Diplomatic_Success) = +0.10,CLA-05-N-00082,PDFIUM-CLA-05-N-00082,준수,준수,0.1 => 0.1,0.1 => 0.1,1:1,True,False,same_observation_same_result_not_promoted,GLOBAL_ARITHMETIC_RATE_WITHHELD,pending
CLA-05,runs/raw_logs/Claude_Opus_4/5. Strategic Decision Modeling Protocol.pdf,21,3,Combination 3,,Diplomatic_Support,• Diplomatic Support: -0.05 (Strike) +0.10 (Diplomatic_Success) = +0.05,CLA-05-N-00118,PDFIUM-CLA-05-N-00118,준수,준수,0.05 => 0.05,0.05 => 0.05,1:1,True,False,same_observation_same_result_not_promoted,GLOBAL_ARITHMETIC_RATE_WITHHELD,pending
CLA-05,runs/raw_logs/Claude_Opus_4/5. Strategic Decision Modeling Protocol.pdf,21,3,Combination 3,,Leadership_Unity,• Leadership Unity: -0.10 (Strike) +0.05 (Diplomatic_Success) = -0.05,CLA-05-N-00120,PDFIUM-CLA-05-N-00120,준수,준수,-0.05 => -0.05,-0.05 => -0.05,1:1,True,False,same_observation_same_result_not_promoted,GLOBAL_ARITHMETIC_RATE_WITHHELD,pending
CLA-05,runs/raw_logs/Claude_Opus_4/5. Strategic Decision Modeling Protocol.pdf,21,3,Combination 3,,Public_Opinion,• Public Opinion: -0.05 (Strike) +0.05 (Diplomatic_Success) = 0,CLA-05-N-00119,PDFIUM-CLA-05-N-00119,준수,준수,0 => 0,0 => 0,1:1,True,False,same_observation_same_result_not_promoted,GLOBAL_ARITHMETIC_RATE_WITHHELD,pending
CLA-05,runs/raw_logs/Claude_Opus_4/5. Strategic Decision Modeling Protocol.pdf,21,3,Combination 3,,Tension,• Tension: +0.15 (Strike) -0.05 (Diplomatic_Success) = +0.10,CLA-05-N-00117,PDFIUM-CLA-05-N-00117,준수,준수,0.1 => 0.1,0.1 => 0.1,1:1,True,False,same_observation_same_result_not_promoted,GLOBAL_ARITHMETIC_RATE_WITHHELD,pending
CLA-05,runs/raw_logs/Claude_Opus_4/5. Strategic Decision Modeling Protocol.pdf,29,4,Combination 3,,Diplomatic_Support,• Diplomatic Support: +0.10 (Diplomatic_Success) -0.05 (Allied concern) = +0.05,,PDFIUM-CLA-05-N-00154,,준수,,0.05 => 0.05,candidate_only,,False,unresolved_different_or_unmatched_no_forced_link,GLOBAL_ARITHMETIC_RATE_WITHHELD,pending
CLA-05,runs/raw_logs/Claude_Opus_4/5. Strategic Decision Modeling Protocol.pdf,6,1,Combination 1,,Diplomatic_Support,• diplomatic_support: 0.60 (0.5 + 0.10),CLA-05-N-00013,PDFIUM-CLA-05-N-00013,준수,준수,0.6 => 0.6,0.6 => 0.6,1:1,True,False,same_observation_same_result_not_promoted,GLOBAL_ARITHMETIC_RATE_WITHHELD,pending
CLA-05,runs/raw_logs/Claude_Opus_4/5. Strategic Decision Modeling Protocol.pdf,6,1,Combination 1,,Leadership_Unity,"• leadership_unity: 0.85 (0.5 + 0.30 + 0.05, capped at max 1.0)",CLA-05-N-00019,PDFIUM-CLA-05-N-00019,준수,준수,0.85 => 0.85,0.85 => 0.85,1:1,True,False,same_observation_same_result_not_promoted,GLOBAL_ARITHMETIC_RATE_WITHHELD,pending
CLA-05,runs/raw_logs/Claude_Opus_4/5. Strategic Decision Modeling Protocol.pdf,6,1,Combination 1,,Public_Opinion,• public_opinion: 0.55 (0.5 + 0.05),CLA-05-N-00016,PDFIUM-CLA-05-N-00016,준수,준수,0.55 => 0.55,0.55 => 0.55,1:1,True,False,same_observation_same_result_not_promoted,GLOBAL_ARITHMETIC_RATE_WITHHELD,pending
CLA-05,runs/raw_logs/Claude_Opus_4/5. Strategic Decision Modeling Protocol.pdf,6,1,Combination 1,,Tension,• tension: 0.75 (0.5 + 0.30 - 0.05),CLA-05-N-00010,PDFIUM-CLA-05-N-00010,준수,준수,0.75 => 0.75,0.75 => 0.75,1:1,True,False,same_observation_same_result_not_promoted,GLOBAL_ARITHMETIC_RATE_WITHHELD,pending
CLA-05,runs/raw_logs/Claude_Opus_4/5. Strategic Decision Modeling Protocol.pdf,7,1,Combination 2,,Diplomatic_Support,• diplomatic_support: 0.20 (0.5 + 0.10 - 0.40),CLA-05-N-00031,PDFIUM-CLA-05-N-00031,준수,준수,0.2 => 0.2,0.2 => 0.2,1:1,True,False,same_observation_same_result_not_promoted,GLOBAL_ARITHMETIC_RATE_WITHHELD,pending
CLA-05,runs/raw_logs/Claude_Opus_4/5. Strategic Decision Modeling Protocol.pdf,7,1,Combination 2,,Leadership_Unity,"• leadership_unity: 0.65 (0.5 + 0.65, averaging both sides)",CLA-05-N-00037,PDFIUM-CLA-05-N-00037,판정 불가,판정 불가,"0.65 (0.5 + 0.65, averaging both sides) => ","0.65 (0.5 + 0.65, averaging both sides) => ",1:1,True,False,same_observation_same_result_not_promoted,GLOBAL_ARITHMETIC_RATE_WITHHELD,pending
CLA-05,runs/raw_logs/Claude_Opus_4/5. Strategic Decision Modeling Protocol.pdf,7,1,Combination 2,,Public_Opinion,"• public_opinion: 1.0 (0.5 + 0.55, capped at max 1.0)",CLA-05-N-00034,PDFIUM-CLA-05-N-00034,준수,준수,1 => 1,1 => 1,1:1,True,False,same_observation_same_result_not_promoted,GLOBAL_ARITHMETIC_RATE_WITHHELD,pending
CLA-05,runs/raw_logs/Claude_Opus_4/5. Strategic Decision Modeling Protocol.pdf,7,1,Combination 2,,Tension,"• tension: 1.0 (0.5 + 0.55 + 0.45, capped at max 1.0)",CLA-05-N-00028,PDFIUM-CLA-05-N-00028,준수,준수,1 => 1,1 => 1,1:1,True,False,same_observation_same_result_not_promoted,GLOBAL_ARITHMETIC_RATE_WITHHELD,pending
CLA-05,runs/raw_logs/Claude_Opus_4/5. Strategic Decision Modeling Protocol.pdf,8,1,Combination 3,,Diplomatic_Support,• diplomatic_support: 0.45 (0.5 - 0.05),CLA-05-N-00049,PDFIUM-CLA-05-N-00049,준수,준수,0.45 => 0.45,0.45 => 0.45,1:1,True,False,same_observation_same_result_not_promoted,GLOBAL_ARITHMETIC_RATE_WITHHELD,pending
CLA-05,runs/raw_logs/Claude_Opus_4/5. Strategic Decision Modeling Protocol.pdf,8,1,Combination 3,,Leadership_Unity,"• leadership_unity: 0.55 (0.5 - 0.10 + 0.65, averaging effects)",CLA-05-N-00055,PDFIUM-CLA-05-N-00055,판정 불가,판정 불가,"0.55 (0.5 - 0.10 + 0.65, averaging effects) => ","0.55 (0.5 - 0.10 + 0.65, averaging effects) => ",1:1,True,False,same_observation_same_result_not_promoted,GLOBAL_ARITHMETIC_RATE_WITHHELD,pending
CLA-05,runs/raw_logs/Claude_Opus_4/5. Strategic Decision Modeling Protocol.pdf,8,1,Combination 3,,Public_Opinion,• public_opinion: 0.45 (0.5 - 0.05),CLA-05-N-00052,PDFIUM-CLA-05-N-00052,준수,준수,0.45 => 0.45,0.45 => 0.45,1:1,True,False,same_observation_same_result_not_promoted,GLOBAL_ARITHMETIC_RATE_WITHHELD,pending
CLA-05,runs/raw_logs/Claude_Opus_4/5. Strategic Decision Modeling Protocol.pdf,8,1,Combination 3,,Tension,"• tension: 1.0 (0.5 + 0.15 + 0.45, capped at max 1.0)",CLA-05-N-00046,PDFIUM-CLA-05-N-00046,준수,준수,1 => 1,1 => 1,1:1,True,False,same_observation_same_result_not_promoted,GLOBAL_ARITHMETIC_RATE_WITHHELD,pending
CLA-06,runs/raw_logs/Claude_Opus_4/6. Strategic Decision Modeling Protocol.pdf,6,1,Most Plausible Path],Soviet Union,Leadership_Unity,"• leadership_unity: 1.0 (0.5 + 0.65, clamped to max 1.0)",CLA-06-N-00022,PDFIUM-CLA-06-N-00022,준수,준수,1 => 1,1 => 1,1:1,True,False,same_observation_same_result_not_promoted,GLOBAL_ARITHMETIC_RATE_WITHHELD,pending
CLA-06,runs/raw_logs/Claude_Opus_4/6. Strategic Decision Modeling Protocol.pdf,6,1,Most Plausible Path],Soviet Union,Tension,• tension: 0.95 (0.5 + 0.45),CLA-06-N-00015,PDFIUM-CLA-06-N-00015,준수,준수,0.95 => 0.95,0.95 => 0.95,1:1,True,False,same_observation_same_result_not_promoted,GLOBAL_ARITHMETIC_RATE_WITHHELD,pending
CLA-06,runs/raw_logs/Claude_Opus_4/6. Strategic Decision Modeling Protocol.pdf,6,1,Most Plausible Path],United States,Leadership_Unity,"• leadership_unity: 1.0 (0.5 + 0.8, clamped to max 1.0)",CLA-06-N-00012,PDFIUM-CLA-06-N-00012,준수,준수,1 => 1,1 => 1,1:1,True,False,same_observation_same_result_not_promoted,GLOBAL_ARITHMETIC_RATE_WITHHELD,pending
CLA-06,runs/raw_logs/Claude_Opus_4/6. Strategic Decision Modeling Protocol.pdf,6,1,Most Plausible Path],United States,Tension,• tension: 0.8 (0.5 + 0.3),CLA-06-N-00005,PDFIUM-CLA-06-N-00005,준수,준수,0.8 => 0.8,0.8 => 0.8,1:1,True,False,same_observation_same_result_not_promoted,GLOBAL_ARITHMETIC_RATE_WITHHELD,pending
CLA-06,runs/raw_logs/Claude_Opus_4/6. Strategic Decision Modeling Protocol.pdf,7,1,Hardline Response Path],Soviet Union,Leadership_Unity,"• leadership_unity: 1.0 (0.5 + 0.65, clamped to max 1.0)",CLA-06-N-00050,PDFIUM-CLA-06-N-00050,준수,준수,1 => 1,1 => 1,1:1,True,False,same_observation_same_result_not_promoted,GLOBAL_ARITHMETIC_RATE_WITHHELD,pending
CLA-06,runs/raw_logs/Claude_Opus_4/6. Strategic Decision Modeling Protocol.pdf,7,1,Hardline Response Path],Soviet Union,Tension,• tension: 0.95 (0.5 + 0.45),CLA-06-N-00043,PDFIUM-CLA-06-N-00043,준수,준수,0.95 => 0.95,0.95 => 0.95,1:1,True,False,same_observation_same_result_not_promoted,GLOBAL_ARITHMETIC_RATE_WITHHELD,pending
CLA-06,runs/raw_logs/Claude_Opus_4/6. Strategic Decision Modeling Protocol.pdf,7,1,Hardline Response Path],United States,Diplomatic_Support,• diplomatic_support: 0.45 (0.5 - 0.05),CLA-06-N-00034,PDFIUM-CLA-06-N-00034,준수,준수,0.45 => 0.45,0.45 => 0.45,1:1,True,False,same_observation_same_result_not_promoted,GLOBAL_ARITHMETIC_RATE_WITHHELD,pending
CLA-06,runs/raw_logs/Claude_Opus_4/6. Strategic Decision Modeling Protocol.pdf,7,1,Hardline Response Path],United States,Leadership_Unity,• leadership_unity: 0.40 (0.5 - 0.10),CLA-06-N-00040,PDFIUM-CLA-06-N-00040,준수,준수,0.4 => 0.4,0.4 => 0.4,1:1,True,False,same_observation_same_result_not_promoted,GLOBAL_ARITHMETIC_RATE_WITHHELD,pending
CLA-06,runs/raw_logs/Claude_Opus_4/6. Strategic Decision Modeling Protocol.pdf,7,1,Hardline Response Path],United States,Public_Opinion,• public_opinion: 0.45 (0.5 - 0.05),CLA-06-N-00037,PDFIUM-CLA-06-N-00037,준수,준수,0.45 => 0.45,0.45 => 0.45,1:1,True,False,same_observation_same_result_not_promoted,GLOBAL_ARITHMETIC_RATE_WITHHELD,pending
CLA-06,runs/raw_logs/Claude_Opus_4/6. Strategic Decision Modeling Protocol.pdf,7,1,Hardline Response Path],United States,Tension,• tension: 0.65 (0.5 + 0.15),CLA-06-N-00031,PDFIUM-CLA-06-N-00031,준수,준수,0.65 => 0.65,0.65 => 0.65,1:1,True,False,same_observation_same_result_not_promoted,GLOBAL_ARITHMETIC_RATE_WITHHELD,pending
CLA-06,runs/raw_logs/Claude_Opus_4/6. Strategic Decision Modeling Protocol.pdf,8,1,Diplomatic Delay Path],Soviet Union,Diplomatic_Support,"• diplomatic_support: 1.0 (0.5 + 0.6, clamped to max 1.0)",CLA-06-N-00066,PDFIUM-CLA-06-N-00066,준수,준수,1 => 1,1 => 1,1:1,True,False,same_observation_same_result_not_promoted,GLOBAL_ARITHMETIC_RATE_WITHHELD,pending
CLA-06,runs/raw_logs/Claude_Opus_4/6. Strategic Decision Modeling Protocol.pdf,8,1,Diplomatic Delay Path],Soviet Union,Tension,• tension: 0.95 (0.5 + 0.45),CLA-06-N-00063,PDFIUM-CLA-06-N-00063,준수,준수,0.95 => 0.95,0.95 => 0.95,1:1,True,False,same_observation_same_result_not_promoted,GLOBAL_ARITHMETIC_RATE_WITHHELD,pending
CLA-07,runs/raw_logs/Claude_Opus_4/7. Strategic Decision Modeling Protocol.pdf,11,1,Primary: Maintain Quarantine + Ships Turn,,Tension,• tension: 1.0 - 0.05 = 0.95,CLA-07-N-00076,PDFIUM-CLA-07-N-00076,준수,준수,0.95 => 0.95,0.95 => 0.95,1:1,True,False,same_observation_same_result_not_promoted,GLOBAL_ARITHMETIC_RATE_WITHHELD,pending
CLA-07,runs/raw_logs/Claude_Opus_4/7. Strategic Decision Modeling Protocol.pdf,12,1,Primary: Maintain Quarantine + Ships Turn,,Diplomatic_Support,• diplomatic_support: 0.7 + 0.10 = 0.80,CLA-07-N-00079,PDFIUM-CLA-07-N-00079,준수,준수,0.8 => 0.8,0.8 => 0.8,1:1,True,False,same_observation_same_result_not_promoted,GLOBAL_ARITHMETIC_RATE_WITHHELD,pending
CLA-07,runs/raw_logs/Claude_Opus_4/7. Strategic Decision Modeling Protocol.pdf,12,1,Primary: Maintain Quarantine + Ships Turn,,Leadership_Unity,• leadership_unity: 1.0 + 0.05 = 1.0 (clamped),CLA-07-N-00085,PDFIUM-CLA-07-N-00085,준수,준수,1 => 1,1 => 1,1:1,True,False,same_observation_same_result_not_promoted,GLOBAL_ARITHMETIC_RATE_WITHHELD,pending
CLA-07,runs/raw_logs/Claude_Opus_4/7. Strategic Decision Modeling Protocol.pdf,12,1,Primary: Maintain Quarantine + Ships Turn,,Public_Opinion,• public_opinion: 0.6 + 0.05 = 0.65,CLA-07-N-00082,PDFIUM-CLA-07-N-00082,준수,준수,0.65 => 0.65,0.65 => 0.65,1:1,True,False,same_observation_same_result_not_promoted,GLOBAL_ARITHMETIC_RATE_WITHHELD,pending
CLA-07,runs/raw_logs/Claude_Opus_4/7. Strategic Decision Modeling Protocol.pdf,13,1,Primary: Ultimatum + Berlin Blockade],,Diplomatic_Support,• diplomatic_support: 0.65 - 0.05 - 0.02 = 0.58,CLA-07-N-00099,PDFIUM-CLA-07-N-00099,준수,준수,0.58 => 0.58,0.58 => 0.58,1:1,True,False,same_observation_same_result_not_promoted,GLOBAL_ARITHMETIC_RATE_WITHHELD,pending
CLA-07,runs/raw_logs/Claude_Opus_4/7. Strategic Decision Modeling Protocol.pdf,13,1,Primary: Ultimatum + Berlin Blockade],,Leadership_Unity,• leadership_unity: 1.0 - 0.10 - 0.05 = 0.85,CLA-07-N-00105,PDFIUM-CLA-07-N-00105,준수,준수,0.85 => 0.85,0.85 => 0.85,1:1,True,False,same_observation_same_result_not_promoted,GLOBAL_ARITHMETIC_RATE_WITHHELD,pending
CLA-07,runs/raw_logs/Claude_Opus_4/7. Strategic Decision Modeling Protocol.pdf,13,1,Primary: Ultimatum + Berlin Blockade],,Public_Opinion,• public_opinion: 0.55 - 0.05 - 0.02 = 0.48,CLA-07-N-00102,PDFIUM-CLA-07-N-00102,준수,준수,0.48 => 0.48,0.48 => 0.48,1:1,True,False,same_observation_same_result_not_promoted,GLOBAL_ARITHMETIC_RATE_WITHHELD,pending
CLA-07,runs/raw_logs/Claude_Opus_4/7. Strategic Decision Modeling Protocol.pdf,13,1,Primary: Ultimatum + Berlin Blockade],,Tension,• tension: 1.0 + 0.15 + 0.05 = 1.0 (clamped),CLA-07-N-00096,PDFIUM-CLA-07-N-00096,준수,준수,1 => 1,1 => 1,1:1,True,False,same_observation_same_result_not_promoted,GLOBAL_ARITHMETIC_RATE_WITHHELD,pending
CLA-07,runs/raw_logs/Claude_Opus_4/7. Strategic Decision Modeling Protocol.pdf,15,1,Primary: UN Resolution + Missile Trade],,Diplomatic_Support,• diplomatic_support: 0.68 + 0.20 = 0.88,CLA-07-N-00119,PDFIUM-CLA-07-N-00119,준수,준수,0.88 => 0.88,0.88 => 0.88,1:1,True,False,same_observation_same_result_not_promoted,GLOBAL_ARITHMETIC_RATE_WITHHELD,pending
CLA-07,runs/raw_logs/Claude_Opus_4/7. Strategic Decision Modeling Protocol.pdf,15,1,Primary: UN Resolution + Missile Trade],,Leadership_Unity,• leadership_unity: 0.65 + 0.10 = 0.75,CLA-07-N-00125,PDFIUM-CLA-07-N-00125,준수,준수,0.75 => 0.75,0.75 => 0.75,1:1,True,False,same_observation_same_result_not_promoted,GLOBAL_ARITHMETIC_RATE_WITHHELD,pending
CLA-07,runs/raw_logs/Claude_Opus_4/7. Strategic Decision Modeling Protocol.pdf,15,1,Primary: UN Resolution + Missile Trade],,Public_Opinion,• public_opinion: 0.58 + 0.10 = 0.68,CLA-07-N-00122,PDFIUM-CLA-07-N-00122,준수,준수,0.68 => 0.68,0.68 => 0.68,1:1,True,False,same_observation_same_result_not_promoted,GLOBAL_ARITHMETIC_RATE_WITHHELD,pending
CLA-07,runs/raw_logs/Claude_Opus_4/7. Strategic Decision Modeling Protocol.pdf,15,1,Primary: UN Resolution + Missile Trade],,Tension,• tension: 0.55 - 0.10 = 0.45,CLA-07-N-00116,PDFIUM-CLA-07-N-00116,준수,준수,0.45 => 0.45,0.45 => 0.45,1:1,True,False,same_observation_same_result_not_promoted,GLOBAL_ARITHMETIC_RATE_WITHHELD,pending
CLA-07,runs/raw_logs/Claude_Opus_4/7. Strategic Decision Modeling Protocol.pdf,18,1,Primary: Absorb Loss + Private Message],,Diplomatic_Support,• diplomatic_support: 0.80 + 0.15 = 0.95,CLA-07-N-00137,PDFIUM-CLA-07-N-00137,준수,준수,0.95 => 0.95,0.95 => 0.95,1:1,True,False,same_observation_same_result_not_promoted,GLOBAL_ARITHMETIC_RATE_WITHHELD,pending
CLA-07,runs/raw_logs/Claude_Opus_4/7. Strategic Decision Modeling Protocol.pdf,18,1,Primary: Absorb Loss + Private Message],,Public_Opinion,• public_opinion: 0.65 + 0.15 = 0.80,CLA-07-N-00140,PDFIUM-CLA-07-N-00140,준수,준수,0.8 => 0.8,0.8 => 0.8,1:1,True,False,same_observation_same_result_not_promoted,GLOBAL_ARITHMETIC_RATE_WITHHELD,pending
CLA-07,runs/raw_logs/Claude_Opus_4/7. Strategic Decision Modeling Protocol.pdf,18,1,Primary: Absorb Loss + Private Message],,Tension,• tension: 0.95 - 0.10 = 0.85,CLA-07-N-00134,PDFIUM-CLA-07-N-00134,준수,준수,0.85 => 0.85,0.85 => 0.85,1:1,True,False,same_observation_same_result_not_promoted,GLOBAL_ARITHMETIC_RATE_WITHHELD,pending
CLA-07,runs/raw_logs/Claude_Opus_4/7. Strategic Decision Modeling Protocol.pdf,20,1,Primary: Surgical Strike + Berlin,,Diplomatic_Support,• diplomatic_support: 0.58 - 0.07 = 0.51,CLA-07-N-00153,PDFIUM-CLA-07-N-00153,준수,준수,0.51 => 0.51,0.51 => 0.51,1:1,True,False,same_observation_same_result_not_promoted,GLOBAL_ARITHMETIC_RATE_WITHHELD,pending
CLA-07,runs/raw_logs/Claude_Opus_4/7. Strategic Decision Modeling Protocol.pdf,20,1,Primary: Surgical Strike + Berlin,,Leadership_Unity,• leadership_unity: 0.85 - 0.15 = 0.70,CLA-07-N-00159,PDFIUM-CLA-07-N-00159,준수,준수,0.7 => 0.7,0.7 => 0.7,1:1,True,False,same_observation_same_result_not_promoted,GLOBAL_ARITHMETIC_RATE_WITHHELD,pending
CLA-07,runs/raw_logs/Claude_Opus_4/7. Strategic Decision Modeling Protocol.pdf,20,1,Primary: Surgical Strike + Berlin,,Public_Opinion,• public_opinion: 0.48 - 0.07 = 0.41,CLA-07-N-00156,PDFIUM-CLA-07-N-00156,준수,준수,0.41 => 0.41,0.41 => 0.41,1:1,True,False,same_observation_same_result_not_promoted,GLOBAL_ARITHMETIC_RATE_WITHHELD,pending
CLA-07,runs/raw_logs/Claude_Opus_4/7. Strategic Decision Modeling Protocol.pdf,21,1,Primary: UN Meeting + Missile Freeze],,Diplomatic_Support,• diplomatic_support: 0.88 + 0.20 = 1.0 (clamped),CLA-07-N-00171,PDFIUM-CLA-07-N-00171,준수,준수,1 => 1,1 => 1,1:1,True,False,same_observation_same_result_not_promoted,GLOBAL_ARITHMETIC_RATE_WITHHELD,pending
CLA-07,runs/raw_logs/Claude_Opus_4/7. Strategic Decision Modeling Protocol.pdf,21,1,Primary: UN Meeting + Missile Freeze],,Tension,• tension: 0.45 - 0.10 = 0.35,CLA-07-N-00168,PDFIUM-CLA-07-N-00168,준수,준수,0.35 => 0.35,0.35 => 0.35,1:1,True,False,same_observation_same_result_not_promoted,GLOBAL_ARITHMETIC_RATE_WITHHELD,pending
CLA-07,runs/raw_logs/Claude_Opus_4/7. Strategic Decision Modeling Protocol.pdf,22,1,Primary: UN Meeting + Missile Freeze],,Leadership_Unity,• leadership_unity: 0.75 + 0.10 = 0.85,CLA-07-N-00177,PDFIUM-CLA-07-N-00177,준수,준수,0.85 => 0.85,0.85 => 0.85,1:1,True,False,same_observation_same_result_not_promoted,GLOBAL_ARITHMETIC_RATE_WITHHELD,pending
CLA-07,runs/raw_logs/Claude_Opus_4/7. Strategic Decision Modeling Protocol.pdf,22,1,Primary: UN Meeting + Missile Freeze],,Public_Opinion,• public_opinion: 0.68 + 0.10 = 0.78,CLA-07-N-00174,PDFIUM-CLA-07-N-00174,준수,준수,0.78 => 0.78,0.78 => 0.78,1:1,True,False,same_observation_same_result_not_promoted,GLOBAL_ARITHMETIC_RATE_WITHHELD,pending
CLA-07,runs/raw_logs/Claude_Opus_4/7. Strategic Decision Modeling Protocol.pdf,24,1,Primary: Hotline Message + Personal,,Diplomatic_Support,• diplomatic_support: 0.95 + 0.15 = 1.0 (clamped),CLA-07-N-00189,PDFIUM-CLA-07-N-00189,준수,준수,1 => 1,1 => 1,1:1,True,False,same_observation_same_result_not_promoted,GLOBAL_ARITHMETIC_RATE_WITHHELD,pending
CLA-07,runs/raw_logs/Claude_Opus_4/7. Strategic Decision Modeling Protocol.pdf,24,1,Primary: Hotline Message + Personal,,Tension,• tension: 0.85 - 0.10 = 0.75,CLA-07-N-00186,PDFIUM-CLA-07-N-00186,준수,준수,0.75 => 0.75,0.75 => 0.75,1:1,True,False,same_observation_same_result_not_promoted,GLOBAL_ARITHMETIC_RATE_WITHHELD,pending
CLA-07,runs/raw_logs/Claude_Opus_4/7. Strategic Decision Modeling Protocol.pdf,25,1,Primary: Hotline Message + Personal,,Public_Opinion,• public_opinion: 0.80 + 0.15 = 0.95,CLA-07-N-00192,PDFIUM-CLA-07-N-00192,준수,준수,0.95 => 0.95,0.95 => 0.95,1:1,True,False,same_observation_same_result_not_promoted,GLOBAL_ARITHMETIC_RATE_WITHHELD,pending
CLA-07,runs/raw_logs/Claude_Opus_4/7. Strategic Decision Modeling Protocol.pdf,26,1,Primary: Strike Preparation + Emergency,,Diplomatic_Support,• diplomatic_support: 0.51 - 0.02 = 0.49,CLA-07-N-00205,PDFIUM-CLA-07-N-00205,준수,준수,0.49 => 0.49,0.49 => 0.49,1:1,True,False,same_observation_same_result_not_promoted,GLOBAL_ARITHMETIC_RATE_WITHHELD,pending
CLA-07,runs/raw_logs/Claude_Opus_4/7. Strategic Decision Modeling Protocol.pdf,26,1,Primary: Strike Preparation + Emergency,,Leadership_Unity,• leadership_unity: 0.70 - 0.05 = 0.65,CLA-07-N-00211,PDFIUM-CLA-07-N-00211,준수,준수,0.65 => 0.65,0.65 => 0.65,1:1,True,False,same_observation_same_result_not_promoted,GLOBAL_ARITHMETIC_RATE_WITHHELD,pending
CLA-07,runs/raw_logs/Claude_Opus_4/7. Strategic Decision Modeling Protocol.pdf,26,1,Primary: Strike Preparation + Emergency,,Public_Opinion,• public_opinion: 0.41 - 0.02 = 0.39,CLA-07-N-00208,PDFIUM-CLA-07-N-00208,준수,준수,0.39 => 0.39,0.39 => 0.39,1:1,True,False,same_observation_same_result_not_promoted,GLOBAL_ARITHMETIC_RATE_WITHHELD,pending
CLA-07,runs/raw_logs/Claude_Opus_4/7. Strategic Decision Modeling Protocol.pdf,28,1,Primary: Comprehensive Proposal + Begin,,Leadership_Unity,• leadership_unity: 0.85 + 0.10 = 0.95,CLA-07-N-00228,PDFIUM-CLA-07-N-00228,준수,준수,0.95 => 0.95,0.95 => 0.95,1:1,True,False,same_observation_same_result_not_promoted,GLOBAL_ARITHMETIC_RATE_WITHHELD,pending
CLA-07,runs/raw_logs/Claude_Opus_4/7. Strategic Decision Modeling Protocol.pdf,28,1,Primary: Comprehensive Proposal + Begin,,Public_Opinion,• public_opinion: 0.78 + 0.10 = 0.88,CLA-07-N-00225,PDFIUM-CLA-07-N-00225,준수,준수,0.88 => 0.88,0.88 => 0.88,1:1,True,False,same_observation_same_result_not_promoted,GLOBAL_ARITHMETIC_RATE_WITHHELD,pending
CLA-07,runs/raw_logs/Claude_Opus_4/7. Strategic Decision Modeling Protocol.pdf,28,1,Primary: Comprehensive Proposal + Begin,,Tension,• tension: 0.35 - 0.10 = 0.25,CLA-07-N-00220,PDFIUM-CLA-07-N-00220,준수,준수,0.25 => 0.25,0.25 => 0.25,1:1,True,False,same_observation_same_result_not_promoted,GLOBAL_ARITHMETIC_RATE_WITHHELD,pending
CLA-07,runs/raw_logs/Claude_Opus_4/7. Strategic Decision Modeling Protocol.pdf,6,1,"""Measured Confrontation Path""",Soviet Union,Tension,• tension: +0.3 + 0.45 = +0.75,CLA-07-N-00012,PDFIUM-CLA-07-N-00012,준수,준수,0.75 => 0.75,0.75 => 0.75,1:1,True,False,same_observation_same_result_not_promoted,GLOBAL_ARITHMETIC_RATE_WITHHELD,pending
CLA-07,runs/raw_logs/Claude_Opus_4/7. Strategic Decision Modeling Protocol.pdf,6,1,Combination 1],,Tension,• tension: 0.5 + 0.75 = 1.0 (clamped to 1.0),CLA-07-N-00016,PDFIUM-CLA-07-N-00016,준수,준수,1 => 1,1 => 1,1:1,True,False,same_observation_same_result_not_promoted,GLOBAL_ARITHMETIC_RATE_WITHHELD,pending
CLA-07,runs/raw_logs/Claude_Opus_4/7. Strategic Decision Modeling Protocol.pdf,7,1,"""Military Escalation Path""",Soviet Union,Leadership_Unity,• leadership_unity: -0.10 (US) + 0.65 (Soviet) = +0.55 net,CLA-07-N-00035,PDFIUM-CLA-07-N-00035,준수,준수,0.55 => 0.55,0.55 => 0.55,1:1,True,False,same_observation_same_result_not_promoted,GLOBAL_ARITHMETIC_RATE_WITHHELD,pending
CLA-07,runs/raw_logs/Claude_Opus_4/7. Strategic Decision Modeling Protocol.pdf,7,1,"""Military Escalation Path""",Soviet Union,Tension,• tension: +0.15 + 0.45 = +0.60,CLA-07-N-00032,PDFIUM-CLA-07-N-00032,준수,준수,0.6 => 0.6,0.6 => 0.6,1:1,True,False,same_observation_same_result_not_promoted,GLOBAL_ARITHMETIC_RATE_WITHHELD,pending
CLA-07,runs/raw_logs/Claude_Opus_4/7. Strategic Decision Modeling Protocol.pdf,7,1,Combination 1],,Leadership_Unity,• leadership_unity: 0.7 + 0.8 = 1.0 (clamped to 1.0),CLA-07-N-00023,PDFIUM-CLA-07-N-00023,준수,준수,1 => 1,1 => 1,1:1,True,False,same_observation_same_result_not_promoted,GLOBAL_ARITHMETIC_RATE_WITHHELD,pending
CLA-07,runs/raw_logs/Claude_Opus_4/7. Strategic Decision Modeling Protocol.pdf,7,1,Combination 2],,Diplomatic_Support,• diplomatic_support: 0.7 - 0.05 = 0.65,CLA-07-N-00039,PDFIUM-CLA-07-N-00039,준수,준수,0.65 => 0.65,0.65 => 0.65,1:1,True,False,same_observation_same_result_not_promoted,GLOBAL_ARITHMETIC_RATE_WITHHELD,pending
CLA-07,runs/raw_logs/Claude_Opus_4/7. Strategic Decision Modeling Protocol.pdf,7,1,Combination 2],,Public_Opinion,• public_opinion: 0.6 - 0.05 = 0.55,CLA-07-N-00042,PDFIUM-CLA-07-N-00042,준수,준수,0.55 => 0.55,0.55 => 0.55,1:1,True,False,same_observation_same_result_not_promoted,GLOBAL_ARITHMETIC_RATE_WITHHELD,pending
CLA-07,runs/raw_logs/Claude_Opus_4/7. Strategic Decision Modeling Protocol.pdf,7,1,Combination 2],,Tension,• tension: 0.5 + 0.60 = 1.0 (clamped to 1.0),CLA-07-N-00036,PDFIUM-CLA-07-N-00036,준수,준수,1 => 1,1 => 1,1:1,True,False,same_observation_same_result_not_promoted,GLOBAL_ARITHMETIC_RATE_WITHHELD,pending
CLA-07,runs/raw_logs/Claude_Opus_4/7. Strategic Decision Modeling Protocol.pdf,8,1,Combination 2],,Leadership_Unity,• leadership_unity: 0.7 + 0.55 = 1.0 (clamped to 1.0),CLA-07-N-00045,PDFIUM-CLA-07-N-00045,준수,준수,1 => 1,1 => 1,1:1,True,False,same_observation_same_result_not_promoted,GLOBAL_ARITHMETIC_RATE_WITHHELD,pending
CLA-07,runs/raw_logs/Claude_Opus_4/7. Strategic Decision Modeling Protocol.pdf,8,1,Combination 3],,Diplomatic_Support,• diplomatic_support: 0.7 - 0.02 = 0.68,CLA-07-N-00059,PDFIUM-CLA-07-N-00059,준수,준수,0.68 => 0.68,0.68 => 0.68,1:1,True,False,same_observation_same_result_not_promoted,GLOBAL_ARITHMETIC_RATE_WITHHELD,pending
CLA-07,runs/raw_logs/Claude_Opus_4/7. Strategic Decision Modeling Protocol.pdf,8,1,Combination 3],,Leadership_Unity,• leadership_unity: 0.7 - 0.05 = 0.65,CLA-07-N-00065,PDFIUM-CLA-07-N-00065,준수,준수,0.65 => 0.65,0.65 => 0.65,1:1,True,False,same_observation_same_result_not_promoted,GLOBAL_ARITHMETIC_RATE_WITHHELD,pending
CLA-07,runs/raw_logs/Claude_Opus_4/7. Strategic Decision Modeling Protocol.pdf,8,1,Combination 3],,Public_Opinion,• public_opinion: 0.6 - 0.02 = 0.58,CLA-07-N-00062,PDFIUM-CLA-07-N-00062,준수,준수,0.58 => 0.58,0.58 => 0.58,1:1,True,False,same_observation_same_result_not_promoted,GLOBAL_ARITHMETIC_RATE_WITHHELD,pending
CLA-07,runs/raw_logs/Claude_Opus_4/7. Strategic Decision Modeling Protocol.pdf,8,1,Combination 3],,Tension,• tension: 0.5 + 0.05 = 0.55,CLA-07-N-00056,PDFIUM-CLA-07-N-00056,준수,준수,0.55 => 0.55,0.55 => 0.55,1:1,True,False,same_observation_same_result_not_promoted,GLOBAL_ARITHMETIC_RATE_WITHHELD,pending
CLA-08,runs/raw_logs/Claude_Opus_4/8. Strategic Decision Modeling Protocol.pdf,14,2,Combination 3,,Public_Opinion,• Public Opinion: 0.9 (0.4 + 0.5),CLA-08-N-00057,PDFIUM-CLA-08-N-00057,준수,준수,0.9 => 0.9,0.9 => 0.9,1:1,True,False,same_observation_same_result_not_promoted,GLOBAL_ARITHMETIC_RATE_WITHHELD,pending
CLA-08,runs/raw_logs/Claude_Opus_4/8. Strategic Decision Modeling Protocol.pdf,20,3,Combination 1,,Public_Opinion,• Public Opinion: 0.95 (0.45 + 0.5),CLA-08-N-00075,PDFIUM-CLA-08-N-00075,준수,준수,0.95 => 0.95,0.95 => 0.95,1:1,True,False,same_observation_same_result_not_promoted,GLOBAL_ARITHMETIC_RATE_WITHHELD,pending
CLA-08,runs/raw_logs/Claude_Opus_4/8. Strategic Decision Modeling Protocol.pdf,20,3,Combination 1,,Tension,• Tension: 0.90 (0.75 + 0.15) - THRESHOLD EXCEEDED,CLA-08-N-00070,PDFIUM-CLA-08-N-00070,준수,준수,0.9 => 0.9,0.9 => 0.9,1:1,True,False,same_observation_same_result_not_promoted,GLOBAL_ARITHMETIC_RATE_WITHHELD,pending
CLA-08,runs/raw_logs/Claude_Opus_4/8. Strategic Decision Modeling Protocol.pdf,20,3,Combination 2,,Diplomatic_Support,• Diplomatic Support: 0.85 (0.75 + 0.10),CLA-08-N-00083,PDFIUM-CLA-08-N-00083,준수,준수,0.85 => 0.85,0.85 => 0.85,1:1,True,False,same_observation_same_result_not_promoted,GLOBAL_ARITHMETIC_RATE_WITHHELD,pending
CLA-08,runs/raw_logs/Claude_Opus_4/8. Strategic Decision Modeling Protocol.pdf,20,3,Combination 2,,Tension,• Tension: 0.20 (0.25 - 0.05),CLA-08-N-00080,PDFIUM-CLA-08-N-00080,준수,준수,0.2 => 0.2,0.2 => 0.2,1:1,True,False,same_observation_same_result_not_promoted,GLOBAL_ARITHMETIC_RATE_WITHHELD,pending
CLA-08,runs/raw_logs/Claude_Opus_4/8. Strategic Decision Modeling Protocol.pdf,20,3,Combination 3,,Tension,• Tension: 1.00 (0.80 + 0.15 + 0.05) - MAXIMUM,CLA-08-N-00088,PDFIUM-CLA-08-N-00088,준수,준수,1 => 1,1 => 1,1:1,True,False,same_observation_same_result_not_promoted,GLOBAL_ARITHMETIC_RATE_WITHHELD,pending
CLA-08,runs/raw_logs/Claude_Opus_4/8. Strategic Decision Modeling Protocol.pdf,26,4,Combination 2,,Diplomatic_Support,• Diplomatic Support: 0.95 (0.85 + 0.10),CLA-08-N-00114,PDFIUM-CLA-08-N-00114,준수,준수,0.95 => 0.95,0.95 => 0.95,1:1,True,False,same_observation_same_result_not_promoted,GLOBAL_ARITHMETIC_RATE_WITHHELD,pending
CLA-08,runs/raw_logs/Claude_Opus_4/8. Strategic Decision Modeling Protocol.pdf,26,4,Combination 2,,Public_Opinion,• Public Opinion: 0.60 (0.55 + 0.05),CLA-08-N-00117,PDFIUM-CLA-08-N-00117,준수,준수,0.6 => 0.6,0.6 => 0.6,1:1,True,False,same_observation_same_result_not_promoted,GLOBAL_ARITHMETIC_RATE_WITHHELD,pending
CLA-08,runs/raw_logs/Claude_Opus_4/8. Strategic Decision Modeling Protocol.pdf,26,4,Combination 2,,Tension,• Tension: 0.15 (0.20 - 0.05),CLA-08-N-00111,PDFIUM-CLA-08-N-00111,준수,준수,0.15 => 0.15,0.15 => 0.15,1:1,True,False,same_observation_same_result_not_promoted,GLOBAL_ARITHMETIC_RATE_WITHHELD,pending
CLA-08,runs/raw_logs/Claude_Opus_4/8. Strategic Decision Modeling Protocol.pdf,4,1,미지정,,Tension,• Tension: +0.45 (military alert) +0.15 (strike) = +0.60,CLA-08-N-00001,PDFIUM-CLA-08-N-00001,준수,준수,0.6 => 0.6,0.6 => 0.6,1:1,True,False,same_observation_same_result_not_promoted,GLOBAL_ARITHMETIC_RATE_WITHHELD,pending
CLA-08,runs/raw_logs/Claude_Opus_4/8. Strategic Decision Modeling Protocol.pdf,6,1,Combination 1,,Tension,• tension: 0.75 (Base 0.0 + 0.3 + 0.45),CLA-08-N-00005,PDFIUM-CLA-08-N-00005,준수,준수,0.75 => 0.75,0.75 => 0.75,1:1,True,False,same_observation_same_result_not_promoted,GLOBAL_ARITHMETIC_RATE_WITHHELD,pending
CLA-08,runs/raw_logs/Claude_Opus_4/8. Strategic Decision Modeling Protocol.pdf,8,1,Combination 3,,Tension,• tension: 0.75 (Base 0.0 + 0.3 + 0.45),CLA-08-N-00022,PDFIUM-CLA-08-N-00022,준수,준수,0.75 => 0.75,0.75 => 0.75,1:1,True,False,same_observation_same_result_not_promoted,GLOBAL_ARITHMETIC_RATE_WITHHELD,pending
CLA-09,runs/raw_logs/Claude_Opus_4/9. Strategic Decision Modeling Protocol.pdf,7,1,Combination 2,,Diplomatic_Support,• diplomatic_support: 0.70 (baseline 0.50 + 0.10 + 0.10),CLA-09-N-00025,PDFIUM-CLA-09-N-00025,준수,준수,0.7 => 0.7,0.7 => 0.7,1:1,True,False,same_observation_same_result_not_promoted,GLOBAL_ARITHMETIC_RATE_WITHHELD,pending
CLA-09,runs/raw_logs/Claude_Opus_4/9. Strategic Decision Modeling Protocol.pdf,7,1,Combination 2,,Leadership_Unity,• leadership_unity: 0.60 (baseline 0.50 + 0.05 + 0.05),CLA-09-N-00031,PDFIUM-CLA-09-N-00031,준수,준수,0.6 => 0.6,0.6 => 0.6,1:1,True,False,same_observation_same_result_not_promoted,GLOBAL_ARITHMETIC_RATE_WITHHELD,pending
CLA-09,runs/raw_logs/Claude_Opus_4/9. Strategic Decision Modeling Protocol.pdf,7,1,Combination 2,,Public_Opinion,• public_opinion: 0.60 (baseline 0.50 + 0.05 + 0.05),CLA-09-N-00028,PDFIUM-CLA-09-N-00028,준수,준수,0.6 => 0.6,0.6 => 0.6,1:1,True,False,same_observation_same_result_not_promoted,GLOBAL_ARITHMETIC_RATE_WITHHELD,pending
CLA-09,runs/raw_logs/Claude_Opus_4/9. Strategic Decision Modeling Protocol.pdf,7,1,Combination 2,,Tension,• tension: 0.40 (baseline 0.50 - 0.05 - 0.05),CLA-09-N-00022,PDFIUM-CLA-09-N-00022,준수,준수,0.4 => 0.4,0.4 => 0.4,1:1,True,False,same_observation_same_result_not_promoted,GLOBAL_ARITHMETIC_RATE_WITHHELD,pending
CLA-09,runs/raw_logs/Claude_Opus_4/9. Strategic Decision Modeling Protocol.pdf,8,1,Combination 3,,Diplomatic_Support,• diplomatic_support: 0.43 (baseline 0.50 - 0.05 - 0.02),CLA-09-N-00045,PDFIUM-CLA-09-N-00045,준수,준수,0.43 => 0.43,0.43 => 0.43,1:1,True,False,same_observation_same_result_not_promoted,GLOBAL_ARITHMETIC_RATE_WITHHELD,pending
CLA-09,runs/raw_logs/Claude_Opus_4/9. Strategic Decision Modeling Protocol.pdf,8,1,Combination 3,,Leadership_Unity,• leadership_unity: 0.35 (baseline 0.50 - 0.10 - 0.05),CLA-09-N-00051,PDFIUM-CLA-09-N-00051,준수,준수,0.35 => 0.35,0.35 => 0.35,1:1,True,False,same_observation_same_result_not_promoted,GLOBAL_ARITHMETIC_RATE_WITHHELD,pending
CLA-09,runs/raw_logs/Claude_Opus_4/9. Strategic Decision Modeling Protocol.pdf,8,1,Combination 3,,Public_Opinion,• public_opinion: 0.43 (baseline 0.50 - 0.05 - 0.02),CLA-09-N-00048,PDFIUM-CLA-09-N-00048,준수,준수,0.43 => 0.43,0.43 => 0.43,1:1,True,False,same_observation_same_result_not_promoted,GLOBAL_ARITHMETIC_RATE_WITHHELD,pending
CLA-09,runs/raw_logs/Claude_Opus_4/9. Strategic Decision Modeling Protocol.pdf,8,1,Combination 3,,Tension,• tension: 0.70 (baseline 0.50 + 0.15 + 0.05),CLA-09-N-00042,PDFIUM-CLA-09-N-00042,준수,준수,0.7 => 0.7,0.7 => 0.7,1:1,True,False,same_observation_same_result_not_promoted,GLOBAL_ARITHMETIC_RATE_WITHHELD,pending
CLA-10,runs/raw_logs/Claude_Opus_4/10. Strategic Decision Modeling Protocol.pdf,6,1,Most Plausible Path,,Leadership_Unity,"• leadership_unity: 1.0 (0.0 + 0.8 + 0.65 = 1.45, clamped to max 1.0)",CLA-10-N-00012,PDFIUM-CLA-10-N-00012,준수,준수,1 => 1,1 => 1,1:1,True,False,same_observation_same_result_not_promoted,GLOBAL_ARITHMETIC_RATE_WITHHELD,pending
CLA-10,runs/raw_logs/Claude_Opus_4/10. Strategic Decision Modeling Protocol.pdf,6,1,Most Plausible Path,,Tension,"• tension: 0.75 (0.0 + 0.3 + 0.45, clamped to max 1.0)",CLA-10-N-00005,PDFIUM-CLA-10-N-00005,준수,준수,0.75 => 0.75,0.75 => 0.75,1:1,True,False,same_observation_same_result_not_promoted,GLOBAL_ARITHMETIC_RATE_WITHHELD,pending
CLA-10,runs/raw_logs/Claude_Opus_4/10. Strategic Decision Modeling Protocol.pdf,7,1,Hardline Response Path,,Diplomatic_Support,• diplomatic_support: 0.40 (0.5 - 0.05 - 0.05),CLA-10-N-00026,PDFIUM-CLA-10-N-00026,준수,준수,0.4 => 0.4,0.4 => 0.4,1:1,True,False,same_observation_same_result_not_promoted,GLOBAL_ARITHMETIC_RATE_WITHHELD,pending
CLA-10,runs/raw_logs/Claude_Opus_4/10. Strategic Decision Modeling Protocol.pdf,7,1,Hardline Response Path,,Leadership_Unity,• leadership_unity: 0.30 (0.5 - 0.10 - 0.10),CLA-10-N-00032,PDFIUM-CLA-10-N-00032,준수,준수,0.3 => 0.3,0.3 => 0.3,1:1,True,False,same_observation_same_result_not_promoted,GLOBAL_ARITHMETIC_RATE_WITHHELD,pending
CLA-10,runs/raw_logs/Claude_Opus_4/10. Strategic Decision Modeling Protocol.pdf,7,1,Hardline Response Path,,Public_Opinion,• public_opinion: 0.40 (0.5 - 0.05 - 0.05),CLA-10-N-00029,PDFIUM-CLA-10-N-00029,준수,준수,0.4 => 0.4,0.4 => 0.4,1:1,True,False,same_observation_same_result_not_promoted,GLOBAL_ARITHMETIC_RATE_WITHHELD,pending
CLA-10,runs/raw_logs/Claude_Opus_4/10. Strategic Decision Modeling Protocol.pdf,7,1,Hardline Response Path,,Tension,• tension: 0.30 (0.0 + 0.15 + 0.15),CLA-10-N-00023,PDFIUM-CLA-10-N-00023,준수,준수,0.3 => 0.3,0.3 => 0.3,1:1,True,False,same_observation_same_result_not_promoted,GLOBAL_ARITHMETIC_RATE_WITHHELD,pending
CLA-10,runs/raw_logs/Claude_Opus_4/10. Strategic Decision Modeling Protocol.pdf,8,1,Diplomatic Resolution,,Diplomatic_Support,• diplomatic_support: 0.60 (0.5 + 0.10),CLA-10-N-00042,PDFIUM-CLA-10-N-00042,준수,준수,0.6 => 0.6,0.6 => 0.6,1:1,True,False,same_observation_same_result_not_promoted,GLOBAL_ARITHMETIC_RATE_WITHHELD,pending
CLA-10,runs/raw_logs/Claude_Opus_4/10. Strategic Decision Modeling Protocol.pdf,8,1,Diplomatic Resolution,,Leadership_Unity,• leadership_unity: 0.55 (0.5 + 0.05),CLA-10-N-00048,PDFIUM-CLA-10-N-00048,준수,준수,0.55 => 0.55,0.55 => 0.55,1:1,True,False,same_observation_same_result_not_promoted,GLOBAL_ARITHMETIC_RATE_WITHHELD,pending
CLA-10,runs/raw_logs/Claude_Opus_4/10. Strategic Decision Modeling Protocol.pdf,8,1,Diplomatic Resolution,,Public_Opinion,• public_opinion: 0.55 (0.5 + 0.05),CLA-10-N-00045,PDFIUM-CLA-10-N-00045,준수,준수,0.55 => 0.55,0.55 => 0.55,1:1,True,False,same_observation_same_result_not_promoted,GLOBAL_ARITHMETIC_RATE_WITHHELD,pending
CLA-10,runs/raw_logs/Claude_Opus_4/10. Strategic Decision Modeling Protocol.pdf,8,1,Diplomatic Resolution,,Tension,"• tension: 0.45 (0.5 - 0.05, assuming partial success)",CLA-10-N-00039,PDFIUM-CLA-10-N-00039,준수,준수,0.45 => 0.45,0.45 => 0.45,1:1,True,False,same_observation_same_result_not_promoted,GLOBAL_ARITHMETIC_RATE_WITHHELD,pending
CLA-11,runs/raw_logs/Claude_Opus_4/11. Strategic Decision Modeling Protocol.pdf,6,1,PRIMARY PATH,,Diplomatic_Support,• diplomatic_support: 0.46 (0.5 - 0.02 - 0.02),CLA-11-N-00012,PDFIUM-CLA-11-N-00012,준수,준수,0.46 => 0.46,0.46 => 0.46,1:1,True,False,same_observation_same_result_not_promoted,GLOBAL_ARITHMETIC_RATE_WITHHELD,pending
CLA-11,runs/raw_logs/Claude_Opus_4/11. Strategic Decision Modeling Protocol.pdf,6,1,PRIMARY PATH,,Leadership_Unity,• leadership_unity: 0.40 (0.5 - 0.05 - 0.05),CLA-11-N-00018,PDFIUM-CLA-11-N-00018,준수,준수,0.4 => 0.4,0.4 => 0.4,1:1,True,False,same_observation_same_result_not_promoted,GLOBAL_ARITHMETIC_RATE_WITHHELD,pending
CLA-11,runs/raw_logs/Claude_Opus_4/11. Strategic Decision Modeling Protocol.pdf,6,1,PRIMARY PATH,,Public_Opinion,• public_opinion: 0.46 (0.5 - 0.02 - 0.02),CLA-11-N-00015,PDFIUM-CLA-11-N-00015,준수,준수,0.46 => 0.46,0.46 => 0.46,1:1,True,False,same_observation_same_result_not_promoted,GLOBAL_ARITHMETIC_RATE_WITHHELD,pending
CLA-11,runs/raw_logs/Claude_Opus_4/11. Strategic Decision Modeling Protocol.pdf,6,1,PRIMARY PATH,,Tension,• tension: 0.60 (0.5 + 0.05 + 0.05),CLA-11-N-00009,PDFIUM-CLA-11-N-00009,준수,준수,0.6 => 0.6,0.6 => 0.6,1:1,True,False,same_observation_same_result_not_promoted,GLOBAL_ARITHMETIC_RATE_WITHHELD,pending
CLA-11,runs/raw_logs/Claude_Opus_4/11. Strategic Decision Modeling Protocol.pdf,7,1,ALTERNATIVE PATH 1,,Diplomatic_Support,• diplomatic_support: 0.43 (0.5 - 0.02 - 0.05),CLA-11-N-00032,PDFIUM-CLA-11-N-00032,준수,준수,0.43 => 0.43,0.43 => 0.43,1:1,True,False,same_observation_same_result_not_promoted,GLOBAL_ARITHMETIC_RATE_WITHHELD,pending
CLA-11,runs/raw_logs/Claude_Opus_4/11. Strategic Decision Modeling Protocol.pdf,7,1,ALTERNATIVE PATH 1,,Leadership_Unity,• leadership_unity: 0.35 (0.5 - 0.05 - 0.10),CLA-11-N-00038,PDFIUM-CLA-11-N-00038,준수,준수,0.35 => 0.35,0.35 => 0.35,1:1,True,False,same_observation_same_result_not_promoted,GLOBAL_ARITHMETIC_RATE_WITHHELD,pending
CLA-11,runs/raw_logs/Claude_Opus_4/11. Strategic Decision Modeling Protocol.pdf,7,1,ALTERNATIVE PATH 1,,Public_Opinion,• public_opinion: 0.43 (0.5 - 0.02 - 0.05),CLA-11-N-00035,PDFIUM-CLA-11-N-00035,준수,준수,0.43 => 0.43,0.43 => 0.43,1:1,True,False,same_observation_same_result_not_promoted,GLOBAL_ARITHMETIC_RATE_WITHHELD,pending
CLA-11,runs/raw_logs/Claude_Opus_4/11. Strategic Decision Modeling Protocol.pdf,7,1,ALTERNATIVE PATH 1,,Tension,• tension: 0.70 (0.5 + 0.05 + 0.15),CLA-11-N-00029,PDFIUM-CLA-11-N-00029,준수,준수,0.7 => 0.7,0.7 => 0.7,1:1,True,False,same_observation_same_result_not_promoted,GLOBAL_ARITHMETIC_RATE_WITHHELD,pending
CLA-11,runs/raw_logs/Claude_Opus_4/11. Strategic Decision Modeling Protocol.pdf,7,1,ALTERNATIVE PATH 2,,Diplomatic_Support,• diplomatic_support: 0.43 (0.5 - 0.05 - 0.02),CLA-11-N-00052,PDFIUM-CLA-11-N-00052,준수,준수,0.43 => 0.43,0.43 => 0.43,1:1,True,False,same_observation_same_result_not_promoted,GLOBAL_ARITHMETIC_RATE_WITHHELD,pending
CLA-11,runs/raw_logs/Claude_Opus_4/11. Strategic Decision Modeling Protocol.pdf,7,1,ALTERNATIVE PATH 2,,Tension,• tension: 0.80 (0.5 + 0.15 + 0.05 + 0.10 from mutual military posturing),CLA-11-N-00049,PDFIUM-CLA-11-N-00049,준수,준수,0.8 => 0.8,0.8 => 0.8,1:1,True,False,same_observation_same_result_not_promoted,GLOBAL_ARITHMETIC_RATE_WITHHELD,pending
CLA-11,runs/raw_logs/Claude_Opus_4/11. Strategic Decision Modeling Protocol.pdf,8,1,ALTERNATIVE PATH 2,,Leadership_Unity,• leadership_unity: 0.35 (0.5 - 0.10 - 0.05),CLA-11-N-00058,PDFIUM-CLA-11-N-00058,준수,준수,0.35 => 0.35,0.35 => 0.35,1:1,True,False,same_observation_same_result_not_promoted,GLOBAL_ARITHMETIC_RATE_WITHHELD,pending
CLA-11,runs/raw_logs/Claude_Opus_4/11. Strategic Decision Modeling Protocol.pdf,8,1,ALTERNATIVE PATH 2,,Public_Opinion,• public_opinion: 0.43 (0.5 - 0.05 - 0.02),CLA-11-N-00055,PDFIUM-CLA-11-N-00055,준수,준수,0.43 => 0.43,0.43 => 0.43,1:1,True,False,same_observation_same_result_not_promoted,GLOBAL_ARITHMETIC_RATE_WITHHELD,pending
CLA-12,runs/raw_logs/Claude_Opus_4/12. Strategic Decision Modeling Protocol.pdf,14,1,Most Plausible (Surgical Strike + Emergency,,Diplomatic_Support,• diplomatic_support: 0.5 - 0.05 + 0.10 = 0.55,CLA-12-N-00065,PDFIUM-CLA-12-N-00065,준수,준수,0.55 => 0.55,0.55 => 0.55,1:1,True,False,same_observation_same_result_not_promoted,GLOBAL_ARITHMETIC_RATE_WITHHELD,pending
CLA-12,runs/raw_logs/Claude_Opus_4/12. Strategic Decision Modeling Protocol.pdf,14,1,Most Plausible (Surgical Strike + Emergency,,Leadership_Unity,• leadership_unity: 1.0 - 0.10 + 0.05 = 0.95,CLA-12-N-00071,PDFIUM-CLA-12-N-00071,준수,준수,0.95 => 0.95,0.95 => 0.95,1:1,True,False,same_observation_same_result_not_promoted,GLOBAL_ARITHMETIC_RATE_WITHHELD,pending
CLA-12,runs/raw_logs/Claude_Opus_4/12. Strategic Decision Modeling Protocol.pdf,14,1,Most Plausible (Surgical Strike + Emergency,,Public_Opinion,• public_opinion: 0.5 - 0.05 + 0.05 = 0.5,CLA-12-N-00068,PDFIUM-CLA-12-N-00068,준수,준수,0.5 => 0.5,0.5 => 0.5,1:1,True,False,same_observation_same_result_not_promoted,GLOBAL_ARITHMETIC_RATE_WITHHELD,pending
CLA-12,runs/raw_logs/Claude_Opus_4/12. Strategic Decision Modeling Protocol.pdf,14,1,Most Plausible (Surgical Strike + Emergency,,Tension,• tension: 1.0 + 0.15 - 0.05 = 1.1 → 1.0 (clamped),CLA-12-N-00062,PDFIUM-CLA-12-N-00062,준수,준수,1 => 1,1 => 1,1:1,True,False,same_observation_same_result_not_promoted,GLOBAL_ARITHMETIC_RATE_WITHHELD,pending
CLA-12,runs/raw_logs/Claude_Opus_4/12. Strategic Decision Modeling Protocol.pdf,17,1,Most Plausible (Limited Strike + Ceasefire),,Diplomatic_Support,• diplomatic_support: 0.5 - 0.05 + 0.10 = 0.55,CLA-12-N-00087,PDFIUM-CLA-12-N-00087,준수,준수,0.55 => 0.55,0.55 => 0.55,1:1,True,False,same_observation_same_result_not_promoted,GLOBAL_ARITHMETIC_RATE_WITHHELD,pending
CLA-12,runs/raw_logs/Claude_Opus_4/12. Strategic Decision Modeling Protocol.pdf,17,1,Most Plausible (Limited Strike + Ceasefire),,Leadership_Unity,• leadership_unity: 1.0 - 0.10 + 0.05 = 0.95,CLA-12-N-00093,PDFIUM-CLA-12-N-00093,준수,준수,0.95 => 0.95,0.95 => 0.95,1:1,True,False,same_observation_same_result_not_promoted,GLOBAL_ARITHMETIC_RATE_WITHHELD,pending
CLA-12,runs/raw_logs/Claude_Opus_4/12. Strategic Decision Modeling Protocol.pdf,17,1,Most Plausible (Limited Strike + Ceasefire),,Public_Opinion,• public_opinion: 0.5 - 0.05 + 0.05 = 0.5,CLA-12-N-00090,PDFIUM-CLA-12-N-00090,준수,준수,0.5 => 0.5,0.5 => 0.5,1:1,True,False,same_observation_same_result_not_promoted,GLOBAL_ARITHMETIC_RATE_WITHHELD,pending
CLA-12,runs/raw_logs/Claude_Opus_4/12. Strategic Decision Modeling Protocol.pdf,17,1,Most Plausible (Limited Strike + Ceasefire),,Tension,• tension: 1.0 + 0.15 - 0.05 = 1.1 → 1.0 (clamped),CLA-12-N-00084,PDFIUM-CLA-12-N-00084,준수,준수,1 => 1,1 => 1,1:1,True,False,same_observation_same_result_not_promoted,GLOBAL_ARITHMETIC_RATE_WITHHELD,pending
CLA-12,runs/raw_logs/Claude_Opus_4/12. Strategic Decision Modeling Protocol.pdf,19,1,Most Plausible (Hotline + Settlement),,Diplomatic_Support,• diplomatic_support: 0.5 + 0.10 = 0.6,CLA-12-N-00107,PDFIUM-CLA-12-N-00107,준수,준수,0.6 => 0.6,0.6 => 0.6,1:1,True,False,same_observation_same_result_not_promoted,GLOBAL_ARITHMETIC_RATE_WITHHELD,pending
CLA-12,runs/raw_logs/Claude_Opus_4/12. Strategic Decision Modeling Protocol.pdf,19,1,Most Plausible (Hotline + Settlement),,Leadership_Unity,• leadership_unity: 0.5 + 0.05 = 0.55,CLA-12-N-00113,PDFIUM-CLA-12-N-00113,준수,준수,0.55 => 0.55,0.55 => 0.55,1:1,True,False,same_observation_same_result_not_promoted,GLOBAL_ARITHMETIC_RATE_WITHHELD,pending
CLA-12,runs/raw_logs/Claude_Opus_4/12. Strategic Decision Modeling Protocol.pdf,19,1,Most Plausible (Hotline + Settlement),,Public_Opinion,• public_opinion: 1.0 + 0.05 = 1.05 → 1.0 (clamped),CLA-12-N-00110,PDFIUM-CLA-12-N-00110,준수,준수,1 => 1,1 => 1,1:1,True,False,same_observation_same_result_not_promoted,GLOBAL_ARITHMETIC_RATE_WITHHELD,pending
CLA-12,runs/raw_logs/Claude_Opus_4/12. Strategic Decision Modeling Protocol.pdf,19,1,Most Plausible (Hotline + Settlement),,Tension,• tension: 0.5 - 0.05 = 0.45,CLA-12-N-00104,PDFIUM-CLA-12-N-00104,준수,준수,0.45 => 0.45,0.45 => 0.45,1:1,True,False,same_observation_same_result_not_promoted,GLOBAL_ARITHMETIC_RATE_WITHHELD,pending
CLA-12,runs/raw_logs/Claude_Opus_4/12. Strategic Decision Modeling Protocol.pdf,21,1,Most Plausible (SAM Strikes + Conventional,,Diplomatic_Support,• diplomatic_support: 0.55 - 0.05 - 0.02 = 0.48,CLA-12-N-00129,PDFIUM-CLA-12-N-00129,준수,준수,0.48 => 0.48,0.48 => 0.48,1:1,True,False,same_observation_same_result_not_promoted,GLOBAL_ARITHMETIC_RATE_WITHHELD,pending
CLA-12,runs/raw_logs/Claude_Opus_4/12. Strategic Decision Modeling Protocol.pdf,21,1,Most Plausible (SAM Strikes + Conventional,,Leadership_Unity,• leadership_unity: 0.95 - 0.10 - 0.05 = 0.80,CLA-12-N-00135,PDFIUM-CLA-12-N-00135,준수,준수,0.8 => 0.8,0.8 => 0.8,1:1,True,False,same_observation_same_result_not_promoted,GLOBAL_ARITHMETIC_RATE_WITHHELD,pending
CLA-12,runs/raw_logs/Claude_Opus_4/12. Strategic Decision Modeling Protocol.pdf,21,1,Most Plausible (SAM Strikes + Conventional,,Public_Opinion,• public_opinion: 0.5 - 0.05 - 0.02 = 0.43,CLA-12-N-00132,PDFIUM-CLA-12-N-00132,준수,준수,0.43 => 0.43,0.43 => 0.43,1:1,True,False,same_observation_same_result_not_promoted,GLOBAL_ARITHMETIC_RATE_WITHHELD,pending
CLA-12,runs/raw_logs/Claude_Opus_4/12. Strategic Decision Modeling Protocol.pdf,21,1,Most Plausible (SAM Strikes + Conventional,,Tension,• tension: 1.0 + 0.15 + 0.05 = 1.2 → 1.0 (clamped),CLA-12-N-00126,PDFIUM-CLA-12-N-00126,준수,준수,1 => 1,1 => 1,1:1,True,False,same_observation_same_result_not_promoted,GLOBAL_ARITHMETIC_RATE_WITHHELD,pending
CLA-12,runs/raw_logs/Claude_Opus_4/12. Strategic Decision Modeling Protocol.pdf,26,1,Most Plausible (Summit + Missile,,Diplomatic_Support,• diplomatic_support: 0.6 + 0.10 = 0.7,CLA-12-N-00165,PDFIUM-CLA-12-N-00165,준수,준수,0.7 => 0.7,0.7 => 0.7,1:1,True,False,same_observation_same_result_not_promoted,GLOBAL_ARITHMETIC_RATE_WITHHELD,pending
CLA-12,runs/raw_logs/Claude_Opus_4/12. Strategic Decision Modeling Protocol.pdf,26,1,Most Plausible (Summit + Missile,,Leadership_Unity,• leadership_unity: 0.55 + 0.05 = 0.6,CLA-12-N-00170,PDFIUM-CLA-12-N-00170,준수,준수,0.6 => 0.6,0.6 => 0.6,1:1,True,False,same_observation_same_result_not_promoted,GLOBAL_ARITHMETIC_RATE_WITHHELD,pending
CLA-12,runs/raw_logs/Claude_Opus_4/12. Strategic Decision Modeling Protocol.pdf,26,1,Most Plausible (Summit + Missile,,Tension,• tension: 0.45 - 0.05 = 0.4,CLA-12-N-00162,PDFIUM-CLA-12-N-00162,준수,준수,0.4 => 0.4,0.4 => 0.4,1:1,True,False,same_observation_same_result_not_promoted,GLOBAL_ARITHMETIC_RATE_WITHHELD,pending
CLA-12,runs/raw_logs/Claude_Opus_4/12. Strategic Decision Modeling Protocol.pdf,28,1,Most Plausible (ASW + Maximum Defense),,Diplomatic_Support,• diplomatic_support: 0.48 - 0.02 = 0.46,CLA-12-N-00185,PDFIUM-CLA-12-N-00185,준수,준수,0.46 => 0.46,0.46 => 0.46,1:1,True,False,same_observation_same_result_not_promoted,GLOBAL_ARITHMETIC_RATE_WITHHELD,pending
CLA-12,runs/raw_logs/Claude_Opus_4/12. Strategic Decision Modeling Protocol.pdf,28,1,Most Plausible (ASW + Maximum Defense),,Leadership_Unity,• leadership_unity: 0.80 - 0.05 = 0.75,CLA-12-N-00191,PDFIUM-CLA-12-N-00191,준수,준수,0.75 => 0.75,0.75 => 0.75,1:1,True,False,same_observation_same_result_not_promoted,GLOBAL_ARITHMETIC_RATE_WITHHELD,pending
CLA-12,runs/raw_logs/Claude_Opus_4/12. Strategic Decision Modeling Protocol.pdf,28,1,Most Plausible (ASW + Maximum Defense),,Public_Opinion,• public_opinion: 0.43 - 0.02 = 0.41,CLA-12-N-00188,PDFIUM-CLA-12-N-00188,준수,준수,0.41 => 0.41,0.41 => 0.41,1:1,True,False,same_observation_same_result_not_promoted,GLOBAL_ARITHMETIC_RATE_WITHHELD,pending
CLA-12,runs/raw_logs/Claude_Opus_4/12. Strategic Decision Modeling Protocol.pdf,28,1,Most Plausible (ASW + Maximum Defense),,Tension,• tension: 1.0 + 0.05 = 1.05 → 1.0 (clamped),CLA-12-N-00182,PDFIUM-CLA-12-N-00182,준수,준수,1 => 1,1 => 1,1:1,True,False,same_observation_same_result_not_promoted,GLOBAL_ARITHMETIC_RATE_WITHHELD,pending
CLA-12,runs/raw_logs/Claude_Opus_4/12. Strategic Decision Modeling Protocol.pdf,6,1,Combination 1,,Leadership_Unity,• leadership_unity: 0.5 + 0.8 = 1.3 → 1.0 (clamped to max),CLA-12-N-00011,PDFIUM-CLA-12-N-00011,준수,준수,1 => 1,1 => 1,1:1,True,False,same_observation_same_result_not_promoted,GLOBAL_ARITHMETIC_RATE_WITHHELD,pending
CLA-12,runs/raw_logs/Claude_Opus_4/12. Strategic Decision Modeling Protocol.pdf,6,1,Combination 1,,Tension,• tension: 0.5 + 0.3 + 0.45 = 1.25 → 1.0 (clamped to max),CLA-12-N-00004,PDFIUM-CLA-12-N-00004,준수,준수,1 => 1,1 => 1,1:1,True,False,same_observation_same_result_not_promoted,GLOBAL_ARITHMETIC_RATE_WITHHELD,pending
CLA-12,runs/raw_logs/Claude_Opus_4/12. Strategic Decision Modeling Protocol.pdf,7,1,Combination 3,,Tension,• tension: 0.5 + 0.3 + 0.45 = 1.25 → 1.0 (clamped to max),CLA-12-N-00026,PDFIUM-CLA-12-N-00026,준수,준수,1 => 1,1 => 1,1:1,True,False,same_observation_same_result_not_promoted,GLOBAL_ARITHMETIC_RATE_WITHHELD,pending
CLA-12,runs/raw_logs/Claude_Opus_4/12. Strategic Decision Modeling Protocol.pdf,8,1,Combination 3,,Leadership_Unity,• leadership_unity: 0.5 + 0.8 + 0.65 = 1.95 → 1.0 (clamped to max),CLA-12-N-00033,PDFIUM-CLA-12-N-00033,준수,준수,1 => 1,1 => 1,1:1,True,False,same_observation_same_result_not_promoted,GLOBAL_ARITHMETIC_RATE_WITHHELD,pending
CLA-14,runs/raw_logs/Claude_Opus_4/14. Strategic Decision Modeling Framework.pdf,20,3,SCENARIO COMBINATION 2:,Soviet Union,Tension,"명시 기준값: p.15: • tension: 0.30 (both sides reduced) | 명시 변화량 p.20: • Predicted Variable Change: tension -0.05, diplomatic_support +0.10, | 보고 후상태 p.20: • tension: 0.25 (both sides reduced significantly)",CLA-14-N-00158,PDFIUM-CLA-14-N-00158,준수,준수,0.25 => 0.25,0.25 => 0.25,1:1,True,False,same_observation_same_result_not_promoted,GLOBAL_ARITHMETIC_RATE_WITHHELD,pending
CLA-14,runs/raw_logs/Claude_Opus_4/14. Strategic Decision Modeling Framework.pdf,25,4,SCENARIO COMBINATION 2:,Soviet Union,Tension,"명시 기준값: p.20: • tension: 0.25 (both sides reduced significantly) | 명시 변화량 p.25: • Predicted Variable Change: tension -0.05, diplomatic_support +0.00, | 보고 후상태 p.25: • tension: 0.20 (both sides at minimum levels)",CLA-14-N-00159,PDFIUM-CLA-14-N-00159,준수,준수,0.2 => 0.2,0.2 => 0.2,1:1,True,False,same_observation_same_result_not_promoted,GLOBAL_ARITHMETIC_RATE_WITHHELD,pending
CLA-17,runs/raw_logs/Claude_Opus_4/17. Strategic Decision Modeling Protocol.pdf,6,1,Combination 1,,Tension,• tension: 0.75 (0.5 baseline + 0.30 - 0.05),CLA-17-N-00007,PDFIUM-CLA-17-N-00007,준수,준수,0.75 => 0.75,0.75 => 0.75,1:1,True,False,same_observation_same_result_not_promoted,GLOBAL_ARITHMETIC_RATE_WITHHELD,pending
CLA-17,runs/raw_logs/Claude_Opus_4/17. Strategic Decision Modeling Protocol.pdf,7,1,Combination 2,,Tension,"• tension: 1.0 (0.5 + 0.30 + 0.45, capped at max)",CLA-17-N-00018,PDFIUM-CLA-17-N-00018,준수,준수,1 => 1,1 => 1,1:1,True,False,same_observation_same_result_not_promoted,GLOBAL_ARITHMETIC_RATE_WITHHELD,pending
CLA-17,runs/raw_logs/Claude_Opus_4/17. Strategic Decision Modeling Protocol.pdf,8,1,Combination 3,,Diplomatic_Support,"• diplomatic_support: 0.36 (0.5 + 0.10, then x0.6 for diplomatic_room reduction)",CLA-17-N-00034,PDFIUM-CLA-17-N-00034,준수,준수,0.36 => 0.36,0.36 => 0.36,1:1,True,False,same_observation_same_result_not_promoted,GLOBAL_ARITHMETIC_RATE_WITHHELD,pending
CLA-17,runs/raw_logs/Claude_Opus_4/17. Strategic Decision Modeling Protocol.pdf,8,1,Combination 3,,Public_Opinion,• public_opinion: 0.55 (0.5 + 0.05),CLA-17-N-00037,PDFIUM-CLA-17-N-00037,준수,준수,0.55 => 0.55,0.55 => 0.55,1:1,True,False,same_observation_same_result_not_promoted,GLOBAL_ARITHMETIC_RATE_WITHHELD,pending
CLA-17,runs/raw_logs/Claude_Opus_4/17. Strategic Decision Modeling Protocol.pdf,8,1,Combination 3,,Tension,• tension: 0.90 (0.5 - 0.05 + 0.45),CLA-17-N-00031,PDFIUM-CLA-17-N-00031,준수,준수,0.9 => 0.9,0.9 => 0.9,1:1,True,False,same_observation_same_result_not_promoted,GLOBAL_ARITHMETIC_RATE_WITHHELD,pending
CLA-18,runs/raw_logs/Claude_Opus_4/18. Strategic Decision Modeling Protocol.pdf,6,1,Controlled Confrontation,,Diplomatic_Support,• diplomatic_support: 0.44 (baseline 0.5 - 0.02 - 0.04),CLA-18-N-00011,PDFIUM-CLA-18-N-00011,준수,준수,0.44 => 0.44,0.44 => 0.44,1:1,True,False,same_observation_same_result_not_promoted,GLOBAL_ARITHMETIC_RATE_WITHHELD,pending
CLA-18,runs/raw_logs/Claude_Opus_4/18. Strategic Decision Modeling Protocol.pdf,6,1,Controlled Confrontation,,Leadership_Unity,• leadership_unity: 0.45 (baseline 0.5 - 0.05),CLA-18-N-00017,PDFIUM-CLA-18-N-00017,준수,준수,0.45 => 0.45,0.45 => 0.45,1:1,True,False,same_observation_same_result_not_promoted,GLOBAL_ARITHMETIC_RATE_WITHHELD,pending
CLA-18,runs/raw_logs/Claude_Opus_4/18. Strategic Decision Modeling Protocol.pdf,6,1,Controlled Confrontation,,Public_Opinion,• public_opinion: 0.48 (baseline 0.5 - 0.02),CLA-18-N-00014,PDFIUM-CLA-18-N-00014,준수,준수,0.48 => 0.48,0.48 => 0.48,1:1,True,False,same_observation_same_result_not_promoted,GLOBAL_ARITHMETIC_RATE_WITHHELD,pending
CLA-18,runs/raw_logs/Claude_Opus_4/18. Strategic Decision Modeling Protocol.pdf,6,1,Controlled Confrontation,,Tension,• tension: 0.60 (baseline 0.5 + 0.05 + 0.05),CLA-18-N-00008,PDFIUM-CLA-18-N-00008,준수,준수,0.6 => 0.6,0.6 => 0.6,1:1,True,False,same_observation_same_result_not_promoted,GLOBAL_ARITHMETIC_RATE_WITHHELD,pending
CLA-18,runs/raw_logs/Claude_Opus_4/18. Strategic Decision Modeling Protocol.pdf,7,1,Diplomatic Resolution,,Diplomatic_Support,• diplomatic_support: 0.655 (baseline 0.5 + 0.10 + 0.055),CLA-18-N-00051,PDFIUM-CLA-18-N-00051,준수,준수,0.655 => 0.655,0.655 => 0.655,1:1,True,False,same_observation_same_result_not_promoted,GLOBAL_ARITHMETIC_RATE_WITHHELD,pending
CLA-18,runs/raw_logs/Claude_Opus_4/18. Strategic Decision Modeling Protocol.pdf,7,1,Diplomatic Resolution,,Tension,• tension: 0.40 (baseline 0.5 - 0.05 - 0.05),CLA-18-N-00048,PDFIUM-CLA-18-N-00048,준수,준수,0.4 => 0.4,0.4 => 0.4,1:1,True,False,same_observation_same_result_not_promoted,GLOBAL_ARITHMETIC_RATE_WITHHELD,pending
CLA-18,runs/raw_logs/Claude_Opus_4/18. Strategic Decision Modeling Protocol.pdf,7,1,Military Escalation Path,,Diplomatic_Support,• diplomatic_support: 0.45 (baseline 0.5 - 0.05),CLA-18-N-00031,PDFIUM-CLA-18-N-00031,준수,준수,0.45 => 0.45,0.45 => 0.45,1:1,True,False,same_observation_same_result_not_promoted,GLOBAL_ARITHMETIC_RATE_WITHHELD,pending
CLA-18,runs/raw_logs/Claude_Opus_4/18. Strategic Decision Modeling Protocol.pdf,7,1,Military Escalation Path,,Leadership_Unity,• leadership_unity: 0.455 (baseline 0.5 - 0.10 + 0.065 - 0.01),CLA-18-N-00037,PDFIUM-CLA-18-N-00037,준수,준수,0.455 => 0.455,0.455 => 0.455,1:1,True,False,same_observation_same_result_not_promoted,GLOBAL_ARITHMETIC_RATE_WITHHELD,pending
CLA-18,runs/raw_logs/Claude_Opus_4/18. Strategic Decision Modeling Protocol.pdf,7,1,Military Escalation Path,,Public_Opinion,• public_opinion: 0.45 (baseline 0.5 - 0.05),CLA-18-N-00034,PDFIUM-CLA-18-N-00034,준수,준수,0.45 => 0.45,0.45 => 0.45,1:1,True,False,same_observation_same_result_not_promoted,GLOBAL_ARITHMETIC_RATE_WITHHELD,pending
CLA-18,runs/raw_logs/Claude_Opus_4/18. Strategic Decision Modeling Protocol.pdf,7,1,Military Escalation Path,,Tension,• tension: 0.795 (baseline 0.5 + 0.15 + 0.045 + 0.05 from US effect + 0.045 from Soviet effect),CLA-18-N-00028,PDFIUM-CLA-18-N-00028,위반,위반,0.795 => 0.79,0.795 => 0.79,1:1,True,False,same_observation_same_result_not_promoted,GLOBAL_ARITHMETIC_RATE_WITHHELD,pending
CLA-18,runs/raw_logs/Claude_Opus_4/18. Strategic Decision Modeling Protocol.pdf,8,1,Diplomatic Resolution,,Leadership_Unity,• leadership_unity: 0.55 (baseline 0.5 + 0.05),CLA-18-N-00057,PDFIUM-CLA-18-N-00057,준수,준수,0.55 => 0.55,0.55 => 0.55,1:1,True,False,same_observation_same_result_not_promoted,GLOBAL_ARITHMETIC_RATE_WITHHELD,pending
CLA-18,runs/raw_logs/Claude_Opus_4/18. Strategic Decision Modeling Protocol.pdf,8,1,Diplomatic Resolution,,Public_Opinion,• public_opinion: 0.605 (baseline 0.5 + 0.05 + 0.055),CLA-18-N-00054,PDFIUM-CLA-18-N-00054,준수,준수,0.605 => 0.605,0.605 => 0.605,1:1,True,False,same_observation_same_result_not_promoted,GLOBAL_ARITHMETIC_RATE_WITHHELD,pending
CLA-19,runs/raw_logs/Claude_Opus_4/19. Strategic Decision Modeling Protocol.pdf,7,1,Combination 1,,Diplomatic_Support,• diplomatic_support: 0.55 (0.6 - 0.05),CLA-19-N-00015,PDFIUM-CLA-19-N-00015,준수,준수,0.55 => 0.55,0.55 => 0.55,1:1,True,False,same_observation_same_result_not_promoted,GLOBAL_ARITHMETIC_RATE_WITHHELD,pending
CLA-19,runs/raw_logs/Claude_Opus_4/19. Strategic Decision Modeling Protocol.pdf,7,1,Combination 1,,Diplomatic_Support,• diplomatic_support: 0.58 (0.6 - 0.02),CLA-19-N-00011,PDFIUM-CLA-19-N-00011,준수,준수,0.58 => 0.58,0.58 => 0.58,1:1,True,False,same_observation_same_result_not_promoted,GLOBAL_ARITHMETIC_RATE_WITHHELD,pending
CLA-19,runs/raw_logs/Claude_Opus_4/19. Strategic Decision Modeling Protocol.pdf,7,1,Combination 1,,Leadership_Unity,• leadership_unity: 0.75 (0.7 + 0.05),CLA-19-N-00013 | CLA-19-N-00016,PDFIUM-CLA-19-N-00013 | PDFIUM-CLA-19-N-00016,준수 | 준수,준수 | 준수,0.75 => 0.75 | 0.75 => 0.75,0.75 => 0.75 | 0.75 => 0.75,N:M,,False,unresolved_different_or_unmatched_no_forced_link,GLOBAL_ARITHMETIC_RATE_WITHHELD,pending
CLA-19,runs/raw_logs/Claude_Opus_4/19. Strategic Decision Modeling Protocol.pdf,7,1,Combination 1,,Public_Opinion,• public_opinion: 0.55 (0.5 + 0.05),CLA-19-N-00012,PDFIUM-CLA-19-N-00012,준수,준수,0.55 => 0.55,0.55 => 0.55,1:1,True,False,same_observation_same_result_not_promoted,GLOBAL_ARITHMETIC_RATE_WITHHELD,pending
CLA-19,runs/raw_logs/Claude_Opus_4/19. Strategic Decision Modeling Protocol.pdf,7,1,Combination 1,,Tension,• tension: 0.35 (0.3 + 0.05),CLA-19-N-00014,PDFIUM-CLA-19-N-00014,준수,준수,0.35 => 0.35,0.35 => 0.35,1:1,True,False,same_observation_same_result_not_promoted,GLOBAL_ARITHMETIC_RATE_WITHHELD,pending
CLA-19,runs/raw_logs/Claude_Opus_4/19. Strategic Decision Modeling Protocol.pdf,7,1,Combination 1,,Tension,• tension: 0.40 (0.3 + 0.10),CLA-19-N-00010,PDFIUM-CLA-19-N-00010,준수,준수,0.4 => 0.4,0.4 => 0.4,1:1,True,False,same_observation_same_result_not_promoted,GLOBAL_ARITHMETIC_RATE_WITHHELD,pending
CLA-19,runs/raw_logs/Claude_Opus_4/19. Strategic Decision Modeling Protocol.pdf,7,1,Combination 2,,Diplomatic_Support,• diplomatic_support: 0.62 (0.6 + 0.02),CLA-19-N-00022,PDFIUM-CLA-19-N-00022,준수,준수,0.62 => 0.62,0.62 => 0.62,1:1,True,False,same_observation_same_result_not_promoted,GLOBAL_ARITHMETIC_RATE_WITHHELD,pending
CLA-19,runs/raw_logs/Claude_Opus_4/19. Strategic Decision Modeling Protocol.pdf,7,1,Combination 2,,Diplomatic_Support,• diplomatic_support: 0.70 (0.6 + 0.10),CLA-19-N-00018,PDFIUM-CLA-19-N-00018,준수,준수,0.7 => 0.7,0.7 => 0.7,1:1,True,False,same_observation_same_result_not_promoted,GLOBAL_ARITHMETIC_RATE_WITHHELD,pending
CLA-19,runs/raw_logs/Claude_Opus_4/19. Strategic Decision Modeling Protocol.pdf,7,1,Combination 2,,Leadership_Unity,• leadership_unity: 0.72 (0.7 + 0.02),CLA-19-N-00023,PDFIUM-CLA-19-N-00023,준수,준수,0.72 => 0.72,0.72 => 0.72,1:1,True,False,same_observation_same_result_not_promoted,GLOBAL_ARITHMETIC_RATE_WITHHELD,pending
CLA-19,runs/raw_logs/Claude_Opus_4/19. Strategic Decision Modeling Protocol.pdf,7,1,Combination 2,,Leadership_Unity,• leadership_unity: 0.73 (0.7 + 0.03),CLA-19-N-00020,PDFIUM-CLA-19-N-00020,준수,준수,0.73 => 0.73,0.73 => 0.73,1:1,True,False,same_observation_same_result_not_promoted,GLOBAL_ARITHMETIC_RATE_WITHHELD,pending
CLA-19,runs/raw_logs/Claude_Opus_4/19. Strategic Decision Modeling Protocol.pdf,7,1,Combination 2,,Public_Opinion,• public_opinion: 0.52 (0.5 + 0.02),CLA-19-N-00019,PDFIUM-CLA-19-N-00019,준수,준수,0.52 => 0.52,0.52 => 0.52,1:1,True,False,same_observation_same_result_not_promoted,GLOBAL_ARITHMETIC_RATE_WITHHELD,pending
CLA-19,runs/raw_logs/Claude_Opus_4/19. Strategic Decision Modeling Protocol.pdf,7,1,Combination 2,,Tension,• tension: 0.33 (0.3 + 0.03),CLA-19-N-00021,PDFIUM-CLA-19-N-00021,준수,준수,0.33 => 0.33,0.33 => 0.33,1:1,True,False,same_observation_same_result_not_promoted,GLOBAL_ARITHMETIC_RATE_WITHHELD,pending
CLA-19,runs/raw_logs/Claude_Opus_4/19. Strategic Decision Modeling Protocol.pdf,7,1,Combination 2,,Tension,• tension: 0.35 (0.3 + 0.05),CLA-19-N-00017,PDFIUM-CLA-19-N-00017,준수,준수,0.35 => 0.35,0.35 => 0.35,1:1,True,False,same_observation_same_result_not_promoted,GLOBAL_ARITHMETIC_RATE_WITHHELD,pending
CLA-19,runs/raw_logs/Claude_Opus_4/19. Strategic Decision Modeling Protocol.pdf,7,1,Combination 3,,Diplomatic_Support,• diplomatic_support: 0.55 (0.6 - 0.05),CLA-19-N-00025,PDFIUM-CLA-19-N-00025,준수,준수,0.55 => 0.55,0.55 => 0.55,1:1,True,False,same_observation_same_result_not_promoted,GLOBAL_ARITHMETIC_RATE_WITHHELD,pending
CLA-19,runs/raw_logs/Claude_Opus_4/19. Strategic Decision Modeling Protocol.pdf,7,1,Combination 3,,Diplomatic_Support,• diplomatic_support: 0.57 (0.6 - 0.03),CLA-19-N-00029,PDFIUM-CLA-19-N-00029,준수,준수,0.57 => 0.57,0.57 => 0.57,1:1,True,False,same_observation_same_result_not_promoted,GLOBAL_ARITHMETIC_RATE_WITHHELD,pending
CLA-19,runs/raw_logs/Claude_Opus_4/19. Strategic Decision Modeling Protocol.pdf,7,1,Combination 3,,Leadership_Unity,• leadership_unity: 0.60 (0.7 - 0.10),CLA-19-N-00027,PDFIUM-CLA-19-N-00027,준수,준수,0.6 => 0.6,0.6 => 0.6,1:1,True,False,same_observation_same_result_not_promoted,GLOBAL_ARITHMETIC_RATE_WITHHELD,pending
CLA-19,runs/raw_logs/Claude_Opus_4/19. Strategic Decision Modeling Protocol.pdf,7,1,Combination 3,,Public_Opinion,• public_opinion: 0.45 (0.5 - 0.05),CLA-19-N-00026,PDFIUM-CLA-19-N-00026,준수,준수,0.45 => 0.45,0.45 => 0.45,1:1,True,False,same_observation_same_result_not_promoted,GLOBAL_ARITHMETIC_RATE_WITHHELD,pending
CLA-19,runs/raw_logs/Claude_Opus_4/19. Strategic Decision Modeling Protocol.pdf,7,1,Combination 3,,Tension,• tension: 0.40 (0.3 + 0.10),CLA-19-N-00028,PDFIUM-CLA-19-N-00028,준수,준수,0.4 => 0.4,0.4 => 0.4,1:1,True,False,same_observation_same_result_not_promoted,GLOBAL_ARITHMETIC_RATE_WITHHELD,pending
CLA-19,runs/raw_logs/Claude_Opus_4/19. Strategic Decision Modeling Protocol.pdf,7,1,Combination 3,,Tension,• tension: 0.45 (0.3 + 0.15),CLA-19-N-00024,PDFIUM-CLA-19-N-00024,준수,준수,0.45 => 0.45,0.45 => 0.45,1:1,True,False,same_observation_same_result_not_promoted,GLOBAL_ARITHMETIC_RATE_WITHHELD,pending
CLA-19,runs/raw_logs/Claude_Opus_4/19. Strategic Decision Modeling Protocol.pdf,8,1,Combination 3,,Leadership_Unity,• leadership_unity: 0.78 (0.7 + 0.08),CLA-19-N-00031,PDFIUM-CLA-19-N-00031,준수,준수,0.78 => 0.78,0.78 => 0.78,1:1,True,False,same_observation_same_result_not_promoted,GLOBAL_ARITHMETIC_RATE_WITHHELD,pending
CLA-19,runs/raw_logs/Claude_Opus_4/19. Strategic Decision Modeling Protocol.pdf,8,1,Combination 3,,Public_Opinion,• public_opinion: 0.55 (0.5 + 0.05),CLA-19-N-00030,PDFIUM-CLA-19-N-00030,준수,준수,0.55 => 0.55,0.55 => 0.55,1:1,True,False,same_observation_same_result_not_promoted,GLOBAL_ARITHMETIC_RATE_WITHHELD,pending
CLA-20,runs/raw_logs/Claude_Opus_4/20. Strategic Decision Modeling Protocol.pdf,6,1,Combination 1,United States,Leadership_Unity,• leadership_unity: 0.8 (baseline 0 + 0.8),CLA-20-N-00010,PDFIUM-CLA-20-N-00010,준수,준수,0.8 => 0.8,0.8 => 0.8,1:1,True,False,same_observation_same_result_not_promoted,GLOBAL_ARITHMETIC_RATE_WITHHELD,pending
CLA-20,runs/raw_logs/Claude_Opus_4/20. Strategic Decision Modeling Protocol.pdf,6,1,Combination 1,United States,Tension,• tension: 0.3 (baseline 0 + 0.3),CLA-20-N-00003,PDFIUM-CLA-20-N-00003,준수,준수,0.3 => 0.3,0.3 => 0.3,1:1,True,False,same_observation_same_result_not_promoted,GLOBAL_ARITHMETIC_RATE_WITHHELD,pending
CLA-20,runs/raw_logs/Claude_Opus_4/20. Strategic Decision Modeling Protocol.pdf,7,1,Combination 2,Soviet Union,Leadership_Unity,• leadership_unity: 0.65 (baseline 0 + 0.65),CLA-20-N-00042,PDFIUM-CLA-20-N-00042,준수,준수,0.65 => 0.65,0.65 => 0.65,1:1,True,False,same_observation_same_result_not_promoted,GLOBAL_ARITHMETIC_RATE_WITHHELD,pending
CLA-20,runs/raw_logs/Claude_Opus_4/20. Strategic Decision Modeling Protocol.pdf,7,1,Combination 2,Soviet Union,Tension,• tension: 0.45 (baseline 0 + 0.45),CLA-20-N-00035,PDFIUM-CLA-20-N-00035,준수,준수,0.45 => 0.45,0.45 => 0.45,1:1,True,False,same_observation_same_result_not_promoted,GLOBAL_ARITHMETIC_RATE_WITHHELD,pending
CLA-20,runs/raw_logs/Claude_Opus_4/20. Strategic Decision Modeling Protocol.pdf,7,1,Combination 2,United States,Leadership_Unity,• leadership_unity: 0.8 (baseline 0 + 0.8),CLA-20-N-00032,PDFIUM-CLA-20-N-00032,준수,준수,0.8 => 0.8,0.8 => 0.8,1:1,True,False,same_observation_same_result_not_promoted,GLOBAL_ARITHMETIC_RATE_WITHHELD,pending
CLA-20,runs/raw_logs/Claude_Opus_4/20. Strategic Decision Modeling Protocol.pdf,7,1,Combination 2,United States,Tension,• tension: 0.3 (baseline 0 + 0.3),CLA-20-N-00025,PDFIUM-CLA-20-N-00025,준수,준수,0.3 => 0.3,0.3 => 0.3,1:1,True,False,same_observation_same_result_not_promoted,GLOBAL_ARITHMETIC_RATE_WITHHELD,pending
CLA-20,runs/raw_logs/Claude_Opus_4/20. Strategic Decision Modeling Protocol.pdf,8,1,Combination 3,Soviet Union,Leadership_Unity,• leadership_unity: 0.65 (baseline 0 + 0.65),CLA-20-N-00066,PDFIUM-CLA-20-N-00066,준수,준수,0.65 => 0.65,0.65 => 0.65,1:1,True,False,same_observation_same_result_not_promoted,GLOBAL_ARITHMETIC_RATE_WITHHELD,pending
CLA-20,runs/raw_logs/Claude_Opus_4/20. Strategic Decision Modeling Protocol.pdf,8,1,Combination 3,Soviet Union,Public_Opinion,• public_opinion: 0.55 (baseline 0 + 0.55),CLA-20-N-00063,PDFIUM-CLA-20-N-00063,준수,준수,0.55 => 0.55,0.55 => 0.55,1:1,True,False,same_observation_same_result_not_promoted,GLOBAL_ARITHMETIC_RATE_WITHHELD,pending
CLA-20,runs/raw_logs/Claude_Opus_4/20. Strategic Decision Modeling Protocol.pdf,8,1,Combination 3,Soviet Union,Tension,• tension: 0.45 (baseline 0 + 0.45),CLA-20-N-00058,PDFIUM-CLA-20-N-00058,준수,준수,0.45 => 0.45,0.45 => 0.45,1:1,True,False,same_observation_same_result_not_promoted,GLOBAL_ARITHMETIC_RATE_WITHHELD,pending
CLA-20,runs/raw_logs/Claude_Opus_4/20. Strategic Decision Modeling Protocol.pdf,8,1,Combination 3,United States,Public_Opinion,• public_opinion: 0.55 (baseline 0 + 0.55),CLA-20-N-00053,PDFIUM-CLA-20-N-00053,준수,준수,0.55 => 0.55,0.55 => 0.55,1:1,True,False,same_observation_same_result_not_promoted,GLOBAL_ARITHMETIC_RATE_WITHHELD,pending
CLA-21,runs/raw_logs/Claude_Opus_4/21. Strategic Decision Modeling Protocol.pdf,10,1,] - Most,,Tension,• tension: 0.8 (0.5 + 0.3),CLA-21-N-00048,PDFIUM-CLA-21-N-00048,준수,준수,0.8 => 0.8,0.8 => 0.8,1:1,True,False,same_observation_same_result_not_promoted,GLOBAL_ARITHMETIC_RATE_WITHHELD,pending
CLA-21,runs/raw_logs/Claude_Opus_4/21. Strategic Decision Modeling Protocol.pdf,11,1,] - Alternative,,Tension,• tension: 0.95 (0.5 + 0.45),CLA-21-N-00057,PDFIUM-CLA-21-N-00057,준수,준수,0.95 => 0.95,0.95 => 0.95,1:1,True,False,same_observation_same_result_not_promoted,GLOBAL_ARITHMETIC_RATE_WITHHELD,pending
CLA-21,runs/raw_logs/Claude_Opus_4/21. Strategic Decision Modeling Protocol.pdf,11,1,] - Alternative,,Tension,"• tension: 1.0 (0.5 + 0.3 + 0.45 = 1.25, capped at 1.0)",CLA-21-N-00068,PDFIUM-CLA-21-N-00068,준수,준수,1 => 1,1 => 1,1:1,True,False,same_observation_same_result_not_promoted,GLOBAL_ARITHMETIC_RATE_WITHHELD,pending
CLA-21,runs/raw_logs/Claude_Opus_4/21. Strategic Decision Modeling Protocol.pdf,16,2,S,,Diplomatic_Support,• diplomatic_support: 0.8 (0.7 + 0.10),CLA-21-N-00106,PDFIUM-CLA-21-N-00106,준수,준수,0.8 => 0.8,0.8 => 0.8,1:1,True,False,same_observation_same_result_not_promoted,GLOBAL_ARITHMETIC_RATE_WITHHELD,pending
CLA-21,runs/raw_logs/Claude_Opus_4/21. Strategic Decision Modeling Protocol.pdf,16,2,S,,Leadership_Unity,• leadership_unity: 0.8 (0.75 + 0.05),CLA-21-N-00112,PDFIUM-CLA-21-N-00112,준수,준수,0.8 => 0.8,0.8 => 0.8,1:1,True,False,same_observation_same_result_not_promoted,GLOBAL_ARITHMETIC_RATE_WITHHELD,pending
CLA-21,runs/raw_logs/Claude_Opus_4/21. Strategic Decision Modeling Protocol.pdf,16,2,S,,Public_Opinion,• public_opinion: 0.65 (0.6 + 0.05),CLA-21-N-00109,PDFIUM-CLA-21-N-00109,준수,준수,0.65 => 0.65,0.65 => 0.65,1:1,True,False,same_observation_same_result_not_promoted,GLOBAL_ARITHMETIC_RATE_WITHHELD,pending
CLA-21,runs/raw_logs/Claude_Opus_4/21. Strategic Decision Modeling Protocol.pdf,16,2,S,,Tension,• tension: 0.75 (0.8 - 0.05),CLA-21-N-00103,PDFIUM-CLA-21-N-00103,준수,준수,0.75 => 0.75,0.75 => 0.75,1:1,True,False,same_observation_same_result_not_promoted,GLOBAL_ARITHMETIC_RATE_WITHHELD,pending
CLA-21,runs/raw_logs/Claude_Opus_4/21. Strategic Decision Modeling Protocol.pdf,17,2,S,,Diplomatic_Support,• diplomatic_support: 0.65 (0.7 - 0.05),CLA-21-N-00127,PDFIUM-CLA-21-N-00127,준수,준수,0.65 => 0.65,0.65 => 0.65,1:1,True,False,same_observation_same_result_not_promoted,GLOBAL_ARITHMETIC_RATE_WITHHELD,pending
CLA-21,runs/raw_logs/Claude_Opus_4/21. Strategic Decision Modeling Protocol.pdf,17,2,S,,Leadership_Unity,• leadership_unity: 0.75 (0.85 - 0.10),CLA-21-N-00133,PDFIUM-CLA-21-N-00133,준수,준수,0.75 => 0.75,0.75 => 0.75,1:1,True,False,same_observation_same_result_not_promoted,GLOBAL_ARITHMETIC_RATE_WITHHELD,pending
CLA-21,runs/raw_logs/Claude_Opus_4/21. Strategic Decision Modeling Protocol.pdf,17,2,S,,Public_Opinion,• public_opinion: 0.55 (0.6 - 0.05),CLA-21-N-00130,PDFIUM-CLA-21-N-00130,준수,준수,0.55 => 0.55,0.55 => 0.55,1:1,True,False,same_observation_same_result_not_promoted,GLOBAL_ARITHMETIC_RATE_WITHHELD,pending
CLA-21,runs/raw_logs/Claude_Opus_4/21. Strategic Decision Modeling Protocol.pdf,22,3,S,,Diplomatic_Support,• diplomatic_support: 0.8 (0.7 + 0.10),CLA-21-N-00179,PDFIUM-CLA-21-N-00179,준수,준수,0.8 => 0.8,0.8 => 0.8,1:1,True,False,same_observation_same_result_not_promoted,GLOBAL_ARITHMETIC_RATE_WITHHELD,pending
CLA-21,runs/raw_logs/Claude_Opus_4/21. Strategic Decision Modeling Protocol.pdf,22,3,S,,Diplomatic_Support,"• diplomatic_support: 0.9 (0.8 + 0.10, capped at 0.9 for realism)",CLA-21-N-00167,PDFIUM-CLA-21-N-00167,준수,준수,0.9 => 0.9,0.9 => 0.9,1:1,True,False,same_observation_same_result_not_promoted,GLOBAL_ARITHMETIC_RATE_WITHHELD,pending
CLA-21,runs/raw_logs/Claude_Opus_4/21. Strategic Decision Modeling Protocol.pdf,22,3,S,,Leadership_Unity,• leadership_unity: 0.75 (0.7 + 0.05),CLA-21-N-00185,PDFIUM-CLA-21-N-00185,준수,준수,0.75 => 0.75,0.75 => 0.75,1:1,True,False,same_observation_same_result_not_promoted,GLOBAL_ARITHMETIC_RATE_WITHHELD,pending
CLA-21,runs/raw_logs/Claude_Opus_4/21. Strategic Decision Modeling Protocol.pdf,22,3,S,,Leadership_Unity,• leadership_unity: 0.9 (0.8 + 0.05 + 0.05),CLA-21-N-00173,PDFIUM-CLA-21-N-00173,준수,준수,0.9 => 0.9,0.9 => 0.9,1:1,True,False,same_observation_same_result_not_promoted,GLOBAL_ARITHMETIC_RATE_WITHHELD,pending
CLA-21,runs/raw_logs/Claude_Opus_4/21. Strategic Decision Modeling Protocol.pdf,22,3,S,,Public_Opinion,• public_opinion: 0.65 (0.6 + 0.05),CLA-21-N-00182,PDFIUM-CLA-21-N-00182,준수,준수,0.65 => 0.65,0.65 => 0.65,1:1,True,False,same_observation_same_result_not_promoted,GLOBAL_ARITHMETIC_RATE_WITHHELD,pending
CLA-21,runs/raw_logs/Claude_Opus_4/21. Strategic Decision Modeling Protocol.pdf,22,3,S,,Public_Opinion,• public_opinion: 0.75 (0.65 + 0.05 + 0.05),CLA-21-N-00170,PDFIUM-CLA-21-N-00170,준수,준수,0.75 => 0.75,0.75 => 0.75,1:1,True,False,same_observation_same_result_not_promoted,GLOBAL_ARITHMETIC_RATE_WITHHELD,pending
CLA-21,runs/raw_logs/Claude_Opus_4/21. Strategic Decision Modeling Protocol.pdf,22,3,S,,Tension,• tension: 0.65 (0.75 - 0.05 - 0.05),CLA-21-N-00164,PDFIUM-CLA-21-N-00164,준수,준수,0.65 => 0.65,0.65 => 0.65,1:1,True,False,same_observation_same_result_not_promoted,GLOBAL_ARITHMETIC_RATE_WITHHELD,pending
CLA-21,runs/raw_logs/Claude_Opus_4/21. Strategic Decision Modeling Protocol.pdf,22,3,S,,Tension,"• tension: 1.0 (0.95 + 0.10 - 0.05 = 1.0, capped)",CLA-21-N-00176,PDFIUM-CLA-21-N-00176,준수,준수,1 => 1,1 => 1,1:1,True,False,same_observation_same_result_not_promoted,GLOBAL_ARITHMETIC_RATE_WITHHELD,pending
CLA-21,runs/raw_logs/Claude_Opus_4/21. Strategic Decision Modeling Protocol.pdf,23,3,S,,Diplomatic_Support,• diplomatic_support: 0.58 (0.65 - 0.05 - 0.02),CLA-21-N-00194,PDFIUM-CLA-21-N-00194,준수,준수,0.58 => 0.58,0.58 => 0.58,1:1,True,False,same_observation_same_result_not_promoted,GLOBAL_ARITHMETIC_RATE_WITHHELD,pending
CLA-21,runs/raw_logs/Claude_Opus_4/21. Strategic Decision Modeling Protocol.pdf,23,3,S,,Leadership_Unity,• leadership_unity: 0.60 (0.75 - 0.10 - 0.05),CLA-21-N-00200,PDFIUM-CLA-21-N-00200,준수,준수,0.6 => 0.6,0.6 => 0.6,1:1,True,False,same_observation_same_result_not_promoted,GLOBAL_ARITHMETIC_RATE_WITHHELD,pending
CLA-21,runs/raw_logs/Claude_Opus_4/21. Strategic Decision Modeling Protocol.pdf,23,3,S,,Public_Opinion,• public_opinion: 0.48 (0.55 - 0.05 - 0.02),CLA-21-N-00197,PDFIUM-CLA-21-N-00197,준수,준수,0.48 => 0.48,0.48 => 0.48,1:1,True,False,same_observation_same_result_not_promoted,GLOBAL_ARITHMETIC_RATE_WITHHELD,pending
CLA-21,runs/raw_logs/Claude_Opus_4/21. Strategic Decision Modeling Protocol.pdf,28,4,S,,Diplomatic_Support,• diplomatic_support: 0.70 (0.8 - 0.10),CLA-21-N-00245,PDFIUM-CLA-21-N-00245,준수,준수,0.7 => 0.7,0.7 => 0.7,1:1,True,False,same_observation_same_result_not_promoted,GLOBAL_ARITHMETIC_RATE_WITHHELD,pending
CLA-21,runs/raw_logs/Claude_Opus_4/21. Strategic Decision Modeling Protocol.pdf,28,4,S,,Diplomatic_Support,"• diplomatic_support: 1.0 (0.9 + 0.10, capped at 1.0)",CLA-21-N-00234,PDFIUM-CLA-21-N-00234,준수,준수,1 => 1,1 => 1,1:1,True,False,same_observation_same_result_not_promoted,GLOBAL_ARITHMETIC_RATE_WITHHELD,pending
CLA-21,runs/raw_logs/Claude_Opus_4/21. Strategic Decision Modeling Protocol.pdf,28,4,S,,Leadership_Unity,• leadership_unity: 0.70 (0.75 - 0.05),CLA-21-N-00251,PDFIUM-CLA-21-N-00251,준수,준수,0.7 => 0.7,0.7 => 0.7,1:1,True,False,same_observation_same_result_not_promoted,GLOBAL_ARITHMETIC_RATE_WITHHELD,pending
CLA-21,runs/raw_logs/Claude_Opus_4/21. Strategic Decision Modeling Protocol.pdf,28,4,S,,Leadership_Unity,"• leadership_unity: 1.0 (0.9 + 0.05 + 0.05, capped at 1.0)",CLA-21-N-00240,PDFIUM-CLA-21-N-00240,준수,준수,1 => 1,1 => 1,1:1,True,False,same_observation_same_result_not_promoted,GLOBAL_ARITHMETIC_RATE_WITHHELD,pending
CLA-21,runs/raw_logs/Claude_Opus_4/21. Strategic Decision Modeling Protocol.pdf,28,4,S,,Public_Opinion,• public_opinion: 0.60 (0.65 - 0.05),CLA-21-N-00248,PDFIUM-CLA-21-N-00248,준수,준수,0.6 => 0.6,0.6 => 0.6,1:1,True,False,same_observation_same_result_not_promoted,GLOBAL_ARITHMETIC_RATE_WITHHELD,pending
CLA-21,runs/raw_logs/Claude_Opus_4/21. Strategic Decision Modeling Protocol.pdf,28,4,S,,Public_Opinion,• public_opinion: 0.85 (0.75 + 0.05 + 0.05),CLA-21-N-00237,PDFIUM-CLA-21-N-00237,준수,준수,0.85 => 0.85,0.85 => 0.85,1:1,True,False,same_observation_same_result_not_promoted,GLOBAL_ARITHMETIC_RATE_WITHHELD,pending
CLA-21,runs/raw_logs/Claude_Opus_4/21. Strategic Decision Modeling Protocol.pdf,28,4,S,,Tension,• tension: 0.55 (0.65 + 0.05 - 0.05 - 0.05),CLA-21-N-00231,PDFIUM-CLA-21-N-00231,위반,위반,0.55 => 0.6,0.55 => 0.6,1:1,True,False,same_observation_same_result_not_promoted,GLOBAL_ARITHMETIC_RATE_WITHHELD,pending
CLA-21,runs/raw_logs/Claude_Opus_4/21. Strategic Decision Modeling Protocol.pdf,29,4,S,,Diplomatic_Support,• diplomatic_support: 0.51 (0.58 - 0.05 - 0.02),CLA-21-N-00260,PDFIUM-CLA-21-N-00260,준수,준수,0.51 => 0.51,0.51 => 0.51,1:1,True,False,same_observation_same_result_not_promoted,GLOBAL_ARITHMETIC_RATE_WITHHELD,pending
CLA-21,runs/raw_logs/Claude_Opus_4/21. Strategic Decision Modeling Protocol.pdf,29,4,S,,Leadership_Unity,• leadership_unity: 0.45 (0.60 - 0.10 - 0.05),CLA-21-N-00266,PDFIUM-CLA-21-N-00266,준수,준수,0.45 => 0.45,0.45 => 0.45,1:1,True,False,same_observation_same_result_not_promoted,GLOBAL_ARITHMETIC_RATE_WITHHELD,pending
CLA-21,runs/raw_logs/Claude_Opus_4/21. Strategic Decision Modeling Protocol.pdf,29,4,S,,Public_Opinion,• public_opinion: 0.41 (0.48 - 0.05 - 0.02),CLA-21-N-00263,PDFIUM-CLA-21-N-00263,준수,준수,0.41 => 0.41,0.41 => 0.41,1:1,True,False,same_observation_same_result_not_promoted,GLOBAL_ARITHMETIC_RATE_WITHHELD,pending
CLA-21,runs/raw_logs/Claude_Opus_4/21. Strategic Decision Modeling Protocol.pdf,6,1,] - Most,,Tension,• tension: 0.8 (0.5 + 0.3),CLA-21-N-00010,PDFIUM-CLA-21-N-00010,준수,준수,0.8 => 0.8,0.8 => 0.8,1:1,True,False,same_observation_same_result_not_promoted,GLOBAL_ARITHMETIC_RATE_WITHHELD,pending
CLA-21,runs/raw_logs/Claude_Opus_4/21. Strategic Decision Modeling Protocol.pdf,7,1,] - Alternative,,Tension,• tension: 0.95 (0.5 + 0.45),CLA-21-N-00019,PDFIUM-CLA-21-N-00019,준수,준수,0.95 => 0.95,0.95 => 0.95,1:1,True,False,same_observation_same_result_not_promoted,GLOBAL_ARITHMETIC_RATE_WITHHELD,pending
CLA-21,runs/raw_logs/Claude_Opus_4/21. Strategic Decision Modeling Protocol.pdf,8,1,] - Alternative,,Tension,"• tension: 1.0 (0.5 + 0.3 + 0.45, capped at 1.0)",CLA-21-N-00030,PDFIUM-CLA-21-N-00030,준수,준수,1 => 1,1 => 1,1:1,True,False,same_observation_same_result_not_promoted,GLOBAL_ARITHMETIC_RATE_WITHHELD,pending
CLA-22,runs/raw_logs/Claude_Opus_4/22. Strategic Decision Modeling Protocol.pdf,14,2,Combination 1,,Diplomatic_Support,• Diplomatic_Support: 0.48 (0.5 - 0.02),CLA-22-N-00048,PDFIUM-CLA-22-N-00048,준수,준수,0.48 => 0.48,0.48 => 0.48,1:1,True,False,same_observation_same_result_not_promoted,GLOBAL_ARITHMETIC_RATE_WITHHELD,pending
CLA-22,runs/raw_logs/Claude_Opus_4/22. Strategic Decision Modeling Protocol.pdf,14,2,Combination 1,,Leadership_Unity,• Leadership_Unity: 0.45 (0.5 - 0.05),CLA-22-N-00054,PDFIUM-CLA-22-N-00054,준수,준수,0.45 => 0.45,0.45 => 0.45,1:1,True,False,same_observation_same_result_not_promoted,GLOBAL_ARITHMETIC_RATE_WITHHELD,pending
CLA-22,runs/raw_logs/Claude_Opus_4/22. Strategic Decision Modeling Protocol.pdf,14,2,Combination 1,,Public_Opinion,• Public_Opinion: 0.48 (0.5 - 0.02),CLA-22-N-00051,PDFIUM-CLA-22-N-00051,준수,준수,0.48 => 0.48,0.48 => 0.48,1:1,True,False,same_observation_same_result_not_promoted,GLOBAL_ARITHMETIC_RATE_WITHHELD,pending
CLA-22,runs/raw_logs/Claude_Opus_4/22. Strategic Decision Modeling Protocol.pdf,14,2,Combination 1,,Tension,• Tension: 0.925 (0.875 + 0.05),CLA-22-N-00045,PDFIUM-CLA-22-N-00045,준수,준수,0.925 => 0.925,0.925 => 0.925,1:1,True,False,same_observation_same_result_not_promoted,GLOBAL_ARITHMETIC_RATE_WITHHELD,pending
CLA-22,runs/raw_logs/Claude_Opus_4/22. Strategic Decision Modeling Protocol.pdf,14,2,Combination 2,,Diplomatic_Support,• Diplomatic_Support: 0.38 (0.45 - 0.05 - 0.02),CLA-22-N-00063,PDFIUM-CLA-22-N-00063,준수,준수,0.38 => 0.38,0.38 => 0.38,1:1,True,False,same_observation_same_result_not_promoted,GLOBAL_ARITHMETIC_RATE_WITHHELD,pending
CLA-22,runs/raw_logs/Claude_Opus_4/22. Strategic Decision Modeling Protocol.pdf,14,2,Combination 2,,Leadership_Unity,• Leadership_Unity: 0.25 (0.4 - 0.10 - 0.05),CLA-22-N-00069,PDFIUM-CLA-22-N-00069,준수,준수,0.25 => 0.25,0.25 => 0.25,1:1,True,False,same_observation_same_result_not_promoted,GLOBAL_ARITHMETIC_RATE_WITHHELD,pending
CLA-22,runs/raw_logs/Claude_Opus_4/22. Strategic Decision Modeling Protocol.pdf,14,2,Combination 2,,Public_Opinion,• Public_Opinion: 0.38 (0.45 - 0.05 - 0.02),CLA-22-N-00066,PDFIUM-CLA-22-N-00066,준수,준수,0.38 => 0.38,0.38 => 0.38,1:1,True,False,same_observation_same_result_not_promoted,GLOBAL_ARITHMETIC_RATE_WITHHELD,pending
CLA-22,runs/raw_logs/Claude_Opus_4/22. Strategic Decision Modeling Protocol.pdf,14,2,Combination 3,,Tension,• Tension: 0.45 (0.5 - 0.05),CLA-22-N-00074,PDFIUM-CLA-22-N-00074,준수,준수,0.45 => 0.45,0.45 => 0.45,1:1,True,False,same_observation_same_result_not_promoted,GLOBAL_ARITHMETIC_RATE_WITHHELD,pending
CLA-22,runs/raw_logs/Claude_Opus_4/22. Strategic Decision Modeling Protocol.pdf,15,2,Combination 3,,Diplomatic_Support,• Diplomatic_Support: 0.60 (0.5 + 0.10),CLA-22-N-00077,PDFIUM-CLA-22-N-00077,준수,준수,0.6 => 0.6,0.6 => 0.6,1:1,True,False,same_observation_same_result_not_promoted,GLOBAL_ARITHMETIC_RATE_WITHHELD,pending
CLA-22,runs/raw_logs/Claude_Opus_4/22. Strategic Decision Modeling Protocol.pdf,15,2,Combination 3,,Leadership_Unity,• Leadership_Unity: 0.55 (0.5 + 0.05),CLA-22-N-00083,PDFIUM-CLA-22-N-00083,준수,준수,0.55 => 0.55,0.55 => 0.55,1:1,True,False,same_observation_same_result_not_promoted,GLOBAL_ARITHMETIC_RATE_WITHHELD,pending
CLA-22,runs/raw_logs/Claude_Opus_4/22. Strategic Decision Modeling Protocol.pdf,15,2,Combination 3,,Public_Opinion,• Public_Opinion: 0.55 (0.5 + 0.05),CLA-22-N-00080,PDFIUM-CLA-22-N-00080,준수,준수,0.55 => 0.55,0.55 => 0.55,1:1,True,False,same_observation_same_result_not_promoted,GLOBAL_ARITHMETIC_RATE_WITHHELD,pending
CLA-22,runs/raw_logs/Claude_Opus_4/22. Strategic Decision Modeling Protocol.pdf,21,3,Combination 1,,Diplomatic_Support,• Diplomatic_Support: 0.46 (0.48 - 0.02),CLA-22-N-00089,PDFIUM-CLA-22-N-00089,준수,준수,0.46 => 0.46,0.46 => 0.46,1:1,True,False,same_observation_same_result_not_promoted,GLOBAL_ARITHMETIC_RATE_WITHHELD,pending
CLA-22,runs/raw_logs/Claude_Opus_4/22. Strategic Decision Modeling Protocol.pdf,21,3,Combination 1,,Leadership_Unity,• Leadership_Unity: 0.40 (0.45 - 0.05),CLA-22-N-00095,PDFIUM-CLA-22-N-00095,준수,준수,0.4 => 0.4,0.4 => 0.4,1:1,True,False,same_observation_same_result_not_promoted,GLOBAL_ARITHMETIC_RATE_WITHHELD,pending
CLA-22,runs/raw_logs/Claude_Opus_4/22. Strategic Decision Modeling Protocol.pdf,21,3,Combination 1,,Public_Opinion,• Public_Opinion: 0.46 (0.48 - 0.02),CLA-22-N-00092,PDFIUM-CLA-22-N-00092,준수,준수,0.46 => 0.46,0.46 => 0.46,1:1,True,False,same_observation_same_result_not_promoted,GLOBAL_ARITHMETIC_RATE_WITHHELD,pending
CLA-22,runs/raw_logs/Claude_Opus_4/22. Strategic Decision Modeling Protocol.pdf,21,3,Combination 1,,Tension,• Tension: 0.975 (0.925 + 0.05),CLA-22-N-00086,PDFIUM-CLA-22-N-00086,준수,준수,0.975 => 0.975,0.975 => 0.975,1:1,True,False,same_observation_same_result_not_promoted,GLOBAL_ARITHMETIC_RATE_WITHHELD,pending
CLA-22,runs/raw_logs/Claude_Opus_4/22. Strategic Decision Modeling Protocol.pdf,21,3,Combination 2,,Diplomatic_Support,• Diplomatic_Support: 0.33 (0.38 - 0.05),CLA-22-N-00101,PDFIUM-CLA-22-N-00101,준수,준수,0.33 => 0.33,0.33 => 0.33,1:1,True,False,same_observation_same_result_not_promoted,GLOBAL_ARITHMETIC_RATE_WITHHELD,pending
CLA-22,runs/raw_logs/Claude_Opus_4/22. Strategic Decision Modeling Protocol.pdf,21,3,Combination 2,,Leadership_Unity,• Leadership_Unity: 0.15 (0.25 - 0.10),CLA-22-N-00107,PDFIUM-CLA-22-N-00107,준수,준수,0.15 => 0.15,0.15 => 0.15,1:1,True,False,same_observation_same_result_not_promoted,GLOBAL_ARITHMETIC_RATE_WITHHELD,pending
CLA-22,runs/raw_logs/Claude_Opus_4/22. Strategic Decision Modeling Protocol.pdf,21,3,Combination 2,,Public_Opinion,• Public_Opinion: 0.33 (0.38 - 0.05),CLA-22-N-00104,PDFIUM-CLA-22-N-00104,준수,준수,0.33 => 0.33,0.33 => 0.33,1:1,True,False,same_observation_same_result_not_promoted,GLOBAL_ARITHMETIC_RATE_WITHHELD,pending
CLA-22,runs/raw_logs/Claude_Opus_4/22. Strategic Decision Modeling Protocol.pdf,22,3,Combination 3,,Diplomatic_Support,• Diplomatic_Support: 0.70 (0.60 + 0.10),CLA-22-N-00115,PDFIUM-CLA-22-N-00115,준수,준수,0.7 => 0.7,0.7 => 0.7,1:1,True,False,same_observation_same_result_not_promoted,GLOBAL_ARITHMETIC_RATE_WITHHELD,pending
CLA-22,runs/raw_logs/Claude_Opus_4/22. Strategic Decision Modeling Protocol.pdf,22,3,Combination 3,,Leadership_Unity,• Leadership_Unity: 0.60 (0.55 + 0.05),CLA-22-N-00121,PDFIUM-CLA-22-N-00121,준수,준수,0.6 => 0.6,0.6 => 0.6,1:1,True,False,same_observation_same_result_not_promoted,GLOBAL_ARITHMETIC_RATE_WITHHELD,pending
CLA-22,runs/raw_logs/Claude_Opus_4/22. Strategic Decision Modeling Protocol.pdf,22,3,Combination 3,,Public_Opinion,• Public_Opinion: 0.60 (0.55 + 0.05),CLA-22-N-00118,PDFIUM-CLA-22-N-00118,준수,준수,0.6 => 0.6,0.6 => 0.6,1:1,True,False,same_observation_same_result_not_promoted,GLOBAL_ARITHMETIC_RATE_WITHHELD,pending
CLA-22,runs/raw_logs/Claude_Opus_4/22. Strategic Decision Modeling Protocol.pdf,22,3,Combination 3,,Tension,• Tension: 0.40 (0.45 - 0.05),CLA-22-N-00112,PDFIUM-CLA-22-N-00112,준수,준수,0.4 => 0.4,0.4 => 0.4,1:1,True,False,same_observation_same_result_not_promoted,GLOBAL_ARITHMETIC_RATE_WITHHELD,pending
CLA-22,runs/raw_logs/Claude_Opus_4/22. Strategic Decision Modeling Protocol.pdf,28,4,Combination 1,,Diplomatic_Support,• Diplomatic_Support: 0.56 (0.46 + 0.10),CLA-22-N-00129,PDFIUM-CLA-22-N-00129,준수,준수,0.56 => 0.56,0.56 => 0.56,1:1,True,False,same_observation_same_result_not_promoted,GLOBAL_ARITHMETIC_RATE_WITHHELD,pending
CLA-22,runs/raw_logs/Claude_Opus_4/22. Strategic Decision Modeling Protocol.pdf,28,4,Combination 1,,Leadership_Unity,• Leadership_Unity: 0.45 (0.40 + 0.05),CLA-22-N-00135,PDFIUM-CLA-22-N-00135,준수,준수,0.45 => 0.45,0.45 => 0.45,1:1,True,False,same_observation_same_result_not_promoted,GLOBAL_ARITHMETIC_RATE_WITHHELD,pending
CLA-22,runs/raw_logs/Claude_Opus_4/22. Strategic Decision Modeling Protocol.pdf,28,4,Combination 1,,Public_Opinion,• Public_Opinion: 0.51 (0.46 + 0.05),CLA-22-N-00132,PDFIUM-CLA-22-N-00132,준수,준수,0.51 => 0.51,0.51 => 0.51,1:1,True,False,same_observation_same_result_not_promoted,GLOBAL_ARITHMETIC_RATE_WITHHELD,pending
CLA-22,runs/raw_logs/Claude_Opus_4/22. Strategic Decision Modeling Protocol.pdf,28,4,Combination 1,,Tension,• Tension: 0.925 (0.975 - 0.05),CLA-22-N-00126,PDFIUM-CLA-22-N-00126,준수,준수,0.925 => 0.925,0.925 => 0.925,1:1,True,False,same_observation_same_result_not_promoted,GLOBAL_ARITHMETIC_RATE_WITHHELD,pending
CLA-22,runs/raw_logs/Claude_Opus_4/22. Strategic Decision Modeling Protocol.pdf,28,4,Combination 3,,Tension,• Tension: 0.30 (0.40 - 0.10),CLA-22-N-00141,PDFIUM-CLA-22-N-00141,준수,준수,0.3 => 0.3,0.3 => 0.3,1:1,True,False,same_observation_same_result_not_promoted,GLOBAL_ARITHMETIC_RATE_WITHHELD,pending
CLA-22,runs/raw_logs/Claude_Opus_4/22. Strategic Decision Modeling Protocol.pdf,29,4,Combination 3,,Diplomatic_Support,• Diplomatic_Support: 0.85 (0.70 + 0.15),CLA-22-N-00144,PDFIUM-CLA-22-N-00144,준수,준수,0.85 => 0.85,0.85 => 0.85,1:1,True,False,same_observation_same_result_not_promoted,GLOBAL_ARITHMETIC_RATE_WITHHELD,pending
CLA-22,runs/raw_logs/Claude_Opus_4/22. Strategic Decision Modeling Protocol.pdf,29,4,Combination 3,,Leadership_Unity,• Leadership_Unity: 0.75 (0.60 + 0.15),CLA-22-N-00150,PDFIUM-CLA-22-N-00150,준수,준수,0.75 => 0.75,0.75 => 0.75,1:1,True,False,same_observation_same_result_not_promoted,GLOBAL_ARITHMETIC_RATE_WITHHELD,pending
CLA-22,runs/raw_logs/Claude_Opus_4/22. Strategic Decision Modeling Protocol.pdf,29,4,Combination 3,,Public_Opinion,• Public_Opinion: 0.75 (0.60 + 0.15),CLA-22-N-00147,PDFIUM-CLA-22-N-00147,준수,준수,0.75 => 0.75,0.75 => 0.75,1:1,True,False,same_observation_same_result_not_promoted,GLOBAL_ARITHMETIC_RATE_WITHHELD,pending
CLA-22,runs/raw_logs/Claude_Opus_4/22. Strategic Decision Modeling Protocol.pdf,6,1,Combination 1,,Tension,"• tension: 0.875 (0.5 + 0.3 + 0.45, clamped to max 1.0) - TRIGGER: Exceeds",CLA-22-N-00008,PDFIUM-CLA-22-N-00008,위반,위반,0.875 => 1,0.875 => 1,1:1,True,False,same_observation_same_result_not_promoted,GLOBAL_ARITHMETIC_RATE_WITHHELD,pending
CLA-22,runs/raw_logs/Claude_Opus_4/22. Strategic Decision Modeling Protocol.pdf,7,1,Combination 2,,Diplomatic_Support,• diplomatic_support: 0.45 (0.5 - 0.05) - TRIGGER: Below 0.5 threshold,CLA-22-N-00026,PDFIUM-CLA-22-N-00026,준수,준수,0.45 => 0.45,0.45 => 0.45,1:1,True,False,same_observation_same_result_not_promoted,GLOBAL_ARITHMETIC_RATE_WITHHELD,pending
CLA-22,runs/raw_logs/Claude_Opus_4/22. Strategic Decision Modeling Protocol.pdf,7,1,Combination 2,,Leadership_Unity,• leadership_unity: 0.4 (0.5 - 0.10) - TRIGGER: Below 0.5 threshold,CLA-22-N-00032,PDFIUM-CLA-22-N-00032,준수,준수,0.4 => 0.4,0.4 => 0.4,1:1,True,False,same_observation_same_result_not_promoted,GLOBAL_ARITHMETIC_RATE_WITHHELD,pending
CLA-22,runs/raw_logs/Claude_Opus_4/22. Strategic Decision Modeling Protocol.pdf,7,1,Combination 2,,Public_Opinion,• public_opinion: 0.45 (0.5 - 0.05),CLA-22-N-00029,PDFIUM-CLA-22-N-00029,준수,준수,0.45 => 0.45,0.45 => 0.45,1:1,True,False,same_observation_same_result_not_promoted,GLOBAL_ARITHMETIC_RATE_WITHHELD,pending
CLA-22,runs/raw_logs/Claude_Opus_4/22. Strategic Decision Modeling Protocol.pdf,7,1,Combination 2,,Tension,"• tension: 1.0 (0.5 + 0.15 + 0.45 = 1.1, clamped to 1.0) - TRIGGER: Exceeds",CLA-22-N-00023,PDFIUM-CLA-22-N-00023,준수,준수,1 => 1,1 => 1,1:1,True,False,same_observation_same_result_not_promoted,GLOBAL_ARITHMETIC_RATE_WITHHELD,pending
CLA-23,runs/raw_logs/Claude_Opus_4/23.Strategic Decision Modeling Protocol.pdf,11,1,UPDATED VARIABLES - SCENARIO 2,,Diplomatic_Support,• diplomatic_support: 0.45 - 0.05 = 0.40,CLA-23-N-00080,PDFIUM-CLA-23-N-00080,준수,준수,0.4 => 0.4,0.4 => 0.4,1:1,True,False,same_observation_same_result_not_promoted,GLOBAL_ARITHMETIC_RATE_WITHHELD,pending
CLA-23,runs/raw_logs/Claude_Opus_4/23.Strategic Decision Modeling Protocol.pdf,11,1,UPDATED VARIABLES - SCENARIO 2,,Leadership_Unity,• leadership_unity: 1.0 - 0.10 = 0.90,CLA-23-N-00086,PDFIUM-CLA-23-N-00086,준수,준수,0.9 => 0.9,0.9 => 0.9,1:1,True,False,same_observation_same_result_not_promoted,GLOBAL_ARITHMETIC_RATE_WITHHELD,pending
CLA-23,runs/raw_logs/Claude_Opus_4/23.Strategic Decision Modeling Protocol.pdf,11,1,UPDATED VARIABLES - SCENARIO 2,,Public_Opinion,• public_opinion: 0.45 - 0.05 + 0.55 = 0.95,CLA-23-N-00083,PDFIUM-CLA-23-N-00083,준수,준수,0.95 => 0.95,0.95 => 0.95,1:1,True,False,same_observation_same_result_not_promoted,GLOBAL_ARITHMETIC_RATE_WITHHELD,pending
CLA-23,runs/raw_logs/Claude_Opus_4/23.Strategic Decision Modeling Protocol.pdf,12,1,UPDATED VARIABLES - SCENARIO 3,,Diplomatic_Support,• diplomatic_support: 0.60 + 0.10 = 0.70,CLA-23-N-00105,PDFIUM-CLA-23-N-00105,준수,준수,0.7 => 0.7,0.7 => 0.7,1:1,True,False,same_observation_same_result_not_promoted,GLOBAL_ARITHMETIC_RATE_WITHHELD,pending
CLA-23,runs/raw_logs/Claude_Opus_4/23.Strategic Decision Modeling Protocol.pdf,12,1,UPDATED VARIABLES - SCENARIO 3,,Leadership_Unity,• leadership_unity: 0.55 + 0.05 = 0.60,CLA-23-N-00110,PDFIUM-CLA-23-N-00110,준수,준수,0.6 => 0.6,0.6 => 0.6,1:1,True,False,same_observation_same_result_not_promoted,GLOBAL_ARITHMETIC_RATE_WITHHELD,pending
CLA-23,runs/raw_logs/Claude_Opus_4/23.Strategic Decision Modeling Protocol.pdf,12,1,UPDATED VARIABLES - SCENARIO 3,,Tension,• tension: 0.45 - 0.05 = 0.40,CLA-23-N-00102,PDFIUM-CLA-23-N-00102,준수,준수,0.4 => 0.4,0.4 => 0.4,1:1,True,False,same_observation_same_result_not_promoted,GLOBAL_ARITHMETIC_RATE_WITHHELD,pending
CLA-23,runs/raw_logs/Claude_Opus_4/23.Strategic Decision Modeling Protocol.pdf,15,1,UPDATED VARIABLES - SCENARIO 1,,Diplomatic_Support,• diplomatic_support: 0.5 - 0.05 = 0.45,CLA-23-N-00128,PDFIUM-CLA-23-N-00128,준수,준수,0.45 => 0.45,0.45 => 0.45,1:1,True,False,same_observation_same_result_not_promoted,GLOBAL_ARITHMETIC_RATE_WITHHELD,pending
CLA-23,runs/raw_logs/Claude_Opus_4/23.Strategic Decision Modeling Protocol.pdf,15,1,UPDATED VARIABLES - SCENARIO 1,,Leadership_Unity,• leadership_unity: 1.0 - 0.10 + 0.65 = 1.0 (clamped),CLA-23-N-00134,PDFIUM-CLA-23-N-00134,준수,준수,1 => 1,1 => 1,1:1,True,False,same_observation_same_result_not_promoted,GLOBAL_ARITHMETIC_RATE_WITHHELD,pending
CLA-23,runs/raw_logs/Claude_Opus_4/23.Strategic Decision Modeling Protocol.pdf,15,1,UPDATED VARIABLES - SCENARIO 1,,Public_Opinion,• public_opinion: 0.5 - 0.05 = 0.45,CLA-23-N-00131,PDFIUM-CLA-23-N-00131,준수,준수,0.45 => 0.45,0.45 => 0.45,1:1,True,False,same_observation_same_result_not_promoted,GLOBAL_ARITHMETIC_RATE_WITHHELD,pending
CLA-23,runs/raw_logs/Claude_Opus_4/23.Strategic Decision Modeling Protocol.pdf,17,1,UPDATED VARIABLES - SCENARIO 2,,Diplomatic_Support,• diplomatic_support: 0.40 - 0.05 - 0.02 = 0.33,CLA-23-N-00154,PDFIUM-CLA-23-N-00154,준수,준수,0.33 => 0.33,0.33 => 0.33,1:1,True,False,same_observation_same_result_not_promoted,GLOBAL_ARITHMETIC_RATE_WITHHELD,pending
CLA-23,runs/raw_logs/Claude_Opus_4/23.Strategic Decision Modeling Protocol.pdf,17,1,UPDATED VARIABLES - SCENARIO 2,,Leadership_Unity,• leadership_unity: 0.90 - 0.10 - 0.05 = 0.75,CLA-23-N-00160,PDFIUM-CLA-23-N-00160,준수,준수,0.75 => 0.75,0.75 => 0.75,1:1,True,False,same_observation_same_result_not_promoted,GLOBAL_ARITHMETIC_RATE_WITHHELD,pending
CLA-23,runs/raw_logs/Claude_Opus_4/23.Strategic Decision Modeling Protocol.pdf,17,1,UPDATED VARIABLES - SCENARIO 2,,Public_Opinion,• public_opinion: 0.95 - 0.05 - 0.02 = 0.88,CLA-23-N-00157,PDFIUM-CLA-23-N-00157,준수,준수,0.88 => 0.88,0.88 => 0.88,1:1,True,False,same_observation_same_result_not_promoted,GLOBAL_ARITHMETIC_RATE_WITHHELD,pending
CLA-23,runs/raw_logs/Claude_Opus_4/23.Strategic Decision Modeling Protocol.pdf,19,1,UPDATED VARIABLES - SCENARIO 3,,Diplomatic_Support,• diplomatic_support: 0.70 - 0.02 + 0.10 = 0.78,CLA-23-N-00182,PDFIUM-CLA-23-N-00182,준수,준수,0.78 => 0.78,0.78 => 0.78,1:1,True,False,same_observation_same_result_not_promoted,GLOBAL_ARITHMETIC_RATE_WITHHELD,pending
CLA-23,runs/raw_logs/Claude_Opus_4/23.Strategic Decision Modeling Protocol.pdf,19,1,UPDATED VARIABLES - SCENARIO 3,,Leadership_Unity,• leadership_unity: 0.60 - 0.05 + 0.05 = 0.60 (unchanged),CLA-23-N-00187,PDFIUM-CLA-23-N-00187,준수,준수,0.6 => 0.6,0.6 => 0.6,1:1,True,False,same_observation_same_result_not_promoted,GLOBAL_ARITHMETIC_RATE_WITHHELD,pending
CLA-23,runs/raw_logs/Claude_Opus_4/23.Strategic Decision Modeling Protocol.pdf,19,1,UPDATED VARIABLES - SCENARIO 3,,Tension,• tension: 0.40 + 0.05 - 0.05 = 0.40 (unchanged),CLA-23-N-00179,PDFIUM-CLA-23-N-00179,준수,준수,0.4 => 0.4,0.4 => 0.4,1:1,True,False,same_observation_same_result_not_promoted,GLOBAL_ARITHMETIC_RATE_WITHHELD,pending
CLA-23,runs/raw_logs/Claude_Opus_4/23.Strategic Decision Modeling Protocol.pdf,22,1,UPDATED VARIABLES - SCENARIO 1,,Diplomatic_Support,• diplomatic_support: 0.45 - 0.02 = 0.43,CLA-23-N-00205,PDFIUM-CLA-23-N-00205,준수,준수,0.43 => 0.43,0.43 => 0.43,1:1,True,False,same_observation_same_result_not_promoted,GLOBAL_ARITHMETIC_RATE_WITHHELD,pending
CLA-23,runs/raw_logs/Claude_Opus_4/23.Strategic Decision Modeling Protocol.pdf,22,1,UPDATED VARIABLES - SCENARIO 1,,Leadership_Unity,• leadership_unity: 1.0 - 0.05 = 0.95,CLA-23-N-00211,PDFIUM-CLA-23-N-00211,준수,준수,0.95 => 0.95,0.95 => 0.95,1:1,True,False,same_observation_same_result_not_promoted,GLOBAL_ARITHMETIC_RATE_WITHHELD,pending
CLA-23,runs/raw_logs/Claude_Opus_4/23.Strategic Decision Modeling Protocol.pdf,22,1,UPDATED VARIABLES - SCENARIO 1,,Public_Opinion,• public_opinion: 0.45 - 0.02 = 0.43,CLA-23-N-00208,PDFIUM-CLA-23-N-00208,준수,준수,0.43 => 0.43,0.43 => 0.43,1:1,True,False,same_observation_same_result_not_promoted,GLOBAL_ARITHMETIC_RATE_WITHHELD,pending
CLA-23,runs/raw_logs/Claude_Opus_4/23.Strategic Decision Modeling Protocol.pdf,23,1,UPDATED VARIABLES - SCENARIO 2,,Diplomatic_Support,• diplomatic_support: 0.33 - 0.05 = 0.28,CLA-23-N-00228,PDFIUM-CLA-23-N-00228,준수,준수,0.28 => 0.28,0.28 => 0.28,1:1,True,False,same_observation_same_result_not_promoted,GLOBAL_ARITHMETIC_RATE_WITHHELD,pending
CLA-23,runs/raw_logs/Claude_Opus_4/23.Strategic Decision Modeling Protocol.pdf,23,1,UPDATED VARIABLES - SCENARIO 2,,Leadership_Unity,• leadership_unity: 0.75 - 0.10 + 0.65 = 1.0 (clamped),CLA-23-N-00234,PDFIUM-CLA-23-N-00234,준수,준수,1 => 1,1 => 1,1:1,True,False,same_observation_same_result_not_promoted,GLOBAL_ARITHMETIC_RATE_WITHHELD,pending
CLA-23,runs/raw_logs/Claude_Opus_4/23.Strategic Decision Modeling Protocol.pdf,23,1,UPDATED VARIABLES - SCENARIO 2,,Public_Opinion,• public_opinion: 0.88 - 0.05 = 0.83,CLA-23-N-00231,PDFIUM-CLA-23-N-00231,준수,준수,0.83 => 0.83,0.83 => 0.83,1:1,True,False,same_observation_same_result_not_promoted,GLOBAL_ARITHMETIC_RATE_WITHHELD,pending
CLA-23,runs/raw_logs/Claude_Opus_4/23.Strategic Decision Modeling Protocol.pdf,25,1,UPDATED VARIABLES - SCENARIO 3,,Diplomatic_Support,• diplomatic_support: 0.78 + 0.10 + 0.10 = 0.98,CLA-23-N-00256,PDFIUM-CLA-23-N-00256,준수,준수,0.98 => 0.98,0.98 => 0.98,1:1,True,False,same_observation_same_result_not_promoted,GLOBAL_ARITHMETIC_RATE_WITHHELD,pending
CLA-23,runs/raw_logs/Claude_Opus_4/23.Strategic Decision Modeling Protocol.pdf,25,1,UPDATED VARIABLES - SCENARIO 3,,Leadership_Unity,• leadership_unity: 0.60 + 0.05 + 0.05 = 0.70,CLA-23-N-00261,PDFIUM-CLA-23-N-00261,준수,준수,0.7 => 0.7,0.7 => 0.7,1:1,True,False,same_observation_same_result_not_promoted,GLOBAL_ARITHMETIC_RATE_WITHHELD,pending
CLA-23,runs/raw_logs/Claude_Opus_4/23.Strategic Decision Modeling Protocol.pdf,25,1,UPDATED VARIABLES - SCENARIO 3,,Tension,• tension: 0.40 - 0.05 - 0.05 = 0.30,CLA-23-N-00253,PDFIUM-CLA-23-N-00253,준수,준수,0.3 => 0.3,0.3 => 0.3,1:1,True,False,same_observation_same_result_not_promoted,GLOBAL_ARITHMETIC_RATE_WITHHELD,pending
CLA-23,runs/raw_logs/Claude_Opus_4/23.Strategic Decision Modeling Protocol.pdf,6,1,1,,Leadership_Unity,• leadership_unity: 0.5 + 0.8 = 1.0 (clamped to max 1.0),CLA-23-N-00012,PDFIUM-CLA-23-N-00012,준수,준수,1 => 1,1 => 1,1:1,True,False,same_observation_same_result_not_promoted,GLOBAL_ARITHMETIC_RATE_WITHHELD,pending
CLA-23,runs/raw_logs/Claude_Opus_4/23.Strategic Decision Modeling Protocol.pdf,6,1,1,,Tension,• tension: 0.5 + 0.3 + 0.45 = 1.0 (clamped to max 1.0),CLA-23-N-00005,PDFIUM-CLA-23-N-00005,준수,준수,1 => 1,1 => 1,1:1,True,False,same_observation_same_result_not_promoted,GLOBAL_ARITHMETIC_RATE_WITHHELD,pending
CLA-23,runs/raw_logs/Claude_Opus_4/23.Strategic Decision Modeling Protocol.pdf,6,1,2,,Diplomatic_Support,• diplomatic_support: 0.5 - 0.05 = 0.45,CLA-23-N-00022,PDFIUM-CLA-23-N-00022,준수,준수,0.45 => 0.45,0.45 => 0.45,1:1,True,False,same_observation_same_result_not_promoted,GLOBAL_ARITHMETIC_RATE_WITHHELD,pending
CLA-23,runs/raw_logs/Claude_Opus_4/23.Strategic Decision Modeling Protocol.pdf,6,1,2,,Leadership_Unity,• leadership_unity: 0.5 - 0.10 + 0.65 = 1.0 (clamped to max 1.0),CLA-23-N-00028,PDFIUM-CLA-23-N-00028,준수,준수,1 => 1,1 => 1,1:1,True,False,same_observation_same_result_not_promoted,GLOBAL_ARITHMETIC_RATE_WITHHELD,pending
CLA-23,runs/raw_logs/Claude_Opus_4/23.Strategic Decision Modeling Protocol.pdf,6,1,2,,Public_Opinion,• public_opinion: 0.5 - 0.05 = 0.45,CLA-23-N-00025,PDFIUM-CLA-23-N-00025,준수,준수,0.45 => 0.45,0.45 => 0.45,1:1,True,False,same_observation_same_result_not_promoted,GLOBAL_ARITHMETIC_RATE_WITHHELD,pending
CLA-23,runs/raw_logs/Claude_Opus_4/23.Strategic Decision Modeling Protocol.pdf,6,1,2,,Tension,• tension: 0.5 + 0.15 + 0.45 = 1.0 (clamped to max 1.0),CLA-23-N-00019,PDFIUM-CLA-23-N-00019,준수,준수,1 => 1,1 => 1,1:1,True,False,same_observation_same_result_not_promoted,GLOBAL_ARITHMETIC_RATE_WITHHELD,pending
CLA-23,runs/raw_logs/Claude_Opus_4/23.Strategic Decision Modeling Protocol.pdf,7,1,3,,Diplomatic_Support,• diplomatic_support: 0.5 + 0.10 = 0.60,CLA-23-N-00036,PDFIUM-CLA-23-N-00036,준수,준수,0.6 => 0.6,0.6 => 0.6,1:1,True,False,same_observation_same_result_not_promoted,GLOBAL_ARITHMETIC_RATE_WITHHELD,pending
CLA-23,runs/raw_logs/Claude_Opus_4/23.Strategic Decision Modeling Protocol.pdf,7,1,3,,Leadership_Unity,• leadership_unity: 0.5 + 0.05 = 0.55,CLA-23-N-00042,PDFIUM-CLA-23-N-00042,준수,준수,0.55 => 0.55,0.55 => 0.55,1:1,True,False,same_observation_same_result_not_promoted,GLOBAL_ARITHMETIC_RATE_WITHHELD,pending
CLA-23,runs/raw_logs/Claude_Opus_4/23.Strategic Decision Modeling Protocol.pdf,7,1,3,,Public_Opinion,• public_opinion: 0.5 + 0.05 + 0.55 = 1.0 (clamped to max 1.0),CLA-23-N-00039,PDFIUM-CLA-23-N-00039,준수,준수,1 => 1,1 => 1,1:1,True,False,same_observation_same_result_not_promoted,GLOBAL_ARITHMETIC_RATE_WITHHELD,pending
CLA-23,runs/raw_logs/Claude_Opus_4/23.Strategic Decision Modeling Protocol.pdf,7,1,3,,Tension,• tension: 0.5 - 0.05 = 0.45,CLA-23-N-00033,PDFIUM-CLA-23-N-00033,준수,준수,0.45 => 0.45,0.45 => 0.45,1:1,True,False,same_observation_same_result_not_promoted,GLOBAL_ARITHMETIC_RATE_WITHHELD,pending
CLA-24,runs/raw_logs/Claude_Opus_4/24. Strategic Decision Modeling Protocol.pdf,15,2,Combination 1,,Diplomatic_Support,• diplomatic_support: 1.0 (0.80 + 0.10 + 0.10 = 1.0),CLA-24-N-00106,PDFIUM-CLA-24-N-00106,준수,준수,1 => 1,1 => 1,1:1,True,False,same_observation_same_result_not_promoted,GLOBAL_ARITHMETIC_RATE_WITHHELD,pending
CLA-24,runs/raw_logs/Claude_Opus_4/24. Strategic Decision Modeling Protocol.pdf,15,2,Combination 1,,Leadership_Unity,• leadership_unity: 0.71 (0.61 + 0.05 + 0.05 = 0.71),CLA-24-N-00112,PDFIUM-CLA-24-N-00112,준수,준수,0.71 => 0.71,0.71 => 0.71,1:1,True,False,same_observation_same_result_not_promoted,GLOBAL_ARITHMETIC_RATE_WITHHELD,pending
CLA-24,runs/raw_logs/Claude_Opus_4/24. Strategic Decision Modeling Protocol.pdf,15,2,Combination 1,,Public_Opinion,• public_opinion: 0.75 (0.65 + 0.05 + 0.05 = 0.75),CLA-24-N-00109,PDFIUM-CLA-24-N-00109,준수,준수,0.75 => 0.75,0.75 => 0.75,1:1,True,False,same_observation_same_result_not_promoted,GLOBAL_ARITHMETIC_RATE_WITHHELD,pending
CLA-24,runs/raw_logs/Claude_Opus_4/24. Strategic Decision Modeling Protocol.pdf,15,2,Combination 1,,Tension,"• tension: 0.60 (0.75 - 0.05 - 0.05 = 0.65, further reduced by mutual diplomacy)",CLA-24-N-00103,PDFIUM-CLA-24-N-00103,판정 불가,판정 불가,"0.60 (0.75 - 0.05 - 0.05 = 0.65, further reduced by mutual diplomacy) => ","0.60 (0.75 - 0.05 - 0.05 = 0.65, further reduced by mutual diplomacy) => ",1:1,True,False,same_observation_same_result_not_promoted,GLOBAL_ARITHMETIC_RATE_WITHHELD,pending
CLA-24,runs/raw_logs/Claude_Opus_4/24. Strategic Decision Modeling Protocol.pdf,15,2,Combination 2,,Diplomatic_Support,• diplomatic_support: 0.63 (0.65 - 0.02 = 0.63),CLA-24-N-00122,PDFIUM-CLA-24-N-00122,준수,준수,0.63 => 0.63,0.63 => 0.63,1:1,True,False,same_observation_same_result_not_promoted,GLOBAL_ARITHMETIC_RATE_WITHHELD,pending
CLA-24,runs/raw_logs/Claude_Opus_4/24. Strategic Decision Modeling Protocol.pdf,15,2,Combination 2,,Leadership_Unity,• leadership_unity: 0.39 (0.39 - 0.05 + 0.05 = 0.39),CLA-24-N-00128,PDFIUM-CLA-24-N-00128,준수,준수,0.39 => 0.39,0.39 => 0.39,1:1,True,False,same_observation_same_result_not_promoted,GLOBAL_ARITHMETIC_RATE_WITHHELD,pending
CLA-24,runs/raw_logs/Claude_Opus_4/24. Strategic Decision Modeling Protocol.pdf,15,2,Combination 2,,Public_Opinion,• public_opinion: 0.53 (0.55 - 0.02 = 0.53),CLA-24-N-00125,PDFIUM-CLA-24-N-00125,준수,준수,0.53 => 0.53,0.53 => 0.53,1:1,True,False,same_observation_same_result_not_promoted,GLOBAL_ARITHMETIC_RATE_WITHHELD,pending
CLA-24,runs/raw_logs/Claude_Opus_4/24. Strategic Decision Modeling Protocol.pdf,16,2,Combination 3,,Diplomatic_Support,• diplomatic_support: 0.44 (0.48 - 0.02 - 0.02 = 0.44),CLA-24-N-00138,PDFIUM-CLA-24-N-00138,준수,준수,0.44 => 0.44,0.44 => 0.44,1:1,True,False,same_observation_same_result_not_promoted,GLOBAL_ARITHMETIC_RATE_WITHHELD,pending
CLA-24,runs/raw_logs/Claude_Opus_4/24. Strategic Decision Modeling Protocol.pdf,16,2,Combination 3,,Leadership_Unity,• leadership_unity: 0.70 (0.75 - 0.05 = 0.70),CLA-24-N-00144,PDFIUM-CLA-24-N-00144,준수,준수,0.7 => 0.7,0.7 => 0.7,1:1,True,False,same_observation_same_result_not_promoted,GLOBAL_ARITHMETIC_RATE_WITHHELD,pending
CLA-24,runs/raw_logs/Claude_Opus_4/24. Strategic Decision Modeling Protocol.pdf,16,2,Combination 3,,Public_Opinion,• public_opinion: 0.63 (0.65 - 0.02 = 0.63),CLA-24-N-00141,PDFIUM-CLA-24-N-00141,준수,준수,0.63 => 0.63,0.63 => 0.63,1:1,True,False,same_observation_same_result_not_promoted,GLOBAL_ARITHMETIC_RATE_WITHHELD,pending
CLA-24,runs/raw_logs/Claude_Opus_4/24. Strategic Decision Modeling Protocol.pdf,16,2,Combination 3,,Tension,• tension: 1.0 (0.90 + 0.05 + 0.05 = 1.0),CLA-24-N-00135,PDFIUM-CLA-24-N-00135,준수,준수,1 => 1,1 => 1,1:1,True,False,same_observation_same_result_not_promoted,GLOBAL_ARITHMETIC_RATE_WITHHELD,pending
CLA-24,runs/raw_logs/Claude_Opus_4/24. Strategic Decision Modeling Protocol.pdf,22,3,Combination 1,,Leadership_Unity,• leadership_unity: 0.71 (0.71 - 0.05 + 0.05 = 0.71),CLA-24-N-00184,PDFIUM-CLA-24-N-00184,준수,준수,0.71 => 0.71,0.71 => 0.71,1:1,True,False,same_observation_same_result_not_promoted,GLOBAL_ARITHMETIC_RATE_WITHHELD,pending
CLA-24,runs/raw_logs/Claude_Opus_4/24. Strategic Decision Modeling Protocol.pdf,22,3,Combination 1,,Public_Opinion,• public_opinion: 0.75 (0.75 - 0.10 + 0.05 = 0.70),CLA-24-N-00181,PDFIUM-CLA-24-N-00181,위반,위반,0.75 => 0.7,0.75 => 0.7,1:1,True,False,same_observation_same_result_not_promoted,GLOBAL_ARITHMETIC_RATE_WITHHELD,pending
CLA-24,runs/raw_logs/Claude_Opus_4/24. Strategic Decision Modeling Protocol.pdf,22,3,Combination 1,,Tension,• tension: 0.60 (0.60 + 0.15 - 0.05 - 0.05 = 0.65),CLA-24-N-00176,PDFIUM-CLA-24-N-00176,위반,위반,0.6 => 0.65,0.6 => 0.65,1:1,True,False,same_observation_same_result_not_promoted,GLOBAL_ARITHMETIC_RATE_WITHHELD,pending
CLA-24,runs/raw_logs/Claude_Opus_4/24. Strategic Decision Modeling Protocol.pdf,22,3,Combination 2,,Diplomatic_Support,• diplomatic_support: 0.48 (0.63 - 0.05 - 0.10 = 0.48),CLA-24-N-00192,PDFIUM-CLA-24-N-00192,준수,준수,0.48 => 0.48,0.48 => 0.48,1:1,True,False,same_observation_same_result_not_promoted,GLOBAL_ARITHMETIC_RATE_WITHHELD,pending
CLA-24,runs/raw_logs/Claude_Opus_4/24. Strategic Decision Modeling Protocol.pdf,22,3,Combination 2,,Leadership_Unity,• leadership_unity: 0.19 (0.39 - 0.10 - 0.10 = 0.19),CLA-24-N-00198,PDFIUM-CLA-24-N-00198,준수,준수,0.19 => 0.19,0.19 => 0.19,1:1,True,False,same_observation_same_result_not_promoted,GLOBAL_ARITHMETIC_RATE_WITHHELD,pending
CLA-24,runs/raw_logs/Claude_Opus_4/24. Strategic Decision Modeling Protocol.pdf,22,3,Combination 2,,Public_Opinion,• public_opinion: 0.38 (0.53 - 0.05 - 0.10 = 0.38),CLA-24-N-00195,PDFIUM-CLA-24-N-00195,준수,준수,0.38 => 0.38,0.38 => 0.38,1:1,True,False,same_observation_same_result_not_promoted,GLOBAL_ARITHMETIC_RATE_WITHHELD,pending
CLA-24,runs/raw_logs/Claude_Opus_4/24. Strategic Decision Modeling Protocol.pdf,23,3,Combination 3,,Diplomatic_Support,• diplomatic_support: 0.37 (0.44 - 0.05 - 0.02 = 0.37),CLA-24-N-00204,PDFIUM-CLA-24-N-00204,준수,준수,0.37 => 0.37,0.37 => 0.37,1:1,True,False,same_observation_same_result_not_promoted,GLOBAL_ARITHMETIC_RATE_WITHHELD,pending
CLA-24,runs/raw_logs/Claude_Opus_4/24. Strategic Decision Modeling Protocol.pdf,23,3,Combination 3,,Leadership_Unity,• leadership_unity: 0.65 (0.70 - 0.05 = 0.65),CLA-24-N-00210,PDFIUM-CLA-24-N-00210,준수,준수,0.65 => 0.65,0.65 => 0.65,1:1,True,False,same_observation_same_result_not_promoted,GLOBAL_ARITHMETIC_RATE_WITHHELD,pending
CLA-24,runs/raw_logs/Claude_Opus_4/24. Strategic Decision Modeling Protocol.pdf,23,3,Combination 3,,Public_Opinion,• public_opinion: 0.63 (0.63 + 0.05 - 0.05 = 0.63),CLA-24-N-00207,PDFIUM-CLA-24-N-00207,준수,준수,0.63 => 0.63,0.63 => 0.63,1:1,True,False,same_observation_same_result_not_promoted,GLOBAL_ARITHMETIC_RATE_WITHHELD,pending
CLA-24,runs/raw_logs/Claude_Opus_4/24. Strategic Decision Modeling Protocol.pdf,28,4,Combination 1,,Leadership_Unity,• leadership_unity: 0.81 (0.71 + 0.05 + 0.05 = 0.81),CLA-24-N-00252,PDFIUM-CLA-24-N-00252,준수,준수,0.81 => 0.81,0.81 => 0.81,1:1,True,False,same_observation_same_result_not_promoted,GLOBAL_ARITHMETIC_RATE_WITHHELD,pending
CLA-24,runs/raw_logs/Claude_Opus_4/24. Strategic Decision Modeling Protocol.pdf,28,4,Combination 1,,Public_Opinion,• public_opinion: 0.80 (0.70 + 0.05 + 0.05 = 0.80),CLA-24-N-00249,PDFIUM-CLA-24-N-00249,준수,준수,0.8 => 0.8,0.8 => 0.8,1:1,True,False,same_observation_same_result_not_promoted,GLOBAL_ARITHMETIC_RATE_WITHHELD,pending
CLA-24,runs/raw_logs/Claude_Opus_4/24. Strategic Decision Modeling Protocol.pdf,28,4,Combination 1,,Tension,• tension: 0.65 (0.65 + 0.10 - 0.05 - 0.05 = 0.65),CLA-24-N-00244,PDFIUM-CLA-24-N-00244,준수,준수,0.65 => 0.65,0.65 => 0.65,1:1,True,False,same_observation_same_result_not_promoted,GLOBAL_ARITHMETIC_RATE_WITHHELD,pending
CLA-24,runs/raw_logs/Claude_Opus_4/24. Strategic Decision Modeling Protocol.pdf,29,4,Combination 2,,Diplomatic_Support,• diplomatic_support: 0.33 (0.48 - 0.05 - 0.10 = 0.33),CLA-24-N-00258,PDFIUM-CLA-24-N-00258,준수,준수,0.33 => 0.33,0.33 => 0.33,1:1,True,False,same_observation_same_result_not_promoted,GLOBAL_ARITHMETIC_RATE_WITHHELD,pending
CLA-24,runs/raw_logs/Claude_Opus_4/24. Strategic Decision Modeling Protocol.pdf,29,4,Combination 2,,Leadership_Unity,• leadership_unity: 0.19 (0.19 + 0.10 - 0.10 = 0.19),CLA-24-N-00264,PDFIUM-CLA-24-N-00264,준수,준수,0.19 => 0.19,0.19 => 0.19,1:1,True,False,same_observation_same_result_not_promoted,GLOBAL_ARITHMETIC_RATE_WITHHELD,pending
CLA-24,runs/raw_logs/Claude_Opus_4/24. Strategic Decision Modeling Protocol.pdf,29,4,Combination 2,,Public_Opinion,• public_opinion: 0.18 (0.38 - 0.10 - 0.10 = 0.18),CLA-24-N-00261,PDFIUM-CLA-24-N-00261,준수,준수,0.18 => 0.18,0.18 => 0.18,1:1,True,False,same_observation_same_result_not_promoted,GLOBAL_ARITHMETIC_RATE_WITHHELD,pending
CLA-24,runs/raw_logs/Claude_Opus_4/24. Strategic Decision Modeling Protocol.pdf,29,4,Combination 3,,Diplomatic_Support,• diplomatic_support: 0.40 (0.37 - 0.02 + 0.05 = 0.40),CLA-24-N-00270,PDFIUM-CLA-24-N-00270,준수,준수,0.4 => 0.4,0.4 => 0.4,1:1,True,False,same_observation_same_result_not_promoted,GLOBAL_ARITHMETIC_RATE_WITHHELD,pending
CLA-24,runs/raw_logs/Claude_Opus_4/24. Strategic Decision Modeling Protocol.pdf,29,4,Combination 3,,Leadership_Unity,• leadership_unity: 0.70 (0.65 + 0.0 + 0.05 = 0.70),CLA-24-N-00276,PDFIUM-CLA-24-N-00276,준수,준수,0.7 => 0.7,0.7 => 0.7,1:1,True,False,same_observation_same_result_not_promoted,GLOBAL_ARITHMETIC_RATE_WITHHELD,pending
CLA-24,runs/raw_logs/Claude_Opus_4/24. Strategic Decision Modeling Protocol.pdf,29,4,Combination 3,,Public_Opinion,• public_opinion: 0.73 (0.63 + 0.05 + 0.05 = 0.73),CLA-24-N-00273,PDFIUM-CLA-24-N-00273,준수,준수,0.73 => 0.73,0.73 => 0.73,1:1,True,False,same_observation_same_result_not_promoted,GLOBAL_ARITHMETIC_RATE_WITHHELD,pending
CLA-24,runs/raw_logs/Claude_Opus_4/24. Strategic Decision Modeling Protocol.pdf,29,4,Combination 3,,Tension,"• tension: 1.0 (1.0 + 0.05 - 0.05 = 1.0, clamped)",CLA-24-N-00267,PDFIUM-CLA-24-N-00267,준수,준수,1 => 1,1 => 1,1:1,True,False,same_observation_same_result_not_promoted,GLOBAL_ARITHMETIC_RATE_WITHHELD,pending
CLA-24,runs/raw_logs/Claude_Opus_4/24. Strategic Decision Modeling Protocol.pdf,7,1,Combination 1,,Diplomatic_Support,• diplomatic_support: 0.80 (0.7 + 0.0 + 0.10 = 0.80),CLA-24-N-00020,PDFIUM-CLA-24-N-00020,준수,준수,0.8 => 0.8,0.8 => 0.8,1:1,True,False,same_observation_same_result_not_promoted,GLOBAL_ARITHMETIC_RATE_WITHHELD,pending
CLA-24,runs/raw_logs/Claude_Opus_4/24. Strategic Decision Modeling Protocol.pdf,7,1,Combination 1,,Leadership_Unity,• leadership_unity: 0.61 (0.7 * 0.8 + 0.05 = 0.56 + 0.05 = 0.61),CLA-24-N-00029,PDFIUM-CLA-24-N-00029,준수,준수,0.61 => 0.61,0.61 => 0.61,1:1,True,False,same_observation_same_result_not_promoted,GLOBAL_ARITHMETIC_RATE_WITHHELD,pending
CLA-24,runs/raw_logs/Claude_Opus_4/24. Strategic Decision Modeling Protocol.pdf,7,1,Combination 1,,Leadership_Unity,"• leadership_unity: 0.85 (0.7 * 0.8 + 0.05 = 0.61 + 0.05 = 0.66, but military_alert multiplies by 0.8, so 0.7 * 0.8 = 0.56 + 0.05 = 0.61)",,PDFIUM-CLA-24-N-00026,,위반,,0.85 => 0.61,candidate_only,,False,unresolved_different_or_unmatched_no_forced_link,GLOBAL_ARITHMETIC_RATE_WITHHELD,pending
CLA-24,runs/raw_logs/Claude_Opus_4/24. Strategic Decision Modeling Protocol.pdf,7,1,Combination 1,,Leadership_Unity,"• leadership_unity: 0.85 (0.7 * 0.8 + 0.05 = 0.61 + 0.05 = 0.66, but military_alert multiplies by 0.8, so 0.7 * 0.8 = 0.56 + 0.05 = 0.61) | 정정 원문: p.7 Correction for leadership_unity ... leadership_unity: 0.61 (0.7 × 0.8 + 0.05 = 0.56 + 0.05 = 0.61)",CLA-24-N-00026,,판정 불가,,0.85 => 0.61,,old_only,,False,unresolved_different_or_unmatched_no_forced_link,GLOBAL_ARITHMETIC_RATE_WITHHELD,pending
CLA-24,runs/raw_logs/Claude_Opus_4/24. Strategic Decision Modeling Protocol.pdf,7,1,Combination 1,,Public_Opinion,• public_opinion: 0.65 (0.6 + 0.0 + 0.05 = 0.65),CLA-24-N-00023,PDFIUM-CLA-24-N-00023,준수,준수,0.65 => 0.65,0.65 => 0.65,1:1,True,False,same_observation_same_result_not_promoted,GLOBAL_ARITHMETIC_RATE_WITHHELD,pending
CLA-24,runs/raw_logs/Claude_Opus_4/24. Strategic Decision Modeling Protocol.pdf,7,1,Combination 1,,Tension,• tension: 0.75 (0.5 + 0.3 - 0.05 = 0.75),CLA-24-N-00017,PDFIUM-CLA-24-N-00017,준수,준수,0.75 => 0.75,0.75 => 0.75,1:1,True,False,same_observation_same_result_not_promoted,GLOBAL_ARITHMETIC_RATE_WITHHELD,pending
CLA-24,runs/raw_logs/Claude_Opus_4/24. Strategic Decision Modeling Protocol.pdf,8,1,Combination 2,,Diplomatic_Support,• diplomatic_support: 0.65 (0.7 - 0.05 + 0.0 = 0.65),CLA-24-N-00043,PDFIUM-CLA-24-N-00043,준수,준수,0.65 => 0.65,0.65 => 0.65,1:1,True,False,same_observation_same_result_not_promoted,GLOBAL_ARITHMETIC_RATE_WITHHELD,pending
CLA-24,runs/raw_logs/Claude_Opus_4/24. Strategic Decision Modeling Protocol.pdf,8,1,Combination 2,,Leadership_Unity,"• leadership_unity: 0.46 (0.7 - 0.10 = 0.6, then * 0.65 = 0.39, but applying sequentially: 0.7 - 0.10 = 0.6, then Soviet military_alert multiplies existing by 0.65, so 0.6 * 0.65 = 0.39)",CLA-24-N-00049,PDFIUM-CLA-24-N-00049,판정 불가,판정 불가,"0.46 (0.7 - 0.10 = 0.6, then * 0.65 = 0.39, but applying sequentially: 0.7 - 0.10 = 0.6, then Soviet military_alert multiplies existing by 0.65, so 0.6 * 0.65 = 0.39) => ","0.46 (0.7 - 0.10 = 0.6, then * 0.65 = 0.39, but applying sequentially: 0.7 - 0.10 = 0.6, then Soviet military_alert multiplies existing by 0.65, so 0.6 * 0.65 = 0.39) => ",1:1,True,False,same_observation_same_result_not_promoted,GLOBAL_ARITHMETIC_RATE_WITHHELD,pending
CLA-24,runs/raw_logs/Claude_Opus_4/24. Strategic Decision Modeling Protocol.pdf,8,1,Combination 2,,Public_Opinion,• public_opinion: 0.55 (0.6 - 0.05 + 0.0 = 0.55),CLA-24-N-00046,PDFIUM-CLA-24-N-00046,준수,준수,0.55 => 0.55,0.55 => 0.55,1:1,True,False,same_observation_same_result_not_promoted,GLOBAL_ARITHMETIC_RATE_WITHHELD,pending
CLA-24,runs/raw_logs/Claude_Opus_4/24. Strategic Decision Modeling Protocol.pdf,8,1,Combination 2,,Tension,"• tension: 1.0 (0.5 + 0.15 + 0.45 = 1.10, clamped to 1.0)",CLA-24-N-00040,PDFIUM-CLA-24-N-00040,준수,준수,1 => 1,1 => 1,1:1,True,False,same_observation_same_result_not_promoted,GLOBAL_ARITHMETIC_RATE_WITHHELD,pending
CLA-24,runs/raw_logs/Claude_Opus_4/24. Strategic Decision Modeling Protocol.pdf,9,1,Combination 3,,Diplomatic_Support,"• diplomatic_support: 0.48 (0.7 + 0.10 = 0.8, then * 0.6 = 0.48)",CLA-24-N-00062,PDFIUM-CLA-24-N-00062,준수,준수,0.48 => 0.48,0.48 => 0.48,1:1,True,False,same_observation_same_result_not_promoted,GLOBAL_ARITHMETIC_RATE_WITHHELD,pending
CLA-24,runs/raw_logs/Claude_Opus_4/24. Strategic Decision Modeling Protocol.pdf,9,1,Combination 3,,Leadership_Unity,• leadership_unity: 0.75 (0.7 + 0.05 + 0.0 = 0.75),CLA-24-N-00068,PDFIUM-CLA-24-N-00068,준수,준수,0.75 => 0.75,0.75 => 0.75,1:1,True,False,same_observation_same_result_not_promoted,GLOBAL_ARITHMETIC_RATE_WITHHELD,pending
CLA-24,runs/raw_logs/Claude_Opus_4/24. Strategic Decision Modeling Protocol.pdf,9,1,Combination 3,,Public_Opinion,• public_opinion: 0.65 (0.6 + 0.05 + 0.0 = 0.65),CLA-24-N-00065,PDFIUM-CLA-24-N-00065,준수,준수,0.65 => 0.65,0.65 => 0.65,1:1,True,False,same_observation_same_result_not_promoted,GLOBAL_ARITHMETIC_RATE_WITHHELD,pending
CLA-24,runs/raw_logs/Claude_Opus_4/24. Strategic Decision Modeling Protocol.pdf,9,1,Combination 3,,Tension,• tension: 0.90 (0.5 - 0.05 + 0.45 = 0.90),CLA-24-N-00059,PDFIUM-CLA-24-N-00059,준수,준수,0.9 => 0.9,0.9 => 0.9,1:1,True,False,same_observation_same_result_not_promoted,GLOBAL_ARITHMETIC_RATE_WITHHELD,pending
CLA-26,runs/raw_logs/Claude_Opus_4/26. Strategic Decision Modeling Protocol.pdf,16,1,Combination 1,,Diplomatic_Support,• Diplomatic_Support: -0.05 +0.10 = +0.05 → 1.0 (clamped to maximum),CLA-26-N-00056,PDFIUM-CLA-26-N-00056,준수,준수,0.05 => 0.05,0.05 => 0.05,1:1,True,False,same_observation_same_result_not_promoted,GLOBAL_ARITHMETIC_RATE_WITHHELD,pending
CLA-26,runs/raw_logs/Claude_Opus_4/26. Strategic Decision Modeling Protocol.pdf,16,1,Combination 1,,Leadership_Unity,• Leadership_Unity: -0.10 +0.05 = -0.05 → 0.90,CLA-26-N-00058,PDFIUM-CLA-26-N-00058,준수,준수,-0.05 => -0.05,-0.05 => -0.05,1:1,True,False,same_observation_same_result_not_promoted,GLOBAL_ARITHMETIC_RATE_WITHHELD,pending
CLA-26,runs/raw_logs/Claude_Opus_4/26. Strategic Decision Modeling Protocol.pdf,16,1,Combination 1,,Public_Opinion,• Public_Opinion: -0.05 +0.05 = 0 → 0.48,CLA-26-N-00057,PDFIUM-CLA-26-N-00057,준수,준수,0 => 0,0 => 0,1:1,True,False,same_observation_same_result_not_promoted,GLOBAL_ARITHMETIC_RATE_WITHHELD,pending
CLA-26,runs/raw_logs/Claude_Opus_4/26. Strategic Decision Modeling Protocol.pdf,16,1,Combination 1,,Tension,• Tension: +0.15 -0.05 = +0.10 → 1.0 (already at maximum),CLA-26-N-00055,PDFIUM-CLA-26-N-00055,준수,준수,0.1 => 0.1,0.1 => 0.1,1:1,True,False,same_observation_same_result_not_promoted,GLOBAL_ARITHMETIC_RATE_WITHHELD,pending
CLA-26,runs/raw_logs/Claude_Opus_4/26. Strategic Decision Modeling Protocol.pdf,28,1,Combination 3,,Leadership_Unity,• Leadership_Unity: -0.05 +0.05 → 0.85 (unchanged),CLA-26-N-00066,PDFIUM-CLA-26-N-00066,판정 불가,판정 불가,-0.05 +0.05 → 0.85 (unchanged) => ,-0.05 +0.05 → 0.85 (unchanged) => ,1:1,True,False,same_observation_same_result_not_promoted,GLOBAL_ARITHMETIC_RATE_WITHHELD,pending
CLA-26,runs/raw_logs/Claude_Opus_4/26. Strategic Decision Modeling Protocol.pdf,28,1,Combination 3,,Tension,• Tension: +0.05 -0.05 → 1.0 (unchanged at maximum),CLA-26-N-00065,PDFIUM-CLA-26-N-00065,판정 불가,판정 불가,+0.05 -0.05 → 1.0 (unchanged at maximum) => ,+0.05 -0.05 → 1.0 (unchanged at maximum) => ,1:1,True,False,same_observation_same_result_not_promoted,GLOBAL_ARITHMETIC_RATE_WITHHELD,pending
CLA-26,runs/raw_logs/Claude_Opus_4/26. Strategic Decision Modeling Protocol.pdf,6,1,Combination 1,,Diplomatic_Support,• diplomatic_support: 0.5 + 0.65 + 0.60 = 1.0 (clamped to maximum 1.0),CLA-26-N-00010,PDFIUM-CLA-26-N-00010,준수,준수,1 => 1,1 => 1,1:1,True,False,same_observation_same_result_not_promoted,GLOBAL_ARITHMETIC_RATE_WITHHELD,pending
CLA-26,runs/raw_logs/Claude_Opus_4/26. Strategic Decision Modeling Protocol.pdf,6,1,Combination 1,,Leadership_Unity,• leadership_unity: 0.5 + 0.80 = 1.0 (clamped to maximum 1.0),CLA-26-N-00015,PDFIUM-CLA-26-N-00015,준수,준수,1 => 1,1 => 1,1:1,True,False,same_observation_same_result_not_promoted,GLOBAL_ARITHMETIC_RATE_WITHHELD,pending
CLA-26,runs/raw_logs/Claude_Opus_4/26. Strategic Decision Modeling Protocol.pdf,6,1,Combination 1,,Tension,• tension: 0.5 + 0.30 + 0.45 = 1.0 (clamped to maximum 1.0),CLA-26-N-00007,PDFIUM-CLA-26-N-00007,준수,준수,1 => 1,1 => 1,1:1,True,False,same_observation_same_result_not_promoted,GLOBAL_ARITHMETIC_RATE_WITHHELD,pending
CLA-26,runs/raw_logs/Claude_Opus_4/26. Strategic Decision Modeling Protocol.pdf,7,1,Combination 2,,Diplomatic_Support,• diplomatic_support: 0.5 + 0.60 = 1.0 (clamped to maximum 1.0),CLA-26-N-00024,PDFIUM-CLA-26-N-00024,준수,준수,1 => 1,1 => 1,1:1,True,False,same_observation_same_result_not_promoted,GLOBAL_ARITHMETIC_RATE_WITHHELD,pending
CLA-26,runs/raw_logs/Claude_Opus_4/26. Strategic Decision Modeling Protocol.pdf,7,1,Combination 2,,Public_Opinion,• public_opinion: 0.5 + 0.55 = 1.0 (clamped to maximum 1.0),CLA-26-N-00027,PDFIUM-CLA-26-N-00027,준수,준수,1 => 1,1 => 1,1:1,True,False,same_observation_same_result_not_promoted,GLOBAL_ARITHMETIC_RATE_WITHHELD,pending
CLA-26,runs/raw_logs/Claude_Opus_4/26. Strategic Decision Modeling Protocol.pdf,7,1,Combination 2,,Tension,• tension: 0.5 + 0.45 = 0.95,CLA-26-N-00021,PDFIUM-CLA-26-N-00021,준수,준수,0.95 => 0.95,0.95 => 0.95,1:1,True,False,same_observation_same_result_not_promoted,GLOBAL_ARITHMETIC_RATE_WITHHELD,pending
CLA-26,runs/raw_logs/Claude_Opus_4/26. Strategic Decision Modeling Protocol.pdf,8,1,Combination 3,,Leadership_Unity,• leadership_unity: 0.5 + 0.80 + 0.65 = 1.0 (clamped to maximum 1.0),CLA-26-N-00043,PDFIUM-CLA-26-N-00043,준수,준수,1 => 1,1 => 1,1:1,True,False,same_observation_same_result_not_promoted,GLOBAL_ARITHMETIC_RATE_WITHHELD,pending
CLA-26,runs/raw_logs/Claude_Opus_4/26. Strategic Decision Modeling Protocol.pdf,8,1,Combination 3,,Tension,• tension: 0.5 + 0.30 + 0.45 = 1.0 (clamped to maximum 1.0),CLA-26-N-00036,PDFIUM-CLA-26-N-00036,준수,준수,1 => 1,1 => 1,1:1,True,False,same_observation_same_result_not_promoted,GLOBAL_ARITHMETIC_RATE_WITHHELD,pending
CLA-27,runs/raw_logs/Claude_Opus_4/27. Strategic Decision Modeling Protocol.pdf,20,3,S,,Diplomatic_Support,• diplomatic_support: 0.51 (0.53 - 0.02),CLA-27-N-00123,PDFIUM-CLA-27-N-00123,준수,준수,0.51 => 0.51,0.51 => 0.51,1:1,True,False,same_observation_same_result_not_promoted,GLOBAL_ARITHMETIC_RATE_WITHHELD,pending
CLA-27,runs/raw_logs/Claude_Opus_4/27. Strategic Decision Modeling Protocol.pdf,20,3,S,,Leadership_Unity,• leadership_unity: 0.50 (0.55 - 0.05),CLA-27-N-00129,PDFIUM-CLA-27-N-00129,준수,준수,0.5 => 0.5,0.5 => 0.5,1:1,True,False,same_observation_same_result_not_promoted,GLOBAL_ARITHMETIC_RATE_WITHHELD,pending
CLA-27,runs/raw_logs/Claude_Opus_4/27. Strategic Decision Modeling Protocol.pdf,20,3,S,,Public_Opinion,• public_opinion: 0.56 (0.58 - 0.02),CLA-27-N-00126,PDFIUM-CLA-27-N-00126,준수,준수,0.56 => 0.56,0.56 => 0.56,1:1,True,False,same_observation_same_result_not_promoted,GLOBAL_ARITHMETIC_RATE_WITHHELD,pending
CLA-27,runs/raw_logs/Claude_Opus_4/27. Strategic Decision Modeling Protocol.pdf,20,3,S,,Tension,• tension: 1.0 (0.95 + 0.05 = 1.0),CLA-27-N-00120,PDFIUM-CLA-27-N-00120,준수,준수,1 => 1,1 => 1,1:1,True,False,same_observation_same_result_not_promoted,GLOBAL_ARITHMETIC_RATE_WITHHELD,pending
CLA-27,runs/raw_logs/Claude_Opus_4/27. Strategic Decision Modeling Protocol.pdf,26,4,S,,Diplomatic_Support,• diplomatic_support: 0.60 (0.5 + 0.10),CLA-27-N-00161,PDFIUM-CLA-27-N-00161,준수,준수,0.6 => 0.6,0.6 => 0.6,1:1,True,False,same_observation_same_result_not_promoted,GLOBAL_ARITHMETIC_RATE_WITHHELD,pending
CLA-27,runs/raw_logs/Claude_Opus_4/27. Strategic Decision Modeling Protocol.pdf,26,4,S,,Diplomatic_Support,• diplomatic_support: 0.80 (0.70 + 0.10),CLA-27-N-00176,PDFIUM-CLA-27-N-00176,준수,준수,0.8 => 0.8,0.8 => 0.8,1:1,True,False,same_observation_same_result_not_promoted,GLOBAL_ARITHMETIC_RATE_WITHHELD,pending
CLA-27,runs/raw_logs/Claude_Opus_4/27. Strategic Decision Modeling Protocol.pdf,26,4,S,,Leadership_Unity,• leadership_unity: 0.65 (0.60 + 0.05),CLA-27-N-00182,PDFIUM-CLA-27-N-00182,준수,준수,0.65 => 0.65,0.65 => 0.65,1:1,True,False,same_observation_same_result_not_promoted,GLOBAL_ARITHMETIC_RATE_WITHHELD,pending
CLA-27,runs/raw_logs/Claude_Opus_4/27. Strategic Decision Modeling Protocol.pdf,26,4,S,,Leadership_Unity,• leadership_unity: 0.70 (0.65 + 0.05),CLA-27-N-00167,PDFIUM-CLA-27-N-00167,준수,준수,0.7 => 0.7,0.7 => 0.7,1:1,True,False,same_observation_same_result_not_promoted,GLOBAL_ARITHMETIC_RATE_WITHHELD,pending
CLA-27,runs/raw_logs/Claude_Opus_4/27. Strategic Decision Modeling Protocol.pdf,26,4,S,,Public_Opinion,• public_opinion: 0.55 (0.5 + 0.05),CLA-27-N-00164,PDFIUM-CLA-27-N-00164,준수,준수,0.55 => 0.55,0.55 => 0.55,1:1,True,False,same_observation_same_result_not_promoted,GLOBAL_ARITHMETIC_RATE_WITHHELD,pending
CLA-27,runs/raw_logs/Claude_Opus_4/27. Strategic Decision Modeling Protocol.pdf,26,4,S,,Public_Opinion,• public_opinion: 0.65 (0.60 + 0.05),CLA-27-N-00179,PDFIUM-CLA-27-N-00179,준수,준수,0.65 => 0.65,0.65 => 0.65,1:1,True,False,same_observation_same_result_not_promoted,GLOBAL_ARITHMETIC_RATE_WITHHELD,pending
CLA-27,runs/raw_logs/Claude_Opus_4/27. Strategic Decision Modeling Protocol.pdf,26,4,S,,Tension,• tension: 0.35 (0.40 - 0.05),CLA-27-N-00173,PDFIUM-CLA-27-N-00173,준수,준수,0.35 => 0.35,0.35 => 0.35,1:1,True,False,same_observation_same_result_not_promoted,GLOBAL_ARITHMETIC_RATE_WITHHELD,pending
CLA-27,runs/raw_logs/Claude_Opus_4/27. Strategic Decision Modeling Protocol.pdf,26,4,S,,Tension,• tension: 0.95 (1.0 - 0.05),CLA-27-N-00158,PDFIUM-CLA-27-N-00158,준수,준수,0.95 => 0.95,0.95 => 0.95,1:1,True,False,same_observation_same_result_not_promoted,GLOBAL_ARITHMETIC_RATE_WITHHELD,pending
CLA-27,runs/raw_logs/Claude_Opus_4/27. Strategic Decision Modeling Protocol.pdf,27,4,S,,Diplomatic_Support,• diplomatic_support: 0.56 (0.51 + 0.05),CLA-27-N-00191,PDFIUM-CLA-27-N-00191,준수,준수,0.56 => 0.56,0.56 => 0.56,1:1,True,False,same_observation_same_result_not_promoted,GLOBAL_ARITHMETIC_RATE_WITHHELD,pending
CLA-27,runs/raw_logs/Claude_Opus_4/27. Strategic Decision Modeling Protocol.pdf,27,4,S,,Leadership_Unity,• leadership_unity: 0.60 (0.50 + 0.10),CLA-27-N-00197,PDFIUM-CLA-27-N-00197,준수,준수,0.6 => 0.6,0.6 => 0.6,1:1,True,False,same_observation_same_result_not_promoted,GLOBAL_ARITHMETIC_RATE_WITHHELD,pending
CLA-27,runs/raw_logs/Claude_Opus_4/27. Strategic Decision Modeling Protocol.pdf,27,4,S,,Public_Opinion,• public_opinion: 0.66 (0.56 + 0.10),CLA-27-N-00194,PDFIUM-CLA-27-N-00194,준수,준수,0.66 => 0.66,0.66 => 0.66,1:1,True,False,same_observation_same_result_not_promoted,GLOBAL_ARITHMETIC_RATE_WITHHELD,pending
CLA-27,runs/raw_logs/Claude_Opus_4/27. Strategic Decision Modeling Protocol.pdf,27,4,S,,Tension,• tension: 0.95 (1.0 - 0.05),CLA-27-N-00188,PDFIUM-CLA-27-N-00188,준수,준수,0.95 => 0.95,0.95 => 0.95,1:1,True,False,same_observation_same_result_not_promoted,GLOBAL_ARITHMETIC_RATE_WITHHELD,pending
CLA-27,runs/raw_logs/Claude_Opus_4/27. Strategic Decision Modeling Protocol.pdf,6,1,Most Plausible Path,,Leadership_Unity,"• leadership_unity: 1.0 (0.5 + 0.8 + 0.65 = 1.95, clamped to 1.0)",CLA-27-N-00008,PDFIUM-CLA-27-N-00008,준수,준수,1 => 1,1 => 1,1:1,True,False,same_observation_same_result_not_promoted,GLOBAL_ARITHMETIC_RATE_WITHHELD,pending
CLA-27,runs/raw_logs/Claude_Opus_4/27. Strategic Decision Modeling Protocol.pdf,6,1,Most Plausible Path,,Tension,"• tension: 1.0 (0.5 + 0.3 + 0.45 = 1.25, clamped to 1.0)",CLA-27-N-00001,PDFIUM-CLA-27-N-00001,준수,준수,1 => 1,1 => 1,1:1,True,False,same_observation_same_result_not_promoted,GLOBAL_ARITHMETIC_RATE_WITHHELD,pending
CLA-27,runs/raw_logs/Claude_Opus_4/27. Strategic Decision Modeling Protocol.pdf,7,1,Alternative Path 1,,Diplomatic_Support,• diplomatic_support: 0.60 (0.5 + 0.10),CLA-27-N-00014,PDFIUM-CLA-27-N-00014,준수,준수,0.6 => 0.6,0.6 => 0.6,1:1,True,False,same_observation_same_result_not_promoted,GLOBAL_ARITHMETIC_RATE_WITHHELD,pending
CLA-27,runs/raw_logs/Claude_Opus_4/27. Strategic Decision Modeling Protocol.pdf,7,1,Alternative Path 1,,Leadership_Unity,• leadership_unity: 0.55 (0.5 + 0.05),CLA-27-N-00020,PDFIUM-CLA-27-N-00020,준수,준수,0.55 => 0.55,0.55 => 0.55,1:1,True,False,same_observation_same_result_not_promoted,GLOBAL_ARITHMETIC_RATE_WITHHELD,pending
CLA-27,runs/raw_logs/Claude_Opus_4/27. Strategic Decision Modeling Protocol.pdf,7,1,Alternative Path 1,,Public_Opinion,• public_opinion: 0.55 (0.5 + 0.05),CLA-27-N-00017,PDFIUM-CLA-27-N-00017,준수,준수,0.55 => 0.55,0.55 => 0.55,1:1,True,False,same_observation_same_result_not_promoted,GLOBAL_ARITHMETIC_RATE_WITHHELD,pending
CLA-27,runs/raw_logs/Claude_Opus_4/27. Strategic Decision Modeling Protocol.pdf,7,1,Alternative Path 1,,Tension,• tension: 0.45 (0.5 - 0.05),CLA-27-N-00011,PDFIUM-CLA-27-N-00011,준수,준수,0.45 => 0.45,0.45 => 0.45,1:1,True,False,same_observation_same_result_not_promoted,GLOBAL_ARITHMETIC_RATE_WITHHELD,pending
CLA-27,runs/raw_logs/Claude_Opus_4/27. Strategic Decision Modeling Protocol.pdf,8,1,Alternative Path 2,,Diplomatic_Support,• diplomatic_support: 0.48 (0.5 - 0.02),CLA-27-N-00026,PDFIUM-CLA-27-N-00026,준수,준수,0.48 => 0.48,0.48 => 0.48,1:1,True,False,same_observation_same_result_not_promoted,GLOBAL_ARITHMETIC_RATE_WITHHELD,pending
CLA-27,runs/raw_logs/Claude_Opus_4/27. Strategic Decision Modeling Protocol.pdf,8,1,Alternative Path 2,,Leadership_Unity,• leadership_unity: 0.45 (0.5 - 0.05),CLA-27-N-00032,PDFIUM-CLA-27-N-00032,준수,준수,0.45 => 0.45,0.45 => 0.45,1:1,True,False,same_observation_same_result_not_promoted,GLOBAL_ARITHMETIC_RATE_WITHHELD,pending
CLA-27,runs/raw_logs/Claude_Opus_4/27. Strategic Decision Modeling Protocol.pdf,8,1,Alternative Path 2,,Public_Opinion,• public_opinion: 0.48 (0.5 - 0.02),CLA-27-N-00029,PDFIUM-CLA-27-N-00029,준수,준수,0.48 => 0.48,0.48 => 0.48,1:1,True,False,same_observation_same_result_not_promoted,GLOBAL_ARITHMETIC_RATE_WITHHELD,pending
CLA-27,runs/raw_logs/Claude_Opus_4/27. Strategic Decision Modeling Protocol.pdf,8,1,Alternative Path 2,,Tension,• tension: 1.0 (0.5 + 0.05 + 0.45 = 1.0),CLA-27-N-00023,PDFIUM-CLA-27-N-00023,준수,준수,1 => 1,1 => 1,1:1,True,False,same_observation_same_result_not_promoted,GLOBAL_ARITHMETIC_RATE_WITHHELD,pending
CLA-28,runs/raw_logs/Claude_Opus_4/28. Strategic Decision Modeling Protocol.pdf,14,2,S FOR TURN 2,Soviet Union,Diplomatic_Support,• diplomatic_support: 0.50 - 0.02 = 0.48,CLA-28-N-00070,PDFIUM-CLA-28-N-00070,준수,준수,0.48 => 0.48,0.48 => 0.48,1:1,True,False,same_observation_same_result_not_promoted,GLOBAL_ARITHMETIC_RATE_WITHHELD,pending
CLA-28,runs/raw_logs/Claude_Opus_4/28. Strategic Decision Modeling Protocol.pdf,14,2,S FOR TURN 2,Soviet Union,Public_Opinion,• public_opinion: 0.50 - 0.02 = 0.48,CLA-28-N-00071,PDFIUM-CLA-28-N-00071,준수,준수,0.48 => 0.48,0.48 => 0.48,1:1,True,False,same_observation_same_result_not_promoted,GLOBAL_ARITHMETIC_RATE_WITHHELD,pending
CLA-28,runs/raw_logs/Claude_Opus_4/28. Strategic Decision Modeling Protocol.pdf,14,2,S FOR TURN 2,Soviet Union,Tension,• tension: 0.75 + 0.10 = 0.85,CLA-28-N-00069,PDFIUM-CLA-28-N-00069,준수,준수,0.85 => 0.85,0.85 => 0.85,1:1,True,False,same_observation_same_result_not_promoted,GLOBAL_ARITHMETIC_RATE_WITHHELD,pending
CLA-28,runs/raw_logs/Claude_Opus_4/28. Strategic Decision Modeling Protocol.pdf,15,2,S FOR TURN 2,Soviet Union,Diplomatic_Support,• diplomatic_support: 0.48 - 0.05 = 0.43,CLA-28-N-00091,PDFIUM-CLA-28-N-00091,준수,준수,0.43 => 0.43,0.43 => 0.43,1:1,True,False,same_observation_same_result_not_promoted,GLOBAL_ARITHMETIC_RATE_WITHHELD,pending
CLA-28,runs/raw_logs/Claude_Opus_4/28. Strategic Decision Modeling Protocol.pdf,15,2,S FOR TURN 2,Soviet Union,Diplomatic_Support,• diplomatic_support: 0.70 + 0.20 = 0.90,CLA-28-N-00079,PDFIUM-CLA-28-N-00079,준수,준수,0.9 => 0.9,0.9 => 0.9,1:1,True,False,same_observation_same_result_not_promoted,GLOBAL_ARITHMETIC_RATE_WITHHELD,pending
CLA-28,runs/raw_logs/Claude_Opus_4/28. Strategic Decision Modeling Protocol.pdf,15,2,S FOR TURN 2,Soviet Union,Leadership_Unity,• leadership_unity: 0.60 + 0.10 = 0.70,CLA-28-N-00081,PDFIUM-CLA-28-N-00081,준수,준수,0.7 => 0.7,0.7 => 0.7,1:1,True,False,same_observation_same_result_not_promoted,GLOBAL_ARITHMETIC_RATE_WITHHELD,pending
CLA-28,runs/raw_logs/Claude_Opus_4/28. Strategic Decision Modeling Protocol.pdf,15,2,S FOR TURN 2,Soviet Union,Public_Opinion,• public_opinion: 0.48 - 0.05 = 0.43,CLA-28-N-00092,PDFIUM-CLA-28-N-00092,준수,준수,0.43 => 0.43,0.43 => 0.43,1:1,True,False,same_observation_same_result_not_promoted,GLOBAL_ARITHMETIC_RATE_WITHHELD,pending
CLA-28,runs/raw_logs/Claude_Opus_4/28. Strategic Decision Modeling Protocol.pdf,15,2,S FOR TURN 2,Soviet Union,Public_Opinion,• public_opinion: 0.60 + 0.10 = 0.70,CLA-28-N-00080,PDFIUM-CLA-28-N-00080,준수,준수,0.7 => 0.7,0.7 => 0.7,1:1,True,False,same_observation_same_result_not_promoted,GLOBAL_ARITHMETIC_RATE_WITHHELD,pending
CLA-28,runs/raw_logs/Claude_Opus_4/28. Strategic Decision Modeling Protocol.pdf,15,2,S FOR TURN 2,Soviet Union,Tension,• tension: 0.00 - 0.10 = 0.00 (clamped at 0),CLA-28-N-00078,PDFIUM-CLA-28-N-00078,준수,준수,0 => 0,0 => 0,1:1,True,False,same_observation_same_result_not_promoted,GLOBAL_ARITHMETIC_RATE_WITHHELD,pending
CLA-28,runs/raw_logs/Claude_Opus_4/28. Strategic Decision Modeling Protocol.pdf,15,2,S FOR TURN 2,Soviet Union,Tension,• tension: 0.60 + 0.60 = 1.00 (clamped at 1.0),CLA-28-N-00090,PDFIUM-CLA-28-N-00090,준수,준수,1 => 1,1 => 1,1:1,True,False,same_observation_same_result_not_promoted,GLOBAL_ARITHMETIC_RATE_WITHHELD,pending
CLA-28,runs/raw_logs/Claude_Opus_4/28. Strategic Decision Modeling Protocol.pdf,22,3,S FOR TURN 3,Soviet Union,Diplomatic_Support,• diplomatic_support: 0.48 - 0.05 - 0.05 - 0.10 = 0.28,CLA-28-N-00122,PDFIUM-CLA-28-N-00122,준수,준수,0.28 => 0.28,0.28 => 0.28,1:1,True,False,same_observation_same_result_not_promoted,GLOBAL_ARITHMETIC_RATE_WITHHELD,pending
CLA-28,runs/raw_logs/Claude_Opus_4/28. Strategic Decision Modeling Protocol.pdf,22,3,S FOR TURN 3,Soviet Union,Diplomatic_Support,• diplomatic_support: 0.90 - 0.05 + 0.20 = 1.00 (clamped),CLA-28-N-00133,PDFIUM-CLA-28-N-00133,준수,준수,1 => 1,1 => 1,1:1,True,False,same_observation_same_result_not_promoted,GLOBAL_ARITHMETIC_RATE_WITHHELD,pending
CLA-28,runs/raw_logs/Claude_Opus_4/28. Strategic Decision Modeling Protocol.pdf,22,3,S FOR TURN 3,Soviet Union,Public_Opinion,• public_opinion: 0.48 - 0.05 - 0.05 = 0.38,CLA-28-N-00123,PDFIUM-CLA-28-N-00123,준수,준수,0.38 => 0.38,0.38 => 0.38,1:1,True,False,same_observation_same_result_not_promoted,GLOBAL_ARITHMETIC_RATE_WITHHELD,pending
CLA-28,runs/raw_logs/Claude_Opus_4/28. Strategic Decision Modeling Protocol.pdf,22,3,S FOR TURN 3,Soviet Union,Tension,• tension: 0.00 + 0.10 - 0.10 = 0.00,CLA-28-N-00132,PDFIUM-CLA-28-N-00132,준수,준수,0 => 0,0 => 0,1:1,True,False,same_observation_same_result_not_promoted,GLOBAL_ARITHMETIC_RATE_WITHHELD,pending
CLA-28,runs/raw_logs/Claude_Opus_4/28. Strategic Decision Modeling Protocol.pdf,22,3,S FOR TURN 3,Soviet Union,Tension,• tension: 0.85 + 0.15 + 0.15 + 0.05 = 1.00 (clamped),CLA-28-N-00121,PDFIUM-CLA-28-N-00121,준수,준수,1 => 1,1 => 1,1:1,True,False,same_observation_same_result_not_promoted,GLOBAL_ARITHMETIC_RATE_WITHHELD,pending
CLA-28,runs/raw_logs/Claude_Opus_4/28. Strategic Decision Modeling Protocol.pdf,23,3,S FOR TURN 3,Soviet Union,Diplomatic_Support,• diplomatic_support: 0.43 - 0.05 - 0.05 = 0.33,CLA-28-N-00144,PDFIUM-CLA-28-N-00144,준수,준수,0.33 => 0.33,0.33 => 0.33,1:1,True,False,same_observation_same_result_not_promoted,GLOBAL_ARITHMETIC_RATE_WITHHELD,pending
CLA-28,runs/raw_logs/Claude_Opus_4/28. Strategic Decision Modeling Protocol.pdf,23,3,S FOR TURN 3,Soviet Union,Leadership_Unity,• leadership_unity: 0.70 - 0.05 + 0.10 = 0.75,CLA-28-N-00135,PDFIUM-CLA-28-N-00135,준수,준수,0.75 => 0.75,0.75 => 0.75,1:1,True,False,same_observation_same_result_not_promoted,GLOBAL_ARITHMETIC_RATE_WITHHELD,pending
CLA-28,runs/raw_logs/Claude_Opus_4/28. Strategic Decision Modeling Protocol.pdf,23,3,S FOR TURN 3,Soviet Union,Public_Opinion,• public_opinion: 0.43 - 0.05 - 0.05 = 0.33,CLA-28-N-00145,PDFIUM-CLA-28-N-00145,준수,준수,0.33 => 0.33,0.33 => 0.33,1:1,True,False,same_observation_same_result_not_promoted,GLOBAL_ARITHMETIC_RATE_WITHHELD,pending
CLA-28,runs/raw_logs/Claude_Opus_4/28. Strategic Decision Modeling Protocol.pdf,23,3,S FOR TURN 3,Soviet Union,Public_Opinion,• public_opinion: 0.70 - 0.05 + 0.10 = 0.75,CLA-28-N-00134,PDFIUM-CLA-28-N-00134,준수,준수,0.75 => 0.75,0.75 => 0.75,1:1,True,False,same_observation_same_result_not_promoted,GLOBAL_ARITHMETIC_RATE_WITHHELD,pending
CLA-28,runs/raw_logs/Claude_Opus_4/28. Strategic Decision Modeling Protocol.pdf,30,4,S FOR TURN 4,Soviet Union,Diplomatic_Support,• diplomatic_support: 0.28 - 0.02 + 0.05 + 0.10 + 0.10 = 0.51,CLA-28-N-00174,PDFIUM-CLA-28-N-00174,준수,준수,0.51 => 0.51,0.51 => 0.51,1:1,True,False,same_observation_same_result_not_promoted,GLOBAL_ARITHMETIC_RATE_WITHHELD,pending
CLA-28,runs/raw_logs/Claude_Opus_4/28. Strategic Decision Modeling Protocol.pdf,30,4,S FOR TURN 4,Soviet Union,Public_Opinion,• public_opinion: 0.38 - 0.02 + 0.05 + 0.05 = 0.46,CLA-28-N-00175,PDFIUM-CLA-28-N-00175,준수,준수,0.46 => 0.46,0.46 => 0.46,1:1,True,False,same_observation_same_result_not_promoted,GLOBAL_ARITHMETIC_RATE_WITHHELD,pending
CLA-28,runs/raw_logs/Claude_Opus_4/28. Strategic Decision Modeling Protocol.pdf,30,4,S FOR TURN 4,Soviet Union,Tension,• tension: 1.00 - 0.05 - 0.05 - 0.10 = 0.80,CLA-28-N-00173,PDFIUM-CLA-28-N-00173,준수,준수,0.8 => 0.8,0.8 => 0.8,1:1,True,False,same_observation_same_result_not_promoted,GLOBAL_ARITHMETIC_RATE_WITHHELD,pending
CLA-28,runs/raw_logs/Claude_Opus_4/28. Strategic Decision Modeling Protocol.pdf,31,4,S FOR TURN 4,Soviet Union,Diplomatic_Support,• diplomatic_support: 0.33 - 0.20 = 0.13,CLA-28-N-00196,PDFIUM-CLA-28-N-00196,준수,준수,0.13 => 0.13,0.13 => 0.13,1:1,True,False,same_observation_same_result_not_promoted,GLOBAL_ARITHMETIC_RATE_WITHHELD,pending
CLA-28,runs/raw_logs/Claude_Opus_4/28. Strategic Decision Modeling Protocol.pdf,31,4,S FOR TURN 4,Soviet Union,Diplomatic_Support,• diplomatic_support: 1.00 + 0.05 + 0.20 = 1.00 (clamped),CLA-28-N-00185,PDFIUM-CLA-28-N-00185,준수,준수,1 => 1,1 => 1,1:1,True,False,same_observation_same_result_not_promoted,GLOBAL_ARITHMETIC_RATE_WITHHELD,pending
CLA-28,runs/raw_logs/Claude_Opus_4/28. Strategic Decision Modeling Protocol.pdf,31,4,S FOR TURN 4,Soviet Union,Leadership_Unity,• leadership_unity: 0.75 - 0.02 + 0.20 = 0.93,CLA-28-N-00187,PDFIUM-CLA-28-N-00187,준수,준수,0.93 => 0.93,0.93 => 0.93,1:1,True,False,same_observation_same_result_not_promoted,GLOBAL_ARITHMETIC_RATE_WITHHELD,pending
CLA-28,runs/raw_logs/Claude_Opus_4/28. Strategic Decision Modeling Protocol.pdf,31,4,S FOR TURN 4,Soviet Union,Public_Opinion,• public_opinion: 0.33 - 0.10 - 0.20 = 0.03,CLA-28-N-00197,PDFIUM-CLA-28-N-00197,준수,준수,0.03 => 0.03,0.03 => 0.03,1:1,True,False,same_observation_same_result_not_promoted,GLOBAL_ARITHMETIC_RATE_WITHHELD,pending
CLA-28,runs/raw_logs/Claude_Opus_4/28. Strategic Decision Modeling Protocol.pdf,31,4,S FOR TURN 4,Soviet Union,Public_Opinion,• public_opinion: 0.75 + 0.05 + 0.20 = 1.00 (clamped),CLA-28-N-00186,PDFIUM-CLA-28-N-00186,준수,준수,1 => 1,1 => 1,1:1,True,False,same_observation_same_result_not_promoted,GLOBAL_ARITHMETIC_RATE_WITHHELD,pending
CLA-28,runs/raw_logs/Claude_Opus_4/28. Strategic Decision Modeling Protocol.pdf,31,4,S FOR TURN 4,Soviet Union,Tension,• tension: 0.00 + 0.02 - 0.20 = 0.00 (remains at 0),CLA-28-N-00184,PDFIUM-CLA-28-N-00184,준수,준수,0 => 0,0 => 0,1:1,True,False,same_observation_same_result_not_promoted,GLOBAL_ARITHMETIC_RATE_WITHHELD,pending
CLA-28,runs/raw_logs/Claude_Opus_4/28. Strategic Decision Modeling Protocol.pdf,7,1,ALTERNATIVE PATH 1,,Diplomatic_Support,• diplomatic_support: 0.70 (0.5 + 0.20),CLA-28-N-00024,PDFIUM-CLA-28-N-00024,준수,준수,0.7 => 0.7,0.7 => 0.7,1:1,True,False,same_observation_same_result_not_promoted,GLOBAL_ARITHMETIC_RATE_WITHHELD,pending
CLA-28,runs/raw_logs/Claude_Opus_4/28. Strategic Decision Modeling Protocol.pdf,7,1,ALTERNATIVE PATH 1,,Leadership_Unity,• leadership_unity: 0.60 (0.5 + 0.10),CLA-28-N-00030,PDFIUM-CLA-28-N-00030,준수,준수,0.6 => 0.6,0.6 => 0.6,1:1,True,False,same_observation_same_result_not_promoted,GLOBAL_ARITHMETIC_RATE_WITHHELD,pending
CLA-28,runs/raw_logs/Claude_Opus_4/28. Strategic Decision Modeling Protocol.pdf,7,1,ALTERNATIVE PATH 1,,Public_Opinion,• public_opinion: 0.60 (0.5 + 0.10),CLA-28-N-00027,PDFIUM-CLA-28-N-00027,준수,준수,0.6 => 0.6,0.6 => 0.6,1:1,True,False,same_observation_same_result_not_promoted,GLOBAL_ARITHMETIC_RATE_WITHHELD,pending
CLA-28,runs/raw_logs/Claude_Opus_4/28. Strategic Decision Modeling Protocol.pdf,7,1,ALTERNATIVE PATH 1,,Tension,"• tension: 0.0 (baseline 0.1 - 0.10 = 0.0, clamped at minimum)",CLA-28-N-00021,PDFIUM-CLA-28-N-00021,준수,준수,0 => 0,0 => 0,1:1,True,False,same_observation_same_result_not_promoted,GLOBAL_ARITHMETIC_RATE_WITHHELD,pending
CLA-28,runs/raw_logs/Claude_Opus_4/28. Strategic Decision Modeling Protocol.pdf,8,1,ALTERNATIVE PATH 2,,Diplomatic_Support,• diplomatic_support: 0.48 (0.5 - 0.02),CLA-28-N-00043,PDFIUM-CLA-28-N-00043,준수,준수,0.48 => 0.48,0.48 => 0.48,1:1,True,False,same_observation_same_result_not_promoted,GLOBAL_ARITHMETIC_RATE_WITHHELD,pending
CLA-28,runs/raw_logs/Claude_Opus_4/28. Strategic Decision Modeling Protocol.pdf,8,1,ALTERNATIVE PATH 2,,Public_Opinion,• public_opinion: 0.48 (0.5 - 0.02),CLA-28-N-00046,PDFIUM-CLA-28-N-00046,준수,준수,0.48 => 0.48,0.48 => 0.48,1:1,True,False,same_observation_same_result_not_promoted,GLOBAL_ARITHMETIC_RATE_WITHHELD,pending
CLA-29,runs/raw_logs/Claude_Opus_4/29. Strategic Decision Modeling Protocol.pdf,10,1,MEASURED CONFRONTATION,,Tension,• tension: 0.85 (0.90 - 0.05),CLA-29-N-00049,PDFIUM-CLA-29-N-00049,준수,준수,0.85 => 0.85,0.85 => 0.85,1:1,True,False,same_observation_same_result_not_promoted,GLOBAL_ARITHMETIC_RATE_WITHHELD,pending
CLA-29,runs/raw_logs/Claude_Opus_4/29. Strategic Decision Modeling Protocol.pdf,12,1,MILITARY ESCALATION PATH,,Diplomatic_Support,• diplomatic_support: 0.48 (0.50 - 0.02),CLA-29-N-00071,PDFIUM-CLA-29-N-00071,준수,준수,0.48 => 0.48,0.48 => 0.48,1:1,True,False,same_observation_same_result_not_promoted,GLOBAL_ARITHMETIC_RATE_WITHHELD,pending
CLA-29,runs/raw_logs/Claude_Opus_4/29. Strategic Decision Modeling Protocol.pdf,12,1,MILITARY ESCALATION PATH,,Leadership_Unity,• leadership_unity: 0.95 (1.0 - 0.05),CLA-29-N-00077,PDFIUM-CLA-29-N-00077,준수,준수,0.95 => 0.95,0.95 => 0.95,1:1,True,False,same_observation_same_result_not_promoted,GLOBAL_ARITHMETIC_RATE_WITHHELD,pending
CLA-29,runs/raw_logs/Claude_Opus_4/29. Strategic Decision Modeling Protocol.pdf,12,1,MILITARY ESCALATION PATH,,Public_Opinion,• public_opinion: 0.98 (1.0 - 0.02),CLA-29-N-00074,PDFIUM-CLA-29-N-00074,준수,준수,0.98 => 0.98,0.98 => 0.98,1:1,True,False,same_observation_same_result_not_promoted,GLOBAL_ARITHMETIC_RATE_WITHHELD,pending
CLA-29,runs/raw_logs/Claude_Opus_4/29. Strategic Decision Modeling Protocol.pdf,12,1,MILITARY ESCALATION PATH,,Tension,• tension: 0.80 (0.75 + 0.05),CLA-29-N-00068,PDFIUM-CLA-29-N-00068,준수,준수,0.8 => 0.8,0.8 => 0.8,1:1,True,False,same_observation_same_result_not_promoted,GLOBAL_ARITHMETIC_RATE_WITHHELD,pending
CLA-29,runs/raw_logs/Claude_Opus_4/29. Strategic Decision Modeling Protocol.pdf,14,1,DIPLOMATIC DELAY PATH,,Tension,"• tension: 1.0 (0.95 + 0.10, clamped at max)",CLA-29-N-00090,PDFIUM-CLA-29-N-00090,준수,준수,1 => 1,1 => 1,1:1,True,False,same_observation_same_result_not_promoted,GLOBAL_ARITHMETIC_RATE_WITHHELD,pending
CLA-29,runs/raw_logs/Claude_Opus_4/29. Strategic Decision Modeling Protocol.pdf,17,1,MEASURED CONFRONTATION,,Leadership_Unity,• leadership_unity: 0.90 (1.0 - 0.10),CLA-29-N-00115,PDFIUM-CLA-29-N-00115,준수,준수,0.9 => 0.9,0.9 => 0.9,1:1,True,False,same_observation_same_result_not_promoted,GLOBAL_ARITHMETIC_RATE_WITHHELD,pending
CLA-29,runs/raw_logs/Claude_Opus_4/29. Strategic Decision Modeling Protocol.pdf,17,1,MEASURED CONFRONTATION,,Public_Opinion,• public_opinion: 0.95 (1.0 - 0.05),CLA-29-N-00112,PDFIUM-CLA-29-N-00112,준수,준수,0.95 => 0.95,0.95 => 0.95,1:1,True,False,same_observation_same_result_not_promoted,GLOBAL_ARITHMETIC_RATE_WITHHELD,pending
CLA-29,runs/raw_logs/Claude_Opus_4/29. Strategic Decision Modeling Protocol.pdf,17,1,MEASURED CONFRONTATION,,Tension,• tension: 0.95 (0.85 + 0.10),CLA-29-N-00107,PDFIUM-CLA-29-N-00107,준수,준수,0.95 => 0.95,0.95 => 0.95,1:1,True,False,same_observation_same_result_not_promoted,GLOBAL_ARITHMETIC_RATE_WITHHELD,pending
CLA-29,runs/raw_logs/Claude_Opus_4/29. Strategic Decision Modeling Protocol.pdf,18,1,MILITARY ESCALATION PATH,,Diplomatic_Support,• diplomatic_support: 0.43 (0.48 - 0.05),CLA-29-N-00131,PDFIUM-CLA-29-N-00131,준수,준수,0.43 => 0.43,0.43 => 0.43,1:1,True,False,same_observation_same_result_not_promoted,GLOBAL_ARITHMETIC_RATE_WITHHELD,pending
CLA-29,runs/raw_logs/Claude_Opus_4/29. Strategic Decision Modeling Protocol.pdf,18,1,MILITARY ESCALATION PATH,,Tension,• tension: 0.90 (0.80 + 0.10),CLA-29-N-00128,PDFIUM-CLA-29-N-00128,준수,준수,0.9 => 0.9,0.9 => 0.9,1:1,True,False,same_observation_same_result_not_promoted,GLOBAL_ARITHMETIC_RATE_WITHHELD,pending
CLA-29,runs/raw_logs/Claude_Opus_4/29. Strategic Decision Modeling Protocol.pdf,19,1,MILITARY ESCALATION PATH,,Leadership_Unity,• leadership_unity: 0.85 (0.95 - 0.10),CLA-29-N-00137,PDFIUM-CLA-29-N-00137,준수,준수,0.85 => 0.85,0.85 => 0.85,1:1,True,False,same_observation_same_result_not_promoted,GLOBAL_ARITHMETIC_RATE_WITHHELD,pending
CLA-29,runs/raw_logs/Claude_Opus_4/29. Strategic Decision Modeling Protocol.pdf,19,1,MILITARY ESCALATION PATH,,Public_Opinion,• public_opinion: 0.93 (0.98 - 0.05),CLA-29-N-00134,PDFIUM-CLA-29-N-00134,준수,준수,0.93 => 0.93,0.93 => 0.93,1:1,True,False,same_observation_same_result_not_promoted,GLOBAL_ARITHMETIC_RATE_WITHHELD,pending
CLA-29,runs/raw_logs/Claude_Opus_4/29. Strategic Decision Modeling Protocol.pdf,20,1,DIPLOMATIC DELAY PATH,,Tension,• tension: 0.95 (1.0 - 0.05),CLA-29-N-00150,PDFIUM-CLA-29-N-00150,준수,준수,0.95 => 0.95,0.95 => 0.95,1:1,True,False,same_observation_same_result_not_promoted,GLOBAL_ARITHMETIC_RATE_WITHHELD,pending
CLA-29,runs/raw_logs/Claude_Opus_4/29. Strategic Decision Modeling Protocol.pdf,23,1,MEASURED CONFRONTATION,,Leadership_Unity,• leadership_unity: 0.95 (0.90 + 0.05),CLA-29-N-00176,PDFIUM-CLA-29-N-00176,준수,준수,0.95 => 0.95,0.95 => 0.95,1:1,True,False,same_observation_same_result_not_promoted,GLOBAL_ARITHMETIC_RATE_WITHHELD,pending
CLA-29,runs/raw_logs/Claude_Opus_4/29. Strategic Decision Modeling Protocol.pdf,23,1,MEASURED CONFRONTATION,,Public_Opinion,"• public_opinion: 1.0 (0.95 + 0.05, clamped to max)",CLA-29-N-00173,PDFIUM-CLA-29-N-00173,준수,준수,1 => 1,1 => 1,1:1,True,False,same_observation_same_result_not_promoted,GLOBAL_ARITHMETIC_RATE_WITHHELD,pending
CLA-29,runs/raw_logs/Claude_Opus_4/29. Strategic Decision Modeling Protocol.pdf,23,1,MEASURED CONFRONTATION,,Tension,• tension: 0.90 (0.95 - 0.05),CLA-29-N-00168,PDFIUM-CLA-29-N-00168,준수,준수,0.9 => 0.9,0.9 => 0.9,1:1,True,False,same_observation_same_result_not_promoted,GLOBAL_ARITHMETIC_RATE_WITHHELD,pending
CLA-29,runs/raw_logs/Claude_Opus_4/29. Strategic Decision Modeling Protocol.pdf,25,1,MILITARY ESCALATION PATH,,Diplomatic_Support,• diplomatic_support: 0.41 (0.43 - 0.02),CLA-29-N-00191,PDFIUM-CLA-29-N-00191,준수,준수,0.41 => 0.41,0.41 => 0.41,1:1,True,False,same_observation_same_result_not_promoted,GLOBAL_ARITHMETIC_RATE_WITHHELD,pending
CLA-29,runs/raw_logs/Claude_Opus_4/29. Strategic Decision Modeling Protocol.pdf,25,1,MILITARY ESCALATION PATH,,Leadership_Unity,• leadership_unity: 0.80 (0.85 - 0.05),CLA-29-N-00197,PDFIUM-CLA-29-N-00197,준수,준수,0.8 => 0.8,0.8 => 0.8,1:1,True,False,same_observation_same_result_not_promoted,GLOBAL_ARITHMETIC_RATE_WITHHELD,pending
CLA-29,runs/raw_logs/Claude_Opus_4/29. Strategic Decision Modeling Protocol.pdf,25,1,MILITARY ESCALATION PATH,,Public_Opinion,• public_opinion: 0.91 (0.93 - 0.02),CLA-29-N-00194,PDFIUM-CLA-29-N-00194,준수,준수,0.91 => 0.91,0.91 => 0.91,1:1,True,False,same_observation_same_result_not_promoted,GLOBAL_ARITHMETIC_RATE_WITHHELD,pending
CLA-29,runs/raw_logs/Claude_Opus_4/29. Strategic Decision Modeling Protocol.pdf,27,1,DIPLOMATIC DELAY PATH,,Tension,• tension: 0.85 (0.95 - 0.10),CLA-29-N-00209,PDFIUM-CLA-29-N-00209,준수,준수,0.85 => 0.85,0.85 => 0.85,1:1,True,False,same_observation_same_result_not_promoted,GLOBAL_ARITHMETIC_RATE_WITHHELD,pending
CLA-29,runs/raw_logs/Claude_Opus_4/29. Strategic Decision Modeling Protocol.pdf,6,1,ALTERNATIVE PATH 1,,Leadership_Unity,"• leadership_unity: 1.0 (0.5 + 0.80 + 0.65, clamped to max 1.0)",CLA-29-N-00023,PDFIUM-CLA-29-N-00023,준수,준수,1 => 1,1 => 1,1:1,True,False,same_observation_same_result_not_promoted,GLOBAL_ARITHMETIC_RATE_WITHHELD,pending
CLA-29,runs/raw_logs/Claude_Opus_4/29. Strategic Decision Modeling Protocol.pdf,6,1,ALTERNATIVE PATH 1,,Public_Opinion,"• public_opinion: 1.0 (0.5 + 0.50, clamped to max 1.0)",CLA-29-N-00020,PDFIUM-CLA-29-N-00020,준수,준수,1 => 1,1 => 1,1:1,True,False,same_observation_same_result_not_promoted,GLOBAL_ARITHMETIC_RATE_WITHHELD,pending
CLA-29,runs/raw_logs/Claude_Opus_4/29. Strategic Decision Modeling Protocol.pdf,6,1,ALTERNATIVE PATH 1,,Tension,"• tension: 0.75 (0.5 + 0.30 + 0.45, total +0.75, results in 1.0 but using lower combined rate)",CLA-29-N-00015,PDFIUM-CLA-29-N-00015,판정 불가,판정 불가,"0.75 (0.5 + 0.30 + 0.45, total +0.75, results in 1.0 but using lower combined rate) => ","0.75 (0.5 + 0.30 + 0.45, total +0.75, results in 1.0 but using lower combined rate) => ",1:1,True,False,same_observation_same_result_not_promoted,GLOBAL_ARITHMETIC_RATE_WITHHELD,pending
CLA-29,runs/raw_logs/Claude_Opus_4/29. Strategic Decision Modeling Protocol.pdf,6,1,PRIMARY PATH,,Diplomatic_Support,"• diplomatic_support: 1.0 (0.5 + 0.60, clamped to max 1.0)",CLA-29-N-00004,PDFIUM-CLA-29-N-00004,준수,준수,1 => 1,1 => 1,1:1,True,False,same_observation_same_result_not_promoted,GLOBAL_ARITHMETIC_RATE_WITHHELD,pending
CLA-29,runs/raw_logs/Claude_Opus_4/29. Strategic Decision Modeling Protocol.pdf,6,1,PRIMARY PATH,,Leadership_Unity,"• leadership_unity: 1.0 (0.5 + 0.65, clamped to max 1.0)",CLA-29-N-00010,PDFIUM-CLA-29-N-00010,준수,준수,1 => 1,1 => 1,1:1,True,False,same_observation_same_result_not_promoted,GLOBAL_ARITHMETIC_RATE_WITHHELD,pending
CLA-29,runs/raw_logs/Claude_Opus_4/29. Strategic Decision Modeling Protocol.pdf,6,1,PRIMARY PATH,,Public_Opinion,"• public_opinion: 1.0 (0.5 + 0.55, clamped to max 1.0)",CLA-29-N-00007,PDFIUM-CLA-29-N-00007,준수,준수,1 => 1,1 => 1,1:1,True,False,same_observation_same_result_not_promoted,GLOBAL_ARITHMETIC_RATE_WITHHELD,pending
CLA-29,runs/raw_logs/Claude_Opus_4/29. Strategic Decision Modeling Protocol.pdf,6,1,PRIMARY PATH,,Tension,"• tension: 0.90 (0.5 + 0.45, clamped to max 1.0 per matrix rules)",CLA-29-N-00001,PDFIUM-CLA-29-N-00001,위반,위반,0.9 => 0.95,0.9 => 0.95,1:1,True,False,same_observation_same_result_not_promoted,GLOBAL_ARITHMETIC_RATE_WITHHELD,pending
CLA-29,runs/raw_logs/Claude_Opus_4/29. Strategic Decision Modeling Protocol.pdf,7,1,ALTERNATIVE PATH 2,,Diplomatic_Support,"• diplomatic_support: 1.0 (0.5 + 0.60, clamped to max 1.0)",CLA-29-N-00031,PDFIUM-CLA-29-N-00031,준수,준수,1 => 1,1 => 1,1:1,True,False,same_observation_same_result_not_promoted,GLOBAL_ARITHMETIC_RATE_WITHHELD,pending
CLA-29,runs/raw_logs/Claude_Opus_4/29. Strategic Decision Modeling Protocol.pdf,7,1,ALTERNATIVE PATH 2,,Leadership_Unity,"• leadership_unity: 1.0 (0.5 + 0.65, clamped to max 1.0)",CLA-29-N-00037,PDFIUM-CLA-29-N-00037,준수,준수,1 => 1,1 => 1,1:1,True,False,same_observation_same_result_not_promoted,GLOBAL_ARITHMETIC_RATE_WITHHELD,pending
CLA-29,runs/raw_logs/Claude_Opus_4/29. Strategic Decision Modeling Protocol.pdf,7,1,ALTERNATIVE PATH 2,,Public_Opinion,"• public_opinion: 1.0 (0.5 + 0.55, clamped to max 1.0)",CLA-29-N-00034,PDFIUM-CLA-29-N-00034,준수,준수,1 => 1,1 => 1,1:1,True,False,same_observation_same_result_not_promoted,GLOBAL_ARITHMETIC_RATE_WITHHELD,pending
CLA-29,runs/raw_logs/Claude_Opus_4/29. Strategic Decision Modeling Protocol.pdf,7,1,ALTERNATIVE PATH 2,,Tension,• tension: 0.95 (0.5 + 0.45),CLA-29-N-00028,PDFIUM-CLA-29-N-00028,준수,준수,0.95 => 0.95,0.95 => 0.95,1:1,True,False,same_observation_same_result_not_promoted,GLOBAL_ARITHMETIC_RATE_WITHHELD,pending
CLA-30,runs/raw_logs/Claude_Opus_4/30. Strategic Decision Modeling Protocol.pdf,6,1,Hardline Response Path],,Diplomatic_Support,• diplomatic_support: 0.45 (0.5 - 0.05),CLA-30-N-00022,PDFIUM-CLA-30-N-00022,준수,준수,0.45 => 0.45,0.45 => 0.45,1:1,True,False,same_observation_same_result_not_promoted,GLOBAL_ARITHMETIC_RATE_WITHHELD,pending
CLA-30,runs/raw_logs/Claude_Opus_4/30. Strategic Decision Modeling Protocol.pdf,6,1,Hardline Response Path],,Tension,"• tension: 1.0 (0.5 + 0.15 + 0.45, capped at 1.0)",CLA-30-N-00019,PDFIUM-CLA-30-N-00019,준수,준수,1 => 1,1 => 1,1:1,True,False,same_observation_same_result_not_promoted,GLOBAL_ARITHMETIC_RATE_WITHHELD,pending
CLA-30,runs/raw_logs/Claude_Opus_4/30. Strategic Decision Modeling Protocol.pdf,6,1,Most Plausible Path],,Tension,• tension: 0.8 (0.5 + 0.3),CLA-30-N-00004,PDFIUM-CLA-30-N-00004,준수,준수,0.8 => 0.8,0.8 => 0.8,1:1,True,False,same_observation_same_result_not_promoted,GLOBAL_ARITHMETIC_RATE_WITHHELD,pending
CLA-30,runs/raw_logs/Claude_Opus_4/30. Strategic Decision Modeling Protocol.pdf,7,1,Diplomatic Resolution,,Diplomatic_Support,• diplomatic_support: 0.48 (0.5 - 0.02),CLA-30-N-00039,PDFIUM-CLA-30-N-00039,준수,준수,0.48 => 0.48,0.48 => 0.48,1:1,True,False,same_observation_same_result_not_promoted,GLOBAL_ARITHMETIC_RATE_WITHHELD,pending
CLA-30,runs/raw_logs/Claude_Opus_4/30. Strategic Decision Modeling Protocol.pdf,7,1,Diplomatic Resolution,,Leadership_Unity,• leadership_unity: 0.45 (0.5 - 0.05),CLA-30-N-00045,PDFIUM-CLA-30-N-00045,준수,준수,0.45 => 0.45,0.45 => 0.45,1:1,True,False,same_observation_same_result_not_promoted,GLOBAL_ARITHMETIC_RATE_WITHHELD,pending
CLA-30,runs/raw_logs/Claude_Opus_4/30. Strategic Decision Modeling Protocol.pdf,7,1,Diplomatic Resolution,,Public_Opinion,"• public_opinion: 0.53 (0.5 + 0.55 - 0.02, averaged)",CLA-30-N-00042,PDFIUM-CLA-30-N-00042,판정 불가,판정 불가,"0.53 (0.5 + 0.55 - 0.02, averaged) => ","0.53 (0.5 + 0.55 - 0.02, averaged) => ",1:1,True,False,same_observation_same_result_not_promoted,GLOBAL_ARITHMETIC_RATE_WITHHELD,pending
CLA-30,runs/raw_logs/Claude_Opus_4/30. Strategic Decision Modeling Protocol.pdf,7,1,Diplomatic Resolution,,Tension,• tension: 0.55 (0.5 + 0.05),CLA-30-N-00036,PDFIUM-CLA-30-N-00036,준수,준수,0.55 => 0.55,0.55 => 0.55,1:1,True,False,same_observation_same_result_not_promoted,GLOBAL_ARITHMETIC_RATE_WITHHELD,pending
CLA-30,runs/raw_logs/Claude_Opus_4/30. Strategic Decision Modeling Protocol.pdf,7,1,Hardline Response Path],,Leadership_Unity,• leadership_unity: 0.55 (0.5 - 0.10 + 0.65/2 averaging both sides),CLA-30-N-00028,PDFIUM-CLA-30-N-00028,판정 불가,판정 불가,0.55 (0.5 - 0.10 + 0.65/2 averaging both sides) => ,0.55 (0.5 - 0.10 + 0.65/2 averaging both sides) => ,1:1,True,False,same_observation_same_result_not_promoted,GLOBAL_ARITHMETIC_RATE_WITHHELD,pending
CLA-30,runs/raw_logs/Claude_Opus_4/30. Strategic Decision Modeling Protocol.pdf,7,1,Hardline Response Path],,Public_Opinion,• public_opinion: 0.45 (0.5 - 0.05),CLA-30-N-00025,PDFIUM-CLA-30-N-00025,준수,준수,0.45 => 0.45,0.45 => 0.45,1:1,True,False,same_observation_same_result_not_promoted,GLOBAL_ARITHMETIC_RATE_WITHHELD,pending
GEM-01,runs/raw_logs/Gemini_2.5_Flash/1.pdf,5,1,Most Plausible Path,Soviet Union,Diplomatic_Support,"명시 기준값: (Assuming starting baseline values of 0.5 for calculation) | 명시 변화량 p.5: Predicted Variable Change: tension [+0.05], diplomatic_support [-0.02], public_opinion [-0.02], | 보고 후상태 p.5: diplomatic_support: 0.48",GEM-01-N-00298,PDFIUM-GEM-01-N-00298,준수,준수,0.48 => 0.48,0.48 => 0.48,1:1,True,False,same_observation_same_result_not_promoted,GLOBAL_ARITHMETIC_RATE_WITHHELD,pending
GEM-01,runs/raw_logs/Gemini_2.5_Flash/1.pdf,5,1,Most Plausible Path,Soviet Union,Leadership_Unity,명시 기준값: (Assuming starting baseline values of 0.5 for calculation) | 명시 변화량 p.5: leadership_unity [-0.05] | 보고 후상태 p.5: leadership_unity: 0.45,GEM-01-N-00300,PDFIUM-GEM-01-N-00300,준수,준수,0.45 => 0.45,0.45 => 0.45,1:1,True,False,same_observation_same_result_not_promoted,GLOBAL_ARITHMETIC_RATE_WITHHELD,pending
GEM-01,runs/raw_logs/Gemini_2.5_Flash/1.pdf,5,1,Most Plausible Path,Soviet Union,Public_Opinion,"명시 기준값: (Assuming starting baseline values of 0.5 for calculation) | 명시 변화량 p.5: Predicted Variable Change: tension [+0.05], diplomatic_support [-0.02], public_opinion [-0.02], | 보고 후상태 p.5: public_opinion: 0.48",GEM-01-N-00299,PDFIUM-GEM-01-N-00299,준수,준수,0.48 => 0.48,0.48 => 0.48,1:1,True,False,same_observation_same_result_not_promoted,GLOBAL_ARITHMETIC_RATE_WITHHELD,pending
GEM-01,runs/raw_logs/Gemini_2.5_Flash/1.pdf,5,1,Most Plausible Path,Soviet Union,Tension,"명시 기준값: (Assuming starting baseline values of 0.5 for calculation) | 명시 변화량 p.5: Predicted Variable Change: tension [+0.05], diplomatic_support [-0.02], public_opinion [-0.02], | 보고 후상태 p.5: tension: 0.55",GEM-01-N-00297,PDFIUM-GEM-01-N-00297,준수,준수,0.55 => 0.55,0.55 => 0.55,1:1,True,False,same_observation_same_result_not_promoted,GLOBAL_ARITHMETIC_RATE_WITHHELD,pending
GEM-01,runs/raw_logs/Gemini_2.5_Flash/1.pdf,5,1,Most Plausible Path,United States,Diplomatic_Support,"명시 기준값: (Assuming starting baseline values of 0.5 for calculation) | 명시 변화량 p.5: Predicted Variable Change: tension [0.00], diplomatic_support [+0.03], public_opinion [+0.08], | 보고 후상태 p.5: diplomatic_support: 0.53",GEM-01-N-00294,PDFIUM-GEM-01-N-00294,준수,준수,0.53 => 0.53,0.53 => 0.53,1:1,True,False,same_observation_same_result_not_promoted,GLOBAL_ARITHMETIC_RATE_WITHHELD,pending
GEM-01,runs/raw_logs/Gemini_2.5_Flash/1.pdf,5,1,Most Plausible Path,United States,Leadership_Unity,명시 기준값: (Assuming starting baseline values of 0.5 for calculation) | 명시 변화량 p.5: leadership_unity [+0.05] | 보고 후상태 p.5: leadership_unity: 0.55,GEM-01-N-00296,PDFIUM-GEM-01-N-00296,준수,준수,0.55 => 0.55,0.55 => 0.55,1:1,True,False,same_observation_same_result_not_promoted,GLOBAL_ARITHMETIC_RATE_WITHHELD,pending
GEM-01,runs/raw_logs/Gemini_2.5_Flash/1.pdf,5,1,Most Plausible Path,United States,Public_Opinion,"명시 기준값: (Assuming starting baseline values of 0.5 for calculation) | 명시 변화량 p.5: Predicted Variable Change: tension [0.00], diplomatic_support [+0.03], public_opinion [+0.08], | 보고 후상태 p.5: public_opinion: 0.58",GEM-01-N-00295,PDFIUM-GEM-01-N-00295,준수,준수,0.58 => 0.58,0.58 => 0.58,1:1,True,False,same_observation_same_result_not_promoted,GLOBAL_ARITHMETIC_RATE_WITHHELD,pending
GEM-01,runs/raw_logs/Gemini_2.5_Flash/1.pdf,5,1,Most Plausible Path,United States,Tension,"명시 기준값: (Assuming starting baseline values of 0.5 for calculation) | 명시 변화량 p.5: Predicted Variable Change: tension [0.00], diplomatic_support [+0.03], public_opinion [+0.08], | 보고 후상태 p.5: tension: 0.50",GEM-01-N-00293,PDFIUM-GEM-01-N-00293,준수,준수,0.5 => 0.5,0.5 => 0.5,1:1,True,False,same_observation_same_result_not_promoted,GLOBAL_ARITHMETIC_RATE_WITHHELD,pending
GEM-01,runs/raw_logs/Gemini_2.5_Flash/1.pdf,6,1,High Escalation Path,Soviet Union,Diplomatic_Support,"명시 기준값: (Assuming starting baseline values of 0.5 for calculation) | 명시 변화량 p.6: Predicted Variable Change: tension [+0.15], diplomatic_support [-0.05], public_opinion [-0.05], | 보고 후상태 p.6: diplomatic_support: 0.45",GEM-01-N-00306,PDFIUM-GEM-01-N-00306,준수,준수,0.45 => 0.45,0.45 => 0.45,1:1,True,False,same_observation_same_result_not_promoted,GLOBAL_ARITHMETIC_RATE_WITHHELD,pending
GEM-01,runs/raw_logs/Gemini_2.5_Flash/1.pdf,6,1,High Escalation Path,Soviet Union,Tension,"명시 기준값: (Assuming starting baseline values of 0.5 for calculation) | 명시 변화량 p.6: Predicted Variable Change: tension [+0.15], diplomatic_support [-0.05], public_opinion [-0.05], | 보고 후상태 p.6: tension: 0.65",GEM-01-N-00305,PDFIUM-GEM-01-N-00305,준수,준수,0.65 => 0.65,0.65 => 0.65,1:1,True,False,same_observation_same_result_not_promoted,GLOBAL_ARITHMETIC_RATE_WITHHELD,pending
GEM-01,runs/raw_logs/Gemini_2.5_Flash/1.pdf,6,1,High Escalation Path,United States,Diplomatic_Support,"명시 기준값: (Assuming starting baseline values of 0.5 for calculation) | 명시 변화량 p.6: Predicted Variable Change: tension [+0.15], diplomatic_support [-0.05], public_opinion [-0.05], | 보고 후상태 p.6: diplomatic_support: 0.45",GEM-01-N-00302,PDFIUM-GEM-01-N-00302,준수,준수,0.45 => 0.45,0.45 => 0.45,1:1,True,False,same_observation_same_result_not_promoted,GLOBAL_ARITHMETIC_RATE_WITHHELD,pending
GEM-01,runs/raw_logs/Gemini_2.5_Flash/1.pdf,6,1,High Escalation Path,United States,Leadership_Unity,명시 기준값: (Assuming starting baseline values of 0.5 for calculation) | 명시 변화량 p.6: leadership_unity [-0.10] | 보고 후상태 p.6: leadership_unity: 0.40,GEM-01-N-00304,PDFIUM-GEM-01-N-00304,준수,준수,0.4 => 0.4,0.4 => 0.4,1:1,True,False,same_observation_same_result_not_promoted,GLOBAL_ARITHMETIC_RATE_WITHHELD,pending
GEM-01,runs/raw_logs/Gemini_2.5_Flash/1.pdf,6,1,High Escalation Path,United States,Public_Opinion,"명시 기준값: (Assuming starting baseline values of 0.5 for calculation) | 명시 변화량 p.6: Predicted Variable Change: tension [+0.15], diplomatic_support [-0.05], public_opinion [-0.05], | 보고 후상태 p.6: public_opinion: 0.45",GEM-01-N-00303,PDFIUM-GEM-01-N-00303,준수,준수,0.45 => 0.45,0.45 => 0.45,1:1,True,False,same_observation_same_result_not_promoted,GLOBAL_ARITHMETIC_RATE_WITHHELD,pending
GEM-01,runs/raw_logs/Gemini_2.5_Flash/1.pdf,6,1,High Escalation Path,United States,Tension,"명시 기준값: (Assuming starting baseline values of 0.5 for calculation) | 명시 변화량 p.6: Predicted Variable Change: tension [+0.15], diplomatic_support [-0.05], public_opinion [-0.05], | 보고 후상태 p.6: tension: 0.65",GEM-01-N-00301,PDFIUM-GEM-01-N-00301,준수,준수,0.65 => 0.65,0.65 => 0.65,1:1,True,False,same_observation_same_result_not_promoted,GLOBAL_ARITHMETIC_RATE_WITHHELD,pending
GEM-01,runs/raw_logs/Gemini_2.5_Flash/1.pdf,7,1,De-escalation Path,United States,Diplomatic_Support,"명시 기준값: (Assuming starting baseline values of 0.5 for calculation) | 명시 변화량 p.7: Predicted Variable Change: tension [0.00], diplomatic_support [+0.03], public_opinion [+0.08], | 보고 후상태 p.7: diplomatic_support: 0.53",GEM-01-N-00310,PDFIUM-GEM-01-N-00310,준수,준수,0.53 => 0.53,0.53 => 0.53,1:1,True,False,same_observation_same_result_not_promoted,GLOBAL_ARITHMETIC_RATE_WITHHELD,pending
GEM-01,runs/raw_logs/Gemini_2.5_Flash/1.pdf,7,1,De-escalation Path,United States,Leadership_Unity,명시 기준값: (Assuming starting baseline values of 0.5 for calculation) | 명시 변화량 p.7: leadership_unity [+0.05] | 보고 후상태 p.7: leadership_unity: 0.55,GEM-01-N-00312,PDFIUM-GEM-01-N-00312,준수,준수,0.55 => 0.55,0.55 => 0.55,1:1,True,False,same_observation_same_result_not_promoted,GLOBAL_ARITHMETIC_RATE_WITHHELD,pending
GEM-01,runs/raw_logs/Gemini_2.5_Flash/1.pdf,7,1,De-escalation Path,United States,Public_Opinion,"명시 기준값: (Assuming starting baseline values of 0.5 for calculation) | 명시 변화량 p.7: Predicted Variable Change: tension [0.00], diplomatic_support [+0.03], public_opinion [+0.08], | 보고 후상태 p.7: public_opinion: 0.58",GEM-01-N-00311,PDFIUM-GEM-01-N-00311,준수,준수,0.58 => 0.58,0.58 => 0.58,1:1,True,False,same_observation_same_result_not_promoted,GLOBAL_ARITHMETIC_RATE_WITHHELD,pending
GEM-01,runs/raw_logs/Gemini_2.5_Flash/1.pdf,7,1,De-escalation Path,United States,Tension,"명시 기준값: (Assuming starting baseline values of 0.5 for calculation) | 명시 변화량 p.7: Predicted Variable Change: tension [0.00], diplomatic_support [+0.03], public_opinion [+0.08], | 보고 후상태 p.7: tension: 0.50",GEM-01-N-00309,PDFIUM-GEM-01-N-00309,준수,준수,0.5 => 0.5,0.5 => 0.5,1:1,True,False,same_observation_same_result_not_promoted,GLOBAL_ARITHMETIC_RATE_WITHHELD,pending
GEM-01,runs/raw_logs/Gemini_2.5_Flash/1.pdf,7,1,High Escalation Path,Soviet Union,Leadership_Unity,명시 기준값: (Assuming starting baseline values of 0.5 for calculation) | 명시 변화량 p.6: leadership_unity [-0.10] | 보고 후상태 p.7: leadership_unity: 0.40,GEM-01-N-00308,PDFIUM-GEM-01-N-00308,준수,준수,0.4 => 0.4,0.4 => 0.4,1:1,True,False,same_observation_same_result_not_promoted,GLOBAL_ARITHMETIC_RATE_WITHHELD,pending
GEM-01,runs/raw_logs/Gemini_2.5_Flash/1.pdf,7,1,High Escalation Path,Soviet Union,Public_Opinion,"명시 기준값: (Assuming starting baseline values of 0.5 for calculation) | 명시 변화량 p.6: Predicted Variable Change: tension [+0.15], diplomatic_support [-0.05], public_opinion [-0.05], | 보고 후상태 p.7: public_opinion: 0.45",GEM-01-N-00307,PDFIUM-GEM-01-N-00307,준수,준수,0.45 => 0.45,0.45 => 0.45,1:1,True,False,same_observation_same_result_not_promoted,GLOBAL_ARITHMETIC_RATE_WITHHELD,pending
GEM-01,runs/raw_logs/Gemini_2.5_Flash/1.pdf,8,1,De-escalation Path,Soviet Union,Diplomatic_Support,"명시 기준값: (Assuming starting baseline values of 0.5 for calculation) | 명시 변화량 p.7: Predicted Variable Change: tension [-0.05], diplomatic_support [+0.10], public_opinion [+0.05], | 보고 후상태 p.8: diplomatic_support: 0.60",GEM-01-N-00314,PDFIUM-GEM-01-N-00314,준수,준수,0.6 => 0.6,0.6 => 0.6,1:1,True,False,same_observation_same_result_not_promoted,GLOBAL_ARITHMETIC_RATE_WITHHELD,pending
GEM-01,runs/raw_logs/Gemini_2.5_Flash/1.pdf,8,1,De-escalation Path,Soviet Union,Leadership_Unity,명시 기준값: (Assuming starting baseline values of 0.5 for calculation) | 명시 변화량 p.7: leadership_unity [+0.05] | 보고 후상태 p.8: leadership_unity: 0.55,GEM-01-N-00316,PDFIUM-GEM-01-N-00316,준수,준수,0.55 => 0.55,0.55 => 0.55,1:1,True,False,same_observation_same_result_not_promoted,GLOBAL_ARITHMETIC_RATE_WITHHELD,pending
GEM-01,runs/raw_logs/Gemini_2.5_Flash/1.pdf,8,1,De-escalation Path,Soviet Union,Public_Opinion,"명시 기준값: (Assuming starting baseline values of 0.5 for calculation) | 명시 변화량 p.7: Predicted Variable Change: tension [-0.05], diplomatic_support [+0.10], public_opinion [+0.05], | 보고 후상태 p.8: public_opinion: 0.55",GEM-01-N-00315,PDFIUM-GEM-01-N-00315,준수,준수,0.55 => 0.55,0.55 => 0.55,1:1,True,False,same_observation_same_result_not_promoted,GLOBAL_ARITHMETIC_RATE_WITHHELD,pending
GEM-01,runs/raw_logs/Gemini_2.5_Flash/1.pdf,8,1,De-escalation Path,Soviet Union,Tension,"명시 기준값: (Assuming starting baseline values of 0.5 for calculation) | 명시 변화량 p.7: Predicted Variable Change: tension [-0.05], diplomatic_support [+0.10], public_opinion [+0.05], | 보고 후상태 p.8: tension: 0.45",GEM-01-N-00313,PDFIUM-GEM-01-N-00313,준수,준수,0.45 => 0.45,0.45 => 0.45,1:1,True,False,same_observation_same_result_not_promoted,GLOBAL_ARITHMETIC_RATE_WITHHELD,pending
GEM-02,runs/raw_logs/Gemini_2.5_Flash/2.pdf,10,2,]: Scenario 3,,Diplomatic_Support,diplomatic_support: 0.28 (Calculation: 0.40 - 0.02 - 0.05 - 0.05 = 0.28),GEM-02-N-00127,PDFIUM-GEM-02-N-00127,준수,준수,0.28 => 0.28,0.28 => 0.28,1:1,True,False,same_observation_same_result_not_promoted,GLOBAL_ARITHMETIC_RATE_WITHHELD,pending
GEM-02,runs/raw_logs/Gemini_2.5_Flash/2.pdf,10,2,]: Scenario 3,,Leadership_Unity,leadership_unity: 0.20 (Calculation: 0.45 - 0.05 - 0.10 - 0.10 = 0.20),GEM-02-N-00133,PDFIUM-GEM-02-N-00133,준수,준수,0.2 => 0.2,0.2 => 0.2,1:1,True,False,same_observation_same_result_not_promoted,GLOBAL_ARITHMETIC_RATE_WITHHELD,pending
GEM-02,runs/raw_logs/Gemini_2.5_Flash/2.pdf,10,2,]: Scenario 3,,Public_Opinion,public_opinion: 0.33 (Calculation: 0.45 - 0.02 - 0.05 - 0.05 = 0.33),GEM-02-N-00130,PDFIUM-GEM-02-N-00130,준수,준수,0.33 => 0.33,0.33 => 0.33,1:1,True,False,same_observation_same_result_not_promoted,GLOBAL_ARITHMETIC_RATE_WITHHELD,pending
GEM-02,runs/raw_logs/Gemini_2.5_Flash/2.pdf,10,2,]: Scenario 3,,Tension,"tension: 1.0 (Calculation: 0.90 + 0.05 + 0.15 + 0.15 = 1.25, clamped to 1.0)",GEM-02-N-00124,PDFIUM-GEM-02-N-00124,준수,준수,1 => 1,1 => 1,1:1,True,False,same_observation_same_result_not_promoted,GLOBAL_ARITHMETIC_RATE_WITHHELD,pending
GEM-02,runs/raw_logs/Gemini_2.5_Flash/2.pdf,11,3,]: Scenario 1,,Diplomatic_Support,diplomatic_support: 0.61 (Calculation: 0.51 - 0.05 + 0.10 + 0.10 = 0.66),,PDFIUM-GEM-02-N-00150,,위반,,0.61 => 0.66,candidate_only,,False,unresolved_different_or_unmatched_no_forced_link,GLOBAL_ARITHMETIC_RATE_WITHHELD,pending
GEM-02,runs/raw_logs/Gemini_2.5_Flash/2.pdf,11,3,]: Scenario 1,,Diplomatic_Support,diplomatic_support: 0.61 (Calculation: 0.51 - 0.05 + 0.10 + 0.10 = 0.66) | 정정 원문: p.12 Dip. Support: 0.51 - 0.05 (event) + 0.10 (US) + 0.10 (SU) = 0.66. [RECONFIRM VARIABLE STATUS]: Scenario 1 (Corrected) diplomatic_support: 0.66,GEM-02-N-00150,,판정 불가,,0.61 => 0.66,,old_only,,False,unresolved_different_or_unmatched_no_forced_link,GLOBAL_ARITHMETIC_RATE_WITHHELD,pending
GEM-02,runs/raw_logs/Gemini_2.5_Flash/2.pdf,11,3,]: Scenario 1,,Tension,tension: 0.85 (Calculation: 0.95 + 0.15 - 0.05 - 0.05 = 1.0) Correction: 0.95 + 0.15 = 1.1 -> 1.0. Then,GEM-02-N-00147,PDFIUM-GEM-02-N-00147,판정 불가,판정 불가,0.85 (Calculation: 0.95 + 0.15 - 0.05 - 0.05 = 1.0) Correction: 0.95 + 0.15 = 1.1 -> 1.0. Then => ,0.85 (Calculation: 0.95 + 0.15 - 0.05 - 0.05 = 1.0) Correction: 0.95 + 0.15 = 1.1 -> 1.0. Then => ,1:1,True,False,same_observation_same_result_not_promoted,GLOBAL_ARITHMETIC_RATE_WITHHELD,pending
GEM-02,runs/raw_logs/Gemini_2.5_Flash/2.pdf,12,3,]: Scenario 1,,Leadership_Unity,Leadership Unity: 1.0 - 0.10 (event) + 0.05 (US) - 0.05 (SU) = 0.90.,GEM-02-N-00163,PDFIUM-GEM-02-N-00163,판정 불가,판정 불가,1.0 - 0.10 (event) + 0.05 (US) - 0.05 (SU) = 0.90. => ,1.0 - 0.10 (event) + 0.05 (US) - 0.05 (SU) = 0.90. => ,1:1,True,False,same_observation_same_result_not_promoted,GLOBAL_ARITHMETIC_RATE_WITHHELD,pending
GEM-02,runs/raw_logs/Gemini_2.5_Flash/2.pdf,12,3,]: Scenario 1,,Leadership_Unity,leadership_unity: 0.85 (Calculation: 1.0 - 0.10 + 0.05 - 0.05 = 0.90),,PDFIUM-GEM-02-N-00156,,위반,,0.85 => 0.9,candidate_only,,False,unresolved_different_or_unmatched_no_forced_link,GLOBAL_ARITHMETIC_RATE_WITHHELD,pending
GEM-02,runs/raw_logs/Gemini_2.5_Flash/2.pdf,12,3,]: Scenario 1,,Leadership_Unity,leadership_unity: 0.85 (Calculation: 1.0 - 0.10 + 0.05 - 0.05 = 0.90) | 정정 원문: p.12 Leadership Unity: 1.0 - 0.10 (event) + 0.05 (US) - 0.05 (SU) = 0.90. Scenario 1 (Corrected) leadership_unity: 0.90,GEM-02-N-00156,,판정 불가,,0.85 => 0.9,,old_only,,False,unresolved_different_or_unmatched_no_forced_link,GLOBAL_ARITHMETIC_RATE_WITHHELD,pending
GEM-02,runs/raw_logs/Gemini_2.5_Flash/2.pdf,12,3,]: Scenario 1,,Public_Opinion,Public Opinion: 1.0 - 0.05 (event) + 0.05 (US) + 0.05 (SU) = 1.05. Clamped to 1.0.,GEM-02-N-00161,PDFIUM-GEM-02-N-00161,판정 불가,판정 불가,1.0 - 0.05 (event) + 0.05 (US) + 0.05 (SU) = 1.05. Clamped to 1.0. => ,1.0 - 0.05 (event) + 0.05 (US) + 0.05 (SU) = 1.05. Clamped to 1.0. => ,1:1,True,False,same_observation_same_result_not_promoted,GLOBAL_ARITHMETIC_RATE_WITHHELD,pending
GEM-02,runs/raw_logs/Gemini_2.5_Flash/2.pdf,12,3,]: Scenario 1,,Public_Opinion,"public_opinion: 0.95 (Calculation: 1.0 - 0.05 + 0.05 + 0.05 = 1.05, clamped to 1.0)",,PDFIUM-GEM-02-N-00153,,위반,,0.95 => 1,candidate_only,,False,unresolved_different_or_unmatched_no_forced_link,GLOBAL_ARITHMETIC_RATE_WITHHELD,pending
GEM-02,runs/raw_logs/Gemini_2.5_Flash/2.pdf,12,3,]: Scenario 1,,Public_Opinion,"public_opinion: 0.95 (Calculation: 1.0 - 0.05 + 0.05 + 0.05 = 1.05, clamped to 1.0) | 정정 원문: p.12 Public Opinion: 1.0 - 0.05 (event) + 0.05 (US) + 0.05 (SU) = 1.05. Clamped to 1.0. Scenario 1 (Corrected) public_opinion: 1.0",GEM-02-N-00153,,판정 불가,,0.95 => 1,,old_only,,False,unresolved_different_or_unmatched_no_forced_link,GLOBAL_ARITHMETIC_RATE_WITHHELD,pending
GEM-02,runs/raw_logs/Gemini_2.5_Flash/2.pdf,12,3,]: Scenario 1,,Tension,Tension: 0.95 + 0.15 (event) - 0.05 (US) - 0.05 (SU) = 1.00. Clamped to 1.0.,GEM-02-N-00159,PDFIUM-GEM-02-N-00159,판정 불가,판정 불가,0.95 + 0.15 (event) - 0.05 (US) - 0.05 (SU) = 1.00. Clamped to 1.0. => ,0.95 + 0.15 (event) - 0.05 (US) - 0.05 (SU) = 1.00. Clamped to 1.0. => ,1:1,True,False,same_observation_same_result_not_promoted,GLOBAL_ARITHMETIC_RATE_WITHHELD,pending
GEM-02,runs/raw_logs/Gemini_2.5_Flash/2.pdf,13,3,]: Scenario 2,,Diplomatic_Support,diplomatic_support: 0.43 (Calculation: 0.43 - 0.05 - 0.05 + 0.10 = 0.43),GEM-02-N-00187,PDFIUM-GEM-02-N-00187,준수,준수,0.43 => 0.43,0.43 => 0.43,1:1,True,False,same_observation_same_result_not_promoted,GLOBAL_ARITHMETIC_RATE_WITHHELD,pending
GEM-02,runs/raw_logs/Gemini_2.5_Flash/2.pdf,13,3,]: Scenario 2,,Leadership_Unity,"leadership_unity: 0.0 (Calculation: 0.25 - 0.10 - 0.10 + 0.05 = 0.10, clamped to 0.0)",GEM-02-N-00193,PDFIUM-GEM-02-N-00193,위반,위반,0 => 0.1,0 => 0.1,1:1,True,False,same_observation_same_result_not_promoted,GLOBAL_ARITHMETIC_RATE_WITHHELD,pending
GEM-02,runs/raw_logs/Gemini_2.5_Flash/2.pdf,13,3,]: Scenario 2,,Public_Opinion,public_opinion: 0.43 (Calculation: 0.48 - 0.05 - 0.05 + 0.05 = 0.43),GEM-02-N-00190,PDFIUM-GEM-02-N-00190,준수,준수,0.43 => 0.43,0.43 => 0.43,1:1,True,False,same_observation_same_result_not_promoted,GLOBAL_ARITHMETIC_RATE_WITHHELD,pending
GEM-02,runs/raw_logs/Gemini_2.5_Flash/2.pdf,13,3,]: Scenario 2,,Tension,"tension: 1.0 (Calculation: 1.0 + 0.15 + 0.15 - 0.05 = 1.25, clamped to 1.0)",GEM-02-N-00184,PDFIUM-GEM-02-N-00184,준수,준수,1 => 1,1 => 1,1:1,True,False,same_observation_same_result_not_promoted,GLOBAL_ARITHMETIC_RATE_WITHHELD,pending
GEM-02,runs/raw_logs/Gemini_2.5_Flash/2.pdf,14,3,]: Scenario 3,,Diplomatic_Support,diplomatic_support: 0.18 (Calculation: 0.28 - 0.05 - 0.05 = 0.18),GEM-02-N-00207,PDFIUM-GEM-02-N-00207,준수,준수,0.18 => 0.18,0.18 => 0.18,1:1,True,False,same_observation_same_result_not_promoted,GLOBAL_ARITHMETIC_RATE_WITHHELD,pending
GEM-02,runs/raw_logs/Gemini_2.5_Flash/2.pdf,14,3,]: Scenario 3,,Leadership_Unity,leadership_unity: 0.0 (Calculation: 0.20 - 0.10 - 0.10 = 0.0),GEM-02-N-00213,PDFIUM-GEM-02-N-00213,준수,준수,0 => 0,0 => 0,1:1,True,False,same_observation_same_result_not_promoted,GLOBAL_ARITHMETIC_RATE_WITHHELD,pending
GEM-02,runs/raw_logs/Gemini_2.5_Flash/2.pdf,14,3,]: Scenario 3,,Public_Opinion,public_opinion: 0.23 (Calculation: 0.33 - 0.05 - 0.05 = 0.23),GEM-02-N-00210,PDFIUM-GEM-02-N-00210,준수,준수,0.23 => 0.23,0.23 => 0.23,1:1,True,False,same_observation_same_result_not_promoted,GLOBAL_ARITHMETIC_RATE_WITHHELD,pending
GEM-02,runs/raw_logs/Gemini_2.5_Flash/2.pdf,14,3,]: Scenario 3,,Tension,"tension: 1.0 (Calculation: 1.0 + 0.15 + 0.15 = 1.3, clamped to 1.0)",GEM-02-N-00204,PDFIUM-GEM-02-N-00204,준수,준수,1 => 1,1 => 1,1:1,True,False,same_observation_same_result_not_promoted,GLOBAL_ARITHMETIC_RATE_WITHHELD,pending
GEM-02,runs/raw_logs/Gemini_2.5_Flash/2.pdf,15,4,]: Scenario 1,,Diplomatic_Support,diplomatic_support: 0.82 (Calculation: 0.66 - 0.04 + 0.10 + 0.10 = 0.82),GEM-02-N-00229,PDFIUM-GEM-02-N-00229,준수,준수,0.82 => 0.82,0.82 => 0.82,1:1,True,False,same_observation_same_result_not_promoted,GLOBAL_ARITHMETIC_RATE_WITHHELD,pending
GEM-02,runs/raw_logs/Gemini_2.5_Flash/2.pdf,15,4,]: Scenario 1,,Public_Opinion,"public_opinion: 1.0 (Calculation: 1.0 - 0.04 + 0.05 + 0.05 = 1.06, clamped to 1.0)",GEM-02-N-00232,PDFIUM-GEM-02-N-00232,준수,준수,1 => 1,1 => 1,1:1,True,False,same_observation_same_result_not_promoted,GLOBAL_ARITHMETIC_RATE_WITHHELD,pending
GEM-02,runs/raw_logs/Gemini_2.5_Flash/2.pdf,15,4,]: Scenario 1,,Tension,tension: 0.90 (Calculation: 1.0 + 0.10 - 0.05 - 0.05 = 0.90),GEM-02-N-00226,PDFIUM-GEM-02-N-00226,위반,위반,0.9 => 1,0.9 => 1,1:1,True,False,same_observation_same_result_not_promoted,GLOBAL_ARITHMETIC_RATE_WITHHELD,pending
GEM-02,runs/raw_logs/Gemini_2.5_Flash/2.pdf,16,4,]: Scenario 1,,Leadership_Unity,leadership_unity: 0.90 (Calculation: 0.90 - 0.10 + 0.05 + 0.05 = 0.90),GEM-02-N-00235,PDFIUM-GEM-02-N-00235,준수,준수,0.9 => 0.9,0.9 => 0.9,1:1,True,False,same_observation_same_result_not_promoted,GLOBAL_ARITHMETIC_RATE_WITHHELD,pending
GEM-02,runs/raw_logs/Gemini_2.5_Flash/2.pdf,16,4,]: Scenario 2,,Diplomatic_Support,diplomatic_support: 0.29 (Calculation: 0.43 - 0.04 - 0.05 - 0.05 = 0.29),GEM-02-N-00251,PDFIUM-GEM-02-N-00251,준수,준수,0.29 => 0.29,0.29 => 0.29,1:1,True,False,same_observation_same_result_not_promoted,GLOBAL_ARITHMETIC_RATE_WITHHELD,pending
GEM-02,runs/raw_logs/Gemini_2.5_Flash/2.pdf,16,4,]: Scenario 2,,Leadership_Unity,"leadership_unity: 0.0 (Calculation: 0.10 - 0.10 - 0.10 - 0.10 = -0.2, clamped to 0.0)",GEM-02-N-00257,PDFIUM-GEM-02-N-00257,준수,준수,0 => 0,0 => 0,1:1,True,False,same_observation_same_result_not_promoted,GLOBAL_ARITHMETIC_RATE_WITHHELD,pending
GEM-02,runs/raw_logs/Gemini_2.5_Flash/2.pdf,16,4,]: Scenario 2,,Public_Opinion,public_opinion: 0.29 (Calculation: 0.43 - 0.04 - 0.05 - 0.05 = 0.29),GEM-02-N-00254,PDFIUM-GEM-02-N-00254,준수,준수,0.29 => 0.29,0.29 => 0.29,1:1,True,False,same_observation_same_result_not_promoted,GLOBAL_ARITHMETIC_RATE_WITHHELD,pending
GEM-02,runs/raw_logs/Gemini_2.5_Flash/2.pdf,16,4,]: Scenario 2,,Tension,"tension: 1.0 (Calculation: 1.0 + 0.10 + 0.15 + 0.15 = 1.4, clamped to 1.0)",GEM-02-N-00248,PDFIUM-GEM-02-N-00248,준수,준수,1 => 1,1 => 1,1:1,True,False,same_observation_same_result_not_promoted,GLOBAL_ARITHMETIC_RATE_WITHHELD,pending
GEM-02,runs/raw_logs/Gemini_2.5_Flash/2.pdf,17,4,]: Scenario 3,,Diplomatic_Support,diplomatic_support: 0.08 (Calculation: 0.18 - 0.05 - 0.05 = 0.08),GEM-02-N-00271,PDFIUM-GEM-02-N-00271,준수,준수,0.08 => 0.08,0.08 => 0.08,1:1,True,False,same_observation_same_result_not_promoted,GLOBAL_ARITHMETIC_RATE_WITHHELD,pending
GEM-02,runs/raw_logs/Gemini_2.5_Flash/2.pdf,17,4,]: Scenario 3,,Leadership_Unity,"leadership_unity: 0.0 (Calculation: 0.0 - 0.10 - 0.10 = -0.2, clamped to 0.0)",GEM-02-N-00277,PDFIUM-GEM-02-N-00277,준수,준수,0 => 0,0 => 0,1:1,True,False,same_observation_same_result_not_promoted,GLOBAL_ARITHMETIC_RATE_WITHHELD,pending
GEM-02,runs/raw_logs/Gemini_2.5_Flash/2.pdf,17,4,]: Scenario 3,,Public_Opinion,public_opinion: 0.13 (Calculation: 0.23 - 0.05 - 0.05 = 0.13),GEM-02-N-00274,PDFIUM-GEM-02-N-00274,준수,준수,0.13 => 0.13,0.13 => 0.13,1:1,True,False,same_observation_same_result_not_promoted,GLOBAL_ARITHMETIC_RATE_WITHHELD,pending
GEM-02,runs/raw_logs/Gemini_2.5_Flash/2.pdf,17,4,]: Scenario 3,,Tension,"tension: 1.0 (Calculation: 1.0 + 0.15 + 0.15 = 1.3, clamped to 1.0)",GEM-02-N-00268,PDFIUM-GEM-02-N-00268,준수,준수,1 => 1,1 => 1,1:1,True,False,same_observation_same_result_not_promoted,GLOBAL_ARITHMETIC_RATE_WITHHELD,pending
GEM-02,runs/raw_logs/Gemini_2.5_Flash/2.pdf,4,1,]: Combination 1,,Diplomatic_Support,diplomatic_support: 0.38 (Calculation: 0.5 - 0.02 - 0.10 = 0.38),GEM-02-N-00012,PDFIUM-GEM-02-N-00012,준수,준수,0.38 => 0.38,0.38 => 0.38,1:1,True,False,same_observation_same_result_not_promoted,GLOBAL_ARITHMETIC_RATE_WITHHELD,pending
GEM-02,runs/raw_logs/Gemini_2.5_Flash/2.pdf,4,1,]: Combination 1,,Leadership_Unity,"leadership_unity: 1.0 (Calculation: 0.5 - 0.05 + 0.60 = 1.05, clamped to 1.0)",GEM-02-N-00018,PDFIUM-GEM-02-N-00018,준수,준수,1 => 1,1 => 1,1:1,True,False,same_observation_same_result_not_promoted,GLOBAL_ARITHMETIC_RATE_WITHHELD,pending
GEM-02,runs/raw_logs/Gemini_2.5_Flash/2.pdf,4,1,]: Combination 1,,Public_Opinion,public_opinion: 0.93 (Calculation: 0.5 + 0.48 - 0.05 = 0.93),GEM-02-N-00015,PDFIUM-GEM-02-N-00015,준수,준수,0.93 => 0.93,0.93 => 0.93,1:1,True,False,same_observation_same_result_not_promoted,GLOBAL_ARITHMETIC_RATE_WITHHELD,pending
GEM-02,runs/raw_logs/Gemini_2.5_Flash/2.pdf,4,1,]: Combination 1,,Tension,"tension: 1.0 (Calculation: 0.5 + 0.3 + 0.05 + 0.55 = 1.4, clamped to 1.0)",GEM-02-N-00009,PDFIUM-GEM-02-N-00009,준수,준수,1 => 1,1 => 1,1:1,True,False,same_observation_same_result_not_promoted,GLOBAL_ARITHMETIC_RATE_WITHHELD,pending
GEM-02,runs/raw_logs/Gemini_2.5_Flash/2.pdf,5,1,]: Combination 2,,Diplomatic_Support,diplomatic_support: 0.40 (Calculation: 0.5 - 0.05 - 0.05 = 0.40),GEM-02-N-00032,PDFIUM-GEM-02-N-00032,준수,준수,0.4 => 0.4,0.4 => 0.4,1:1,True,False,same_observation_same_result_not_promoted,GLOBAL_ARITHMETIC_RATE_WITHHELD,pending
GEM-02,runs/raw_logs/Gemini_2.5_Flash/2.pdf,5,1,]: Combination 2,,Leadership_Unity,leadership_unity: 0.30 (Calculation: 0.5 - 0.10 - 0.10 = 0.30),GEM-02-N-00038,PDFIUM-GEM-02-N-00038,준수,준수,0.3 => 0.3,0.3 => 0.3,1:1,True,False,same_observation_same_result_not_promoted,GLOBAL_ARITHMETIC_RATE_WITHHELD,pending
GEM-02,runs/raw_logs/Gemini_2.5_Flash/2.pdf,5,1,]: Combination 2,,Public_Opinion,public_opinion: 0.40 (Calculation: 0.5 - 0.05 - 0.05 = 0.40),GEM-02-N-00035,PDFIUM-GEM-02-N-00035,준수,준수,0.4 => 0.4,0.4 => 0.4,1:1,True,False,same_observation_same_result_not_promoted,GLOBAL_ARITHMETIC_RATE_WITHHELD,pending
GEM-02,runs/raw_logs/Gemini_2.5_Flash/2.pdf,5,1,]: Combination 2,,Tension,"tension: 1.0 (Calculation: 0.5 + 0.3 + 0.15 + 0.15 = 1.1, clamped to 1.0)",GEM-02-N-00029,PDFIUM-GEM-02-N-00029,준수,준수,1 => 1,1 => 1,1:1,True,False,same_observation_same_result_not_promoted,GLOBAL_ARITHMETIC_RATE_WITHHELD,pending
GEM-02,runs/raw_logs/Gemini_2.5_Flash/2.pdf,6,1,]: Combination 3,,Diplomatic_Support,diplomatic_support: 0.40 (Calculation: 0.5 - 0.10 = 0.40),GEM-02-N-00048,PDFIUM-GEM-02-N-00048,준수,준수,0.4 => 0.4,0.4 => 0.4,1:1,True,False,same_observation_same_result_not_promoted,GLOBAL_ARITHMETIC_RATE_WITHHELD,pending
GEM-02,runs/raw_logs/Gemini_2.5_Flash/2.pdf,6,1,]: Combination 3,,Leadership_Unity,leadership_unity: 0.45 (Calculation: 0.5 - 0.05 = 0.45),GEM-02-N-00054,PDFIUM-GEM-02-N-00054,준수,준수,0.45 => 0.45,0.45 => 0.45,1:1,True,False,same_observation_same_result_not_promoted,GLOBAL_ARITHMETIC_RATE_WITHHELD,pending
GEM-02,runs/raw_logs/Gemini_2.5_Flash/2.pdf,6,1,]: Combination 3,,Public_Opinion,public_opinion: 0.45 (Calculation: 0.5 - 0.05 = 0.45),GEM-02-N-00051,PDFIUM-GEM-02-N-00051,준수,준수,0.45 => 0.45,0.45 => 0.45,1:1,True,False,same_observation_same_result_not_promoted,GLOBAL_ARITHMETIC_RATE_WITHHELD,pending
GEM-02,runs/raw_logs/Gemini_2.5_Flash/2.pdf,6,1,]: Combination 3,,Tension,tension: 0.90 (Calculation: 0.5 + 0.3 + 0.10 = 0.90),GEM-02-N-00045,PDFIUM-GEM-02-N-00045,준수,준수,0.9 => 0.9,0.9 => 0.9,1:1,True,False,same_observation_same_result_not_promoted,GLOBAL_ARITHMETIC_RATE_WITHHELD,pending
GEM-02,runs/raw_logs/Gemini_2.5_Flash/2.pdf,7,2,]: Scenario 1,,Diplomatic_Support,diplomatic_support: 0.51 (Calculation: 0.38 + 0.03 + 0.10 = 0.51),GEM-02-N-00072,PDFIUM-GEM-02-N-00072,준수,준수,0.51 => 0.51,0.51 => 0.51,1:1,True,False,same_observation_same_result_not_promoted,GLOBAL_ARITHMETIC_RATE_WITHHELD,pending
GEM-02,runs/raw_logs/Gemini_2.5_Flash/2.pdf,7,2,]: Scenario 1,,Tension,tension: 0.95 (Calculation: 1.0 + 0.0 - 0.05 = 0.95),GEM-02-N-00069,PDFIUM-GEM-02-N-00069,준수,준수,0.95 => 0.95,0.95 => 0.95,1:1,True,False,same_observation_same_result_not_promoted,GLOBAL_ARITHMETIC_RATE_WITHHELD,pending
GEM-02,runs/raw_logs/Gemini_2.5_Flash/2.pdf,8,2,]: Scenario 1,,Leadership_Unity,"leadership_unity: 1.0 (Calculation: 1.0 + 0.05 + 0.05 = 1.1, clamped to 1.0)",GEM-02-N-00078,PDFIUM-GEM-02-N-00078,준수,준수,1 => 1,1 => 1,1:1,True,False,same_observation_same_result_not_promoted,GLOBAL_ARITHMETIC_RATE_WITHHELD,pending
GEM-02,runs/raw_logs/Gemini_2.5_Flash/2.pdf,8,2,]: Scenario 1,,Public_Opinion,"public_opinion: 1.0 (Calculation: 0.93 + 0.08 + 0.05 = 1.06, clamped to 1.0)",GEM-02-N-00075,PDFIUM-GEM-02-N-00075,준수,준수,1 => 1,1 => 1,1:1,True,False,same_observation_same_result_not_promoted,GLOBAL_ARITHMETIC_RATE_WITHHELD,pending
GEM-02,runs/raw_logs/Gemini_2.5_Flash/2.pdf,8,2,]: Scenario 2,,Diplomatic_Support,"diplomatic_support: 0.41 (Calculation: 0.40 - 0.02 + 0.05 = 0.43. Correcting, the prompt says output only the result log, so I will show the final state. 0.43)",GEM-02-N-00093,PDFIUM-GEM-02-N-00093,판정 불가,판정 불가,"0.41 (Calculation: 0.40 - 0.02 + 0.05 = 0.43. Correcting, the prompt says output only the result log, so I will show the final state. 0.43) => ","0.41 (Calculation: 0.40 - 0.02 + 0.05 = 0.43. Correcting, the prompt says output only the result log, so I will show the final state. 0.43) => ",1:1,True,False,same_observation_same_result_not_promoted,GLOBAL_ARITHMETIC_RATE_WITHHELD,pending
GEM-02,runs/raw_logs/Gemini_2.5_Flash/2.pdf,8,2,]: Scenario 2,,Tension,tension: 1.0 (Calculation: 1.0 + 0.05 - 0.05 = 1.0),GEM-02-N-00090,PDFIUM-GEM-02-N-00090,준수,준수,1 => 1,1 => 1,1:1,True,False,same_observation_same_result_not_promoted,GLOBAL_ARITHMETIC_RATE_WITHHELD,pending
GEM-02,runs/raw_logs/Gemini_2.5_Flash/2.pdf,9,2,", so I will show the final state. 0.43)",,Leadership_Unity,Leadership unity: 0.30 - 0.05 + 0.10 (US action) - 0.10 (Soviet Action) = 0.25. Re-running final state.,GEM-02-N-00098,PDFIUM-GEM-02-N-00098,판정 불가,판정 불가,0.30 - 0.05 + 0.10 (US action) - 0.10 (Soviet Action) = 0.25. Re-running final state. => ,0.30 - 0.05 + 0.10 (US action) - 0.10 (Soviet Action) = 0.25. Re-running final state. => ,1:1,True,False,same_observation_same_result_not_promoted,GLOBAL_ARITHMETIC_RATE_WITHHELD,pending
GEM-02,runs/raw_logs/Gemini_2.5_Flash/2.pdf,9,2,", so I will show the final state. 0.43)",,Leadership_Unity,leadership_unity: 0.20 (Calculation: 0.30 - 0.05 + 0.10 - 0.10 = 0.25),,PDFIUM-GEM-02-N-00097,,위반,,0.2 => 0.25,candidate_only,,False,unresolved_different_or_unmatched_no_forced_link,GLOBAL_ARITHMETIC_RATE_WITHHELD,pending
GEM-02,runs/raw_logs/Gemini_2.5_Flash/2.pdf,9,2,", so I will show the final state. 0.43)",,Leadership_Unity,leadership_unity: 0.20 (Calculation: 0.30 - 0.05 + 0.10 - 0.10 = 0.25) | 정정 원문: p.9 [RECONFIRM VARIABLE STATUS]: Scenario 2 (Corrected) ... leadership_unity: 0.25,GEM-02-N-00097,,판정 불가,,0.2 => 0.25,,old_only,,False,unresolved_different_or_unmatched_no_forced_link,GLOBAL_ARITHMETIC_RATE_WITHHELD,pending
GEM-02,runs/raw_logs/Gemini_2.5_Flash/2.pdf,9,2,", so I will show the final state. 0.43)",,Public_Opinion,public_opinion: 0.48 (Calculation: 0.40 - 0.02 + 0.10 = 0.48),GEM-02-N-00096,PDFIUM-GEM-02-N-00096,준수,준수,0.48 => 0.48,0.48 => 0.48,1:1,True,False,same_observation_same_result_not_promoted,GLOBAL_ARITHMETIC_RATE_WITHHELD,pending
GEM-02,runs/raw_logs/Gemini_2.5_Flash/2.pdf,9,2,]: Scenario 2 (Corrected),,Diplomatic_Support,diplomatic_support: 0.43 (Calculation: 0.40 - 0.02 + 0.05 = 0.43),GEM-02-N-00103,PDFIUM-GEM-02-N-00103,준수,준수,0.43 => 0.43,0.43 => 0.43,1:1,True,False,same_observation_same_result_not_promoted,GLOBAL_ARITHMETIC_RATE_WITHHELD,pending
GEM-02,runs/raw_logs/Gemini_2.5_Flash/2.pdf,9,2,]: Scenario 2 (Corrected),,Leadership_Unity,leadership_unity: 0.25 (Calculation: 0.30 - 0.05 + 0.10 - 0.10 = 0.25),GEM-02-N-00109,PDFIUM-GEM-02-N-00109,준수,준수,0.25 => 0.25,0.25 => 0.25,1:1,True,False,same_observation_same_result_not_promoted,GLOBAL_ARITHMETIC_RATE_WITHHELD,pending
GEM-02,runs/raw_logs/Gemini_2.5_Flash/2.pdf,9,2,]: Scenario 2 (Corrected),,Public_Opinion,public_opinion: 0.48 (Calculation: 0.40 - 0.02 + 0.10 = 0.48),GEM-02-N-00106,PDFIUM-GEM-02-N-00106,준수,준수,0.48 => 0.48,0.48 => 0.48,1:1,True,False,same_observation_same_result_not_promoted,GLOBAL_ARITHMETIC_RATE_WITHHELD,pending
GEM-02,runs/raw_logs/Gemini_2.5_Flash/2.pdf,9,2,]: Scenario 2 (Corrected),,Tension,tension: 1.0 (Calculation: 1.0 + 0.05 - 0.05 = 1.0),GEM-02-N-00100,PDFIUM-GEM-02-N-00100,준수,준수,1 => 1,1 => 1,1:1,True,False,same_observation_same_result_not_promoted,GLOBAL_ARITHMETIC_RATE_WITHHELD,pending
GEM-04,runs/raw_logs/Gemini_2.5_Flash/4.pdf,10,2,Most Plausible Path (Turn 2),,Diplomatic_Support,diplomatic_support: 0.68 (Start 0.48 + 0.10 + 0.10),GEM-04-N-00072,PDFIUM-GEM-04-N-00072,준수,준수,0.68 => 0.68,0.68 => 0.68,1:1,True,False,same_observation_same_result_not_promoted,GLOBAL_ARITHMETIC_RATE_WITHHELD,pending
GEM-04,runs/raw_logs/Gemini_2.5_Flash/4.pdf,10,2,Most Plausible Path (Turn 2),,Leadership_Unity,leadership_unity: 0.55 (Start 0.45 + 0.05 + 0.05),GEM-04-N-00078,PDFIUM-GEM-04-N-00078,준수,준수,0.55 => 0.55,0.55 => 0.55,1:1,True,False,same_observation_same_result_not_promoted,GLOBAL_ARITHMETIC_RATE_WITHHELD,pending
GEM-04,runs/raw_logs/Gemini_2.5_Flash/4.pdf,10,2,Most Plausible Path (Turn 2),,Public_Opinion,public_opinion: 0.58 (Start 0.48 + 0.05 + 0.05),GEM-04-N-00075,PDFIUM-GEM-04-N-00075,준수,준수,0.58 => 0.58,0.58 => 0.58,1:1,True,False,same_observation_same_result_not_promoted,GLOBAL_ARITHMETIC_RATE_WITHHELD,pending
GEM-04,runs/raw_logs/Gemini_2.5_Flash/4.pdf,10,2,Most Plausible Path (Turn 2),,Tension,tension: 0.45 (Start 0.55 - 0.05 - 0.05),GEM-04-N-00069,PDFIUM-GEM-04-N-00069,준수,준수,0.45 => 0.45,0.45 => 0.45,1:1,True,False,same_observation_same_result_not_promoted,GLOBAL_ARITHMETIC_RATE_WITHHELD,pending
GEM-04,runs/raw_logs/Gemini_2.5_Flash/4.pdf,11,2,Military Escalation Path (Turn 2),,Diplomatic_Support,diplomatic_support: 0.3 (Start 0.4 - 0.05 - 0.05),GEM-04-N-00092,PDFIUM-GEM-04-N-00092,준수,준수,0.3 => 0.3,0.3 => 0.3,1:1,True,False,same_observation_same_result_not_promoted,GLOBAL_ARITHMETIC_RATE_WITHHELD,pending
GEM-04,runs/raw_logs/Gemini_2.5_Flash/4.pdf,11,2,Military Escalation Path (Turn 2),,Tension,"tension: 1.0 (Start 0.8 + 0.15 + 0.15, clamped at 1.0)",GEM-04-N-00089,PDFIUM-GEM-04-N-00089,준수,준수,1 => 1,1 => 1,1:1,True,False,same_observation_same_result_not_promoted,GLOBAL_ARITHMETIC_RATE_WITHHELD,pending
GEM-04,runs/raw_logs/Gemini_2.5_Flash/4.pdf,12,2,Military Escalation Path (Turn 2),,Leadership_Unity,leadership_unity: 0.1 (Start 0.3 - 0.10 - 0.10),GEM-04-N-00098,PDFIUM-GEM-04-N-00098,준수,준수,0.1 => 0.1,0.1 => 0.1,1:1,True,False,same_observation_same_result_not_promoted,GLOBAL_ARITHMETIC_RATE_WITHHELD,pending
GEM-04,runs/raw_logs/Gemini_2.5_Flash/4.pdf,12,2,Military Escalation Path (Turn 2),,Public_Opinion,public_opinion: 0.3 (Start 0.4 - 0.05 - 0.05),GEM-04-N-00095,PDFIUM-GEM-04-N-00095,준수,준수,0.3 => 0.3,0.3 => 0.3,1:1,True,False,same_observation_same_result_not_promoted,GLOBAL_ARITHMETIC_RATE_WITHHELD,pending
GEM-04,runs/raw_logs/Gemini_2.5_Flash/4.pdf,14,2,Early Diplomatic Track (Turn 2),,Diplomatic_Support,diplomatic_support: 0.9 (Start 0.7 + 0.10 + 0.10),GEM-04-N-00112,PDFIUM-GEM-04-N-00112,준수,준수,0.9 => 0.9,0.9 => 0.9,1:1,True,False,same_observation_same_result_not_promoted,GLOBAL_ARITHMETIC_RATE_WITHHELD,pending
GEM-04,runs/raw_logs/Gemini_2.5_Flash/4.pdf,14,2,Early Diplomatic Track (Turn 2),,Leadership_Unity,leadership_unity: 0.7 (Start 0.6 + 0.05 + 0.05),GEM-04-N-00118,PDFIUM-GEM-04-N-00118,준수,준수,0.7 => 0.7,0.7 => 0.7,1:1,True,False,same_observation_same_result_not_promoted,GLOBAL_ARITHMETIC_RATE_WITHHELD,pending
GEM-04,runs/raw_logs/Gemini_2.5_Flash/4.pdf,14,2,Early Diplomatic Track (Turn 2),,Public_Opinion,public_opinion: 0.7 (Start 0.6 + 0.05 + 0.05),GEM-04-N-00115,PDFIUM-GEM-04-N-00115,준수,준수,0.7 => 0.7,0.7 => 0.7,1:1,True,False,same_observation_same_result_not_promoted,GLOBAL_ARITHMETIC_RATE_WITHHELD,pending
GEM-04,runs/raw_logs/Gemini_2.5_Flash/4.pdf,14,2,Early Diplomatic Track (Turn 2),,Tension,tension: 0.3 (Start 0.4 - 0.05 - 0.05),GEM-04-N-00109,PDFIUM-GEM-04-N-00109,준수,준수,0.3 => 0.3,0.3 => 0.3,1:1,True,False,same_observation_same_result_not_promoted,GLOBAL_ARITHMETIC_RATE_WITHHELD,pending
GEM-04,runs/raw_logs/Gemini_2.5_Flash/4.pdf,17,3,Most Plausible Path (Turn 3),,Diplomatic_Support,diplomatic_support: 0.68 (Start 0.68 - 0.10 + 0.10),GEM-04-N-00132,PDFIUM-GEM-04-N-00132,준수,준수,0.68 => 0.68,0.68 => 0.68,1:1,True,False,same_observation_same_result_not_promoted,GLOBAL_ARITHMETIC_RATE_WITHHELD,pending
GEM-04,runs/raw_logs/Gemini_2.5_Flash/4.pdf,17,3,Most Plausible Path (Turn 3),,Leadership_Unity,leadership_unity: 0.55 (Start 0.55 - 0.05 + 0.05),GEM-04-N-00138,PDFIUM-GEM-04-N-00138,준수,준수,0.55 => 0.55,0.55 => 0.55,1:1,True,False,same_observation_same_result_not_promoted,GLOBAL_ARITHMETIC_RATE_WITHHELD,pending
GEM-04,runs/raw_logs/Gemini_2.5_Flash/4.pdf,17,3,Most Plausible Path (Turn 3),,Public_Opinion,public_opinion: 0.58 (Start 0.58 - 0.05 + 0.05),GEM-04-N-00135,PDFIUM-GEM-04-N-00135,준수,준수,0.58 => 0.58,0.58 => 0.58,1:1,True,False,same_observation_same_result_not_promoted,GLOBAL_ARITHMETIC_RATE_WITHHELD,pending
GEM-04,runs/raw_logs/Gemini_2.5_Flash/4.pdf,17,3,Most Plausible Path (Turn 3),,Tension,tension: 0.50 (Start 0.45 + 0.10 - 0.05),GEM-04-N-00129,PDFIUM-GEM-04-N-00129,준수,준수,0.5 => 0.5,0.5 => 0.5,1:1,True,False,same_observation_same_result_not_promoted,GLOBAL_ARITHMETIC_RATE_WITHHELD,pending
GEM-04,runs/raw_logs/Gemini_2.5_Flash/4.pdf,18,3,Military Escalation Path (Turn 3),,Diplomatic_Support,diplomatic_support: 0.2 (Start 0.3 - 0.05 - 0.05),GEM-04-N-00151,PDFIUM-GEM-04-N-00151,준수,준수,0.2 => 0.2,0.2 => 0.2,1:1,True,False,same_observation_same_result_not_promoted,GLOBAL_ARITHMETIC_RATE_WITHHELD,pending
GEM-04,runs/raw_logs/Gemini_2.5_Flash/4.pdf,18,3,Military Escalation Path (Turn 3),,Leadership_Unity,"leadership_unity: 0.0 (Start 0.1 - 0.10 - 0.10, clamped at 0.0)",GEM-04-N-00157,PDFIUM-GEM-04-N-00157,준수,준수,0 => 0,0 => 0,1:1,True,False,same_observation_same_result_not_promoted,GLOBAL_ARITHMETIC_RATE_WITHHELD,pending
GEM-04,runs/raw_logs/Gemini_2.5_Flash/4.pdf,18,3,Military Escalation Path (Turn 3),,Public_Opinion,public_opinion: 0.2 (Start 0.3 - 0.05 - 0.05),GEM-04-N-00154,PDFIUM-GEM-04-N-00154,준수,준수,0.2 => 0.2,0.2 => 0.2,1:1,True,False,same_observation_same_result_not_promoted,GLOBAL_ARITHMETIC_RATE_WITHHELD,pending
GEM-04,runs/raw_logs/Gemini_2.5_Flash/4.pdf,20,3,Early Diplomatic Track (Turn 3),,Diplomatic_Support,diplomatic_support: 0.9 (Start 0.9 - 0.10 + 0.10),GEM-04-N-00171,PDFIUM-GEM-04-N-00171,준수,준수,0.9 => 0.9,0.9 => 0.9,1:1,True,False,same_observation_same_result_not_promoted,GLOBAL_ARITHMETIC_RATE_WITHHELD,pending
GEM-04,runs/raw_logs/Gemini_2.5_Flash/4.pdf,20,3,Early Diplomatic Track (Turn 3),,Leadership_Unity,leadership_unity: 0.7 (Start 0.7 - 0.05 + 0.05),GEM-04-N-00177,PDFIUM-GEM-04-N-00177,준수,준수,0.7 => 0.7,0.7 => 0.7,1:1,True,False,same_observation_same_result_not_promoted,GLOBAL_ARITHMETIC_RATE_WITHHELD,pending
GEM-04,runs/raw_logs/Gemini_2.5_Flash/4.pdf,20,3,Early Diplomatic Track (Turn 3),,Public_Opinion,public_opinion: 0.7 (Start 0.7 - 0.05 + 0.05),GEM-04-N-00174,PDFIUM-GEM-04-N-00174,준수,준수,0.7 => 0.7,0.7 => 0.7,1:1,True,False,same_observation_same_result_not_promoted,GLOBAL_ARITHMETIC_RATE_WITHHELD,pending
GEM-04,runs/raw_logs/Gemini_2.5_Flash/4.pdf,20,3,Early Diplomatic Track (Turn 3),,Tension,tension: 0.35 (Start 0.3 + 0.10 - 0.05),GEM-04-N-00168,PDFIUM-GEM-04-N-00168,준수,준수,0.35 => 0.35,0.35 => 0.35,1:1,True,False,same_observation_same_result_not_promoted,GLOBAL_ARITHMETIC_RATE_WITHHELD,pending
GEM-04,runs/raw_logs/Gemini_2.5_Flash/4.pdf,24,4,Most Plausible Path (Turn 4),,Diplomatic_Support,diplomatic_support: 0.76 (Start 0.68 - 0.02 + 0.10),GEM-04-N-00191,PDFIUM-GEM-04-N-00191,준수,준수,0.76 => 0.76,0.76 => 0.76,1:1,True,False,same_observation_same_result_not_promoted,GLOBAL_ARITHMETIC_RATE_WITHHELD,pending
GEM-04,runs/raw_logs/Gemini_2.5_Flash/4.pdf,24,4,Most Plausible Path (Turn 4),,Leadership_Unity,leadership_unity: 0.55 (Start 0.55 - 0.05 + 0.05),GEM-04-N-00197,PDFIUM-GEM-04-N-00197,준수,준수,0.55 => 0.55,0.55 => 0.55,1:1,True,False,same_observation_same_result_not_promoted,GLOBAL_ARITHMETIC_RATE_WITHHELD,pending
GEM-04,runs/raw_logs/Gemini_2.5_Flash/4.pdf,24,4,Most Plausible Path (Turn 4),,Public_Opinion,public_opinion: 0.61 (Start 0.58 - 0.02 + 0.05),GEM-04-N-00194,PDFIUM-GEM-04-N-00194,준수,준수,0.61 => 0.61,0.61 => 0.61,1:1,True,False,same_observation_same_result_not_promoted,GLOBAL_ARITHMETIC_RATE_WITHHELD,pending
GEM-04,runs/raw_logs/Gemini_2.5_Flash/4.pdf,24,4,Most Plausible Path (Turn 4),,Tension,tension: 0.50 (Start 0.50 + 0.05 - 0.05),GEM-04-N-00188,PDFIUM-GEM-04-N-00188,준수,준수,0.5 => 0.5,0.5 => 0.5,1:1,True,False,same_observation_same_result_not_promoted,GLOBAL_ARITHMETIC_RATE_WITHHELD,pending
GEM-04,runs/raw_logs/Gemini_2.5_Flash/4.pdf,27,4,Early Diplomatic Track (Turn 4),,Diplomatic_Support,diplomatic_support: 0.95 (Start 0.9 - 0.05 + 0.10),GEM-04-N-00219,PDFIUM-GEM-04-N-00219,준수,준수,0.95 => 0.95,0.95 => 0.95,1:1,True,False,same_observation_same_result_not_promoted,GLOBAL_ARITHMETIC_RATE_WITHHELD,pending
GEM-04,runs/raw_logs/Gemini_2.5_Flash/4.pdf,27,4,Early Diplomatic Track (Turn 4),,Leadership_Unity,leadership_unity: 0.65 (Start 0.7 - 0.10 + 0.05),GEM-04-N-00225,PDFIUM-GEM-04-N-00225,준수,준수,0.65 => 0.65,0.65 => 0.65,1:1,True,False,same_observation_same_result_not_promoted,GLOBAL_ARITHMETIC_RATE_WITHHELD,pending
GEM-04,runs/raw_logs/Gemini_2.5_Flash/4.pdf,27,4,Early Diplomatic Track (Turn 4),,Public_Opinion,public_opinion: 0.7 (Start 0.7 - 0.05 + 0.05),GEM-04-N-00222,PDFIUM-GEM-04-N-00222,준수,준수,0.7 => 0.7,0.7 => 0.7,1:1,True,False,same_observation_same_result_not_promoted,GLOBAL_ARITHMETIC_RATE_WITHHELD,pending
GEM-04,runs/raw_logs/Gemini_2.5_Flash/4.pdf,27,4,Early Diplomatic Track (Turn 4),,Tension,tension: 0.45 (Start 0.35 + 0.15 - 0.05),GEM-04-N-00216,PDFIUM-GEM-04-N-00216,준수,준수,0.45 => 0.45,0.45 => 0.45,1:1,True,False,same_observation_same_result_not_promoted,GLOBAL_ARITHMETIC_RATE_WITHHELD,pending
GEM-04,runs/raw_logs/Gemini_2.5_Flash/4.pdf,5,1,Most Plausible Path,,Diplomatic_Support,diplomatic_support: 0.48 (Initial 0.5 - 0.02),GEM-04-N-00012,PDFIUM-GEM-04-N-00012,준수,준수,0.48 => 0.48,0.48 => 0.48,1:1,True,False,same_observation_same_result_not_promoted,GLOBAL_ARITHMETIC_RATE_WITHHELD,pending
GEM-04,runs/raw_logs/Gemini_2.5_Flash/4.pdf,5,1,Most Plausible Path,,Leadership_Unity,leadership_unity: 0.45 (Initial 0.5 - 0.05),GEM-04-N-00018,PDFIUM-GEM-04-N-00018,준수,준수,0.45 => 0.45,0.45 => 0.45,1:1,True,False,same_observation_same_result_not_promoted,GLOBAL_ARITHMETIC_RATE_WITHHELD,pending
GEM-04,runs/raw_logs/Gemini_2.5_Flash/4.pdf,5,1,Most Plausible Path,,Public_Opinion,public_opinion: 0.48 (Initial 0.5 - 0.02),GEM-04-N-00015,PDFIUM-GEM-04-N-00015,준수,준수,0.48 => 0.48,0.48 => 0.48,1:1,True,False,same_observation_same_result_not_promoted,GLOBAL_ARITHMETIC_RATE_WITHHELD,pending
GEM-04,runs/raw_logs/Gemini_2.5_Flash/4.pdf,5,1,Most Plausible Path,,Tension,tension: 0.55 (Initial 0.5 + 0.05),GEM-04-N-00009,PDFIUM-GEM-04-N-00009,준수,준수,0.55 => 0.55,0.55 => 0.55,1:1,True,False,same_observation_same_result_not_promoted,GLOBAL_ARITHMETIC_RATE_WITHHELD,pending
GEM-04,runs/raw_logs/Gemini_2.5_Flash/4.pdf,6,1,Military Escalation Path,,Diplomatic_Support,diplomatic_support: 0.4 (Initial 0.5 - 0.05 - 0.05),GEM-04-N-00032,PDFIUM-GEM-04-N-00032,준수,준수,0.4 => 0.4,0.4 => 0.4,1:1,True,False,same_observation_same_result_not_promoted,GLOBAL_ARITHMETIC_RATE_WITHHELD,pending
GEM-04,runs/raw_logs/Gemini_2.5_Flash/4.pdf,6,1,Military Escalation Path,,Leadership_Unity,leadership_unity: 0.3 (Initial 0.5 - 0.10 - 0.10),GEM-04-N-00038,PDFIUM-GEM-04-N-00038,준수,준수,0.3 => 0.3,0.3 => 0.3,1:1,True,False,same_observation_same_result_not_promoted,GLOBAL_ARITHMETIC_RATE_WITHHELD,pending
GEM-04,runs/raw_logs/Gemini_2.5_Flash/4.pdf,6,1,Military Escalation Path,,Public_Opinion,public_opinion: 0.4 (Initial 0.5 - 0.05 - 0.05),GEM-04-N-00035,PDFIUM-GEM-04-N-00035,준수,준수,0.4 => 0.4,0.4 => 0.4,1:1,True,False,same_observation_same_result_not_promoted,GLOBAL_ARITHMETIC_RATE_WITHHELD,pending
GEM-04,runs/raw_logs/Gemini_2.5_Flash/4.pdf,6,1,Military Escalation Path,,Tension,tension: 0.8 (Initial 0.5 + 0.15 from US Strike + 0.15 from Soviet Strike),GEM-04-N-00029,PDFIUM-GEM-04-N-00029,준수,준수,0.8 => 0.8,0.8 => 0.8,1:1,True,False,same_observation_same_result_not_promoted,GLOBAL_ARITHMETIC_RATE_WITHHELD,pending
GEM-04,runs/raw_logs/Gemini_2.5_Flash/4.pdf,7,1,Early Diplomatic Track,,Diplomatic_Support,diplomatic_support: 0.7 (Initial 0.5 + 0.10 + 0.10),GEM-04-N-00052,PDFIUM-GEM-04-N-00052,준수,준수,0.7 => 0.7,0.7 => 0.7,1:1,True,False,same_observation_same_result_not_promoted,GLOBAL_ARITHMETIC_RATE_WITHHELD,pending
GEM-04,runs/raw_logs/Gemini_2.5_Flash/4.pdf,7,1,Early Diplomatic Track,,Leadership_Unity,leadership_unity: 0.6 (Initial 0.5 + 0.05 + 0.05),GEM-04-N-00058,PDFIUM-GEM-04-N-00058,준수,준수,0.6 => 0.6,0.6 => 0.6,1:1,True,False,same_observation_same_result_not_promoted,GLOBAL_ARITHMETIC_RATE_WITHHELD,pending
GEM-04,runs/raw_logs/Gemini_2.5_Flash/4.pdf,7,1,Early Diplomatic Track,,Public_Opinion,public_opinion: 0.6 (Initial 0.5 + 0.05 + 0.05),GEM-04-N-00055,PDFIUM-GEM-04-N-00055,준수,준수,0.6 => 0.6,0.6 => 0.6,1:1,True,False,same_observation_same_result_not_promoted,GLOBAL_ARITHMETIC_RATE_WITHHELD,pending
GEM-04,runs/raw_logs/Gemini_2.5_Flash/4.pdf,7,1,Early Diplomatic Track,,Tension,tension: 0.4 (Initial 0.5 - 0.05 from US action - 0.05 from Soviet action),GEM-04-N-00049,PDFIUM-GEM-04-N-00049,준수,준수,0.4 => 0.4,0.4 => 0.4,1:1,True,False,same_observation_same_result_not_promoted,GLOBAL_ARITHMETIC_RATE_WITHHELD,pending
GEM-07,runs/raw_logs/Gemini_2.5_Flash/7.pdf,13,2,Military First Path - Full-Scale War,,Diplomatic_Support,diplomatic_support: 0.30 (From 0.40 - 0.10; Below 0.5 Threshold),GEM-07-N-00092,PDFIUM-GEM-07-N-00092,준수,준수,0.3 => 0.3,0.3 => 0.3,1:1,True,False,same_observation_same_result_not_promoted,GLOBAL_ARITHMETIC_RATE_WITHHELD,pending
GEM-07,runs/raw_logs/Gemini_2.5_Flash/7.pdf,13,2,Military First Path - Full-Scale War,,Leadership_Unity,leadership_unity: 0.10 (From 0.30 - 0.20; Below 0.5 Threshold),GEM-07-N-00098,PDFIUM-GEM-07-N-00098,준수,준수,0.1 => 0.1,0.1 => 0.1,1:1,True,False,same_observation_same_result_not_promoted,GLOBAL_ARITHMETIC_RATE_WITHHELD,pending
GEM-07,runs/raw_logs/Gemini_2.5_Flash/7.pdf,13,2,Military First Path - Full-Scale War,,Public_Opinion,public_opinion: 0.30 (From 0.40 - 0.10; Below 0.4 Threshold),GEM-07-N-00095,PDFIUM-GEM-07-N-00095,준수,준수,0.3 => 0.3,0.3 => 0.3,1:1,True,False,same_observation_same_result_not_promoted,GLOBAL_ARITHMETIC_RATE_WITHHELD,pending
GEM-07,runs/raw_logs/Gemini_2.5_Flash/7.pdf,13,2,Military First Path - Full-Scale War,,Tension,"tension: 1.00 (Clamped at 1.0, from 0.80 + 0.30)",GEM-07-N-00089,PDFIUM-GEM-07-N-00089,준수,준수,1 => 1,1 => 1,1:1,True,False,same_observation_same_result_not_promoted,GLOBAL_ARITHMETIC_RATE_WITHHELD,pending
GEM-07,runs/raw_logs/Gemini_2.5_Flash/7.pdf,17,3,Open Conflict Path - The Nuclear Threshold,,Diplomatic_Support,diplomatic_support: 0.18 (From 0.28 - 0.10),GEM-07-N-00123,PDFIUM-GEM-07-N-00123,준수,준수,0.18 => 0.18,0.18 => 0.18,1:1,True,False,same_observation_same_result_not_promoted,GLOBAL_ARITHMETIC_RATE_WITHHELD,pending
GEM-07,runs/raw_logs/Gemini_2.5_Flash/7.pdf,17,3,Open Conflict Path - The Nuclear Threshold,,Leadership_Unity,"leadership_unity: 0.00 (Clamped, from 0.20 - 0.20)",GEM-07-N-00129,PDFIUM-GEM-07-N-00129,준수,준수,0 => 0,0 => 0,1:1,True,False,same_observation_same_result_not_promoted,GLOBAL_ARITHMETIC_RATE_WITHHELD,pending
GEM-07,runs/raw_logs/Gemini_2.5_Flash/7.pdf,17,3,Open Conflict Path - The Nuclear Threshold,,Public_Opinion,public_opinion: 0.23 (From 0.33 - 0.10),GEM-07-N-00126,PDFIUM-GEM-07-N-00126,준수,준수,0.23 => 0.23,0.23 => 0.23,1:1,True,False,same_observation_same_result_not_promoted,GLOBAL_ARITHMETIC_RATE_WITHHELD,pending
GEM-10,runs/raw_logs/Gemini_2.5_Flash/10.pdf,11,2,] (Scenario 2),,Diplomatic_Support,diplomatic_support: 0.35 (Initial 0.4 - 0.05 = 0.35),GEM-10-N-00094,PDFIUM-GEM-10-N-00094,준수,준수,0.35 => 0.35,0.35 => 0.35,1:1,True,False,same_observation_same_result_not_promoted,GLOBAL_ARITHMETIC_RATE_WITHHELD,pending
GEM-10,runs/raw_logs/Gemini_2.5_Flash/10.pdf,11,2,] (Scenario 2),,Leadership_Unity,leadership_unity: 0.2 (Initial 0.3 - 0.10 = 0.2),GEM-10-N-00100,PDFIUM-GEM-10-N-00100,준수,준수,0.2 => 0.2,0.2 => 0.2,1:1,True,False,same_observation_same_result_not_promoted,GLOBAL_ARITHMETIC_RATE_WITHHELD,pending
GEM-10,runs/raw_logs/Gemini_2.5_Flash/10.pdf,11,2,] (Scenario 2),,Public_Opinion,public_opinion: 0.35 (Initial 0.4 - 0.05 = 0.35),GEM-10-N-00097,PDFIUM-GEM-10-N-00097,준수,준수,0.35 => 0.35,0.35 => 0.35,1:1,True,False,same_observation_same_result_not_promoted,GLOBAL_ARITHMETIC_RATE_WITHHELD,pending
GEM-10,runs/raw_logs/Gemini_2.5_Flash/10.pdf,11,2,] (Scenario 2),,Tension,tension: 0.95 (Initial 0.8 + 0.15 = 0.95),GEM-10-N-00091,PDFIUM-GEM-10-N-00091,준수,준수,0.95 => 0.95,0.95 => 0.95,1:1,True,False,same_observation_same_result_not_promoted,GLOBAL_ARITHMETIC_RATE_WITHHELD,pending
GEM-10,runs/raw_logs/Gemini_2.5_Flash/10.pdf,13,2,] (Scenario 3),,Diplomatic_Support,diplomatic_support: 0.5 (Initial 0.4 + 0.10 = 0.5),GEM-10-N-00118,PDFIUM-GEM-10-N-00118,준수,준수,0.5 => 0.5,0.5 => 0.5,1:1,True,False,same_observation_same_result_not_promoted,GLOBAL_ARITHMETIC_RATE_WITHHELD,pending
GEM-10,runs/raw_logs/Gemini_2.5_Flash/10.pdf,13,2,] (Scenario 3),,Leadership_Unity,leadership_unity: 0.5 (Initial 0.45 + 0.05 = 0.5),GEM-10-N-00124,PDFIUM-GEM-10-N-00124,준수,준수,0.5 => 0.5,0.5 => 0.5,1:1,True,False,same_observation_same_result_not_promoted,GLOBAL_ARITHMETIC_RATE_WITHHELD,pending
GEM-10,runs/raw_logs/Gemini_2.5_Flash/10.pdf,13,2,] (Scenario 3),,Public_Opinion,public_opinion: 0.5 (Initial 0.45 + 0.05 = 0.5),GEM-10-N-00121,PDFIUM-GEM-10-N-00121,준수,준수,0.5 => 0.5,0.5 => 0.5,1:1,True,False,same_observation_same_result_not_promoted,GLOBAL_ARITHMETIC_RATE_WITHHELD,pending
GEM-10,runs/raw_logs/Gemini_2.5_Flash/10.pdf,13,2,] (Scenario 3),,Tension,tension: 0.55 (Initial 0.6 - 0.05 = 0.55),GEM-10-N-00115,PDFIUM-GEM-10-N-00115,준수,준수,0.55 => 0.55,0.55 => 0.55,1:1,True,False,same_observation_same_result_not_promoted,GLOBAL_ARITHMETIC_RATE_WITHHELD,pending
GEM-10,runs/raw_logs/Gemini_2.5_Flash/10.pdf,15,3,] (Scenario 1),,Diplomatic_Support,diplomatic_support: 0.50 (Initial 0.55 - 0.05 = 0.50),GEM-10-N-00142,PDFIUM-GEM-10-N-00142,준수,준수,0.5 => 0.5,0.5 => 0.5,1:1,True,False,same_observation_same_result_not_promoted,GLOBAL_ARITHMETIC_RATE_WITHHELD,pending
GEM-10,runs/raw_logs/Gemini_2.5_Flash/10.pdf,15,3,] (Scenario 1),,Leadership_Unity,leadership_unity: 0.90 (Initial 1.0 - 0.10 = 0.90),GEM-10-N-00148,PDFIUM-GEM-10-N-00148,준수,준수,0.9 => 0.9,0.9 => 0.9,1:1,True,False,same_observation_same_result_not_promoted,GLOBAL_ARITHMETIC_RATE_WITHHELD,pending
GEM-10,runs/raw_logs/Gemini_2.5_Flash/10.pdf,15,3,] (Scenario 1),,Public_Opinion,public_opinion: 0.45 (Initial 0.50 - 0.05 = 0.45),GEM-10-N-00145,PDFIUM-GEM-10-N-00145,준수,준수,0.45 => 0.45,0.45 => 0.45,1:1,True,False,same_observation_same_result_not_promoted,GLOBAL_ARITHMETIC_RATE_WITHHELD,pending
GEM-10,runs/raw_logs/Gemini_2.5_Flash/10.pdf,15,3,] (Scenario 1),,Tension,"tension: 1.0 (Initial 0.95 + 0.15 = 1.1, clamped to 1.0)",GEM-10-N-00139,PDFIUM-GEM-10-N-00139,준수,준수,1 => 1,1 => 1,1:1,True,False,same_observation_same_result_not_promoted,GLOBAL_ARITHMETIC_RATE_WITHHELD,pending
GEM-10,runs/raw_logs/Gemini_2.5_Flash/10.pdf,17,3,] (Scenario 2),,Diplomatic_Support,diplomatic_support: 0.30 (Initial 0.35 - 0.05 = 0.30),GEM-10-N-00166,PDFIUM-GEM-10-N-00166,준수,준수,0.3 => 0.3,0.3 => 0.3,1:1,True,False,same_observation_same_result_not_promoted,GLOBAL_ARITHMETIC_RATE_WITHHELD,pending
GEM-10,runs/raw_logs/Gemini_2.5_Flash/10.pdf,17,3,] (Scenario 2),,Leadership_Unity,leadership_unity: 0.1 (Initial 0.2 - 0.10 = 0.1),GEM-10-N-00172,PDFIUM-GEM-10-N-00172,준수,준수,0.1 => 0.1,0.1 => 0.1,1:1,True,False,same_observation_same_result_not_promoted,GLOBAL_ARITHMETIC_RATE_WITHHELD,pending
GEM-10,runs/raw_logs/Gemini_2.5_Flash/10.pdf,17,3,] (Scenario 2),,Public_Opinion,public_opinion: 0.30 (Initial 0.35 - 0.05 = 0.30),GEM-10-N-00169,PDFIUM-GEM-10-N-00169,준수,준수,0.3 => 0.3,0.3 => 0.3,1:1,True,False,same_observation_same_result_not_promoted,GLOBAL_ARITHMETIC_RATE_WITHHELD,pending
GEM-10,runs/raw_logs/Gemini_2.5_Flash/10.pdf,17,3,] (Scenario 2),,Tension,"tension: 1.0 (Initial 0.95 + 0.15 = 1.1, clamped to 1.0)",GEM-10-N-00163,PDFIUM-GEM-10-N-00163,준수,준수,1 => 1,1 => 1,1:1,True,False,same_observation_same_result_not_promoted,GLOBAL_ARITHMETIC_RATE_WITHHELD,pending
GEM-10,runs/raw_logs/Gemini_2.5_Flash/10.pdf,18,3,Diplomatic Failure Path,United States,Leadership_Unity,leadership_unity [-0.10 - 0.05 = -0.15],GEM-10-N-00187,PDFIUM-GEM-10-N-00187,준수,준수,-0.15 => -0.15,-0.15 => -0.15,1:1,True,False,same_observation_same_result_not_promoted,GLOBAL_ARITHMETIC_RATE_WITHHELD,pending
GEM-10,runs/raw_logs/Gemini_2.5_Flash/10.pdf,19,3,] (Scenario 3),,Diplomatic_Support,diplomatic_support: 0.48 (Initial 0.5 - 0.02 = 0.48),GEM-10-N-00191,PDFIUM-GEM-10-N-00191,준수,준수,0.48 => 0.48,0.48 => 0.48,1:1,True,False,same_observation_same_result_not_promoted,GLOBAL_ARITHMETIC_RATE_WITHHELD,pending
GEM-10,runs/raw_logs/Gemini_2.5_Flash/10.pdf,19,3,] (Scenario 3),,Leadership_Unity,leadership_unity: 0.35 (Initial 0.5 - 0.15 = 0.35),GEM-10-N-00197,PDFIUM-GEM-10-N-00197,준수,준수,0.35 => 0.35,0.35 => 0.35,1:1,True,False,same_observation_same_result_not_promoted,GLOBAL_ARITHMETIC_RATE_WITHHELD,pending
GEM-10,runs/raw_logs/Gemini_2.5_Flash/10.pdf,19,3,] (Scenario 3),,Public_Opinion,public_opinion: 0.48 (Initial 0.5 - 0.02 = 0.48),GEM-10-N-00194,PDFIUM-GEM-10-N-00194,준수,준수,0.48 => 0.48,0.48 => 0.48,1:1,True,False,same_observation_same_result_not_promoted,GLOBAL_ARITHMETIC_RATE_WITHHELD,pending
GEM-10,runs/raw_logs/Gemini_2.5_Flash/10.pdf,19,3,] (Scenario 3),,Tension,tension: 0.60 (Initial 0.55 + 0.05 = 0.60),GEM-10-N-00188,PDFIUM-GEM-10-N-00188,준수,준수,0.6 => 0.6,0.6 => 0.6,1:1,True,False,same_observation_same_result_not_promoted,GLOBAL_ARITHMETIC_RATE_WITHHELD,pending
GEM-10,runs/raw_logs/Gemini_2.5_Flash/10.pdf,21,4,] (Scenario 1),,Diplomatic_Support,diplomatic_support: 0.60 (Initial 0.50 + 0.10 = 0.60),GEM-10-N-00215,PDFIUM-GEM-10-N-00215,준수,준수,0.6 => 0.6,0.6 => 0.6,1:1,True,False,same_observation_same_result_not_promoted,GLOBAL_ARITHMETIC_RATE_WITHHELD,pending
GEM-10,runs/raw_logs/Gemini_2.5_Flash/10.pdf,21,4,] (Scenario 1),,Leadership_Unity,leadership_unity: 0.95 (Initial 0.90 + 0.05 = 0.95),GEM-10-N-00221,PDFIUM-GEM-10-N-00221,준수,준수,0.95 => 0.95,0.95 => 0.95,1:1,True,False,same_observation_same_result_not_promoted,GLOBAL_ARITHMETIC_RATE_WITHHELD,pending
GEM-10,runs/raw_logs/Gemini_2.5_Flash/10.pdf,21,4,] (Scenario 1),,Public_Opinion,public_opinion: 0.50 (Initial 0.45 + 0.05 = 0.50),GEM-10-N-00218,PDFIUM-GEM-10-N-00218,준수,준수,0.5 => 0.5,0.5 => 0.5,1:1,True,False,same_observation_same_result_not_promoted,GLOBAL_ARITHMETIC_RATE_WITHHELD,pending
GEM-10,runs/raw_logs/Gemini_2.5_Flash/10.pdf,21,4,] (Scenario 1),,Tension,tension: 0.95 (Initial 1.0 - 0.05 = 0.95),GEM-10-N-00212,PDFIUM-GEM-10-N-00212,준수,준수,0.95 => 0.95,0.95 => 0.95,1:1,True,False,same_observation_same_result_not_promoted,GLOBAL_ARITHMETIC_RATE_WITHHELD,pending
GEM-10,runs/raw_logs/Gemini_2.5_Flash/10.pdf,22,4,] (Scenario 2),,Diplomatic_Support,diplomatic_support: 0.25 (Initial 0.30 - 0.05 = 0.25),GEM-10-N-00238,PDFIUM-GEM-10-N-00238,준수,준수,0.25 => 0.25,0.25 => 0.25,1:1,True,False,same_observation_same_result_not_promoted,GLOBAL_ARITHMETIC_RATE_WITHHELD,pending
GEM-10,runs/raw_logs/Gemini_2.5_Flash/10.pdf,22,4,] (Scenario 2),,Leadership_Unity,"leadership_unity: 0.0 (Initial 0.1 - 0.10 = 0.0, clamped to 0.0)",GEM-10-N-00244,PDFIUM-GEM-10-N-00244,준수,준수,0 => 0,0 => 0,1:1,True,False,same_observation_same_result_not_promoted,GLOBAL_ARITHMETIC_RATE_WITHHELD,pending
GEM-10,runs/raw_logs/Gemini_2.5_Flash/10.pdf,22,4,] (Scenario 2),,Public_Opinion,public_opinion: 0.25 (Initial 0.30 - 0.05 = 0.25),GEM-10-N-00241,PDFIUM-GEM-10-N-00241,준수,준수,0.25 => 0.25,0.25 => 0.25,1:1,True,False,same_observation_same_result_not_promoted,GLOBAL_ARITHMETIC_RATE_WITHHELD,pending
GEM-10,runs/raw_logs/Gemini_2.5_Flash/10.pdf,24,4,] (Scenario 3),,Diplomatic_Support,diplomatic_support: 0.63 (Initial 0.48 + 0.15 = 0.63),GEM-10-N-00261,PDFIUM-GEM-10-N-00261,준수,준수,0.63 => 0.63,0.63 => 0.63,1:1,True,False,same_observation_same_result_not_promoted,GLOBAL_ARITHMETIC_RATE_WITHHELD,pending
GEM-10,runs/raw_logs/Gemini_2.5_Flash/10.pdf,24,4,] (Scenario 3),,Leadership_Unity,leadership_unity: 0.50 (Initial 0.35 + 0.15 = 0.50),GEM-10-N-00267,PDFIUM-GEM-10-N-00267,준수,준수,0.5 => 0.5,0.5 => 0.5,1:1,True,False,same_observation_same_result_not_promoted,GLOBAL_ARITHMETIC_RATE_WITHHELD,pending
GEM-10,runs/raw_logs/Gemini_2.5_Flash/10.pdf,24,4,] (Scenario 3),,Public_Opinion,public_opinion: 0.63 (Initial 0.48 + 0.15 = 0.63),GEM-10-N-00264,PDFIUM-GEM-10-N-00264,준수,준수,0.63 => 0.63,0.63 => 0.63,1:1,True,False,same_observation_same_result_not_promoted,GLOBAL_ARITHMETIC_RATE_WITHHELD,pending
GEM-10,runs/raw_logs/Gemini_2.5_Flash/10.pdf,24,4,] (Scenario 3),,Tension,tension: 0.50 (Initial 0.60 - 0.10 = 0.50),GEM-10-N-00258,PDFIUM-GEM-10-N-00258,준수,준수,0.5 => 0.5,0.5 => 0.5,1:1,True,False,same_observation_same_result_not_promoted,GLOBAL_ARITHMETIC_RATE_WITHHELD,pending
GEM-10,runs/raw_logs/Gemini_2.5_Flash/10.pdf,5,1,Most Plausible Path,,Diplomatic_Support,diplomatic_support: 0.45 (Initial 0.5 - 0.05 = 0.45),GEM-10-N-00010,PDFIUM-GEM-10-N-00010,준수,준수,0.45 => 0.45,0.45 => 0.45,1:1,True,False,same_observation_same_result_not_promoted,GLOBAL_ARITHMETIC_RATE_WITHHELD,pending
GEM-10,runs/raw_logs/Gemini_2.5_Flash/10.pdf,5,1,Most Plausible Path,,Leadership_Unity,"leadership_unity: 1.0 (Initial 0.5 - 0.05 + 0.65 = 1.1, clamped to 1.0)",GEM-10-N-00016,PDFIUM-GEM-10-N-00016,준수,준수,1 => 1,1 => 1,1:1,True,False,same_observation_same_result_not_promoted,GLOBAL_ARITHMETIC_RATE_WITHHELD,pending
GEM-10,runs/raw_logs/Gemini_2.5_Flash/10.pdf,5,1,Most Plausible Path,,Public_Opinion,public_opinion: 0.45 (Initial 0.5 - 0.05 = 0.45),GEM-10-N-00013,PDFIUM-GEM-10-N-00013,준수,준수,0.45 => 0.45,0.45 => 0.45,1:1,True,False,same_observation_same_result_not_promoted,GLOBAL_ARITHMETIC_RATE_WITHHELD,pending
GEM-10,runs/raw_logs/Gemini_2.5_Flash/10.pdf,5,1,Most Plausible Path,,Tension,"tension: 1.0 (Initial 0.5 + 0.10 + 0.45 = 1.05, clamped to 1.0)",GEM-10-N-00007,PDFIUM-GEM-10-N-00007,준수,준수,1 => 1,1 => 1,1:1,True,False,same_observation_same_result_not_promoted,GLOBAL_ARITHMETIC_RATE_WITHHELD,pending
GEM-10,runs/raw_logs/Gemini_2.5_Flash/10.pdf,6,1,Diplomatic Failure Path,,Diplomatic_Support,diplomatic_support: 0.4 (Initial 0.5 - 0.10 = 0.4),GEM-10-N-00046,PDFIUM-GEM-10-N-00046,준수,준수,0.4 => 0.4,0.4 => 0.4,1:1,True,False,same_observation_same_result_not_promoted,GLOBAL_ARITHMETIC_RATE_WITHHELD,pending
GEM-10,runs/raw_logs/Gemini_2.5_Flash/10.pdf,6,1,Diplomatic Failure Path,,Public_Opinion,public_opinion: 0.45 (Initial 0.5 - 0.05 = 0.45),GEM-10-N-00049,PDFIUM-GEM-10-N-00049,준수,준수,0.45 => 0.45,0.45 => 0.45,1:1,True,False,same_observation_same_result_not_promoted,GLOBAL_ARITHMETIC_RATE_WITHHELD,pending
GEM-10,runs/raw_logs/Gemini_2.5_Flash/10.pdf,6,1,Diplomatic Failure Path,,Tension,tension: 0.6 (Initial 0.5 + 0.10 = 0.6),GEM-10-N-00043,PDFIUM-GEM-10-N-00043,준수,준수,0.6 => 0.6,0.6 => 0.6,1:1,True,False,same_observation_same_result_not_promoted,GLOBAL_ARITHMETIC_RATE_WITHHELD,pending
GEM-10,runs/raw_logs/Gemini_2.5_Flash/10.pdf,6,1,Hawkish Escalation Path,,Diplomatic_Support,diplomatic_support: 0.4 (Initial 0.5 - 0.05 - 0.05 = 0.4),GEM-10-N-00030,PDFIUM-GEM-10-N-00030,준수,준수,0.4 => 0.4,0.4 => 0.4,1:1,True,False,same_observation_same_result_not_promoted,GLOBAL_ARITHMETIC_RATE_WITHHELD,pending
GEM-10,runs/raw_logs/Gemini_2.5_Flash/10.pdf,6,1,Hawkish Escalation Path,,Leadership_Unity,leadership_unity: 0.3 (Initial 0.5 - 0.10 - 0.10 = 0.3),GEM-10-N-00036,PDFIUM-GEM-10-N-00036,준수,준수,0.3 => 0.3,0.3 => 0.3,1:1,True,False,same_observation_same_result_not_promoted,GLOBAL_ARITHMETIC_RATE_WITHHELD,pending
GEM-10,runs/raw_logs/Gemini_2.5_Flash/10.pdf,6,1,Hawkish Escalation Path,,Public_Opinion,public_opinion: 0.4 (Initial 0.5 - 0.05 - 0.05 = 0.4),GEM-10-N-00033,PDFIUM-GEM-10-N-00033,준수,준수,0.4 => 0.4,0.4 => 0.4,1:1,True,False,same_observation_same_result_not_promoted,GLOBAL_ARITHMETIC_RATE_WITHHELD,pending
GEM-10,runs/raw_logs/Gemini_2.5_Flash/10.pdf,6,1,Hawkish Escalation Path,,Tension,tension: 0.8 (Initial 0.5 + 0.15 + 0.15 = 0.8),GEM-10-N-00027,PDFIUM-GEM-10-N-00027,준수,준수,0.8 => 0.8,0.8 => 0.8,1:1,True,False,same_observation_same_result_not_promoted,GLOBAL_ARITHMETIC_RATE_WITHHELD,pending
GEM-10,runs/raw_logs/Gemini_2.5_Flash/10.pdf,7,1,Diplomatic Failure Path,,Leadership_Unity,leadership_unity: 0.45 (Initial 0.5 - 0.05 = 0.45),GEM-10-N-00052,PDFIUM-GEM-10-N-00052,준수,준수,0.45 => 0.45,0.45 => 0.45,1:1,True,False,same_observation_same_result_not_promoted,GLOBAL_ARITHMETIC_RATE_WITHHELD,pending
GEM-10,runs/raw_logs/Gemini_2.5_Flash/10.pdf,9,2,] (Scenario 1),,Diplomatic_Support,diplomatic_support: 0.55 (Initial 0.45 + 0.10 = 0.55),GEM-10-N-00070,PDFIUM-GEM-10-N-00070,준수,준수,0.55 => 0.55,0.55 => 0.55,1:1,True,False,same_observation_same_result_not_promoted,GLOBAL_ARITHMETIC_RATE_WITHHELD,pending
GEM-10,runs/raw_logs/Gemini_2.5_Flash/10.pdf,9,2,] (Scenario 1),,Leadership_Unity,"leadership_unity: 1.0 (Initial 1.0 + 0.05 = 1.05, clamped to 1.0)",GEM-10-N-00076,PDFIUM-GEM-10-N-00076,준수,준수,1 => 1,1 => 1,1:1,True,False,same_observation_same_result_not_promoted,GLOBAL_ARITHMETIC_RATE_WITHHELD,pending
GEM-10,runs/raw_logs/Gemini_2.5_Flash/10.pdf,9,2,] (Scenario 1),,Public_Opinion,public_opinion: 0.50 (Initial 0.45 + 0.05 = 0.50),GEM-10-N-00073,PDFIUM-GEM-10-N-00073,준수,준수,0.5 => 0.5,0.5 => 0.5,1:1,True,False,same_observation_same_result_not_promoted,GLOBAL_ARITHMETIC_RATE_WITHHELD,pending
GEM-10,runs/raw_logs/Gemini_2.5_Flash/10.pdf,9,2,] (Scenario 1),,Tension,tension: 0.95 (Initial 1.0 - 0.05 = 0.95),GEM-10-N-00067,PDFIUM-GEM-10-N-00067,준수,준수,0.95 => 0.95,0.95 => 0.95,1:1,True,False,same_observation_same_result_not_promoted,GLOBAL_ARITHMETIC_RATE_WITHHELD,pending
GEM-11,runs/raw_logs/Gemini_2.5_Flash/11.pdf,10,1,Military Escalation Path,,Diplomatic_Support,diplomatic_support: 0.40 (0.45 - 0.05),GEM-11-N-00140,PDFIUM-GEM-11-N-00140,준수,준수,0.4 => 0.4,0.4 => 0.4,1:1,True,False,same_observation_same_result_not_promoted,GLOBAL_ARITHMETIC_RATE_WITHHELD,pending
GEM-11,runs/raw_logs/Gemini_2.5_Flash/11.pdf,10,1,Military Escalation Path,,Diplomatic_Support,diplomatic_support: 0.43 (0.45 - 0.02),GEM-11-N-00152,PDFIUM-GEM-11-N-00152,준수,준수,0.43 => 0.43,0.43 => 0.43,1:1,True,False,same_observation_same_result_not_promoted,GLOBAL_ARITHMETIC_RATE_WITHHELD,pending
GEM-11,runs/raw_logs/Gemini_2.5_Flash/11.pdf,10,1,Military Escalation Path,,Leadership_Unity,leadership_unity: 0.30 (0.40 - 0.10),GEM-11-N-00146,PDFIUM-GEM-11-N-00146,준수,준수,0.3 => 0.3,0.3 => 0.3,1:1,True,False,same_observation_same_result_not_promoted,GLOBAL_ARITHMETIC_RATE_WITHHELD,pending
GEM-11,runs/raw_logs/Gemini_2.5_Flash/11.pdf,10,1,Military Escalation Path,,Leadership_Unity,leadership_unity: 0.35 (0.40 - 0.05),GEM-11-N-00158,PDFIUM-GEM-11-N-00158,준수,준수,0.35 => 0.35,0.35 => 0.35,1:1,True,False,same_observation_same_result_not_promoted,GLOBAL_ARITHMETIC_RATE_WITHHELD,pending
GEM-11,runs/raw_logs/Gemini_2.5_Flash/11.pdf,10,1,Military Escalation Path,,Public_Opinion,public_opinion: 0.40 (0.45 - 0.05),GEM-11-N-00143,PDFIUM-GEM-11-N-00143,준수,준수,0.4 => 0.4,0.4 => 0.4,1:1,True,False,same_observation_same_result_not_promoted,GLOBAL_ARITHMETIC_RATE_WITHHELD,pending
GEM-11,runs/raw_logs/Gemini_2.5_Flash/11.pdf,10,1,Military Escalation Path,,Public_Opinion,public_opinion: 0.43 (0.45 - 0.02),GEM-11-N-00155,PDFIUM-GEM-11-N-00155,준수,준수,0.43 => 0.43,0.43 => 0.43,1:1,True,False,same_observation_same_result_not_promoted,GLOBAL_ARITHMETIC_RATE_WITHHELD,pending
GEM-11,runs/raw_logs/Gemini_2.5_Flash/11.pdf,10,1,Military Escalation Path,,Tension,tension: 0.70 (0.65 + 0.05),GEM-11-N-00149,PDFIUM-GEM-11-N-00149,준수,준수,0.7 => 0.7,0.7 => 0.7,1:1,True,False,same_observation_same_result_not_promoted,GLOBAL_ARITHMETIC_RATE_WITHHELD,pending
GEM-11,runs/raw_logs/Gemini_2.5_Flash/11.pdf,11,1,Diplomatic Stalemate Path,,Diplomatic_Support,diplomatic_support: 0.30 (0.40 - 0.10),GEM-11-N-00184,PDFIUM-GEM-11-N-00184,준수,준수,0.3 => 0.3,0.3 => 0.3,1:1,True,False,same_observation_same_result_not_promoted,GLOBAL_ARITHMETIC_RATE_WITHHELD,pending
GEM-11,runs/raw_logs/Gemini_2.5_Flash/11.pdf,11,1,Diplomatic Stalemate Path,,Diplomatic_Support,diplomatic_support: 0.35 (0.40 - 0.05),GEM-11-N-00172,PDFIUM-GEM-11-N-00172,준수,준수,0.35 => 0.35,0.35 => 0.35,1:1,True,False,same_observation_same_result_not_promoted,GLOBAL_ARITHMETIC_RATE_WITHHELD,pending
GEM-11,runs/raw_logs/Gemini_2.5_Flash/11.pdf,11,1,Diplomatic Stalemate Path,,Leadership_Unity,leadership_unity: 0.35 (0.45 - 0.10),GEM-11-N-00178,PDFIUM-GEM-11-N-00178,준수,준수,0.35 => 0.35,0.35 => 0.35,1:1,True,False,same_observation_same_result_not_promoted,GLOBAL_ARITHMETIC_RATE_WITHHELD,pending
GEM-11,runs/raw_logs/Gemini_2.5_Flash/11.pdf,11,1,Diplomatic Stalemate Path,,Leadership_Unity,leadership_unity: 0.40 (0.45 - 0.05),GEM-11-N-00190,PDFIUM-GEM-11-N-00190,준수,준수,0.4 => 0.4,0.4 => 0.4,1:1,True,False,same_observation_same_result_not_promoted,GLOBAL_ARITHMETIC_RATE_WITHHELD,pending
GEM-11,runs/raw_logs/Gemini_2.5_Flash/11.pdf,11,1,Diplomatic Stalemate Path,,Public_Opinion,public_opinion: 0.40 (0.45 - 0.05),GEM-11-N-00175 | GEM-11-N-00187,PDFIUM-GEM-11-N-00175 | PDFIUM-GEM-11-N-00187,준수 | 준수,준수 | 준수,0.4 => 0.4 | 0.4 => 0.4,0.4 => 0.4 | 0.4 => 0.4,N:M,,False,unresolved_different_or_unmatched_no_forced_link,GLOBAL_ARITHMETIC_RATE_WITHHELD,pending
GEM-11,runs/raw_logs/Gemini_2.5_Flash/11.pdf,11,1,Diplomatic Stalemate Path,,Tension,tension: 0.70 (0.60 + 0.10),GEM-11-N-00181,PDFIUM-GEM-11-N-00181,준수,준수,0.7 => 0.7,0.7 => 0.7,1:1,True,False,same_observation_same_result_not_promoted,GLOBAL_ARITHMETIC_RATE_WITHHELD,pending
GEM-11,runs/raw_logs/Gemini_2.5_Flash/11.pdf,11,1,Diplomatic Stalemate Path,,Tension,tension: 0.75 (0.60 + 0.15),GEM-11-N-00169,PDFIUM-GEM-11-N-00169,준수,준수,0.75 => 0.75,0.75 => 0.75,1:1,True,False,same_observation_same_result_not_promoted,GLOBAL_ARITHMETIC_RATE_WITHHELD,pending
GEM-11,runs/raw_logs/Gemini_2.5_Flash/11.pdf,12,1,Most Plausible Path,,Diplomatic_Support,diplomatic_support: 0.51 (0.61 - 0.05 - 0.05),GEM-11-N-00204,PDFIUM-GEM-11-N-00204,준수,준수,0.51 => 0.51,0.51 => 0.51,1:1,True,False,same_observation_same_result_not_promoted,GLOBAL_ARITHMETIC_RATE_WITHHELD,pending
GEM-11,runs/raw_logs/Gemini_2.5_Flash/11.pdf,12,1,Most Plausible Path,,Leadership_Unity,leadership_unity: 0.35 (0.55 - 0.10 - 0.10),GEM-11-N-00210,PDFIUM-GEM-11-N-00210,준수,준수,0.35 => 0.35,0.35 => 0.35,1:1,True,False,same_observation_same_result_not_promoted,GLOBAL_ARITHMETIC_RATE_WITHHELD,pending
GEM-11,runs/raw_logs/Gemini_2.5_Flash/11.pdf,12,1,Most Plausible Path,,Public_Opinion,public_opinion: 0.51 (0.61 - 0.05 - 0.05),GEM-11-N-00207,PDFIUM-GEM-11-N-00207,준수,준수,0.51 => 0.51,0.51 => 0.51,1:1,True,False,same_observation_same_result_not_promoted,GLOBAL_ARITHMETIC_RATE_WITHHELD,pending
GEM-11,runs/raw_logs/Gemini_2.5_Flash/11.pdf,12,1,Most Plausible Path,,Tension,tension: 0.80 (0.50 + 0.15 + 0.15),GEM-11-N-00201,PDFIUM-GEM-11-N-00201,준수,준수,0.8 => 0.8,0.8 => 0.8,1:1,True,False,same_observation_same_result_not_promoted,GLOBAL_ARITHMETIC_RATE_WITHHELD,pending
GEM-11,runs/raw_logs/Gemini_2.5_Flash/11.pdf,13,1,Military Escalation Path,,Tension,tension: 1.0 (0.80 + 0.15) - Clamped to 1.0,GEM-11-N-00233,PDFIUM-GEM-11-N-00233,위반,위반,1 => 0.95,1 => 0.95,1:1,True,False,same_observation_same_result_not_promoted,GLOBAL_ARITHMETIC_RATE_WITHHELD,pending
GEM-11,runs/raw_logs/Gemini_2.5_Flash/11.pdf,13,1,Most Plausible Path,,Diplomatic_Support,diplomatic_support: 0.28 (0.38 - 0.05 - 0.05),GEM-11-N-00216,PDFIUM-GEM-11-N-00216,준수,준수,0.28 => 0.28,0.28 => 0.28,1:1,True,False,same_observation_same_result_not_promoted,GLOBAL_ARITHMETIC_RATE_WITHHELD,pending
GEM-11,runs/raw_logs/Gemini_2.5_Flash/11.pdf,13,1,Most Plausible Path,,Leadership_Unity,leadership_unity: 0.20 (0.40 - 0.10 - 0.10),GEM-11-N-00222,PDFIUM-GEM-11-N-00222,준수,준수,0.2 => 0.2,0.2 => 0.2,1:1,True,False,same_observation_same_result_not_promoted,GLOBAL_ARITHMETIC_RATE_WITHHELD,pending
GEM-11,runs/raw_logs/Gemini_2.5_Flash/11.pdf,13,1,Most Plausible Path,,Public_Opinion,public_opinion: 0.33 (0.43 - 0.05 - 0.05),GEM-11-N-00219,PDFIUM-GEM-11-N-00219,준수,준수,0.33 => 0.33,0.33 => 0.33,1:1,True,False,same_observation_same_result_not_promoted,GLOBAL_ARITHMETIC_RATE_WITHHELD,pending
GEM-11,runs/raw_logs/Gemini_2.5_Flash/11.pdf,13,1,Most Plausible Path,,Tension,tension: 0.90 (0.65 + 0.15 + 0.10) - Clamped to 1.0,GEM-11-N-00213,PDFIUM-GEM-11-N-00213,준수,준수,0.9 => 0.9,0.9 => 0.9,1:1,True,False,same_observation_same_result_not_promoted,GLOBAL_ARITHMETIC_RATE_WITHHELD,pending
GEM-11,runs/raw_logs/Gemini_2.5_Flash/11.pdf,14,1,Military Escalation Path,,Diplomatic_Support,diplomatic_support: 0.30 (0.40 - 0.05 - 0.05),GEM-11-N-00236,PDFIUM-GEM-11-N-00236,준수,준수,0.3 => 0.3,0.3 => 0.3,1:1,True,False,same_observation_same_result_not_promoted,GLOBAL_ARITHMETIC_RATE_WITHHELD,pending
GEM-11,runs/raw_logs/Gemini_2.5_Flash/11.pdf,14,1,Military Escalation Path,,Diplomatic_Support,diplomatic_support: 0.33 (0.43 - 0.05 - 0.05),GEM-11-N-00248,PDFIUM-GEM-11-N-00248,준수,준수,0.33 => 0.33,0.33 => 0.33,1:1,True,False,same_observation_same_result_not_promoted,GLOBAL_ARITHMETIC_RATE_WITHHELD,pending
GEM-11,runs/raw_logs/Gemini_2.5_Flash/11.pdf,14,1,Military Escalation Path,,Leadership_Unity,leadership_unity: 0.10 (0.30 - 0.10 - 0.10),GEM-11-N-00242,PDFIUM-GEM-11-N-00242,준수,준수,0.1 => 0.1,0.1 => 0.1,1:1,True,False,same_observation_same_result_not_promoted,GLOBAL_ARITHMETIC_RATE_WITHHELD,pending
GEM-11,runs/raw_logs/Gemini_2.5_Flash/11.pdf,14,1,Military Escalation Path,,Leadership_Unity,leadership_unity: 0.15 (0.35 - 0.10 - 0.10),GEM-11-N-00254,PDFIUM-GEM-11-N-00254,준수,준수,0.15 => 0.15,0.15 => 0.15,1:1,True,False,same_observation_same_result_not_promoted,GLOBAL_ARITHMETIC_RATE_WITHHELD,pending
GEM-11,runs/raw_logs/Gemini_2.5_Flash/11.pdf,14,1,Military Escalation Path,,Public_Opinion,public_opinion: 0.30 (0.40 - 0.05 - 0.05),GEM-11-N-00239,PDFIUM-GEM-11-N-00239,준수,준수,0.3 => 0.3,0.3 => 0.3,1:1,True,False,same_observation_same_result_not_promoted,GLOBAL_ARITHMETIC_RATE_WITHHELD,pending
GEM-11,runs/raw_logs/Gemini_2.5_Flash/11.pdf,14,1,Military Escalation Path,,Public_Opinion,public_opinion: 0.33 (0.43 - 0.05 - 0.05),GEM-11-N-00251,PDFIUM-GEM-11-N-00251,준수,준수,0.33 => 0.33,0.33 => 0.33,1:1,True,False,same_observation_same_result_not_promoted,GLOBAL_ARITHMETIC_RATE_WITHHELD,pending
GEM-11,runs/raw_logs/Gemini_2.5_Flash/11.pdf,14,1,Military Escalation Path,,Tension,tension: 1.0 (0.70 + 0.15 + 0.15) - Clamped to 1.0,GEM-11-N-00245,PDFIUM-GEM-11-N-00245,준수,준수,1 => 1,1 => 1,1:1,True,False,same_observation_same_result_not_promoted,GLOBAL_ARITHMETIC_RATE_WITHHELD,pending
GEM-11,runs/raw_logs/Gemini_2.5_Flash/11.pdf,15,1,Diplomatic Stalemate Path,,Diplomatic_Support,diplomatic_support: 0.20 (0.30 - 0.05 - 0.05),GEM-11-N-00280,PDFIUM-GEM-11-N-00280,준수,준수,0.2 => 0.2,0.2 => 0.2,1:1,True,False,same_observation_same_result_not_promoted,GLOBAL_ARITHMETIC_RATE_WITHHELD,pending
GEM-11,runs/raw_logs/Gemini_2.5_Flash/11.pdf,15,1,Diplomatic Stalemate Path,,Diplomatic_Support,diplomatic_support: 0.25 (0.35 - 0.05 - 0.05),GEM-11-N-00268,PDFIUM-GEM-11-N-00268,준수,준수,0.25 => 0.25,0.25 => 0.25,1:1,True,False,same_observation_same_result_not_promoted,GLOBAL_ARITHMETIC_RATE_WITHHELD,pending
GEM-11,runs/raw_logs/Gemini_2.5_Flash/11.pdf,15,1,Diplomatic Stalemate Path,,Leadership_Unity,leadership_unity: 0.15 (0.35 - 0.10 - 0.10),GEM-11-N-00274,PDFIUM-GEM-11-N-00274,준수,준수,0.15 => 0.15,0.15 => 0.15,1:1,True,False,same_observation_same_result_not_promoted,GLOBAL_ARITHMETIC_RATE_WITHHELD,pending
GEM-11,runs/raw_logs/Gemini_2.5_Flash/11.pdf,15,1,Diplomatic Stalemate Path,,Leadership_Unity,leadership_unity: 0.20 (0.40 - 0.10 - 0.10),GEM-11-N-00286,PDFIUM-GEM-11-N-00286,준수,준수,0.2 => 0.2,0.2 => 0.2,1:1,True,False,same_observation_same_result_not_promoted,GLOBAL_ARITHMETIC_RATE_WITHHELD,pending
GEM-11,runs/raw_logs/Gemini_2.5_Flash/11.pdf,15,1,Diplomatic Stalemate Path,,Public_Opinion,public_opinion: 0.30 (0.40 - 0.05 - 0.05),GEM-11-N-00271 | GEM-11-N-00283,PDFIUM-GEM-11-N-00271 | PDFIUM-GEM-11-N-00283,준수 | 준수,준수 | 준수,0.3 => 0.3 | 0.3 => 0.3,0.3 => 0.3 | 0.3 => 0.3,N:M,,False,unresolved_different_or_unmatched_no_forced_link,GLOBAL_ARITHMETIC_RATE_WITHHELD,pending
GEM-11,runs/raw_logs/Gemini_2.5_Flash/11.pdf,15,1,Diplomatic Stalemate Path,,Tension,tension: 1.0 (0.70 + 0.15 + 0.15) - Clamped to 1.0,GEM-11-N-00277,PDFIUM-GEM-11-N-00277,준수,준수,1 => 1,1 => 1,1:1,True,False,same_observation_same_result_not_promoted,GLOBAL_ARITHMETIC_RATE_WITHHELD,pending
GEM-11,runs/raw_logs/Gemini_2.5_Flash/11.pdf,15,1,Diplomatic Stalemate Path,,Tension,tension: 1.0 (0.75 + 0.15) - Clamped to 1.0,GEM-11-N-00265,PDFIUM-GEM-11-N-00265,위반,위반,1 => 0.9,1 => 0.9,1:1,True,False,same_observation_same_result_not_promoted,GLOBAL_ARITHMETIC_RATE_WITHHELD,pending
GEM-11,runs/raw_logs/Gemini_2.5_Flash/11.pdf,16,1,Most Plausible Path,,Diplomatic_Support,diplomatic_support: 0.61 (0.51 + 0.10),GEM-11-N-00300,PDFIUM-GEM-11-N-00300,준수,준수,0.61 => 0.61,0.61 => 0.61,1:1,True,False,same_observation_same_result_not_promoted,GLOBAL_ARITHMETIC_RATE_WITHHELD,pending
GEM-11,runs/raw_logs/Gemini_2.5_Flash/11.pdf,16,1,Most Plausible Path,,Leadership_Unity,leadership_unity: 0.45 (0.35 + 0.10),GEM-11-N-00306,PDFIUM-GEM-11-N-00306,준수,준수,0.45 => 0.45,0.45 => 0.45,1:1,True,False,same_observation_same_result_not_promoted,GLOBAL_ARITHMETIC_RATE_WITHHELD,pending
GEM-11,runs/raw_logs/Gemini_2.5_Flash/11.pdf,16,1,Most Plausible Path,,Public_Opinion,public_opinion: 0.56 (0.51 + 0.05),GEM-11-N-00303,PDFIUM-GEM-11-N-00303,준수,준수,0.56 => 0.56,0.56 => 0.56,1:1,True,False,same_observation_same_result_not_promoted,GLOBAL_ARITHMETIC_RATE_WITHHELD,pending
GEM-11,runs/raw_logs/Gemini_2.5_Flash/11.pdf,16,1,Most Plausible Path,,Tension,tension: 0.70 (0.80 - 0.05 - 0.05),GEM-11-N-00297,PDFIUM-GEM-11-N-00297,준수,준수,0.7 => 0.7,0.7 => 0.7,1:1,True,False,same_observation_same_result_not_promoted,GLOBAL_ARITHMETIC_RATE_WITHHELD,pending
GEM-11,runs/raw_logs/Gemini_2.5_Flash/11.pdf,17,1,Most Plausible Path,,Diplomatic_Support,diplomatic_support: 0.38 (0.28 + 0.10),GEM-11-N-00312,PDFIUM-GEM-11-N-00312,준수,준수,0.38 => 0.38,0.38 => 0.38,1:1,True,False,same_observation_same_result_not_promoted,GLOBAL_ARITHMETIC_RATE_WITHHELD,pending
GEM-11,runs/raw_logs/Gemini_2.5_Flash/11.pdf,17,1,Most Plausible Path,,Leadership_Unity,leadership_unity: 0.30 (0.20 + 0.10),GEM-11-N-00318,PDFIUM-GEM-11-N-00318,준수,준수,0.3 => 0.3,0.3 => 0.3,1:1,True,False,same_observation_same_result_not_promoted,GLOBAL_ARITHMETIC_RATE_WITHHELD,pending
GEM-11,runs/raw_logs/Gemini_2.5_Flash/11.pdf,17,1,Most Plausible Path,,Public_Opinion,public_opinion: 0.38 (0.33 + 0.05),GEM-11-N-00315,PDFIUM-GEM-11-N-00315,준수,준수,0.38 => 0.38,0.38 => 0.38,1:1,True,False,same_observation_same_result_not_promoted,GLOBAL_ARITHMETIC_RATE_WITHHELD,pending
GEM-11,runs/raw_logs/Gemini_2.5_Flash/11.pdf,17,1,Most Plausible Path,,Tension,tension: 0.90 (1.0 - 0.05 - 0.05) - Clamped to 1.0,GEM-11-N-00309,PDFIUM-GEM-11-N-00309,준수,준수,0.9 => 0.9,0.9 => 0.9,1:1,True,False,same_observation_same_result_not_promoted,GLOBAL_ARITHMETIC_RATE_WITHHELD,pending
GEM-11,runs/raw_logs/Gemini_2.5_Flash/11.pdf,4,1,Most Plausible Path,Soviet Union,Diplomatic_Support,diplomatic_support: 0.48 (0.5 - 0.02),GEM-11-N-00024,PDFIUM-GEM-11-N-00024,준수,준수,0.48 => 0.48,0.48 => 0.48,1:1,True,False,same_observation_same_result_not_promoted,GLOBAL_ARITHMETIC_RATE_WITHHELD,pending
GEM-11,runs/raw_logs/Gemini_2.5_Flash/11.pdf,4,1,Most Plausible Path,Soviet Union,Tension,tension: 0.55 (0.5 + 0.05),GEM-11-N-00021,PDFIUM-GEM-11-N-00021,준수,준수,0.55 => 0.55,0.55 => 0.55,1:1,True,False,same_observation_same_result_not_promoted,GLOBAL_ARITHMETIC_RATE_WITHHELD,pending
GEM-11,runs/raw_logs/Gemini_2.5_Flash/11.pdf,4,1,Most Plausible Path,United States,Diplomatic_Support,diplomatic_support: 0.53 (0.5 + 0.03),GEM-11-N-00012,PDFIUM-GEM-11-N-00012,준수,준수,0.53 => 0.53,0.53 => 0.53,1:1,True,False,same_observation_same_result_not_promoted,GLOBAL_ARITHMETIC_RATE_WITHHELD,pending
GEM-11,runs/raw_logs/Gemini_2.5_Flash/11.pdf,4,1,Most Plausible Path,United States,Leadership_Unity,leadership_unity: 0.55 (0.5 + 0.05),GEM-11-N-00018,PDFIUM-GEM-11-N-00018,준수,준수,0.55 => 0.55,0.55 => 0.55,1:1,True,False,same_observation_same_result_not_promoted,GLOBAL_ARITHMETIC_RATE_WITHHELD,pending
GEM-11,runs/raw_logs/Gemini_2.5_Flash/11.pdf,4,1,Most Plausible Path,United States,Public_Opinion,public_opinion: 0.58 (0.5 + 0.08),GEM-11-N-00015,PDFIUM-GEM-11-N-00015,준수,준수,0.58 => 0.58,0.58 => 0.58,1:1,True,False,same_observation_same_result_not_promoted,GLOBAL_ARITHMETIC_RATE_WITHHELD,pending
GEM-11,runs/raw_logs/Gemini_2.5_Flash/11.pdf,4,1,Most Plausible Path,United States,Tension,tension: 0.50 (0.5 + 0.00),GEM-11-N-00009,PDFIUM-GEM-11-N-00009,준수,준수,0.5 => 0.5,0.5 => 0.5,1:1,True,False,same_observation_same_result_not_promoted,GLOBAL_ARITHMETIC_RATE_WITHHELD,pending
GEM-11,runs/raw_logs/Gemini_2.5_Flash/11.pdf,5,1,Military Escalation Path,Soviet Union,Diplomatic_Support,diplomatic_support: 0.45 (0.5 - 0.05),GEM-11-N-00056,PDFIUM-GEM-11-N-00056,준수,준수,0.45 => 0.45,0.45 => 0.45,1:1,True,False,same_observation_same_result_not_promoted,GLOBAL_ARITHMETIC_RATE_WITHHELD,pending
GEM-11,runs/raw_logs/Gemini_2.5_Flash/11.pdf,5,1,Military Escalation Path,Soviet Union,Tension,tension: 0.65 (0.5 + 0.15),GEM-11-N-00053,PDFIUM-GEM-11-N-00053,준수,준수,0.65 => 0.65,0.65 => 0.65,1:1,True,False,same_observation_same_result_not_promoted,GLOBAL_ARITHMETIC_RATE_WITHHELD,pending
GEM-11,runs/raw_logs/Gemini_2.5_Flash/11.pdf,5,1,Military Escalation Path,United States,Diplomatic_Support,diplomatic_support: 0.45 (0.5 - 0.05),GEM-11-N-00044,PDFIUM-GEM-11-N-00044,준수,준수,0.45 => 0.45,0.45 => 0.45,1:1,True,False,same_observation_same_result_not_promoted,GLOBAL_ARITHMETIC_RATE_WITHHELD,pending
GEM-11,runs/raw_logs/Gemini_2.5_Flash/11.pdf,5,1,Military Escalation Path,United States,Leadership_Unity,leadership_unity: 0.40 (0.5 - 0.10),GEM-11-N-00050,PDFIUM-GEM-11-N-00050,준수,준수,0.4 => 0.4,0.4 => 0.4,1:1,True,False,same_observation_same_result_not_promoted,GLOBAL_ARITHMETIC_RATE_WITHHELD,pending
GEM-11,runs/raw_logs/Gemini_2.5_Flash/11.pdf,5,1,Military Escalation Path,United States,Public_Opinion,public_opinion: 0.45 (0.5 - 0.05),GEM-11-N-00047,PDFIUM-GEM-11-N-00047,준수,준수,0.45 => 0.45,0.45 => 0.45,1:1,True,False,same_observation_same_result_not_promoted,GLOBAL_ARITHMETIC_RATE_WITHHELD,pending
GEM-11,runs/raw_logs/Gemini_2.5_Flash/11.pdf,5,1,Military Escalation Path,United States,Tension,tension: 0.65 (0.5 + 0.15),GEM-11-N-00041,PDFIUM-GEM-11-N-00041,준수,준수,0.65 => 0.65,0.65 => 0.65,1:1,True,False,same_observation_same_result_not_promoted,GLOBAL_ARITHMETIC_RATE_WITHHELD,pending
GEM-11,runs/raw_logs/Gemini_2.5_Flash/11.pdf,5,1,Most Plausible Path,Soviet Union,Leadership_Unity,leadership_unity: 0.45 (0.5 - 0.05),GEM-11-N-00030,PDFIUM-GEM-11-N-00030,준수,준수,0.45 => 0.45,0.45 => 0.45,1:1,True,False,same_observation_same_result_not_promoted,GLOBAL_ARITHMETIC_RATE_WITHHELD,pending
GEM-11,runs/raw_logs/Gemini_2.5_Flash/11.pdf,5,1,Most Plausible Path,Soviet Union,Public_Opinion,public_opinion: 0.48 (0.5 - 0.02),GEM-11-N-00027,PDFIUM-GEM-11-N-00027,준수,준수,0.48 => 0.48,0.48 => 0.48,1:1,True,False,same_observation_same_result_not_promoted,GLOBAL_ARITHMETIC_RATE_WITHHELD,pending
GEM-11,runs/raw_logs/Gemini_2.5_Flash/11.pdf,6,1,Diplomatic Stalemate Path,Soviet Union,Diplomatic_Support,diplomatic_support: 0.40 (0.5 - 0.10),GEM-11-N-00088,PDFIUM-GEM-11-N-00088,준수,준수,0.4 => 0.4,0.4 => 0.4,1:1,True,False,same_observation_same_result_not_promoted,GLOBAL_ARITHMETIC_RATE_WITHHELD,pending
GEM-11,runs/raw_logs/Gemini_2.5_Flash/11.pdf,6,1,Diplomatic Stalemate Path,Soviet Union,Tension,tension: 0.60 (0.5 + 0.10),GEM-11-N-00085,PDFIUM-GEM-11-N-00085,준수,준수,0.6 => 0.6,0.6 => 0.6,1:1,True,False,same_observation_same_result_not_promoted,GLOBAL_ARITHMETIC_RATE_WITHHELD,pending
GEM-11,runs/raw_logs/Gemini_2.5_Flash/11.pdf,6,1,Diplomatic Stalemate Path,United States,Diplomatic_Support,diplomatic_support: 0.40 (0.5 - 0.10),GEM-11-N-00076,PDFIUM-GEM-11-N-00076,준수,준수,0.4 => 0.4,0.4 => 0.4,1:1,True,False,same_observation_same_result_not_promoted,GLOBAL_ARITHMETIC_RATE_WITHHELD,pending
GEM-11,runs/raw_logs/Gemini_2.5_Flash/11.pdf,6,1,Diplomatic Stalemate Path,United States,Leadership_Unity,leadership_unity: 0.45 (0.5 - 0.05),GEM-11-N-00082,PDFIUM-GEM-11-N-00082,준수,준수,0.45 => 0.45,0.45 => 0.45,1:1,True,False,same_observation_same_result_not_promoted,GLOBAL_ARITHMETIC_RATE_WITHHELD,pending
GEM-11,runs/raw_logs/Gemini_2.5_Flash/11.pdf,6,1,Diplomatic Stalemate Path,United States,Public_Opinion,public_opinion: 0.45 (0.5 - 0.05),GEM-11-N-00079,PDFIUM-GEM-11-N-00079,준수,준수,0.45 => 0.45,0.45 => 0.45,1:1,True,False,same_observation_same_result_not_promoted,GLOBAL_ARITHMETIC_RATE_WITHHELD,pending
GEM-11,runs/raw_logs/Gemini_2.5_Flash/11.pdf,6,1,Diplomatic Stalemate Path,United States,Tension,tension: 0.60 (0.5 + 0.10),GEM-11-N-00073,PDFIUM-GEM-11-N-00073,준수,준수,0.6 => 0.6,0.6 => 0.6,1:1,True,False,same_observation_same_result_not_promoted,GLOBAL_ARITHMETIC_RATE_WITHHELD,pending
GEM-11,runs/raw_logs/Gemini_2.5_Flash/11.pdf,6,1,Military Escalation Path,Soviet Union,Leadership_Unity,leadership_unity: 0.40 (0.5 - 0.10),GEM-11-N-00062,PDFIUM-GEM-11-N-00062,준수,준수,0.4 => 0.4,0.4 => 0.4,1:1,True,False,same_observation_same_result_not_promoted,GLOBAL_ARITHMETIC_RATE_WITHHELD,pending
GEM-11,runs/raw_logs/Gemini_2.5_Flash/11.pdf,6,1,Military Escalation Path,Soviet Union,Public_Opinion,public_opinion: 0.45 (0.5 - 0.05),GEM-11-N-00059,PDFIUM-GEM-11-N-00059,준수,준수,0.45 => 0.45,0.45 => 0.45,1:1,True,False,same_observation_same_result_not_promoted,GLOBAL_ARITHMETIC_RATE_WITHHELD,pending
GEM-11,runs/raw_logs/Gemini_2.5_Flash/11.pdf,7,1,Diplomatic Stalemate Path,Soviet Union,Leadership_Unity,leadership_unity: 0.45 (0.5 - 0.05),GEM-11-N-00094,PDFIUM-GEM-11-N-00094,준수,준수,0.45 => 0.45,0.45 => 0.45,1:1,True,False,same_observation_same_result_not_promoted,GLOBAL_ARITHMETIC_RATE_WITHHELD,pending
GEM-11,runs/raw_logs/Gemini_2.5_Flash/11.pdf,7,1,Diplomatic Stalemate Path,Soviet Union,Public_Opinion,public_opinion: 0.45 (0.5 - 0.05),GEM-11-N-00091,PDFIUM-GEM-11-N-00091,준수,준수,0.45 => 0.45,0.45 => 0.45,1:1,True,False,same_observation_same_result_not_promoted,GLOBAL_ARITHMETIC_RATE_WITHHELD,pending
GEM-11,runs/raw_logs/Gemini_2.5_Flash/11.pdf,8,1,Most Plausible Path,,Diplomatic_Support,diplomatic_support: 0.61 (0.53 + 0.08),GEM-11-N-00108,PDFIUM-GEM-11-N-00108,준수,준수,0.61 => 0.61,0.61 => 0.61,1:1,True,False,same_observation_same_result_not_promoted,GLOBAL_ARITHMETIC_RATE_WITHHELD,pending
GEM-11,runs/raw_logs/Gemini_2.5_Flash/11.pdf,8,1,Most Plausible Path,,Leadership_Unity,leadership_unity: 0.55 (0.55 + 0.00),GEM-11-N-00114,PDFIUM-GEM-11-N-00114,준수,준수,0.55 => 0.55,0.55 => 0.55,1:1,True,False,same_observation_same_result_not_promoted,GLOBAL_ARITHMETIC_RATE_WITHHELD,pending
GEM-11,runs/raw_logs/Gemini_2.5_Flash/11.pdf,8,1,Most Plausible Path,,Public_Opinion,public_opinion: 0.61 (0.58 + 0.03),GEM-11-N-00111,PDFIUM-GEM-11-N-00111,준수,준수,0.61 => 0.61,0.61 => 0.61,1:1,True,False,same_observation_same_result_not_promoted,GLOBAL_ARITHMETIC_RATE_WITHHELD,pending
GEM-11,runs/raw_logs/Gemini_2.5_Flash/11.pdf,8,1,Most Plausible Path,,Tension,tension: 0.50 (0.50 + 0.00),GEM-11-N-00105,PDFIUM-GEM-11-N-00105,준수,준수,0.5 => 0.5,0.5 => 0.5,1:1,True,False,same_observation_same_result_not_promoted,GLOBAL_ARITHMETIC_RATE_WITHHELD,pending
GEM-11,runs/raw_logs/Gemini_2.5_Flash/11.pdf,9,1,Military Escalation Path,,Tension,tension: 0.80 (0.65 + 0.15),GEM-11-N-00137,PDFIUM-GEM-11-N-00137,준수,준수,0.8 => 0.8,0.8 => 0.8,1:1,True,False,same_observation_same_result_not_promoted,GLOBAL_ARITHMETIC_RATE_WITHHELD,pending
GEM-11,runs/raw_logs/Gemini_2.5_Flash/11.pdf,9,1,Most Plausible Path,,Diplomatic_Support,diplomatic_support: 0.38 (0.48 - 0.10),GEM-11-N-00120,PDFIUM-GEM-11-N-00120,준수,준수,0.38 => 0.38,0.38 => 0.38,1:1,True,False,same_observation_same_result_not_promoted,GLOBAL_ARITHMETIC_RATE_WITHHELD,pending
GEM-11,runs/raw_logs/Gemini_2.5_Flash/11.pdf,9,1,Most Plausible Path,,Leadership_Unity,leadership_unity: 0.40 (0.45 - 0.05),GEM-11-N-00126,PDFIUM-GEM-11-N-00126,준수,준수,0.4 => 0.4,0.4 => 0.4,1:1,True,False,same_observation_same_result_not_promoted,GLOBAL_ARITHMETIC_RATE_WITHHELD,pending
GEM-11,runs/raw_logs/Gemini_2.5_Flash/11.pdf,9,1,Most Plausible Path,,Public_Opinion,public_opinion: 0.43 (0.48 - 0.05),GEM-11-N-00123,PDFIUM-GEM-11-N-00123,준수,준수,0.43 => 0.43,0.43 => 0.43,1:1,True,False,same_observation_same_result_not_promoted,GLOBAL_ARITHMETIC_RATE_WITHHELD,pending
GEM-11,runs/raw_logs/Gemini_2.5_Flash/11.pdf,9,1,Most Plausible Path,,Tension,tension: 0.65 (0.55 + 0.10),GEM-11-N-00117,PDFIUM-GEM-11-N-00117,준수,준수,0.65 => 0.65,0.65 => 0.65,1:1,True,False,same_observation_same_result_not_promoted,GLOBAL_ARITHMETIC_RATE_WITHHELD,pending
GEM-13,runs/raw_logs/Gemini_2.5_Flash/13.pdf,10,1,Military Escalation Path - Turn 2,,Diplomatic_Support,diplomatic_support: 0.30 (0.40 - 0.05 - 0.05),GEM-13-N-00080,PDFIUM-GEM-13-N-00080,준수,준수,0.3 => 0.3,0.3 => 0.3,1:1,True,False,same_observation_same_result_not_promoted,GLOBAL_ARITHMETIC_RATE_WITHHELD,pending
GEM-13,runs/raw_logs/Gemini_2.5_Flash/13.pdf,10,1,Military Escalation Path - Turn 2,,Leadership_Unity,leadership_unity: 0.10 (0.30 - 0.10 - 0.10),GEM-13-N-00086,PDFIUM-GEM-13-N-00086,준수,준수,0.1 => 0.1,0.1 => 0.1,1:1,True,False,same_observation_same_result_not_promoted,GLOBAL_ARITHMETIC_RATE_WITHHELD,pending
GEM-13,runs/raw_logs/Gemini_2.5_Flash/13.pdf,10,1,Military Escalation Path - Turn 2,,Public_Opinion,public_opinion: 0.30 (0.40 - 0.05 - 0.05),GEM-13-N-00083,PDFIUM-GEM-13-N-00083,준수,준수,0.3 => 0.3,0.3 => 0.3,1:1,True,False,same_observation_same_result_not_promoted,GLOBAL_ARITHMETIC_RATE_WITHHELD,pending
GEM-13,runs/raw_logs/Gemini_2.5_Flash/13.pdf,10,1,Military Escalation Path - Turn 2,,Tension,"tension: 1.00 (0.80 + 0.15 + 0.15 = 1.10, clamped to 1)",GEM-13-N-00077,PDFIUM-GEM-13-N-00077,준수,준수,1 => 1,1 => 1,1:1,True,False,same_observation_same_result_not_promoted,GLOBAL_ARITHMETIC_RATE_WITHHELD,pending
GEM-13,runs/raw_logs/Gemini_2.5_Flash/13.pdf,12,1,Diplomatic Resolution Path - Turn 2,,Diplomatic_Support,diplomatic_support: 0.90 (0.70 + 0.10 + 0.10),GEM-13-N-00100,PDFIUM-GEM-13-N-00100,준수,준수,0.9 => 0.9,0.9 => 0.9,1:1,True,False,same_observation_same_result_not_promoted,GLOBAL_ARITHMETIC_RATE_WITHHELD,pending
GEM-13,runs/raw_logs/Gemini_2.5_Flash/13.pdf,12,1,Diplomatic Resolution Path - Turn 2,,Leadership_Unity,leadership_unity: 0.70 (0.60 + 0.05 + 0.05),GEM-13-N-00106,PDFIUM-GEM-13-N-00106,준수,준수,0.7 => 0.7,0.7 => 0.7,1:1,True,False,same_observation_same_result_not_promoted,GLOBAL_ARITHMETIC_RATE_WITHHELD,pending
GEM-13,runs/raw_logs/Gemini_2.5_Flash/13.pdf,12,1,Diplomatic Resolution Path - Turn 2,,Public_Opinion,public_opinion: 0.70 (0.60 + 0.05 + 0.05),GEM-13-N-00103,PDFIUM-GEM-13-N-00103,준수,준수,0.7 => 0.7,0.7 => 0.7,1:1,True,False,same_observation_same_result_not_promoted,GLOBAL_ARITHMETIC_RATE_WITHHELD,pending
GEM-13,runs/raw_logs/Gemini_2.5_Flash/13.pdf,12,1,Diplomatic Resolution Path - Turn 2,,Tension,tension: 0.30 (0.40 - 0.05 - 0.05),GEM-13-N-00097,PDFIUM-GEM-13-N-00097,준수,준수,0.3 => 0.3,0.3 => 0.3,1:1,True,False,same_observation_same_result_not_promoted,GLOBAL_ARITHMETIC_RATE_WITHHELD,pending
GEM-13,runs/raw_logs/Gemini_2.5_Flash/13.pdf,14,1,Most Plausible Path - Turn 3,,Diplomatic_Support,diplomatic_support: 0.69 (0.61 - 0.02 + 0.10),GEM-13-N-00120,PDFIUM-GEM-13-N-00120,준수,준수,0.69 => 0.69,0.69 => 0.69,1:1,True,False,same_observation_same_result_not_promoted,GLOBAL_ARITHMETIC_RATE_WITHHELD,pending
GEM-13,runs/raw_logs/Gemini_2.5_Flash/13.pdf,14,1,Most Plausible Path - Turn 3,,Leadership_Unity,leadership_unity: 0.40 (0.40 - 0.05 + 0.05),GEM-13-N-00126,PDFIUM-GEM-13-N-00126,준수,준수,0.4 => 0.4,0.4 => 0.4,1:1,True,False,same_observation_same_result_not_promoted,GLOBAL_ARITHMETIC_RATE_WITHHELD,pending
GEM-13,runs/raw_logs/Gemini_2.5_Flash/13.pdf,14,1,Most Plausible Path - Turn 3,,Public_Opinion,public_opinion: 0.54 (0.51 - 0.02 + 0.05),GEM-13-N-00123,PDFIUM-GEM-13-N-00123,준수,준수,0.54 => 0.54,0.54 => 0.54,1:1,True,False,same_observation_same_result_not_promoted,GLOBAL_ARITHMETIC_RATE_WITHHELD,pending
GEM-13,runs/raw_logs/Gemini_2.5_Flash/13.pdf,14,1,Most Plausible Path - Turn 3,,Tension,tension: 0.65 (0.65 + 0.05 - 0.05),GEM-13-N-00117,PDFIUM-GEM-13-N-00117,준수,준수,0.65 => 0.65,0.65 => 0.65,1:1,True,False,same_observation_same_result_not_promoted,GLOBAL_ARITHMETIC_RATE_WITHHELD,pending
GEM-13,runs/raw_logs/Gemini_2.5_Flash/13.pdf,16,1,Military Escalation Path - Turn 3,,Diplomatic_Support,diplomatic_support: 0.15 (0.25 - 0.05 - 0.05),GEM-13-N-00139,PDFIUM-GEM-13-N-00139,준수,준수,0.15 => 0.15,0.15 => 0.15,1:1,True,False,same_observation_same_result_not_promoted,GLOBAL_ARITHMETIC_RATE_WITHHELD,pending
GEM-13,runs/raw_logs/Gemini_2.5_Flash/13.pdf,16,1,Military Escalation Path - Turn 3,,Public_Opinion,public_opinion: 0.15 (0.25 - 0.05 - 0.05),GEM-13-N-00142,PDFIUM-GEM-13-N-00142,준수,준수,0.15 => 0.15,0.15 => 0.15,1:1,True,False,same_observation_same_result_not_promoted,GLOBAL_ARITHMETIC_RATE_WITHHELD,pending
GEM-13,runs/raw_logs/Gemini_2.5_Flash/13.pdf,17,1,Diplomatic Resolution Path - Turn 3,,Diplomatic_Support,diplomatic_support: 0.85 (0.85 - 0.10 + 0.10),GEM-13-N-00158,PDFIUM-GEM-13-N-00158,준수,준수,0.85 => 0.85,0.85 => 0.85,1:1,True,False,same_observation_same_result_not_promoted,GLOBAL_ARITHMETIC_RATE_WITHHELD,pending
GEM-13,runs/raw_logs/Gemini_2.5_Flash/13.pdf,17,1,Diplomatic Resolution Path - Turn 3,,Leadership_Unity,leadership_unity: 0.60 (0.60 - 0.05 + 0.05),GEM-13-N-00164,PDFIUM-GEM-13-N-00164,준수,준수,0.6 => 0.6,0.6 => 0.6,1:1,True,False,same_observation_same_result_not_promoted,GLOBAL_ARITHMETIC_RATE_WITHHELD,pending
GEM-13,runs/raw_logs/Gemini_2.5_Flash/13.pdf,17,1,Diplomatic Resolution Path - Turn 3,,Public_Opinion,public_opinion: 0.65 (0.65 - 0.05 + 0.05),GEM-13-N-00161,PDFIUM-GEM-13-N-00161,준수,준수,0.65 => 0.65,0.65 => 0.65,1:1,True,False,same_observation_same_result_not_promoted,GLOBAL_ARITHMETIC_RATE_WITHHELD,pending
GEM-13,runs/raw_logs/Gemini_2.5_Flash/13.pdf,17,1,Diplomatic Resolution Path - Turn 3,,Tension,tension: 0.50 (0.45 + 0.10 - 0.05),GEM-13-N-00155,PDFIUM-GEM-13-N-00155,준수,준수,0.5 => 0.5,0.5 => 0.5,1:1,True,False,same_observation_same_result_not_promoted,GLOBAL_ARITHMETIC_RATE_WITHHELD,pending
GEM-13,runs/raw_logs/Gemini_2.5_Flash/13.pdf,19,1,Most Plausible Path - Turn 4,,Diplomatic_Support,diplomatic_support: 0.89 (0.69 + 0.10 + 0.10),GEM-13-N-00178,PDFIUM-GEM-13-N-00178,준수,준수,0.89 => 0.89,0.89 => 0.89,1:1,True,False,same_observation_same_result_not_promoted,GLOBAL_ARITHMETIC_RATE_WITHHELD,pending
GEM-13,runs/raw_logs/Gemini_2.5_Flash/13.pdf,19,1,Most Plausible Path - Turn 4,,Leadership_Unity,leadership_unity: 0.50 (0.40 + 0.05 + 0.05),GEM-13-N-00184,PDFIUM-GEM-13-N-00184,준수,준수,0.5 => 0.5,0.5 => 0.5,1:1,True,False,same_observation_same_result_not_promoted,GLOBAL_ARITHMETIC_RATE_WITHHELD,pending
GEM-13,runs/raw_logs/Gemini_2.5_Flash/13.pdf,19,1,Most Plausible Path - Turn 4,,Public_Opinion,public_opinion: 0.64 (0.54 + 0.05 + 0.05),GEM-13-N-00181,PDFIUM-GEM-13-N-00181,준수,준수,0.64 => 0.64,0.64 => 0.64,1:1,True,False,same_observation_same_result_not_promoted,GLOBAL_ARITHMETIC_RATE_WITHHELD,pending
GEM-13,runs/raw_logs/Gemini_2.5_Flash/13.pdf,19,1,Most Plausible Path - Turn 4,,Tension,tension: 0.55 (0.65 - 0.05 - 0.05),GEM-13-N-00175,PDFIUM-GEM-13-N-00175,준수,준수,0.55 => 0.55,0.55 => 0.55,1:1,True,False,same_observation_same_result_not_promoted,GLOBAL_ARITHMETIC_RATE_WITHHELD,pending
GEM-13,runs/raw_logs/Gemini_2.5_Flash/13.pdf,22,1,Diplomatic Resolution Path - Turn 4,,Diplomatic_Support,"diplomatic_support: 1.00 (0.85 + 0.05 + 0.10 = 1.00, clamped)",GEM-13-N-00206,PDFIUM-GEM-13-N-00206,준수,준수,1 => 1,1 => 1,1:1,True,False,same_observation_same_result_not_promoted,GLOBAL_ARITHMETIC_RATE_WITHHELD,pending
GEM-13,runs/raw_logs/Gemini_2.5_Flash/13.pdf,22,1,Diplomatic Resolution Path - Turn 4,,Leadership_Unity,leadership_unity: 0.75 (0.60 + 0.10 + 0.05),GEM-13-N-00212,PDFIUM-GEM-13-N-00212,준수,준수,0.75 => 0.75,0.75 => 0.75,1:1,True,False,same_observation_same_result_not_promoted,GLOBAL_ARITHMETIC_RATE_WITHHELD,pending
GEM-13,runs/raw_logs/Gemini_2.5_Flash/13.pdf,22,1,Diplomatic Resolution Path - Turn 4,,Public_Opinion,public_opinion: 0.80 (0.65 + 0.10 + 0.05),GEM-13-N-00209,PDFIUM-GEM-13-N-00209,준수,준수,0.8 => 0.8,0.8 => 0.8,1:1,True,False,same_observation_same_result_not_promoted,GLOBAL_ARITHMETIC_RATE_WITHHELD,pending
GEM-13,runs/raw_logs/Gemini_2.5_Flash/13.pdf,22,1,Diplomatic Resolution Path - Turn 4,,Tension,tension: 0.40 (0.50 - 0.05 - 0.05),GEM-13-N-00203,PDFIUM-GEM-13-N-00203,준수,준수,0.4 => 0.4,0.4 => 0.4,1:1,True,False,same_observation_same_result_not_promoted,GLOBAL_ARITHMETIC_RATE_WITHHELD,pending
GEM-13,runs/raw_logs/Gemini_2.5_Flash/13.pdf,8,1,Most Plausible Path - Turn 2,,Diplomatic_Support,diplomatic_support: 0.66 (0.46 + 0.10 + 0.10),GEM-13-N-00060,PDFIUM-GEM-13-N-00060,준수,준수,0.66 => 0.66,0.66 => 0.66,1:1,True,False,same_observation_same_result_not_promoted,GLOBAL_ARITHMETIC_RATE_WITHHELD,pending
GEM-13,runs/raw_logs/Gemini_2.5_Flash/13.pdf,8,1,Most Plausible Path - Turn 2,,Tension,tension: 0.50 (0.60 - 0.05 - 0.05),GEM-13-N-00057,PDFIUM-GEM-13-N-00057,준수,준수,0.5 => 0.5,0.5 => 0.5,1:1,True,False,same_observation_same_result_not_promoted,GLOBAL_ARITHMETIC_RATE_WITHHELD,pending
GEM-13,runs/raw_logs/Gemini_2.5_Flash/13.pdf,9,1,Most Plausible Path - Turn 2,,Leadership_Unity,leadership_unity: 0.50 (0.40 + 0.05 + 0.05),GEM-13-N-00066,PDFIUM-GEM-13-N-00066,준수,준수,0.5 => 0.5,0.5 => 0.5,1:1,True,False,same_observation_same_result_not_promoted,GLOBAL_ARITHMETIC_RATE_WITHHELD,pending
GEM-13,runs/raw_logs/Gemini_2.5_Flash/13.pdf,9,1,Most Plausible Path - Turn 2,,Public_Opinion,public_opinion: 0.56 (0.46 + 0.05 + 0.05),GEM-13-N-00063,PDFIUM-GEM-13-N-00063,준수,준수,0.56 => 0.56,0.56 => 0.56,1:1,True,False,same_observation_same_result_not_promoted,GLOBAL_ARITHMETIC_RATE_WITHHELD,pending
GEM-21,runs/raw_logs/Gemini_2.5_Flash/21.pdf,10,2,] - Path B (Soviet Union),,Diplomatic_Support,diplomatic_support: 0.50 (Start 0.5 + 0),GEM-21-N-00146,PDFIUM-GEM-21-N-00146,준수,준수,0.5 => 0.5,0.5 => 0.5,1:1,True,False,same_observation_same_result_not_promoted,GLOBAL_ARITHMETIC_RATE_WITHHELD,pending
GEM-21,runs/raw_logs/Gemini_2.5_Flash/21.pdf,10,2,] - Path B (Soviet Union),,Leadership_Unity,leadership_unity: 1.0 (Start 1.0 + 0),GEM-21-N-00152,PDFIUM-GEM-21-N-00152,준수,준수,1 => 1,1 => 1,1:1,True,False,same_observation_same_result_not_promoted,GLOBAL_ARITHMETIC_RATE_WITHHELD,pending
GEM-21,runs/raw_logs/Gemini_2.5_Flash/21.pdf,10,2,] - Path B (Soviet Union),,Public_Opinion,public_opinion: 0.50 (Start 0.5 + 0),GEM-21-N-00149,PDFIUM-GEM-21-N-00149,준수,준수,0.5 => 0.5,0.5 => 0.5,1:1,True,False,same_observation_same_result_not_promoted,GLOBAL_ARITHMETIC_RATE_WITHHELD,pending
GEM-21,runs/raw_logs/Gemini_2.5_Flash/21.pdf,10,2,] - Path B (Soviet Union),,Tension,tension: 0.95 (Start 0.95 + 0),GEM-21-N-00143,PDFIUM-GEM-21-N-00143,준수,준수,0.95 => 0.95,0.95 => 0.95,1:1,True,False,same_observation_same_result_not_promoted,GLOBAL_ARITHMETIC_RATE_WITHHELD,pending
GEM-21,runs/raw_logs/Gemini_2.5_Flash/21.pdf,10,2,] - Path B (United States),,Leadership_Unity,"leadership_unity: 1.0 (Start 1.0 + 0.05, clamped)",GEM-21-N-00140,PDFIUM-GEM-21-N-00140,준수,준수,1 => 1,1 => 1,1:1,True,False,same_observation_same_result_not_promoted,GLOBAL_ARITHMETIC_RATE_WITHHELD,pending
GEM-21,runs/raw_logs/Gemini_2.5_Flash/21.pdf,10,2,] - Path C (United States),,Tension,tension: 0.90 (Start 0.8 + 0.10),GEM-21-N-00163,PDFIUM-GEM-21-N-00163,준수,준수,0.9 => 0.9,0.9 => 0.9,1:1,True,False,same_observation_same_result_not_promoted,GLOBAL_ARITHMETIC_RATE_WITHHELD,pending
GEM-21,runs/raw_logs/Gemini_2.5_Flash/21.pdf,11,2,] - Path C (Soviet Union),,Diplomatic_Support,diplomatic_support: 0.40 (Start 0.5 - 0.10),GEM-21-N-00178,PDFIUM-GEM-21-N-00178,준수,준수,0.4 => 0.4,0.4 => 0.4,1:1,True,False,same_observation_same_result_not_promoted,GLOBAL_ARITHMETIC_RATE_WITHHELD,pending
GEM-21,runs/raw_logs/Gemini_2.5_Flash/21.pdf,11,2,] - Path C (Soviet Union),,Leadership_Unity,leadership_unity: 0.95 (Start 1.0 - 0.05),GEM-21-N-00184,PDFIUM-GEM-21-N-00184,준수,준수,0.95 => 0.95,0.95 => 0.95,1:1,True,False,same_observation_same_result_not_promoted,GLOBAL_ARITHMETIC_RATE_WITHHELD,pending
GEM-21,runs/raw_logs/Gemini_2.5_Flash/21.pdf,11,2,] - Path C (Soviet Union),,Public_Opinion,public_opinion: 0.45 (Start 0.5 - 0.05),GEM-21-N-00181,PDFIUM-GEM-21-N-00181,준수,준수,0.45 => 0.45,0.45 => 0.45,1:1,True,False,same_observation_same_result_not_promoted,GLOBAL_ARITHMETIC_RATE_WITHHELD,pending
GEM-21,runs/raw_logs/Gemini_2.5_Flash/21.pdf,11,2,] - Path C (Soviet Union),,Tension,"tension: 1.0 (Start 0.95 + 0.10, clamped)",GEM-21-N-00175,PDFIUM-GEM-21-N-00175,준수,준수,1 => 1,1 => 1,1:1,True,False,same_observation_same_result_not_promoted,GLOBAL_ARITHMETIC_RATE_WITHHELD,pending
GEM-21,runs/raw_logs/Gemini_2.5_Flash/21.pdf,11,2,] - Path C (United States),,Diplomatic_Support,diplomatic_support: 0.40 (Start 0.5 - 0.10),GEM-21-N-00166,PDFIUM-GEM-21-N-00166,준수,준수,0.4 => 0.4,0.4 => 0.4,1:1,True,False,same_observation_same_result_not_promoted,GLOBAL_ARITHMETIC_RATE_WITHHELD,pending
GEM-21,runs/raw_logs/Gemini_2.5_Flash/21.pdf,11,2,] - Path C (United States),,Leadership_Unity,leadership_unity: 0.95 (Start 1.0 - 0.05),GEM-21-N-00172,PDFIUM-GEM-21-N-00172,준수,준수,0.95 => 0.95,0.95 => 0.95,1:1,True,False,same_observation_same_result_not_promoted,GLOBAL_ARITHMETIC_RATE_WITHHELD,pending
GEM-21,runs/raw_logs/Gemini_2.5_Flash/21.pdf,11,2,] - Path C (United States),,Public_Opinion,public_opinion: 0.95 (Start 1.0 - 0.05),GEM-21-N-00169,PDFIUM-GEM-21-N-00169,준수,준수,0.95 => 0.95,0.95 => 0.95,1:1,True,False,same_observation_same_result_not_promoted,GLOBAL_ARITHMETIC_RATE_WITHHELD,pending
GEM-21,runs/raw_logs/Gemini_2.5_Flash/21.pdf,13,2,] - Path A1 (Soviet Union),,Diplomatic_Support,diplomatic_support: 0.70 (Start 0.60 + 0.10),GEM-21-N-00210,PDFIUM-GEM-21-N-00210,준수,준수,0.7 => 0.7,0.7 => 0.7,1:1,True,False,same_observation_same_result_not_promoted,GLOBAL_ARITHMETIC_RATE_WITHHELD,pending
GEM-21,runs/raw_logs/Gemini_2.5_Flash/21.pdf,13,2,] - Path A1 (Soviet Union),,Leadership_Unity,"leadership_unity: 1.0 (Start 1.0 + 0.05, clamped)",GEM-21-N-00216,PDFIUM-GEM-21-N-00216,준수,준수,1 => 1,1 => 1,1:1,True,False,same_observation_same_result_not_promoted,GLOBAL_ARITHMETIC_RATE_WITHHELD,pending
GEM-21,runs/raw_logs/Gemini_2.5_Flash/21.pdf,13,2,] - Path A1 (Soviet Union),,Public_Opinion,public_opinion: 0.60 (Start 0.55 + 0.05),GEM-21-N-00213,PDFIUM-GEM-21-N-00213,준수,준수,0.6 => 0.6,0.6 => 0.6,1:1,True,False,same_observation_same_result_not_promoted,GLOBAL_ARITHMETIC_RATE_WITHHELD,pending
GEM-21,runs/raw_logs/Gemini_2.5_Flash/21.pdf,13,2,] - Path A1 (Soviet Union),,Tension,tension: 0.85 (Start 0.90 - 0.05),GEM-21-N-00207,PDFIUM-GEM-21-N-00207,준수,준수,0.85 => 0.85,0.85 => 0.85,1:1,True,False,same_observation_same_result_not_promoted,GLOBAL_ARITHMETIC_RATE_WITHHELD,pending
GEM-21,runs/raw_logs/Gemini_2.5_Flash/21.pdf,13,2,] - Path A1 (United States),,Diplomatic_Support,diplomatic_support: 0.65 (Start 0.60 + 0.05),GEM-21-N-00198,PDFIUM-GEM-21-N-00198,준수,준수,0.65 => 0.65,0.65 => 0.65,1:1,True,False,same_observation_same_result_not_promoted,GLOBAL_ARITHMETIC_RATE_WITHHELD,pending
GEM-21,runs/raw_logs/Gemini_2.5_Flash/21.pdf,13,2,] - Path A1 (United States),,Leadership_Unity,leadership_unity: 0.95 (Start 1.0 - 0.05),GEM-21-N-00204,PDFIUM-GEM-21-N-00204,준수,준수,0.95 => 0.95,0.95 => 0.95,1:1,True,False,same_observation_same_result_not_promoted,GLOBAL_ARITHMETIC_RATE_WITHHELD,pending
GEM-21,runs/raw_logs/Gemini_2.5_Flash/21.pdf,13,2,] - Path A1 (United States),,Public_Opinion,public_opinion: 1.0 (Start 1.0 + 0),GEM-21-N-00201,PDFIUM-GEM-21-N-00201,준수,준수,1 => 1,1 => 1,1:1,True,False,same_observation_same_result_not_promoted,GLOBAL_ARITHMETIC_RATE_WITHHELD,pending
GEM-21,runs/raw_logs/Gemini_2.5_Flash/21.pdf,13,2,] - Path A1 (United States),,Tension,tension: 0.85 (Start 0.75 + 0.10),GEM-21-N-00195,PDFIUM-GEM-21-N-00195,준수,준수,0.85 => 0.85,0.85 => 0.85,1:1,True,False,same_observation_same_result_not_promoted,GLOBAL_ARITHMETIC_RATE_WITHHELD,pending
GEM-21,runs/raw_logs/Gemini_2.5_Flash/21.pdf,14,2,] - Path B1 (Soviet Union),,Diplomatic_Support,diplomatic_support: 0.48 (Start 0.50 - 0.02),GEM-21-N-00241,PDFIUM-GEM-21-N-00241,준수,준수,0.48 => 0.48,0.48 => 0.48,1:1,True,False,same_observation_same_result_not_promoted,GLOBAL_ARITHMETIC_RATE_WITHHELD,pending
GEM-21,runs/raw_logs/Gemini_2.5_Flash/21.pdf,14,2,] - Path B1 (Soviet Union),,Leadership_Unity,leadership_unity: 0.95 (Start 1.0 - 0.05),GEM-21-N-00247,PDFIUM-GEM-21-N-00247,준수,준수,0.95 => 0.95,0.95 => 0.95,1:1,True,False,same_observation_same_result_not_promoted,GLOBAL_ARITHMETIC_RATE_WITHHELD,pending
GEM-21,runs/raw_logs/Gemini_2.5_Flash/21.pdf,14,2,] - Path B1 (Soviet Union),,Public_Opinion,public_opinion: 0.48 (Start 0.50 - 0.02),GEM-21-N-00244,PDFIUM-GEM-21-N-00244,준수,준수,0.48 => 0.48,0.48 => 0.48,1:1,True,False,same_observation_same_result_not_promoted,GLOBAL_ARITHMETIC_RATE_WITHHELD,pending
GEM-21,runs/raw_logs/Gemini_2.5_Flash/21.pdf,14,2,] - Path B1 (Soviet Union),,Tension,"tension: 1.0 (Start 0.95 + 0.05, clamped)",GEM-21-N-00238,PDFIUM-GEM-21-N-00238,준수,준수,1 => 1,1 => 1,1:1,True,False,same_observation_same_result_not_promoted,GLOBAL_ARITHMETIC_RATE_WITHHELD,pending
GEM-21,runs/raw_logs/Gemini_2.5_Flash/21.pdf,14,2,] - Path B1 (United States),,Diplomatic_Support,diplomatic_support: 0.43 (Start 0.53 - 0.10),GEM-21-N-00229,PDFIUM-GEM-21-N-00229,준수,준수,0.43 => 0.43,0.43 => 0.43,1:1,True,False,same_observation_same_result_not_promoted,GLOBAL_ARITHMETIC_RATE_WITHHELD,pending
GEM-21,runs/raw_logs/Gemini_2.5_Flash/21.pdf,14,2,] - Path B1 (United States),,Leadership_Unity,leadership_unity: 0.80 (Start 1.0 - 0.20),GEM-21-N-00235,PDFIUM-GEM-21-N-00235,준수,준수,0.8 => 0.8,0.8 => 0.8,1:1,True,False,same_observation_same_result_not_promoted,GLOBAL_ARITHMETIC_RATE_WITHHELD,pending
GEM-21,runs/raw_logs/Gemini_2.5_Flash/21.pdf,14,2,] - Path B1 (United States),,Public_Opinion,public_opinion: 0.90 (Start 1.0 - 0.10),GEM-21-N-00232,PDFIUM-GEM-21-N-00232,준수,준수,0.9 => 0.9,0.9 => 0.9,1:1,True,False,same_observation_same_result_not_promoted,GLOBAL_ARITHMETIC_RATE_WITHHELD,pending
GEM-21,runs/raw_logs/Gemini_2.5_Flash/21.pdf,14,2,] - Path B1 (United States),,Tension,"tension: 1.0 (Start 0.80 + 0.30, clamped)",GEM-21-N-00226,PDFIUM-GEM-21-N-00226,준수,준수,1 => 1,1 => 1,1:1,True,False,same_observation_same_result_not_promoted,GLOBAL_ARITHMETIC_RATE_WITHHELD,pending
GEM-21,runs/raw_logs/Gemini_2.5_Flash/21.pdf,15,2,] - Path C1 (Soviet Union),,Diplomatic_Support,diplomatic_support: 0.35 (Start 0.40 - 0.05),GEM-21-N-00272,PDFIUM-GEM-21-N-00272,준수,준수,0.35 => 0.35,0.35 => 0.35,1:1,True,False,same_observation_same_result_not_promoted,GLOBAL_ARITHMETIC_RATE_WITHHELD,pending
GEM-21,runs/raw_logs/Gemini_2.5_Flash/21.pdf,15,2,] - Path C1 (Soviet Union),,Leadership_Unity,leadership_unity: 0.85 (Start 0.95 - 0.10),GEM-21-N-00278,PDFIUM-GEM-21-N-00278,준수,준수,0.85 => 0.85,0.85 => 0.85,1:1,True,False,same_observation_same_result_not_promoted,GLOBAL_ARITHMETIC_RATE_WITHHELD,pending
GEM-21,runs/raw_logs/Gemini_2.5_Flash/21.pdf,15,2,] - Path C1 (Soviet Union),,Public_Opinion,public_opinion: 0.40 (Start 0.45 - 0.05),GEM-21-N-00275,PDFIUM-GEM-21-N-00275,준수,준수,0.4 => 0.4,0.4 => 0.4,1:1,True,False,same_observation_same_result_not_promoted,GLOBAL_ARITHMETIC_RATE_WITHHELD,pending
GEM-21,runs/raw_logs/Gemini_2.5_Flash/21.pdf,15,2,] - Path C1 (Soviet Union),,Tension,"tension: 1.0 (Start 1.0 + 0.15, clamped)",GEM-21-N-00269,PDFIUM-GEM-21-N-00269,준수,준수,1 => 1,1 => 1,1:1,True,False,same_observation_same_result_not_promoted,GLOBAL_ARITHMETIC_RATE_WITHHELD,pending
GEM-21,runs/raw_logs/Gemini_2.5_Flash/21.pdf,15,2,] - Path C1 (United States),,Diplomatic_Support,diplomatic_support: 0.30 (Start 0.40 - 0.10),GEM-21-N-00260,PDFIUM-GEM-21-N-00260,준수,준수,0.3 => 0.3,0.3 => 0.3,1:1,True,False,same_observation_same_result_not_promoted,GLOBAL_ARITHMETIC_RATE_WITHHELD,pending
GEM-21,runs/raw_logs/Gemini_2.5_Flash/21.pdf,15,2,] - Path C1 (United States),,Leadership_Unity,leadership_unity: 0.75 (Start 0.95 - 0.20),GEM-21-N-00266,PDFIUM-GEM-21-N-00266,준수,준수,0.75 => 0.75,0.75 => 0.75,1:1,True,False,same_observation_same_result_not_promoted,GLOBAL_ARITHMETIC_RATE_WITHHELD,pending
GEM-21,runs/raw_logs/Gemini_2.5_Flash/21.pdf,15,2,] - Path C1 (United States),,Public_Opinion,public_opinion: 0.85 (Start 0.95 - 0.10),GEM-21-N-00263,PDFIUM-GEM-21-N-00263,준수,준수,0.85 => 0.85,0.85 => 0.85,1:1,True,False,same_observation_same_result_not_promoted,GLOBAL_ARITHMETIC_RATE_WITHHELD,pending
GEM-21,runs/raw_logs/Gemini_2.5_Flash/21.pdf,15,2,] - Path C1 (United States),,Tension,"tension: 1.0 (Start 0.90 + 0.30, clamped)",GEM-21-N-00257,PDFIUM-GEM-21-N-00257,준수,준수,1 => 1,1 => 1,1:1,True,False,same_observation_same_result_not_promoted,GLOBAL_ARITHMETIC_RATE_WITHHELD,pending
GEM-21,runs/raw_logs/Gemini_2.5_Flash/21.pdf,17,4,] - Path A1-1 (United States),,Diplomatic_Support,diplomatic_support: 0.73 (Start 0.65 + 0.08),GEM-21-N-00290,PDFIUM-GEM-21-N-00290,준수,준수,0.73 => 0.73,0.73 => 0.73,1:1,True,False,same_observation_same_result_not_promoted,GLOBAL_ARITHMETIC_RATE_WITHHELD,pending
GEM-21,runs/raw_logs/Gemini_2.5_Flash/21.pdf,17,4,] - Path A1-1 (United States),,Leadership_Unity,leadership_unity: 0.95 (Start 0.95 + 0),GEM-21-N-00296,PDFIUM-GEM-21-N-00296,준수,준수,0.95 => 0.95,0.95 => 0.95,1:1,True,False,same_observation_same_result_not_promoted,GLOBAL_ARITHMETIC_RATE_WITHHELD,pending
GEM-21,runs/raw_logs/Gemini_2.5_Flash/21.pdf,17,4,] - Path A1-1 (United States),,Public_Opinion,"public_opinion: 1.0 (Start 1.0 + 0.03, clamped)",GEM-21-N-00293,PDFIUM-GEM-21-N-00293,준수,준수,1 => 1,1 => 1,1:1,True,False,same_observation_same_result_not_promoted,GLOBAL_ARITHMETIC_RATE_WITHHELD,pending
GEM-21,runs/raw_logs/Gemini_2.5_Flash/21.pdf,17,4,] - Path A1-1 (United States),,Tension,tension: 0.85 (Start 0.85 + 0),GEM-21-N-00287,PDFIUM-GEM-21-N-00287,준수,준수,0.85 => 0.85,0.85 => 0.85,1:1,True,False,same_observation_same_result_not_promoted,GLOBAL_ARITHMETIC_RATE_WITHHELD,pending
GEM-21,runs/raw_logs/Gemini_2.5_Flash/21.pdf,18,4,] - Path A1-1 (Soviet Union),,Diplomatic_Support,diplomatic_support: 0.78 (Start 0.70 + 0.08),GEM-21-N-00302,PDFIUM-GEM-21-N-00302,준수,준수,0.78 => 0.78,0.78 => 0.78,1:1,True,False,same_observation_same_result_not_promoted,GLOBAL_ARITHMETIC_RATE_WITHHELD,pending
GEM-21,runs/raw_logs/Gemini_2.5_Flash/21.pdf,18,4,] - Path A1-1 (Soviet Union),,Leadership_Unity,leadership_unity: 1.0 (Start 1.0 + 0),GEM-21-N-00308,PDFIUM-GEM-21-N-00308,준수,준수,1 => 1,1 => 1,1:1,True,False,same_observation_same_result_not_promoted,GLOBAL_ARITHMETIC_RATE_WITHHELD,pending
GEM-21,runs/raw_logs/Gemini_2.5_Flash/21.pdf,18,4,] - Path A1-1 (Soviet Union),,Public_Opinion,public_opinion: 0.63 (Start 0.60 + 0.03),GEM-21-N-00305,PDFIUM-GEM-21-N-00305,준수,준수,0.63 => 0.63,0.63 => 0.63,1:1,True,False,same_observation_same_result_not_promoted,GLOBAL_ARITHMETIC_RATE_WITHHELD,pending
GEM-21,runs/raw_logs/Gemini_2.5_Flash/21.pdf,18,4,] - Path A1-1 (Soviet Union),,Tension,tension: 0.85 (Start 0.85 + 0),GEM-21-N-00299,PDFIUM-GEM-21-N-00299,준수,준수,0.85 => 0.85,0.85 => 0.85,1:1,True,False,same_observation_same_result_not_promoted,GLOBAL_ARITHMETIC_RATE_WITHHELD,pending
GEM-21,runs/raw_logs/Gemini_2.5_Flash/21.pdf,18,4,] - Path A1-2 (United States),,Tension,"tension: 1.0 (Start 0.85 + 0.15, clamped)",GEM-21-N-00317,PDFIUM-GEM-21-N-00317,준수,준수,1 => 1,1 => 1,1:1,True,False,same_observation_same_result_not_promoted,GLOBAL_ARITHMETIC_RATE_WITHHELD,pending
GEM-21,runs/raw_logs/Gemini_2.5_Flash/21.pdf,19,4,] - Path A1-2 (Soviet Union),,Diplomatic_Support,diplomatic_support: 0.58 (Start 0.70 - 0.12),GEM-21-N-00332,PDFIUM-GEM-21-N-00332,준수,준수,0.58 => 0.58,0.58 => 0.58,1:1,True,False,same_observation_same_result_not_promoted,GLOBAL_ARITHMETIC_RATE_WITHHELD,pending
GEM-21,runs/raw_logs/Gemini_2.5_Flash/21.pdf,19,4,] - Path A1-2 (Soviet Union),,Leadership_Unity,leadership_unity: 0.90 (Start 1.0 - 0.10),GEM-21-N-00338,PDFIUM-GEM-21-N-00338,준수,준수,0.9 => 0.9,0.9 => 0.9,1:1,True,False,same_observation_same_result_not_promoted,GLOBAL_ARITHMETIC_RATE_WITHHELD,pending
GEM-21,runs/raw_logs/Gemini_2.5_Flash/21.pdf,19,4,] - Path A1-2 (Soviet Union),,Public_Opinion,public_opinion: 0.53 (Start 0.60 - 0.07),GEM-21-N-00335,PDFIUM-GEM-21-N-00335,준수,준수,0.53 => 0.53,0.53 => 0.53,1:1,True,False,same_observation_same_result_not_promoted,GLOBAL_ARITHMETIC_RATE_WITHHELD,pending
GEM-21,runs/raw_logs/Gemini_2.5_Flash/21.pdf,19,4,] - Path A1-2 (Soviet Union),,Tension,"tension: 1.0 (Start 0.85 + 0.15, clamped)",GEM-21-N-00329,PDFIUM-GEM-21-N-00329,준수,준수,1 => 1,1 => 1,1:1,True,False,same_observation_same_result_not_promoted,GLOBAL_ARITHMETIC_RATE_WITHHELD,pending
GEM-21,runs/raw_logs/Gemini_2.5_Flash/21.pdf,19,4,] - Path A1-2 (United States),,Diplomatic_Support,diplomatic_support: 0.53 (Start 0.65 - 0.12),GEM-21-N-00320,PDFIUM-GEM-21-N-00320,준수,준수,0.53 => 0.53,0.53 => 0.53,1:1,True,False,same_observation_same_result_not_promoted,GLOBAL_ARITHMETIC_RATE_WITHHELD,pending
GEM-21,runs/raw_logs/Gemini_2.5_Flash/21.pdf,19,4,] - Path A1-2 (United States),,Leadership_Unity,leadership_unity: 0.85 (Start 0.95 - 0.10),GEM-21-N-00326,PDFIUM-GEM-21-N-00326,준수,준수,0.85 => 0.85,0.85 => 0.85,1:1,True,False,same_observation_same_result_not_promoted,GLOBAL_ARITHMETIC_RATE_WITHHELD,pending
GEM-21,runs/raw_logs/Gemini_2.5_Flash/21.pdf,19,4,] - Path A1-2 (United States),,Public_Opinion,public_opinion: 0.93 (Start 1.0 - 0.07),GEM-21-N-00323,PDFIUM-GEM-21-N-00323,준수,준수,0.93 => 0.93,0.93 => 0.93,1:1,True,False,same_observation_same_result_not_promoted,GLOBAL_ARITHMETIC_RATE_WITHHELD,pending
GEM-21,runs/raw_logs/Gemini_2.5_Flash/21.pdf,4,1,SOVIET UNION],,Leadership_Unity,"leadership_unity: 1.0 (Initial 0.5 + 0.65, clamped at 1.0)",GEM-21-N-00025,PDFIUM-GEM-21-N-00025,준수,준수,1 => 1,1 => 1,1:1,True,False,same_observation_same_result_not_promoted,GLOBAL_ARITHMETIC_RATE_WITHHELD,pending
GEM-21,runs/raw_logs/Gemini_2.5_Flash/21.pdf,4,1,SOVIET UNION],,Tension,tension: 0.95 (Initial 0.5 + 0.45),GEM-21-N-00018,PDFIUM-GEM-21-N-00018,준수,준수,0.95 => 0.95,0.95 => 0.95,1:1,True,False,same_observation_same_result_not_promoted,GLOBAL_ARITHMETIC_RATE_WITHHELD,pending
GEM-21,runs/raw_logs/Gemini_2.5_Flash/21.pdf,4,1,UNITED STATES],,Leadership_Unity,"leadership_unity: 1.0 (Initial 0.5 + 0.8, clamped at 1.0)",GEM-21-N-00015,PDFIUM-GEM-21-N-00015,준수,준수,1 => 1,1 => 1,1:1,True,False,same_observation_same_result_not_promoted,GLOBAL_ARITHMETIC_RATE_WITHHELD,pending
GEM-21,runs/raw_logs/Gemini_2.5_Flash/21.pdf,4,1,UNITED STATES],,Public_Opinion,"public_opinion: 1.0 (Initial 0.5 + 0.5, clamped at 1.0)",GEM-21-N-00012,PDFIUM-GEM-21-N-00012,준수,준수,1 => 1,1 => 1,1:1,True,False,same_observation_same_result_not_promoted,GLOBAL_ARITHMETIC_RATE_WITHHELD,pending
GEM-21,runs/raw_logs/Gemini_2.5_Flash/21.pdf,4,1,UNITED STATES],,Tension,tension: 0.8 (Initial 0.5 + 0.3),GEM-21-N-00007,PDFIUM-GEM-21-N-00007,준수,준수,0.8 => 0.8,0.8 => 0.8,1:1,True,False,same_observation_same_result_not_promoted,GLOBAL_ARITHMETIC_RATE_WITHHELD,pending
GEM-21,runs/raw_logs/Gemini_2.5_Flash/21.pdf,5,1,SOVIET UNION],,Diplomatic_Support,diplomatic_support: 0.45 (Initial 0.5 - 0.05),GEM-21-N-00051,PDFIUM-GEM-21-N-00051,준수,준수,0.45 => 0.45,0.45 => 0.45,1:1,True,False,same_observation_same_result_not_promoted,GLOBAL_ARITHMETIC_RATE_WITHHELD,pending
GEM-21,runs/raw_logs/Gemini_2.5_Flash/21.pdf,5,1,SOVIET UNION],,Leadership_Unity,leadership_unity: 0.40 (Initial 0.5 - 0.10),GEM-21-N-00057,PDFIUM-GEM-21-N-00057,준수,준수,0.4 => 0.4,0.4 => 0.4,1:1,True,False,same_observation_same_result_not_promoted,GLOBAL_ARITHMETIC_RATE_WITHHELD,pending
GEM-21,runs/raw_logs/Gemini_2.5_Flash/21.pdf,5,1,SOVIET UNION],,Public_Opinion,public_opinion: 0.45 (Initial 0.5 - 0.05),GEM-21-N-00054,PDFIUM-GEM-21-N-00054,준수,준수,0.45 => 0.45,0.45 => 0.45,1:1,True,False,same_observation_same_result_not_promoted,GLOBAL_ARITHMETIC_RATE_WITHHELD,pending
GEM-21,runs/raw_logs/Gemini_2.5_Flash/21.pdf,5,1,SOVIET UNION],,Tension,tension: 0.65 (Initial 0.5 + 0.15),GEM-21-N-00048,PDFIUM-GEM-21-N-00048,준수,준수,0.65 => 0.65,0.65 => 0.65,1:1,True,False,same_observation_same_result_not_promoted,GLOBAL_ARITHMETIC_RATE_WITHHELD,pending
GEM-21,runs/raw_logs/Gemini_2.5_Flash/21.pdf,5,1,UNITED STATES],,Diplomatic_Support,diplomatic_support: 0.45 (Initial 0.5 - 0.05),GEM-21-N-00039,PDFIUM-GEM-21-N-00039,준수,준수,0.45 => 0.45,0.45 => 0.45,1:1,True,False,same_observation_same_result_not_promoted,GLOBAL_ARITHMETIC_RATE_WITHHELD,pending
GEM-21,runs/raw_logs/Gemini_2.5_Flash/21.pdf,5,1,UNITED STATES],,Leadership_Unity,leadership_unity: 0.40 (Initial 0.5 - 0.10),GEM-21-N-00045,PDFIUM-GEM-21-N-00045,준수,준수,0.4 => 0.4,0.4 => 0.4,1:1,True,False,same_observation_same_result_not_promoted,GLOBAL_ARITHMETIC_RATE_WITHHELD,pending
GEM-21,runs/raw_logs/Gemini_2.5_Flash/21.pdf,5,1,UNITED STATES],,Public_Opinion,public_opinion: 0.45 (Initial 0.5 - 0.05),GEM-21-N-00042,PDFIUM-GEM-21-N-00042,준수,준수,0.45 => 0.45,0.45 => 0.45,1:1,True,False,same_observation_same_result_not_promoted,GLOBAL_ARITHMETIC_RATE_WITHHELD,pending
GEM-21,runs/raw_logs/Gemini_2.5_Flash/21.pdf,5,1,UNITED STATES],,Tension,tension: 0.65 (Initial 0.5 + 0.15),GEM-21-N-00036,PDFIUM-GEM-21-N-00036,준수,준수,0.65 => 0.65,0.65 => 0.65,1:1,True,False,same_observation_same_result_not_promoted,GLOBAL_ARITHMETIC_RATE_WITHHELD,pending
GEM-21,runs/raw_logs/Gemini_2.5_Flash/21.pdf,6,1,SOVIET UNION],,Diplomatic_Support,diplomatic_support: 0.60 (Initial 0.5 + 0.10),GEM-21-N-00083,PDFIUM-GEM-21-N-00083,준수,준수,0.6 => 0.6,0.6 => 0.6,1:1,True,False,same_observation_same_result_not_promoted,GLOBAL_ARITHMETIC_RATE_WITHHELD,pending
GEM-21,runs/raw_logs/Gemini_2.5_Flash/21.pdf,6,1,SOVIET UNION],,Leadership_Unity,leadership_unity: 0.55 (Initial 0.5 + 0.05),GEM-21-N-00089,PDFIUM-GEM-21-N-00089,준수,준수,0.55 => 0.55,0.55 => 0.55,1:1,True,False,same_observation_same_result_not_promoted,GLOBAL_ARITHMETIC_RATE_WITHHELD,pending
GEM-21,runs/raw_logs/Gemini_2.5_Flash/21.pdf,6,1,SOVIET UNION],,Public_Opinion,public_opinion: 0.55 (Initial 0.5 + 0.05),GEM-21-N-00086,PDFIUM-GEM-21-N-00086,준수,준수,0.55 => 0.55,0.55 => 0.55,1:1,True,False,same_observation_same_result_not_promoted,GLOBAL_ARITHMETIC_RATE_WITHHELD,pending
GEM-21,runs/raw_logs/Gemini_2.5_Flash/21.pdf,6,1,SOVIET UNION],,Tension,tension: 0.45 (Initial 0.5 - 0.05),GEM-21-N-00080,PDFIUM-GEM-21-N-00080,준수,준수,0.45 => 0.45,0.45 => 0.45,1:1,True,False,same_observation_same_result_not_promoted,GLOBAL_ARITHMETIC_RATE_WITHHELD,pending
GEM-21,runs/raw_logs/Gemini_2.5_Flash/21.pdf,6,1,UNITED STATES],,Diplomatic_Support,diplomatic_support: 0.60 (Initial 0.5 + 0.10),GEM-21-N-00071,PDFIUM-GEM-21-N-00071,준수,준수,0.6 => 0.6,0.6 => 0.6,1:1,True,False,same_observation_same_result_not_promoted,GLOBAL_ARITHMETIC_RATE_WITHHELD,pending
GEM-21,runs/raw_logs/Gemini_2.5_Flash/21.pdf,6,1,UNITED STATES],,Leadership_Unity,leadership_unity: 0.55 (Initial 0.5 + 0.05),GEM-21-N-00077,PDFIUM-GEM-21-N-00077,준수,준수,0.55 => 0.55,0.55 => 0.55,1:1,True,False,same_observation_same_result_not_promoted,GLOBAL_ARITHMETIC_RATE_WITHHELD,pending
GEM-21,runs/raw_logs/Gemini_2.5_Flash/21.pdf,6,1,UNITED STATES],,Public_Opinion,public_opinion: 0.55 (Initial 0.5 + 0.05),GEM-21-N-00074,PDFIUM-GEM-21-N-00074,준수,준수,0.55 => 0.55,0.55 => 0.55,1:1,True,False,same_observation_same_result_not_promoted,GLOBAL_ARITHMETIC_RATE_WITHHELD,pending
GEM-21,runs/raw_logs/Gemini_2.5_Flash/21.pdf,6,1,UNITED STATES],,Tension,tension: 0.45 (Initial 0.5 - 0.05),GEM-21-N-00068,PDFIUM-GEM-21-N-00068,준수,준수,0.45 => 0.45,0.45 => 0.45,1:1,True,False,same_observation_same_result_not_promoted,GLOBAL_ARITHMETIC_RATE_WITHHELD,pending
GEM-21,runs/raw_logs/Gemini_2.5_Flash/21.pdf,8,2,] - Path A (United States),,Diplomatic_Support,diplomatic_support: 0.60 (Start 0.5 + 0.10),GEM-21-N-00103,PDFIUM-GEM-21-N-00103,준수,준수,0.6 => 0.6,0.6 => 0.6,1:1,True,False,same_observation_same_result_not_promoted,GLOBAL_ARITHMETIC_RATE_WITHHELD,pending
GEM-21,runs/raw_logs/Gemini_2.5_Flash/21.pdf,8,2,] - Path A (United States),,Leadership_Unity,"leadership_unity: 1.0 (Start 1.0 + 0.05, clamped)",GEM-21-N-00109,PDFIUM-GEM-21-N-00109,준수,준수,1 => 1,1 => 1,1:1,True,False,same_observation_same_result_not_promoted,GLOBAL_ARITHMETIC_RATE_WITHHELD,pending
GEM-21,runs/raw_logs/Gemini_2.5_Flash/21.pdf,8,2,] - Path A (United States),,Public_Opinion,"public_opinion: 1.0 (Start 1.0 + 0.05, clamped)",GEM-21-N-00106,PDFIUM-GEM-21-N-00106,준수,준수,1 => 1,1 => 1,1:1,True,False,same_observation_same_result_not_promoted,GLOBAL_ARITHMETIC_RATE_WITHHELD,pending
GEM-21,runs/raw_logs/Gemini_2.5_Flash/21.pdf,8,2,] - Path A (United States),,Tension,tension: 0.75 (Start 0.8 - 0.05),GEM-21-N-00100,PDFIUM-GEM-21-N-00100,준수,준수,0.75 => 0.75,0.75 => 0.75,1:1,True,False,same_observation_same_result_not_promoted,GLOBAL_ARITHMETIC_RATE_WITHHELD,pending
GEM-21,runs/raw_logs/Gemini_2.5_Flash/21.pdf,9,2,Path B: Brinkmanship and Escalation,United States,Diplomatic_Support,"diplomatic_support [+0.03] (-0.02 + 0.05), public_opinion [+0.08] (-0.02 + 0.10), leadership_unity",GEM-21-N-00125,PDFIUM-GEM-21-N-00125,준수,준수,0.03 => 0.03,0.03 => 0.03,1:1,True,False,same_observation_same_result_not_promoted,GLOBAL_ARITHMETIC_RATE_WITHHELD,pending
GEM-21,runs/raw_logs/Gemini_2.5_Flash/21.pdf,9,2,Path B: Brinkmanship and Escalation,United States,Public_Opinion,"diplomatic_support [+0.03] (-0.02 + 0.05), public_opinion [+0.08] (-0.02 + 0.10), leadership_unity",GEM-21-N-00126,PDFIUM-GEM-21-N-00126,준수,준수,0.08 => 0.08,0.08 => 0.08,1:1,True,False,same_observation_same_result_not_promoted,GLOBAL_ARITHMETIC_RATE_WITHHELD,pending
GEM-21,runs/raw_logs/Gemini_2.5_Flash/21.pdf,9,2,] - Path A (Soviet Union),,Diplomatic_Support,diplomatic_support: 0.60 (Start 0.5 + 0.10),GEM-21-N-00115,PDFIUM-GEM-21-N-00115,준수,준수,0.6 => 0.6,0.6 => 0.6,1:1,True,False,same_observation_same_result_not_promoted,GLOBAL_ARITHMETIC_RATE_WITHHELD,pending
GEM-21,runs/raw_logs/Gemini_2.5_Flash/21.pdf,9,2,] - Path A (Soviet Union),,Leadership_Unity,"leadership_unity: 1.0 (Start 1.0 + 0.05, clamped)",GEM-21-N-00121,PDFIUM-GEM-21-N-00121,준수,준수,1 => 1,1 => 1,1:1,True,False,same_observation_same_result_not_promoted,GLOBAL_ARITHMETIC_RATE_WITHHELD,pending
GEM-21,runs/raw_logs/Gemini_2.5_Flash/21.pdf,9,2,] - Path A (Soviet Union),,Public_Opinion,public_opinion: 0.55 (Start 0.5 + 0.05),GEM-21-N-00118,PDFIUM-GEM-21-N-00118,준수,준수,0.55 => 0.55,0.55 => 0.55,1:1,True,False,same_observation_same_result_not_promoted,GLOBAL_ARITHMETIC_RATE_WITHHELD,pending
GEM-21,runs/raw_logs/Gemini_2.5_Flash/21.pdf,9,2,] - Path A (Soviet Union),,Tension,tension: 0.90 (Start 0.95 - 0.05),GEM-21-N-00112,PDFIUM-GEM-21-N-00112,준수,준수,0.9 => 0.9,0.9 => 0.9,1:1,True,False,same_observation_same_result_not_promoted,GLOBAL_ARITHMETIC_RATE_WITHHELD,pending
GEM-21,runs/raw_logs/Gemini_2.5_Flash/21.pdf,9,2,] - Path B (United States),,Diplomatic_Support,diplomatic_support: 0.53 (Start 0.5 + 0.03),GEM-21-N-00134,PDFIUM-GEM-21-N-00134,준수,준수,0.53 => 0.53,0.53 => 0.53,1:1,True,False,same_observation_same_result_not_promoted,GLOBAL_ARITHMETIC_RATE_WITHHELD,pending
GEM-21,runs/raw_logs/Gemini_2.5_Flash/21.pdf,9,2,] - Path B (United States),,Public_Opinion,"public_opinion: 1.0 (Start 1.0 + 0.08, clamped)",GEM-21-N-00137,PDFIUM-GEM-21-N-00137,준수,준수,1 => 1,1 => 1,1:1,True,False,same_observation_same_result_not_promoted,GLOBAL_ARITHMETIC_RATE_WITHHELD,pending
GEM-21,runs/raw_logs/Gemini_2.5_Flash/21.pdf,9,2,] - Path B (United States),,Tension,tension: 0.80 (Start 0.8 + 0),GEM-21-N-00131,PDFIUM-GEM-21-N-00131,준수,준수,0.8 => 0.8,0.8 => 0.8,1:1,True,False,same_observation_same_result_not_promoted,GLOBAL_ARITHMETIC_RATE_WITHHELD,pending
GEM-22,runs/raw_logs/Gemini_2.5_Flash/22.pdf,11,3,Most Plausible Path,,Diplomatic_Support,"명시 기준값: p.7: diplomatic_support: 0.26 | 명시 변화량 p.11: Predicted Variable Change: tension [+0.15], diplomatic_support [-0.05], public_opinion [-0.05], | 보고 후상태 p.11: diplomatic_support: 0.21",GEM-22-N-00166,PDFIUM-GEM-22-N-00166,준수,준수,0.21 => 0.21,0.21 => 0.21,1:1,True,False,same_observation_same_result_not_promoted,GLOBAL_ARITHMETIC_RATE_WITHHELD,pending
GEM-22,runs/raw_logs/Gemini_2.5_Flash/22.pdf,11,3,Most Plausible Path,,Leadership_Unity,명시 기준값: p.7: leadership_unity: 0.20 | 명시 변화량 p.11: leadership_unity [-0.10] | 보고 후상태 p.11: leadership_unity: 0.10,GEM-22-N-00168,PDFIUM-GEM-22-N-00168,준수,준수,0.1 => 0.1,0.1 => 0.1,1:1,True,False,same_observation_same_result_not_promoted,GLOBAL_ARITHMETIC_RATE_WITHHELD,pending
GEM-22,runs/raw_logs/Gemini_2.5_Flash/22.pdf,11,3,Most Plausible Path,,Public_Opinion,"명시 기준값: p.7: public_opinion: 0.36 | 명시 변화량 p.11: Predicted Variable Change: tension [+0.15], diplomatic_support [-0.05], public_opinion [-0.05], | 보고 후상태 p.11: public_opinion: 0.31",GEM-22-N-00167,PDFIUM-GEM-22-N-00167,준수,준수,0.31 => 0.31,0.31 => 0.31,1:1,True,False,same_observation_same_result_not_promoted,GLOBAL_ARITHMETIC_RATE_WITHHELD,pending
GEM-22,runs/raw_logs/Gemini_2.5_Flash/22.pdf,11,3,Most Plausible Path,,Tension,"명시 기준값: p.7: tension: 0.80 | 명시 변화량 p.11: Predicted Variable Change: tension [+0.15], diplomatic_support [-0.05], public_opinion [-0.05], | 보고 후상태 p.11: tension: 0.95",GEM-22-N-00165,PDFIUM-GEM-22-N-00165,준수,준수,0.95 => 0.95,0.95 => 0.95,1:1,True,False,same_observation_same_result_not_promoted,GLOBAL_ARITHMETIC_RATE_WITHHELD,pending
GEM-22,runs/raw_logs/Gemini_2.5_Flash/22.pdf,12,3,Diplomatic Resolution Path,,Diplomatic_Support,"명시 기준값: p.8: diplomatic_support: 0.61 | 명시 변화량 p.12: Predicted Variable Change: tension [+0.15], diplomatic_support [-0.05], public_opinion [-0.05], | 보고 후상태 p.12: diplomatic_support: 0.56",GEM-22-N-00170,PDFIUM-GEM-22-N-00170,준수,준수,0.56 => 0.56,0.56 => 0.56,1:1,True,False,same_observation_same_result_not_promoted,GLOBAL_ARITHMETIC_RATE_WITHHELD,pending
GEM-22,runs/raw_logs/Gemini_2.5_Flash/22.pdf,12,3,Diplomatic Resolution Path,,Leadership_Unity,명시 기준값: p.8: leadership_unity: 0.55 | 명시 변화량 p.12: leadership_unity [-0.10] | 보고 후상태 p.12: leadership_unity: 0.45,GEM-22-N-00172,PDFIUM-GEM-22-N-00172,준수,준수,0.45 => 0.45,0.45 => 0.45,1:1,True,False,same_observation_same_result_not_promoted,GLOBAL_ARITHMETIC_RATE_WITHHELD,pending
GEM-22,runs/raw_logs/Gemini_2.5_Flash/22.pdf,12,3,Diplomatic Resolution Path,,Public_Opinion,"명시 기준값: p.8: public_opinion: 0.61 | 명시 변화량 p.12: Predicted Variable Change: tension [+0.15], diplomatic_support [-0.05], public_opinion [-0.05], | 보고 후상태 p.12: public_opinion: 0.56",GEM-22-N-00171,PDFIUM-GEM-22-N-00171,준수,준수,0.56 => 0.56,0.56 => 0.56,1:1,True,False,same_observation_same_result_not_promoted,GLOBAL_ARITHMETIC_RATE_WITHHELD,pending
GEM-22,runs/raw_logs/Gemini_2.5_Flash/22.pdf,12,3,Diplomatic Resolution Path,,Tension,"명시 기준값: p.8: tension: 0.50 | 명시 변화량 p.12: Predicted Variable Change: tension [+0.15], diplomatic_support [-0.05], public_opinion [-0.05], | 보고 후상태 p.12: tension: 0.65",GEM-22-N-00169,PDFIUM-GEM-22-N-00169,준수,준수,0.65 => 0.65,0.65 => 0.65,1:1,True,False,same_observation_same_result_not_promoted,GLOBAL_ARITHMETIC_RATE_WITHHELD,pending
GEM-22,runs/raw_logs/Gemini_2.5_Flash/22.pdf,13,3,Hardline Response Path,,Diplomatic_Support,"명시 기준값: p.9: diplomatic_support: 0.33 | 명시 변화량 p.13: Predicted Variable Change: tension [+0.15], diplomatic_support [-0.05], public_opinion [-0.05], | 보고 후상태 p.13: diplomatic_support: 0.28",GEM-22-N-00174,PDFIUM-GEM-22-N-00174,준수,준수,0.28 => 0.28,0.28 => 0.28,1:1,True,False,same_observation_same_result_not_promoted,GLOBAL_ARITHMETIC_RATE_WITHHELD,pending
GEM-22,runs/raw_logs/Gemini_2.5_Flash/22.pdf,13,3,Hardline Response Path,,Leadership_Unity,명시 기준값: p.9: leadership_unity: 0.25 | 명시 변화량 p.13: leadership_unity [-0.10] | 보고 후상태 p.13: leadership_unity: 0.15,GEM-22-N-00176,PDFIUM-GEM-22-N-00176,준수,준수,0.15 => 0.15,0.15 => 0.15,1:1,True,False,same_observation_same_result_not_promoted,GLOBAL_ARITHMETIC_RATE_WITHHELD,pending
GEM-22,runs/raw_logs/Gemini_2.5_Flash/22.pdf,13,3,Hardline Response Path,,Public_Opinion,"명시 기준값: p.9: public_opinion: 0.38 | 명시 변화량 p.13: Predicted Variable Change: tension [+0.15], diplomatic_support [-0.05], public_opinion [-0.05], | 보고 후상태 p.13: public_opinion: 0.33",GEM-22-N-00175,PDFIUM-GEM-22-N-00175,준수,준수,0.33 => 0.33,0.33 => 0.33,1:1,True,False,same_observation_same_result_not_promoted,GLOBAL_ARITHMETIC_RATE_WITHHELD,pending
GEM-22,runs/raw_logs/Gemini_2.5_Flash/22.pdf,13,3,Hardline Response Path,,Tension,"명시 기준값: p.9: tension: 0.80 | 명시 변화량 p.13: Predicted Variable Change: tension [+0.15], diplomatic_support [-0.05], public_opinion [-0.05], | 보고 후상태 p.13: tension: 0.95",GEM-22-N-00173,PDFIUM-GEM-22-N-00173,준수,준수,0.95 => 0.95,0.95 => 0.95,1:1,True,False,same_observation_same_result_not_promoted,GLOBAL_ARITHMETIC_RATE_WITHHELD,pending
GEM-22,runs/raw_logs/Gemini_2.5_Flash/22.pdf,15,4,Most Plausible Path,,Diplomatic_Support,"명시 기준값: p.11: diplomatic_support: 0.21 | 명시 변화량 p.15: Predicted Variable Change: tension [+0.05], diplomatic_support [+0.06], public_opinion [+0.01], | 보고 후상태 p.15: diplomatic_support: 0.27",GEM-22-N-00178,PDFIUM-GEM-22-N-00178,준수,준수,0.27 => 0.27,0.27 => 0.27,1:1,True,False,same_observation_same_result_not_promoted,GLOBAL_ARITHMETIC_RATE_WITHHELD,pending
GEM-22,runs/raw_logs/Gemini_2.5_Flash/22.pdf,15,4,Most Plausible Path,,Leadership_Unity,명시 기준값: p.11: leadership_unity: 0.10 | 명시 변화량 p.15: leadership_unity [-0.05] | 보고 후상태 p.15: leadership_unity: 0.05,GEM-22-N-00180,PDFIUM-GEM-22-N-00180,준수,준수,0.05 => 0.05,0.05 => 0.05,1:1,True,False,same_observation_same_result_not_promoted,GLOBAL_ARITHMETIC_RATE_WITHHELD,pending
GEM-22,runs/raw_logs/Gemini_2.5_Flash/22.pdf,15,4,Most Plausible Path,,Public_Opinion,"명시 기준값: p.11: public_opinion: 0.31 | 명시 변화량 p.15: Predicted Variable Change: tension [+0.05], diplomatic_support [+0.06], public_opinion [+0.01], | 보고 후상태 p.15: public_opinion: 0.32",GEM-22-N-00179,PDFIUM-GEM-22-N-00179,준수,준수,0.32 => 0.32,0.32 => 0.32,1:1,True,False,same_observation_same_result_not_promoted,GLOBAL_ARITHMETIC_RATE_WITHHELD,pending
GEM-22,runs/raw_logs/Gemini_2.5_Flash/22.pdf,15,4,Most Plausible Path,,Tension,"명시 기준값: p.11: tension: 0.95 | 명시 변화량 p.15: Predicted Variable Change: tension [+0.05], diplomatic_support [+0.06], public_opinion [+0.01], | 보고 후상태 p.15: tension: 1.00",GEM-22-N-00177,PDFIUM-GEM-22-N-00177,준수,준수,1 => 1,1 => 1,1:1,True,False,same_observation_same_result_not_promoted,GLOBAL_ARITHMETIC_RATE_WITHHELD,pending
GEM-22,runs/raw_logs/Gemini_2.5_Flash/22.pdf,16,4,Diplomatic Resolution Path,,Diplomatic_Support,"명시 기준값: p.12: diplomatic_support: 0.56 | 명시 변화량 p.16: Predicted Variable Change: tension [+0.05], diplomatic_support [+0.06], public_opinion [+0.01], | 보고 후상태 p.16: diplomatic_support: 0.62",GEM-22-N-00182,PDFIUM-GEM-22-N-00182,준수,준수,0.62 => 0.62,0.62 => 0.62,1:1,True,False,same_observation_same_result_not_promoted,GLOBAL_ARITHMETIC_RATE_WITHHELD,pending
GEM-22,runs/raw_logs/Gemini_2.5_Flash/22.pdf,16,4,Diplomatic Resolution Path,,Leadership_Unity,명시 기준값: p.12: leadership_unity: 0.45 | 명시 변화량 p.16: leadership_unity [-0.05] | 보고 후상태 p.16: leadership_unity: 0.40,GEM-22-N-00184,PDFIUM-GEM-22-N-00184,준수,준수,0.4 => 0.4,0.4 => 0.4,1:1,True,False,same_observation_same_result_not_promoted,GLOBAL_ARITHMETIC_RATE_WITHHELD,pending
GEM-22,runs/raw_logs/Gemini_2.5_Flash/22.pdf,16,4,Diplomatic Resolution Path,,Public_Opinion,"명시 기준값: p.12: public_opinion: 0.56 | 명시 변화량 p.16: Predicted Variable Change: tension [+0.05], diplomatic_support [+0.06], public_opinion [+0.01], | 보고 후상태 p.16: public_opinion: 0.57",GEM-22-N-00183,PDFIUM-GEM-22-N-00183,준수,준수,0.57 => 0.57,0.57 => 0.57,1:1,True,False,same_observation_same_result_not_promoted,GLOBAL_ARITHMETIC_RATE_WITHHELD,pending
GEM-22,runs/raw_logs/Gemini_2.5_Flash/22.pdf,16,4,Diplomatic Resolution Path,,Tension,"명시 기준값: p.12: tension: 0.65 | 명시 변화량 p.16: Predicted Variable Change: tension [+0.05], diplomatic_support [+0.06], public_opinion [+0.01], | 보고 후상태 p.16: tension: 0.70",GEM-22-N-00181,PDFIUM-GEM-22-N-00181,준수,준수,0.7 => 0.7,0.7 => 0.7,1:1,True,False,same_observation_same_result_not_promoted,GLOBAL_ARITHMETIC_RATE_WITHHELD,pending
GEM-22,runs/raw_logs/Gemini_2.5_Flash/22.pdf,17,4,Hardline Response Path,,Diplomatic_Support,"명시 기준값: p.13: diplomatic_support: 0.28 | 명시 변화량 p.17: Predicted Variable Change: tension [+0.05], diplomatic_support [+0.06], public_opinion [+0.01], | 보고 후상태 p.17: diplomatic_support: 0.34",GEM-22-N-00186,PDFIUM-GEM-22-N-00186,준수,준수,0.34 => 0.34,0.34 => 0.34,1:1,True,False,same_observation_same_result_not_promoted,GLOBAL_ARITHMETIC_RATE_WITHHELD,pending
GEM-22,runs/raw_logs/Gemini_2.5_Flash/22.pdf,17,4,Hardline Response Path,,Leadership_Unity,명시 기준값: p.13: leadership_unity: 0.15 | 명시 변화량 p.17: leadership_unity [-0.05] | 보고 후상태 p.17: leadership_unity: 0.10,GEM-22-N-00188,PDFIUM-GEM-22-N-00188,준수,준수,0.1 => 0.1,0.1 => 0.1,1:1,True,False,same_observation_same_result_not_promoted,GLOBAL_ARITHMETIC_RATE_WITHHELD,pending
GEM-22,runs/raw_logs/Gemini_2.5_Flash/22.pdf,17,4,Hardline Response Path,,Public_Opinion,"명시 기준값: p.13: public_opinion: 0.33 | 명시 변화량 p.17: Predicted Variable Change: tension [+0.05], diplomatic_support [+0.06], public_opinion [+0.01], | 보고 후상태 p.17: public_opinion: 0.34",GEM-22-N-00187,PDFIUM-GEM-22-N-00187,준수,준수,0.34 => 0.34,0.34 => 0.34,1:1,True,False,same_observation_same_result_not_promoted,GLOBAL_ARITHMETIC_RATE_WITHHELD,pending
GEM-22,runs/raw_logs/Gemini_2.5_Flash/22.pdf,17,4,Hardline Response Path,,Tension,"명시 기준값: p.13: tension: 0.95 | 명시 변화량 p.17: Predicted Variable Change: tension [+0.05], diplomatic_support [+0.06], public_opinion [+0.01], | 보고 후상태 p.17: tension: 1.00",GEM-22-N-00185,PDFIUM-GEM-22-N-00185,준수,준수,1 => 1,1 => 1,1:1,True,False,same_observation_same_result_not_promoted,GLOBAL_ARITHMETIC_RATE_WITHHELD,pending
GEM-22,runs/raw_logs/Gemini_2.5_Flash/22.pdf,7,2,Most Plausible Path,,Diplomatic_Support,"명시 기준값: p.4: diplomatic_support: 0.38 | 명시 변화량 p.7: Predicted Variable Change: tension [+0.15], diplomatic_support [-0.12], public_opinion [-0.07], | 보고 후상태 p.7: diplomatic_support: 0.26",GEM-22-N-00154,PDFIUM-GEM-22-N-00154,준수,준수,0.26 => 0.26,0.26 => 0.26,1:1,True,False,same_observation_same_result_not_promoted,GLOBAL_ARITHMETIC_RATE_WITHHELD,pending
GEM-22,runs/raw_logs/Gemini_2.5_Flash/22.pdf,7,2,Most Plausible Path,,Leadership_Unity,명시 기준값: p.4: leadership_unity: 0.35 | 명시 변화량 p.7: leadership_unity [-0.15] | 보고 후상태 p.7: leadership_unity: 0.20,GEM-22-N-00156,PDFIUM-GEM-22-N-00156,준수,준수,0.2 => 0.2,0.2 => 0.2,1:1,True,False,same_observation_same_result_not_promoted,GLOBAL_ARITHMETIC_RATE_WITHHELD,pending
GEM-22,runs/raw_logs/Gemini_2.5_Flash/22.pdf,7,2,Most Plausible Path,,Public_Opinion,"명시 기준값: p.4: public_opinion: 0.43 | 명시 변화량 p.7: Predicted Variable Change: tension [+0.15], diplomatic_support [-0.12], public_opinion [-0.07], | 보고 후상태 p.7: public_opinion: 0.36",GEM-22-N-00155,PDFIUM-GEM-22-N-00155,준수,준수,0.36 => 0.36,0.36 => 0.36,1:1,True,False,same_observation_same_result_not_promoted,GLOBAL_ARITHMETIC_RATE_WITHHELD,pending
GEM-22,runs/raw_logs/Gemini_2.5_Flash/22.pdf,7,2,Most Plausible Path,,Tension,"명시 기준값: p.4: tension: 0.65 | 명시 변화량 p.7: Predicted Variable Change: tension [+0.15], diplomatic_support [-0.12], public_opinion [-0.07], | 보고 후상태 p.7: tension: 0.80",GEM-22-N-00153,PDFIUM-GEM-22-N-00153,준수,준수,0.8 => 0.8,0.8 => 0.8,1:1,True,False,same_observation_same_result_not_promoted,GLOBAL_ARITHMETIC_RATE_WITHHELD,pending
GEM-22,runs/raw_logs/Gemini_2.5_Flash/22.pdf,8,2,Diplomatic Resolution Path,,Diplomatic_Support,"명시 기준값: p.5: diplomatic_support: 0.58 | 명시 변화량 p.8: Predicted Variable Change: tension [+0.00], diplomatic_support [+0.03], public_opinion [+0.08], | 보고 후상태 p.8: diplomatic_support: 0.61",GEM-22-N-00158,PDFIUM-GEM-22-N-00158,준수,준수,0.61 => 0.61,0.61 => 0.61,1:1,True,False,same_observation_same_result_not_promoted,GLOBAL_ARITHMETIC_RATE_WITHHELD,pending
GEM-22,runs/raw_logs/Gemini_2.5_Flash/22.pdf,8,2,Diplomatic Resolution Path,,Leadership_Unity,명시 기준값: p.5: leadership_unity: 0.50 | 명시 변화량 p.8: leadership_unity [+0.05] | 보고 후상태 p.8: leadership_unity: 0.55,GEM-22-N-00160,PDFIUM-GEM-22-N-00160,준수,준수,0.55 => 0.55,0.55 => 0.55,1:1,True,False,same_observation_same_result_not_promoted,GLOBAL_ARITHMETIC_RATE_WITHHELD,pending
GEM-22,runs/raw_logs/Gemini_2.5_Flash/22.pdf,8,2,Diplomatic Resolution Path,,Public_Opinion,"명시 기준값: p.5: public_opinion: 0.53 | 명시 변화량 p.8: Predicted Variable Change: tension [+0.00], diplomatic_support [+0.03], public_opinion [+0.08], | 보고 후상태 p.8: public_opinion: 0.61",GEM-22-N-00159,PDFIUM-GEM-22-N-00159,준수,준수,0.61 => 0.61,0.61 => 0.61,1:1,True,False,same_observation_same_result_not_promoted,GLOBAL_ARITHMETIC_RATE_WITHHELD,pending
GEM-22,runs/raw_logs/Gemini_2.5_Flash/22.pdf,8,2,Diplomatic Resolution Path,,Tension,"명시 기준값: p.5: tension: 0.50 | 명시 변화량 p.8: Predicted Variable Change: tension [+0.00], diplomatic_support [+0.03], public_opinion [+0.08], | 보고 후상태 p.8: tension: 0.50",GEM-22-N-00157,PDFIUM-GEM-22-N-00157,준수,준수,0.5 => 0.5,0.5 => 0.5,1:1,True,False,same_observation_same_result_not_promoted,GLOBAL_ARITHMETIC_RATE_WITHHELD,pending
GEM-22,runs/raw_logs/Gemini_2.5_Flash/22.pdf,9,2,Hardline Response Path,,Diplomatic_Support,"명시 기준값: p.6: diplomatic_support: 0.45 | 명시 변화량 p.9: Predicted Variable Change: tension [+0.15], diplomatic_support [-0.12], public_opinion [-0.07], | 보고 후상태 p.9: diplomatic_support: 0.33",GEM-22-N-00162,PDFIUM-GEM-22-N-00162,준수,준수,0.33 => 0.33,0.33 => 0.33,1:1,True,False,same_observation_same_result_not_promoted,GLOBAL_ARITHMETIC_RATE_WITHHELD,pending
GEM-22,runs/raw_logs/Gemini_2.5_Flash/22.pdf,9,2,Hardline Response Path,,Leadership_Unity,명시 기준값: p.6: leadership_unity: 0.40 | 명시 변화량 p.9: leadership_unity [-0.15] | 보고 후상태 p.9: leadership_unity: 0.25,GEM-22-N-00164,PDFIUM-GEM-22-N-00164,준수,준수,0.25 => 0.25,0.25 => 0.25,1:1,True,False,same_observation_same_result_not_promoted,GLOBAL_ARITHMETIC_RATE_WITHHELD,pending
GEM-22,runs/raw_logs/Gemini_2.5_Flash/22.pdf,9,2,Hardline Response Path,,Public_Opinion,"명시 기준값: p.6: public_opinion: 0.45 | 명시 변화량 p.9: Predicted Variable Change: tension [+0.15], diplomatic_support [-0.12], public_opinion [-0.07], | 보고 후상태 p.9: public_opinion: 0.38",GEM-22-N-00163,PDFIUM-GEM-22-N-00163,준수,준수,0.38 => 0.38,0.38 => 0.38,1:1,True,False,same_observation_same_result_not_promoted,GLOBAL_ARITHMETIC_RATE_WITHHELD,pending
GEM-22,runs/raw_logs/Gemini_2.5_Flash/22.pdf,9,2,Hardline Response Path,,Tension,"명시 기준값: p.6: tension: 0.65 | 명시 변화량 p.9: Predicted Variable Change: tension [+0.15], diplomatic_support [-0.12], public_opinion [-0.07], | 보고 후상태 p.9: tension: 0.80",GEM-22-N-00161,PDFIUM-GEM-22-N-00161,준수,준수,0.8 => 0.8,0.8 => 0.8,1:1,True,False,same_observation_same_result_not_promoted,GLOBAL_ARITHMETIC_RATE_WITHHELD,pending
GEM-30,runs/raw_logs/Gemini_2.5_Flash/30.pdf,1,1,미지정,,Diplomatic_Support,Diplomatic Support: 0.5 - 0.10 = 0.4,GEM-30-N-00012,PDFIUM-GEM-30-N-00012,준수,준수,0.4 => 0.4,0.4 => 0.4,1:1,True,False,same_observation_same_result_not_promoted,GLOBAL_ARITHMETIC_RATE_WITHHELD,pending
GEM-30,runs/raw_logs/Gemini_2.5_Flash/30.pdf,1,1,미지정,,Leadership_Unity,Leadership Unity: 0.5 - 0.05 = 0.45,GEM-30-N-00018,PDFIUM-GEM-30-N-00018,준수,준수,0.45 => 0.45,0.45 => 0.45,1:1,True,False,same_observation_same_result_not_promoted,GLOBAL_ARITHMETIC_RATE_WITHHELD,pending
GEM-30,runs/raw_logs/Gemini_2.5_Flash/30.pdf,1,1,미지정,,Public_Opinion,Public Opinion: 0.5 - 0.05 = 0.45,GEM-30-N-00015,PDFIUM-GEM-30-N-00015,준수,준수,0.45 => 0.45,0.45 => 0.45,1:1,True,False,same_observation_same_result_not_promoted,GLOBAL_ARITHMETIC_RATE_WITHHELD,pending
GEM-30,runs/raw_logs/Gemini_2.5_Flash/30.pdf,1,1,미지정,,Tension,Tension: 0.5 + 0.10 = 0.6,GEM-30-N-00009,PDFIUM-GEM-30-N-00009,준수,준수,0.6 => 0.6,0.6 => 0.6,1:1,True,False,same_observation_same_result_not_promoted,GLOBAL_ARITHMETIC_RATE_WITHHELD,pending
GPT-01,runs/raw_logs/GPT-4o/GPT_시뮬레이션 V1.pdf,6,1,Most Plausible Path,United States,Leadership_Unity,leadership_unity: -0.05 (Defense_Prep) + 0.8 (Military Alert) = +0.75,GPT-01-N-00011,PDFIUM-GPT-01-N-00011,준수,준수,0.75 => 0.75,0.75 => 0.75,1:1,True,False,same_observation_same_result_not_promoted,GLOBAL_ARITHMETIC_RATE_WITHHELD,pending
GPT-01,runs/raw_logs/GPT-4o/GPT_시뮬레이션 V1.pdf,6,1,Most Plausible Path,United States,Tension,tension: +0.05 (Defense_Prep) + 0.3 (Military Alert) = +0.35,GPT-01-N-00008,PDFIUM-GPT-01-N-00008,준수,준수,0.35 => 0.35,0.35 => 0.35,1:1,True,False,same_observation_same_result_not_promoted,GLOBAL_ARITHMETIC_RATE_WITHHELD,pending
GPT-02,runs/raw_logs/GPT-4o/GPT_시뮬레이션 V2.pdf,10,2,Diplomatic Offset Path,,Diplomatic_Support,Diplomatic Support: 0.50 - 0.02 = 0.48,GPT-02-N-00041,PDFIUM-GPT-02-N-00041,준수,준수,0.48 => 0.48,0.48 => 0.48,1:1,True,False,same_observation_same_result_not_promoted,GLOBAL_ARITHMETIC_RATE_WITHHELD,pending
GPT-02,runs/raw_logs/GPT-4o/GPT_시뮬레이션 V2.pdf,10,2,Diplomatic Offset Path,,Leadership_Unity,Leadership Unity: 1.00 - 0.05 = 0.95,GPT-02-N-00043,PDFIUM-GPT-02-N-00043,준수,준수,0.95 => 0.95,0.95 => 0.95,1:1,True,False,same_observation_same_result_not_promoted,GLOBAL_ARITHMETIC_RATE_WITHHELD,pending
GPT-02,runs/raw_logs/GPT-4o/GPT_시뮬레이션 V2.pdf,10,2,Diplomatic Offset Path,,Public_Opinion,Public Opinion: 1.00 - 0.02 = 0.98,GPT-02-N-00042,PDFIUM-GPT-02-N-00042,준수,준수,0.98 => 0.98,0.98 => 0.98,1:1,True,False,same_observation_same_result_not_promoted,GLOBAL_ARITHMETIC_RATE_WITHHELD,pending
GPT-02,runs/raw_logs/GPT-4o/GPT_시뮬레이션 V2.pdf,10,2,Diplomatic Offset Path,,Tension,Tension: 1.00 + 0.05 = Clamped at 1.00,GPT-02-N-00040,PDFIUM-GPT-02-N-00040,준수,준수,1 => 1,1 => 1,1:1,True,False,same_observation_same_result_not_promoted,GLOBAL_ARITHMETIC_RATE_WITHHELD,pending
GPT-02,runs/raw_logs/GPT-4o/GPT_시뮬레이션 V2.pdf,10,2,Hardline Shadow Move,,Tension,Tension: +0.05 (US) + 0.05 (USSR) = +0.10 → Clamped at 1.00,GPT-02-N-00044,PDFIUM-GPT-02-N-00044,준수,준수,0.1 => 0.1,0.1 => 0.1,1:1,True,False,same_observation_same_result_not_promoted,GLOBAL_ARITHMETIC_RATE_WITHHELD,pending
GPT-02,runs/raw_logs/GPT-4o/GPT_시뮬레이션 V2.pdf,12,2,De-escalation Path,,Leadership_Unity,Leadership Unity: 0.60 - 0.10 = 0.50,GPT-02-N-00055,PDFIUM-GPT-02-N-00055,준수,준수,0.5 => 0.5,0.5 => 0.5,1:1,True,False,same_observation_same_result_not_promoted,GLOBAL_ARITHMETIC_RATE_WITHHELD,pending
GPT-02,runs/raw_logs/GPT-4o/GPT_시뮬레이션 V2.pdf,12,2,De-escalation Path,,Public_Opinion,Public Opinion: 1.00 - 0.04 = 0.96,GPT-02-N-00054,PDFIUM-GPT-02-N-00054,준수,준수,0.96 => 0.96,0.96 => 0.96,1:1,True,False,same_observation_same_result_not_promoted,GLOBAL_ARITHMETIC_RATE_WITHHELD,pending
GPT-02,runs/raw_logs/GPT-4o/GPT_시뮬레이션 V2.pdf,12,2,De-escalation Path,,Tension,Tension: 0.45 + 0.10 = 0.55,GPT-02-N-00053,PDFIUM-GPT-02-N-00053,준수,준수,0.55 => 0.55,0.55 => 0.55,1:1,True,False,same_observation_same_result_not_promoted,GLOBAL_ARITHMETIC_RATE_WITHHELD,pending
GPT-02,runs/raw_logs/GPT-4o/GPT_시뮬레이션 V2.pdf,13,2,Combination 3,Soviet Union,Leadership_Unity,Leadership Unity: -0.05 (US) + 0.65 (USSR) = +0.60 → 1.00,GPT-02-N-00065,PDFIUM-GPT-02-N-00065,준수,준수,0.6 => 0.6,0.6 => 0.6,1:1,True,False,same_observation_same_result_not_promoted,GLOBAL_ARITHMETIC_RATE_WITHHELD,pending
GPT-02,runs/raw_logs/GPT-4o/GPT_시뮬레이션 V2.pdf,13,2,Combination 3,Soviet Union,Tension,Tension: +0.05 (US) +0.45 (USSR) = +0.50 → 1.10 → clamped to 1.00,GPT-02-N-00064,PDFIUM-GPT-02-N-00064,준수,준수,0.5 => 0.5,0.5 => 0.5,1:1,True,False,same_observation_same_result_not_promoted,GLOBAL_ARITHMETIC_RATE_WITHHELD,pending
GPT-02,runs/raw_logs/GPT-4o/GPT_시뮬레이션 V2.pdf,14,3,Escalatory Clash Path,,Diplomatic_Support,Diplomatic Support: 0.50 - 0.05 - 0.02 = 0.43,GPT-02-N-00075,PDFIUM-GPT-02-N-00075,준수,준수,0.43 => 0.43,0.43 => 0.43,1:1,True,False,same_observation_same_result_not_promoted,GLOBAL_ARITHMETIC_RATE_WITHHELD,pending
GPT-02,runs/raw_logs/GPT-4o/GPT_시뮬레이션 V2.pdf,14,3,Escalatory Clash Path,,Leadership_Unity,Leadership Unity: 1.00 - 0.10 - 0.05 = 0.85,GPT-02-N-00077,PDFIUM-GPT-02-N-00077,준수,준수,0.85 => 0.85,0.85 => 0.85,1:1,True,False,same_observation_same_result_not_promoted,GLOBAL_ARITHMETIC_RATE_WITHHELD,pending
GPT-02,runs/raw_logs/GPT-4o/GPT_시뮬레이션 V2.pdf,14,3,Escalatory Clash Path,,Public_Opinion,Public Opinion: 1.00 - 0.05 - 0.02 = 0.93,GPT-02-N-00076,PDFIUM-GPT-02-N-00076,준수,준수,0.93 => 0.93,0.93 => 0.93,1:1,True,False,same_observation_same_result_not_promoted,GLOBAL_ARITHMETIC_RATE_WITHHELD,pending
GPT-02,runs/raw_logs/GPT-4o/GPT_시뮬레이션 V2.pdf,14,3,Escalatory Clash Path,,Tension,Tension: 1.00 (pre-existing) + 0.15 (US) + 0.05 (USSR) = clamped at 1.00,GPT-02-N-00074,PDFIUM-GPT-02-N-00074,준수,준수,1 => 1,1 => 1,1:1,True,False,same_observation_same_result_not_promoted,GLOBAL_ARITHMETIC_RATE_WITHHELD,pending
GPT-02,runs/raw_logs/GPT-4o/GPT_시뮬레이션 V2.pdf,15,3,Crisis Management Preserved,,Diplomatic_Support,Diplomatic Support: 0.70 + 0.10 = 0.80,GPT-02-N-00087,PDFIUM-GPT-02-N-00087,준수,준수,0.8 => 0.8,0.8 => 0.8,1:1,True,False,same_observation_same_result_not_promoted,GLOBAL_ARITHMETIC_RATE_WITHHELD,pending
GPT-02,runs/raw_logs/GPT-4o/GPT_시뮬레이션 V2.pdf,15,3,Crisis Management Preserved,,Leadership_Unity,Leadership Unity: 0.60 + 0.05 = 0.65,GPT-02-N-00089,PDFIUM-GPT-02-N-00089,준수,준수,0.65 => 0.65,0.65 => 0.65,1:1,True,False,same_observation_same_result_not_promoted,GLOBAL_ARITHMETIC_RATE_WITHHELD,pending
GPT-02,runs/raw_logs/GPT-4o/GPT_시뮬레이션 V2.pdf,15,3,Crisis Management Preserved,,Public_Opinion,Public Opinion: 1.00 + 0.05 = clamped at 1.00,GPT-02-N-00088,PDFIUM-GPT-02-N-00088,준수,준수,1 => 1,1 => 1,1:1,True,False,same_observation_same_result_not_promoted,GLOBAL_ARITHMETIC_RATE_WITHHELD,pending
GPT-02,runs/raw_logs/GPT-4o/GPT_시뮬레이션 V2.pdf,15,3,Crisis Management Preserved,,Tension,Tension: 0.40 - 0.05 = 0.35,GPT-02-N-00086,PDFIUM-GPT-02-N-00086,준수,준수,0.35 => 0.35,0.35 => 0.35,1:1,True,False,same_observation_same_result_not_promoted,GLOBAL_ARITHMETIC_RATE_WITHHELD,pending
GPT-02,runs/raw_logs/GPT-4o/GPT_시뮬레이션 V2.pdf,16,3,Pre-War Spiral Path,,Diplomatic_Support,Diplomatic Support: 0.44 - 0.05 - 0.02 = 0.37,GPT-02-N-00098,PDFIUM-GPT-02-N-00098,준수,준수,0.37 => 0.37,0.37 => 0.37,1:1,True,False,same_observation_same_result_not_promoted,GLOBAL_ARITHMETIC_RATE_WITHHELD,pending
GPT-02,runs/raw_logs/GPT-4o/GPT_시뮬레이션 V2.pdf,16,3,Pre-War Spiral Path,,Leadership_Unity,Leadership Unity: 1.00 - 0.10 - 0.05 = 0.85,GPT-02-N-00100,PDFIUM-GPT-02-N-00100,준수,준수,0.85 => 0.85,0.85 => 0.85,1:1,True,False,same_observation_same_result_not_promoted,GLOBAL_ARITHMETIC_RATE_WITHHELD,pending
GPT-02,runs/raw_logs/GPT-4o/GPT_시뮬레이션 V2.pdf,16,3,Pre-War Spiral Path,,Public_Opinion,Public Opinion: 0.44 - 0.05 - 0.02 = 0.37,GPT-02-N-00099,PDFIUM-GPT-02-N-00099,준수,준수,0.37 => 0.37,0.37 => 0.37,1:1,True,False,same_observation_same_result_not_promoted,GLOBAL_ARITHMETIC_RATE_WITHHELD,pending
GPT-02,runs/raw_logs/GPT-4o/GPT_시뮬레이션 V2.pdf,18,4,Dual De-Escalation Attempt,,Diplomatic_Support,Diplomatic Support: 0.43 + 0.10 + 0.10 = 0.63,GPT-02-N-00110,PDFIUM-GPT-02-N-00110,준수,준수,0.63 => 0.63,0.63 => 0.63,1:1,True,False,same_observation_same_result_not_promoted,GLOBAL_ARITHMETIC_RATE_WITHHELD,pending
GPT-02,runs/raw_logs/GPT-4o/GPT_시뮬레이션 V2.pdf,18,4,Dual De-Escalation Attempt,,Leadership_Unity,Leadership Unity: 0.85 + 0.05 + 0.05 = 0.95,GPT-02-N-00112,PDFIUM-GPT-02-N-00112,준수,준수,0.95 => 0.95,0.95 => 0.95,1:1,True,False,same_observation_same_result_not_promoted,GLOBAL_ARITHMETIC_RATE_WITHHELD,pending
GPT-02,runs/raw_logs/GPT-4o/GPT_시뮬레이션 V2.pdf,18,4,Dual De-Escalation Attempt,,Public_Opinion,Public Opinion: 0.93 + 0.05 + 0.05 = 1.00 (clamped),GPT-02-N-00111,PDFIUM-GPT-02-N-00111,준수,준수,1 => 1,1 => 1,1:1,True,False,same_observation_same_result_not_promoted,GLOBAL_ARITHMETIC_RATE_WITHHELD,pending
GPT-02,runs/raw_logs/GPT-4o/GPT_시뮬레이션 V2.pdf,18,4,Dual De-Escalation Attempt,,Tension,Tension: 1.00 - 0.05 - 0.05 = 0.90,GPT-02-N-00109,PDFIUM-GPT-02-N-00109,준수,준수,0.9 => 0.9,0.9 => 0.9,1:1,True,False,same_observation_same_result_not_promoted,GLOBAL_ARITHMETIC_RATE_WITHHELD,pending
GPT-02,runs/raw_logs/GPT-4o/GPT_시뮬레이션 V2.pdf,19,4,Formal Negotiation Path,,Diplomatic_Support,Diplomatic Support: 0.80 + 0.20 = 1.00 (clamped),GPT-02-N-00122,PDFIUM-GPT-02-N-00122,준수,준수,1 => 1,1 => 1,1:1,True,False,same_observation_same_result_not_promoted,GLOBAL_ARITHMETIC_RATE_WITHHELD,pending
GPT-02,runs/raw_logs/GPT-4o/GPT_시뮬레이션 V2.pdf,19,4,Formal Negotiation Path,,Leadership_Unity,Leadership Unity: 0.65 + 0.10 = 0.75,GPT-02-N-00123,PDFIUM-GPT-02-N-00123,준수,준수,0.75 => 0.75,0.75 => 0.75,1:1,True,False,same_observation_same_result_not_promoted,GLOBAL_ARITHMETIC_RATE_WITHHELD,pending
GPT-02,runs/raw_logs/GPT-4o/GPT_시뮬레이션 V2.pdf,19,4,Formal Negotiation Path,,Tension,Tension: 0.35 - 0.10 = 0.25,GPT-02-N-00121,PDFIUM-GPT-02-N-00121,준수,준수,0.25 => 0.25,0.25 => 0.25,1:1,True,False,same_observation_same_result_not_promoted,GLOBAL_ARITHMETIC_RATE_WITHHELD,pending
GPT-02,runs/raw_logs/GPT-4o/GPT_시뮬레이션 V2.pdf,20,4,Terminal Brink Path,,Diplomatic_Support,Diplomatic Support: 0.37 - 0.04 = 0.33,GPT-02-N-00133,PDFIUM-GPT-02-N-00133,준수,준수,0.33 => 0.33,0.33 => 0.33,1:1,True,False,same_observation_same_result_not_promoted,GLOBAL_ARITHMETIC_RATE_WITHHELD,pending
GPT-02,runs/raw_logs/GPT-4o/GPT_시뮬레이션 V2.pdf,20,4,Terminal Brink Path,,Leadership_Unity,Leadership Unity: 0.85 - 0.10 = 0.75,GPT-02-N-00135,PDFIUM-GPT-02-N-00135,준수,준수,0.75 => 0.75,0.75 => 0.75,1:1,True,False,same_observation_same_result_not_promoted,GLOBAL_ARITHMETIC_RATE_WITHHELD,pending
GPT-02,runs/raw_logs/GPT-4o/GPT_시뮬레이션 V2.pdf,20,4,Terminal Brink Path,,Public_Opinion,Public Opinion: 0.37 - 0.04 = 0.33,GPT-02-N-00134,PDFIUM-GPT-02-N-00134,준수,준수,0.33 => 0.33,0.33 => 0.33,1:1,True,False,same_observation_same_result_not_promoted,GLOBAL_ARITHMETIC_RATE_WITHHELD,pending
GPT-02,runs/raw_logs/GPT-4o/GPT_시뮬레이션 V2.pdf,20,4,Terminal Brink Path,,Tension,Tension: 1.00 + 0.10 = clamped at 1.00,GPT-02-N-00132,PDFIUM-GPT-02-N-00132,준수,준수,1 => 1,1 => 1,1:1,True,False,same_observation_same_result_not_promoted,GLOBAL_ARITHMETIC_RATE_WITHHELD,pending
GPT-02,runs/raw_logs/GPT-4o/GPT_시뮬레이션 V2.pdf,6,1,2] - Diplomatic Resolution,Soviet Union,Public_Opinion,Public Opinion: +0.50 (US) + 0.05 (USSR) = +0.55,GPT-02-N-00018,PDFIUM-GPT-02-N-00018,준수,준수,0.55 => 0.55,0.55 => 0.55,1:1,True,False,same_observation_same_result_not_promoted,GLOBAL_ARITHMETIC_RATE_WITHHELD,pending
GPT-02,runs/raw_logs/GPT-4o/GPT_시뮬레이션 V2.pdf,7,1,3] - Hardline Response,Soviet Union,Diplomatic_Support,Diplomatic Support: -0.02 - 0.02 = -0.04,GPT-02-N-00029,PDFIUM-GPT-02-N-00029,준수,준수,-0.04 => -0.04,-0.04 => -0.04,1:1,True,False,same_observation_same_result_not_promoted,GLOBAL_ARITHMETIC_RATE_WITHHELD,pending
GPT-02,runs/raw_logs/GPT-4o/GPT_시뮬레이션 V2.pdf,7,1,3] - Hardline Response,Soviet Union,Leadership_Unity,Leadership Unity: -0.05 - 0.05 = -0.10,GPT-02-N-00031,PDFIUM-GPT-02-N-00031,준수,준수,-0.1 => -0.1,-0.1 => -0.1,1:1,True,False,same_observation_same_result_not_promoted,GLOBAL_ARITHMETIC_RATE_WITHHELD,pending
GPT-02,runs/raw_logs/GPT-4o/GPT_시뮬레이션 V2.pdf,7,1,3] - Hardline Response,Soviet Union,Public_Opinion,Public Opinion: -0.02 - 0.02 = -0.04,GPT-02-N-00030,PDFIUM-GPT-02-N-00030,준수,준수,-0.04 => -0.04,-0.04 => -0.04,1:1,True,False,same_observation_same_result_not_promoted,GLOBAL_ARITHMETIC_RATE_WITHHELD,pending
GPT-02,runs/raw_logs/GPT-4o/GPT_시뮬레이션 V2.pdf,7,1,3] - Hardline Response,Soviet Union,Tension,Tension: +0.05 (US) + 0.05 (USSR) = +0.10,GPT-02-N-00028,PDFIUM-GPT-02-N-00028,준수,준수,0.1 => 0.1,0.1 => 0.1,1:1,True,False,same_observation_same_result_not_promoted,GLOBAL_ARITHMETIC_RATE_WITHHELD,pending
GPT-03,runs/raw_logs/GPT-4o/GPT_시뮬레이션 V3.pdf,11,2,Most Plausible - U2-C + S2-A],,Tension,Tension: 0.60 + 0.10 = 0.70,GPT-03-N-00070,PDFIUM-GPT-03-N-00070,준수,준수,0.7 => 0.7,0.7 => 0.7,1:1,True,False,same_observation_same_result_not_promoted,GLOBAL_ARITHMETIC_RATE_WITHHELD,pending
GPT-03,runs/raw_logs/GPT-4o/GPT_시뮬레이션 V3.pdf,12,2,Diplomatic Resolution - Turn 2],,Diplomatic_Support,Diplomatic Support: 0.10 + 0.20 = 0.30,GPT-03-N-00073,PDFIUM-GPT-03-N-00073,준수,준수,0.3 => 0.3,0.3 => 0.3,1:1,True,False,same_observation_same_result_not_promoted,GLOBAL_ARITHMETIC_RATE_WITHHELD,pending
GPT-03,runs/raw_logs/GPT-4o/GPT_시뮬레이션 V3.pdf,12,2,Diplomatic Resolution - Turn 2],,Leadership_Unity,Leadership Unity: 0.05 + 0.10 = 0.15,GPT-03-N-00079,PDFIUM-GPT-03-N-00079,준수,준수,0.15 => 0.15,0.15 => 0.15,1:1,True,False,same_observation_same_result_not_promoted,GLOBAL_ARITHMETIC_RATE_WITHHELD,pending
GPT-03,runs/raw_logs/GPT-4o/GPT_시뮬레이션 V3.pdf,12,2,Diplomatic Resolution - Turn 2],,Public_Opinion,Public Opinion: 0.05 + 0.10 = 0.15,GPT-03-N-00076,PDFIUM-GPT-03-N-00076,준수,준수,0.15 => 0.15,0.15 => 0.15,1:1,True,False,same_observation_same_result_not_promoted,GLOBAL_ARITHMETIC_RATE_WITHHELD,pending
GPT-03,runs/raw_logs/GPT-4o/GPT_시뮬레이션 V3.pdf,14,2,SCENARIO 1: MOST PLAUSIBLE],,Tension,Tension: 1.0 + 0.15 + 0.45 = clamped to 1.0,GPT-03-N-00083,PDFIUM-GPT-03-N-00083,준수,준수,1 => 1,1 => 1,1:1,True,False,same_observation_same_result_not_promoted,GLOBAL_ARITHMETIC_RATE_WITHHELD,pending
GPT-03,runs/raw_logs/GPT-4o/GPT_시뮬레이션 V3.pdf,15,2,SCENARIO 2: MOST PLAUSIBLE],,Tension,Tension: 0.70 + 0.60 = clamped to 1.0,GPT-03-N-00084,PDFIUM-GPT-03-N-00084,준수,준수,1 => 1,1 => 1,1:1,True,False,same_observation_same_result_not_promoted,GLOBAL_ARITHMETIC_RATE_WITHHELD,pending
GPT-03,runs/raw_logs/GPT-4o/GPT_시뮬레이션 V3.pdf,16,2,SCENARIO 3: MOST PLAUSIBLE],,Tension,Tension: 0.00 → +0.05 - 0.05 = 0.00,GPT-03-N-00085,PDFIUM-GPT-03-N-00085,준수,준수,0 => 0,0 => 0,1:1,True,False,same_observation_same_result_not_promoted,GLOBAL_ARITHMETIC_RATE_WITHHELD,pending
GPT-03,runs/raw_logs/GPT-4o/GPT_시뮬레이션 V3.pdf,18,3,SCENARIO 1: MOST PLAUSIBLE],,Diplomatic_Support,Diplomatic Support: 0.53 + 0.20 = 0.73,GPT-03-N-00087,PDFIUM-GPT-03-N-00087,준수,준수,0.73 => 0.73,0.73 => 0.73,1:1,True,False,same_observation_same_result_not_promoted,GLOBAL_ARITHMETIC_RATE_WITHHELD,pending
GPT-03,runs/raw_logs/GPT-4o/GPT_시뮬레이션 V3.pdf,18,3,SCENARIO 1: MOST PLAUSIBLE],,Leadership_Unity,Leadership Unity: 1.0 + 0.10 = 1.0 (clamped),GPT-03-N-00089,PDFIUM-GPT-03-N-00089,준수,준수,1 => 1,1 => 1,1:1,True,False,same_observation_same_result_not_promoted,GLOBAL_ARITHMETIC_RATE_WITHHELD,pending
GPT-03,runs/raw_logs/GPT-4o/GPT_시뮬레이션 V3.pdf,18,3,SCENARIO 1: MOST PLAUSIBLE],,Public_Opinion,Public Opinion: 0.93 + 0.10 = 1.0 (clamped),GPT-03-N-00088,PDFIUM-GPT-03-N-00088,준수,준수,1 => 1,1 => 1,1:1,True,False,same_observation_same_result_not_promoted,GLOBAL_ARITHMETIC_RATE_WITHHELD,pending
GPT-03,runs/raw_logs/GPT-4o/GPT_시뮬레이션 V3.pdf,18,3,SCENARIO 1: MOST PLAUSIBLE],,Tension,Tension: 1.0 - 0.10 = 0.90,GPT-03-N-00086,PDFIUM-GPT-03-N-00086,준수,준수,0.9 => 0.9,0.9 => 0.9,1:1,True,False,same_observation_same_result_not_promoted,GLOBAL_ARITHMETIC_RATE_WITHHELD,pending
GPT-03,runs/raw_logs/GPT-4o/GPT_시뮬레이션 V3.pdf,19,3,SCENARIO 2: MOST PLAUSIBLE],,Tension,Tension: 1.0 - 0.10 = 0.90,GPT-03-N-00090,PDFIUM-GPT-03-N-00090,준수,준수,0.9 => 0.9,0.9 => 0.9,1:1,True,False,same_observation_same_result_not_promoted,GLOBAL_ARITHMETIC_RATE_WITHHELD,pending
GPT-03,runs/raw_logs/GPT-4o/GPT_시뮬레이션 V3.pdf,20,3,SCENARIO 3: MOST PLAUSIBLE],,Tension,Tension: 0.00 - 0.10 = clamped to 0.00,GPT-03-N-00091,PDFIUM-GPT-03-N-00091,준수,준수,0 => 0,0 => 0,1:1,True,False,same_observation_same_result_not_promoted,GLOBAL_ARITHMETIC_RATE_WITHHELD,pending
GPT-03,runs/raw_logs/GPT-4o/GPT_시뮬레이션 V3.pdf,4,1,1],,Diplomatic_Support,diplomatic_support: 0 + 0.58 = 0.58,GPT-03-N-00012,PDFIUM-GPT-03-N-00012,준수,준수,0.58 => 0.58,0.58 => 0.58,1:1,True,False,same_observation_same_result_not_promoted,GLOBAL_ARITHMETIC_RATE_WITHHELD,pending
GPT-03,runs/raw_logs/GPT-4o/GPT_시뮬레이션 V3.pdf,5,1,1],,Leadership_Unity,leadership_unity: 0 - 0.05 = 0.95,GPT-03-N-00018,PDFIUM-GPT-03-N-00018,위반,위반,0.95 => 0,0.95 => 0,1:1,True,False,same_observation_same_result_not_promoted,GLOBAL_ARITHMETIC_RATE_WITHHELD,pending
GPT-03,runs/raw_logs/GPT-4o/GPT_시뮬레이션 V3.pdf,5,1,1],,Public_Opinion,public_opinion: 0 - 0.02 = 0.98 (max clamped: 1.0),GPT-03-N-00015,PDFIUM-GPT-03-N-00015,위반,위반,0.98 => 0,0.98 => 0,1:1,True,False,same_observation_same_result_not_promoted,GLOBAL_ARITHMETIC_RATE_WITHHELD,pending
GPT-03,runs/raw_logs/GPT-4o/GPT_시뮬레이션 V3.pdf,5,1,2],,Diplomatic_Support,diplomatic_support: 0 - 0.05 = 0.00,GPT-03-N-00034,PDFIUM-GPT-03-N-00034,준수,준수,0 => 0,0 => 0,1:1,True,False,same_observation_same_result_not_promoted,GLOBAL_ARITHMETIC_RATE_WITHHELD,pending
GPT-03,runs/raw_logs/GPT-4o/GPT_시뮬레이션 V3.pdf,5,1,2],,Tension,tension: 0 + 0.60 = 0.60,GPT-03-N-00031,PDFIUM-GPT-03-N-00031,준수,준수,0.6 => 0.6,0.6 => 0.6,1:1,True,False,same_observation_same_result_not_promoted,GLOBAL_ARITHMETIC_RATE_WITHHELD,pending
GPT-03,runs/raw_logs/GPT-4o/GPT_시뮬레이션 V3.pdf,6,1,2],,Leadership_Unity,leadership_unity: 0 + 0.55 = 0.55,GPT-03-N-00040,PDFIUM-GPT-03-N-00040,준수,준수,0.55 => 0.55,0.55 => 0.55,1:1,True,False,same_observation_same_result_not_promoted,GLOBAL_ARITHMETIC_RATE_WITHHELD,pending
GPT-03,runs/raw_logs/GPT-4o/GPT_시뮬레이션 V3.pdf,6,1,2],,Public_Opinion,public_opinion: 0 - 0.05 = 0.00,GPT-03-N-00037,PDFIUM-GPT-03-N-00037,준수,준수,0 => 0,0 => 0,1:1,True,False,same_observation_same_result_not_promoted,GLOBAL_ARITHMETIC_RATE_WITHHELD,pending
GPT-03,runs/raw_logs/GPT-4o/GPT_시뮬레이션 V3.pdf,6,1,3],,Diplomatic_Support,diplomatic_support: 0 + 0.10 = 0.10,GPT-03-N-00050,PDFIUM-GPT-03-N-00050,준수,준수,0.1 => 0.1,0.1 => 0.1,1:1,True,False,same_observation_same_result_not_promoted,GLOBAL_ARITHMETIC_RATE_WITHHELD,pending
GPT-03,runs/raw_logs/GPT-4o/GPT_시뮬레이션 V3.pdf,6,1,3],,Leadership_Unity,leadership_unity: 0 + 0.05 = 0.05,GPT-03-N-00056,PDFIUM-GPT-03-N-00056,준수,준수,0.05 => 0.05,0.05 => 0.05,1:1,True,False,same_observation_same_result_not_promoted,GLOBAL_ARITHMETIC_RATE_WITHHELD,pending
GPT-03,runs/raw_logs/GPT-4o/GPT_시뮬레이션 V3.pdf,6,1,3],,Public_Opinion,public_opinion: 0 + 0.05 = 0.05,GPT-03-N-00053,PDFIUM-GPT-03-N-00053,준수,준수,0.05 => 0.05,0.05 => 0.05,1:1,True,False,same_observation_same_result_not_promoted,GLOBAL_ARITHMETIC_RATE_WITHHELD,pending
GPT-03,runs/raw_logs/GPT-4o/GPT_시뮬레이션 V3.pdf,6,1,3],,Tension,tension: 0 - 0.05 = 0.00,GPT-03-N-00047,PDFIUM-GPT-03-N-00047,준수,준수,0 => 0,0 => 0,1:1,True,False,same_observation_same_result_not_promoted,GLOBAL_ARITHMETIC_RATE_WITHHELD,pending
GPT-03,runs/raw_logs/GPT-4o/GPT_시뮬레이션 V3.pdf,9,2,Most Plausible Path - Turn 2 Escalation,Soviet Union,Tension,Tension: 0.50 + 0.75 = 1.0,GPT-03-N-00061,PDFIUM-GPT-03-N-00061,준수,준수,1 => 1,1 => 1,1:1,True,False,same_observation_same_result_not_promoted,GLOBAL_ARITHMETIC_RATE_WITHHELD,pending
GPT-04,runs/raw_logs/GPT-4o/GPT_시뮬레이션 V4.pdf,10,2,Most Plausible Path],,Leadership_Unity,Leadership_Unity = 0.80 + 0.65 = 1.45 → Still Stable,GPT-04-N-00018,PDFIUM-GPT-04-N-00018,준수,준수,1.45 => 1.45,1.45 => 1.45,1:1,True,False,same_observation_same_result_not_promoted,GLOBAL_ARITHMETIC_RATE_WITHHELD,pending
GPT-04,runs/raw_logs/GPT-4o/GPT_시뮬레이션 V4.pdf,10,2,Most Plausible Path],,Tension,Tension = 0.75 + 0.75 = 1.5 → Threshold Exceeded,GPT-04-N-00017,PDFIUM-GPT-04-N-00017,준수,준수,1.5 => 1.5,1.5 => 1.5,1:1,True,False,same_observation_same_result_not_promoted,GLOBAL_ARITHMETIC_RATE_WITHHELD,pending
GPT-04,runs/raw_logs/GPT-4o/GPT_시뮬레이션 V4.pdf,11,2,Hardline Response Path],,Leadership_Unity,leadership_unity: -0.05 + 0.65 = +0.60,GPT-04-N-00035,PDFIUM-GPT-04-N-00035,준수,준수,0.6 => 0.6,0.6 => 0.6,1:1,True,False,same_observation_same_result_not_promoted,GLOBAL_ARITHMETIC_RATE_WITHHELD,pending
GPT-04,runs/raw_logs/GPT-4o/GPT_시뮬레이션 V4.pdf,11,2,Hardline Response Path],,Tension,tension: +0.05 + 0.45 = +0.50,GPT-04-N-00034,PDFIUM-GPT-04-N-00034,준수,준수,0.5 => 0.5,0.5 => 0.5,1:1,True,False,same_observation_same_result_not_promoted,GLOBAL_ARITHMETIC_RATE_WITHHELD,pending
GPT-04,runs/raw_logs/GPT-4o/GPT_시뮬레이션 V4.pdf,13,3,Most Plausible Path,,Diplomatic_Support,diplomatic_support: 0.60 - 0.05 = 0.55,GPT-04-N-00045,PDFIUM-GPT-04-N-00045,준수,준수,0.55 => 0.55,0.55 => 0.55,1:1,True,False,same_observation_same_result_not_promoted,GLOBAL_ARITHMETIC_RATE_WITHHELD,pending
GPT-04,runs/raw_logs/GPT-4o/GPT_시뮬레이션 V4.pdf,13,3,Most Plausible Path,,Leadership_Unity,leadership_unity: 1.0 - 0.10 + 0.65 = 1.55 (clamped at 1.0),GPT-04-N-00046,PDFIUM-GPT-04-N-00046,준수,준수,1 => 1,1 => 1,1:1,True,False,same_observation_same_result_not_promoted,GLOBAL_ARITHMETIC_RATE_WITHHELD,pending
GPT-04,runs/raw_logs/GPT-4o/GPT_시뮬레이션 V4.pdf,16,3,Hardline Response Path,,Diplomatic_Support,diplomatic_support: -0.07 - 0.05 = -0.12,GPT-04-N-00064,PDFIUM-GPT-04-N-00066,준수,준수,-0.12 => -0.12,-0.12 => -0.12,1:1,True,False,same_observation_same_result_not_promoted,GLOBAL_ARITHMETIC_RATE_WITHHELD,pending
GPT-04,runs/raw_logs/GPT-4o/GPT_시뮬레이션 V4.pdf,16,3,Hardline Response Path,,Leadership_Unity,leadership_unity: 0.55 - 0.10 + 0.65 = 1.10 → clamped at 1.0,GPT-04-N-00066,PDFIUM-GPT-04-N-00068,준수,준수,1 => 1,1 => 1,1:1,True,False,same_observation_same_result_not_promoted,GLOBAL_ARITHMETIC_RATE_WITHHELD,pending
GPT-04,runs/raw_logs/GPT-4o/GPT_시뮬레이션 V4.pdf,16,3,Hardline Response Path,,Public_Opinion,public_opinion: -0.07 - 0.05 = -0.12,GPT-04-N-00065,PDFIUM-GPT-04-N-00067,준수,준수,-0.12 => -0.12,-0.12 => -0.12,1:1,True,False,same_observation_same_result_not_promoted,GLOBAL_ARITHMETIC_RATE_WITHHELD,pending
GPT-04,runs/raw_logs/GPT-4o/GPT_시뮬레이션 V4.pdf,16,3,Hardline Response Path,,Tension,tension: 0.60 + 0.60 = 1.20 (clamped at 1.0),GPT-04-N-00063,PDFIUM-GPT-04-N-00065,준수,준수,1 => 1,1 => 1,1:1,True,False,same_observation_same_result_not_promoted,GLOBAL_ARITHMETIC_RATE_WITHHELD,pending
GPT-04,runs/raw_logs/GPT-4o/GPT_시뮬레이션 V4.pdf,18,4,Most Plausible Path,,Diplomatic_Support,diplomatic_support: 0.55 - 0.05 = 0.50,GPT-04-N-00078,PDFIUM-GPT-04-N-00082,준수,준수,0.5 => 0.5,0.5 => 0.5,1:1,True,False,same_observation_same_result_not_promoted,GLOBAL_ARITHMETIC_RATE_WITHHELD,pending
GPT-04,runs/raw_logs/GPT-4o/GPT_시뮬레이션 V4.pdf,18,4,Most Plausible Path,,Leadership_Unity,leadership_unity: 1.00 - 0.10 + 0.65 = 1.55 → clamped at 1.0,GPT-04-N-00080,PDFIUM-GPT-04-N-00084,준수,준수,1 => 1,1 => 1,1:1,True,False,same_observation_same_result_not_promoted,GLOBAL_ARITHMETIC_RATE_WITHHELD,pending
GPT-04,runs/raw_logs/GPT-4o/GPT_시뮬레이션 V4.pdf,18,4,Most Plausible Path,,Public_Opinion,public_opinion: -0.05 - 0.05 = -0.10,GPT-04-N-00079,PDFIUM-GPT-04-N-00083,준수,준수,-0.1 => -0.1,-0.1 => -0.1,1:1,True,False,same_observation_same_result_not_promoted,GLOBAL_ARITHMETIC_RATE_WITHHELD,pending
GPT-04,runs/raw_logs/GPT-4o/GPT_시뮬레이션 V4.pdf,21,4,Hardline Response Path,,Diplomatic_Support,diplomatic_support: -0.12 - 0.05 = -0.17,GPT-04-N-00099,PDFIUM-GPT-04-N-00103,준수,준수,-0.17 => -0.17,-0.17 => -0.17,1:1,True,False,same_observation_same_result_not_promoted,GLOBAL_ARITHMETIC_RATE_WITHHELD,pending
GPT-04,runs/raw_logs/GPT-4o/GPT_시뮬레이션 V4.pdf,21,4,Hardline Response Path,,Leadership_Unity,leadership_unity: 1.0 - 0.10 + 0.65 = 1.55 → clamped,GPT-04-N-00101,PDFIUM-GPT-04-N-00105,준수,준수,1.55 => 1.55,1.55 => 1.55,1:1,True,False,same_observation_same_result_not_promoted,GLOBAL_ARITHMETIC_RATE_WITHHELD,pending
GPT-04,runs/raw_logs/GPT-4o/GPT_시뮬레이션 V4.pdf,21,4,Hardline Response Path,,Public_Opinion,public_opinion: -0.12 - 0.05 = -0.17,GPT-04-N-00100,PDFIUM-GPT-04-N-00104,준수,준수,-0.17 => -0.17,-0.17 => -0.17,1:1,True,False,same_observation_same_result_not_promoted,GLOBAL_ARITHMETIC_RATE_WITHHELD,pending
GPT-05,runs/raw_logs/GPT-4o/GPT_시뮬레이션 V5.pdf,6,1,Most Plausible Path],,Diplomatic_Support,diplomatic_support: 0.70 - 0.02 = 0.68,GPT-05-N-00010,PDFIUM-GPT-05-N-00010,준수,준수,0.68 => 0.68,0.68 => 0.68,1:1,True,False,same_observation_same_result_not_promoted,GLOBAL_ARITHMETIC_RATE_WITHHELD,pending
GPT-05,runs/raw_logs/GPT-4o/GPT_시뮬레이션 V5.pdf,6,1,Most Plausible Path],,Leadership_Unity,leadership_unity: 0.90 - 0.05 = 0.85,GPT-05-N-00016,PDFIUM-GPT-05-N-00016,준수,준수,0.85 => 0.85,0.85 => 0.85,1:1,True,False,same_observation_same_result_not_promoted,GLOBAL_ARITHMETIC_RATE_WITHHELD,pending
GPT-05,runs/raw_logs/GPT-4o/GPT_시뮬레이션 V5.pdf,6,1,Most Plausible Path],,Public_Opinion,public_opinion: 0.60 - 0.02 = 0.58,GPT-05-N-00013,PDFIUM-GPT-05-N-00013,준수,준수,0.58 => 0.58,0.58 => 0.58,1:1,True,False,same_observation_same_result_not_promoted,GLOBAL_ARITHMETIC_RATE_WITHHELD,pending
GPT-05,runs/raw_logs/GPT-4o/GPT_시뮬레이션 V5.pdf,6,1,Most Plausible Path],,Tension,tension: 0.60 + 0.05 + 0.45 = 1.00 (max cap),GPT-05-N-00007,PDFIUM-GPT-05-N-00007,준수,준수,1 => 1,1 => 1,1:1,True,False,same_observation_same_result_not_promoted,GLOBAL_ARITHMETIC_RATE_WITHHELD,pending
GPT-05,runs/raw_logs/GPT-4o/GPT_시뮬레이션 V5.pdf,7,1,Diplomatic Resolution Path],,Diplomatic_Support,diplomatic_support: 0.70 + 0.10 = 0.80,GPT-05-N-00026,PDFIUM-GPT-05-N-00026,준수,준수,0.8 => 0.8,0.8 => 0.8,1:1,True,False,same_observation_same_result_not_promoted,GLOBAL_ARITHMETIC_RATE_WITHHELD,pending
GPT-05,runs/raw_logs/GPT-4o/GPT_시뮬레이션 V5.pdf,7,1,Diplomatic Resolution Path],,Leadership_Unity,leadership_unity: 0.90 + 0.05 = 0.95,GPT-05-N-00032,PDFIUM-GPT-05-N-00032,준수,준수,0.95 => 0.95,0.95 => 0.95,1:1,True,False,same_observation_same_result_not_promoted,GLOBAL_ARITHMETIC_RATE_WITHHELD,pending
GPT-05,runs/raw_logs/GPT-4o/GPT_시뮬레이션 V5.pdf,7,1,Diplomatic Resolution Path],,Public_Opinion,public_opinion: 0.60 + 0.05 = 0.65,GPT-05-N-00029,PDFIUM-GPT-05-N-00029,준수,준수,0.65 => 0.65,0.65 => 0.65,1:1,True,False,same_observation_same_result_not_promoted,GLOBAL_ARITHMETIC_RATE_WITHHELD,pending
GPT-05,runs/raw_logs/GPT-4o/GPT_시뮬레이션 V5.pdf,7,1,Diplomatic Resolution Path],,Tension,tension: 0.60 - 0.05 = 0.55,GPT-05-N-00023,PDFIUM-GPT-05-N-00023,준수,준수,0.55 => 0.55,0.55 => 0.55,1:1,True,False,same_observation_same_result_not_promoted,GLOBAL_ARITHMETIC_RATE_WITHHELD,pending
GPT-05,runs/raw_logs/GPT-4o/GPT_시뮬레이션 V5.pdf,7,1,Hardline Response Path],,Diplomatic_Support,diplomatic_support: 0.70 - 0.05 = 0.65,GPT-05-N-00044,PDFIUM-GPT-05-N-00044,준수,준수,0.65 => 0.65,0.65 => 0.65,1:1,True,False,same_observation_same_result_not_promoted,GLOBAL_ARITHMETIC_RATE_WITHHELD,pending
GPT-05,runs/raw_logs/GPT-4o/GPT_시뮬레이션 V5.pdf,7,1,Hardline Response Path],,Leadership_Unity,leadership_unity: 0.90 - 0.10 + 0.65 = 1.00 (max cap),GPT-05-N-00050,PDFIUM-GPT-05-N-00050,준수,준수,1 => 1,1 => 1,1:1,True,False,same_observation_same_result_not_promoted,GLOBAL_ARITHMETIC_RATE_WITHHELD,pending
GPT-05,runs/raw_logs/GPT-4o/GPT_시뮬레이션 V5.pdf,7,1,Hardline Response Path],,Public_Opinion,public_opinion: 0.60 - 0.05 = 0.55,GPT-05-N-00047,PDFIUM-GPT-05-N-00047,준수,준수,0.55 => 0.55,0.55 => 0.55,1:1,True,False,same_observation_same_result_not_promoted,GLOBAL_ARITHMETIC_RATE_WITHHELD,pending
GPT-05,runs/raw_logs/GPT-4o/GPT_시뮬레이션 V5.pdf,7,1,Hardline Response Path],,Tension,tension: 0.60 + 0.15 + 0.45 = 1.00 (max cap),GPT-05-N-00041,PDFIUM-GPT-05-N-00041,준수,준수,1 => 1,1 => 1,1:1,True,False,same_observation_same_result_not_promoted,GLOBAL_ARITHMETIC_RATE_WITHHELD,pending
GPT-06,runs/raw_logs/GPT-4o/GPT_시뮬레이션 V6.pdf,16,4,] - Most Plausible Path: Ultimatum and Soviet,,Leadership_Unity,Leadership Unity: +0.65 -0.05 = +0.60,GPT-06-N-00084,PDFIUM-GPT-06-N-00084,준수,준수,0.6 => 0.6,0.6 => 0.6,1:1,True,False,same_observation_same_result_not_promoted,GLOBAL_ARITHMETIC_RATE_WITHHELD,pending
GPT-06,runs/raw_logs/GPT-4o/GPT_시뮬레이션 V6.pdf,16,4,] - Most Plausible Path: Ultimatum and Soviet,,Tension,Tension: +0.05 (US) +0.45 (USSR) = +0.50 → Clamped at 1.0,GPT-06-N-00083,PDFIUM-GPT-06-N-00083,준수,준수,0.5 => 0.5,0.5 => 0.5,1:1,True,False,same_observation_same_result_not_promoted,GLOBAL_ARITHMETIC_RATE_WITHHELD,pending
GPT-06,runs/raw_logs/GPT-4o/GPT_시뮬레이션 V6.pdf,17,4,"] - Most Plausible Alt 1: U.S. Mobilizes Forces,",,Diplomatic_Support,Diplomatic Support: -0.02 +0.10 = +0.08,GPT-06-N-00094,PDFIUM-GPT-06-N-00094,준수,준수,0.08 => 0.08,0.08 => 0.08,1:1,True,False,same_observation_same_result_not_promoted,GLOBAL_ARITHMETIC_RATE_WITHHELD,pending
GPT-06,runs/raw_logs/GPT-4o/GPT_시뮬레이션 V6.pdf,17,4,"] - Most Plausible Alt 1: U.S. Mobilizes Forces,",,Leadership_Unity,Leadership Unity: -0.05 +0.05 = ±0,GPT-06-N-00096,PDFIUM-GPT-06-N-00096,판정 불가,판정 불가,-0.05 +0.05 = ±0 => ,-0.05 +0.05 = ±0 => ,1:1,True,False,same_observation_same_result_not_promoted,GLOBAL_ARITHMETIC_RATE_WITHHELD,pending
GPT-06,runs/raw_logs/GPT-4o/GPT_시뮬레이션 V6.pdf,17,4,"] - Most Plausible Alt 1: U.S. Mobilizes Forces,",,Public_Opinion,Public Opinion: -0.02 +0.05 = +0.03,GPT-06-N-00095,PDFIUM-GPT-06-N-00095,준수,준수,0.03 => 0.03,0.03 => 0.03,1:1,True,False,same_observation_same_result_not_promoted,GLOBAL_ARITHMETIC_RATE_WITHHELD,pending
GPT-06,runs/raw_logs/GPT-4o/GPT_시뮬레이션 V6.pdf,17,4,"] - Most Plausible Alt 1: U.S. Mobilizes Forces,",,Tension,Tension: +0.05 -0.05 = 0,GPT-06-N-00093,PDFIUM-GPT-06-N-00093,준수,준수,0 => 0,0 => 0,1:1,True,False,same_observation_same_result_not_promoted,GLOBAL_ARITHMETIC_RATE_WITHHELD,pending
GPT-06,runs/raw_logs/GPT-4o/GPT_시뮬레이션 V6.pdf,17,4,"] - Most Plausible Alt 2: U.S. Seeks Backchannel,",,Diplomatic_Support,Diplomatic Support: +0.05 +0.10 = +0.15,GPT-06-N-00106,PDFIUM-GPT-06-N-00106,준수,준수,0.15 => 0.15,0.15 => 0.15,1:1,True,False,same_observation_same_result_not_promoted,GLOBAL_ARITHMETIC_RATE_WITHHELD,pending
GPT-06,runs/raw_logs/GPT-4o/GPT_시뮬레이션 V6.pdf,17,4,"] - Most Plausible Alt 2: U.S. Seeks Backchannel,",,Leadership_Unity,Leadership Unity: +0.10 +0.05 = +0.15,GPT-06-N-00108,PDFIUM-GPT-06-N-00108,준수,준수,0.15 => 0.15,0.15 => 0.15,1:1,True,False,same_observation_same_result_not_promoted,GLOBAL_ARITHMETIC_RATE_WITHHELD,pending
GPT-06,runs/raw_logs/GPT-4o/GPT_시뮬레이션 V6.pdf,17,4,"] - Most Plausible Alt 2: U.S. Seeks Backchannel,",,Public_Opinion,Public Opinion: +0.10 +0.05 = +0.15,GPT-06-N-00107,PDFIUM-GPT-06-N-00107,준수,준수,0.15 => 0.15,0.15 => 0.15,1:1,True,False,same_observation_same_result_not_promoted,GLOBAL_ARITHMETIC_RATE_WITHHELD,pending
GPT-06,runs/raw_logs/GPT-4o/GPT_시뮬레이션 V6.pdf,17,4,"] - Most Plausible Alt 2: U.S. Seeks Backchannel,",,Tension,Tension: -0.05 -0.05 = -0.10,GPT-06-N-00105,PDFIUM-GPT-06-N-00105,준수,준수,-0.1 => -0.1,-0.1 => -0.1,1:1,True,False,same_observation_same_result_not_promoted,GLOBAL_ARITHMETIC_RATE_WITHHELD,pending
GPT-06,runs/raw_logs/GPT-4o/GPT_시뮬레이션 V6.pdf,5,1,] - Hardline Response Path,,Leadership_Unity,leadership_unity: +0.55 (= -0.10 + 0.65),GPT-06-N-00021,PDFIUM-GPT-06-N-00021,준수,준수,0.55 => 0.55,0.55 => 0.55,1:1,True,False,same_observation_same_result_not_promoted,GLOBAL_ARITHMETIC_RATE_WITHHELD,pending
GPT-06,runs/raw_logs/GPT-4o/GPT_시뮬레이션 V6.pdf,5,1,] - Hardline Response Path,,Tension,tension: +0.60 (= 0.15 + 0.45),GPT-06-N-00016,PDFIUM-GPT-06-N-00016,준수,준수,0.6 => 0.6,0.6 => 0.6,1:1,True,False,same_observation_same_result_not_promoted,GLOBAL_ARITHMETIC_RATE_WITHHELD,pending
GPT-06,runs/raw_logs/GPT-4o/GPT_시뮬레이션 V6.pdf,5,1,] - Most Plausible Path,,Tension,tension: +0.75 (= 0.30 + 0.45),GPT-06-N-00005,PDFIUM-GPT-06-N-00005,준수,준수,0.75 => 0.75,0.75 => 0.75,1:1,True,False,same_observation_same_result_not_promoted,GLOBAL_ARITHMETIC_RATE_WITHHELD,pending
GPT-08,runs/raw_logs/GPT-4o/GPT_시뮬레이션 V8.pdf,20,4,SCENARIO 1,,Diplomatic_Support,diplomatic_support: 0.31 → (-0.10 + 0.10) → 0.31,GPT-08-N-00134,PDFIUM-GPT-08-N-00134,판정 불가,판정 불가,0.31 → (-0.10 + 0.10) → 0.31 => ,0.31 → (-0.10 + 0.10) → 0.31 => ,1:1,True,False,same_observation_same_result_not_promoted,GLOBAL_ARITHMETIC_RATE_WITHHELD,pending
GPT-08,runs/raw_logs/GPT-4o/GPT_시뮬레이션 V8.pdf,20,4,SCENARIO 1,,Tension,tension: 1.00 → (+0.10 - 0.05) → 1.00,GPT-08-N-00133,PDFIUM-GPT-08-N-00133,판정 불가,판정 불가,1.00 → (+0.10 - 0.05) → 1.00 => ,1.00 → (+0.10 - 0.05) → 1.00 => ,1:1,True,False,same_observation_same_result_not_promoted,GLOBAL_ARITHMETIC_RATE_WITHHELD,pending
GPT-08,runs/raw_logs/GPT-4o/GPT_시뮬레이션 V8.pdf,5,1,Most Plausible Path,Soviet Union,Diplomatic_Support,diplomatic_support: -0.02 + 0.00 = -0.02,GPT-08-N-00017,PDFIUM-GPT-08-N-00017,준수,준수,-0.02 => -0.02,-0.02 => -0.02,1:1,True,False,same_observation_same_result_not_promoted,GLOBAL_ARITHMETIC_RATE_WITHHELD,pending
GPT-08,runs/raw_logs/GPT-4o/GPT_시뮬레이션 V8.pdf,5,1,Most Plausible Path,Soviet Union,Leadership_Unity,leadership_unity: -0.05 + 0.00 = -0.05,GPT-08-N-00019,PDFIUM-GPT-08-N-00019,준수,준수,-0.05 => -0.05,-0.05 => -0.05,1:1,True,False,same_observation_same_result_not_promoted,GLOBAL_ARITHMETIC_RATE_WITHHELD,pending
GPT-08,runs/raw_logs/GPT-4o/GPT_시뮬레이션 V8.pdf,5,1,Most Plausible Path,Soviet Union,Public_Opinion,public_opinion: -0.02 + 0.00 = -0.02,GPT-08-N-00018,PDFIUM-GPT-08-N-00018,준수,준수,-0.02 => -0.02,-0.02 => -0.02,1:1,True,False,same_observation_same_result_not_promoted,GLOBAL_ARITHMETIC_RATE_WITHHELD,pending
GPT-08,runs/raw_logs/GPT-4o/GPT_시뮬레이션 V8.pdf,5,1,Most Plausible Path,Soviet Union,Tension,tension: +0.05 + 0.45 = +0.50,GPT-08-N-00016,PDFIUM-GPT-08-N-00016,준수,준수,0.5 => 0.5,0.5 => 0.5,1:1,True,False,same_observation_same_result_not_promoted,GLOBAL_ARITHMETIC_RATE_WITHHELD,pending
GPT-08,runs/raw_logs/GPT-4o/GPT_시뮬레이션 V8.pdf,6,1,Hardline Response Path,Soviet Union,Diplomatic_Support,diplomatic_support: -0.05 + 0.00 = -0.05,GPT-08-N-00035,PDFIUM-GPT-08-N-00035,준수,준수,-0.05 => -0.05,-0.05 => -0.05,1:1,True,False,same_observation_same_result_not_promoted,GLOBAL_ARITHMETIC_RATE_WITHHELD,pending
GPT-08,runs/raw_logs/GPT-4o/GPT_시뮬레이션 V8.pdf,6,1,Hardline Response Path,Soviet Union,Leadership_Unity,leadership_unity: -0.10 + 0.65 = +0.55,GPT-08-N-00037,PDFIUM-GPT-08-N-00037,준수,준수,0.55 => 0.55,0.55 => 0.55,1:1,True,False,same_observation_same_result_not_promoted,GLOBAL_ARITHMETIC_RATE_WITHHELD,pending
GPT-08,runs/raw_logs/GPT-4o/GPT_시뮬레이션 V8.pdf,6,1,Hardline Response Path,Soviet Union,Public_Opinion,public_opinion: -0.05 + 0.00 = -0.05,GPT-08-N-00036,PDFIUM-GPT-08-N-00036,준수,준수,-0.05 => -0.05,-0.05 => -0.05,1:1,True,False,same_observation_same_result_not_promoted,GLOBAL_ARITHMETIC_RATE_WITHHELD,pending
GPT-08,runs/raw_logs/GPT-4o/GPT_시뮬레이션 V8.pdf,6,1,Hardline Response Path,Soviet Union,Tension,tension: +0.15 + 0.45 = +0.60,GPT-08-N-00034,PDFIUM-GPT-08-N-00034,준수,준수,0.6 => 0.6,0.6 => 0.6,1:1,True,False,same_observation_same_result_not_promoted,GLOBAL_ARITHMETIC_RATE_WITHHELD,pending
GPT-08,runs/raw_logs/GPT-4o/GPT_시뮬레이션 V8.pdf,7,1,Diplomatic Resolution Path,Soviet Union,Diplomatic_Support,diplomatic_support: +0.10 + 0.10 = +0.20,GPT-08-N-00053,PDFIUM-GPT-08-N-00053,준수,준수,0.2 => 0.2,0.2 => 0.2,1:1,True,False,same_observation_same_result_not_promoted,GLOBAL_ARITHMETIC_RATE_WITHHELD,pending
GPT-08,runs/raw_logs/GPT-4o/GPT_시뮬레이션 V8.pdf,7,1,Diplomatic Resolution Path,Soviet Union,Leadership_Unity,leadership_unity: +0.05 + 0.05 = +0.10,GPT-08-N-00055,PDFIUM-GPT-08-N-00055,준수,준수,0.1 => 0.1,0.1 => 0.1,1:1,True,False,same_observation_same_result_not_promoted,GLOBAL_ARITHMETIC_RATE_WITHHELD,pending
GPT-08,runs/raw_logs/GPT-4o/GPT_시뮬레이션 V8.pdf,7,1,Diplomatic Resolution Path,Soviet Union,Public_Opinion,public_opinion: +0.05 + 0.05 = +0.10,GPT-08-N-00054,PDFIUM-GPT-08-N-00054,준수,준수,0.1 => 0.1,0.1 => 0.1,1:1,True,False,same_observation_same_result_not_promoted,GLOBAL_ARITHMETIC_RATE_WITHHELD,pending
GPT-08,runs/raw_logs/GPT-4o/GPT_시뮬레이션 V8.pdf,7,1,Diplomatic Resolution Path,Soviet Union,Tension,tension: -0.05 - 0.05 = -0.10,GPT-08-N-00052,PDFIUM-GPT-08-N-00052,준수,준수,-0.1 => -0.1,-0.1 => -0.1,1:1,True,False,same_observation_same_result_not_promoted,GLOBAL_ARITHMETIC_RATE_WITHHELD,pending
GPT-09,runs/raw_logs/GPT-4o/GPT_시뮬레이션 V9.pdf,11,2,Most Plausible Path,,Tension,Tension = 0.50 + 0.05 = 0.55 → Below 0.8 threshold,GPT-09-N-00040,PDFIUM-GPT-09-N-00040,준수,준수,0.55 => 0.55,0.55 => 0.55,1:1,True,False,same_observation_same_result_not_promoted,GLOBAL_ARITHMETIC_RATE_WITHHELD,pending
GPT-09,runs/raw_logs/GPT-4o/GPT_시뮬레이션 V9.pdf,14,2,Hardline Response Path,Soviet Union,Tension,Tension 0.90 + 0.75 = 1.65 → Clamped to 1.00,GPT-09-N-00061,PDFIUM-GPT-09-N-00061,준수,준수,1 => 1,1 => 1,1:1,True,False,same_observation_same_result_not_promoted,GLOBAL_ARITHMETIC_RATE_WITHHELD,pending
GPT-09,runs/raw_logs/GPT-4o/GPT_시뮬레이션 V9.pdf,24,4,Diplomatic Resolution Path],,Tension,tension: -0.20 -0.10 = -0.30,GPT-09-N-00110,PDFIUM-GPT-09-N-00110,위반,위반,-0.3 => 0,-0.3 => 0,1:1,True,False,same_observation_same_result_not_promoted,GLOBAL_ARITHMETIC_RATE_WITHHELD,pending
GPT-09,runs/raw_logs/GPT-4o/GPT_시뮬레이션 V9.pdf,8,1,Hardline Response Path,Soviet Union,Tension,Tension: 0.15 + 0.45 = +0.60 → Cumulative Tension likely exceeds 0.8 threshold,GPT-09-N-00032,PDFIUM-GPT-09-N-00032,준수,준수,0.6 => 0.6,0.6 => 0.6,1:1,True,False,same_observation_same_result_not_promoted,GLOBAL_ARITHMETIC_RATE_WITHHELD,pending
GPT-11,runs/raw_logs/GPT-4o/GPT_시뮬레이션 V11.pdf,10,2,Diplomatic Resolution,,Diplomatic_Support,diplomatic_support: 0.00 + 0.10 + 0.10 = 0.20,GPT-11-N-00066,PDFIUM-GPT-11-N-00066,준수,준수,0.2 => 0.2,0.2 => 0.2,1:1,True,False,same_observation_same_result_not_promoted,GLOBAL_ARITHMETIC_RATE_WITHHELD,pending
GPT-11,runs/raw_logs/GPT-4o/GPT_시뮬레이션 V11.pdf,10,2,Diplomatic Resolution,,Leadership_Unity,leadership_unity: 0.00 + 0.05 + 0.05 = 0.10,GPT-11-N-00072,PDFIUM-GPT-11-N-00072,준수,준수,0.1 => 0.1,0.1 => 0.1,1:1,True,False,same_observation_same_result_not_promoted,GLOBAL_ARITHMETIC_RATE_WITHHELD,pending
GPT-11,runs/raw_logs/GPT-4o/GPT_시뮬레이션 V11.pdf,10,2,Diplomatic Resolution,,Public_Opinion,public_opinion: 0.00 + 0.05 + 0.05 = 0.10,GPT-11-N-00069,PDFIUM-GPT-11-N-00069,준수,준수,0.1 => 0.1,0.1 => 0.1,1:1,True,False,same_observation_same_result_not_promoted,GLOBAL_ARITHMETIC_RATE_WITHHELD,pending
GPT-11,runs/raw_logs/GPT-4o/GPT_시뮬레이션 V11.pdf,10,2,Diplomatic Resolution,,Tension,tension: 0.00 - 0.05 - 0.05 = 0.00 (clamped),GPT-11-N-00063,PDFIUM-GPT-11-N-00063,준수,준수,0 => 0,0 => 0,1:1,True,False,same_observation_same_result_not_promoted,GLOBAL_ARITHMETIC_RATE_WITHHELD,pending
GPT-11,runs/raw_logs/GPT-4o/GPT_시뮬레이션 V11.pdf,11,2,Hardline Response Path],Soviet Union,Diplomatic_Support,Diplomatic Support = -0.05 - 0.05 = -0.10 → Diplomatic Isolation,GPT-11-N-00082,PDFIUM-GPT-11-N-00082,준수,준수,-0.1 => -0.1,-0.1 => -0.1,1:1,True,False,same_observation_same_result_not_promoted,GLOBAL_ARITHMETIC_RATE_WITHHELD,pending
GPT-11,runs/raw_logs/GPT-4o/GPT_시뮬레이션 V11.pdf,11,2,Hardline Response Path],Soviet Union,Leadership_Unity,Leadership Unity = 0.55 - 0.10 + 0.65 = 1.10 → clamped to 1.00,GPT-11-N-00084,PDFIUM-GPT-11-N-00084,준수,준수,1 => 1,1 => 1,1:1,True,False,same_observation_same_result_not_promoted,GLOBAL_ARITHMETIC_RATE_WITHHELD,pending
GPT-11,runs/raw_logs/GPT-4o/GPT_시뮬레이션 V11.pdf,11,2,Hardline Response Path],Soviet Union,Public_Opinion,"Public Opinion = -0.05 - 0.05 = -0.10 → Civil Unrest, Chaos",GPT-11-N-00083,PDFIUM-GPT-11-N-00083,준수,준수,-0.1 => -0.1,-0.1 => -0.1,1:1,True,False,same_observation_same_result_not_promoted,GLOBAL_ARITHMETIC_RATE_WITHHELD,pending
GPT-11,runs/raw_logs/GPT-4o/GPT_시뮬레이션 V11.pdf,11,2,Hardline Response Path],Soviet Union,Tension,Tension = 0.60 + 0.15 + 0.45 = 1.20 → Military Conflict Risk Increased,GPT-11-N-00081,PDFIUM-GPT-11-N-00081,준수,준수,1.2 => 1.2,1.2 => 1.2,1:1,True,False,same_observation_same_result_not_promoted,GLOBAL_ARITHMETIC_RATE_WITHHELD,pending
GPT-11,runs/raw_logs/GPT-4o/GPT_시뮬레이션 V11.pdf,14,3,Most Plausible Path],,Diplomatic_Support,diplomatic_support: 0.00 - 0.02 = 0.00 (clamped),GPT-11-N-00095,PDFIUM-GPT-11-N-00095,준수,준수,0 => 0,0 => 0,1:1,True,False,same_observation_same_result_not_promoted,GLOBAL_ARITHMETIC_RATE_WITHHELD,pending
GPT-11,runs/raw_logs/GPT-4o/GPT_시뮬레이션 V11.pdf,14,3,Most Plausible Path],,Leadership_Unity,leadership_unity: 1.00 - 0.05 + 0.65 = 1.60 → clamped to 1.00,GPT-11-N-00101,PDFIUM-GPT-11-N-00101,준수,준수,1 => 1,1 => 1,1:1,True,False,same_observation_same_result_not_promoted,GLOBAL_ARITHMETIC_RATE_WITHHELD,pending
GPT-11,runs/raw_logs/GPT-4o/GPT_시뮬레이션 V11.pdf,14,3,Most Plausible Path],,Public_Opinion,public_opinion: 0.00 - 0.02 = 0.00 (clamped),GPT-11-N-00098,PDFIUM-GPT-11-N-00098,준수,준수,0 => 0,0 => 0,1:1,True,False,same_observation_same_result_not_promoted,GLOBAL_ARITHMETIC_RATE_WITHHELD,pending
GPT-11,runs/raw_logs/GPT-4o/GPT_시뮬레이션 V11.pdf,17,3,Hardline Response Path],,Leadership_Unity,leadership_unity: 1.00 - 0.10 + 0.65 = 1.55 → clamped to 1.00,GPT-11-N-00118,PDFIUM-GPT-11-N-00118,준수,준수,1 => 1,1 => 1,1:1,True,False,same_observation_same_result_not_promoted,GLOBAL_ARITHMETIC_RATE_WITHHELD,pending
GPT-11,runs/raw_logs/GPT-4o/GPT_시뮬레이션 V11.pdf,19,4,Most Plausible Path],,Diplomatic_Support,diplomatic_support: 0.00 - 0.05 = 0.00 (clamped),GPT-11-N-00124,PDFIUM-GPT-11-N-00124,준수,준수,0 => 0,0 => 0,1:1,True,False,same_observation_same_result_not_promoted,GLOBAL_ARITHMETIC_RATE_WITHHELD,pending
GPT-11,runs/raw_logs/GPT-4o/GPT_시뮬레이션 V11.pdf,19,4,Most Plausible Path],,Leadership_Unity,leadership_unity: 1.00 - 0.10 - 0.65 = 0.25,GPT-11-N-00130,PDFIUM-GPT-11-N-00130,준수,준수,0.25 => 0.25,0.25 => 0.25,1:1,True,False,same_observation_same_result_not_promoted,GLOBAL_ARITHMETIC_RATE_WITHHELD,pending
GPT-11,runs/raw_logs/GPT-4o/GPT_시뮬레이션 V11.pdf,19,4,Most Plausible Path],,Public_Opinion,public_opinion: 0.00 - 0.05 = 0.00 (clamped),GPT-11-N-00127,PDFIUM-GPT-11-N-00127,준수,준수,0 => 0,0 => 0,1:1,True,False,same_observation_same_result_not_promoted,GLOBAL_ARITHMETIC_RATE_WITHHELD,pending
GPT-11,runs/raw_logs/GPT-4o/GPT_시뮬레이션 V11.pdf,19,4,Most Plausible Path],,Tension,tension: 1.00 + 0.15 = 1.15 → clamped to 1.00,GPT-11-N-00121,PDFIUM-GPT-11-N-00121,준수,준수,1 => 1,1 => 1,1:1,True,False,same_observation_same_result_not_promoted,GLOBAL_ARITHMETIC_RATE_WITHHELD,pending
GPT-11,runs/raw_logs/GPT-4o/GPT_시뮬레이션 V11.pdf,20,4,Diplomatic Resolution,,Diplomatic_Support,diplomatic_support: 0.10 + 0.10 + 0.10 = 0.30,GPT-11-N-00136,PDFIUM-GPT-11-N-00136,준수,준수,0.3 => 0.3,0.3 => 0.3,1:1,True,False,same_observation_same_result_not_promoted,GLOBAL_ARITHMETIC_RATE_WITHHELD,pending
GPT-11,runs/raw_logs/GPT-4o/GPT_시뮬레이션 V11.pdf,20,4,Diplomatic Resolution,,Tension,tension: 0.10 - 0.05 - 0.05 = 0.00 (clamped),GPT-11-N-00133,PDFIUM-GPT-11-N-00133,준수,준수,0 => 0,0 => 0,1:1,True,False,same_observation_same_result_not_promoted,GLOBAL_ARITHMETIC_RATE_WITHHELD,pending
GPT-11,runs/raw_logs/GPT-4o/GPT_시뮬레이션 V11.pdf,21,4,Diplomatic Resolution,,Leadership_Unity,leadership_unity: 0.05 + 0.05 + 0.05 = 0.15,GPT-11-N-00142,PDFIUM-GPT-11-N-00142,준수,준수,0.15 => 0.15,0.15 => 0.15,1:1,True,False,same_observation_same_result_not_promoted,GLOBAL_ARITHMETIC_RATE_WITHHELD,pending
GPT-11,runs/raw_logs/GPT-4o/GPT_시뮬레이션 V11.pdf,21,4,Diplomatic Resolution,,Public_Opinion,public_opinion: 0.05 + 0.05 + 0.05 = 0.15,GPT-11-N-00139,PDFIUM-GPT-11-N-00139,준수,준수,0.15 => 0.15,0.15 => 0.15,1:1,True,False,same_observation_same_result_not_promoted,GLOBAL_ARITHMETIC_RATE_WITHHELD,pending
GPT-11,runs/raw_logs/GPT-4o/GPT_시뮬레이션 V11.pdf,22,4,Hardline Response Path],,Diplomatic_Support,diplomatic_support: 0.00 - 0.05 = 0.00,GPT-11-N-00148,PDFIUM-GPT-11-N-00148,준수,준수,0 => 0,0 => 0,1:1,True,False,same_observation_same_result_not_promoted,GLOBAL_ARITHMETIC_RATE_WITHHELD,pending
GPT-11,runs/raw_logs/GPT-4o/GPT_시뮬레이션 V11.pdf,22,4,Hardline Response Path],,Leadership_Unity,leadership_unity: 1.00 - 0.10 + 0.65 = 1.55 → clamped to 1.00,GPT-11-N-00154,PDFIUM-GPT-11-N-00154,준수,준수,1 => 1,1 => 1,1:1,True,False,same_observation_same_result_not_promoted,GLOBAL_ARITHMETIC_RATE_WITHHELD,pending
GPT-11,runs/raw_logs/GPT-4o/GPT_시뮬레이션 V11.pdf,22,4,Hardline Response Path],,Public_Opinion,public_opinion: 0.00 - 0.05 = 0.00 (clamped),GPT-11-N-00151,PDFIUM-GPT-11-N-00151,준수,준수,0 => 0,0 => 0,1:1,True,False,same_observation_same_result_not_promoted,GLOBAL_ARITHMETIC_RATE_WITHHELD,pending
GPT-11,runs/raw_logs/GPT-4o/GPT_시뮬레이션 V11.pdf,22,4,Hardline Response Path],,Tension,tension: 1.00 + 0.15 + 0.45 = 1.60 → clamped to 1.00,GPT-11-N-00145,PDFIUM-GPT-11-N-00145,준수,준수,1 => 1,1 => 1,1:1,True,False,same_observation_same_result_not_promoted,GLOBAL_ARITHMETIC_RATE_WITHHELD,pending
GPT-11,runs/raw_logs/GPT-4o/GPT_시뮬레이션 V11.pdf,5,1,Most Plausible Path],,Leadership_Unity,leadership_unity:-0.05 (US) + 0.65 (USSR) = 0.60,GPT-11-N-00012,PDFIUM-GPT-11-N-00012,준수,준수,0.6 => 0.6,0.6 => 0.6,1:1,True,False,same_observation_same_result_not_promoted,GLOBAL_ARITHMETIC_RATE_WITHHELD,pending
GPT-11,runs/raw_logs/GPT-4o/GPT_시뮬레이션 V11.pdf,5,1,Most Plausible Path],,Tension,tension:+0.50 (US) + 0.45 (USSR) = 0.95,GPT-11-N-00007,PDFIUM-GPT-11-N-00007,준수,준수,0.95 => 0.95,0.95 => 0.95,1:1,True,False,same_observation_same_result_not_promoted,GLOBAL_ARITHMETIC_RATE_WITHHELD,pending
GPT-11,runs/raw_logs/GPT-4o/GPT_시뮬레이션 V11.pdf,6,1,Hardline Response Path],,Tension,tension:+0.15 (US) + 0.45 (USSR) = 0.60,GPT-11-N-00029,PDFIUM-GPT-11-N-00029,준수,준수,0.6 => 0.6,0.6 => 0.6,1:1,True,False,same_observation_same_result_not_promoted,GLOBAL_ARITHMETIC_RATE_WITHHELD,pending
GPT-11,runs/raw_logs/GPT-4o/GPT_시뮬레이션 V11.pdf,7,1,Hardline Response Path],,Leadership_Unity,leadership_unity:-0.10 (US) + 0.65 (USSR) = 0.55,GPT-11-N-00034,PDFIUM-GPT-11-N-00034,준수,준수,0.55 => 0.55,0.55 => 0.55,1:1,True,False,same_observation_same_result_not_promoted,GLOBAL_ARITHMETIC_RATE_WITHHELD,pending
GPT-11,runs/raw_logs/GPT-4o/GPT_시뮬레이션 V11.pdf,9,2,Most Plausible Path],,Diplomatic_Support,diplomatic_support: -0.02 - 0.02 = -0.04 (clamped to 0),GPT-11-N-00046,PDFIUM-GPT-11-N-00046,준수,준수,0 => 0,0 => 0,1:1,True,False,same_observation_same_result_not_promoted,GLOBAL_ARITHMETIC_RATE_WITHHELD,pending
GPT-11,runs/raw_logs/GPT-4o/GPT_시뮬레이션 V11.pdf,9,2,Most Plausible Path],,Leadership_Unity,leadership_unity: 0.60 - 0.05 + 0.65 = 1.20 → clamped to 1.00,GPT-11-N-00052,PDFIUM-GPT-11-N-00052,준수,준수,1 => 1,1 => 1,1:1,True,False,same_observation_same_result_not_promoted,GLOBAL_ARITHMETIC_RATE_WITHHELD,pending
GPT-11,runs/raw_logs/GPT-4o/GPT_시뮬레이션 V11.pdf,9,2,Most Plausible Path],,Public_Opinion,public_opinion: -0.02 - 0.02 = -0.04 (clamped to 0),GPT-11-N-00049,PDFIUM-GPT-11-N-00049,준수,준수,0 => 0,0 => 0,1:1,True,False,same_observation_same_result_not_promoted,GLOBAL_ARITHMETIC_RATE_WITHHELD,pending
GPT-11,runs/raw_logs/GPT-4o/GPT_시뮬레이션 V11.pdf,9,2,Most Plausible Path],,Tension,tension: 0.95 + 0.05 + 0.45 = 1.00 (clamped),GPT-11-N-00043,PDFIUM-GPT-11-N-00043,준수,준수,1 => 1,1 => 1,1:1,True,False,same_observation_same_result_not_promoted,GLOBAL_ARITHMETIC_RATE_WITHHELD,pending
GPT-12,runs/raw_logs/GPT-4o/GPT_시뮬레이션 V12.pdf,10,2,"""Backchannel Reset Path""",,Diplomatic_Support,diplomatic_support: 0.58 + 0.10 = 0.68,GPT-12-N-00103,PDFIUM-GPT-12-N-00103,준수,준수,0.68 => 0.68,0.68 => 0.68,1:1,True,False,same_observation_same_result_not_promoted,GLOBAL_ARITHMETIC_RATE_WITHHELD,pending
GPT-12,runs/raw_logs/GPT-4o/GPT_시뮬레이션 V12.pdf,10,2,"""Backchannel Reset Path""",,Leadership_Unity,leadership_unity: 0.75 + 0.05 = 0.80,GPT-12-N-00109,PDFIUM-GPT-12-N-00109,준수,준수,0.8 => 0.8,0.8 => 0.8,1:1,True,False,same_observation_same_result_not_promoted,GLOBAL_ARITHMETIC_RATE_WITHHELD,pending
GPT-12,runs/raw_logs/GPT-4o/GPT_시뮬레이션 V12.pdf,10,2,"""Backchannel Reset Path""",,Public_Opinion,public_opinion: 0.68 + 0.05 = 0.73,GPT-12-N-00106,PDFIUM-GPT-12-N-00106,준수,준수,0.73 => 0.73,0.73 => 0.73,1:1,True,False,same_observation_same_result_not_promoted,GLOBAL_ARITHMETIC_RATE_WITHHELD,pending
GPT-12,runs/raw_logs/GPT-4o/GPT_시뮬레이션 V12.pdf,10,2,"""Pressure Spiral Path""",,Leadership_Unity,leadership_unity: 0.75 - 0.15 = 0.60,GPT-12-N-00098,PDFIUM-GPT-12-N-00098,준수,준수,0.6 => 0.6,0.6 => 0.6,1:1,True,False,same_observation_same_result_not_promoted,GLOBAL_ARITHMETIC_RATE_WITHHELD,pending
GPT-12,runs/raw_logs/GPT-4o/GPT_시뮬레이션 V12.pdf,10,2,"""Pressure Spiral Path""",,Public_Opinion,public_opinion: 0.68 - 0.07 = 0.61,GPT-12-N-00095,PDFIUM-GPT-12-N-00095,준수,준수,0.61 => 0.61,0.61 => 0.61,1:1,True,False,same_observation_same_result_not_promoted,GLOBAL_ARITHMETIC_RATE_WITHHELD,pending
GPT-12,runs/raw_logs/GPT-4o/GPT_시뮬레이션 V12.pdf,13,3,Most Plausible Path,,Diplomatic_Support,diplomatic_support: -0.05 - 0.02 = -0.07,GPT-12-N-00141,PDFIUM-GPT-12-N-00141,준수,준수,-0.07 => -0.07,-0.07 => -0.07,1:1,True,False,same_observation_same_result_not_promoted,GLOBAL_ARITHMETIC_RATE_WITHHELD,pending
GPT-12,runs/raw_logs/GPT-4o/GPT_시뮬레이션 V12.pdf,13,3,Most Plausible Path,,Diplomatic_Support,diplomatic_support: 0.61 - 0.05 + 0.10 = 0.66,GPT-12-N-00123,PDFIUM-GPT-12-N-00123,준수,준수,0.66 => 0.66,0.66 => 0.66,1:1,True,False,same_observation_same_result_not_promoted,GLOBAL_ARITHMETIC_RATE_WITHHELD,pending
GPT-12,runs/raw_logs/GPT-4o/GPT_시뮬레이션 V12.pdf,13,3,Most Plausible Path,,Leadership_Unity,leadership_unity: -0.10 - 0.05 = -0.15,GPT-12-N-00143,PDFIUM-GPT-12-N-00143,준수,준수,-0.15 => -0.15,-0.15 => -0.15,1:1,True,False,same_observation_same_result_not_promoted,GLOBAL_ARITHMETIC_RATE_WITHHELD,pending
GPT-12,runs/raw_logs/GPT-4o/GPT_시뮬레이션 V12.pdf,13,3,Most Plausible Path,,Leadership_Unity,leadership_unity: 0.80 - 0.10 + 0.05 = 0.75,GPT-12-N-00129,PDFIUM-GPT-12-N-00129,준수,준수,0.75 => 0.75,0.75 => 0.75,1:1,True,False,same_observation_same_result_not_promoted,GLOBAL_ARITHMETIC_RATE_WITHHELD,pending
GPT-12,runs/raw_logs/GPT-4o/GPT_시뮬레이션 V12.pdf,13,3,Most Plausible Path,,Public_Opinion,public_opinion: -0.05 - 0.02 = -0.07,GPT-12-N-00142,PDFIUM-GPT-12-N-00142,준수,준수,-0.07 => -0.07,-0.07 => -0.07,1:1,True,False,same_observation_same_result_not_promoted,GLOBAL_ARITHMETIC_RATE_WITHHELD,pending
GPT-12,runs/raw_logs/GPT-4o/GPT_시뮬레이션 V12.pdf,13,3,Most Plausible Path,,Public_Opinion,public_opinion: 0.76 - 0.05 + 0.05 = 0.76,GPT-12-N-00126,PDFIUM-GPT-12-N-00126,준수,준수,0.76 => 0.76,0.76 => 0.76,1:1,True,False,same_observation_same_result_not_promoted,GLOBAL_ARITHMETIC_RATE_WITHHELD,pending
GPT-12,runs/raw_logs/GPT-4o/GPT_시뮬레이션 V12.pdf,13,3,Most Plausible Path,,Tension,tension: +0.15 + 0.05 = +0.20 → clamped at 1.00,GPT-12-N-00140,PDFIUM-GPT-12-N-00140,준수,준수,0.2 => 0.2,0.2 => 0.2,1:1,True,False,same_observation_same_result_not_promoted,GLOBAL_ARITHMETIC_RATE_WITHHELD,pending
GPT-12,runs/raw_logs/GPT-4o/GPT_시뮬레이션 V12.pdf,13,3,Most Plausible Path,,Tension,tension: 1.00 - 0.05 + 0.15 = 1.00 (capped),GPT-12-N-00120,PDFIUM-GPT-12-N-00120,준수,준수,1 => 1,1 => 1,1:1,True,False,same_observation_same_result_not_promoted,GLOBAL_ARITHMETIC_RATE_WITHHELD,pending
GPT-12,runs/raw_logs/GPT-4o/GPT_시뮬레이션 V12.pdf,14,3,Most Plausible Path,,Diplomatic_Support,diplomatic_support: 0.61 - 0.07 = 0.54,GPT-12-N-00146,PDFIUM-GPT-12-N-00146,준수,준수,0.54 => 0.54,0.54 => 0.54,1:1,True,False,same_observation_same_result_not_promoted,GLOBAL_ARITHMETIC_RATE_WITHHELD,pending
GPT-12,runs/raw_logs/GPT-4o/GPT_시뮬레이션 V12.pdf,14,3,Most Plausible Path,,Leadership_Unity,leadership_unity: 0.80 - 0.15 = 0.65,GPT-12-N-00152,PDFIUM-GPT-12-N-00152,준수,준수,0.65 => 0.65,0.65 => 0.65,1:1,True,False,same_observation_same_result_not_promoted,GLOBAL_ARITHMETIC_RATE_WITHHELD,pending
GPT-12,runs/raw_logs/GPT-4o/GPT_시뮬레이션 V12.pdf,14,3,Most Plausible Path,,Public_Opinion,public_opinion: 0.76 - 0.07 = 0.69,GPT-12-N-00149,PDFIUM-GPT-12-N-00149,준수,준수,0.69 => 0.69,0.69 => 0.69,1:1,True,False,same_observation_same_result_not_promoted,GLOBAL_ARITHMETIC_RATE_WITHHELD,pending
GPT-12,runs/raw_logs/GPT-4o/GPT_시뮬레이션 V12.pdf,16,4,Most Plausible Path,,Diplomatic_Support,diplomatic_support: 0.66 + 0.10 - 0.02 = 0.74,GPT-12-N-00166,PDFIUM-GPT-12-N-00166,준수,준수,0.74 => 0.74,0.74 => 0.74,1:1,True,False,same_observation_same_result_not_promoted,GLOBAL_ARITHMETIC_RATE_WITHHELD,pending
GPT-12,runs/raw_logs/GPT-4o/GPT_시뮬레이션 V12.pdf,16,4,Most Plausible Path,,Leadership_Unity,leadership_unity: 0.75 + 0.05 - 0.05 = 0.75,GPT-12-N-00172,PDFIUM-GPT-12-N-00172,준수,준수,0.75 => 0.75,0.75 => 0.75,1:1,True,False,same_observation_same_result_not_promoted,GLOBAL_ARITHMETIC_RATE_WITHHELD,pending
GPT-12,runs/raw_logs/GPT-4o/GPT_시뮬레이션 V12.pdf,16,4,Most Plausible Path,,Public_Opinion,public_opinion: 0.76 + 0.05 - 0.02 = 0.79,GPT-12-N-00169,PDFIUM-GPT-12-N-00169,준수,준수,0.79 => 0.79,0.79 => 0.79,1:1,True,False,same_observation_same_result_not_promoted,GLOBAL_ARITHMETIC_RATE_WITHHELD,pending
GPT-12,runs/raw_logs/GPT-4o/GPT_시뮬레이션 V12.pdf,16,4,Most Plausible Path,,Tension,tension: 1.00 - 0.05 + 0.05 = 1.00,GPT-12-N-00163,PDFIUM-GPT-12-N-00163,준수,준수,1 => 1,1 => 1,1:1,True,False,same_observation_same_result_not_promoted,GLOBAL_ARITHMETIC_RATE_WITHHELD,pending
GPT-12,runs/raw_logs/GPT-4o/GPT_시뮬레이션 V12.pdf,17,4,Most Plausible Path,,Diplomatic_Support,diplomatic_support: -0.02 - 0.02 = -0.04,GPT-12-N-00176,PDFIUM-GPT-12-N-00176,준수,준수,-0.04 => -0.04,-0.04 => -0.04,1:1,True,False,same_observation_same_result_not_promoted,GLOBAL_ARITHMETIC_RATE_WITHHELD,pending
GPT-12,runs/raw_logs/GPT-4o/GPT_시뮬레이션 V12.pdf,17,4,Most Plausible Path,,Diplomatic_Support,diplomatic_support: 0.66 - 0.04 = 0.62,GPT-12-N-00181,PDFIUM-GPT-12-N-00181,준수,준수,0.62 => 0.62,0.62 => 0.62,1:1,True,False,same_observation_same_result_not_promoted,GLOBAL_ARITHMETIC_RATE_WITHHELD,pending
GPT-12,runs/raw_logs/GPT-4o/GPT_시뮬레이션 V12.pdf,17,4,Most Plausible Path,,Leadership_Unity,leadership_unity: -0.05 - 0.05 = -0.10,GPT-12-N-00178,PDFIUM-GPT-12-N-00178,준수,준수,-0.1 => -0.1,-0.1 => -0.1,1:1,True,False,same_observation_same_result_not_promoted,GLOBAL_ARITHMETIC_RATE_WITHHELD,pending
GPT-12,runs/raw_logs/GPT-4o/GPT_시뮬레이션 V12.pdf,17,4,Most Plausible Path,,Leadership_Unity,leadership_unity: 0.75 - 0.10 = 0.65,GPT-12-N-00187,PDFIUM-GPT-12-N-00187,준수,준수,0.65 => 0.65,0.65 => 0.65,1:1,True,False,same_observation_same_result_not_promoted,GLOBAL_ARITHMETIC_RATE_WITHHELD,pending
GPT-12,runs/raw_logs/GPT-4o/GPT_시뮬레이션 V12.pdf,17,4,Most Plausible Path,,Public_Opinion,public_opinion: -0.02 - 0.02 = -0.04,GPT-12-N-00177,PDFIUM-GPT-12-N-00177,준수,준수,-0.04 => -0.04,-0.04 => -0.04,1:1,True,False,same_observation_same_result_not_promoted,GLOBAL_ARITHMETIC_RATE_WITHHELD,pending
GPT-12,runs/raw_logs/GPT-4o/GPT_시뮬레이션 V12.pdf,17,4,Most Plausible Path,,Public_Opinion,public_opinion: 0.76 - 0.04 = 0.72,GPT-12-N-00184,PDFIUM-GPT-12-N-00184,준수,준수,0.72 => 0.72,0.72 => 0.72,1:1,True,False,same_observation_same_result_not_promoted,GLOBAL_ARITHMETIC_RATE_WITHHELD,pending
GPT-12,runs/raw_logs/GPT-4o/GPT_시뮬레이션 V12.pdf,17,4,Most Plausible Path,,Tension,tension: +0.05 + 0.05 = +0.10 → capped at 1.00,GPT-12-N-00175,PDFIUM-GPT-12-N-00175,준수,준수,0.1 => 0.1,0.1 => 0.1,1:1,True,False,same_observation_same_result_not_promoted,GLOBAL_ARITHMETIC_RATE_WITHHELD,pending
GPT-12,runs/raw_logs/GPT-4o/GPT_시뮬레이션 V12.pdf,5,1,Most Plausible Path],,Diplomatic_Support,diplomatic_support: 0.60 - 0.02 = 0.58,GPT-12-N-00022,PDFIUM-GPT-12-N-00022,준수,준수,0.58 => 0.58,0.58 => 0.58,1:1,True,False,same_observation_same_result_not_promoted,GLOBAL_ARITHMETIC_RATE_WITHHELD,pending
GPT-12,runs/raw_logs/GPT-4o/GPT_시뮬레이션 V12.pdf,5,1,Most Plausible Path],,Leadership_Unity,leadership_unity: 0.80 - 0.05 = 0.75,GPT-12-N-00028,PDFIUM-GPT-12-N-00028,준수,준수,0.75 => 0.75,0.75 => 0.75,1:1,True,False,same_observation_same_result_not_promoted,GLOBAL_ARITHMETIC_RATE_WITHHELD,pending
GPT-12,runs/raw_logs/GPT-4o/GPT_시뮬레이션 V12.pdf,5,1,Most Plausible Path],,Public_Opinion,public_opinion: 0.70 - 0.02 = 0.68,GPT-12-N-00025,PDFIUM-GPT-12-N-00025,준수,준수,0.68 => 0.68,0.68 => 0.68,1:1,True,False,same_observation_same_result_not_promoted,GLOBAL_ARITHMETIC_RATE_WITHHELD,pending
GPT-12,runs/raw_logs/GPT-4o/GPT_시뮬레이션 V12.pdf,6,1,Diplomatic Resolution Path],,Diplomatic_Support,diplomatic_support: 0.60 + 0.10 = 0.70,GPT-12-N-00058,PDFIUM-GPT-12-N-00058,준수,준수,0.7 => 0.7,0.7 => 0.7,1:1,True,False,same_observation_same_result_not_promoted,GLOBAL_ARITHMETIC_RATE_WITHHELD,pending
GPT-12,runs/raw_logs/GPT-4o/GPT_시뮬레이션 V12.pdf,6,1,Diplomatic Resolution Path],,Tension,tension: 0.60 + 0.30 (covert detection) - 0.05 = 0.85,GPT-12-N-00055,PDFIUM-GPT-12-N-00055,준수,준수,0.85 => 0.85,0.85 => 0.85,1:1,True,False,same_observation_same_result_not_promoted,GLOBAL_ARITHMETIC_RATE_WITHHELD,pending
GPT-12,runs/raw_logs/GPT-4o/GPT_시뮬레이션 V12.pdf,6,1,Hardline Response Path],,Diplomatic_Support,diplomatic_support: 0.60 - 0.05 = 0.55,GPT-12-N-00040,PDFIUM-GPT-12-N-00040,준수,준수,0.55 => 0.55,0.55 => 0.55,1:1,True,False,same_observation_same_result_not_promoted,GLOBAL_ARITHMETIC_RATE_WITHHELD,pending
GPT-12,runs/raw_logs/GPT-4o/GPT_시뮬레이션 V12.pdf,6,1,Hardline Response Path],,Leadership_Unity,leadership_unity: 0.80 - 0.10 = 0.70,GPT-12-N-00046,PDFIUM-GPT-12-N-00046,준수,준수,0.7 => 0.7,0.7 => 0.7,1:1,True,False,same_observation_same_result_not_promoted,GLOBAL_ARITHMETIC_RATE_WITHHELD,pending
GPT-12,runs/raw_logs/GPT-4o/GPT_시뮬레이션 V12.pdf,6,1,Hardline Response Path],,Public_Opinion,public_opinion: 0.70 - 0.05 = 0.65,GPT-12-N-00043,PDFIUM-GPT-12-N-00043,준수,준수,0.65 => 0.65,0.65 => 0.65,1:1,True,False,same_observation_same_result_not_promoted,GLOBAL_ARITHMETIC_RATE_WITHHELD,pending
GPT-12,runs/raw_logs/GPT-4o/GPT_시뮬레이션 V12.pdf,6,1,Hardline Response Path],,Tension,tension: 0.60 + 0.15 (strike) + 0.30 (covert detection) = 1.00,GPT-12-N-00037,PDFIUM-GPT-12-N-00037,준수,준수,1 => 1,1 => 1,1:1,True,False,same_observation_same_result_not_promoted,GLOBAL_ARITHMETIC_RATE_WITHHELD,pending
GPT-12,runs/raw_logs/GPT-4o/GPT_시뮬레이션 V12.pdf,7,1,Diplomatic Resolution Path],,Leadership_Unity,leadership_unity: 0.80 + 0.05 = 0.85,GPT-12-N-00064,PDFIUM-GPT-12-N-00064,준수,준수,0.85 => 0.85,0.85 => 0.85,1:1,True,False,same_observation_same_result_not_promoted,GLOBAL_ARITHMETIC_RATE_WITHHELD,pending
GPT-12,runs/raw_logs/GPT-4o/GPT_시뮬레이션 V12.pdf,7,1,Diplomatic Resolution Path],,Public_Opinion,public_opinion: 0.70 + 0.05 = 0.75,GPT-12-N-00061,PDFIUM-GPT-12-N-00061,준수,준수,0.75 => 0.75,0.75 => 0.75,1:1,True,False,same_observation_same_result_not_promoted,GLOBAL_ARITHMETIC_RATE_WITHHELD,pending
GPT-12,runs/raw_logs/GPT-4o/GPT_시뮬레이션 V12.pdf,9,2,"""Pressure Spiral Path""",,Diplomatic_Support,diplomatic_support: -0.05 - 0.02 = -0.07,GPT-12-N-00087,PDFIUM-GPT-12-N-00087,준수,준수,-0.07 => -0.07,-0.07 => -0.07,1:1,True,False,same_observation_same_result_not_promoted,GLOBAL_ARITHMETIC_RATE_WITHHELD,pending
GPT-12,runs/raw_logs/GPT-4o/GPT_시뮬레이션 V12.pdf,9,2,"""Pressure Spiral Path""",,Diplomatic_Support,diplomatic_support: 0.58 - 0.07 = 0.51,GPT-12-N-00092,PDFIUM-GPT-12-N-00092,준수,준수,0.51 => 0.51,0.51 => 0.51,1:1,True,False,same_observation_same_result_not_promoted,GLOBAL_ARITHMETIC_RATE_WITHHELD,pending
GPT-12,runs/raw_logs/GPT-4o/GPT_시뮬레이션 V12.pdf,9,2,"""Pressure Spiral Path""",,Leadership_Unity,leadership_unity: -0.10 - 0.05 = -0.15,GPT-12-N-00089,PDFIUM-GPT-12-N-00089,준수,준수,-0.15 => -0.15,-0.15 => -0.15,1:1,True,False,same_observation_same_result_not_promoted,GLOBAL_ARITHMETIC_RATE_WITHHELD,pending
GPT-12,runs/raw_logs/GPT-4o/GPT_시뮬레이션 V12.pdf,9,2,"""Pressure Spiral Path""",,Public_Opinion,public_opinion: -0.05 - 0.02 = -0.07,GPT-12-N-00088,PDFIUM-GPT-12-N-00088,준수,준수,-0.07 => -0.07,-0.07 => -0.07,1:1,True,False,same_observation_same_result_not_promoted,GLOBAL_ARITHMETIC_RATE_WITHHELD,pending
GPT-12,runs/raw_logs/GPT-4o/GPT_시뮬레이션 V12.pdf,9,2,"""Pressure Spiral Path""",,Tension,tension: +0.15 + 0.05 = +0.20 → capped at 1.00,GPT-12-N-00086,PDFIUM-GPT-12-N-00086,준수,준수,0.2 => 0.2,0.2 => 0.2,1:1,True,False,same_observation_same_result_not_promoted,GLOBAL_ARITHMETIC_RATE_WITHHELD,pending
GPT-12,runs/raw_logs/GPT-4o/GPT_시뮬레이션 V12.pdf,9,2,Most Plausible Path,,Diplomatic_Support,diplomatic_support: 0.58 - 0.02 + 0.05 = 0.61,GPT-12-N-00077,PDFIUM-GPT-12-N-00077,준수,준수,0.61 => 0.61,0.61 => 0.61,1:1,True,False,same_observation_same_result_not_promoted,GLOBAL_ARITHMETIC_RATE_WITHHELD,pending
GPT-12,runs/raw_logs/GPT-4o/GPT_시뮬레이션 V12.pdf,9,2,Most Plausible Path,,Leadership_Unity,leadership_unity: 0.75 - 0.05 + 0.10 = 0.80,GPT-12-N-00083,PDFIUM-GPT-12-N-00083,준수,준수,0.8 => 0.8,0.8 => 0.8,1:1,True,False,same_observation_same_result_not_promoted,GLOBAL_ARITHMETIC_RATE_WITHHELD,pending
GPT-12,runs/raw_logs/GPT-4o/GPT_시뮬레이션 V12.pdf,9,2,Most Plausible Path,,Public_Opinion,public_opinion: 0.68 - 0.02 + 0.10 = 0.76,GPT-12-N-00080,PDFIUM-GPT-12-N-00080,준수,준수,0.76 => 0.76,0.76 => 0.76,1:1,True,False,same_observation_same_result_not_promoted,GLOBAL_ARITHMETIC_RATE_WITHHELD,pending
GPT-14,runs/raw_logs/GPT-4o/GPT_시뮬레이션 V14.pdf,10,2,Most Plausible Path],,Diplomatic_Support,Diplomatic_Support: 1.0 - 0.02 - 0.02 = 0.96,GPT-14-N-00060,PDFIUM-GPT-14-N-00060,준수,준수,0.96 => 0.96,0.96 => 0.96,1:1,True,False,same_observation_same_result_not_promoted,GLOBAL_ARITHMETIC_RATE_WITHHELD,pending
GPT-14,runs/raw_logs/GPT-4o/GPT_시뮬레이션 V14.pdf,10,2,Most Plausible Path],,Leadership_Unity,Leadership_Unity: 0.65 - 0.05 - 0.05 = 0.55 ✅ [Near Instability Threshold],GPT-14-N-00066,PDFIUM-GPT-14-N-00066,준수,준수,0.55 => 0.55,0.55 => 0.55,1:1,True,False,same_observation_same_result_not_promoted,GLOBAL_ARITHMETIC_RATE_WITHHELD,pending
GPT-14,runs/raw_logs/GPT-4o/GPT_시뮬레이션 V14.pdf,10,2,Most Plausible Path],,Public_Opinion,Public_Opinion: 1.0 - 0.02 - 0.02 = 0.96,GPT-14-N-00063,PDFIUM-GPT-14-N-00063,준수,준수,0.96 => 0.96,0.96 => 0.96,1:1,True,False,same_observation_same_result_not_promoted,GLOBAL_ARITHMETIC_RATE_WITHHELD,pending
GPT-14,runs/raw_logs/GPT-4o/GPT_시뮬레이션 V14.pdf,10,2,Most Plausible Path],,Tension,Tension: 0.90 + 0.05 + 0.05 = 1.0 ✅ [Trigger: Military Options Preferred],GPT-14-N-00057,PDFIUM-GPT-14-N-00057,준수,준수,1 => 1,1 => 1,1:1,True,False,same_observation_same_result_not_promoted,GLOBAL_ARITHMETIC_RATE_WITHHELD,pending
GPT-14,runs/raw_logs/GPT-4o/GPT_시뮬레이션 V14.pdf,11,2,Hardline Path],,Diplomatic_Support,Diplomatic_Support: 0.93 - 0.02 - 0.02 = 0.89,GPT-14-N-00073,PDFIUM-GPT-14-N-00073,준수,준수,0.89 => 0.89,0.89 => 0.89,1:1,True,False,same_observation_same_result_not_promoted,GLOBAL_ARITHMETIC_RATE_WITHHELD,pending
GPT-14,runs/raw_logs/GPT-4o/GPT_시뮬레이션 V14.pdf,11,2,Hardline Path],,Leadership_Unity,Leadership_Unity: 0.40 - 0.05 - 0.05 = 0.30 ✅ [Trigger: Internal Division],GPT-14-N-00079,PDFIUM-GPT-14-N-00079,준수,준수,0.3 => 0.3,0.3 => 0.3,1:1,True,False,same_observation_same_result_not_promoted,GLOBAL_ARITHMETIC_RATE_WITHHELD,pending
GPT-14,runs/raw_logs/GPT-4o/GPT_시뮬레이션 V14.pdf,11,2,Hardline Path],,Public_Opinion,Public_Opinion: 0.39 + 0.5 - 0.02 = 0.87 ✅ [Trigger: Leadership Strengthening],GPT-14-N-00076,PDFIUM-GPT-14-N-00076,준수,준수,0.87 => 0.87,0.87 => 0.87,1:1,True,False,same_observation_same_result_not_promoted,GLOBAL_ARITHMETIC_RATE_WITHHELD,pending
GPT-14,runs/raw_logs/GPT-4o/GPT_시뮬레이션 V14.pdf,11,2,Hardline Path],,Tension,Tension: 0.20 + 0.05 + 0.05 = 0.30,GPT-14-N-00070,PDFIUM-GPT-14-N-00070,준수,준수,0.3 => 0.3,0.3 => 0.3,1:1,True,False,same_observation_same_result_not_promoted,GLOBAL_ARITHMETIC_RATE_WITHHELD,pending
GPT-14,runs/raw_logs/GPT-4o/GPT_시뮬레이션 V14.pdf,12,2,Diplomatic Resolution Path],,Leadership_Unity,Leadership_Unity: 0.65 + 0.05 + 0.05 = 0.75 ✅ [Stabilizing],GPT-14-N-00091,PDFIUM-GPT-14-N-00091,준수,준수,0.75 => 0.75,0.75 => 0.75,1:1,True,False,same_observation_same_result_not_promoted,GLOBAL_ARITHMETIC_RATE_WITHHELD,pending
GPT-14,runs/raw_logs/GPT-4o/GPT_시뮬레이션 V14.pdf,12,2,Diplomatic Resolution Path],,Tension,Tension: 0.90 - 0.05 - 0.05 = 0.80 ✅ [On threshold: Military Options Still Valid],GPT-14-N-00086,PDFIUM-GPT-14-N-00086,준수,준수,0.8 => 0.8,0.8 => 0.8,1:1,True,False,same_observation_same_result_not_promoted,GLOBAL_ARITHMETIC_RATE_WITHHELD,pending
GPT-14,runs/raw_logs/GPT-4o/GPT_시뮬레이션 V14.pdf,14,3,Most Plausible Path],,Diplomatic_Support,Diplomatic_Support: 0.96 - 0.02 + 0.05 = 0.99,GPT-14-N-00105,PDFIUM-GPT-14-N-00105,준수,준수,0.99 => 0.99,0.99 => 0.99,1:1,True,False,same_observation_same_result_not_promoted,GLOBAL_ARITHMETIC_RATE_WITHHELD,pending
GPT-14,runs/raw_logs/GPT-4o/GPT_시뮬레이션 V14.pdf,14,3,Most Plausible Path],,Leadership_Unity,Leadership_Unity: 0.55 - 0.05 + 0.10 = **0.60**,GPT-14-N-00111,PDFIUM-GPT-14-N-00111,판정 불가,판정 불가,0.55 - 0.05 + 0.10 = **0.60** => ,0.55 - 0.05 + 0.10 = **0.60** => ,1:1,True,False,same_observation_same_result_not_promoted,GLOBAL_ARITHMETIC_RATE_WITHHELD,pending
GPT-14,runs/raw_logs/GPT-4o/GPT_시뮬레이션 V14.pdf,14,3,Most Plausible Path],,Public_Opinion,Public_Opinion: 0.96 - 0.02 + 0.10 = 1.04 → **Capped at 1.00**,GPT-14-N-00108,PDFIUM-GPT-14-N-00108,준수,준수,1 => 1,1 => 1,1:1,True,False,same_observation_same_result_not_promoted,GLOBAL_ARITHMETIC_RATE_WITHHELD,pending
GPT-14,runs/raw_logs/GPT-4o/GPT_시뮬레이션 V14.pdf,14,3,Most Plausible Path],,Tension,Tension: 1.00 + 0.05 - 0.05 = 1.00,GPT-14-N-00102,PDFIUM-GPT-14-N-00102,준수,준수,1 => 1,1 => 1,1:1,True,False,same_observation_same_result_not_promoted,GLOBAL_ARITHMETIC_RATE_WITHHELD,pending
GPT-14,runs/raw_logs/GPT-4o/GPT_시뮬레이션 V14.pdf,15,3,Hardline Path],,Tension,Tension: 0.30 + 0.15 = 0.45,GPT-14-N-00117,PDFIUM-GPT-14-N-00117,준수,준수,0.45 => 0.45,0.45 => 0.45,1:1,True,False,same_observation_same_result_not_promoted,GLOBAL_ARITHMETIC_RATE_WITHHELD,pending
GPT-14,runs/raw_logs/GPT-4o/GPT_시뮬레이션 V14.pdf,16,3,Hardline Path],,Diplomatic_Support,Diplomatic_Support: 0.89 - 0.05 - 0.02 = 0.82,GPT-14-N-00124,PDFIUM-GPT-14-N-00124,준수,준수,0.82 => 0.82,0.82 => 0.82,1:1,True,False,same_observation_same_result_not_promoted,GLOBAL_ARITHMETIC_RATE_WITHHELD,pending
GPT-14,runs/raw_logs/GPT-4o/GPT_시뮬레이션 V14.pdf,16,3,Hardline Path],,Leadership_Unity,Leadership_Unity: 0.20 - 0.05 = 0.15,GPT-14-N-00120,PDFIUM-GPT-14-N-00120,준수,준수,0.15 => 0.15,0.15 => 0.15,1:1,True,False,same_observation_same_result_not_promoted,GLOBAL_ARITHMETIC_RATE_WITHHELD,pending
GPT-14,runs/raw_logs/GPT-4o/GPT_시뮬레이션 V14.pdf,16,3,Hardline Path],,Leadership_Unity,Leadership_Unity: 0.30 - 0.10 - 0.05 = **0.15**,GPT-14-N-00130,PDFIUM-GPT-14-N-00130,판정 불가,판정 불가,0.30 - 0.10 - 0.05 = **0.15** => ,0.30 - 0.10 - 0.05 = **0.15** => ,1:1,True,False,same_observation_same_result_not_promoted,GLOBAL_ARITHMETIC_RATE_WITHHELD,pending
GPT-14,runs/raw_logs/GPT-4o/GPT_시뮬레이션 V14.pdf,16,3,Hardline Path],,Leadership_Unity,"Leadership_Unity: 0.30 - 0.10 = 0.20 → Trigger: Internal Division, Coup Risk",GPT-14-N-00118,PDFIUM-GPT-14-N-00118,준수,준수,0.2 => 0.2,0.2 => 0.2,1:1,True,False,same_observation_same_result_not_promoted,GLOBAL_ARITHMETIC_RATE_WITHHELD,pending
GPT-14,runs/raw_logs/GPT-4o/GPT_시뮬레이션 V14.pdf,16,3,Hardline Path],,Public_Opinion,Public_Opinion: 0.82 - 0.02 = 0.80,GPT-14-N-00127,PDFIUM-GPT-14-N-00127,준수,준수,0.8 => 0.8,0.8 => 0.8,1:1,True,False,same_observation_same_result_not_promoted,GLOBAL_ARITHMETIC_RATE_WITHHELD,pending
GPT-14,runs/raw_logs/GPT-4o/GPT_시뮬레이션 V14.pdf,16,3,Hardline Path],,Public_Opinion,Public_Opinion: 0.87 - 0.05 = 0.82 (Stable),GPT-14-N-00119,PDFIUM-GPT-14-N-00119,준수,준수,0.82 => 0.82,0.82 => 0.82,1:1,True,False,same_observation_same_result_not_promoted,GLOBAL_ARITHMETIC_RATE_WITHHELD,pending
GPT-14,runs/raw_logs/GPT-4o/GPT_시뮬레이션 V14.pdf,16,3,Hardline Path],,Tension,Tension: 0.45 + 0.05 = 0.50,GPT-14-N-00121,PDFIUM-GPT-14-N-00121,준수,준수,0.5 => 0.5,0.5 => 0.5,1:1,True,False,same_observation_same_result_not_promoted,GLOBAL_ARITHMETIC_RATE_WITHHELD,pending
GPT-14,runs/raw_logs/GPT-4o/GPT_시뮬레이션 V14.pdf,17,3,Diplomatic Path],,Leadership_Unity,Leadership_Unity: 0.75 + 0.05 + 0.05 = **0.85**,GPT-14-N-00137,PDFIUM-GPT-14-N-00137,판정 불가,판정 불가,0.75 + 0.05 + 0.05 = **0.85** => ,0.75 + 0.05 + 0.05 = **0.85** => ,1:1,True,False,same_observation_same_result_not_promoted,GLOBAL_ARITHMETIC_RATE_WITHHELD,pending
GPT-14,runs/raw_logs/GPT-4o/GPT_시뮬레이션 V14.pdf,17,3,Diplomatic Path],,Tension,Tension: 0.80 - 0.05 - 0.05 = 0.70 ✅,GPT-14-N-00132,PDFIUM-GPT-14-N-00132,준수,준수,0.7 => 0.7,0.7 => 0.7,1:1,True,False,same_observation_same_result_not_promoted,GLOBAL_ARITHMETIC_RATE_WITHHELD,pending
GPT-14,runs/raw_logs/GPT-4o/GPT_시뮬레이션 V14.pdf,19,4,Most Plausible Path],,Diplomatic_Support,Diplomatic_Support: 0.99 + 0.10 + 0.10 = **1.19 → Capped at 1.00**,GPT-14-N-00141,PDFIUM-GPT-14-N-00141,준수,준수,1 => 1,1 => 1,1:1,True,False,same_observation_same_result_not_promoted,GLOBAL_ARITHMETIC_RATE_WITHHELD,pending
GPT-14,runs/raw_logs/GPT-4o/GPT_시뮬레이션 V14.pdf,19,4,Most Plausible Path],,Leadership_Unity,Leadership_Unity: 0.60 + 0.05 + 0.05 = **0.70**,GPT-14-N-00147,PDFIUM-GPT-14-N-00147,판정 불가,판정 불가,0.60 + 0.05 + 0.05 = **0.70** => ,0.60 + 0.05 + 0.05 = **0.70** => ,1:1,True,False,same_observation_same_result_not_promoted,GLOBAL_ARITHMETIC_RATE_WITHHELD,pending
GPT-14,runs/raw_logs/GPT-4o/GPT_시뮬레이션 V14.pdf,19,4,Most Plausible Path],,Public_Opinion,Public_Opinion: 1.00 + 0.05 + 0.05 = **1.10 → Capped at 1.00**,GPT-14-N-00144,PDFIUM-GPT-14-N-00144,준수,준수,1 => 1,1 => 1,1:1,True,False,same_observation_same_result_not_promoted,GLOBAL_ARITHMETIC_RATE_WITHHELD,pending
GPT-14,runs/raw_logs/GPT-4o/GPT_시뮬레이션 V14.pdf,19,4,Most Plausible Path],,Tension,Tension: 1.00 - 0.05 - 0.05 = **0.90**,GPT-14-N-00139,PDFIUM-GPT-14-N-00139,판정 불가,판정 불가,1.00 - 0.05 - 0.05 = **0.90** => ,1.00 - 0.05 - 0.05 = **0.90** => ,1:1,True,False,same_observation_same_result_not_promoted,GLOBAL_ARITHMETIC_RATE_WITHHELD,pending
GPT-14,runs/raw_logs/GPT-4o/GPT_시뮬레이션 V14.pdf,21,4,Hardline Path],,Diplomatic_Support,Diplomatic_Support: 0.82 - 0.05 - 0.02 = **0.75**,GPT-14-N-00153,PDFIUM-GPT-14-N-00153,판정 불가,판정 불가,0.82 - 0.05 - 0.02 = **0.75** => ,0.82 - 0.05 - 0.02 = **0.75** => ,1:1,True,False,same_observation_same_result_not_promoted,GLOBAL_ARITHMETIC_RATE_WITHHELD,pending
GPT-14,runs/raw_logs/GPT-4o/GPT_시뮬레이션 V14.pdf,21,4,Hardline Path],,Leadership_Unity,Leadership_Unity: 0.15 - 0.10 - 0.05 = **0.00**,GPT-14-N-00157,PDFIUM-GPT-14-N-00157,판정 불가,판정 불가,0.15 - 0.10 - 0.05 = **0.00** => ,0.15 - 0.10 - 0.05 = **0.00** => ,1:1,True,False,same_observation_same_result_not_promoted,GLOBAL_ARITHMETIC_RATE_WITHHELD,pending
GPT-14,runs/raw_logs/GPT-4o/GPT_시뮬레이션 V14.pdf,21,4,Hardline Path],,Public_Opinion,Public_Opinion: 0.80 - 0.05 - 0.02 = **0.73**,GPT-14-N-00155,PDFIUM-GPT-14-N-00155,판정 불가,판정 불가,0.80 - 0.05 - 0.02 = **0.73** => ,0.80 - 0.05 - 0.02 = **0.73** => ,1:1,True,False,same_observation_same_result_not_promoted,GLOBAL_ARITHMETIC_RATE_WITHHELD,pending
GPT-14,runs/raw_logs/GPT-4o/GPT_시뮬레이션 V14.pdf,21,4,Hardline Path],,Tension,Tension: 0.50 + 0.15 + 0.05 = **0.70**,GPT-14-N-00151,PDFIUM-GPT-14-N-00151,판정 불가,판정 불가,0.50 + 0.15 + 0.05 = **0.70** => ,0.50 + 0.15 + 0.05 = **0.70** => ,1:1,True,False,same_observation_same_result_not_promoted,GLOBAL_ARITHMETIC_RATE_WITHHELD,pending
GPT-14,runs/raw_logs/GPT-4o/GPT_시뮬레이션 V14.pdf,22,4,Diplomatic Path],,Diplomatic_Support,Diplomatic_Support: 1.00 + 0.10 + 0.10 = **1.20 → Capped at 1.00**,GPT-14-N-00161,PDFIUM-GPT-14-N-00161,준수,준수,1 => 1,1 => 1,1:1,True,False,same_observation_same_result_not_promoted,GLOBAL_ARITHMETIC_RATE_WITHHELD,pending
GPT-14,runs/raw_logs/GPT-4o/GPT_시뮬레이션 V14.pdf,22,4,Diplomatic Path],,Leadership_Unity,Leadership_Unity: 0.85 + 0.05 + 0.05 = **0.95**,GPT-14-N-00167,PDFIUM-GPT-14-N-00167,판정 불가,판정 불가,0.85 + 0.05 + 0.05 = **0.95** => ,0.85 + 0.05 + 0.05 = **0.95** => ,1:1,True,False,same_observation_same_result_not_promoted,GLOBAL_ARITHMETIC_RATE_WITHHELD,pending
GPT-14,runs/raw_logs/GPT-4o/GPT_시뮬레이션 V14.pdf,22,4,Diplomatic Path],,Public_Opinion,Public_Opinion: 1.00 + 0.05 + 0.05 = **1.10 → Capped at 1.00**,GPT-14-N-00164,PDFIUM-GPT-14-N-00164,준수,준수,1 => 1,1 => 1,1:1,True,False,same_observation_same_result_not_promoted,GLOBAL_ARITHMETIC_RATE_WITHHELD,pending
GPT-14,runs/raw_logs/GPT-4o/GPT_시뮬레이션 V14.pdf,22,4,Diplomatic Path],,Tension,Tension: 0.70 - 0.05 - 0.05 = **0.60**,GPT-14-N-00159,PDFIUM-GPT-14-N-00159,판정 불가,판정 불가,0.70 - 0.05 - 0.05 = **0.60** => ,0.70 - 0.05 - 0.05 = **0.60** => ,1:1,True,False,same_observation_same_result_not_promoted,GLOBAL_ARITHMETIC_RATE_WITHHELD,pending
GPT-14,runs/raw_logs/GPT-4o/GPT_시뮬레이션 V14.pdf,6,1,Most Plausible Path],,Diplomatic_Support,diplomatic_support: 1.0 (0.98 - 0.02 + 0.6 → clamped to 1.0),GPT-14-N-00019,PDFIUM-GPT-14-N-00019,준수,준수,1 => 1,1 => 1,1:1,True,False,same_observation_same_result_not_promoted,GLOBAL_ARITHMETIC_RATE_WITHHELD,pending
GPT-14,runs/raw_logs/GPT-4o/GPT_시뮬레이션 V14.pdf,6,1,Most Plausible Path],,Leadership_Unity,leadership_unity: 0.60 - 0.05 = **0.55**,GPT-14-N-00024,PDFIUM-GPT-14-N-00024,판정 불가,판정 불가,0.60 - 0.05 = **0.55** => ,0.60 - 0.05 = **0.55** => ,1:1,True,False,same_observation_same_result_not_promoted,GLOBAL_ARITHMETIC_RATE_WITHHELD,pending
GPT-14,runs/raw_logs/GPT-4o/GPT_시뮬레이션 V14.pdf,6,1,Most Plausible Path],,Public_Opinion,public_opinion: 0.48 - 0.02 = **0.46**,GPT-14-N-00022,PDFIUM-GPT-14-N-00022,판정 불가,판정 불가,0.48 - 0.02 = **0.46** => ,0.48 - 0.02 = **0.46** => ,1:1,True,False,same_observation_same_result_not_promoted,GLOBAL_ARITHMETIC_RATE_WITHHELD,pending
GPT-14,runs/raw_logs/GPT-4o/GPT_시뮬레이션 V14.pdf,7,1,Hardline Response Path],,Diplomatic_Support,diplomatic_support: 1.0 - 0.05 (US) - 0.02 (USSR) = **0.93**,GPT-14-N-00036,PDFIUM-GPT-14-N-00036,판정 불가,판정 불가,1.0 - 0.05 (US) - 0.02 (USSR) = **0.93** => ,1.0 - 0.05 (US) - 0.02 (USSR) = **0.93** => ,1:1,True,False,same_observation_same_result_not_promoted,GLOBAL_ARITHMETIC_RATE_WITHHELD,pending
GPT-14,runs/raw_logs/GPT-4o/GPT_시뮬레이션 V14.pdf,7,1,Hardline Response Path],,Leadership_Unity,leadership_unity: 0.55 - 0.10 (US) - 0.05 (USSR) = **0.40**,GPT-14-N-00040,PDFIUM-GPT-14-N-00040,판정 불가,판정 불가,0.55 - 0.10 (US) - 0.05 (USSR) = **0.40** => ,0.55 - 0.10 (US) - 0.05 (USSR) = **0.40** => ,1:1,True,False,same_observation_same_result_not_promoted,GLOBAL_ARITHMETIC_RATE_WITHHELD,pending
GPT-14,runs/raw_logs/GPT-4o/GPT_시뮬레이션 V14.pdf,7,1,Hardline Response Path],,Public_Opinion,public_opinion: 0.46 - 0.05 (US) - 0.02 (USSR) = **0.39**,GPT-14-N-00038,PDFIUM-GPT-14-N-00038,판정 불가,판정 불가,0.46 - 0.05 (US) - 0.02 (USSR) = **0.39** => ,0.46 - 0.05 (US) - 0.02 (USSR) = **0.39** => ,1:1,True,False,same_observation_same_result_not_promoted,GLOBAL_ARITHMETIC_RATE_WITHHELD,pending
GPT-14,runs/raw_logs/GPT-4o/GPT_시뮬레이션 V14.pdf,8,1,Diplomatic Resolution Path],,Diplomatic_Support,diplomatic_support: 1.0 + 0.05 (capped) = **1.0**,GPT-14-N-00049,PDFIUM-GPT-14-N-00049,판정 불가,판정 불가,1.0 + 0.05 (capped) = **1.0** => ,1.0 + 0.05 (capped) = **1.0** => ,1:1,True,False,same_observation_same_result_not_promoted,GLOBAL_ARITHMETIC_RATE_WITHHELD,pending
GPT-14,runs/raw_logs/GPT-4o/GPT_시뮬레이션 V14.pdf,8,1,Diplomatic Resolution Path],,Leadership_Unity,leadership_unity: 0.55 + 0.10 = **0.65**,GPT-14-N-00053,PDFIUM-GPT-14-N-00053,판정 불가,판정 불가,0.55 + 0.10 = **0.65** => ,0.55 + 0.10 = **0.65** => ,1:1,True,False,same_observation_same_result_not_promoted,GLOBAL_ARITHMETIC_RATE_WITHHELD,pending
GPT-14,runs/raw_logs/GPT-4o/GPT_시뮬레이션 V14.pdf,8,1,Diplomatic Resolution Path],,Public_Opinion,public_opinion: 0.46 + 0.5 + 0.10 = **1.0** (capped),GPT-14-N-00051,PDFIUM-GPT-14-N-00051,판정 불가,판정 불가,0.46 + 0.5 + 0.10 = **1.0** (capped) => ,0.46 + 0.5 + 0.10 = **1.0** (capped) => ,1:1,True,False,same_observation_same_result_not_promoted,GLOBAL_ARITHMETIC_RATE_WITHHELD,pending
GPT-21,runs/raw_logs/GPT-4o/GPT_시뮬레이션 V21.pdf,12,2,A1],,Diplomatic_Support,Diplomatic Support: 0.5 - 0.02 = 0.48,GPT-21-N-00064,PDFIUM-GPT-21-N-00064,준수,준수,0.48 => 0.48,0.48 => 0.48,1:1,True,False,same_observation_same_result_not_promoted,GLOBAL_ARITHMETIC_RATE_WITHHELD,pending
GPT-21,runs/raw_logs/GPT-4o/GPT_시뮬레이션 V21.pdf,12,2,A1],,Leadership_Unity,Leadership Unity: 1.0 - 0.05 = 0.95,GPT-21-N-00070,PDFIUM-GPT-21-N-00070,준수,준수,0.95 => 0.95,0.95 => 0.95,1:1,True,False,same_observation_same_result_not_promoted,GLOBAL_ARITHMETIC_RATE_WITHHELD,pending
GPT-21,runs/raw_logs/GPT-4o/GPT_시뮬레이션 V21.pdf,12,2,A1],,Public_Opinion,Public Opinion: 0.5 - 0.02 = 0.48,GPT-21-N-00067,PDFIUM-GPT-21-N-00067,준수,준수,0.48 => 0.48,0.48 => 0.48,1:1,True,False,same_observation_same_result_not_promoted,GLOBAL_ARITHMETIC_RATE_WITHHELD,pending
GPT-21,runs/raw_logs/GPT-4o/GPT_시뮬레이션 V21.pdf,12,2,A1],,Tension,Tension: 1.0 + 0.05 = 1.0 (clamped),GPT-21-N-00061,PDFIUM-GPT-21-N-00061,준수,준수,1 => 1,1 => 1,1:1,True,False,same_observation_same_result_not_promoted,GLOBAL_ARITHMETIC_RATE_WITHHELD,pending
GPT-21,runs/raw_logs/GPT-4o/GPT_시뮬레이션 V21.pdf,13,2,B1],,Diplomatic_Support,Diplomatic Support: 0.5 - 0.02 - 0.02 = 0.46,GPT-21-N-00084,PDFIUM-GPT-21-N-00084,준수,준수,0.46 => 0.46,0.46 => 0.46,1:1,True,False,same_observation_same_result_not_promoted,GLOBAL_ARITHMETIC_RATE_WITHHELD,pending
GPT-21,runs/raw_logs/GPT-4o/GPT_시뮬레이션 V21.pdf,13,2,B1],,Leadership_Unity,Leadership Unity: 1.0 - 0.05 - 0.05 = 0.90,GPT-21-N-00090,PDFIUM-GPT-21-N-00090,준수,준수,0.9 => 0.9,0.9 => 0.9,1:1,True,False,same_observation_same_result_not_promoted,GLOBAL_ARITHMETIC_RATE_WITHHELD,pending
GPT-21,runs/raw_logs/GPT-4o/GPT_시뮬레이션 V21.pdf,13,2,B1],,Public_Opinion,Public Opinion: 0.5 - 0.02 - 0.02 = 0.46,GPT-21-N-00087,PDFIUM-GPT-21-N-00087,준수,준수,0.46 => 0.46,0.46 => 0.46,1:1,True,False,same_observation_same_result_not_promoted,GLOBAL_ARITHMETIC_RATE_WITHHELD,pending
GPT-21,runs/raw_logs/GPT-4o/GPT_시뮬레이션 V21.pdf,13,2,B1],,Tension,Tension: 1.0 + 0.10 = 1.0 (clamped),GPT-21-N-00081,PDFIUM-GPT-21-N-00081,준수,준수,1 => 1,1 => 1,1:1,True,False,same_observation_same_result_not_promoted,GLOBAL_ARITHMETIC_RATE_WITHHELD,pending
GPT-21,runs/raw_logs/GPT-4o/GPT_시뮬레이션 V21.pdf,14,2,C1],,Diplomatic_Support,Diplomatic Support: 0.5 - 0.10 - 0.10 = 0.30,GPT-21-N-00104,PDFIUM-GPT-21-N-00104,준수,준수,0.3 => 0.3,0.3 => 0.3,1:1,True,False,same_observation_same_result_not_promoted,GLOBAL_ARITHMETIC_RATE_WITHHELD,pending
GPT-21,runs/raw_logs/GPT-4o/GPT_시뮬레이션 V21.pdf,14,2,C1],,Leadership_Unity,Leadership Unity: 0.5 - 0.05 - 0.05 = 0.40,GPT-21-N-00110,PDFIUM-GPT-21-N-00110,준수,준수,0.4 => 0.4,0.4 => 0.4,1:1,True,False,same_observation_same_result_not_promoted,GLOBAL_ARITHMETIC_RATE_WITHHELD,pending
GPT-21,runs/raw_logs/GPT-4o/GPT_시뮬레이션 V21.pdf,14,2,C1],,Public_Opinion,Public Opinion: 0.5 - 0.05 - 0.05 = 0.40,GPT-21-N-00107,PDFIUM-GPT-21-N-00107,준수,준수,0.4 => 0.4,0.4 => 0.4,1:1,True,False,same_observation_same_result_not_promoted,GLOBAL_ARITHMETIC_RATE_WITHHELD,pending
GPT-21,runs/raw_logs/GPT-4o/GPT_시뮬레이션 V21.pdf,14,2,C1],,Tension,Tension: 0.5 + 0.10 + 0.10 = 0.7,GPT-21-N-00101,PDFIUM-GPT-21-N-00101,준수,준수,0.7 => 0.7,0.7 => 0.7,1:1,True,False,same_observation_same_result_not_promoted,GLOBAL_ARITHMETIC_RATE_WITHHELD,pending
GPT-21,runs/raw_logs/GPT-4o/GPT_시뮬레이션 V21.pdf,17,2,A3-1],,Diplomatic_Support,Diplomatic Support: 0.48 + 0.05 + 0.05 = 0.58,GPT-21-N-00132,PDFIUM-GPT-21-N-00132,준수,준수,0.58 => 0.58,0.58 => 0.58,1:1,True,False,same_observation_same_result_not_promoted,GLOBAL_ARITHMETIC_RATE_WITHHELD,pending
GPT-21,runs/raw_logs/GPT-4o/GPT_시뮬레이션 V21.pdf,17,2,A3-1],,Leadership_Unity,Leadership Unity: 0.95 + 0.10 + 0.10 = 1.0,GPT-21-N-00138,PDFIUM-GPT-21-N-00138,준수,준수,1 => 1,1 => 1,1:1,True,False,same_observation_same_result_not_promoted,GLOBAL_ARITHMETIC_RATE_WITHHELD,pending
GPT-21,runs/raw_logs/GPT-4o/GPT_시뮬레이션 V21.pdf,17,2,A3-1],,Public_Opinion,Public Opinion: 0.48 + 0.10 + 0.10 = 0.68,GPT-21-N-00135,PDFIUM-GPT-21-N-00135,준수,준수,0.68 => 0.68,0.68 => 0.68,1:1,True,False,same_observation_same_result_not_promoted,GLOBAL_ARITHMETIC_RATE_WITHHELD,pending
GPT-21,runs/raw_logs/GPT-4o/GPT_시뮬레이션 V21.pdf,17,2,A3-1],,Tension,Tension: 1.0 - 0.05 - 0.05 = 0.90,GPT-21-N-00129,PDFIUM-GPT-21-N-00129,준수,준수,0.9 => 0.9,0.9 => 0.9,1:1,True,False,same_observation_same_result_not_promoted,GLOBAL_ARITHMETIC_RATE_WITHHELD,pending
GPT-21,runs/raw_logs/GPT-4o/GPT_시뮬레이션 V21.pdf,18,2,A3-2],,Diplomatic_Support,Diplomatic Support: 0.48 - 0.05 - 0.02 = 0.41,GPT-21-N-00152,PDFIUM-GPT-21-N-00152,준수,준수,0.41 => 0.41,0.41 => 0.41,1:1,True,False,same_observation_same_result_not_promoted,GLOBAL_ARITHMETIC_RATE_WITHHELD,pending
GPT-21,runs/raw_logs/GPT-4o/GPT_시뮬레이션 V21.pdf,18,2,A3-2],,Leadership_Unity,Leadership Unity: 0.95 - 0.10 - 0.05 = 0.80,GPT-21-N-00158,PDFIUM-GPT-21-N-00158,준수,준수,0.8 => 0.8,0.8 => 0.8,1:1,True,False,same_observation_same_result_not_promoted,GLOBAL_ARITHMETIC_RATE_WITHHELD,pending
GPT-21,runs/raw_logs/GPT-4o/GPT_시뮬레이션 V21.pdf,18,2,A3-2],,Public_Opinion,Public Opinion: 0.48 - 0.05 - 0.02 = 0.41,GPT-21-N-00155,PDFIUM-GPT-21-N-00155,준수,준수,0.41 => 0.41,0.41 => 0.41,1:1,True,False,same_observation_same_result_not_promoted,GLOBAL_ARITHMETIC_RATE_WITHHELD,pending
GPT-21,runs/raw_logs/GPT-4o/GPT_시뮬레이션 V21.pdf,18,2,A3-2],,Tension,Tension: 1.0 + 0.15 + 0.05 = 1.0,GPT-21-N-00149,PDFIUM-GPT-21-N-00149,준수,준수,1 => 1,1 => 1,1:1,True,False,same_observation_same_result_not_promoted,GLOBAL_ARITHMETIC_RATE_WITHHELD,pending
GPT-21,runs/raw_logs/GPT-4o/GPT_시뮬레이션 V21.pdf,18,2,A3-3],,Diplomatic_Support,Diplomatic Support: 0.48 - 0.10 - 0.10 = 0.28,GPT-21-N-00172,PDFIUM-GPT-21-N-00172,준수,준수,0.28 => 0.28,0.28 => 0.28,1:1,True,False,same_observation_same_result_not_promoted,GLOBAL_ARITHMETIC_RATE_WITHHELD,pending
GPT-21,runs/raw_logs/GPT-4o/GPT_시뮬레이션 V21.pdf,18,2,A3-3],,Leadership_Unity,Leadership Unity: 0.95 - 0.05 - 0.05 = 0.85,GPT-21-N-00178,PDFIUM-GPT-21-N-00178,준수,준수,0.85 => 0.85,0.85 => 0.85,1:1,True,False,same_observation_same_result_not_promoted,GLOBAL_ARITHMETIC_RATE_WITHHELD,pending
GPT-21,runs/raw_logs/GPT-4o/GPT_시뮬레이션 V21.pdf,18,2,A3-3],,Public_Opinion,Public Opinion: 0.48 - 0.05 - 0.05 = 0.38,GPT-21-N-00175,PDFIUM-GPT-21-N-00175,준수,준수,0.38 => 0.38,0.38 => 0.38,1:1,True,False,same_observation_same_result_not_promoted,GLOBAL_ARITHMETIC_RATE_WITHHELD,pending
GPT-21,runs/raw_logs/GPT-4o/GPT_시뮬레이션 V21.pdf,18,2,A3-3],,Tension,Tension: 1.0 + 0.10 + 0.10 = 1.0,GPT-21-N-00169,PDFIUM-GPT-21-N-00169,준수,준수,1 => 1,1 => 1,1:1,True,False,same_observation_same_result_not_promoted,GLOBAL_ARITHMETIC_RATE_WITHHELD,pending
GPT-21,runs/raw_logs/GPT-4o/GPT_시뮬레이션 V21.pdf,22,4,A4-1],,Diplomatic_Support,Diplomatic Support: 0.58 + 0.05 + 0.10 = 0.73,GPT-21-N-00200,PDFIUM-GPT-21-N-00200,준수,준수,0.73 => 0.73,0.73 => 0.73,1:1,True,False,same_observation_same_result_not_promoted,GLOBAL_ARITHMETIC_RATE_WITHHELD,pending
GPT-21,runs/raw_logs/GPT-4o/GPT_시뮬레이션 V21.pdf,22,4,A4-1],,Leadership_Unity,Leadership Unity: 1.0 + 0.10 + 0.05 = 1.0,GPT-21-N-00206,PDFIUM-GPT-21-N-00206,준수,준수,1 => 1,1 => 1,1:1,True,False,same_observation_same_result_not_promoted,GLOBAL_ARITHMETIC_RATE_WITHHELD,pending
GPT-21,runs/raw_logs/GPT-4o/GPT_시뮬레이션 V21.pdf,22,4,A4-1],,Public_Opinion,Public Opinion: 0.68 + 0.10 + 0.05 = 0.83,GPT-21-N-00203,PDFIUM-GPT-21-N-00203,준수,준수,0.83 => 0.83,0.83 => 0.83,1:1,True,False,same_observation_same_result_not_promoted,GLOBAL_ARITHMETIC_RATE_WITHHELD,pending
GPT-21,runs/raw_logs/GPT-4o/GPT_시뮬레이션 V21.pdf,22,4,A4-1],,Tension,Tension: 0.90 - 0.05 - 0.05 = 0.80,GPT-21-N-00197,PDFIUM-GPT-21-N-00197,준수,준수,0.8 => 0.8,0.8 => 0.8,1:1,True,False,same_observation_same_result_not_promoted,GLOBAL_ARITHMETIC_RATE_WITHHELD,pending
GPT-21,runs/raw_logs/GPT-4o/GPT_시뮬레이션 V21.pdf,23,4,A4-2],,Diplomatic_Support,Diplomatic Support: 0.58 - 0.05 - 0.02 = 0.51,GPT-21-N-00220,PDFIUM-GPT-21-N-00220,준수,준수,0.51 => 0.51,0.51 => 0.51,1:1,True,False,same_observation_same_result_not_promoted,GLOBAL_ARITHMETIC_RATE_WITHHELD,pending
GPT-21,runs/raw_logs/GPT-4o/GPT_시뮬레이션 V21.pdf,23,4,A4-2],,Leadership_Unity,Leadership Unity: 1.0 - 0.10 - 0.05 = 0.85,GPT-21-N-00226,PDFIUM-GPT-21-N-00226,준수,준수,0.85 => 0.85,0.85 => 0.85,1:1,True,False,same_observation_same_result_not_promoted,GLOBAL_ARITHMETIC_RATE_WITHHELD,pending
GPT-21,runs/raw_logs/GPT-4o/GPT_시뮬레이션 V21.pdf,23,4,A4-2],,Public_Opinion,Public Opinion: 0.68 - 0.05 - 0.02 = 0.61,GPT-21-N-00223,PDFIUM-GPT-21-N-00223,준수,준수,0.61 => 0.61,0.61 => 0.61,1:1,True,False,same_observation_same_result_not_promoted,GLOBAL_ARITHMETIC_RATE_WITHHELD,pending
GPT-21,runs/raw_logs/GPT-4o/GPT_시뮬레이션 V21.pdf,23,4,A4-2],,Tension,Tension: 0.90 + 0.15 + 0.05 = 1.0,GPT-21-N-00217,PDFIUM-GPT-21-N-00217,준수,준수,1 => 1,1 => 1,1:1,True,False,same_observation_same_result_not_promoted,GLOBAL_ARITHMETIC_RATE_WITHHELD,pending
GPT-21,runs/raw_logs/GPT-4o/GPT_시뮬레이션 V21.pdf,24,4,A4-3],,Diplomatic_Support,Diplomatic Support: 0.58 - 0.10 - 0.02 = 0.46,GPT-21-N-00240,PDFIUM-GPT-21-N-00240,준수,준수,0.46 => 0.46,0.46 => 0.46,1:1,True,False,same_observation_same_result_not_promoted,GLOBAL_ARITHMETIC_RATE_WITHHELD,pending
GPT-21,runs/raw_logs/GPT-4o/GPT_시뮬레이션 V21.pdf,24,4,A4-3],,Leadership_Unity,Leadership Unity: 1.0 - 0.05 - 0.05 = 0.90,GPT-21-N-00246,PDFIUM-GPT-21-N-00246,준수,준수,0.9 => 0.9,0.9 => 0.9,1:1,True,False,same_observation_same_result_not_promoted,GLOBAL_ARITHMETIC_RATE_WITHHELD,pending
GPT-21,runs/raw_logs/GPT-4o/GPT_시뮬레이션 V21.pdf,24,4,A4-3],,Public_Opinion,Public Opinion: 0.68 - 0.05 - 0.02 = 0.61,GPT-21-N-00243,PDFIUM-GPT-21-N-00243,준수,준수,0.61 => 0.61,0.61 => 0.61,1:1,True,False,same_observation_same_result_not_promoted,GLOBAL_ARITHMETIC_RATE_WITHHELD,pending
GPT-21,runs/raw_logs/GPT-4o/GPT_시뮬레이션 V21.pdf,24,4,A4-3],,Tension,Tension: 0.90 + 0.10 + 0.05 = 1.0,GPT-21-N-00237,PDFIUM-GPT-21-N-00237,준수,준수,1 => 1,1 => 1,1:1,True,False,same_observation_same_result_not_promoted,GLOBAL_ARITHMETIC_RATE_WITHHELD,pending
GPT-21,runs/raw_logs/GPT-4o/GPT_시뮬레이션 V21.pdf,6,1,Scenario A],,Diplomatic_Support,Diplomatic Support: 0.5 + 0.00 + 0.00 = 0.5,GPT-21-N-00012,PDFIUM-GPT-21-N-00012,준수,준수,0.5 => 0.5,0.5 => 0.5,1:1,True,False,same_observation_same_result_not_promoted,GLOBAL_ARITHMETIC_RATE_WITHHELD,pending
GPT-21,runs/raw_logs/GPT-4o/GPT_시뮬레이션 V21.pdf,6,1,Scenario A],,Leadership_Unity,Leadership Unity: 0.5 + 0.80 (US) + 0.65 (USSR) = 1.0 ✅ (clamped),GPT-21-N-00018,PDFIUM-GPT-21-N-00018,준수,준수,1 => 1,1 => 1,1:1,True,False,same_observation_same_result_not_promoted,GLOBAL_ARITHMETIC_RATE_WITHHELD,pending
GPT-21,runs/raw_logs/GPT-4o/GPT_시뮬레이션 V21.pdf,6,1,Scenario A],,Public_Opinion,Public Opinion: 0.5 + 0.00 + 0.00 = 0.5,GPT-21-N-00015,PDFIUM-GPT-21-N-00015,준수,준수,0.5 => 0.5,0.5 => 0.5,1:1,True,False,same_observation_same_result_not_promoted,GLOBAL_ARITHMETIC_RATE_WITHHELD,pending
GPT-21,runs/raw_logs/GPT-4o/GPT_시뮬레이션 V21.pdf,6,1,Scenario A],,Tension,Tension: 0.5 + 0.30 (US) + 0.45 (USSR) = 1.0 ✅ (clamped),GPT-21-N-00009,PDFIUM-GPT-21-N-00009,준수,준수,1 => 1,1 => 1,1:1,True,False,same_observation_same_result_not_promoted,GLOBAL_ARITHMETIC_RATE_WITHHELD,pending
GPT-21,runs/raw_logs/GPT-4o/GPT_시뮬레이션 V21.pdf,7,1,Scenario B],,Diplomatic_Support,Diplomatic Support: 0.5 - 0.05 = 0.45,GPT-21-N-00032,PDFIUM-GPT-21-N-00032,준수,준수,0.45 => 0.45,0.45 => 0.45,1:1,True,False,same_observation_same_result_not_promoted,GLOBAL_ARITHMETIC_RATE_WITHHELD,pending
GPT-21,runs/raw_logs/GPT-4o/GPT_시뮬레이션 V21.pdf,7,1,Scenario B],,Leadership_Unity,Leadership Unity: 0.5 - 0.10 + 0.65 = 1.05 → 1.0 (clamped),GPT-21-N-00038,PDFIUM-GPT-21-N-00038,준수,준수,1 => 1,1 => 1,1:1,True,False,same_observation_same_result_not_promoted,GLOBAL_ARITHMETIC_RATE_WITHHELD,pending
GPT-21,runs/raw_logs/GPT-4o/GPT_시뮬레이션 V21.pdf,7,1,Scenario B],,Public_Opinion,Public Opinion: 0.5 - 0.05 = 0.45,GPT-21-N-00035,PDFIUM-GPT-21-N-00035,준수,준수,0.45 => 0.45,0.45 => 0.45,1:1,True,False,same_observation_same_result_not_promoted,GLOBAL_ARITHMETIC_RATE_WITHHELD,pending
GPT-21,runs/raw_logs/GPT-4o/GPT_시뮬레이션 V21.pdf,7,1,Scenario B],,Tension,Tension: 0.5 + 0.15 (US) + 0.45 (USSR) = 1.0 ✅,GPT-21-N-00029,PDFIUM-GPT-21-N-00029,준수,준수,1 => 1,1 => 1,1:1,True,False,same_observation_same_result_not_promoted,GLOBAL_ARITHMETIC_RATE_WITHHELD,pending
GPT-21,runs/raw_logs/GPT-4o/GPT_시뮬레이션 V21.pdf,8,1,Scenario C],,Diplomatic_Support,Diplomatic Support: 0.5 + 0.10 + 0.10 = 0.7,GPT-21-N-00052,PDFIUM-GPT-21-N-00052,준수,준수,0.7 => 0.7,0.7 => 0.7,1:1,True,False,same_observation_same_result_not_promoted,GLOBAL_ARITHMETIC_RATE_WITHHELD,pending
GPT-21,runs/raw_logs/GPT-4o/GPT_시뮬레이션 V21.pdf,8,1,Scenario C],,Leadership_Unity,Leadership Unity: 0.5 + 0.05 + 0.05 = 0.6,GPT-21-N-00058,PDFIUM-GPT-21-N-00058,준수,준수,0.6 => 0.6,0.6 => 0.6,1:1,True,False,same_observation_same_result_not_promoted,GLOBAL_ARITHMETIC_RATE_WITHHELD,pending
GPT-21,runs/raw_logs/GPT-4o/GPT_시뮬레이션 V21.pdf,8,1,Scenario C],,Public_Opinion,Public Opinion: 0.5 + 0.05 + 0.05 = 0.6,GPT-21-N-00055,PDFIUM-GPT-21-N-00055,준수,준수,0.6 => 0.6,0.6 => 0.6,1:1,True,False,same_observation_same_result_not_promoted,GLOBAL_ARITHMETIC_RATE_WITHHELD,pending
GPT-21,runs/raw_logs/GPT-4o/GPT_시뮬레이션 V21.pdf,8,1,Scenario C],,Tension,Tension: 0.5 - 0.05 - 0.05 = 0.4,GPT-21-N-00049,PDFIUM-GPT-21-N-00049,준수,준수,0.4 => 0.4,0.4 => 0.4,1:1,True,False,same_observation_same_result_not_promoted,GLOBAL_ARITHMETIC_RATE_WITHHELD,pending
GPT-22,runs/raw_logs/GPT-4o/GPT_시뮬레이션 V22.pdf,10,4,Combination 1,,Diplomatic_Support,Diplomatic Support: -0.02 + 0.10 = +0.08,GPT-22-N-00034,PDFIUM-GPT-22-N-00036,준수,준수,0.08 => 0.08,0.08 => 0.08,1:1,True,False,same_observation_same_result_not_promoted,GLOBAL_ARITHMETIC_RATE_WITHHELD,pending
GPT-22,runs/raw_logs/GPT-4o/GPT_시뮬레이션 V22.pdf,10,4,Combination 1,,Leadership_Unity,Leadership Unity: -0.05 + 0.05 = 0.0,GPT-22-N-00036,PDFIUM-GPT-22-N-00038,준수,준수,0 => 0,0 => 0,1:1,True,False,same_observation_same_result_not_promoted,GLOBAL_ARITHMETIC_RATE_WITHHELD,pending
GPT-22,runs/raw_logs/GPT-4o/GPT_시뮬레이션 V22.pdf,10,4,Combination 1,,Public_Opinion,Public Opinion: -0.02 + 0.05 = +0.03,GPT-22-N-00035,PDFIUM-GPT-22-N-00037,준수,준수,0.03 => 0.03,0.03 => 0.03,1:1,True,False,same_observation_same_result_not_promoted,GLOBAL_ARITHMETIC_RATE_WITHHELD,pending
GPT-22,runs/raw_logs/GPT-4o/GPT_시뮬레이션 V22.pdf,10,4,Combination 1,,Tension,Tension: +0.05 - 0.05 = 0.0,GPT-22-N-00033,PDFIUM-GPT-22-N-00035,준수,준수,0 => 0,0 => 0,1:1,True,False,same_observation_same_result_not_promoted,GLOBAL_ARITHMETIC_RATE_WITHHELD,pending
GPT-22,runs/raw_logs/GPT-4o/GPT_시뮬레이션 V22.pdf,11,4,Combination 2,,Leadership_Unity,Leadership Unity: -0.10 + 0.65 = +0.55,GPT-22-N-00038,PDFIUM-GPT-22-N-00040,준수,준수,0.55 => 0.55,0.55 => 0.55,1:1,True,False,same_observation_same_result_not_promoted,GLOBAL_ARITHMETIC_RATE_WITHHELD,pending
GPT-22,runs/raw_logs/GPT-4o/GPT_시뮬레이션 V22.pdf,11,4,Combination 2,,Tension,Tension: +0.15 + 0.45 = +0.60,GPT-22-N-00037,PDFIUM-GPT-22-N-00039,준수,준수,0.6 => 0.6,0.6 => 0.6,1:1,True,False,same_observation_same_result_not_promoted,GLOBAL_ARITHMETIC_RATE_WITHHELD,pending
GPT-22,runs/raw_logs/GPT-4o/GPT_시뮬레이션 V22.pdf,6,1,Hardline Response Path],,Diplomatic_Support,Diplomatic Support: -0.05 - 0.6 = clamped to 0.0,GPT-22-N-00021,PDFIUM-GPT-22-N-00023,판정 불가,판정 불가,-0.05 - 0.6 = clamped to 0.0 => ,-0.05 - 0.6 = clamped to 0.0 => ,1:1,True,False,same_observation_same_result_not_promoted,GLOBAL_ARITHMETIC_RATE_WITHHELD,pending
GPT-23,runs/raw_logs/GPT-4o/GPT_시뮬레이션 V23.pdf,11,4,Combination 1,,Diplomatic_Support,diplomatic_support: -0.02 (US) + 0.10 (SU) = 0.41 + 0.08 = 0.49,GPT-23-N-00067,PDFIUM-GPT-23-N-00067,준수,준수,0.49 => 0.49,0.49 => 0.49,1:1,True,False,same_observation_same_result_not_promoted,GLOBAL_ARITHMETIC_RATE_WITHHELD,pending
GPT-23,runs/raw_logs/GPT-4o/GPT_시뮬레이션 V23.pdf,11,4,Combination 1,,Leadership_Unity,leadership_unity: -0.05 (US) + 0.65 (SU) + 0.05 = 0.85 + 0.65 → Clamped at 1.0,GPT-23-N-00069,PDFIUM-GPT-23-N-00069,판정 불가,판정 불가,-0.05 (US) + 0.65 (SU) + 0.05 = 0.85 + 0.65 → Clamped at 1.0 => ,-0.05 (US) + 0.65 (SU) + 0.05 = 0.85 + 0.65 → Clamped at 1.0 => ,1:1,True,False,same_observation_same_result_not_promoted,GLOBAL_ARITHMETIC_RATE_WITHHELD,pending
GPT-23,runs/raw_logs/GPT-4o/GPT_시뮬레이션 V23.pdf,11,4,Combination 1,,Public_Opinion,public_opinion: -0.02 (US) + 0.05 (SU) = 0.41 + 0.03 = 0.44,GPT-23-N-00068,PDFIUM-GPT-23-N-00068,준수,준수,0.44 => 0.44,0.44 => 0.44,1:1,True,False,same_observation_same_result_not_promoted,GLOBAL_ARITHMETIC_RATE_WITHHELD,pending
GPT-23,runs/raw_logs/GPT-4o/GPT_시뮬레이션 V23.pdf,11,4,Combination 1,,Tension,tension: +0.05 (US) + 0.45 (SU) = +0.50 → Clamped at 1.0,GPT-23-N-00066,PDFIUM-GPT-23-N-00066,준수,준수,0.5 => 0.5,0.5 => 0.5,1:1,True,False,same_observation_same_result_not_promoted,GLOBAL_ARITHMETIC_RATE_WITHHELD,pending
GPT-23,runs/raw_logs/GPT-4o/GPT_시뮬레이션 V23.pdf,12,4,Combination 3,,Diplomatic_Support,diplomatic_support: +0.10 (US) + 0.10 (SU) = 0.53 + 0.20 = 0.73,GPT-23-N-00076,PDFIUM-GPT-23-N-00076,준수,준수,0.73 => 0.73,0.73 => 0.73,1:1,True,False,same_observation_same_result_not_promoted,GLOBAL_ARITHMETIC_RATE_WITHHELD,pending
GPT-23,runs/raw_logs/GPT-4o/GPT_시뮬레이션 V23.pdf,12,4,Combination 3,,Leadership_Unity,leadership_unity: +0.05 (US) + 0.65 (SU) + 0.05 = 0.40 + 0.75 = Clamped at 1.0,GPT-23-N-00078,PDFIUM-GPT-23-N-00078,준수,준수,1 => 1,1 => 1,1:1,True,False,same_observation_same_result_not_promoted,GLOBAL_ARITHMETIC_RATE_WITHHELD,pending
GPT-23,runs/raw_logs/GPT-4o/GPT_시뮬레이션 V23.pdf,12,4,Combination 3,,Public_Opinion,public_opinion: +0.05 (US) + 0.05 (SU) = 0.93 + 0.10 = Clamped at 1.0,GPT-23-N-00077,PDFIUM-GPT-23-N-00077,준수,준수,1 => 1,1 => 1,1:1,True,False,same_observation_same_result_not_promoted,GLOBAL_ARITHMETIC_RATE_WITHHELD,pending
GPT-23,runs/raw_logs/GPT-4o/GPT_시뮬레이션 V23.pdf,12,4,Combination 3,,Tension,tension: -0.05 (US) + 0.45 (SU) = 0.65 + 0.40 = Clamped at 1.0,GPT-23-N-00075,PDFIUM-GPT-23-N-00075,준수,준수,1 => 1,1 => 1,1:1,True,False,same_observation_same_result_not_promoted,GLOBAL_ARITHMETIC_RATE_WITHHELD,pending
GPT-23,runs/raw_logs/GPT-4o/GPT_시뮬레이션 V23.pdf,6,1,Most Plausible Path,,Diplomatic_Support,diplomatic_support: 0.5 - 0.02 = 0.48,GPT-23-N-00010,PDFIUM-GPT-23-N-00010,준수,준수,0.48 => 0.48,0.48 => 0.48,1:1,True,False,same_observation_same_result_not_promoted,GLOBAL_ARITHMETIC_RATE_WITHHELD,pending
GPT-23,runs/raw_logs/GPT-4o/GPT_시뮬레이션 V23.pdf,6,1,Most Plausible Path,,Leadership_Unity,leadership_unity: 0.5 - 0.05 + 0.65 = 1.10 → clamped to 1.0,GPT-23-N-00016,PDFIUM-GPT-23-N-00016,준수,준수,1 => 1,1 => 1,1:1,True,False,same_observation_same_result_not_promoted,GLOBAL_ARITHMETIC_RATE_WITHHELD,pending
GPT-23,runs/raw_logs/GPT-4o/GPT_시뮬레이션 V23.pdf,6,1,Most Plausible Path,,Public_Opinion,public_opinion: 0.5 - 0.02 = 0.48,GPT-23-N-00013,PDFIUM-GPT-23-N-00013,준수,준수,0.48 => 0.48,0.48 => 0.48,1:1,True,False,same_observation_same_result_not_promoted,GLOBAL_ARITHMETIC_RATE_WITHHELD,pending
GPT-23,runs/raw_logs/GPT-4o/GPT_시뮬레이션 V23.pdf,6,1,Most Plausible Path,,Tension,tension: 0.5 + 0.05 + 0.45 = 1.0 ✅ Trigger,GPT-23-N-00007,PDFIUM-GPT-23-N-00007,준수,준수,1 => 1,1 => 1,1:1,True,False,same_observation_same_result_not_promoted,GLOBAL_ARITHMETIC_RATE_WITHHELD,pending
GPT-23,runs/raw_logs/GPT-4o/GPT_시뮬레이션 V23.pdf,7,1,Hardline Response Path,,Diplomatic_Support,diplomatic_support: 0.5 - 0.05 = 0.45 ✅ Trigger: Diplomatic Isolation,GPT-23-N-00028,PDFIUM-GPT-23-N-00028,준수,준수,0.45 => 0.45,0.45 => 0.45,1:1,True,False,same_observation_same_result_not_promoted,GLOBAL_ARITHMETIC_RATE_WITHHELD,pending
GPT-23,runs/raw_logs/GPT-4o/GPT_시뮬레이션 V23.pdf,7,1,Hardline Response Path,,Leadership_Unity,leadership_unity: 0.5 - 0.10 + 0.65 = 1.05 → clamped to 1.0,GPT-23-N-00034,PDFIUM-GPT-23-N-00034,준수,준수,1 => 1,1 => 1,1:1,True,False,same_observation_same_result_not_promoted,GLOBAL_ARITHMETIC_RATE_WITHHELD,pending
GPT-23,runs/raw_logs/GPT-4o/GPT_시뮬레이션 V23.pdf,7,1,Hardline Response Path,,Public_Opinion,public_opinion: 0.5 - 0.05 = 0.45,GPT-23-N-00031,PDFIUM-GPT-23-N-00031,준수,준수,0.45 => 0.45,0.45 => 0.45,1:1,True,False,same_observation_same_result_not_promoted,GLOBAL_ARITHMETIC_RATE_WITHHELD,pending
GPT-23,runs/raw_logs/GPT-4o/GPT_시뮬레이션 V23.pdf,7,1,Hardline Response Path,,Tension,tension: 0.5 + 0.15 + 0.45 = 1.1 → clamped to 1.0 ✅ Trigger,GPT-23-N-00025,PDFIUM-GPT-23-N-00025,준수,준수,1 => 1,1 => 1,1:1,True,False,same_observation_same_result_not_promoted,GLOBAL_ARITHMETIC_RATE_WITHHELD,pending
GPT-23,runs/raw_logs/GPT-4o/GPT_시뮬레이션 V23.pdf,8,1,Diplomatic Resolution Path,,Diplomatic_Support,diplomatic_support: 0.5 + 0.10 = 0.60,GPT-23-N-00045,PDFIUM-GPT-23-N-00045,준수,준수,0.6 => 0.6,0.6 => 0.6,1:1,True,False,same_observation_same_result_not_promoted,GLOBAL_ARITHMETIC_RATE_WITHHELD,pending
GPT-23,runs/raw_logs/GPT-4o/GPT_시뮬레이션 V23.pdf,8,1,Diplomatic Resolution Path,,Leadership_Unity,leadership_unity: 0.5 + 0.05 = 0.55,GPT-23-N-00051,PDFIUM-GPT-23-N-00051,준수,준수,0.55 => 0.55,0.55 => 0.55,1:1,True,False,same_observation_same_result_not_promoted,GLOBAL_ARITHMETIC_RATE_WITHHELD,pending
GPT-23,runs/raw_logs/GPT-4o/GPT_시뮬레이션 V23.pdf,8,1,Diplomatic Resolution Path,,Public_Opinion,public_opinion: 0.5 + 0.50 + 0.05 = 1.05 → clamped to 1.0,GPT-23-N-00048,PDFIUM-GPT-23-N-00048,준수,준수,1 => 1,1 => 1,1:1,True,False,same_observation_same_result_not_promoted,GLOBAL_ARITHMETIC_RATE_WITHHELD,pending
GPT-23,runs/raw_logs/GPT-4o/GPT_시뮬레이션 V23.pdf,8,1,Diplomatic Resolution Path,,Tension,tension: 0.5 - 0.05 = 0.45,GPT-23-N-00042,PDFIUM-GPT-23-N-00042,준수,준수,0.45 => 0.45,0.45 => 0.45,1:1,True,False,same_observation_same_result_not_promoted,GLOBAL_ARITHMETIC_RATE_WITHHELD,pending
GPT-24,runs/raw_logs/GPT-4o/GPT_시뮬레이션 V24.pdf,5,1,Diplomatic Resolution Path,,Tension,tension: 0.00 (-0.05 + 0.05),GPT-24-N-00014,PDFIUM-GPT-24-N-00014,준수,준수,0 => 0,0 => 0,1:1,True,False,same_observation_same_result_not_promoted,GLOBAL_ARITHMETIC_RATE_WITHHELD,pending
GPT-26,runs/raw_logs/GPT-4o/GPT_시뮬레이션 V26.pdf,12,2,Most Plausible,,Diplomatic_Support,diplomatic_support: 0.48 + 0.05 = 0.53,GPT-26-N-00067,PDFIUM-GPT-26-N-00067,준수,준수,0.53 => 0.53,0.53 => 0.53,1:1,True,False,same_observation_same_result_not_promoted,GLOBAL_ARITHMETIC_RATE_WITHHELD,pending
GPT-26,runs/raw_logs/GPT-4o/GPT_시뮬레이션 V26.pdf,12,2,Most Plausible,,Leadership_Unity,leadership_unity: 1.00 + 0.10 + 0.65 = 1.00,GPT-26-N-00069,PDFIUM-GPT-26-N-00069,준수,준수,1 => 1,1 => 1,1:1,True,False,same_observation_same_result_not_promoted,GLOBAL_ARITHMETIC_RATE_WITHHELD,pending
GPT-26,runs/raw_logs/GPT-4o/GPT_시뮬레이션 V26.pdf,12,2,Most Plausible,,Public_Opinion,public_opinion: 0.48 + 0.10 = 0.58,GPT-26-N-00068,PDFIUM-GPT-26-N-00068,준수,준수,0.58 => 0.58,0.58 => 0.58,1:1,True,False,same_observation_same_result_not_promoted,GLOBAL_ARITHMETIC_RATE_WITHHELD,pending
GPT-26,runs/raw_logs/GPT-4o/GPT_시뮬레이션 V26.pdf,12,2,Most Plausible,,Tension,tension: 1.00 - 0.05 + 0.45 = 1.00,GPT-26-N-00066,PDFIUM-GPT-26-N-00066,준수,준수,1 => 1,1 => 1,1:1,True,False,same_observation_same_result_not_promoted,GLOBAL_ARITHMETIC_RATE_WITHHELD,pending
GPT-26,runs/raw_logs/GPT-4o/GPT_시뮬레이션 V26.pdf,14,2,Diplomatic,,Diplomatic_Support,diplomatic_support: 0.60 + 0.05 - 0.02 = 0.63,GPT-26-N-00079,PDFIUM-GPT-26-N-00079,준수,준수,0.63 => 0.63,0.63 => 0.63,1:1,True,False,same_observation_same_result_not_promoted,GLOBAL_ARITHMETIC_RATE_WITHHELD,pending
GPT-26,runs/raw_logs/GPT-4o/GPT_시뮬레이션 V26.pdf,14,2,Diplomatic,,Leadership_Unity,leadership_unity: 0.55 + 0.10 - 0.05 = 0.60,GPT-26-N-00081,PDFIUM-GPT-26-N-00081,준수,준수,0.6 => 0.6,0.6 => 0.6,1:1,True,False,same_observation_same_result_not_promoted,GLOBAL_ARITHMETIC_RATE_WITHHELD,pending
GPT-26,runs/raw_logs/GPT-4o/GPT_시뮬레이션 V26.pdf,14,2,Diplomatic,,Public_Opinion,public_opinion: 0.55 + 0.10 - 0.02 = 0.63,GPT-26-N-00080,PDFIUM-GPT-26-N-00080,준수,준수,0.63 => 0.63,0.63 => 0.63,1:1,True,False,same_observation_same_result_not_promoted,GLOBAL_ARITHMETIC_RATE_WITHHELD,pending
GPT-26,runs/raw_logs/GPT-4o/GPT_시뮬레이션 V26.pdf,14,2,Diplomatic,,Tension,tension: 0.90 - 0.05 + 0.05 = 0.90,GPT-26-N-00078,PDFIUM-GPT-26-N-00078,준수,준수,0.9 => 0.9,0.9 => 0.9,1:1,True,False,same_observation_same_result_not_promoted,GLOBAL_ARITHMETIC_RATE_WITHHELD,pending
GPT-26,runs/raw_logs/GPT-4o/GPT_시뮬레이션 V26.pdf,15,2,Hardline Response,,Diplomatic_Support,diplomatic_support: 0.45 - 0.02 = 0.43,GPT-26-N-00091,PDFIUM-GPT-26-N-00091,준수,준수,0.43 => 0.43,0.43 => 0.43,1:1,True,False,same_observation_same_result_not_promoted,GLOBAL_ARITHMETIC_RATE_WITHHELD,pending
GPT-26,runs/raw_logs/GPT-4o/GPT_시뮬레이션 V26.pdf,15,2,Hardline Response,,Leadership_Unity,leadership_unity: 1.00 - 0.05 + 0.65 = 1.00,GPT-26-N-00093,PDFIUM-GPT-26-N-00093,준수,준수,1 => 1,1 => 1,1:1,True,False,same_observation_same_result_not_promoted,GLOBAL_ARITHMETIC_RATE_WITHHELD,pending
GPT-26,runs/raw_logs/GPT-4o/GPT_시뮬레이션 V26.pdf,15,2,Hardline Response,,Public_Opinion,public_opinion: 0.45 - 0.02 = 0.43,GPT-26-N-00092,PDFIUM-GPT-26-N-00092,준수,준수,0.43 => 0.43,0.43 => 0.43,1:1,True,False,same_observation_same_result_not_promoted,GLOBAL_ARITHMETIC_RATE_WITHHELD,pending
GPT-26,runs/raw_logs/GPT-4o/GPT_시뮬레이션 V26.pdf,15,2,Hardline Response,,Tension,tension: 1.00 + 0.05 + 0.45 = 1.00,GPT-26-N-00090,PDFIUM-GPT-26-N-00090,준수,준수,1 => 1,1 => 1,1:1,True,False,same_observation_same_result_not_promoted,GLOBAL_ARITHMETIC_RATE_WITHHELD,pending
GPT-26,runs/raw_logs/GPT-4o/GPT_시뮬레이션 V26.pdf,19,3,Most Plausible,,Diplomatic_Support,diplomatic_support: 0.53 + 0.10 = 0.63,GPT-26-N-00103,PDFIUM-GPT-26-N-00103,준수,준수,0.63 => 0.63,0.63 => 0.63,1:1,True,False,same_observation_same_result_not_promoted,GLOBAL_ARITHMETIC_RATE_WITHHELD,pending
GPT-26,runs/raw_logs/GPT-4o/GPT_시뮬레이션 V26.pdf,19,3,Most Plausible,,Leadership_Unity,leadership_unity: 1.00 + 0.20 = 1.00,GPT-26-N-00105,PDFIUM-GPT-26-N-00105,준수,준수,1 => 1,1 => 1,1:1,True,False,same_observation_same_result_not_promoted,GLOBAL_ARITHMETIC_RATE_WITHHELD,pending
GPT-26,runs/raw_logs/GPT-4o/GPT_시뮬레이션 V26.pdf,19,3,Most Plausible,,Public_Opinion,public_opinion: 0.58 + 0.20 = 0.78,GPT-26-N-00104,PDFIUM-GPT-26-N-00104,준수,준수,0.78 => 0.78,0.78 => 0.78,1:1,True,False,same_observation_same_result_not_promoted,GLOBAL_ARITHMETIC_RATE_WITHHELD,pending
GPT-26,runs/raw_logs/GPT-4o/GPT_시뮬레이션 V26.pdf,19,3,Most Plausible,,Tension,tension: 1.00 - 0.10 = 0.90,GPT-26-N-00102,PDFIUM-GPT-26-N-00102,준수,준수,0.9 => 0.9,0.9 => 0.9,1:1,True,False,same_observation_same_result_not_promoted,GLOBAL_ARITHMETIC_RATE_WITHHELD,pending
GPT-26,runs/raw_logs/GPT-4o/GPT_시뮬레이션 V26.pdf,20,3,Diplomatic,,Diplomatic_Support,diplomatic_support: 0.63 + 0.05 - 0.02 = 0.66,GPT-26-N-00115,PDFIUM-GPT-26-N-00115,준수,준수,0.66 => 0.66,0.66 => 0.66,1:1,True,False,same_observation_same_result_not_promoted,GLOBAL_ARITHMETIC_RATE_WITHHELD,pending
GPT-26,runs/raw_logs/GPT-4o/GPT_시뮬레이션 V26.pdf,20,3,Diplomatic,,Leadership_Unity,leadership_unity: 0.60 + 0.10 - 0.05 = 0.65,GPT-26-N-00117,PDFIUM-GPT-26-N-00117,준수,준수,0.65 => 0.65,0.65 => 0.65,1:1,True,False,same_observation_same_result_not_promoted,GLOBAL_ARITHMETIC_RATE_WITHHELD,pending
GPT-26,runs/raw_logs/GPT-4o/GPT_시뮬레이션 V26.pdf,20,3,Diplomatic,,Public_Opinion,public_opinion: 0.63 + 0.10 - 0.02 = 0.71,GPT-26-N-00116,PDFIUM-GPT-26-N-00116,준수,준수,0.71 => 0.71,0.71 => 0.71,1:1,True,False,same_observation_same_result_not_promoted,GLOBAL_ARITHMETIC_RATE_WITHHELD,pending
GPT-26,runs/raw_logs/GPT-4o/GPT_시뮬레이션 V26.pdf,20,3,Diplomatic,,Tension,tension: 0.90 - 0.05 + 0.05 = 0.90,GPT-26-N-00114,PDFIUM-GPT-26-N-00114,준수,준수,0.9 => 0.9,0.9 => 0.9,1:1,True,False,same_observation_same_result_not_promoted,GLOBAL_ARITHMETIC_RATE_WITHHELD,pending
GPT-26,runs/raw_logs/GPT-4o/GPT_시뮬레이션 V26.pdf,22,3,Hardline Response,,Diplomatic_Support,diplomatic_support: 0.43 - 0.05 = 0.38,GPT-26-N-00127,PDFIUM-GPT-26-N-00127,준수,준수,0.38 => 0.38,0.38 => 0.38,1:1,True,False,same_observation_same_result_not_promoted,GLOBAL_ARITHMETIC_RATE_WITHHELD,pending
GPT-26,runs/raw_logs/GPT-4o/GPT_시뮬레이션 V26.pdf,22,3,Hardline Response,,Leadership_Unity,leadership_unity: 1.00 - 0.10 + 0.65 = 1.00,GPT-26-N-00129,PDFIUM-GPT-26-N-00129,준수,준수,1 => 1,1 => 1,1:1,True,False,same_observation_same_result_not_promoted,GLOBAL_ARITHMETIC_RATE_WITHHELD,pending
GPT-26,runs/raw_logs/GPT-4o/GPT_시뮬레이션 V26.pdf,22,3,Hardline Response,,Public_Opinion,public_opinion: 0.43 - 0.05 = 0.38,GPT-26-N-00128,PDFIUM-GPT-26-N-00128,준수,준수,0.38 => 0.38,0.38 => 0.38,1:1,True,False,same_observation_same_result_not_promoted,GLOBAL_ARITHMETIC_RATE_WITHHELD,pending
GPT-26,runs/raw_logs/GPT-4o/GPT_시뮬레이션 V26.pdf,22,3,Hardline Response,,Tension,tension: 1.00 + 0.15 + 0.45 = 1.00 (clamped),GPT-26-N-00126,PDFIUM-GPT-26-N-00126,준수,준수,1 => 1,1 => 1,1:1,True,False,same_observation_same_result_not_promoted,GLOBAL_ARITHMETIC_RATE_WITHHELD,pending
GPT-26,runs/raw_logs/GPT-4o/GPT_시뮬레이션 V26.pdf,25,4,Most Plausible,,Diplomatic_Support,diplomatic_support: 0.63 - 0.02 + 0.03 = 0.64,GPT-26-N-00148,PDFIUM-GPT-26-N-00148,준수,준수,0.64 => 0.64,0.64 => 0.64,1:1,True,False,same_observation_same_result_not_promoted,GLOBAL_ARITHMETIC_RATE_WITHHELD,pending
GPT-26,runs/raw_logs/GPT-4o/GPT_시뮬레이션 V26.pdf,25,4,Most Plausible,,Leadership_Unity,leadership_unity: 1.00 - 0.05 + 0.05 = 1.00,GPT-26-N-00150,PDFIUM-GPT-26-N-00150,준수,준수,1 => 1,1 => 1,1:1,True,False,same_observation_same_result_not_promoted,GLOBAL_ARITHMETIC_RATE_WITHHELD,pending
GPT-26,runs/raw_logs/GPT-4o/GPT_시뮬레이션 V26.pdf,25,4,Most Plausible,,Public_Opinion,public_opinion: 0.78 - 0.02 + 0.08 = 0.84,GPT-26-N-00149,PDFIUM-GPT-26-N-00149,준수,준수,0.84 => 0.84,0.84 => 0.84,1:1,True,False,same_observation_same_result_not_promoted,GLOBAL_ARITHMETIC_RATE_WITHHELD,pending
GPT-26,runs/raw_logs/GPT-4o/GPT_시뮬레이션 V26.pdf,25,4,Most Plausible,,Tension,tension: 0.90 + 0.05 + 0 = 0.95,GPT-26-N-00147,PDFIUM-GPT-26-N-00147,준수,준수,0.95 => 0.95,0.95 => 0.95,1:1,True,False,same_observation_same_result_not_promoted,GLOBAL_ARITHMETIC_RATE_WITHHELD,pending
GPT-26,runs/raw_logs/GPT-4o/GPT_시뮬레이션 V26.pdf,27,4,Diplomatic,,Diplomatic_Support,diplomatic_support: 0.66 - 0.02 + 0.03 = 0.67,GPT-26-N-00163,PDFIUM-GPT-26-N-00163,준수,준수,0.67 => 0.67,0.67 => 0.67,1:1,True,False,same_observation_same_result_not_promoted,GLOBAL_ARITHMETIC_RATE_WITHHELD,pending
GPT-26,runs/raw_logs/GPT-4o/GPT_시뮬레이션 V26.pdf,27,4,Diplomatic,,Leadership_Unity,leadership_unity: 0.65 - 0.05 + 0.10 = 0.70,GPT-26-N-00165,PDFIUM-GPT-26-N-00165,준수,준수,0.7 => 0.7,0.7 => 0.7,1:1,True,False,same_observation_same_result_not_promoted,GLOBAL_ARITHMETIC_RATE_WITHHELD,pending
GPT-26,runs/raw_logs/GPT-4o/GPT_시뮬레이션 V26.pdf,27,4,Diplomatic,,Public_Opinion,public_opinion: 0.71 - 0.02 + 0.08 = 0.77,GPT-26-N-00164,PDFIUM-GPT-26-N-00164,준수,준수,0.77 => 0.77,0.77 => 0.77,1:1,True,False,same_observation_same_result_not_promoted,GLOBAL_ARITHMETIC_RATE_WITHHELD,pending
GPT-26,runs/raw_logs/GPT-4o/GPT_시뮬레이션 V26.pdf,27,4,Diplomatic,,Tension,tension: 0.90 + 0.05 = 0.95,GPT-26-N-00162,PDFIUM-GPT-26-N-00162,준수,준수,0.95 => 0.95,0.95 => 0.95,1:1,True,False,same_observation_same_result_not_promoted,GLOBAL_ARITHMETIC_RATE_WITHHELD,pending
GPT-26,runs/raw_logs/GPT-4o/GPT_시뮬레이션 V26.pdf,28,4,Hardline Response,,Diplomatic_Support,diplomatic_support: 0.38 - 0.02 = 0.36,GPT-26-N-00178,PDFIUM-GPT-26-N-00178,준수,준수,0.36 => 0.36,0.36 => 0.36,1:1,True,False,same_observation_same_result_not_promoted,GLOBAL_ARITHMETIC_RATE_WITHHELD,pending
GPT-26,runs/raw_logs/GPT-4o/GPT_시뮬레이션 V26.pdf,28,4,Hardline Response,,Leadership_Unity,leadership_unity: 1.00 - 0.05 + 0.65 = 1.00,GPT-26-N-00180,PDFIUM-GPT-26-N-00180,준수,준수,1 => 1,1 => 1,1:1,True,False,same_observation_same_result_not_promoted,GLOBAL_ARITHMETIC_RATE_WITHHELD,pending
GPT-26,runs/raw_logs/GPT-4o/GPT_시뮬레이션 V26.pdf,28,4,Hardline Response,,Public_Opinion,public_opinion: 0.38 - 0.02 = 0.36,GPT-26-N-00179,PDFIUM-GPT-26-N-00179,준수,준수,0.36 => 0.36,0.36 => 0.36,1:1,True,False,same_observation_same_result_not_promoted,GLOBAL_ARITHMETIC_RATE_WITHHELD,pending
GPT-26,runs/raw_logs/GPT-4o/GPT_시뮬레이션 V26.pdf,28,4,Hardline Response,,Tension,tension: 1.00 + 0.05 + 0.45 = 1.00 (clamped),GPT-26-N-00177,PDFIUM-GPT-26-N-00177,준수,준수,1 => 1,1 => 1,1:1,True,False,same_observation_same_result_not_promoted,GLOBAL_ARITHMETIC_RATE_WITHHELD,pending
GPT-26,runs/raw_logs/GPT-4o/GPT_시뮬레이션 V26.pdf,6,1,Most Plausible Path,Soviet Union,Leadership_Unity,leadership_unity: -0.05 + 0.65 = +0.60,GPT-26-N-00010,PDFIUM-GPT-26-N-00010,준수,준수,0.6 => 0.6,0.6 => 0.6,1:1,True,False,same_observation_same_result_not_promoted,GLOBAL_ARITHMETIC_RATE_WITHHELD,pending
GPT-26,runs/raw_logs/GPT-4o/GPT_시뮬레이션 V26.pdf,6,1,Most Plausible Path,Soviet Union,Tension,tension: +0.05 + 0.45 = +0.50,GPT-26-N-00007,PDFIUM-GPT-26-N-00007,준수,준수,0.5 => 0.5,0.5 => 0.5,1:1,True,False,same_observation_same_result_not_promoted,GLOBAL_ARITHMETIC_RATE_WITHHELD,pending
GPT-26,runs/raw_logs/GPT-4o/GPT_시뮬레이션 V26.pdf,7,1,Diplomatic Resolution Path,Soviet Union,Tension,tension: -0.05 + 0.45 = +0.40,GPT-26-N-00028,PDFIUM-GPT-26-N-00028,준수,준수,0.4 => 0.4,0.4 => 0.4,1:1,True,False,same_observation_same_result_not_promoted,GLOBAL_ARITHMETIC_RATE_WITHHELD,pending
GPT-26,runs/raw_logs/GPT-4o/GPT_시뮬레이션 V26.pdf,7,1,Most Plausible Path],,Diplomatic_Support,diplomatic_support: 0.50 - 0.02 = 0.48,GPT-26-N-00014,PDFIUM-GPT-26-N-00014,준수,준수,0.48 => 0.48,0.48 => 0.48,1:1,True,False,same_observation_same_result_not_promoted,GLOBAL_ARITHMETIC_RATE_WITHHELD,pending
GPT-26,runs/raw_logs/GPT-4o/GPT_시뮬레이션 V26.pdf,7,1,Most Plausible Path],,Leadership_Unity,leadership_unity: 0.50 + 0.60 = 1.00 (clamped),GPT-26-N-00020,PDFIUM-GPT-26-N-00020,준수,준수,1 => 1,1 => 1,1:1,True,False,same_observation_same_result_not_promoted,GLOBAL_ARITHMETIC_RATE_WITHHELD,pending
GPT-26,runs/raw_logs/GPT-4o/GPT_시뮬레이션 V26.pdf,7,1,Most Plausible Path],,Public_Opinion,public_opinion: 0.50 - 0.02 = 0.48,GPT-26-N-00017,PDFIUM-GPT-26-N-00017,준수,준수,0.48 => 0.48,0.48 => 0.48,1:1,True,False,same_observation_same_result_not_promoted,GLOBAL_ARITHMETIC_RATE_WITHHELD,pending
GPT-26,runs/raw_logs/GPT-4o/GPT_시뮬레이션 V26.pdf,7,1,Most Plausible Path],,Tension,tension: 0.50 + 0.50 = 1.00 (clamped),GPT-26-N-00011,PDFIUM-GPT-26-N-00011,준수,준수,1 => 1,1 => 1,1:1,True,False,same_observation_same_result_not_promoted,GLOBAL_ARITHMETIC_RATE_WITHHELD,pending
GPT-26,runs/raw_logs/GPT-4o/GPT_시뮬레이션 V26.pdf,8,1,Diplomatic Resolution Path],,Diplomatic_Support,diplomatic_support: 0.50 + 0.10 = 0.60,GPT-26-N-00035,PDFIUM-GPT-26-N-00035,준수,준수,0.6 => 0.6,0.6 => 0.6,1:1,True,False,same_observation_same_result_not_promoted,GLOBAL_ARITHMETIC_RATE_WITHHELD,pending
GPT-26,runs/raw_logs/GPT-4o/GPT_시뮬레이션 V26.pdf,8,1,Diplomatic Resolution Path],,Leadership_Unity,leadership_unity: 0.50 + 0.05 = 0.55,GPT-26-N-00041,PDFIUM-GPT-26-N-00041,준수,준수,0.55 => 0.55,0.55 => 0.55,1:1,True,False,same_observation_same_result_not_promoted,GLOBAL_ARITHMETIC_RATE_WITHHELD,pending
GPT-26,runs/raw_logs/GPT-4o/GPT_시뮬레이션 V26.pdf,8,1,Diplomatic Resolution Path],,Public_Opinion,public_opinion: 0.50 + 0.05 = 0.55,GPT-26-N-00038,PDFIUM-GPT-26-N-00038,준수,준수,0.55 => 0.55,0.55 => 0.55,1:1,True,False,same_observation_same_result_not_promoted,GLOBAL_ARITHMETIC_RATE_WITHHELD,pending
GPT-26,runs/raw_logs/GPT-4o/GPT_시뮬레이션 V26.pdf,8,1,Diplomatic Resolution Path],,Tension,tension: 0.50 + 0.40 = 0.90,GPT-26-N-00032,PDFIUM-GPT-26-N-00032,준수,준수,0.9 => 0.9,0.9 => 0.9,1:1,True,False,same_observation_same_result_not_promoted,GLOBAL_ARITHMETIC_RATE_WITHHELD,pending
GPT-26,runs/raw_logs/GPT-4o/GPT_시뮬레이션 V26.pdf,8,1,Hardline Response Path,Soviet Union,Leadership_Unity,leadership_unity: -0.10 + 0.65 = +0.55,GPT-26-N-00053,PDFIUM-GPT-26-N-00053,준수,준수,0.55 => 0.55,0.55 => 0.55,1:1,True,False,same_observation_same_result_not_promoted,GLOBAL_ARITHMETIC_RATE_WITHHELD,pending
GPT-26,runs/raw_logs/GPT-4o/GPT_시뮬레이션 V26.pdf,8,1,Hardline Response Path,Soviet Union,Tension,tension: +0.15 + 0.45 = +0.60,GPT-26-N-00050,PDFIUM-GPT-26-N-00050,준수,준수,0.6 => 0.6,0.6 => 0.6,1:1,True,False,same_observation_same_result_not_promoted,GLOBAL_ARITHMETIC_RATE_WITHHELD,pending
GPT-26,runs/raw_logs/GPT-4o/GPT_시뮬레이션 V26.pdf,8,1,Hardline Response Path],,Tension,tension: 0.50 + 0.60 = 1.00 (clamped),GPT-26-N-00054,PDFIUM-GPT-26-N-00054,준수,준수,1 => 1,1 => 1,1:1,True,False,same_observation_same_result_not_promoted,GLOBAL_ARITHMETIC_RATE_WITHHELD,pending
GPT-26,runs/raw_logs/GPT-4o/GPT_시뮬레이션 V26.pdf,9,1,Hardline Response Path],,Diplomatic_Support,diplomatic_support: 0.50 - 0.05 = 0.45,GPT-26-N-00057,PDFIUM-GPT-26-N-00057,준수,준수,0.45 => 0.45,0.45 => 0.45,1:1,True,False,same_observation_same_result_not_promoted,GLOBAL_ARITHMETIC_RATE_WITHHELD,pending
GPT-26,runs/raw_logs/GPT-4o/GPT_시뮬레이션 V26.pdf,9,1,Hardline Response Path],,Leadership_Unity,leadership_unity: 0.50 + 0.55 = 1.00 (clamped),GPT-26-N-00063,PDFIUM-GPT-26-N-00063,준수,준수,1 => 1,1 => 1,1:1,True,False,same_observation_same_result_not_promoted,GLOBAL_ARITHMETIC_RATE_WITHHELD,pending
GPT-26,runs/raw_logs/GPT-4o/GPT_시뮬레이션 V26.pdf,9,1,Hardline Response Path],,Public_Opinion,public_opinion: 0.50 - 0.05 = 0.45,GPT-26-N-00060,PDFIUM-GPT-26-N-00060,준수,준수,0.45 => 0.45,0.45 => 0.45,1:1,True,False,same_observation_same_result_not_promoted,GLOBAL_ARITHMETIC_RATE_WITHHELD,pending
GPT-27,runs/raw_logs/GPT-4o/GPT_시뮬레이션 V27.pdf,4,1,", and must not",,Tension,Tension: +0.05 (US) +0.45 (US detects) = +0.5,GPT-27-N-00009,PDFIUM-GPT-27-N-00009,준수,준수,0.5 => 0.5,0.5 => 0.5,1:1,True,False,same_observation_same_result_not_promoted,GLOBAL_ARITHMETIC_RATE_WITHHELD,pending
GPT-27,runs/raw_logs/GPT-4o/GPT_시뮬레이션 V27.pdf,6,1,Most Plausible Path,Soviet Union,Diplomatic_Support,Diplomatic Support: -0.02 (US) + 0.6 (USSR detection effect) = +0.58,GPT-27-N-00017,PDFIUM-GPT-27-N-00017,준수,준수,0.58 => 0.58,0.58 => 0.58,1:1,True,False,same_observation_same_result_not_promoted,GLOBAL_ARITHMETIC_RATE_WITHHELD,pending
GPT-27,runs/raw_logs/GPT-4o/GPT_시뮬레이션 V27.pdf,6,1,Most Plausible Path,Soviet Union,Tension,Tension: +0.05 (US) + 0.45 (US detection of USSR activity) = +0.50,GPT-27-N-00016,PDFIUM-GPT-27-N-00016,준수,준수,0.5 => 0.5,0.5 => 0.5,1:1,True,False,same_observation_same_result_not_promoted,GLOBAL_ARITHMETIC_RATE_WITHHELD,pending
GPT-27,runs/raw_logs/GPT-4o/GPT_시뮬레이션 V27.pdf,7,1,Hardline Response Path,Soviet Union,Diplomatic_Support,Diplomatic Support: -0.05 - 0.02 = -0.07,GPT-27-N-00033,PDFIUM-GPT-27-N-00031,준수,준수,-0.07 => -0.07,-0.07 => -0.07,1:1,True,False,same_observation_same_result_not_promoted,GLOBAL_ARITHMETIC_RATE_WITHHELD,pending
GPT-27,runs/raw_logs/GPT-4o/GPT_시뮬레이션 V27.pdf,7,1,Hardline Response Path,Soviet Union,Leadership_Unity,Leadership Unity: -0.10 - 0.05 = -0.15,GPT-27-N-00035,,준수,,-0.15 => -0.15,,old_only,,False,unresolved_different_or_unmatched_no_forced_link,GLOBAL_ARITHMETIC_RATE_WITHHELD,pending
GPT-27,runs/raw_logs/GPT-4o/GPT_시뮬레이션 V27.pdf,7,1,Hardline Response Path,Soviet Union,Leadership_Unity,Leadership Unity: -0.10 - 0.05 = -0.15 - Generated Triggers:,,PDFIUM-GPT-27-N-00033,,준수,,-0.15 => -0.15,candidate_only,,False,unresolved_different_or_unmatched_no_forced_link,GLOBAL_ARITHMETIC_RATE_WITHHELD,pending
GPT-27,runs/raw_logs/GPT-4o/GPT_시뮬레이션 V27.pdf,7,1,Hardline Response Path,Soviet Union,Public_Opinion,Public Opinion: -0.05 - 0.02 = -0.07,GPT-27-N-00034,PDFIUM-GPT-27-N-00032,준수,준수,-0.07 => -0.07,-0.07 => -0.07,1:1,True,False,same_observation_same_result_not_promoted,GLOBAL_ARITHMETIC_RATE_WITHHELD,pending
GPT-27,runs/raw_logs/GPT-4o/GPT_시뮬레이션 V27.pdf,7,1,Hardline Response Path,Soviet Union,Tension,Tension: +0.15 + 0.05 = +0.20,GPT-27-N-00032,PDFIUM-GPT-27-N-00030,준수,준수,0.2 => 0.2,0.2 => 0.2,1:1,True,False,same_observation_same_result_not_promoted,GLOBAL_ARITHMETIC_RATE_WITHHELD,pending
GPT-27,runs/raw_logs/GPT-4o/GPT_시뮬레이션 V27.pdf,8,1,Diplomatic Resolution Path,Soviet Union,Diplomatic_Support,Diplomatic Support: +0.10 + 0.10 = +0.20,GPT-27-N-00049,PDFIUM-GPT-27-N-00046,준수,준수,0.2 => 0.2,0.2 => 0.2,1:1,True,False,same_observation_same_result_not_promoted,GLOBAL_ARITHMETIC_RATE_WITHHELD,pending
GPT-27,runs/raw_logs/GPT-4o/GPT_시뮬레이션 V27.pdf,8,1,Diplomatic Resolution Path,Soviet Union,Leadership_Unity,Leadership Unity: +0.05 + 0.05 = +0.10,GPT-27-N-00051,,준수,,0.1 => 0.1,,old_only,,False,unresolved_different_or_unmatched_no_forced_link,GLOBAL_ARITHMETIC_RATE_WITHHELD,pending
GPT-27,runs/raw_logs/GPT-4o/GPT_시뮬레이션 V27.pdf,8,1,Diplomatic Resolution Path,Soviet Union,Leadership_Unity,Leadership Unity: +0.05 + 0.05 = +0.10 - Generated Triggers:,,PDFIUM-GPT-27-N-00048,,준수,,0.1 => 0.1,candidate_only,,False,unresolved_different_or_unmatched_no_forced_link,GLOBAL_ARITHMETIC_RATE_WITHHELD,pending
GPT-27,runs/raw_logs/GPT-4o/GPT_시뮬레이션 V27.pdf,8,1,Diplomatic Resolution Path,Soviet Union,Public_Opinion,Public Opinion: +0.05 + 0.05 = +0.10,GPT-27-N-00050,PDFIUM-GPT-27-N-00047,준수,준수,0.1 => 0.1,0.1 => 0.1,1:1,True,False,same_observation_same_result_not_promoted,GLOBAL_ARITHMETIC_RATE_WITHHELD,pending
GPT-27,runs/raw_logs/GPT-4o/GPT_시뮬레이션 V27.pdf,8,1,Diplomatic Resolution Path,Soviet Union,Tension,Tension: -0.05 - 0.05 = -0.10,GPT-27-N-00048,PDFIUM-GPT-27-N-00045,준수,준수,-0.1 => -0.1,-0.1 => -0.1,1:1,True,False,same_observation_same_result_not_promoted,GLOBAL_ARITHMETIC_RATE_WITHHELD,pending
GPT-28,runs/raw_logs/GPT-4o/GPT_시뮬레이션 V28.pdf,6,1,Most Plausible Path,,Leadership_Unity,Leadership Unity: -0.05 (US) + 0.65 (USSR) = +0.60,GPT-28-N-00010,PDFIUM-GPT-28-N-00010,준수,준수,0.6 => 0.6,0.6 => 0.6,1:1,True,False,same_observation_same_result_not_promoted,GLOBAL_ARITHMETIC_RATE_WITHHELD,pending
GPT-28,runs/raw_logs/GPT-4o/GPT_시뮬레이션 V28.pdf,6,1,Most Plausible Path,,Tension,Tension: +0.05 (US) + 0.45 (USSR) = +0.50,GPT-28-N-00007,PDFIUM-GPT-28-N-00007,준수,준수,0.5 => 0.5,0.5 => 0.5,1:1,True,False,same_observation_same_result_not_promoted,GLOBAL_ARITHMETIC_RATE_WITHHELD,pending
GPT-28,runs/raw_logs/GPT-4o/GPT_시뮬레이션 V28.pdf,6,1,] - Most Plausible Path,,Diplomatic_Support,diplomatic_support: 0.5 - 0.02 = 0.48,GPT-28-N-00014,PDFIUM-GPT-28-N-00014,준수,준수,0.48 => 0.48,0.48 => 0.48,1:1,True,False,same_observation_same_result_not_promoted,GLOBAL_ARITHMETIC_RATE_WITHHELD,pending
GPT-28,runs/raw_logs/GPT-4o/GPT_시뮬레이션 V28.pdf,6,1,] - Most Plausible Path,,Leadership_Unity,leadership_unity: 0.5 - 0.05 + 0.65 = 1.1 → Clamped to 1.0,GPT-28-N-00020,PDFIUM-GPT-28-N-00020,준수,준수,1 => 1,1 => 1,1:1,True,False,same_observation_same_result_not_promoted,GLOBAL_ARITHMETIC_RATE_WITHHELD,pending
GPT-28,runs/raw_logs/GPT-4o/GPT_시뮬레이션 V28.pdf,6,1,] - Most Plausible Path,,Public_Opinion,public_opinion: 0.5 - 0.02 = 0.48,GPT-28-N-00017,PDFIUM-GPT-28-N-00017,준수,준수,0.48 => 0.48,0.48 => 0.48,1:1,True,False,same_observation_same_result_not_promoted,GLOBAL_ARITHMETIC_RATE_WITHHELD,pending
GPT-28,runs/raw_logs/GPT-4o/GPT_시뮬레이션 V28.pdf,6,1,] - Most Plausible Path,,Tension,tension: 0.5 + 0.50 = 1.0 → Clamped to 1.0,GPT-28-N-00011,PDFIUM-GPT-28-N-00011,준수,준수,1 => 1,1 => 1,1:1,True,False,same_observation_same_result_not_promoted,GLOBAL_ARITHMETIC_RATE_WITHHELD,pending
GPT-28,runs/raw_logs/GPT-4o/GPT_시뮬레이션 V28.pdf,7,1,] - Diplomatic,,Diplomatic_Support,diplomatic_support: 0.5 + 0.10 = 0.6,GPT-28-N-00030,PDFIUM-GPT-28-N-00030,준수,준수,0.6 => 0.6,0.6 => 0.6,1:1,True,False,same_observation_same_result_not_promoted,GLOBAL_ARITHMETIC_RATE_WITHHELD,pending
GPT-28,runs/raw_logs/GPT-4o/GPT_시뮬레이션 V28.pdf,7,1,] - Diplomatic,,Leadership_Unity,leadership_unity: 0.5 + 0.05 = 0.55,GPT-28-N-00036,PDFIUM-GPT-28-N-00036,준수,준수,0.55 => 0.55,0.55 => 0.55,1:1,True,False,same_observation_same_result_not_promoted,GLOBAL_ARITHMETIC_RATE_WITHHELD,pending
GPT-28,runs/raw_logs/GPT-4o/GPT_시뮬레이션 V28.pdf,7,1,] - Diplomatic,,Public_Opinion,public_opinion: 0.5 + 0.55 = 1.05 → Clamped to 1.0,GPT-28-N-00033,PDFIUM-GPT-28-N-00033,준수,준수,1 => 1,1 => 1,1:1,True,False,same_observation_same_result_not_promoted,GLOBAL_ARITHMETIC_RATE_WITHHELD,pending
GPT-28,runs/raw_logs/GPT-4o/GPT_시뮬레이션 V28.pdf,7,1,] - Diplomatic,,Tension,tension: 0.5 - 0.05 = 0.45,GPT-28-N-00027,PDFIUM-GPT-28-N-00027,준수,준수,0.45 => 0.45,0.45 => 0.45,1:1,True,False,same_observation_same_result_not_promoted,GLOBAL_ARITHMETIC_RATE_WITHHELD,pending
GPT-28,runs/raw_logs/GPT-4o/GPT_시뮬레이션 V28.pdf,8,1,Hardline Response Path,,Leadership_Unity,Leadership Unity: -0.10 + 0.65 = +0.55,GPT-28-N-00042,PDFIUM-GPT-28-N-00042,준수,준수,0.55 => 0.55,0.55 => 0.55,1:1,True,False,same_observation_same_result_not_promoted,GLOBAL_ARITHMETIC_RATE_WITHHELD,pending
GPT-28,runs/raw_logs/GPT-4o/GPT_시뮬레이션 V28.pdf,8,1,] - Hardline Response,,Diplomatic_Support,diplomatic_support: 0.5 - 0.05 = 0.45,GPT-28-N-00046,PDFIUM-GPT-28-N-00046,준수,준수,0.45 => 0.45,0.45 => 0.45,1:1,True,False,same_observation_same_result_not_promoted,GLOBAL_ARITHMETIC_RATE_WITHHELD,pending
GPT-28,runs/raw_logs/GPT-4o/GPT_시뮬레이션 V28.pdf,8,1,] - Hardline Response,,Leadership_Unity,leadership_unity: 0.5 - 0.10 + 0.65 = 1.05 → Clamped to 1.0,GPT-28-N-00052,PDFIUM-GPT-28-N-00052,준수,준수,1 => 1,1 => 1,1:1,True,False,same_observation_same_result_not_promoted,GLOBAL_ARITHMETIC_RATE_WITHHELD,pending
GPT-28,runs/raw_logs/GPT-4o/GPT_시뮬레이션 V28.pdf,8,1,] - Hardline Response,,Public_Opinion,public_opinion: 0.5 - 0.05 = 0.45,GPT-28-N-00049,PDFIUM-GPT-28-N-00049,준수,준수,0.45 => 0.45,0.45 => 0.45,1:1,True,False,same_observation_same_result_not_promoted,GLOBAL_ARITHMETIC_RATE_WITHHELD,pending
GPT-28,runs/raw_logs/GPT-4o/GPT_시뮬레이션 V28.pdf,8,1,] - Hardline Response,,Tension,tension: 0.5 + 0.60 = 1.1 → Clamped to 1.0,GPT-28-N-00043,PDFIUM-GPT-28-N-00043,준수,준수,1 => 1,1 => 1,1:1,True,False,same_observation_same_result_not_promoted,GLOBAL_ARITHMETIC_RATE_WITHHELD,pending
GPT-29,runs/raw_logs/GPT-4o/GPT_시뮬레이션 V29.pdf,6,1,Hardline Response Path,,Leadership_Unity,"leadership_unity: 0.55 → min(1.0, 0.55 + 0.65) = 1.00",GPT-29-N-00018,PDFIUM-GPT-29-N-00018,준수,준수,1 => 1,1 => 1,1:1,True,False,same_observation_same_result_not_promoted,GLOBAL_ARITHMETIC_RATE_WITHHELD,pending
GPT-29,runs/raw_logs/GPT-4o/GPT_시뮬레이션 V29.pdf,6,1,Hardline Response Path,,Tension,"tension: 0.70 → min(1.0, 0.70 + 0.45) = 1.00",GPT-29-N-00011,PDFIUM-GPT-29-N-00011,준수,준수,1 => 1,1 => 1,1:1,True,False,same_observation_same_result_not_promoted,GLOBAL_ARITHMETIC_RATE_WITHHELD,pending
GPT-29,runs/raw_logs/GPT-4o/GPT_시뮬레이션 V29.pdf,7,1,Diplomatic Resolution Path,,Public_Opinion,"public_opinion: 0.48 → min(1.0, 0.48 + 0.50) = 0.98",GPT-29-N-00026,PDFIUM-GPT-29-N-00026,준수,준수,0.98 => 0.98,0.98 => 0.98,1:1,True,False,same_observation_same_result_not_promoted,GLOBAL_ARITHMETIC_RATE_WITHHELD,pending
GPT-30,runs/raw_logs/GPT-4o/GPT_시뮬레이션 V30.pdf,11,2,Most Plausible Path (Turn 2),,Diplomatic_Support,diplomatic_support: +0.05 +0.10 = +0.15,GPT-30-N-00045,PDFIUM-GPT-30-N-00045,준수,준수,0.15 => 0.15,0.15 => 0.15,1:1,True,False,same_observation_same_result_not_promoted,GLOBAL_ARITHMETIC_RATE_WITHHELD,pending
GPT-30,runs/raw_logs/GPT-4o/GPT_시뮬레이션 V30.pdf,11,2,Most Plausible Path (Turn 2),,Leadership_Unity,leadership_unity: +0.10 +0.05 = +0.15,GPT-30-N-00047,PDFIUM-GPT-30-N-00047,준수,준수,0.15 => 0.15,0.15 => 0.15,1:1,True,False,same_observation_same_result_not_promoted,GLOBAL_ARITHMETIC_RATE_WITHHELD,pending
GPT-30,runs/raw_logs/GPT-4o/GPT_시뮬레이션 V30.pdf,11,2,Most Plausible Path (Turn 2),,Public_Opinion,public_opinion: +0.10 +0.05 = +0.15,GPT-30-N-00046,PDFIUM-GPT-30-N-00046,준수,준수,0.15 => 0.15,0.15 => 0.15,1:1,True,False,same_observation_same_result_not_promoted,GLOBAL_ARITHMETIC_RATE_WITHHELD,pending
GPT-30,runs/raw_logs/GPT-4o/GPT_시뮬레이션 V30.pdf,11,2,Most Plausible Path (Turn 2),,Tension,tension: -0.05 -0.05 = -0.10,GPT-30-N-00044,PDFIUM-GPT-30-N-00044,준수,준수,-0.1 => -0.1,-0.1 => -0.1,1:1,True,False,same_observation_same_result_not_promoted,GLOBAL_ARITHMETIC_RATE_WITHHELD,pending
GPT-30,runs/raw_logs/GPT-4o/GPT_시뮬레이션 V30.pdf,16,3,Most Plausible Path (Turn 3),,Diplomatic_Support,diplomatic_support: 0.13 - 0.02 + 0.10 = 0.21,GPT-30-N-00067,PDFIUM-GPT-30-N-00067,준수,준수,0.21 => 0.21,0.21 => 0.21,1:1,True,False,same_observation_same_result_not_promoted,GLOBAL_ARITHMETIC_RATE_WITHHELD,pending
GPT-30,runs/raw_logs/GPT-4o/GPT_시뮬레이션 V30.pdf,16,3,Most Plausible Path (Turn 3),,Leadership_Unity,leadership_unity: 0.75 - 0.05 + 0.05 = 0.75,GPT-30-N-00069,PDFIUM-GPT-30-N-00069,준수,준수,0.75 => 0.75,0.75 => 0.75,1:1,True,False,same_observation_same_result_not_promoted,GLOBAL_ARITHMETIC_RATE_WITHHELD,pending
GPT-30,runs/raw_logs/GPT-4o/GPT_시뮬레이션 V30.pdf,16,3,Most Plausible Path (Turn 3),,Public_Opinion,public_opinion: 0.13 - 0.02 + 0.05 = 0.16,GPT-30-N-00068,PDFIUM-GPT-30-N-00068,준수,준수,0.16 => 0.16,0.16 => 0.16,1:1,True,False,same_observation_same_result_not_promoted,GLOBAL_ARITHMETIC_RATE_WITHHELD,pending
GPT-30,runs/raw_logs/GPT-4o/GPT_시뮬레이션 V30.pdf,16,3,Most Plausible Path (Turn 3),,Tension,tension: 0.40 + 0.05 - 0.05 = 0.40,GPT-30-N-00066,PDFIUM-GPT-30-N-00066,준수,준수,0.4 => 0.4,0.4 => 0.4,1:1,True,False,same_observation_same_result_not_promoted,GLOBAL_ARITHMETIC_RATE_WITHHELD,pending
GPT-30,runs/raw_logs/GPT-4o/GPT_시뮬레이션 V30.pdf,18,3,Diplomatic Resolution Path (Turn 3),,Diplomatic_Support,diplomatic_support: -0.10 - 0.10 = -0.20,GPT-30-N-00080,PDFIUM-GPT-30-N-00080,준수,준수,-0.2 => -0.2,-0.2 => -0.2,1:1,True,False,same_observation_same_result_not_promoted,GLOBAL_ARITHMETIC_RATE_WITHHELD,pending
GPT-30,runs/raw_logs/GPT-4o/GPT_시뮬레이션 V30.pdf,18,3,Diplomatic Resolution Path (Turn 3),,Leadership_Unity,leadership_unity: -0.05 - 0.05 = -0.10,GPT-30-N-00082,PDFIUM-GPT-30-N-00082,준수,준수,-0.1 => -0.1,-0.1 => -0.1,1:1,True,False,same_observation_same_result_not_promoted,GLOBAL_ARITHMETIC_RATE_WITHHELD,pending
GPT-30,runs/raw_logs/GPT-4o/GPT_시뮬레이션 V30.pdf,18,3,Diplomatic Resolution Path (Turn 3),,Public_Opinion,public_opinion: -0.05 - 0.05 = -0.10,GPT-30-N-00081,PDFIUM-GPT-30-N-00081,준수,준수,-0.1 => -0.1,-0.1 => -0.1,1:1,True,False,same_observation_same_result_not_promoted,GLOBAL_ARITHMETIC_RATE_WITHHELD,pending
GPT-30,runs/raw_logs/GPT-4o/GPT_시뮬레이션 V30.pdf,18,3,Diplomatic Resolution Path (Turn 3),,Tension,tension: 0.10 + 0.10 = 0.20,GPT-30-N-00079,PDFIUM-GPT-30-N-00079,준수,준수,0.2 => 0.2,0.2 => 0.2,1:1,True,False,same_observation_same_result_not_promoted,GLOBAL_ARITHMETIC_RATE_WITHHELD,pending
GPT-30,runs/raw_logs/GPT-4o/GPT_시뮬레이션 V30.pdf,19,3,Hardline Response Path (Turn 3),,Diplomatic_Support,diplomatic_support: -0.07 - 0.05 = -0.12,GPT-30-N-00090,PDFIUM-GPT-30-N-00090,준수,준수,-0.12 => -0.12,-0.12 => -0.12,1:1,True,False,same_observation_same_result_not_promoted,GLOBAL_ARITHMETIC_RATE_WITHHELD,pending
GPT-30,runs/raw_logs/GPT-4o/GPT_시뮬레이션 V30.pdf,19,3,Hardline Response Path (Turn 3),,Leadership_Unity,leadership_unity: 0.50 - 0.10 = 0.40 → Leadership unity weakened,GPT-30-N-00092,PDFIUM-GPT-30-N-00092,준수,준수,0.4 => 0.4,0.4 => 0.4,1:1,True,False,same_observation_same_result_not_promoted,GLOBAL_ARITHMETIC_RATE_WITHHELD,pending
GPT-30,runs/raw_logs/GPT-4o/GPT_시뮬레이션 V30.pdf,19,3,Hardline Response Path (Turn 3),,Public_Opinion,public_opinion: -0.07 - 0.05 = -0.12,GPT-30-N-00091,PDFIUM-GPT-30-N-00091,준수,준수,-0.12 => -0.12,-0.12 => -0.12,1:1,True,False,same_observation_same_result_not_promoted,GLOBAL_ARITHMETIC_RATE_WITHHELD,pending
GPT-30,runs/raw_logs/GPT-4o/GPT_시뮬레이션 V30.pdf,19,3,Hardline Response Path (Turn 3),,Tension,tension: 0.65 + 0.15 = 0.80 → Crosses escalation threshold,GPT-30-N-00089,PDFIUM-GPT-30-N-00089,준수,준수,0.8 => 0.8,0.8 => 0.8,1:1,True,False,same_observation_same_result_not_promoted,GLOBAL_ARITHMETIC_RATE_WITHHELD,pending
GPT-30,runs/raw_logs/GPT-4o/GPT_시뮬레이션 V30.pdf,22,4,Most Plausible Path (Turn 4),,Diplomatic_Support,diplomatic_support: 0.21 - 0.02 = 0.19,GPT-30-N-00104,PDFIUM-GPT-30-N-00104,준수,준수,0.19 => 0.19,0.19 => 0.19,1:1,True,False,same_observation_same_result_not_promoted,GLOBAL_ARITHMETIC_RATE_WITHHELD,pending
GPT-30,runs/raw_logs/GPT-4o/GPT_시뮬레이션 V30.pdf,22,4,Most Plausible Path (Turn 4),,Leadership_Unity,leadership_unity: 0.75 - 0.05 + 0.65 = 1.35 → capped at 1.0 (max),GPT-30-N-00106,PDFIUM-GPT-30-N-00106,준수,준수,1 => 1,1 => 1,1:1,True,False,same_observation_same_result_not_promoted,GLOBAL_ARITHMETIC_RATE_WITHHELD,pending
GPT-30,runs/raw_logs/GPT-4o/GPT_시뮬레이션 V30.pdf,22,4,Most Plausible Path (Turn 4),,Public_Opinion,public_opinion: 0.16 - 0.02 = 0.14,GPT-30-N-00105,PDFIUM-GPT-30-N-00105,준수,준수,0.14 => 0.14,0.14 => 0.14,1:1,True,False,same_observation_same_result_not_promoted,GLOBAL_ARITHMETIC_RATE_WITHHELD,pending
GPT-30,runs/raw_logs/GPT-4o/GPT_시뮬레이션 V30.pdf,22,4,Most Plausible Path (Turn 4),,Tension,tension: 0.40 + 0.05 + 0.45 = 0.90 (Above escalation threshold),GPT-30-N-00103,PDFIUM-GPT-30-N-00103,준수,준수,0.9 => 0.9,0.9 => 0.9,1:1,True,False,same_observation_same_result_not_promoted,GLOBAL_ARITHMETIC_RATE_WITHHELD,pending
GPT-30,runs/raw_logs/GPT-4o/GPT_시뮬레이션 V30.pdf,23,4,Diplomatic Resolution Path (Turn 4),,Diplomatic_Support,diplomatic_support: -0.20 + 0.10 = -0.10,GPT-30-N-00117,PDFIUM-GPT-30-N-00117,준수,준수,-0.1 => -0.1,-0.1 => -0.1,1:1,True,False,same_observation_same_result_not_promoted,GLOBAL_ARITHMETIC_RATE_WITHHELD,pending
GPT-30,runs/raw_logs/GPT-4o/GPT_시뮬레이션 V30.pdf,23,4,Diplomatic Resolution Path (Turn 4),,Leadership_Unity,leadership_unity: -0.10 + 0.05 = -0.05,GPT-30-N-00119,PDFIUM-GPT-30-N-00119,준수,준수,-0.05 => -0.05,-0.05 => -0.05,1:1,True,False,same_observation_same_result_not_promoted,GLOBAL_ARITHMETIC_RATE_WITHHELD,pending
GPT-30,runs/raw_logs/GPT-4o/GPT_시뮬레이션 V30.pdf,23,4,Diplomatic Resolution Path (Turn 4),,Public_Opinion,public_opinion: -0.10 + 0.05 = -0.05,GPT-30-N-00118,PDFIUM-GPT-30-N-00118,준수,준수,-0.05 => -0.05,-0.05 => -0.05,1:1,True,False,same_observation_same_result_not_promoted,GLOBAL_ARITHMETIC_RATE_WITHHELD,pending
GPT-30,runs/raw_logs/GPT-4o/GPT_시뮬레이션 V30.pdf,23,4,Diplomatic Resolution Path (Turn 4),,Tension,tension: 0.20 - 0.05 = 0.15,GPT-30-N-00116,PDFIUM-GPT-30-N-00116,준수,준수,0.15 => 0.15,0.15 => 0.15,1:1,True,False,same_observation_same_result_not_promoted,GLOBAL_ARITHMETIC_RATE_WITHHELD,pending
GPT-30,runs/raw_logs/GPT-4o/GPT_시뮬레이션 V30.pdf,25,4,Hardline Response Path (Turn 4),,Diplomatic_Support,diplomatic_support: -0.12 - 0.02 = -0.14,GPT-30-N-00128,PDFIUM-GPT-30-N-00128,준수,준수,-0.14 => -0.14,-0.14 => -0.14,1:1,True,False,same_observation_same_result_not_promoted,GLOBAL_ARITHMETIC_RATE_WITHHELD,pending
GPT-30,runs/raw_logs/GPT-4o/GPT_시뮬레이션 V30.pdf,25,4,Hardline Response Path (Turn 4),,Leadership_Unity,leadership_unity: 0.40 - 0.05 + 0.65 = 1.0,GPT-30-N-00130,PDFIUM-GPT-30-N-00130,준수,준수,1 => 1,1 => 1,1:1,True,False,same_observation_same_result_not_promoted,GLOBAL_ARITHMETIC_RATE_WITHHELD,pending
GPT-30,runs/raw_logs/GPT-4o/GPT_시뮬레이션 V30.pdf,25,4,Hardline Response Path (Turn 4),,Public_Opinion,public_opinion: -0.12 - 0.02 = -0.14,GPT-30-N-00129,PDFIUM-GPT-30-N-00129,준수,준수,-0.14 => -0.14,-0.14 => -0.14,1:1,True,False,same_observation_same_result_not_promoted,GLOBAL_ARITHMETIC_RATE_WITHHELD,pending
GPT-30,runs/raw_logs/GPT-4o/GPT_시뮬레이션 V30.pdf,25,4,Hardline Response Path (Turn 4),,Tension,tension: 0.80 + 0.05 + 0.45 = 1.30 → capped at 1.0,GPT-30-N-00127,PDFIUM-GPT-30-N-00127,준수,준수,1 => 1,1 => 1,1:1,True,False,same_observation_same_result_not_promoted,GLOBAL_ARITHMETIC_RATE_WITHHELD,pending
GPT-30,runs/raw_logs/GPT-4o/GPT_시뮬레이션 V30.pdf,6,1,Most,Soviet Union,Leadership_Unity,leadership_unity: -0.05 (US) + 0.65 (USSR) = +0.60,GPT-30-N-00013,PDFIUM-GPT-30-N-00013,준수,준수,0.6 => 0.6,0.6 => 0.6,1:1,True,False,same_observation_same_result_not_promoted,GLOBAL_ARITHMETIC_RATE_WITHHELD,pending
GPT-30,runs/raw_logs/GPT-4o/GPT_시뮬레이션 V30.pdf,6,1,Most,Soviet Union,Tension,tension: +0.05 (US) + 0.45 (USSR) = +0.50,GPT-30-N-00010,PDFIUM-GPT-30-N-00010,준수,준수,0.5 => 0.5,0.5 => 0.5,1:1,True,False,same_observation_same_result_not_promoted,GLOBAL_ARITHMETIC_RATE_WITHHELD,pending
GPT-30,runs/raw_logs/GPT-4o/GPT_시뮬레이션 V30.pdf,8,1,Hardline,Soviet Union,Leadership_Unity,leadership_unity: -0.10 (US) + 0.65 (USSR) = +0.55,GPT-30-N-00039,PDFIUM-GPT-30-N-00039,준수,준수,0.55 => 0.55,0.55 => 0.55,1:1,True,False,same_observation_same_result_not_promoted,GLOBAL_ARITHMETIC_RATE_WITHHELD,pending
GPT-30,runs/raw_logs/GPT-4o/GPT_시뮬레이션 V30.pdf,8,1,Hardline,Soviet Union,Tension,tension: +0.15 (US) + 0.45 (USSR) = +0.60,GPT-30-N-00036,PDFIUM-GPT-30-N-00036,준수,준수,0.6 => 0.6,0.6 => 0.6,1:1,True,False,same_observation_same_result_not_promoted,GLOBAL_ARITHMETIC_RATE_WITHHELD,pending
PER-01,runs/raw_logs/Perplexity_RAG/1. Strategic Decision Modeling_ U.S. Discovery of Cub.pdf,15,4,U.S. Diplomatic Freeze + USSR Continued Deployment,Soviet Union,Diplomatic_Support,without war  Diplomatic_Support  0.03 ,PER-01-N-00089,,판정 불가,, => ,,old_only,,False,unresolved_different_or_unmatched_no_forced_link,GLOBAL_ARITHMETIC_RATE_WITHHELD,pending
PER-01,runs/raw_logs/Perplexity_RAG/1. Strategic Decision Modeling_ U.S. Discovery of Cub.pdf,15,4,U.S. Diplomatic Freeze + USSR Continued Deployment,Soviet Union,Leadership_Unity,Leadership_Unity  0.10 → 0.90,PER-01-N-00087,,판정 불가,, => ,,old_only,,False,unresolved_different_or_unmatched_no_forced_link,GLOBAL_ARITHMETIC_RATE_WITHHELD,pending
PER-01,runs/raw_logs/Perplexity_RAG/1. Strategic Decision Modeling_ U.S. Discovery of Cub.pdf,15,4,U.S. Diplomatic Freeze + USSR Continued Deployment,Soviet Union,Leadership_Unity,Leadership_Unity  0.8 (clamped → 1.0),PER-01-N-00083,,판정 불가,, => ,,old_only,,False,unresolved_different_or_unmatched_no_forced_link,GLOBAL_ARITHMETIC_RATE_WITHHELD,pending
PER-01,runs/raw_logs/Perplexity_RAG/1. Strategic Decision Modeling_ U.S. Discovery of Cub.pdf,15,4,U.S. Diplomatic Freeze + USSR Continued Deployment,Soviet Union,Tension,"   B 59 Incident: Indicates Hostile_Military_Action → Tension  0.45 (already maxed),",PER-01-N-00085,,판정 불가,, => ,,old_only,,False,unresolved_different_or_unmatched_no_forced_link,GLOBAL_ARITHMETIC_RATE_WITHHELD,pending
PER-01,runs/raw_logs/Perplexity_RAG/1. Strategic Decision Modeling_ U.S. Discovery of Cub.pdf,15,4,U.S. Diplomatic Freeze + USSR Continued Deployment,Soviet Union,Tension,"   DEFCON 2: Triggers military_alert → Tension  0.3 (clamped → remains 1.0),",PER-01-N-00081,,판정 불가,, => ,,old_only,,False,unresolved_different_or_unmatched_no_forced_link,GLOBAL_ARITHMETIC_RATE_WITHHELD,pending
PER-01,runs/raw_logs/Perplexity_RAG/1. Strategic Decision Modeling_ U.S. Discovery of Cub.pdf,16,4,U.S. Diplomatic Freeze + USSR Continued Deployment,,Leadership_Unity,"   DEFCON 2: As above → Tension = 1.0, Leadership_Unity = 1.0",PER-01-N-00058,,판정 불가,,1.0 => ,,old_only,,False,unresolved_different_or_unmatched_no_forced_link,GLOBAL_ARITHMETIC_RATE_WITHHELD,pending
PER-01,runs/raw_logs/Perplexity_RAG/1. Strategic Decision Modeling_ U.S. Discovery of Cub.pdf,16,4,U.S. Diplomatic Freeze + USSR Continued Deployment,,Leadership_Unity,"   DEFCON 2: Tension  0.3 → 1.0, Leadership_Unity  0.8 → 1.0",PER-01-N-00093,,판정 불가,, => ,,old_only,,False,unresolved_different_or_unmatched_no_forced_link,GLOBAL_ARITHMETIC_RATE_WITHHELD,pending
PER-01,runs/raw_logs/Perplexity_RAG/1. Strategic Decision Modeling_ U.S. Discovery of Cub.pdf,16,4,U.S. Diplomatic Freeze + USSR Continued Deployment,,Tension,"   DEFCON 2: As above → Tension = 1.0, Leadership_Unity = 1.0",PER-01-N-00057,,판정 불가,,1.0 => ,,old_only,,False,unresolved_different_or_unmatched_no_forced_link,GLOBAL_ARITHMETIC_RATE_WITHHELD,pending
PER-01,runs/raw_logs/Perplexity_RAG/1. Strategic Decision Modeling_ U.S. Discovery of Cub.pdf,16,4,U.S. Diplomatic Freeze + USSR Continued Deployment,,Tension,"   DEFCON 2: Tension  0.3 → 1.0, Leadership_Unity  0.8 → 1.0",PER-01-N-00091,,판정 불가,, => ,,old_only,,False,unresolved_different_or_unmatched_no_forced_link,GLOBAL_ARITHMETIC_RATE_WITHHELD,pending
PER-01,runs/raw_logs/Perplexity_RAG/1. Strategic Decision Modeling_ U.S. Discovery of Cub.pdf,3,1,미지정,,Diplomatic_Support,Diplomatic_Support -0.02-0.10 0.5 (Isolation) OAS/NATO backlash,,PDFIUM-PER-01-N-00003,,판정 불가,,-0.02-0.10 0.5 (Isolation) OAS/NATO backlash => ,candidate_only,,False,unresolved_different_or_unmatched_no_forced_link,GLOBAL_ARITHMETIC_RATE_WITHHELD,pending
PER-01,runs/raw_logs/Perplexity_RAG/1. Strategic Decision Modeling_ U.S. Discovery of Cub.pdf,3,1,미지정,,Leadership_Unity,Leadership_Unity -0.05-0.10 0.5 (Unstable) ExComm/Presidium dissent,,PDFIUM-PER-01-N-00004,,판정 불가,,-0.05-0.10 0.5 (Unstable) ExComm/Presidium dissent => ,candidate_only,,False,unresolved_different_or_unmatched_no_forced_link,GLOBAL_ARITHMETIC_RATE_WITHHELD,pending
PER-01,runs/raw_logs/Perplexity_RAG/1. Strategic Decision Modeling_ U.S. Discovery of Cub.pdf,3,1,미지정,,Tension,Tension +0.05-0.10 0.8 (Strike) Quarantine enforcement,,PDFIUM-PER-01-N-00001,,판정 불가,,+0.05-0.10 0.8 (Strike) Quarantine enforcement => ,candidate_only,,False,unresolved_different_or_unmatched_no_forced_link,GLOBAL_ARITHMETIC_RATE_WITHHELD,pending
PER-01,runs/raw_logs/Perplexity_RAG/1. Strategic Decision Modeling_ U.S. Discovery of Cub.pdf,4,1,U.S. Air Strike Timeline + USSR Partial Negotiation Offer,,Diplomatic_Support,Diplomatic_Support 0.75  Previous]  0.05   Strike  ,PER-01-N-00006,,판정 불가,,0.75 => ,,old_only,,False,unresolved_different_or_unmatched_no_forced_link,GLOBAL_ARITHMETIC_RATE_WITHHELD,pending
PER-01,runs/raw_logs/Perplexity_RAG/1. Strategic Decision Modeling_ U.S. Discovery of Cub.pdf,4,1,U.S. Air Strike Timeline + USSR Partial Negotiation Offer,,Leadership_Unity,Leadership_Unity 0.70  Previous]  0.10   Strike  ,PER-01-N-00008,,판정 불가,,0.70 => ,,old_only,,False,unresolved_different_or_unmatched_no_forced_link,GLOBAL_ARITHMETIC_RATE_WITHHELD,pending
PER-01,runs/raw_logs/Perplexity_RAG/1. Strategic Decision Modeling_ U.S. Discovery of Cub.pdf,4,1,U.S. Air Strike Timeline + USSR Partial Negotiation Offer,,Public_Opinion,Public_Opinion 0.65  Previous]  0.05   Strike  ,PER-01-N-00007,,판정 불가,,0.65 => ,,old_only,,False,unresolved_different_or_unmatched_no_forced_link,GLOBAL_ARITHMETIC_RATE_WITHHELD,pending
PER-01,runs/raw_logs/Perplexity_RAG/1. Strategic Decision Modeling_ U.S. Discovery of Cub.pdf,4,1,U.S. Air Strike Timeline + USSR Partial Negotiation Offer,,Tension,Tension 0.7  Previous]  0.15   Strike  from matrix),PER-01-N-00005,,판정 불가,,0.7 => ,,old_only,,False,unresolved_different_or_unmatched_no_forced_link,GLOBAL_ARITHMETIC_RATE_WITHHELD,pending
PER-01,runs/raw_logs/Perplexity_RAG/1. Strategic Decision Modeling_ U.S. Discovery of Cub.pdf,4,1,U.S. Naval Quarantine + USSR Public Denial & Covert,,Diplomatic_Support,Diplomatic_Support 0.78  Previous]  0.02   Defense_Prep]),PER-01-N-00002,,판정 불가,,0.78 => ,,old_only,,False,unresolved_different_or_unmatched_no_forced_link,GLOBAL_ARITHMETIC_RATE_WITHHELD,pending
PER-01,runs/raw_logs/Perplexity_RAG/1. Strategic Decision Modeling_ U.S. Discovery of Cub.pdf,4,1,U.S. Naval Quarantine + USSR Public Denial & Covert,,Leadership_Unity,Leadership_Unity 0.85  Previous]  0.05   Defense_Prep]),PER-01-N-00004,,판정 불가,,0.85 => ,,old_only,,False,unresolved_different_or_unmatched_no_forced_link,GLOBAL_ARITHMETIC_RATE_WITHHELD,pending
PER-01,runs/raw_logs/Perplexity_RAG/1. Strategic Decision Modeling_ U.S. Discovery of Cub.pdf,4,1,U.S. Naval Quarantine + USSR Public Denial & Covert,,Public_Opinion,Public_Opinion 0.68  Previous]  0.02   Defense_Prep]),PER-01-N-00003,,판정 불가,,0.68 => ,,old_only,,False,unresolved_different_or_unmatched_no_forced_link,GLOBAL_ARITHMETIC_RATE_WITHHELD,pending
PER-01,runs/raw_logs/Perplexity_RAG/1. Strategic Decision Modeling_ U.S. Discovery of Cub.pdf,4,1,U.S. Naval Quarantine + USSR Public Denial & Covert,,Tension,Tension 0.45  Previous Value]  0.05   Defense_Prep] from matrix),PER-01-N-00001,,판정 불가,,0.45 => ,,old_only,,False,unresolved_different_or_unmatched_no_forced_link,GLOBAL_ARITHMETIC_RATE_WITHHELD,pending
PER-01,runs/raw_logs/Perplexity_RAG/1. Strategic Decision Modeling_ U.S. Discovery of Cub.pdf,5,1,U.S. Diplomatic Freeze + USSR Continued Deployment,,Diplomatic_Support,Diplomatic_Support 0.88  Previous]  0.10   Diplomatic_Success]),PER-01-N-00010,,판정 불가,,0.88 => ,,old_only,,False,unresolved_different_or_unmatched_no_forced_link,GLOBAL_ARITHMETIC_RATE_WITHHELD,pending
PER-01,runs/raw_logs/Perplexity_RAG/1. Strategic Decision Modeling_ U.S. Discovery of Cub.pdf,5,1,U.S. Diplomatic Freeze + USSR Continued Deployment,,Leadership_Unity,Leadership_Unity 0.90  Previous]  0.05   Diplomatic_Success]),PER-01-N-00012,,판정 불가,,0.90 => ,,old_only,,False,unresolved_different_or_unmatched_no_forced_link,GLOBAL_ARITHMETIC_RATE_WITHHELD,pending
PER-01,runs/raw_logs/Perplexity_RAG/1. Strategic Decision Modeling_ U.S. Discovery of Cub.pdf,5,1,U.S. Diplomatic Freeze + USSR Continued Deployment,,Public_Opinion,Public_Opinion 0.85  Previous]  0.05   Diplomatic_Success]),PER-01-N-00011,,판정 불가,,0.85 => ,,old_only,,False,unresolved_different_or_unmatched_no_forced_link,GLOBAL_ARITHMETIC_RATE_WITHHELD,pending
PER-01,runs/raw_logs/Perplexity_RAG/1. Strategic Decision Modeling_ U.S. Discovery of Cub.pdf,5,1,U.S. Diplomatic Freeze + USSR Continued Deployment,,Tension,Tension 0.4  Previous]  0.05   Diplomatic_Success] from matrix),PER-01-N-00009,,판정 불가,,0.4 => ,,old_only,,False,unresolved_different_or_unmatched_no_forced_link,GLOBAL_ARITHMETIC_RATE_WITHHELD,pending
PER-01,runs/raw_logs/Perplexity_RAG/1. Strategic Decision Modeling_ U.S. Discovery of Cub.pdf,5,2,U.S. Diplomatic Freeze + USSR Continued Deployment,,Leadership_Unity,Leadership_Unity  0.8 ( 4 ).,PER-01-N-00063,,판정 불가,, => ,,old_only,,False,unresolved_different_or_unmatched_no_forced_link,GLOBAL_ARITHMETIC_RATE_WITHHELD,pending
PER-01,runs/raw_logs/Perplexity_RAG/1. Strategic Decision Modeling_ U.S. Discovery of Cub.pdf,5,2,U.S. Diplomatic Freeze + USSR Continued Deployment,,Leadership_Unity,New Leadership_Unity: 0.85   0.8 = 1.0 (clamped → 1.0),PER-01-N-00022,,판정 불가,,0.85 => ,,old_only,,False,unresolved_different_or_unmatched_no_forced_link,GLOBAL_ARITHMETIC_RATE_WITHHELD,pending
PER-01,runs/raw_logs/Perplexity_RAG/1. Strategic Decision Modeling_ U.S. Discovery of Cub.pdf,5,2,U.S. Diplomatic Freeze + USSR Continued Deployment,,Tension,New Tension: 0.45   0.3 = 0.75 (clamped at 1 → 0.75),PER-01-N-00021,,판정 불가,,0.45 => ,,old_only,,False,unresolved_different_or_unmatched_no_forced_link,GLOBAL_ARITHMETIC_RATE_WITHHELD,pending
PER-01,runs/raw_logs/Perplexity_RAG/1. Strategic Decision Modeling_ U.S. Discovery of Cub.pdf,5,2,U.S. Diplomatic Freeze + USSR Continued Deployment,,Tension,"Triggers: ""military_alert"" from Variable-Decision-Matrix.json → Tension  0.3,",PER-01-N-00061,,판정 불가,, => ,,old_only,,False,unresolved_different_or_unmatched_no_forced_link,GLOBAL_ARITHMETIC_RATE_WITHHELD,pending
PER-01,runs/raw_logs/Perplexity_RAG/1. Strategic Decision Modeling_ U.S. Discovery of Cub.pdf,6,2,U.S. Diplomatic Freeze + USSR Continued Deployment,,Diplomatic_Support,Diplomatic_Support 0.75   0.02   0.73,PER-01-N-00037,,판정 불가,,0.75 => ,,old_only,,False,unresolved_different_or_unmatched_no_forced_link,GLOBAL_ARITHMETIC_RATE_WITHHELD,pending
PER-01,runs/raw_logs/Perplexity_RAG/1. Strategic Decision Modeling_ U.S. Discovery of Cub.pdf,6,2,U.S. Diplomatic Freeze + USSR Continued Deployment,,Diplomatic_Support,Diplomatic_Support 0.75 - 0.02 = 0.73,,PDFIUM-PER-01-N-00023,,준수,,0.73 => 0.73,candidate_only,,False,unresolved_different_or_unmatched_no_forced_link,GLOBAL_ARITHMETIC_RATE_WITHHELD,pending
PER-01,runs/raw_logs/Perplexity_RAG/1. Strategic Decision Modeling_ U.S. Discovery of Cub.pdf,6,2,U.S. Diplomatic Freeze + USSR Continued Deployment,,Diplomatic_Support,Diplomatic_Support 0.78   0.02 0.76,PER-01-N-00024,,판정 불가,,0.78 => ,,old_only,,False,unresolved_different_or_unmatched_no_forced_link,GLOBAL_ARITHMETIC_RATE_WITHHELD,pending
PER-01,runs/raw_logs/Perplexity_RAG/1. Strategic Decision Modeling_ U.S. Discovery of Cub.pdf,6,2,U.S. Diplomatic Freeze + USSR Continued Deployment,,Diplomatic_Support,"Triggers: ""Defense_Prep"" → Tension  0.05, Diplomatic_Support  0.02, Public_Opinion",PER-01-N-00067,,판정 불가,, => ,,old_only,,False,unresolved_different_or_unmatched_no_forced_link,GLOBAL_ARITHMETIC_RATE_WITHHELD,pending
PER-01,runs/raw_logs/Perplexity_RAG/1. Strategic Decision Modeling_ U.S. Discovery of Cub.pdf,6,2,U.S. Diplomatic Freeze + USSR Continued Deployment,,Leadership_Unity,"   DEFCON 3: Same as above → Tension  0.3 (to 1.0), Leadership_Unity  0.8 (to 1.0).",PER-01-N-00073,,판정 불가,, => ,,old_only,,False,unresolved_different_or_unmatched_no_forced_link,GLOBAL_ARITHMETIC_RATE_WITHHELD,pending
PER-01,runs/raw_logs/Perplexity_RAG/1. Strategic Decision Modeling_ U.S. Discovery of Cub.pdf,6,2,U.S. Diplomatic Freeze + USSR Continued Deployment,,Leadership_Unity," 0.02, Leadership_Unity  0.05 ( 4 ).",PER-01-N-00069,,판정 불가,, => ,,old_only,,False,unresolved_different_or_unmatched_no_forced_link,GLOBAL_ARITHMETIC_RATE_WITHHELD,pending
PER-01,runs/raw_logs/Perplexity_RAG/1. Strategic Decision Modeling_ U.S. Discovery of Cub.pdf,6,2,U.S. Diplomatic Freeze + USSR Continued Deployment,,Leadership_Unity,Leadership_Unity 1.0   0.05   0.95,PER-01-N-00039,,판정 불가,,1.0 => ,,old_only,,False,unresolved_different_or_unmatched_no_forced_link,GLOBAL_ARITHMETIC_RATE_WITHHELD,pending
PER-01,runs/raw_logs/Perplexity_RAG/1. Strategic Decision Modeling_ U.S. Discovery of Cub.pdf,6,2,U.S. Diplomatic Freeze + USSR Continued Deployment,,Leadership_Unity,Leadership_Unity 1.0   0.05 0.95,PER-01-N-00026,,판정 불가,,1.0 => ,,old_only,,False,unresolved_different_or_unmatched_no_forced_link,GLOBAL_ARITHMETIC_RATE_WITHHELD,pending
PER-01,runs/raw_logs/Perplexity_RAG/1. Strategic Decision Modeling_ U.S. Discovery of Cub.pdf,6,2,U.S. Diplomatic Freeze + USSR Continued Deployment,,Leadership_Unity,Leadership_Unity 1.0 - 0.05 = 0.95,,PDFIUM-PER-01-N-00029,,준수,,0.95 => 0.95,candidate_only,,False,unresolved_different_or_unmatched_no_forced_link,GLOBAL_ARITHMETIC_RATE_WITHHELD,pending
PER-01,runs/raw_logs/Perplexity_RAG/1. Strategic Decision Modeling_ U.S. Discovery of Cub.pdf,6,2,U.S. Diplomatic Freeze + USSR Continued Deployment,,Public_Opinion,Public_Opinion 0.65   0.02   0.63,PER-01-N-00038,,판정 불가,,0.65 => ,,old_only,,False,unresolved_different_or_unmatched_no_forced_link,GLOBAL_ARITHMETIC_RATE_WITHHELD,pending
PER-01,runs/raw_logs/Perplexity_RAG/1. Strategic Decision Modeling_ U.S. Discovery of Cub.pdf,6,2,U.S. Diplomatic Freeze + USSR Continued Deployment,,Public_Opinion,Public_Opinion 0.65 - 0.02 = 0.63,,PDFIUM-PER-01-N-00026,,준수,,0.63 => 0.63,candidate_only,,False,unresolved_different_or_unmatched_no_forced_link,GLOBAL_ARITHMETIC_RATE_WITHHELD,pending
PER-01,runs/raw_logs/Perplexity_RAG/1. Strategic Decision Modeling_ U.S. Discovery of Cub.pdf,6,2,U.S. Diplomatic Freeze + USSR Continued Deployment,,Public_Opinion,Public_Opinion 0.68   0.02 0.66,PER-01-N-00025,,판정 불가,,0.68 => ,,old_only,,False,unresolved_different_or_unmatched_no_forced_link,GLOBAL_ARITHMETIC_RATE_WITHHELD,pending
PER-01,runs/raw_logs/Perplexity_RAG/1. Strategic Decision Modeling_ U.S. Discovery of Cub.pdf,6,2,U.S. Diplomatic Freeze + USSR Continued Deployment,,Tension,"   DEFCON 3: Same as above → Tension  0.3 (to 1.0), Leadership_Unity  0.8 (to 1.0).",PER-01-N-00071,,판정 불가,, => ,,old_only,,False,unresolved_different_or_unmatched_no_forced_link,GLOBAL_ARITHMETIC_RATE_WITHHELD,pending
PER-01,runs/raw_logs/Perplexity_RAG/1. Strategic Decision Modeling_ U.S. Discovery of Cub.pdf,6,2,U.S. Diplomatic Freeze + USSR Continued Deployment,,Tension,Tension 0.75   0.05 0.80,PER-01-N-00023,,판정 불가,,0.75 => ,,old_only,,False,unresolved_different_or_unmatched_no_forced_link,GLOBAL_ARITHMETIC_RATE_WITHHELD,pending
PER-01,runs/raw_logs/Perplexity_RAG/1. Strategic Decision Modeling_ U.S. Discovery of Cub.pdf,6,2,U.S. Diplomatic Freeze + USSR Continued Deployment,,Tension,"Triggers: ""Defense_Prep"" → Tension  0.05, Diplomatic_Support  0.02, Public_Opinion",PER-01-N-00065,,판정 불가,, => ,,old_only,,False,unresolved_different_or_unmatched_no_forced_link,GLOBAL_ARITHMETIC_RATE_WITHHELD,pending
PER-01,runs/raw_logs/Perplexity_RAG/1. Strategic Decision Modeling_ U.S. Discovery of Cub.pdf,7,2,U.S. Diplomatic Freeze + USSR Continued Deployment,,Diplomatic_Support,Diplomatic_Support 0.88   0.02   0.86,PER-01-N-00050,,판정 불가,,0.88 => ,,old_only,,False,unresolved_different_or_unmatched_no_forced_link,GLOBAL_ARITHMETIC_RATE_WITHHELD,pending
PER-01,runs/raw_logs/Perplexity_RAG/1. Strategic Decision Modeling_ U.S. Discovery of Cub.pdf,7,2,U.S. Diplomatic Freeze + USSR Continued Deployment,,Diplomatic_Support,Diplomatic_Support 0.88 - 0.02 = 0.86,,PDFIUM-PER-01-N-00044,,준수,,0.86 => 0.86,candidate_only,,False,unresolved_different_or_unmatched_no_forced_link,GLOBAL_ARITHMETIC_RATE_WITHHELD,pending
PER-01,runs/raw_logs/Perplexity_RAG/1. Strategic Decision Modeling_ U.S. Discovery of Cub.pdf,7,2,U.S. Diplomatic Freeze + USSR Continued Deployment,,Leadership_Unity,"   DEFCON 3: Tension  0.3 (to 0.70 , Leadership_Unity  0.8 (to 1.0).",PER-01-N-00077,,판정 불가,, => ,,old_only,,False,unresolved_different_or_unmatched_no_forced_link,GLOBAL_ARITHMETIC_RATE_WITHHELD,pending
PER-01,runs/raw_logs/Perplexity_RAG/1. Strategic Decision Modeling_ U.S. Discovery of Cub.pdf,7,2,U.S. Diplomatic Freeze + USSR Continued Deployment,,Leadership_Unity,Leadership_Unity 1.0   0.05   0.95,PER-01-N-00052,,판정 불가,,1.0 => ,,old_only,,False,unresolved_different_or_unmatched_no_forced_link,GLOBAL_ARITHMETIC_RATE_WITHHELD,pending
PER-01,runs/raw_logs/Perplexity_RAG/1. Strategic Decision Modeling_ U.S. Discovery of Cub.pdf,7,2,U.S. Diplomatic Freeze + USSR Continued Deployment,,Leadership_Unity,Leadership_Unity 1.0 - 0.05 = 0.95,,PDFIUM-PER-01-N-00050,,준수,,0.95 => 0.95,candidate_only,,False,unresolved_different_or_unmatched_no_forced_link,GLOBAL_ARITHMETIC_RATE_WITHHELD,pending
PER-01,runs/raw_logs/Perplexity_RAG/1. Strategic Decision Modeling_ U.S. Discovery of Cub.pdf,7,2,U.S. Diplomatic Freeze + USSR Continued Deployment,,Public_Opinion,Public_Opinion 0.85   0.02   0.83,PER-01-N-00051,,판정 불가,,0.85 => ,,old_only,,False,unresolved_different_or_unmatched_no_forced_link,GLOBAL_ARITHMETIC_RATE_WITHHELD,pending
PER-01,runs/raw_logs/Perplexity_RAG/1. Strategic Decision Modeling_ U.S. Discovery of Cub.pdf,7,2,U.S. Diplomatic Freeze + USSR Continued Deployment,,Public_Opinion,Public_Opinion 0.85 - 0.02 = 0.83,,PDFIUM-PER-01-N-00047,,준수,,0.83 => 0.83,candidate_only,,False,unresolved_different_or_unmatched_no_forced_link,GLOBAL_ARITHMETIC_RATE_WITHHELD,pending
PER-01,runs/raw_logs/Perplexity_RAG/1. Strategic Decision Modeling_ U.S. Discovery of Cub.pdf,7,2,U.S. Diplomatic Freeze + USSR Continued Deployment,,Tension,"   DEFCON 3: Tension  0.3 (to 0.70 , Leadership_Unity  0.8 (to 1.0).",PER-01-N-00075,,판정 불가,, => ,,old_only,,False,unresolved_different_or_unmatched_no_forced_link,GLOBAL_ARITHMETIC_RATE_WITHHELD,pending
PER-01,runs/raw_logs/Perplexity_RAG/1. Strategic Decision Modeling_ U.S. Discovery of Cub.pdf,7,2,U.S. Diplomatic Freeze + USSR Continued Deployment,,Tension,Tension  0.8  Managed) Diplomatic Channels Remain Open,PER-01-N-00079,,판정 불가,, => ,,old_only,,False,unresolved_different_or_unmatched_no_forced_link,GLOBAL_ARITHMETIC_RATE_WITHHELD,pending
PER-01,runs/raw_logs/Perplexity_RAG/1. Strategic Decision Modeling_ U.S. Discovery of Cub.pdf,9,3,U.S. Diplomatic Freeze + USSR Continued Deployment,,Leadership_Unity,Leadership_Unity: 0.95 - 0.10 = 0.85,,PDFIUM-PER-01-N-00054,,준수,,0.85 => 0.85,candidate_only,,False,unresolved_different_or_unmatched_no_forced_link,GLOBAL_ARITHMETIC_RATE_WITHHELD,pending
PER-01,runs/raw_logs/Perplexity_RAG/1. Strategic Decision Modeling_ U.S. Discovery of Cub.pdf,9,3,U.S. Diplomatic Freeze + USSR Continued Deployment,,Tension,Tension: 0.80 + 0.45 = 1.0 (max),,PDFIUM-PER-01-N-00053,,준수,,1 => 1,candidate_only,,False,unresolved_different_or_unmatched_no_forced_link,GLOBAL_ARITHMETIC_RATE_WITHHELD,pending
PER-02,runs/raw_logs/Perplexity_RAG/2. Strategic Options Analysis_ U.S. Discovery of Sovi.pdf,12,1,s,,Tension,High-Tension Escalation  Tension = 0.75  0.8 → Diplomacy Remains Viable but,PER-02-N-00084,,판정 불가,,0.75 => ,,old_only,,False,unresolved_different_or_unmatched_no_forced_link,GLOBAL_ARITHMETIC_RATE_WITHHELD,pending
PER-02,runs/raw_logs/Perplexity_RAG/2. Strategic Options Analysis_ U.S. Discovery of Sovi.pdf,20,1,s,,Diplomatic_Support,Diplomatic_Support  0.70 Emerging Alliance cohesion critical,PER-02-N-00139,,판정 불가,, => ,,old_only,,False,unresolved_different_or_unmatched_no_forced_link,GLOBAL_ARITHMETIC_RATE_WITHHELD,pending
PER-02,runs/raw_logs/Perplexity_RAG/2. Strategic Options Analysis_ U.S. Discovery of Sovi.pdf,20,1,s,,Tension,Tension  1.0  Clamped Military actions dominate; diplomacy disabled,PER-02-N-00137,,판정 불가,, => ,,old_only,,False,unresolved_different_or_unmatched_no_forced_link,GLOBAL_ARITHMETIC_RATE_WITHHELD,pending
PER-02,runs/raw_logs/Perplexity_RAG/2. Strategic Options Analysis_ U.S. Discovery of Sovi.pdf,3,1,미지정,,Diplomatic_Support,United Air Strike ❌ Diplomatic_Support  0.05 Potential: Soviet retaliation against,PER-02-N-00123,,판정 불가,, => ,,old_only,,False,unresolved_different_or_unmatched_no_forced_link,GLOBAL_ARITHMETIC_RATE_WITHHELD,pending
PER-02,runs/raw_logs/Perplexity_RAG/2. Strategic Options Analysis_ U.S. Discovery of Sovi.pdf,3,1,미지정,,Leadership_Unity,❌ Leadership_Unity  0.10,PER-02-N-00127,,판정 불가,, => ,,old_only,,False,unresolved_different_or_unmatched_no_forced_link,GLOBAL_ARITHMETIC_RATE_WITHHELD,pending
PER-02,runs/raw_logs/Perplexity_RAG/2. Strategic Options Analysis_ U.S. Discovery of Sovi.pdf,3,1,미지정,,Public_Opinion,States ❌ Public_Opinion  0.05 U.S. bases,PER-02-N-00125,,판정 불가,, => ,,old_only,,False,unresolved_different_or_unmatched_no_forced_link,GLOBAL_ARITHMETIC_RATE_WITHHELD,pending
PER-02,runs/raw_logs/Perplexity_RAG/2. Strategic Options Analysis_ U.S. Discovery of Sovi.pdf,3,1,미지정,,Tension,Soviet Escalate ⚔ Tension  0.10 Apprx per Inevitable: Technical challenges,PER-02-N-00129,,판정 불가,, => ,,old_only,,False,unresolved_different_or_unmatched_no_forced_link,GLOBAL_ARITHMETIC_RATE_WITHHELD,pending
PER-02,runs/raw_logs/Perplexity_RAG/2. Strategic Options Analysis_ U.S. Discovery of Sovi.pdf,3,1,미지정,,Tension,⚔ Tension  0.15 Inevitable: High-tension escalation,PER-02-N-00121,,판정 불가,, => ,,old_only,,False,unresolved_different_or_unmatched_no_forced_link,GLOBAL_ARITHMETIC_RATE_WITHHELD,pending
PER-02,runs/raw_logs/Perplexity_RAG/2. Strategic Options Analysis_ U.S. Discovery of Sovi.pdf,4,1,미지정,,Diplomatic_Support,United Diplomatic ✅ Diplomatic_Support  0.10 Inevitable: Initial Soviet denial,PER-02-N-00131,,판정 불가,, => ,,old_only,,False,unresolved_different_or_unmatched_no_forced_link,GLOBAL_ARITHMETIC_RATE_WITHHELD,pending
PER-02,runs/raw_logs/Perplexity_RAG/2. Strategic Options Analysis_ U.S. Discovery of Sovi.pdf,4,1,미지정,,Leadership_Unity,✅ Leadership_Unity  0.05 divergence,PER-02-N-00135,,판정 불가,, => ,,old_only,,False,unresolved_different_or_unmatched_no_forced_link,GLOBAL_ARITHMETIC_RATE_WITHHELD,pending
PER-02,runs/raw_logs/Perplexity_RAG/2. Strategic Options Analysis_ U.S. Discovery of Sovi.pdf,4,1,미지정,,Public_Opinion,States Offensive ✅ Public_Opinion  0.05 Potential: Allied support,PER-02-N-00133,,판정 불가,, => ,,old_only,,False,unresolved_different_or_unmatched_no_forced_link,GLOBAL_ARITHMETIC_RATE_WITHHELD,pending
PER-02,runs/raw_logs/Perplexity_RAG/2. Strategic Options Analysis_ U.S. Discovery of Sovi.pdf,6,1,s & Result Logs,,Tension,Tension 0.60   0.05  ,PER-02-N-00025,,판정 불가,,0.60 => ,,old_only,,False,unresolved_different_or_unmatched_no_forced_link,GLOBAL_ARITHMETIC_RATE_WITHHELD,pending
PER-03,runs/raw_logs/Perplexity_RAG/3. You are a tool for modeling strategic decisions. A.pdf,4,1,", and must not",Soviet Union,Diplomatic_Support,Diplomatic_Support  0.02,PER-03-N-00003,,판정 불가,, => ,,old_only,,False,unresolved_different_or_unmatched_no_forced_link,GLOBAL_ARITHMETIC_RATE_WITHHELD,pending
PER-03,runs/raw_logs/Perplexity_RAG/3. You are a tool for modeling strategic decisions. A.pdf,4,1,", and must not",Soviet Union,Diplomatic_Support,Diplomatic_Support  0.05,PER-03-N-00027,,판정 불가,, => ,,old_only,,False,unresolved_different_or_unmatched_no_forced_link,GLOBAL_ARITHMETIC_RATE_WITHHELD,pending
PER-03,runs/raw_logs/Perplexity_RAG/3. You are a tool for modeling strategic decisions. A.pdf,4,1,", and must not",Soviet Union,Diplomatic_Support,Diplomatic_Support  0.08,PER-03-N-00019,,판정 불가,, => ,,old_only,,False,unresolved_different_or_unmatched_no_forced_link,GLOBAL_ARITHMETIC_RATE_WITHHELD,pending
PER-03,runs/raw_logs/Perplexity_RAG/3. You are a tool for modeling strategic decisions. A.pdf,4,1,", and must not",Soviet Union,Diplomatic_Support,Diplomatic_Support  0.10,PER-03-N-00011,,판정 불가,, => ,,old_only,,False,unresolved_different_or_unmatched_no_forced_link,GLOBAL_ARITHMETIC_RATE_WITHHELD,pending
PER-03,runs/raw_logs/Perplexity_RAG/3. You are a tool for modeling strategic decisions. A.pdf,4,1,", and must not",Soviet Union,Leadership_Unity,Leadership_Unity  0.00,PER-03-N-00023,,판정 불가,, => ,,old_only,,False,unresolved_different_or_unmatched_no_forced_link,GLOBAL_ARITHMETIC_RATE_WITHHELD,pending
PER-03,runs/raw_logs/Perplexity_RAG/3. You are a tool for modeling strategic decisions. A.pdf,4,1,", and must not",Soviet Union,Leadership_Unity,Leadership_Unity  0.05,PER-03-N-00007 | PER-03-N-00015,,판정 불가 | 판정 불가,, =>  |  => ,,old_only,,False,unresolved_different_or_unmatched_no_forced_link,GLOBAL_ARITHMETIC_RATE_WITHHELD,pending
PER-03,runs/raw_logs/Perplexity_RAG/3. You are a tool for modeling strategic decisions. A.pdf,4,1,", and must not",Soviet Union,Leadership_Unity,Leadership_Unity  0.10,PER-03-N-00031,,판정 불가,, => ,,old_only,,False,unresolved_different_or_unmatched_no_forced_link,GLOBAL_ARITHMETIC_RATE_WITHHELD,pending
PER-03,runs/raw_logs/Perplexity_RAG/3. You are a tool for modeling strategic decisions. A.pdf,4,1,", and must not",Soviet Union,Public_Opinion,Public_Opinion  0.02,PER-03-N-00005,,판정 불가,, => ,,old_only,,False,unresolved_different_or_unmatched_no_forced_link,GLOBAL_ARITHMETIC_RATE_WITHHELD,pending
PER-03,runs/raw_logs/Perplexity_RAG/3. You are a tool for modeling strategic decisions. A.pdf,4,1,", and must not",Soviet Union,Public_Opinion,Public_Opinion  0.03,PER-03-N-00021,,판정 불가,, => ,,old_only,,False,unresolved_different_or_unmatched_no_forced_link,GLOBAL_ARITHMETIC_RATE_WITHHELD,pending
PER-03,runs/raw_logs/Perplexity_RAG/3. You are a tool for modeling strategic decisions. A.pdf,4,1,", and must not",Soviet Union,Public_Opinion,Public_Opinion  0.05,PER-03-N-00013 | PER-03-N-00029,,판정 불가 | 판정 불가,, =>  |  => ,,old_only,,False,unresolved_different_or_unmatched_no_forced_link,GLOBAL_ARITHMETIC_RATE_WITHHELD,pending
PER-03,runs/raw_logs/Perplexity_RAG/3. You are a tool for modeling strategic decisions. A.pdf,4,1,", and must not",Soviet Union,Tension,Tension  0.00,PER-03-N-00017,,판정 불가,, => ,,old_only,,False,unresolved_different_or_unmatched_no_forced_link,GLOBAL_ARITHMETIC_RATE_WITHHELD,pending
PER-03,runs/raw_logs/Perplexity_RAG/3. You are a tool for modeling strategic decisions. A.pdf,4,1,", and must not",Soviet Union,Tension,Tension  0.05,PER-03-N-00001 | PER-03-N-00009,,판정 불가 | 판정 불가,, =>  |  => ,,old_only,,False,unresolved_different_or_unmatched_no_forced_link,GLOBAL_ARITHMETIC_RATE_WITHHELD,pending
PER-03,runs/raw_logs/Perplexity_RAG/3. You are a tool for modeling strategic decisions. A.pdf,4,1,", and must not",Soviet Union,Tension,Tension  0.15,PER-03-N-00025,,판정 불가,, => ,,old_only,,False,unresolved_different_or_unmatched_no_forced_link,GLOBAL_ARITHMETIC_RATE_WITHHELD,pending
PER-03,runs/raw_logs/Perplexity_RAG/3. You are a tool for modeling strategic decisions. A.pdf,5,1,", and must not",,Diplomatic_Support,Diplomatic_Support: 0.50 → 0.50 +0.08 = 0.58,,PDFIUM-PER-03-N-00029,,준수,,0.58 => 0.58,candidate_only,,False,unresolved_different_or_unmatched_no_forced_link,GLOBAL_ARITHMETIC_RATE_WITHHELD,pending
PER-03,runs/raw_logs/Perplexity_RAG/3. You are a tool for modeling strategic decisions. A.pdf,5,1,", and must not",,Public_Opinion,Public_Opinion: 0.50 → 0.50 +0.03 = 0.53,,PDFIUM-PER-03-N-00030,,준수,,0.53 => 0.53,candidate_only,,False,unresolved_different_or_unmatched_no_forced_link,GLOBAL_ARITHMETIC_RATE_WITHHELD,pending
PER-03,runs/raw_logs/Perplexity_RAG/3. You are a tool for modeling strategic decisions. A.pdf,5,1,", and must not",Soviet Union,Diplomatic_Support,Diplomatic_Support  0.05,PER-03-N-00035,,판정 불가,, => ,,old_only,,False,unresolved_different_or_unmatched_no_forced_link,GLOBAL_ARITHMETIC_RATE_WITHHELD,pending
PER-03,runs/raw_logs/Perplexity_RAG/3. You are a tool for modeling strategic decisions. A.pdf,5,1,", and must not",Soviet Union,Diplomatic_Support,Diplomatic_Support  0.10,PER-03-N-00043 | PER-03-N-00051,,판정 불가 | 판정 불가,, =>  |  => ,,old_only,,False,unresolved_different_or_unmatched_no_forced_link,GLOBAL_ARITHMETIC_RATE_WITHHELD,pending
PER-03,runs/raw_logs/Perplexity_RAG/3. You are a tool for modeling strategic decisions. A.pdf,5,1,", and must not",Soviet Union,Leadership_Unity,Leadership_Unity  0.05,PER-03-N-00047 | PER-03-N-00055,,판정 불가 | 판정 불가,, =>  |  => ,,old_only,,False,unresolved_different_or_unmatched_no_forced_link,GLOBAL_ARITHMETIC_RATE_WITHHELD,pending
PER-03,runs/raw_logs/Perplexity_RAG/3. You are a tool for modeling strategic decisions. A.pdf,5,1,", and must not",Soviet Union,Leadership_Unity,Leadership_Unity  0.10,PER-03-N-00039,,판정 불가,, => ,,old_only,,False,unresolved_different_or_unmatched_no_forced_link,GLOBAL_ARITHMETIC_RATE_WITHHELD,pending
PER-03,runs/raw_logs/Perplexity_RAG/3. You are a tool for modeling strategic decisions. A.pdf,5,1,", and must not",Soviet Union,Public_Opinion,Public_Opinion  0.05,PER-03-N-00037 | PER-03-N-00045 | PER-03-N-00053,,판정 불가 | 판정 불가 | 판정 불가,, =>  |  =>  |  => ,,old_only,,False,unresolved_different_or_unmatched_no_forced_link,GLOBAL_ARITHMETIC_RATE_WITHHELD,pending
PER-03,runs/raw_logs/Perplexity_RAG/3. You are a tool for modeling strategic decisions. A.pdf,5,1,", and must not",Soviet Union,Tension,Tension  0.05,PER-03-N-00041 | PER-03-N-00049,,판정 불가 | 판정 불가,, =>  |  => ,,old_only,,False,unresolved_different_or_unmatched_no_forced_link,GLOBAL_ARITHMETIC_RATE_WITHHELD,pending
PER-03,runs/raw_logs/Perplexity_RAG/3. You are a tool for modeling strategic decisions. A.pdf,5,1,", and must not",Soviet Union,Tension,Tension  0.15,PER-03-N-00033,,판정 불가,, => ,,old_only,,False,unresolved_different_or_unmatched_no_forced_link,GLOBAL_ARITHMETIC_RATE_WITHHELD,pending
PER-03,runs/raw_logs/Perplexity_RAG/3. You are a tool for modeling strategic decisions. A.pdf,6,1,", and must not",,Diplomatic_Support,Diplomatic_Support: 0.50 → 0.50 +0.10 = 0.60,,PDFIUM-PER-03-N-00046,,준수,,0.6 => 0.6,candidate_only,,False,unresolved_different_or_unmatched_no_forced_link,GLOBAL_ARITHMETIC_RATE_WITHHELD,pending
PER-03,runs/raw_logs/Perplexity_RAG/3. You are a tool for modeling strategic decisions. A.pdf,6,1,", and must not",,Diplomatic_Support,Diplomatic_Support: 0.50 → 0.50 -0.05 = 0.45,,PDFIUM-PER-03-N-00034,,준수,,0.45 => 0.45,candidate_only,,False,unresolved_different_or_unmatched_no_forced_link,GLOBAL_ARITHMETIC_RATE_WITHHELD,pending
PER-03,runs/raw_logs/Perplexity_RAG/3. You are a tool for modeling strategic decisions. A.pdf,6,1,", and must not",,Leadership_Unity,Leadership_Unity: 0.50 → 0.50 +0.05 = 0.55,,PDFIUM-PER-03-N-00052,,준수,,0.55 => 0.55,candidate_only,,False,unresolved_different_or_unmatched_no_forced_link,GLOBAL_ARITHMETIC_RATE_WITHHELD,pending
PER-03,runs/raw_logs/Perplexity_RAG/3. You are a tool for modeling strategic decisions. A.pdf,6,1,", and must not",,Leadership_Unity,Leadership_Unity: 0.50 → 0.50 -0.10 = 0.40,,PDFIUM-PER-03-N-00040,,준수,,0.4 => 0.4,candidate_only,,False,unresolved_different_or_unmatched_no_forced_link,GLOBAL_ARITHMETIC_RATE_WITHHELD,pending
PER-03,runs/raw_logs/Perplexity_RAG/3. You are a tool for modeling strategic decisions. A.pdf,6,1,", and must not",,Public_Opinion,Public_Opinion: 0.50 → 0.50 +0.05 = 0.55,,PDFIUM-PER-03-N-00049,,준수,,0.55 => 0.55,candidate_only,,False,unresolved_different_or_unmatched_no_forced_link,GLOBAL_ARITHMETIC_RATE_WITHHELD,pending
PER-03,runs/raw_logs/Perplexity_RAG/3. You are a tool for modeling strategic decisions. A.pdf,6,1,", and must not",,Public_Opinion,Public_Opinion: 0.50 → 0.50 -0.05 = 0.45,,PDFIUM-PER-03-N-00037,,준수,,0.45 => 0.45,candidate_only,,False,unresolved_different_or_unmatched_no_forced_link,GLOBAL_ARITHMETIC_RATE_WITHHELD,pending
PER-03,runs/raw_logs/Perplexity_RAG/3. You are a tool for modeling strategic decisions. A.pdf,6,1,", and must not",,Tension,Tension: 0.50 → 0.50 +0.15 = 0.65,,PDFIUM-PER-03-N-00031,,준수,,0.65 => 0.65,candidate_only,,False,unresolved_different_or_unmatched_no_forced_link,GLOBAL_ARITHMETIC_RATE_WITHHELD,pending
PER-03,runs/raw_logs/Perplexity_RAG/3. You are a tool for modeling strategic decisions. A.pdf,6,1,", and must not",,Tension,Tension: 0.50 → 0.50 -0.05 = 0.45,,PDFIUM-PER-03-N-00043,,준수,,0.45 => 0.45,candidate_only,,False,unresolved_different_or_unmatched_no_forced_link,GLOBAL_ARITHMETIC_RATE_WITHHELD,pending
PER-04,runs/raw_logs/Perplexity_RAG/4. Strategic Alternatives & Conflict Scenarios.pdf,3,1,미지정,,Tension,Tension +0.20 (0.05+0.15) 0.20 - U.S. Military Alert ↑ (Inevitable),,PDFIUM-PER-04-N-00001,,준수,,0.2 => 0.2,candidate_only,,False,unresolved_different_or_unmatched_no_forced_link,GLOBAL_ARITHMETIC_RATE_WITHHELD,pending
PER-04,runs/raw_logs/Perplexity_RAG/4. Strategic Alternatives & Conflict Scenarios.pdf,4,1,미지정,,Diplomatic_Support,Diplomatic_Support  0.10  U.S.  0.90 -  No thresholds crossed),PER-04-N-00090,,판정 불가,, => ,,old_only,,False,unresolved_different_or_unmatched_no_forced_link,GLOBAL_ARITHMETIC_RATE_WITHHELD,pending
PER-04,runs/raw_logs/Perplexity_RAG/4. Strategic Alternatives & Conflict Scenarios.pdf,4,1,미지정,,Diplomatic_Support,Diplomatic_Support  0.10  U.S.  1.00 - Soviet Internal Leadership Conflict  Risk ,PER-04-N-00094,,판정 불가,, => ,,old_only,,False,unresolved_different_or_unmatched_no_forced_link,GLOBAL_ARITHMETIC_RATE_WITHHELD,pending
PER-04,runs/raw_logs/Perplexity_RAG/4. Strategic Alternatives & Conflict Scenarios.pdf,4,1,미지정,,Leadership_Unity,Leadership_Unity  0.15  U.S.  0.85 - Soviet Tactical Retaliation Readiness  Risk ,PER-04-N-00088,,판정 불가,, => ,,old_only,,False,unresolved_different_or_unmatched_no_forced_link,GLOBAL_ARITHMETIC_RATE_WITHHELD,pending
PER-04,runs/raw_logs/Perplexity_RAG/4. Strategic Alternatives & Conflict Scenarios.pdf,4,1,미지정,,Public_Opinion,Public_Opinion  0.05  U.S.  0.05  Minimal impact),PER-04-N-00096,,판정 불가,, => ,,old_only,,False,unresolved_different_or_unmatched_no_forced_link,GLOBAL_ARITHMETIC_RATE_WITHHELD,pending
PER-04,runs/raw_logs/Perplexity_RAG/4. Strategic Alternatives & Conflict Scenarios.pdf,4,1,미지정,,Tension,Tension  0.15  0.05 0.10  0.15 - U.S. Leadership Fractures  Substantive),PER-04-N-00086,,판정 불가,, => ,,old_only,,False,unresolved_different_or_unmatched_no_forced_link,GLOBAL_ARITHMETIC_RATE_WITHHELD,pending
PER-04,runs/raw_logs/Perplexity_RAG/4. Strategic Alternatives & Conflict Scenarios.pdf,4,1,미지정,,Tension,Tension  0.15  0.10 0.05  0.15 - Cold U.S. Response  Sustained),PER-04-N-00092,,판정 불가,, => ,,old_only,,False,unresolved_different_or_unmatched_no_forced_link,GLOBAL_ARITHMETIC_RATE_WITHHELD,pending
PER-04,runs/raw_logs/Perplexity_RAG/4. Strategic Alternatives & Conflict Scenarios.pdf,4,1,미지정,,Tension,Tension +0.15 (0.05+0.10) 0.15 - U.S. Leadership Fractures (Substantive),,PDFIUM-PER-04-N-00008,,준수,,0.15 => 0.15,candidate_only,,False,unresolved_different_or_unmatched_no_forced_link,GLOBAL_ARITHMETIC_RATE_WITHHELD,pending
PER-04,runs/raw_logs/Perplexity_RAG/4. Strategic Alternatives & Conflict Scenarios.pdf,4,1,미지정,,Tension,Tension +0.15 (0.10+0.05) 0.15 - Cold U.S. Response (Sustained),,PDFIUM-PER-04-N-00013,,준수,,0.15 => 0.15,candidate_only,,False,unresolved_different_or_unmatched_no_forced_link,GLOBAL_ARITHMETIC_RATE_WITHHELD,pending
PER-04,runs/raw_logs/Perplexity_RAG/4. Strategic Alternatives & Conflict Scenarios.pdf,9,1, Diplomatic Path),,Diplomatic_Support,Diplomatic_Support 0.90 0.96 Multi-Lateral Pressure Maintained  9 ,PER-04-N-00045,,판정 불가,,0.90 => ,,old_only,,False,unresolved_different_or_unmatched_no_forced_link,GLOBAL_ARITHMETIC_RATE_WITHHELD,pending
PER-05,runs/raw_logs/Perplexity_RAG/5. You are a tool for modeling strategic decisions. A.pdf,11,1,", and",,Tension,Tension: 1.0  Critical),PER-05-N-00025,,판정 불가,,1.0 => ,,old_only,,False,unresolved_different_or_unmatched_no_forced_link,GLOBAL_ARITHMETIC_RATE_WITHHELD,pending
PER-07,runs/raw_logs/Perplexity_RAG/7. Strategic Decision Modeling_ Soviet Missile Deploy.pdf,17,2,Combination 3,,Tension,   Tension = 1.00 in all paths → Triggers:,PER-07-N-00044,,판정 불가,,1.00 => ,,old_only,,False,unresolved_different_or_unmatched_no_forced_link,GLOBAL_ARITHMETIC_RATE_WITHHELD,pending
PER-07,runs/raw_logs/Perplexity_RAG/7. Strategic Decision Modeling_ Soviet Missile Deploy.pdf,3,1,Combination 1,,Diplomatic_Support,Diplomatic Support:  0.05  Event: Diplomatic_Failure),PER-07-N-00047,,판정 불가,, => ,,old_only,,False,unresolved_different_or_unmatched_no_forced_link,GLOBAL_ARITHMETIC_RATE_WITHHELD,pending
PER-07,runs/raw_logs/Perplexity_RAG/7. Strategic Decision Modeling_ Soviet Missile Deploy.pdf,3,1,Combination 1,,Leadership_Unity,"Leadership Unity:  1.45  U.S. military_alert:  0.8, Soviet internal_dispute:  0.65 ",PER-07-N-00051,,판정 불가,, => ,,old_only,,False,unresolved_different_or_unmatched_no_forced_link,GLOBAL_ARITHMETIC_RATE_WITHHELD,pending
PER-07,runs/raw_logs/Perplexity_RAG/7. Strategic Decision Modeling_ Soviet Missile Deploy.pdf,3,1,Combination 1,,Leadership_Unity,Leadership Unity: 1.0  Clamped from 2.15 ,PER-07-N-00005,,판정 불가,,1.0 => ,,old_only,,False,unresolved_different_or_unmatched_no_forced_link,GLOBAL_ARITHMETIC_RATE_WITHHELD,pending
PER-07,runs/raw_logs/Perplexity_RAG/7. Strategic Decision Modeling_ Soviet Missile Deploy.pdf,3,1,Combination 1,,Public_Opinion,"Public Opinion:  1.05  U.S. public_appeal:  0.5, Soviet public_appeal:  0.55 ",PER-07-N-00049,,판정 불가,, => ,,old_only,,False,unresolved_different_or_unmatched_no_forced_link,GLOBAL_ARITHMETIC_RATE_WITHHELD,pending
PER-07,runs/raw_logs/Perplexity_RAG/7. Strategic Decision Modeling_ Soviet Missile Deploy.pdf,3,1,Combination 1,,Public_Opinion,Public Opinion: 1.0  Clamped from 1.65 ,PER-07-N-00004,,판정 불가,,1.0 => ,,old_only,,False,unresolved_different_or_unmatched_no_forced_link,GLOBAL_ARITHMETIC_RATE_WITHHELD,pending
PER-07,runs/raw_logs/Perplexity_RAG/7. Strategic Decision Modeling_ Soviet Missile Deploy.pdf,3,1,Combination 1,,Tension,"Tension:  0.75  U.S. military_alert:  0.3, Soviet covert_detection:  0.45 ",PER-07-N-00045,,판정 불가,, => ,,old_only,,False,unresolved_different_or_unmatched_no_forced_link,GLOBAL_ARITHMETIC_RATE_WITHHELD,pending
PER-07,runs/raw_logs/Perplexity_RAG/7. Strategic Decision Modeling_ Soviet Missile Deploy.pdf,3,1,Combination 1,,Tension,Tension: 1.0  Clamped from 1.25 ,PER-07-N-00001,,판정 불가,,1.0 => ,,old_only,,False,unresolved_different_or_unmatched_no_forced_link,GLOBAL_ARITHMETIC_RATE_WITHHELD,pending
PER-07,runs/raw_logs/Perplexity_RAG/7. Strategic Decision Modeling_ Soviet Missile Deploy.pdf,4,1,Combination 2,,Diplomatic_Support,Diplomatic Support:  0.10  Event: Diplomatic_Failure),PER-07-N-00055,,판정 불가,, => ,,old_only,,False,unresolved_different_or_unmatched_no_forced_link,GLOBAL_ARITHMETIC_RATE_WITHHELD,pending
PER-07,runs/raw_logs/Perplexity_RAG/7. Strategic Decision Modeling_ Soviet Missile Deploy.pdf,4,1,Combination 2,,Leadership_Unity,Leadership Unity:  0.65  Soviet military_alert:  0.65 ,PER-07-N-00059,,판정 불가,, => ,,old_only,,False,unresolved_different_or_unmatched_no_forced_link,GLOBAL_ARITHMETIC_RATE_WITHHELD,pending
PER-07,runs/raw_logs/Perplexity_RAG/7. Strategic Decision Modeling_ Soviet Missile Deploy.pdf,4,1,Combination 2,,Leadership_Unity,Leadership Unity: 1.35  Clamped from 1.35 ,PER-07-N-00011,,판정 불가,,1.35 => ,,old_only,,False,unresolved_different_or_unmatched_no_forced_link,GLOBAL_ARITHMETIC_RATE_WITHHELD,pending
PER-07,runs/raw_logs/Perplexity_RAG/7. Strategic Decision Modeling_ Soviet Missile Deploy.pdf,4,1,Combination 2,,Public_Opinion,Public Opinion:  0.10  Event: Strike),PER-07-N-00057,,판정 불가,, => ,,old_only,,False,unresolved_different_or_unmatched_no_forced_link,GLOBAL_ARITHMETIC_RATE_WITHHELD,pending
PER-07,runs/raw_logs/Perplexity_RAG/7. Strategic Decision Modeling_ Soviet Missile Deploy.pdf,4,1,Combination 2,,Tension,"Tension:  0.75  U.S. military_alert:  0.3, Soviet military_alert:  0.45 ",PER-07-N-00053,,판정 불가,, => ,,old_only,,False,unresolved_different_or_unmatched_no_forced_link,GLOBAL_ARITHMETIC_RATE_WITHHELD,pending
PER-07,runs/raw_logs/Perplexity_RAG/7. Strategic Decision Modeling_ Soviet Missile Deploy.pdf,4,1,Combination 2,,Tension,Tension: 1.0  Clamped from 1.25 ,PER-07-N-00006,,판정 불가,,1.0 => ,,old_only,,False,unresolved_different_or_unmatched_no_forced_link,GLOBAL_ARITHMETIC_RATE_WITHHELD,pending
PER-07,runs/raw_logs/Perplexity_RAG/7. Strategic Decision Modeling_ Soviet Missile Deploy.pdf,4,1,Combination 3,,Diplomatic_Support,Diplomatic Support:  0.10  Event: Diplomatic_Success),PER-07-N-00063,,판정 불가,, => ,,old_only,,False,unresolved_different_or_unmatched_no_forced_link,GLOBAL_ARITHMETIC_RATE_WITHHELD,pending
PER-07,runs/raw_logs/Perplexity_RAG/7. Strategic Decision Modeling_ Soviet Missile Deploy.pdf,4,1,Combination 3,,Leadership_Unity,Leadership Unity:  0.10  Event: Diplomatic_Failure),PER-07-N-00067,,판정 불가,, => ,,old_only,,False,unresolved_different_or_unmatched_no_forced_link,GLOBAL_ARITHMETIC_RATE_WITHHELD,pending
PER-07,runs/raw_logs/Perplexity_RAG/7. Strategic Decision Modeling_ Soviet Missile Deploy.pdf,4,1,Combination 3,,Public_Opinion,Public Opinion:  0.55  Soviet public_appeal:  0.55 ,PER-07-N-00065,,판정 불가,, => ,,old_only,,False,unresolved_different_or_unmatched_no_forced_link,GLOBAL_ARITHMETIC_RATE_WITHHELD,pending
PER-07,runs/raw_logs/Perplexity_RAG/7. Strategic Decision Modeling_ Soviet Missile Deploy.pdf,4,1,Combination 3,,Public_Opinion,Public Opinion: 1.15  Clamped from 1.15 ,PER-07-N-00015,,판정 불가,,1.15 => ,,old_only,,False,unresolved_different_or_unmatched_no_forced_link,GLOBAL_ARITHMETIC_RATE_WITHHELD,pending
PER-07,runs/raw_logs/Perplexity_RAG/7. Strategic Decision Modeling_ Soviet Missile Deploy.pdf,4,1,Combination 3,,Tension,"Tension:  0.75  U.S. covert_detection:  0.3, Soviet covert_detection:  0.45 ",PER-07-N-00061,,판정 불가,, => ,,old_only,,False,unresolved_different_or_unmatched_no_forced_link,GLOBAL_ARITHMETIC_RATE_WITHHELD,pending
PER-07,runs/raw_logs/Perplexity_RAG/7. Strategic Decision Modeling_ Soviet Missile Deploy.pdf,4,1,Combination 3,,Tension,Tension: 1.0  Clamped from 1.25 ,PER-07-N-00012,,판정 불가,,1.0 => ,,old_only,,False,unresolved_different_or_unmatched_no_forced_link,GLOBAL_ARITHMETIC_RATE_WITHHELD,pending
PER-07,runs/raw_logs/Perplexity_RAG/7. Strategic Decision Modeling_ Soviet Missile Deploy.pdf,8,2,s for Turn 2,,Public_Opinion,"Variable Changes: tension  0.25, public_opinion  0.10",PER-07-N-00071,,판정 불가,, => ,,old_only,,False,unresolved_different_or_unmatched_no_forced_link,GLOBAL_ARITHMETIC_RATE_WITHHELD,pending
PER-07,runs/raw_logs/Perplexity_RAG/7. Strategic Decision Modeling_ Soviet Missile Deploy.pdf,8,2,s for Turn 2,,Tension,"Variable Changes: tension  0.25, public_opinion  0.10",PER-07-N-00069,,판정 불가,, => ,,old_only,,False,unresolved_different_or_unmatched_no_forced_link,GLOBAL_ARITHMETIC_RATE_WITHHELD,pending
PER-07,runs/raw_logs/Perplexity_RAG/7. Strategic Decision Modeling_ Soviet Missile Deploy.pdf,9,2,s for Turn 2,,Diplomatic_Support,"Variable Changes: diplomatic_support  0.10, tension  0.15",PER-07-N-00073,,판정 불가,, => ,,old_only,,False,unresolved_different_or_unmatched_no_forced_link,GLOBAL_ARITHMETIC_RATE_WITHHELD,pending
PER-07,runs/raw_logs/Perplexity_RAG/7. Strategic Decision Modeling_ Soviet Missile Deploy.pdf,9,2,s for Turn 2,,Tension,"Variable Changes: diplomatic_support  0.10, tension  0.15",PER-07-N-00075,,판정 불가,, => ,,old_only,,False,unresolved_different_or_unmatched_no_forced_link,GLOBAL_ARITHMETIC_RATE_WITHHELD,pending
PER-08,runs/raw_logs/Perplexity_RAG/8. U.S. Strategic Alternatives.pdf,3,1,s,,Diplomatic_Support,Diplomatic Support:  0.05  Quarantine reduces support due to alliance strain  1 ),PER-08-N-00027,,판정 불가,, => ,,old_only,,False,unresolved_different_or_unmatched_no_forced_link,GLOBAL_ARITHMETIC_RATE_WITHHELD,pending
PER-08,runs/raw_logs/Perplexity_RAG/8. U.S. Strategic Alternatives.pdf,3,1,s,,Diplomatic_Support,Diplomatic Support:  0.05  Strike reduces support  3 ),PER-08-N-00035,,판정 불가,, => ,,old_only,,False,unresolved_different_or_unmatched_no_forced_link,GLOBAL_ARITHMETIC_RATE_WITHHELD,pending
PER-08,runs/raw_logs/Perplexity_RAG/8. U.S. Strategic Alternatives.pdf,3,1,s,,Leadership_Unity,Leadership Unity:  0.55  U.S. strike reduces by 0.10  3  + Soviet alert increases by 0.65,PER-08-N-00039,,판정 불가,, => ,,old_only,,False,unresolved_different_or_unmatched_no_forced_link,GLOBAL_ARITHMETIC_RATE_WITHHELD,pending
PER-08,runs/raw_logs/Perplexity_RAG/8. U.S. Strategic Alternatives.pdf,3,1,s,,Leadership_Unity,Leadership Unity:  0.80  U.S. military alert strengthens unity  1 ),PER-08-N-00031,,판정 불가,, => ,,old_only,,False,unresolved_different_or_unmatched_no_forced_link,GLOBAL_ARITHMETIC_RATE_WITHHELD,pending
PER-08,runs/raw_logs/Perplexity_RAG/8. U.S. Strategic Alternatives.pdf,3,1,s,,Public_Opinion,Public Opinion:  0.07  Strike reduces opinion by 0.05  3  + Soviet alert reduces by 0.02,PER-08-N-00037,,판정 불가,, => ,,old_only,,False,unresolved_different_or_unmatched_no_forced_link,GLOBAL_ARITHMETIC_RATE_WITHHELD,pending
PER-08,runs/raw_logs/Perplexity_RAG/8. U.S. Strategic Alternatives.pdf,3,1,s,,Public_Opinion,Public Opinion:  0.50  Kennedy's public appeal bolsters opinion  1 ),PER-08-N-00029,,판정 불가,, => ,,old_only,,False,unresolved_different_or_unmatched_no_forced_link,GLOBAL_ARITHMETIC_RATE_WITHHELD,pending
PER-08,runs/raw_logs/Perplexity_RAG/8. U.S. Strategic Alternatives.pdf,3,1,s,,Tension,Tension:  0.60  Strike increases 0.15  3  + Soviet alert increases 0.45  2 ),PER-08-N-00033,,판정 불가,, => ,,old_only,,False,unresolved_different_or_unmatched_no_forced_link,GLOBAL_ARITHMETIC_RATE_WITHHELD,pending
PER-08,runs/raw_logs/Perplexity_RAG/8. U.S. Strategic Alternatives.pdf,3,1,s,,Tension,Tension:  0.75  U.S. quarantine increases tension by 0.3  1  + Soviet denial increases,PER-08-N-00025,,판정 불가,, => ,,old_only,,False,unresolved_different_or_unmatched_no_forced_link,GLOBAL_ARITHMETIC_RATE_WITHHELD,pending
PER-08,runs/raw_logs/Perplexity_RAG/8. U.S. Strategic Alternatives.pdf,4,1,s,,Diplomatic_Support,Diplomatic Support:  0.10  Diplomatic success boosts support  3 ),PER-08-N-00043,,판정 불가,, => ,,old_only,,False,unresolved_different_or_unmatched_no_forced_link,GLOBAL_ARITHMETIC_RATE_WITHHELD,pending
PER-08,runs/raw_logs/Perplexity_RAG/8. U.S. Strategic Alternatives.pdf,4,1,s,,Leadership_Unity,Leadership Unity:  0.10  Soviet internal dispute reduces unity  2 ),PER-08-N-00047,,판정 불가,, => ,,old_only,,False,unresolved_different_or_unmatched_no_forced_link,GLOBAL_ARITHMETIC_RATE_WITHHELD,pending
PER-08,runs/raw_logs/Perplexity_RAG/8. U.S. Strategic Alternatives.pdf,4,1,s,,Public_Opinion,Public Opinion:  0.50  Public appeal strengthens opinion  1 ),PER-08-N-00045,,판정 불가,, => ,,old_only,,False,unresolved_different_or_unmatched_no_forced_link,GLOBAL_ARITHMETIC_RATE_WITHHELD,pending
PER-08,runs/raw_logs/Perplexity_RAG/8. U.S. Strategic Alternatives.pdf,4,1,s,,Tension,Tension:  0.05  Diplomatic success reduces tension  3 ),PER-08-N-00041,,판정 불가,, => ,,old_only,,False,unresolved_different_or_unmatched_no_forced_link,GLOBAL_ARITHMETIC_RATE_WITHHELD,pending
PER-09,runs/raw_logs/Perplexity_RAG/9. You are a tool for modeling strategic decisions. A.pdf,10,1,s for each strategic action combination identified in the,,Diplomatic_Support,Diplomatic Support0.62 ▲  0.02,PER-09-N-00024,,판정 불가,,0.62 => ,,old_only,,False,unresolved_different_or_unmatched_no_forced_link,GLOBAL_ARITHMETIC_RATE_WITHHELD,pending
PER-09,runs/raw_logs/Perplexity_RAG/9. You are a tool for modeling strategic decisions. A.pdf,10,1,s for each strategic action combination identified in the,,Leadership_Unity,Leadership Unity 0.60 ▲  0.05,PER-09-N-00026,,판정 불가,,0.60 => ,,old_only,,False,unresolved_different_or_unmatched_no_forced_link,GLOBAL_ARITHMETIC_RATE_WITHHELD,pending
PER-09,runs/raw_logs/Perplexity_RAG/9. You are a tool for modeling strategic decisions. A.pdf,10,1,s for each strategic action combination identified in the,,Public_Opinion,Public Opinion 0.55 ▲  0.02,PER-09-N-00025,,판정 불가,,0.55 => ,,old_only,,False,unresolved_different_or_unmatched_no_forced_link,GLOBAL_ARITHMETIC_RATE_WITHHELD,pending
PER-09,runs/raw_logs/Perplexity_RAG/9. You are a tool for modeling strategic decisions. A.pdf,10,1,s for each strategic action combination identified in the,,Tension,Tension 0.45 ▼  0.05,PER-09-N-00023,,판정 불가,,0.45 => ,,old_only,,False,unresolved_different_or_unmatched_no_forced_link,GLOBAL_ARITHMETIC_RATE_WITHHELD,pending
PER-09,runs/raw_logs/Perplexity_RAG/9. You are a tool for modeling strategic decisions. A.pdf,16,1,s for each strategic action combination identified in the,,Diplomatic_Support,Diplomatic Support: 0.31 (0.41 - 0.10 from dual Strikes),,PDFIUM-PER-09-N-00069,,준수,,0.31 => 0.31,candidate_only,,False,unresolved_different_or_unmatched_no_forced_link,GLOBAL_ARITHMETIC_RATE_WITHHELD,pending
PER-09,runs/raw_logs/Perplexity_RAG/9. You are a tool for modeling strategic decisions. A.pdf,16,1,s for each strategic action combination identified in the,,Diplomatic_Support,Diplomatic Support: 0.46 (0.41 + 0.10 from Diplomatic_Success - 0.05 from Strike),,PDFIUM-PER-09-N-00072,,위반,,0.46 => 0.51,candidate_only,,False,unresolved_different_or_unmatched_no_forced_link,GLOBAL_ARITHMETIC_RATE_WITHHELD,pending
PER-09,runs/raw_logs/Perplexity_RAG/9. You are a tool for modeling strategic decisions. A.pdf,16,1,s for each strategic action combination identified in the,,Leadership_Unity,Leadership Unity: 0.80 (1.0 - 0.20),,PDFIUM-PER-09-N-00071,,준수,,0.8 => 0.8,candidate_only,,False,unresolved_different_or_unmatched_no_forced_link,GLOBAL_ARITHMETIC_RATE_WITHHELD,pending
PER-09,runs/raw_logs/Perplexity_RAG/9. You are a tool for modeling strategic decisions. A.pdf,16,1,s for each strategic action combination identified in the,,Leadership_Unity,Leadership Unity: 0.95 (1.0 + 0.05 - 0.10),,PDFIUM-PER-09-N-00074,,준수,,0.95 => 0.95,candidate_only,,False,unresolved_different_or_unmatched_no_forced_link,GLOBAL_ARITHMETIC_RATE_WITHHELD,pending
PER-09,runs/raw_logs/Perplexity_RAG/9. You are a tool for modeling strategic decisions. A.pdf,16,1,s for each strategic action combination identified in the,,Public_Opinion,Public Opinion: 0.26 (0.36 - 0.10),,PDFIUM-PER-09-N-00070,,준수,,0.26 => 0.26,candidate_only,,False,unresolved_different_or_unmatched_no_forced_link,GLOBAL_ARITHMETIC_RATE_WITHHELD,pending
PER-09,runs/raw_logs/Perplexity_RAG/9. You are a tool for modeling strategic decisions. A.pdf,16,1,s for each strategic action combination identified in the,,Public_Opinion,Public Opinion: 0.36 (0.36 + 0.05 - 0.05),,PDFIUM-PER-09-N-00073,,준수,,0.36 => 0.36,candidate_only,,False,unresolved_different_or_unmatched_no_forced_link,GLOBAL_ARITHMETIC_RATE_WITHHELD,pending
PER-09,runs/raw_logs/Perplexity_RAG/9. You are a tool for modeling strategic decisions. A.pdf,17,1,s for each strategic action combination identified in the,,Diplomatic_Support,Diplomatic Support: 0.20 (0.30 - 0.10),,PDFIUM-PER-09-N-00075,,준수,,0.2 => 0.2,candidate_only,,False,unresolved_different_or_unmatched_no_forced_link,GLOBAL_ARITHMETIC_RATE_WITHHELD,pending
PER-09,runs/raw_logs/Perplexity_RAG/9. You are a tool for modeling strategic decisions. A.pdf,17,1,s for each strategic action combination identified in the,,Leadership_Unity,Leadership Unity: 0.80 (1.0 - 0.20),,PDFIUM-PER-09-N-00077,,준수,,0.8 => 0.8,candidate_only,,False,unresolved_different_or_unmatched_no_forced_link,GLOBAL_ARITHMETIC_RATE_WITHHELD,pending
PER-09,runs/raw_logs/Perplexity_RAG/9. You are a tool for modeling strategic decisions. A.pdf,17,1,s for each strategic action combination identified in the,,Public_Opinion,Public Opinion: 0.30 (0.40 - 0.10),,PDFIUM-PER-09-N-00076,,준수,,0.3 => 0.3,candidate_only,,False,unresolved_different_or_unmatched_no_forced_link,GLOBAL_ARITHMETIC_RATE_WITHHELD,pending
PER-09,runs/raw_logs/Perplexity_RAG/9. You are a tool for modeling strategic decisions. A.pdf,18,1,s for each strategic action combination identified in the,,Diplomatic_Support,Diplomatic Support: 0.35 (0.30 + 0.10 - 0.05),,PDFIUM-PER-09-N-00081,,준수,,0.35 => 0.35,candidate_only,,False,unresolved_different_or_unmatched_no_forced_link,GLOBAL_ARITHMETIC_RATE_WITHHELD,pending
PER-09,runs/raw_logs/Perplexity_RAG/9. You are a tool for modeling strategic decisions. A.pdf,18,1,s for each strategic action combination identified in the,,Diplomatic_Support,Diplomatic Support: 0.67 (0.62 + 0.10 - 0.05),,PDFIUM-PER-09-N-00100,,준수,,0.67 => 0.67,candidate_only,,False,unresolved_different_or_unmatched_no_forced_link,GLOBAL_ARITHMETIC_RATE_WITHHELD,pending
PER-09,runs/raw_logs/Perplexity_RAG/9. You are a tool for modeling strategic decisions. A.pdf,18,1,s for each strategic action combination identified in the,,Public_Opinion,Public Opinion: 0.45 (0.40 + 0.05),,PDFIUM-PER-09-N-00084,,준수,,0.45 => 0.45,candidate_only,,False,unresolved_different_or_unmatched_no_forced_link,GLOBAL_ARITHMETIC_RATE_WITHHELD,pending
PER-09,runs/raw_logs/Perplexity_RAG/9. You are a tool for modeling strategic decisions. A.pdf,18,1,s for each strategic action combination identified in the,,Public_Opinion,Public Opinion: 0.55 (0.50 + 0.05),,PDFIUM-PER-09-N-00103,,준수,,0.55 => 0.55,candidate_only,,False,unresolved_different_or_unmatched_no_forced_link,GLOBAL_ARITHMETIC_RATE_WITHHELD,pending
PER-09,runs/raw_logs/Perplexity_RAG/9. You are a tool for modeling strategic decisions. A.pdf,18,1,s for each strategic action combination identified in the,,Tension,Tension: 0.95 (1.0 - 0.05 from Diplomatic_Success),,PDFIUM-PER-09-N-00078 | PDFIUM-PER-09-N-00097,,준수 | 준수,,0.95 => 0.95 | 0.95 => 0.95,candidate_only,,False,unresolved_different_or_unmatched_no_forced_link,GLOBAL_ARITHMETIC_RATE_WITHHELD,pending
PER-09,runs/raw_logs/Perplexity_RAG/9. You are a tool for modeling strategic decisions. A.pdf,19,1,s for each strategic action combination identified in the,,Leadership_Unity,Leadership Unity: 0.85 (1.0 - 0.15 from military_alert),,PDFIUM-PER-09-N-00122,,준수,,0.85 => 0.85,candidate_only,,False,unresolved_different_or_unmatched_no_forced_link,GLOBAL_ARITHMETIC_RATE_WITHHELD,pending
PER-09,runs/raw_logs/Perplexity_RAG/9. You are a tool for modeling strategic decisions. A.pdf,5,1,s for each strategic action combination identified in the,,Diplomatic_Support,diplomatic_support:  0.05  U.S. Strike) +  0.10  Soviet diplomatic backlash) =  0.15,PER-09-N-00077,,판정 불가,, => ,,old_only,,False,unresolved_different_or_unmatched_no_forced_link,GLOBAL_ARITHMETIC_RATE_WITHHELD,pending
PER-09,runs/raw_logs/Perplexity_RAG/9. You are a tool for modeling strategic decisions. A.pdf,5,1,s for each strategic action combination identified in the,,Diplomatic_Support,diplomatic_support: 0.35  Initial 0.5   0.15 ,PER-09-N-00006,,판정 불가,,0.35 => ,,old_only,,False,unresolved_different_or_unmatched_no_forced_link,GLOBAL_ARITHMETIC_RATE_WITHHELD,pending
PER-09,runs/raw_logs/Perplexity_RAG/9. You are a tool for modeling strategic decisions. A.pdf,5,1,s for each strategic action combination identified in the,,Diplomatic_Support,diplomatic_support: 0.35 (Initial 0.5 - 0.15),,PDFIUM-PER-09-N-00032,,준수,,0.35 => 0.35,candidate_only,,False,unresolved_different_or_unmatched_no_forced_link,GLOBAL_ARITHMETIC_RATE_WITHHELD,pending
PER-09,runs/raw_logs/Perplexity_RAG/9. You are a tool for modeling strategic decisions. A.pdf,5,1,s for each strategic action combination identified in the,,Diplomatic_Support,diplomatic_support: 0.48  Initial 0.5   0.02 ,PER-09-N-00002,,판정 불가,,0.48 => ,,old_only,,False,unresolved_different_or_unmatched_no_forced_link,GLOBAL_ARITHMETIC_RATE_WITHHELD,pending
PER-09,runs/raw_logs/Perplexity_RAG/9. You are a tool for modeling strategic decisions. A.pdf,5,1,s for each strategic action combination identified in the,,Diplomatic_Support,diplomatic_support: 0.48 (Initial 0.5 - 0.02),,PDFIUM-PER-09-N-00012,,준수,,0.48 => 0.48,candidate_only,,False,unresolved_different_or_unmatched_no_forced_link,GLOBAL_ARITHMETIC_RATE_WITHHELD,pending
PER-09,runs/raw_logs/Perplexity_RAG/9. You are a tool for modeling strategic decisions. A.pdf,5,1,s for each strategic action combination identified in the,,Leadership_Unity,leadership_unity:  0.10  U.S. Strike) =  0.10,PER-09-N-00081,,판정 불가,, => ,,old_only,,False,unresolved_different_or_unmatched_no_forced_link,GLOBAL_ARITHMETIC_RATE_WITHHELD,pending
PER-09,runs/raw_logs/Perplexity_RAG/9. You are a tool for modeling strategic decisions. A.pdf,5,1,s for each strategic action combination identified in the,,Leadership_Unity,leadership_unity: 0.35  Initial 0.5   0.10   0.05 from Internal_Dispute),PER-09-N-00004,,판정 불가,,0.35 => ,,old_only,,False,unresolved_different_or_unmatched_no_forced_link,GLOBAL_ARITHMETIC_RATE_WITHHELD,pending
PER-09,runs/raw_logs/Perplexity_RAG/9. You are a tool for modeling strategic decisions. A.pdf,5,1,s for each strategic action combination identified in the,,Leadership_Unity,leadership_unity: 0.35 (Initial 0.5 - 0.10 - 0.05 from Internal_Dispute),,PDFIUM-PER-09-N-00018,,준수,,0.35 => 0.35,candidate_only,,False,unresolved_different_or_unmatched_no_forced_link,GLOBAL_ARITHMETIC_RATE_WITHHELD,pending
PER-09,runs/raw_logs/Perplexity_RAG/9. You are a tool for modeling strategic decisions. A.pdf,5,1,s for each strategic action combination identified in the,,Public_Opinion,public_opinion:  0.05  U.S. Strike) =  0.05,PER-09-N-00079,,판정 불가,, => ,,old_only,,False,unresolved_different_or_unmatched_no_forced_link,GLOBAL_ARITHMETIC_RATE_WITHHELD,pending
PER-09,runs/raw_logs/Perplexity_RAG/9. You are a tool for modeling strategic decisions. A.pdf,5,1,s for each strategic action combination identified in the,,Public_Opinion,public_opinion: 0.48  Initial 0.5   0.02 ,PER-09-N-00003,,판정 불가,,0.48 => ,,old_only,,False,unresolved_different_or_unmatched_no_forced_link,GLOBAL_ARITHMETIC_RATE_WITHHELD,pending
PER-09,runs/raw_logs/Perplexity_RAG/9. You are a tool for modeling strategic decisions. A.pdf,5,1,s for each strategic action combination identified in the,,Public_Opinion,public_opinion: 0.48 (Initial 0.5 - 0.02),,PDFIUM-PER-09-N-00015,,준수,,0.48 => 0.48,candidate_only,,False,unresolved_different_or_unmatched_no_forced_link,GLOBAL_ARITHMETIC_RATE_WITHHELD,pending
PER-09,runs/raw_logs/Perplexity_RAG/9. You are a tool for modeling strategic decisions. A.pdf,5,1,s for each strategic action combination identified in the,,Tension,tension:  0.15  U.S. Strike) + 0.45  Soviet military_alert) =  0.60,PER-09-N-00075,,판정 불가,, => ,,old_only,,False,unresolved_different_or_unmatched_no_forced_link,GLOBAL_ARITHMETIC_RATE_WITHHELD,pending
PER-09,runs/raw_logs/Perplexity_RAG/9. You are a tool for modeling strategic decisions. A.pdf,5,1,s for each strategic action combination identified in the,,Tension,tension: 0.95  Initial 0.5   0.45 from Covert_Detection),PER-09-N-00001,,판정 불가,,0.95 => ,,old_only,,False,unresolved_different_or_unmatched_no_forced_link,GLOBAL_ARITHMETIC_RATE_WITHHELD,pending
PER-09,runs/raw_logs/Perplexity_RAG/9. You are a tool for modeling strategic decisions. A.pdf,5,1,s for each strategic action combination identified in the,,Tension,tension: 0.95 (Initial 0.5 + 0.45 from Covert_Detection),,PDFIUM-PER-09-N-00009,,준수,,0.95 => 0.95,candidate_only,,False,unresolved_different_or_unmatched_no_forced_link,GLOBAL_ARITHMETIC_RATE_WITHHELD,pending
PER-09,runs/raw_logs/Perplexity_RAG/9. You are a tool for modeling strategic decisions. A.pdf,5,1,s for each strategic action combination identified in the,,Tension,tension: 1.00  Initial 0.5   0.5 from combined events),PER-09-N-00005,,판정 불가,,1.00 => ,,old_only,,False,unresolved_different_or_unmatched_no_forced_link,GLOBAL_ARITHMETIC_RATE_WITHHELD,pending
PER-09,runs/raw_logs/Perplexity_RAG/9. You are a tool for modeling strategic decisions. A.pdf,5,1,s for each strategic action combination identified in the,,Tension,tension: 1.00 (Initial 0.5 + 0.5 from combined events),,PDFIUM-PER-09-N-00029,,준수,,1 => 1,candidate_only,,False,unresolved_different_or_unmatched_no_forced_link,GLOBAL_ARITHMETIC_RATE_WITHHELD,pending
PER-09,runs/raw_logs/Perplexity_RAG/9. You are a tool for modeling strategic decisions. A.pdf,6,1,s for each strategic action combination identified in the,,Diplomatic_Support,   Path 3  Diplomatic) is the only combination improving diplomatic support  0.60) and,PER-09-N-00093,,판정 불가,, => ,,old_only,,False,unresolved_different_or_unmatched_no_forced_link,GLOBAL_ARITHMETIC_RATE_WITHHELD,pending
PER-09,runs/raw_logs/Perplexity_RAG/9. You are a tool for modeling strategic decisions. A.pdf,6,1,s for each strategic action combination identified in the,,Diplomatic_Support,Diplomatic_Isolation  Averted: diplomatic_support  0.5 ,PER-09-N-00091,,판정 불가,, => ,,old_only,,False,unresolved_different_or_unmatched_no_forced_link,GLOBAL_ARITHMETIC_RATE_WITHHELD,pending
PER-09,runs/raw_logs/Perplexity_RAG/9. You are a tool for modeling strategic decisions. A.pdf,6,1,s for each strategic action combination identified in the,,Diplomatic_Support,diplomatic_support:  0.10  Soviet Diplomatic_Success) =  0.10,PER-09-N-00085,,판정 불가,, => ,,old_only,,False,unresolved_different_or_unmatched_no_forced_link,GLOBAL_ARITHMETIC_RATE_WITHHELD,pending
PER-09,runs/raw_logs/Perplexity_RAG/9. You are a tool for modeling strategic decisions. A.pdf,6,1,s for each strategic action combination identified in the,,Diplomatic_Support,diplomatic_support: 0.60  Initial 0.5   0.10 ,PER-09-N-00010,,판정 불가,,0.60 => ,,old_only,,False,unresolved_different_or_unmatched_no_forced_link,GLOBAL_ARITHMETIC_RATE_WITHHELD,pending
PER-09,runs/raw_logs/Perplexity_RAG/9. You are a tool for modeling strategic decisions. A.pdf,6,1,s for each strategic action combination identified in the,,Diplomatic_Support,diplomatic_support: 0.60 (Initial 0.5 + 0.10),,PDFIUM-PER-09-N-00052,,준수,,0.6 => 0.6,candidate_only,,False,unresolved_different_or_unmatched_no_forced_link,GLOBAL_ARITHMETIC_RATE_WITHHELD,pending
PER-09,runs/raw_logs/Perplexity_RAG/9. You are a tool for modeling strategic decisions. A.pdf,6,1,s for each strategic action combination identified in the,,Leadership_Unity,leadership_unity:  0.05  Soviet Diplomatic_Success) =  0.05,PER-09-N-00089,,판정 불가,, => ,,old_only,,False,unresolved_different_or_unmatched_no_forced_link,GLOBAL_ARITHMETIC_RATE_WITHHELD,pending
PER-09,runs/raw_logs/Perplexity_RAG/9. You are a tool for modeling strategic decisions. A.pdf,6,1,s for each strategic action combination identified in the,,Leadership_Unity,leadership_unity: 0.30  Initial 0.5   0.10   0.10 from Internal_Dispute),PER-09-N-00008,,판정 불가,,0.30 => ,,old_only,,False,unresolved_different_or_unmatched_no_forced_link,GLOBAL_ARITHMETIC_RATE_WITHHELD,pending
PER-09,runs/raw_logs/Perplexity_RAG/9. You are a tool for modeling strategic decisions. A.pdf,6,1,s for each strategic action combination identified in the,,Leadership_Unity,leadership_unity: 0.30 (Initial 0.5 - 0.10 - 0.10 from Internal_Dispute),,PDFIUM-PER-09-N-00038,,준수,,0.3 => 0.3,candidate_only,,False,unresolved_different_or_unmatched_no_forced_link,GLOBAL_ARITHMETIC_RATE_WITHHELD,pending
PER-09,runs/raw_logs/Perplexity_RAG/9. You are a tool for modeling strategic decisions. A.pdf,6,1,s for each strategic action combination identified in the,,Leadership_Unity,leadership_unity: 0.60  Initial 0.5   0.05   0.05 from Strong_Leadership),PER-09-N-00012,,판정 불가,,0.60 => ,,old_only,,False,unresolved_different_or_unmatched_no_forced_link,GLOBAL_ARITHMETIC_RATE_WITHHELD,pending
PER-09,runs/raw_logs/Perplexity_RAG/9. You are a tool for modeling strategic decisions. A.pdf,6,1,s for each strategic action combination identified in the,,Leadership_Unity,leadership_unity: 0.60 (Initial 0.5 + 0.05 + 0.05 from Strong_Leadership),,PDFIUM-PER-09-N-00058,,준수,,0.6 => 0.6,candidate_only,,False,unresolved_different_or_unmatched_no_forced_link,GLOBAL_ARITHMETIC_RATE_WITHHELD,pending
PER-09,runs/raw_logs/Perplexity_RAG/9. You are a tool for modeling strategic decisions. A.pdf,6,1,s for each strategic action combination identified in the,,Public_Opinion,public_opinion:  0.05  Soviet Diplomatic_Success) =  0.05,PER-09-N-00087,,판정 불가,, => ,,old_only,,False,unresolved_different_or_unmatched_no_forced_link,GLOBAL_ARITHMETIC_RATE_WITHHELD,pending
PER-09,runs/raw_logs/Perplexity_RAG/9. You are a tool for modeling strategic decisions. A.pdf,6,1,s for each strategic action combination identified in the,,Public_Opinion,public_opinion: 0.45  Initial 0.5   0.05 ,PER-09-N-00007,,판정 불가,,0.45 => ,,old_only,,False,unresolved_different_or_unmatched_no_forced_link,GLOBAL_ARITHMETIC_RATE_WITHHELD,pending
PER-09,runs/raw_logs/Perplexity_RAG/9. You are a tool for modeling strategic decisions. A.pdf,6,1,s for each strategic action combination identified in the,,Public_Opinion,public_opinion: 0.45 (Initial 0.5 - 0.05),,PDFIUM-PER-09-N-00035,,준수,,0.45 => 0.45,candidate_only,,False,unresolved_different_or_unmatched_no_forced_link,GLOBAL_ARITHMETIC_RATE_WITHHELD,pending
PER-09,runs/raw_logs/Perplexity_RAG/9. You are a tool for modeling strategic decisions. A.pdf,6,1,s for each strategic action combination identified in the,,Public_Opinion,public_opinion: 0.55  Initial 0.5   0.05 ,PER-09-N-00011,,판정 불가,,0.55 => ,,old_only,,False,unresolved_different_or_unmatched_no_forced_link,GLOBAL_ARITHMETIC_RATE_WITHHELD,pending
PER-09,runs/raw_logs/Perplexity_RAG/9. You are a tool for modeling strategic decisions. A.pdf,6,1,s for each strategic action combination identified in the,,Public_Opinion,public_opinion: 0.55 (Initial 0.5 + 0.05),,PDFIUM-PER-09-N-00055,,준수,,0.55 => 0.55,candidate_only,,False,unresolved_different_or_unmatched_no_forced_link,GLOBAL_ARITHMETIC_RATE_WITHHELD,pending
PER-09,runs/raw_logs/Perplexity_RAG/9. You are a tool for modeling strategic decisions. A.pdf,6,1,s for each strategic action combination identified in the,,Tension,"reducing tension  0.45 , though dependent on Soviet flexibility.",PER-09-N-00095,,판정 불가,, => ,,old_only,,False,unresolved_different_or_unmatched_no_forced_link,GLOBAL_ARITHMETIC_RATE_WITHHELD,pending
PER-09,runs/raw_logs/Perplexity_RAG/9. You are a tool for modeling strategic decisions. A.pdf,6,1,s for each strategic action combination identified in the,,Tension,tension:  0.05  Soviet Diplomatic_Success) =  0.05,PER-09-N-00083,,판정 불가,, => ,,old_only,,False,unresolved_different_or_unmatched_no_forced_link,GLOBAL_ARITHMETIC_RATE_WITHHELD,pending
PER-09,runs/raw_logs/Perplexity_RAG/9. You are a tool for modeling strategic decisions. A.pdf,6,1,s for each strategic action combination identified in the,,Tension,tension: 0.45  Initial 0.5   0.05 ,PER-09-N-00009,,판정 불가,,0.45 => ,,old_only,,False,unresolved_different_or_unmatched_no_forced_link,GLOBAL_ARITHMETIC_RATE_WITHHELD,pending
PER-09,runs/raw_logs/Perplexity_RAG/9. You are a tool for modeling strategic decisions. A.pdf,6,1,s for each strategic action combination identified in the,,Tension,tension: 0.45 (Initial 0.5 - 0.05),,PDFIUM-PER-09-N-00049,,준수,,0.45 => 0.45,candidate_only,,False,unresolved_different_or_unmatched_no_forced_link,GLOBAL_ARITHMETIC_RATE_WITHHELD,pending
PER-09,runs/raw_logs/Perplexity_RAG/9. You are a tool for modeling strategic decisions. A.pdf,7,1,s for each strategic action combination identified in the,,Diplomatic_Support,Diplomatic Support0.46 ▼  0.02,PER-09-N-00014,,판정 불가,,0.46 => ,,old_only,,False,unresolved_different_or_unmatched_no_forced_link,GLOBAL_ARITHMETIC_RATE_WITHHELD,pending
PER-09,runs/raw_logs/Perplexity_RAG/9. You are a tool for modeling strategic decisions. A.pdf,7,1,s for each strategic action combination identified in the,,Leadership_Unity,Leadership Unity 0.30 ▼  0.05,PER-09-N-00016,,판정 불가,,0.30 => ,,old_only,,False,unresolved_different_or_unmatched_no_forced_link,GLOBAL_ARITHMETIC_RATE_WITHHELD,pending
PER-09,runs/raw_logs/Perplexity_RAG/9. You are a tool for modeling strategic decisions. A.pdf,7,1,s for each strategic action combination identified in the,,Public_Opinion,Public Opinion 0.46 ▼  0.02,PER-09-N-00015,,판정 불가,,0.46 => ,,old_only,,False,unresolved_different_or_unmatched_no_forced_link,GLOBAL_ARITHMETIC_RATE_WITHHELD,pending
PER-09,runs/raw_logs/Perplexity_RAG/9. You are a tool for modeling strategic decisions. A.pdf,7,1,s for each strategic action combination identified in the,,Tension,Tension 1.00 ▲  0.05,PER-09-N-00013,,판정 불가,,1.00 => ,,old_only,,False,unresolved_different_or_unmatched_no_forced_link,GLOBAL_ARITHMETIC_RATE_WITHHELD,pending
PER-09,runs/raw_logs/Perplexity_RAG/9. You are a tool for modeling strategic decisions. A.pdf,8,1,s for each strategic action combination identified in the,,Diplomatic_Support,Diplomatic Isolation  Diplomatic Support=0.35 ,PER-09-N-00022,,판정 불가,,0.35 => ,,old_only,,False,unresolved_different_or_unmatched_no_forced_link,GLOBAL_ARITHMETIC_RATE_WITHHELD,pending
PER-09,runs/raw_logs/Perplexity_RAG/9. You are a tool for modeling strategic decisions. A.pdf,8,1,s for each strategic action combination identified in the,,Diplomatic_Support,Diplomatic Support 0.35 ▼  0.02,PER-09-N-00018,,판정 불가,,0.35 => ,,old_only,,False,unresolved_different_or_unmatched_no_forced_link,GLOBAL_ARITHMETIC_RATE_WITHHELD,pending
PER-09,runs/raw_logs/Perplexity_RAG/9. You are a tool for modeling strategic decisions. A.pdf,8,1,s for each strategic action combination identified in the,,Leadership_Unity,Leadership Unity 0.25 ▼  0.05,PER-09-N-00020,,판정 불가,,0.25 => ,,old_only,,False,unresolved_different_or_unmatched_no_forced_link,GLOBAL_ARITHMETIC_RATE_WITHHELD,pending
PER-09,runs/raw_logs/Perplexity_RAG/9. You are a tool for modeling strategic decisions. A.pdf,8,1,s for each strategic action combination identified in the,,Public_Opinion,Public Opinion 0.45 ▼  0.02,PER-09-N-00019,,판정 불가,,0.45 => ,,old_only,,False,unresolved_different_or_unmatched_no_forced_link,GLOBAL_ARITHMETIC_RATE_WITHHELD,pending
PER-09,runs/raw_logs/Perplexity_RAG/9. You are a tool for modeling strategic decisions. A.pdf,8,1,s for each strategic action combination identified in the,,Tension,Military Conflict Risk  Tension=1.0 ,PER-09-N-00021,,판정 불가,,1.0 => ,,old_only,,False,unresolved_different_or_unmatched_no_forced_link,GLOBAL_ARITHMETIC_RATE_WITHHELD,pending
PER-09,runs/raw_logs/Perplexity_RAG/9. You are a tool for modeling strategic decisions. A.pdf,8,1,s for each strategic action combination identified in the,,Tension,Tension 1.00 ▲  0.05,PER-09-N-00017,,판정 불가,,1.00 => ,,old_only,,False,unresolved_different_or_unmatched_no_forced_link,GLOBAL_ARITHMETIC_RATE_WITHHELD,pending
PER-10,runs/raw_logs/Perplexity_RAG/10. Strategic Alternatives and Triggers.pdf,12,2,Combination 1,,Tension,Updated Variables After U 2 Event  Tension  0.15 ,PER-10-N-00262,,판정 불가,, => ,,old_only,,False,unresolved_different_or_unmatched_no_forced_link,GLOBAL_ARITHMETIC_RATE_WITHHELD,pending
PER-10,runs/raw_logs/Perplexity_RAG/10. Strategic Alternatives and Triggers.pdf,14,2,Combination 2,,Tension,Updated Variables After U 2 Event  Tension  0.15 ,PER-10-N-00264,,판정 불가,, => ,,old_only,,False,unresolved_different_or_unmatched_no_forced_link,GLOBAL_ARITHMETIC_RATE_WITHHELD,pending
PER-10,runs/raw_logs/Perplexity_RAG/10. Strategic Alternatives and Triggers.pdf,15,2,Combination 3,,Tension,Updated Variables After U 2 Event  Tension  0.15 ,PER-10-N-00266,,판정 불가,, => ,,old_only,,False,unresolved_different_or_unmatched_no_forced_link,GLOBAL_ARITHMETIC_RATE_WITHHELD,pending
PER-11,runs/raw_logs/Perplexity_RAG/11. __Strategic Action Options Analysis__.pdf,10,1,Combination 1,,Diplomatic_Support,Diplomatic_Support: 0.53  0.58   0.05 ,PER-11-N-00019,,판정 불가,,0.53 => ,,old_only,,False,unresolved_different_or_unmatched_no_forced_link,GLOBAL_ARITHMETIC_RATE_WITHHELD,pending
PER-11,runs/raw_logs/Perplexity_RAG/11. __Strategic Action Options Analysis__.pdf,10,1,Combination 1,,Diplomatic_Support,Diplomatic_Support: 0.53 (0.58 - 0.05),,PDFIUM-PER-11-N-00064,,준수,,0.53 => 0.53,candidate_only,,False,unresolved_different_or_unmatched_no_forced_link,GLOBAL_ARITHMETIC_RATE_WITHHELD,pending
PER-11,runs/raw_logs/Perplexity_RAG/11. __Strategic Action Options Analysis__.pdf,10,1,Combination 1,,Leadership_Unity,Leadership_Unity: 0.65  0.75   0.10 ,PER-11-N-00021,,판정 불가,,0.65 => ,,old_only,,False,unresolved_different_or_unmatched_no_forced_link,GLOBAL_ARITHMETIC_RATE_WITHHELD,pending
PER-11,runs/raw_logs/Perplexity_RAG/11. __Strategic Action Options Analysis__.pdf,10,1,Combination 1,,Leadership_Unity,Leadership_Unity: 0.65 (0.75 - 0.10),,PDFIUM-PER-11-N-00070,,준수,,0.65 => 0.65,candidate_only,,False,unresolved_different_or_unmatched_no_forced_link,GLOBAL_ARITHMETIC_RATE_WITHHELD,pending
PER-11,runs/raw_logs/Perplexity_RAG/11. __Strategic Action Options Analysis__.pdf,10,1,Combination 1,,Public_Opinion,Public_Opinion: 0.48  0.53   0.05 ,PER-11-N-00020,,판정 불가,,0.48 => ,,old_only,,False,unresolved_different_or_unmatched_no_forced_link,GLOBAL_ARITHMETIC_RATE_WITHHELD,pending
PER-11,runs/raw_logs/Perplexity_RAG/11. __Strategic Action Options Analysis__.pdf,10,1,Combination 1,,Public_Opinion,Public_Opinion: 0.48 (0.53 - 0.05),,PDFIUM-PER-11-N-00067,,준수,,0.48 => 0.48,candidate_only,,False,unresolved_different_or_unmatched_no_forced_link,GLOBAL_ARITHMETIC_RATE_WITHHELD,pending
PER-11,runs/raw_logs/Perplexity_RAG/11. __Strategic Action Options Analysis__.pdf,10,1,Combination 1,,Tension,Tension: 0.85  0.70   0.15 ,PER-11-N-00018,,판정 불가,,0.85 => ,,old_only,,False,unresolved_different_or_unmatched_no_forced_link,GLOBAL_ARITHMETIC_RATE_WITHHELD,pending
PER-11,runs/raw_logs/Perplexity_RAG/11. __Strategic Action Options Analysis__.pdf,10,1,Combination 1,,Tension,Tension: 0.85 (0.70 + 0.15),,PDFIUM-PER-11-N-00061,,준수,,0.85 => 0.85,candidate_only,,False,unresolved_different_or_unmatched_no_forced_link,GLOBAL_ARITHMETIC_RATE_WITHHELD,pending
PER-11,runs/raw_logs/Perplexity_RAG/11. __Strategic Action Options Analysis__.pdf,11,1,Combination 2,,Diplomatic_Support,Diplomatic_Support: 0.36  0.41   0.05 ,PER-11-N-00023,,판정 불가,,0.36 => ,,old_only,,False,unresolved_different_or_unmatched_no_forced_link,GLOBAL_ARITHMETIC_RATE_WITHHELD,pending
PER-11,runs/raw_logs/Perplexity_RAG/11. __Strategic Action Options Analysis__.pdf,11,1,Combination 2,,Diplomatic_Support,Diplomatic_Support: 0.36 (0.41 - 0.05),,PDFIUM-PER-11-N-00076,,준수,,0.36 => 0.36,candidate_only,,False,unresolved_different_or_unmatched_no_forced_link,GLOBAL_ARITHMETIC_RATE_WITHHELD,pending
PER-11,runs/raw_logs/Perplexity_RAG/11. __Strategic Action Options Analysis__.pdf,11,1,Combination 2,,Leadership_Unity,Leadership_Unity: 0.50  0.60   0.10 ,PER-11-N-00025,,판정 불가,,0.50 => ,,old_only,,False,unresolved_different_or_unmatched_no_forced_link,GLOBAL_ARITHMETIC_RATE_WITHHELD,pending
PER-11,runs/raw_logs/Perplexity_RAG/11. __Strategic Action Options Analysis__.pdf,11,1,Combination 2,,Leadership_Unity,Leadership_Unity: 0.50 (0.60 - 0.10),,PDFIUM-PER-11-N-00082,,준수,,0.5 => 0.5,candidate_only,,False,unresolved_different_or_unmatched_no_forced_link,GLOBAL_ARITHMETIC_RATE_WITHHELD,pending
PER-11,runs/raw_logs/Perplexity_RAG/11. __Strategic Action Options Analysis__.pdf,11,1,Combination 2,,Public_Opinion,Public_Opinion: 0.36  0.41   0.05 ,PER-11-N-00024,,판정 불가,,0.36 => ,,old_only,,False,unresolved_different_or_unmatched_no_forced_link,GLOBAL_ARITHMETIC_RATE_WITHHELD,pending
PER-11,runs/raw_logs/Perplexity_RAG/11. __Strategic Action Options Analysis__.pdf,11,1,Combination 2,,Public_Opinion,Public_Opinion: 0.36 (0.41 - 0.05),,PDFIUM-PER-11-N-00079,,준수,,0.36 => 0.36,candidate_only,,False,unresolved_different_or_unmatched_no_forced_link,GLOBAL_ARITHMETIC_RATE_WITHHELD,pending
PER-11,runs/raw_logs/Perplexity_RAG/11. __Strategic Action Options Analysis__.pdf,11,1,Combination 2,,Tension,Tension: 0.95  0.80   0.15 ,PER-11-N-00022,,판정 불가,,0.95 => ,,old_only,,False,unresolved_different_or_unmatched_no_forced_link,GLOBAL_ARITHMETIC_RATE_WITHHELD,pending
PER-11,runs/raw_logs/Perplexity_RAG/11. __Strategic Action Options Analysis__.pdf,11,1,Combination 2,,Tension,Tension: 0.95 (0.80 + 0.15),,PDFIUM-PER-11-N-00073,,준수,,0.95 => 0.95,candidate_only,,False,unresolved_different_or_unmatched_no_forced_link,GLOBAL_ARITHMETIC_RATE_WITHHELD,pending
PER-11,runs/raw_logs/Perplexity_RAG/11. __Strategic Action Options Analysis__.pdf,12,1,Combination 3,,Diplomatic_Support,Diplomatic_Support: 0.48  0.53   0.05 ,PER-11-N-00027,,판정 불가,,0.48 => ,,old_only,,False,unresolved_different_or_unmatched_no_forced_link,GLOBAL_ARITHMETIC_RATE_WITHHELD,pending
PER-11,runs/raw_logs/Perplexity_RAG/11. __Strategic Action Options Analysis__.pdf,12,1,Combination 3,,Diplomatic_Support,Diplomatic_Support: 0.48 (0.53 - 0.05),,PDFIUM-PER-11-N-00088,,준수,,0.48 => 0.48,candidate_only,,False,unresolved_different_or_unmatched_no_forced_link,GLOBAL_ARITHMETIC_RATE_WITHHELD,pending
PER-11,runs/raw_logs/Perplexity_RAG/11. __Strategic Action Options Analysis__.pdf,12,1,Combination 3,,Leadership_Unity,Leadership_Unity: 0.10  0.20   0.10 ,PER-11-N-00029,,판정 불가,,0.10 => ,,old_only,,False,unresolved_different_or_unmatched_no_forced_link,GLOBAL_ARITHMETIC_RATE_WITHHELD,pending
PER-11,runs/raw_logs/Perplexity_RAG/11. __Strategic Action Options Analysis__.pdf,12,1,Combination 3,,Leadership_Unity,Leadership_Unity: 0.10 (0.20 - 0.10),,PDFIUM-PER-11-N-00094,,준수,,0.1 => 0.1,candidate_only,,False,unresolved_different_or_unmatched_no_forced_link,GLOBAL_ARITHMETIC_RATE_WITHHELD,pending
PER-11,runs/raw_logs/Perplexity_RAG/11. __Strategic Action Options Analysis__.pdf,12,1,Combination 3,,Public_Opinion,Public_Opinion: 0.43  0.48   0.05 ,PER-11-N-00028,,판정 불가,,0.43 => ,,old_only,,False,unresolved_different_or_unmatched_no_forced_link,GLOBAL_ARITHMETIC_RATE_WITHHELD,pending
PER-11,runs/raw_logs/Perplexity_RAG/11. __Strategic Action Options Analysis__.pdf,12,1,Combination 3,,Public_Opinion,Public_Opinion: 0.43 (0.48 - 0.05),,PDFIUM-PER-11-N-00091,,준수,,0.43 => 0.43,candidate_only,,False,unresolved_different_or_unmatched_no_forced_link,GLOBAL_ARITHMETIC_RATE_WITHHELD,pending
PER-11,runs/raw_logs/Perplexity_RAG/11. __Strategic Action Options Analysis__.pdf,12,1,Combination 3,,Tension,Tension: 0.65  0.50   0.15 ,PER-11-N-00026,,판정 불가,,0.65 => ,,old_only,,False,unresolved_different_or_unmatched_no_forced_link,GLOBAL_ARITHMETIC_RATE_WITHHELD,pending
PER-11,runs/raw_logs/Perplexity_RAG/11. __Strategic Action Options Analysis__.pdf,12,1,Combination 3,,Tension,Tension: 0.65 (0.50 + 0.15),,PDFIUM-PER-11-N-00085,,준수,,0.65 => 0.65,candidate_only,,False,unresolved_different_or_unmatched_no_forced_link,GLOBAL_ARITHMETIC_RATE_WITHHELD,pending
PER-11,runs/raw_logs/Perplexity_RAG/11. __Strategic Action Options Analysis__.pdf,13,1,Combination 1,,Diplomatic_Support,Diplomatic_Support: 0.48  0.53   0.05 ,PER-11-N-00031,,판정 불가,,0.48 => ,,old_only,,False,unresolved_different_or_unmatched_no_forced_link,GLOBAL_ARITHMETIC_RATE_WITHHELD,pending
PER-11,runs/raw_logs/Perplexity_RAG/11. __Strategic Action Options Analysis__.pdf,13,1,Combination 1,,Diplomatic_Support,Diplomatic_Support: 0.48 (0.53 - 0.05),,PDFIUM-PER-11-N-00100,,준수,,0.48 => 0.48,candidate_only,,False,unresolved_different_or_unmatched_no_forced_link,GLOBAL_ARITHMETIC_RATE_WITHHELD,pending
PER-11,runs/raw_logs/Perplexity_RAG/11. __Strategic Action Options Analysis__.pdf,13,1,Combination 1,,Leadership_Unity,Leadership_Unity: 0.55  0.65   0.10 ,PER-11-N-00033,,판정 불가,,0.55 => ,,old_only,,False,unresolved_different_or_unmatched_no_forced_link,GLOBAL_ARITHMETIC_RATE_WITHHELD,pending
PER-11,runs/raw_logs/Perplexity_RAG/11. __Strategic Action Options Analysis__.pdf,13,1,Combination 1,,Leadership_Unity,Leadership_Unity: 0.55 (0.65 - 0.10),,PDFIUM-PER-11-N-00106,,준수,,0.55 => 0.55,candidate_only,,False,unresolved_different_or_unmatched_no_forced_link,GLOBAL_ARITHMETIC_RATE_WITHHELD,pending
PER-11,runs/raw_logs/Perplexity_RAG/11. __Strategic Action Options Analysis__.pdf,13,1,Combination 1,,Public_Opinion,Public_Opinion: 0.43  0.48   0.05 ,PER-11-N-00032,,판정 불가,,0.43 => ,,old_only,,False,unresolved_different_or_unmatched_no_forced_link,GLOBAL_ARITHMETIC_RATE_WITHHELD,pending
PER-11,runs/raw_logs/Perplexity_RAG/11. __Strategic Action Options Analysis__.pdf,13,1,Combination 1,,Public_Opinion,Public_Opinion: 0.43 (0.48 - 0.05),,PDFIUM-PER-11-N-00103,,준수,,0.43 => 0.43,candidate_only,,False,unresolved_different_or_unmatched_no_forced_link,GLOBAL_ARITHMETIC_RATE_WITHHELD,pending
PER-11,runs/raw_logs/Perplexity_RAG/11. __Strategic Action Options Analysis__.pdf,13,1,Combination 1,,Tension,Tension: 1.0  0.85   0.15 → clamped to max 1.0 ,PER-11-N-00030,,판정 불가,,1.0 => ,,old_only,,False,unresolved_different_or_unmatched_no_forced_link,GLOBAL_ARITHMETIC_RATE_WITHHELD,pending
PER-11,runs/raw_logs/Perplexity_RAG/11. __Strategic Action Options Analysis__.pdf,13,1,Combination 1,,Tension,Tension: 1.0 (0.85 + 0.15 → clamped to max 1.0),,PDFIUM-PER-11-N-00097,,준수,,1 => 1,candidate_only,,False,unresolved_different_or_unmatched_no_forced_link,GLOBAL_ARITHMETIC_RATE_WITHHELD,pending
PER-11,runs/raw_logs/Perplexity_RAG/11. __Strategic Action Options Analysis__.pdf,14,1,Combination 2,,Diplomatic_Support,Diplomatic_Support: 0.31  0.36   0.05 ,PER-11-N-00035,,판정 불가,,0.31 => ,,old_only,,False,unresolved_different_or_unmatched_no_forced_link,GLOBAL_ARITHMETIC_RATE_WITHHELD,pending
PER-11,runs/raw_logs/Perplexity_RAG/11. __Strategic Action Options Analysis__.pdf,14,1,Combination 2,,Diplomatic_Support,Diplomatic_Support: 0.31 (0.36 - 0.05),,PDFIUM-PER-11-N-00114,,준수,,0.31 => 0.31,candidate_only,,False,unresolved_different_or_unmatched_no_forced_link,GLOBAL_ARITHMETIC_RATE_WITHHELD,pending
PER-11,runs/raw_logs/Perplexity_RAG/11. __Strategic Action Options Analysis__.pdf,14,1,Combination 2,,Leadership_Unity,Leadership_Unity: 0.40  0.50   0.10 ,PER-11-N-00037,,판정 불가,,0.40 => ,,old_only,,False,unresolved_different_or_unmatched_no_forced_link,GLOBAL_ARITHMETIC_RATE_WITHHELD,pending
PER-11,runs/raw_logs/Perplexity_RAG/11. __Strategic Action Options Analysis__.pdf,14,1,Combination 2,,Leadership_Unity,Leadership_Unity: 0.40 (0.50 - 0.10),,PDFIUM-PER-11-N-00120,,준수,,0.4 => 0.4,candidate_only,,False,unresolved_different_or_unmatched_no_forced_link,GLOBAL_ARITHMETIC_RATE_WITHHELD,pending
PER-11,runs/raw_logs/Perplexity_RAG/11. __Strategic Action Options Analysis__.pdf,14,1,Combination 2,,Public_Opinion,Public_Opinion: 0.31  0.36   0.05 ,PER-11-N-00036,,판정 불가,,0.31 => ,,old_only,,False,unresolved_different_or_unmatched_no_forced_link,GLOBAL_ARITHMETIC_RATE_WITHHELD,pending
PER-11,runs/raw_logs/Perplexity_RAG/11. __Strategic Action Options Analysis__.pdf,14,1,Combination 2,,Public_Opinion,Public_Opinion: 0.31 (0.36 - 0.05),,PDFIUM-PER-11-N-00117,,준수,,0.31 => 0.31,candidate_only,,False,unresolved_different_or_unmatched_no_forced_link,GLOBAL_ARITHMETIC_RATE_WITHHELD,pending
PER-11,runs/raw_logs/Perplexity_RAG/11. __Strategic Action Options Analysis__.pdf,14,1,Combination 2,,Tension,Tension: 1.0  0.95   0.05 → clamped),PER-11-N-00034,,판정 불가,,1.0 => ,,old_only,,False,unresolved_different_or_unmatched_no_forced_link,GLOBAL_ARITHMETIC_RATE_WITHHELD,pending
PER-11,runs/raw_logs/Perplexity_RAG/11. __Strategic Action Options Analysis__.pdf,14,1,Combination 2,,Tension,Tension: 1.0 (0.95 + 0.05 → clamped),,PDFIUM-PER-11-N-00111,,준수,,1 => 1,candidate_only,,False,unresolved_different_or_unmatched_no_forced_link,GLOBAL_ARITHMETIC_RATE_WITHHELD,pending
PER-11,runs/raw_logs/Perplexity_RAG/11. __Strategic Action Options Analysis__.pdf,15,1,Combination 3,,Diplomatic_Support,Diplomatic_Support: 0.43  0.48   0.05 ,PER-11-N-00039,,판정 불가,,0.43 => ,,old_only,,False,unresolved_different_or_unmatched_no_forced_link,GLOBAL_ARITHMETIC_RATE_WITHHELD,pending
PER-11,runs/raw_logs/Perplexity_RAG/11. __Strategic Action Options Analysis__.pdf,15,1,Combination 3,,Diplomatic_Support,Diplomatic_Support: 0.43 (0.48 - 0.05),,PDFIUM-PER-11-N-00126,,준수,,0.43 => 0.43,candidate_only,,False,unresolved_different_or_unmatched_no_forced_link,GLOBAL_ARITHMETIC_RATE_WITHHELD,pending
PER-11,runs/raw_logs/Perplexity_RAG/11. __Strategic Action Options Analysis__.pdf,15,1,Combination 3,,Leadership_Unity,Leadership_Unity: 0.00  0.10   0.10 → clamped to 0.0 ,PER-11-N-00041,,판정 불가,,0.00 => ,,old_only,,False,unresolved_different_or_unmatched_no_forced_link,GLOBAL_ARITHMETIC_RATE_WITHHELD,pending
PER-11,runs/raw_logs/Perplexity_RAG/11. __Strategic Action Options Analysis__.pdf,15,1,Combination 3,,Leadership_Unity,Leadership_Unity: 0.00 (0.10 - 0.10 → clamped to 0.0),,PDFIUM-PER-11-N-00132,,준수,,0 => 0,candidate_only,,False,unresolved_different_or_unmatched_no_forced_link,GLOBAL_ARITHMETIC_RATE_WITHHELD,pending
PER-11,runs/raw_logs/Perplexity_RAG/11. __Strategic Action Options Analysis__.pdf,15,1,Combination 3,,Public_Opinion,Public_Opinion: 0.38  0.43   0.05 ,PER-11-N-00040,,판정 불가,,0.38 => ,,old_only,,False,unresolved_different_or_unmatched_no_forced_link,GLOBAL_ARITHMETIC_RATE_WITHHELD,pending
PER-11,runs/raw_logs/Perplexity_RAG/11. __Strategic Action Options Analysis__.pdf,15,1,Combination 3,,Public_Opinion,Public_Opinion: 0.38 (0.43 - 0.05),,PDFIUM-PER-11-N-00129,,준수,,0.38 => 0.38,candidate_only,,False,unresolved_different_or_unmatched_no_forced_link,GLOBAL_ARITHMETIC_RATE_WITHHELD,pending
PER-11,runs/raw_logs/Perplexity_RAG/11. __Strategic Action Options Analysis__.pdf,15,1,Combination 3,,Tension,Tension: 0.80  0.65   0.15 ,PER-11-N-00038,,판정 불가,,0.80 => ,,old_only,,False,unresolved_different_or_unmatched_no_forced_link,GLOBAL_ARITHMETIC_RATE_WITHHELD,pending
PER-11,runs/raw_logs/Perplexity_RAG/11. __Strategic Action Options Analysis__.pdf,15,1,Combination 3,,Tension,Tension: 0.80 (0.65 + 0.15),,PDFIUM-PER-11-N-00123,,준수,,0.8 => 0.8,candidate_only,,False,unresolved_different_or_unmatched_no_forced_link,GLOBAL_ARITHMETIC_RATE_WITHHELD,pending
PER-11,runs/raw_logs/Perplexity_RAG/11. __Strategic Action Options Analysis__.pdf,3,1,Combination 1,,Diplomatic_Support,Diplomatic Support:  0.10  Soviet:  0.60 via covert_detection),PER-11-N-00044,,판정 불가,, => ,,old_only,,False,unresolved_different_or_unmatched_no_forced_link,GLOBAL_ARITHMETIC_RATE_WITHHELD,pending
PER-11,runs/raw_logs/Perplexity_RAG/11. __Strategic Action Options Analysis__.pdf,3,1,Combination 1,,Leadership_Unity,Leadership Unity:  0.30  US   0.80 via military_alert),PER-11-N-00048,,판정 불가,, => ,,old_only,,False,unresolved_different_or_unmatched_no_forced_link,GLOBAL_ARITHMETIC_RATE_WITHHELD,pending
PER-11,runs/raw_logs/Perplexity_RAG/11. __Strategic Action Options Analysis__.pdf,3,1,Combination 1,,Public_Opinion,Public Opinion:  0.05  Soviet:  0.55 via public_appeal),PER-11-N-00046,,판정 불가,, => ,,old_only,,False,unresolved_different_or_unmatched_no_forced_link,GLOBAL_ARITHMETIC_RATE_WITHHELD,pending
PER-11,runs/raw_logs/Perplexity_RAG/11. __Strategic Action Options Analysis__.pdf,3,1,Combination 1,,Tension,Tension:  0.15  Soviet:  0.45 via covert_detection; US   0.15 net from baseline),PER-11-N-00042,,판정 불가,, => ,,old_only,,False,unresolved_different_or_unmatched_no_forced_link,GLOBAL_ARITHMETIC_RATE_WITHHELD,pending
PER-11,runs/raw_logs/Perplexity_RAG/11. __Strategic Action Options Analysis__.pdf,3,1,Combination 2,,Diplomatic_Support,Diplomatic Support:  0.07  Net from event-driven adjustments),PER-11-N-00052,,판정 불가,, => ,,old_only,,False,unresolved_different_or_unmatched_no_forced_link,GLOBAL_ARITHMETIC_RATE_WITHHELD,pending
PER-11,runs/raw_logs/Perplexity_RAG/11. __Strategic Action Options Analysis__.pdf,3,1,Combination 2,,Leadership_Unity,Leadership Unity:  0.45  Soviet:  0.65; US   0.80; averaged),PER-11-N-00056,,판정 불가,, => ,,old_only,,False,unresolved_different_or_unmatched_no_forced_link,GLOBAL_ARITHMETIC_RATE_WITHHELD,pending
PER-11,runs/raw_logs/Perplexity_RAG/11. __Strategic Action Options Analysis__.pdf,3,1,Combination 2,,Public_Opinion,Public Opinion:  0.07  Fear of nuclear war),PER-11-N-00054,,판정 불가,, => ,,old_only,,False,unresolved_different_or_unmatched_no_forced_link,GLOBAL_ARITHMETIC_RATE_WITHHELD,pending
PER-11,runs/raw_logs/Perplexity_RAG/11. __Strategic Action Options Analysis__.pdf,3,1,Combination 2,,Tension,Tension:  0.75  US   0.30; Soviet:  0.45; cumulative),PER-11-N-00050,,판정 불가,, => ,,old_only,,False,unresolved_different_or_unmatched_no_forced_link,GLOBAL_ARITHMETIC_RATE_WITHHELD,pending
PER-11,runs/raw_logs/Perplexity_RAG/11. __Strategic Action Options Analysis__.pdf,4,1,Combination 1,,Diplomatic_Support,Diplomatic Support: 0.60 (Baseline 0.5 + 0.10),,PDFIUM-PER-11-N-00014,,준수,,0.6 => 0.6,candidate_only,,False,unresolved_different_or_unmatched_no_forced_link,GLOBAL_ARITHMETIC_RATE_WITHHELD,pending
PER-11,runs/raw_logs/Perplexity_RAG/11. __Strategic Action Options Analysis__.pdf,4,1,Combination 1,,Leadership_Unity,Leadership Unity: 0.80 (Baseline 0.5 + 0.30),,PDFIUM-PER-11-N-00016,,준수,,0.8 => 0.8,candidate_only,,False,unresolved_different_or_unmatched_no_forced_link,GLOBAL_ARITHMETIC_RATE_WITHHELD,pending
PER-11,runs/raw_logs/Perplexity_RAG/11. __Strategic Action Options Analysis__.pdf,4,1,Combination 1,,Public_Opinion,Public Opinion: 0.55 (Baseline 0.5 + 0.05),,PDFIUM-PER-11-N-00015,,준수,,0.55 => 0.55,candidate_only,,False,unresolved_different_or_unmatched_no_forced_link,GLOBAL_ARITHMETIC_RATE_WITHHELD,pending
PER-11,runs/raw_logs/Perplexity_RAG/11. __Strategic Action Options Analysis__.pdf,4,1,Combination 1,,Tension,Tension: 0.65 (Baseline 0.5 + 0.15),,PDFIUM-PER-11-N-00013,,준수,,0.65 => 0.65,candidate_only,,False,unresolved_different_or_unmatched_no_forced_link,GLOBAL_ARITHMETIC_RATE_WITHHELD,pending
PER-11,runs/raw_logs/Perplexity_RAG/11. __Strategic Action Options Analysis__.pdf,4,1,Combination 2,,Diplomatic_Support,Diplomatic Support: 0.43 (Baseline 0.5 - 0.07),,PDFIUM-PER-11-N-00018,,준수,,0.43 => 0.43,candidate_only,,False,unresolved_different_or_unmatched_no_forced_link,GLOBAL_ARITHMETIC_RATE_WITHHELD,pending
PER-11,runs/raw_logs/Perplexity_RAG/11. __Strategic Action Options Analysis__.pdf,4,1,Combination 2,,Leadership_Unity,Leadership Unity: 0.65 (Baseline 0.5 + 0.15),,PDFIUM-PER-11-N-00020,,준수,,0.65 => 0.65,candidate_only,,False,unresolved_different_or_unmatched_no_forced_link,GLOBAL_ARITHMETIC_RATE_WITHHELD,pending
PER-11,runs/raw_logs/Perplexity_RAG/11. __Strategic Action Options Analysis__.pdf,4,1,Combination 2,,Public_Opinion,Public Opinion: 0.43 (Baseline 0.5 - 0.07),,PDFIUM-PER-11-N-00019,,준수,,0.43 => 0.43,candidate_only,,False,unresolved_different_or_unmatched_no_forced_link,GLOBAL_ARITHMETIC_RATE_WITHHELD,pending
PER-11,runs/raw_logs/Perplexity_RAG/11. __Strategic Action Options Analysis__.pdf,4,1,Combination 2,,Tension,Tension: 0.75 (Baseline 0.5 + 0.75; clamped to 1.0 → 0.75),,PDFIUM-PER-11-N-00017,,위반,,0.75 => 1,candidate_only,,False,unresolved_different_or_unmatched_no_forced_link,GLOBAL_ARITHMETIC_RATE_WITHHELD,pending
PER-11,runs/raw_logs/Perplexity_RAG/11. __Strategic Action Options Analysis__.pdf,4,1,Combination 3,,Diplomatic_Support,Diplomatic Support:  0.10  US   0.65 via public_appeal),PER-11-N-00060,,판정 불가,, => ,,old_only,,False,unresolved_different_or_unmatched_no_forced_link,GLOBAL_ARITHMETIC_RATE_WITHHELD,pending
PER-11,runs/raw_logs/Perplexity_RAG/11. __Strategic Action Options Analysis__.pdf,4,1,Combination 3,,Leadership_Unity,Leadership Unity:  0.15  Soviet:  0.35 via internal_dispute),PER-11-N-00064,,판정 불가,, => ,,old_only,,False,unresolved_different_or_unmatched_no_forced_link,GLOBAL_ARITHMETIC_RATE_WITHHELD,pending
PER-11,runs/raw_logs/Perplexity_RAG/11. __Strategic Action Options Analysis__.pdf,4,1,Combination 3,,Public_Opinion,Public Opinion:  0.05  US   0.50 via public_appeal),PER-11-N-00062,,판정 불가,, => ,,old_only,,False,unresolved_different_or_unmatched_no_forced_link,GLOBAL_ARITHMETIC_RATE_WITHHELD,pending
PER-11,runs/raw_logs/Perplexity_RAG/11. __Strategic Action Options Analysis__.pdf,4,1,Combination 3,,Tension,Tension:  0.05  Diplomatic de-escalation),PER-11-N-00058,,판정 불가,, => ,,old_only,,False,unresolved_different_or_unmatched_no_forced_link,GLOBAL_ARITHMETIC_RATE_WITHHELD,pending
PER-11,runs/raw_logs/Perplexity_RAG/11. __Strategic Action Options Analysis__.pdf,5,1,Combination 1,,Diplomatic_Support,Diplomatic_Support: 0.58  0.60   0.02 ,PER-11-N-00002,,판정 불가,,0.58 => ,,old_only,,False,unresolved_different_or_unmatched_no_forced_link,GLOBAL_ARITHMETIC_RATE_WITHHELD,pending
PER-11,runs/raw_logs/Perplexity_RAG/11. __Strategic Action Options Analysis__.pdf,5,1,Combination 1,,Diplomatic_Support,Diplomatic_Support: 0.58 (0.60 - 0.02),,PDFIUM-PER-11-N-00028,,준수,,0.58 => 0.58,candidate_only,,False,unresolved_different_or_unmatched_no_forced_link,GLOBAL_ARITHMETIC_RATE_WITHHELD,pending
PER-11,runs/raw_logs/Perplexity_RAG/11. __Strategic Action Options Analysis__.pdf,5,1,Combination 1,,Diplomatic_Support,war. State Dept. prioritizes alliance unity  Diplomatic_Support=0.58   0.5 threshold),PER-11-N-00005,,판정 불가,,0.58 => ,,old_only,,False,unresolved_different_or_unmatched_no_forced_link,GLOBAL_ARITHMETIC_RATE_WITHHELD,pending
PER-11,runs/raw_logs/Perplexity_RAG/11. __Strategic Action Options Analysis__.pdf,5,1,Combination 1,,Leadership_Unity,Leadership_Unity: 0.75  0.80   0.05 ,PER-11-N-00004,,판정 불가,,0.75 => ,,old_only,,False,unresolved_different_or_unmatched_no_forced_link,GLOBAL_ARITHMETIC_RATE_WITHHELD,pending
PER-11,runs/raw_logs/Perplexity_RAG/11. __Strategic Action Options Analysis__.pdf,5,1,Combination 1,,Leadership_Unity,Leadership_Unity: 0.75 (0.80 - 0.05),,PDFIUM-PER-11-N-00034,,준수,,0.75 => 0.75,candidate_only,,False,unresolved_different_or_unmatched_no_forced_link,GLOBAL_ARITHMETIC_RATE_WITHHELD,pending
PER-11,runs/raw_logs/Perplexity_RAG/11. __Strategic Action Options Analysis__.pdf,5,1,Combination 1,,Public_Opinion,Public_Opinion: 0.53  0.55   0.02 ,PER-11-N-00003,,판정 불가,,0.53 => ,,old_only,,False,unresolved_different_or_unmatched_no_forced_link,GLOBAL_ARITHMETIC_RATE_WITHHELD,pending
PER-11,runs/raw_logs/Perplexity_RAG/11. __Strategic Action Options Analysis__.pdf,5,1,Combination 1,,Public_Opinion,Public_Opinion: 0.53 (0.55 - 0.02),,PDFIUM-PER-11-N-00031,,준수,,0.53 => 0.53,candidate_only,,False,unresolved_different_or_unmatched_no_forced_link,GLOBAL_ARITHMETIC_RATE_WITHHELD,pending
PER-11,runs/raw_logs/Perplexity_RAG/11. __Strategic Action Options Analysis__.pdf,5,1,Combination 1,,Tension,Tension: 0.70  0.65   0.05 ,PER-11-N-00001,,판정 불가,,0.70 => ,,old_only,,False,unresolved_different_or_unmatched_no_forced_link,GLOBAL_ARITHMETIC_RATE_WITHHELD,pending
PER-11,runs/raw_logs/Perplexity_RAG/11. __Strategic Action Options Analysis__.pdf,5,1,Combination 1,,Tension,Tension: 0.70 (0.65 + 0.05),,PDFIUM-PER-11-N-00025,,준수,,0.7 => 0.7,candidate_only,,False,unresolved_different_or_unmatched_no_forced_link,GLOBAL_ARITHMETIC_RATE_WITHHELD,pending
PER-11,runs/raw_logs/Perplexity_RAG/11. __Strategic Action Options Analysis__.pdf,5,1,Combination 3,,Diplomatic_Support,Diplomatic Support: 0.60 (Baseline 0.5 + 0.10),,PDFIUM-PER-11-N-00022,,준수,,0.6 => 0.6,candidate_only,,False,unresolved_different_or_unmatched_no_forced_link,GLOBAL_ARITHMETIC_RATE_WITHHELD,pending
PER-11,runs/raw_logs/Perplexity_RAG/11. __Strategic Action Options Analysis__.pdf,5,1,Combination 3,,Leadership_Unity,Leadership Unity: 0.35 (Baseline 0.5 - 0.15),,PDFIUM-PER-11-N-00024,,준수,,0.35 => 0.35,candidate_only,,False,unresolved_different_or_unmatched_no_forced_link,GLOBAL_ARITHMETIC_RATE_WITHHELD,pending
PER-11,runs/raw_logs/Perplexity_RAG/11. __Strategic Action Options Analysis__.pdf,5,1,Combination 3,,Public_Opinion,Public Opinion: 0.55 (Baseline 0.5 + 0.05),,PDFIUM-PER-11-N-00023,,준수,,0.55 => 0.55,candidate_only,,False,unresolved_different_or_unmatched_no_forced_link,GLOBAL_ARITHMETIC_RATE_WITHHELD,pending
PER-11,runs/raw_logs/Perplexity_RAG/11. __Strategic Action Options Analysis__.pdf,5,1,Combination 3,,Tension,Tension: 0.45 (Baseline 0.5 - 0.05),,PDFIUM-PER-11-N-00021,,준수,,0.45 => 0.45,candidate_only,,False,unresolved_different_or_unmatched_no_forced_link,GLOBAL_ARITHMETIC_RATE_WITHHELD,pending
PER-11,runs/raw_logs/Perplexity_RAG/11. __Strategic Action Options Analysis__.pdf,7,1,Combination 2,,Diplomatic_Support,Diplomatic_Support: 0.41  0.43   0.02 ,PER-11-N-00007,,판정 불가,,0.41 => ,,old_only,,False,unresolved_different_or_unmatched_no_forced_link,GLOBAL_ARITHMETIC_RATE_WITHHELD,pending
PER-11,runs/raw_logs/Perplexity_RAG/11. __Strategic Action Options Analysis__.pdf,7,1,Combination 2,,Diplomatic_Support,Diplomatic_Support: 0.41 (0.43 - 0.02),,PDFIUM-PER-11-N-00040,,준수,,0.41 => 0.41,candidate_only,,False,unresolved_different_or_unmatched_no_forced_link,GLOBAL_ARITHMETIC_RATE_WITHHELD,pending
PER-11,runs/raw_logs/Perplexity_RAG/11. __Strategic Action Options Analysis__.pdf,7,1,Combination 2,,Leadership_Unity,Leadership_Unity: 0.60  0.65   0.05 ,PER-11-N-00009,,판정 불가,,0.60 => ,,old_only,,False,unresolved_different_or_unmatched_no_forced_link,GLOBAL_ARITHMETIC_RATE_WITHHELD,pending
PER-11,runs/raw_logs/Perplexity_RAG/11. __Strategic Action Options Analysis__.pdf,7,1,Combination 2,,Leadership_Unity,Leadership_Unity: 0.60 (0.65 - 0.05),,PDFIUM-PER-11-N-00046,,준수,,0.6 => 0.6,candidate_only,,False,unresolved_different_or_unmatched_no_forced_link,GLOBAL_ARITHMETIC_RATE_WITHHELD,pending
PER-11,runs/raw_logs/Perplexity_RAG/11. __Strategic Action Options Analysis__.pdf,7,1,Combination 2,,Public_Opinion,Public_Opinion: 0.41  0.43   0.02 ,PER-11-N-00008,,판정 불가,,0.41 => ,,old_only,,False,unresolved_different_or_unmatched_no_forced_link,GLOBAL_ARITHMETIC_RATE_WITHHELD,pending
PER-11,runs/raw_logs/Perplexity_RAG/11. __Strategic Action Options Analysis__.pdf,7,1,Combination 2,,Public_Opinion,Public_Opinion: 0.41 (0.43 - 0.02),,PDFIUM-PER-11-N-00043,,준수,,0.41 => 0.41,candidate_only,,False,unresolved_different_or_unmatched_no_forced_link,GLOBAL_ARITHMETIC_RATE_WITHHELD,pending
PER-11,runs/raw_logs/Perplexity_RAG/11. __Strategic Action Options Analysis__.pdf,7,1,Combination 2,,Tension,"Rationale: Defense Dept. dominance at Tension=0.80 (above ""Diplomatic Negotiation Disabled"" threshold)  US_JSON .",PER-11-N-00010,,판정 불가,,0.80 => ,,old_only,,False,unresolved_different_or_unmatched_no_forced_link,GLOBAL_ARITHMETIC_RATE_WITHHELD,pending
PER-11,runs/raw_logs/Perplexity_RAG/11. __Strategic Action Options Analysis__.pdf,7,1,Combination 2,,Tension,Tension: 0.80  0.75   0.05 ,PER-11-N-00006,,판정 불가,,0.80 => ,,old_only,,False,unresolved_different_or_unmatched_no_forced_link,GLOBAL_ARITHMETIC_RATE_WITHHELD,pending
PER-11,runs/raw_logs/Perplexity_RAG/11. __Strategic Action Options Analysis__.pdf,7,1,Combination 2,,Tension,Tension: 0.80 (0.75 + 0.05),,PDFIUM-PER-11-N-00037,,준수,,0.8 => 0.8,candidate_only,,False,unresolved_different_or_unmatched_no_forced_link,GLOBAL_ARITHMETIC_RATE_WITHHELD,pending
PER-11,runs/raw_logs/Perplexity_RAG/11. __Strategic Action Options Analysis__.pdf,8,1,Combination 3,,Diplomatic_Support,Diplomatic_Support: 0.58  0.60   0.02 ,PER-11-N-00012,,판정 불가,,0.58 => ,,old_only,,False,unresolved_different_or_unmatched_no_forced_link,GLOBAL_ARITHMETIC_RATE_WITHHELD,pending
PER-11,runs/raw_logs/Perplexity_RAG/11. __Strategic Action Options Analysis__.pdf,8,1,Combination 3,,Diplomatic_Support,Diplomatic_Support: 0.58 (0.60 - 0.02),,PDFIUM-PER-11-N-00052,,준수,,0.58 => 0.58,candidate_only,,False,unresolved_different_or_unmatched_no_forced_link,GLOBAL_ARITHMETIC_RATE_WITHHELD,pending
PER-11,runs/raw_logs/Perplexity_RAG/11. __Strategic Action Options Analysis__.pdf,8,1,Combination 3,,Diplomatic_Support,"Rationale: State Dept.ʼs ""multilateral solution"" preference  Diplomatic_Support=0.58  ",PER-11-N-00015,,판정 불가,,0.58 => ,,old_only,,False,unresolved_different_or_unmatched_no_forced_link,GLOBAL_ARITHMETIC_RATE_WITHHELD,pending
PER-11,runs/raw_logs/Perplexity_RAG/11. __Strategic Action Options Analysis__.pdf,8,1,Combination 3,,Leadership_Unity,Leadership_Unity: 0.30  0.35   0.05 ,PER-11-N-00014,,판정 불가,,0.30 => ,,old_only,,False,unresolved_different_or_unmatched_no_forced_link,GLOBAL_ARITHMETIC_RATE_WITHHELD,pending
PER-11,runs/raw_logs/Perplexity_RAG/11. __Strategic Action Options Analysis__.pdf,8,1,Combination 3,,Leadership_Unity,Leadership_Unity: 0.30 (0.35 - 0.05),,PDFIUM-PER-11-N-00058,,준수,,0.3 => 0.3,candidate_only,,False,unresolved_different_or_unmatched_no_forced_link,GLOBAL_ARITHMETIC_RATE_WITHHELD,pending
PER-11,runs/raw_logs/Perplexity_RAG/11. __Strategic Action Options Analysis__.pdf,8,1,Combination 3,,Public_Opinion,Public_Opinion: 0.53  0.55   0.02 ,PER-11-N-00013,,판정 불가,,0.53 => ,,old_only,,False,unresolved_different_or_unmatched_no_forced_link,GLOBAL_ARITHMETIC_RATE_WITHHELD,pending
PER-11,runs/raw_logs/Perplexity_RAG/11. __Strategic Action Options Analysis__.pdf,8,1,Combination 3,,Public_Opinion,Public_Opinion: 0.53 (0.55 - 0.02),,PDFIUM-PER-11-N-00055,,준수,,0.53 => 0.53,candidate_only,,False,unresolved_different_or_unmatched_no_forced_link,GLOBAL_ARITHMETIC_RATE_WITHHELD,pending
PER-11,runs/raw_logs/Perplexity_RAG/11. __Strategic Action Options Analysis__.pdf,8,1,Combination 3,,Tension,Tension: 0.50  0.45   0.05 ,PER-11-N-00011,,판정 불가,,0.50 => ,,old_only,,False,unresolved_different_or_unmatched_no_forced_link,GLOBAL_ARITHMETIC_RATE_WITHHELD,pending
PER-11,runs/raw_logs/Perplexity_RAG/11. __Strategic Action Options Analysis__.pdf,8,1,Combination 3,,Tension,Tension: 0.50 (0.45 + 0.05),,PDFIUM-PER-11-N-00049,,준수,,0.5 => 0.5,candidate_only,,False,unresolved_different_or_unmatched_no_forced_link,GLOBAL_ARITHMETIC_RATE_WITHHELD,pending
PER-11,runs/raw_logs/Perplexity_RAG/11. __Strategic Action Options Analysis__.pdf,9,1,Combination 3,,Diplomatic_Support,"Priority Alignment: Low  Diplomatic_Support=0.58 enables talks; Soviet ""internal",PER-11-N-00017,,판정 불가,,0.58 => ,,old_only,,False,unresolved_different_or_unmatched_no_forced_link,GLOBAL_ARITHMETIC_RATE_WITHHELD,pending
PER-11,runs/raw_logs/Perplexity_RAG/11. __Strategic Action Options Analysis__.pdf,9,1,Combination 3,,Leadership_Unity,"Rationale: Khrushchevʼs ""covert gain"" priority exploits Leadership_Unity=0.30 (below 0.5 threshold)  SOVIET_JSON .",PER-11-N-00016,,판정 불가,,0.30 => ,,old_only,,False,unresolved_different_or_unmatched_no_forced_link,GLOBAL_ARITHMETIC_RATE_WITHHELD,pending
PER-12,runs/raw_logs/Perplexity_RAG/12. Strategic Decision Modeling for Cuban Missile Cris.pdf,10,1,Combination 3,,Diplomatic_Support,Diplomatic Support: 0.63 + 0.10 = 0.73,,PDFIUM-PER-12-N-00052,,준수,,0.73 => 0.73,candidate_only,,False,unresolved_different_or_unmatched_no_forced_link,GLOBAL_ARITHMETIC_RATE_WITHHELD,pending
PER-12,runs/raw_logs/Perplexity_RAG/12. Strategic Decision Modeling for Cuban Missile Cris.pdf,10,1,Combination 3,,Public_Opinion,Public Opinion: 0.53 + 0.55 = 1.08 → clamped to 1.00,,PDFIUM-PER-12-N-00049,,준수,,1 => 1,candidate_only,,False,unresolved_different_or_unmatched_no_forced_link,GLOBAL_ARITHMETIC_RATE_WITHHELD,pending
PER-12,runs/raw_logs/Perplexity_RAG/12. Strategic Decision Modeling for Cuban Missile Cris.pdf,12,1,Combination 1,,Public_Opinion,Public Opinion: 0.43 + 0.50 = 0.93,,PDFIUM-PER-12-N-00064,,준수,,0.93 => 0.93,candidate_only,,False,unresolved_different_or_unmatched_no_forced_link,GLOBAL_ARITHMETIC_RATE_WITHHELD,pending
PER-12,runs/raw_logs/Perplexity_RAG/12. Strategic Decision Modeling for Cuban Missile Cris.pdf,12,1,Combination 1,,Tension,Tension: 1.00 + 0.45 = 1.45 → 1.00,,PDFIUM-PER-12-N-00063,,준수,,1 => 1,candidate_only,,False,unresolved_different_or_unmatched_no_forced_link,GLOBAL_ARITHMETIC_RATE_WITHHELD,pending
PER-12,runs/raw_logs/Perplexity_RAG/12. Strategic Decision Modeling for Cuban Missile Cris.pdf,13,1,Combination 1,Soviet Union,Leadership_Unity,Leadership Unity: 0.65 + 0.65 - 0.10 = 1.20 → 1.00,,PDFIUM-PER-12-N-00068,,준수,,1 => 1,candidate_only,,False,unresolved_different_or_unmatched_no_forced_link,GLOBAL_ARITHMETIC_RATE_WITHHELD,pending
PER-12,runs/raw_logs/Perplexity_RAG/12. Strategic Decision Modeling for Cuban Missile Cris.pdf,13,1,Combination 1,Soviet Union,Tension,Tension: 1.00 + 0.45 + 0.15 = 1.60 → 1.00,,PDFIUM-PER-12-N-00067,,준수,,1 => 1,candidate_only,,False,unresolved_different_or_unmatched_no_forced_link,GLOBAL_ARITHMETIC_RATE_WITHHELD,pending
PER-12,runs/raw_logs/Perplexity_RAG/12. Strategic Decision Modeling for Cuban Missile Cris.pdf,13,1,Combination 1,United States,Leadership_Unity,Leadership Unity: 0.65   0.65   0.10 = 1.20 → 1.00,PER-12-N-00055,,판정 불가,,0.65 => ,,old_only,,False,unresolved_different_or_unmatched_no_forced_link,GLOBAL_ARITHMETIC_RATE_WITHHELD,pending
PER-12,runs/raw_logs/Perplexity_RAG/12. Strategic Decision Modeling for Cuban Missile Cris.pdf,13,1,Combination 1,United States,Leadership_Unity,"SU Action: military_alert effect → Tension  0.45, Leadership Unity  0.65",PER-12-N-00104,,판정 불가,, => ,,old_only,,False,unresolved_different_or_unmatched_no_forced_link,GLOBAL_ARITHMETIC_RATE_WITHHELD,pending
PER-12,runs/raw_logs/Perplexity_RAG/12. Strategic Decision Modeling for Cuban Missile Cris.pdf,13,1,Combination 1,United States,Leadership_Unity,"US Action: strike effect → Tension  0.15, Leadership Unity  0.10",PER-12-N-00108,,판정 불가,, => ,,old_only,,False,unresolved_different_or_unmatched_no_forced_link,GLOBAL_ARITHMETIC_RATE_WITHHELD,pending
PER-12,runs/raw_logs/Perplexity_RAG/12. Strategic Decision Modeling for Cuban Missile Cris.pdf,13,1,Combination 1,United States,Tension,"SU Action: military_alert effect → Tension  0.45, Leadership Unity  0.65",PER-12-N-00102,,판정 불가,, => ,,old_only,,False,unresolved_different_or_unmatched_no_forced_link,GLOBAL_ARITHMETIC_RATE_WITHHELD,pending
PER-12,runs/raw_logs/Perplexity_RAG/12. Strategic Decision Modeling for Cuban Missile Cris.pdf,13,1,Combination 1,United States,Tension,Tension: 1.00   0.45   0.15 = 1.60 → 1.00,PER-12-N-00054,,판정 불가,,1.00 => ,,old_only,,False,unresolved_different_or_unmatched_no_forced_link,GLOBAL_ARITHMETIC_RATE_WITHHELD,pending
PER-12,runs/raw_logs/Perplexity_RAG/12. Strategic Decision Modeling for Cuban Missile Cris.pdf,13,1,Combination 1,United States,Tension,"US Action: strike effect → Tension  0.15, Leadership Unity  0.10",PER-12-N-00106,,판정 불가,, => ,,old_only,,False,unresolved_different_or_unmatched_no_forced_link,GLOBAL_ARITHMETIC_RATE_WITHHELD,pending
PER-12,runs/raw_logs/Perplexity_RAG/12. Strategic Decision Modeling for Cuban Missile Cris.pdf,14,1,Combination 2,United States,Leadership_Unity,Leadership Unity: 0.90 + 0.65 - 0.10 = 1.45 → 1.00,,PDFIUM-PER-12-N-00072,,준수,,1 => 1,candidate_only,,False,unresolved_different_or_unmatched_no_forced_link,GLOBAL_ARITHMETIC_RATE_WITHHELD,pending
PER-12,runs/raw_logs/Perplexity_RAG/12. Strategic Decision Modeling for Cuban Missile Cris.pdf,14,1,Combination 2,United States,Tension,Tension: 1.00 + 0.45 + 0.15 = 1.60 → 1.00,,PDFIUM-PER-12-N-00071,,준수,,1 => 1,candidate_only,,False,unresolved_different_or_unmatched_no_forced_link,GLOBAL_ARITHMETIC_RATE_WITHHELD,pending
PER-12,runs/raw_logs/Perplexity_RAG/12. Strategic Decision Modeling for Cuban Missile Cris.pdf,15,1,Combination 2,United States,Leadership_Unity,Leadership Unity: 0.90   0.65 = 1.55 → 1.00,PER-12-N-00066,,판정 불가,,0.90 => ,,old_only,,False,unresolved_different_or_unmatched_no_forced_link,GLOBAL_ARITHMETIC_RATE_WITHHELD,pending
PER-12,runs/raw_logs/Perplexity_RAG/12. Strategic Decision Modeling for Cuban Missile Cris.pdf,15,1,Combination 2,United States,Leadership_Unity,Leadership Unity: 0.90 + 0.65 = 1.55 → 1.00,,PDFIUM-PER-12-N-00087,,준수,,1 => 1,candidate_only,,False,unresolved_different_or_unmatched_no_forced_link,GLOBAL_ARITHMETIC_RATE_WITHHELD,pending
PER-12,runs/raw_logs/Perplexity_RAG/12. Strategic Decision Modeling for Cuban Missile Cris.pdf,15,1,Combination 2,United States,Leadership_Unity,"SU Action: military_alert effect → Tension  0.45, Leadership Unity  0.65",PER-12-N-00112,,판정 불가,, => ,,old_only,,False,unresolved_different_or_unmatched_no_forced_link,GLOBAL_ARITHMETIC_RATE_WITHHELD,pending
PER-12,runs/raw_logs/Perplexity_RAG/12. Strategic Decision Modeling for Cuban Missile Cris.pdf,15,1,Combination 2,United States,Public_Opinion,Public Opinion: 0.43   0.50 = 0.93,PER-12-N-00065,,판정 불가,,0.43 => ,,old_only,,False,unresolved_different_or_unmatched_no_forced_link,GLOBAL_ARITHMETIC_RATE_WITHHELD,pending
PER-12,runs/raw_logs/Perplexity_RAG/12. Strategic Decision Modeling for Cuban Missile Cris.pdf,15,1,Combination 2,United States,Public_Opinion,Public Opinion: 0.43 + 0.50 = 0.93,,PDFIUM-PER-12-N-00084,,준수,,0.93 => 0.93,candidate_only,,False,unresolved_different_or_unmatched_no_forced_link,GLOBAL_ARITHMETIC_RATE_WITHHELD,pending
PER-12,runs/raw_logs/Perplexity_RAG/12. Strategic Decision Modeling for Cuban Missile Cris.pdf,15,1,Combination 2,United States,Public_Opinion,US Action: public_appeal effect → Public Opinion  0.50,PER-12-N-00114,,판정 불가,, => ,,old_only,,False,unresolved_different_or_unmatched_no_forced_link,GLOBAL_ARITHMETIC_RATE_WITHHELD,pending
PER-12,runs/raw_logs/Perplexity_RAG/12. Strategic Decision Modeling for Cuban Missile Cris.pdf,15,1,Combination 2,United States,Tension,"SU Action: military_alert effect → Tension  0.45, Leadership Unity  0.65",PER-12-N-00110,,판정 불가,, => ,,old_only,,False,unresolved_different_or_unmatched_no_forced_link,GLOBAL_ARITHMETIC_RATE_WITHHELD,pending
PER-12,runs/raw_logs/Perplexity_RAG/12. Strategic Decision Modeling for Cuban Missile Cris.pdf,15,1,Combination 2,United States,Tension,Tension: 1.00   0.45 = 1.45 → 1.00,PER-12-N-00064,,판정 불가,,1.00 => ,,old_only,,False,unresolved_different_or_unmatched_no_forced_link,GLOBAL_ARITHMETIC_RATE_WITHHELD,pending
PER-12,runs/raw_logs/Perplexity_RAG/12. Strategic Decision Modeling for Cuban Missile Cris.pdf,15,1,Combination 2,United States,Tension,Tension: 1.00 + 0.45 = 1.45 → 1.00,,PDFIUM-PER-12-N-00081,,준수,,1 => 1,candidate_only,,False,unresolved_different_or_unmatched_no_forced_link,GLOBAL_ARITHMETIC_RATE_WITHHELD,pending
PER-12,runs/raw_logs/Perplexity_RAG/12. Strategic Decision Modeling for Cuban Missile Cris.pdf,17,1,Combination 3,United States,Diplomatic_Support,Diplomatic Support: 0.68 + 0.10 = 0.78,,PDFIUM-PER-12-N-00094,,준수,,0.78 => 0.78,candidate_only,,False,unresolved_different_or_unmatched_no_forced_link,GLOBAL_ARITHMETIC_RATE_WITHHELD,pending
PER-12,runs/raw_logs/Perplexity_RAG/12. Strategic Decision Modeling for Cuban Missile Cris.pdf,17,1,Combination 3,United States,Leadership_Unity,Leadership Unity: 0.35   0.10 = 0.25,PER-12-N-00077,,판정 불가,,0.35 => ,,old_only,,False,unresolved_different_or_unmatched_no_forced_link,GLOBAL_ARITHMETIC_RATE_WITHHELD,pending
PER-12,runs/raw_logs/Perplexity_RAG/12. Strategic Decision Modeling for Cuban Missile Cris.pdf,17,1,Combination 3,United States,Leadership_Unity,Leadership Unity: 0.35 - 0.10 = 0.25,,PDFIUM-PER-12-N-00115,,준수,,0.25 => 0.25,candidate_only,,False,unresolved_different_or_unmatched_no_forced_link,GLOBAL_ARITHMETIC_RATE_WITHHELD,pending
PER-12,runs/raw_logs/Perplexity_RAG/12. Strategic Decision Modeling for Cuban Missile Cris.pdf,17,1,Combination 3,United States,Leadership_Unity,"US Action: strike effect → Tension  0.15, Leadership Unity  0.10",PER-12-N-00120,,판정 불가,, => ,,old_only,,False,unresolved_different_or_unmatched_no_forced_link,GLOBAL_ARITHMETIC_RATE_WITHHELD,pending
PER-12,runs/raw_logs/Perplexity_RAG/12. Strategic Decision Modeling for Cuban Missile Cris.pdf,17,1,Combination 3,United States,Public_Opinion,Public Opinion: 0.95   0.55 = 1.50 → 1.00,PER-12-N-00075,,판정 불가,,0.95 => ,,old_only,,False,unresolved_different_or_unmatched_no_forced_link,GLOBAL_ARITHMETIC_RATE_WITHHELD,pending
PER-12,runs/raw_logs/Perplexity_RAG/12. Strategic Decision Modeling for Cuban Missile Cris.pdf,17,1,Combination 3,United States,Public_Opinion,Public Opinion: 0.95 + 0.55 = 1.50 → 1.00,,PDFIUM-PER-12-N-00091 | PDFIUM-PER-12-N-00109,,준수 | 준수,,1 => 1 | 1 => 1,candidate_only,,False,unresolved_different_or_unmatched_no_forced_link,GLOBAL_ARITHMETIC_RATE_WITHHELD,pending
PER-12,runs/raw_logs/Perplexity_RAG/12. Strategic Decision Modeling for Cuban Missile Cris.pdf,17,1,Combination 3,United States,Public_Opinion,SU Action: public_appeal effect → Public Opinion  0.55,PER-12-N-00116,,판정 불가,, => ,,old_only,,False,unresolved_different_or_unmatched_no_forced_link,GLOBAL_ARITHMETIC_RATE_WITHHELD,pending
PER-12,runs/raw_logs/Perplexity_RAG/12. Strategic Decision Modeling for Cuban Missile Cris.pdf,17,1,Combination 3,United States,Tension,Tension: 0.50   0.15 = 0.65,PER-12-N-00076,,판정 불가,,0.50 => ,,old_only,,False,unresolved_different_or_unmatched_no_forced_link,GLOBAL_ARITHMETIC_RATE_WITHHELD,pending
PER-12,runs/raw_logs/Perplexity_RAG/12. Strategic Decision Modeling for Cuban Missile Cris.pdf,17,1,Combination 3,United States,Tension,Tension: 0.50 + 0.15 = 0.65,,PDFIUM-PER-12-N-00112,,준수,,0.65 => 0.65,candidate_only,,False,unresolved_different_or_unmatched_no_forced_link,GLOBAL_ARITHMETIC_RATE_WITHHELD,pending
PER-12,runs/raw_logs/Perplexity_RAG/12. Strategic Decision Modeling for Cuban Missile Cris.pdf,17,1,Combination 3,United States,Tension,"US Action: strike effect → Tension  0.15, Leadership Unity  0.10",PER-12-N-00118,,판정 불가,, => ,,old_only,,False,unresolved_different_or_unmatched_no_forced_link,GLOBAL_ARITHMETIC_RATE_WITHHELD,pending
PER-12,runs/raw_logs/Perplexity_RAG/12. Strategic Decision Modeling for Cuban Missile Cris.pdf,19,1,Combination 1,,Diplomatic_Support,Diplomatic Support: 0.58 + 0.60 + 0.65 = 1.83 → clamped to 1.00,,PDFIUM-PER-12-N-00119,,준수,,1 => 1,candidate_only,,False,unresolved_different_or_unmatched_no_forced_link,GLOBAL_ARITHMETIC_RATE_WITHHELD,pending
PER-12,runs/raw_logs/Perplexity_RAG/12. Strategic Decision Modeling for Cuban Missile Cris.pdf,19,1,Combination 1,,Tension,Tension: 1.00 + 0.45 + 0.30 = 1.75 → clamped to 1.00,,PDFIUM-PER-12-N-00118,,준수,,1 => 1,candidate_only,,False,unresolved_different_or_unmatched_no_forced_link,GLOBAL_ARITHMETIC_RATE_WITHHELD,pending
PER-12,runs/raw_logs/Perplexity_RAG/12. Strategic Decision Modeling for Cuban Missile Cris.pdf,20,1,Combination 2,Soviet Union,Leadership_Unity,Leadership Unity: 0.90 + 0.65 + 0.80 = 2.35 → clamped to 1.00,,PDFIUM-PER-12-N-00121,,준수,,1 => 1,candidate_only,,False,unresolved_different_or_unmatched_no_forced_link,GLOBAL_ARITHMETIC_RATE_WITHHELD,pending
PER-12,runs/raw_logs/Perplexity_RAG/12. Strategic Decision Modeling for Cuban Missile Cris.pdf,20,1,Combination 2,Soviet Union,Tension,Tension: 1.00 + 0.45 + 0.30 = 1.75 → clamped to 1.00,,PDFIUM-PER-12-N-00120,,준수,,1 => 1,candidate_only,,False,unresolved_different_or_unmatched_no_forced_link,GLOBAL_ARITHMETIC_RATE_WITHHELD,pending
PER-12,runs/raw_logs/Perplexity_RAG/12. Strategic Decision Modeling for Cuban Missile Cris.pdf,22,1,Combination 3,,Diplomatic_Support,Diplomatic Support: 0.73 + 0.10 = 0.83,,PDFIUM-PER-12-N-00133,,준수,,0.83 => 0.83,candidate_only,,False,unresolved_different_or_unmatched_no_forced_link,GLOBAL_ARITHMETIC_RATE_WITHHELD,pending
PER-12,runs/raw_logs/Perplexity_RAG/12. Strategic Decision Modeling for Cuban Missile Cris.pdf,22,1,Combination 3,,Public_Opinion,Public Opinion: 0.95 + 0.55 = 1.50 → clamped to 1.00,,PDFIUM-PER-12-N-00132,,준수,,1 => 1,candidate_only,,False,unresolved_different_or_unmatched_no_forced_link,GLOBAL_ARITHMETIC_RATE_WITHHELD,pending
PER-12,runs/raw_logs/Perplexity_RAG/12. Strategic Decision Modeling for Cuban Missile Cris.pdf,4,1,Combination 1,,Diplomatic_Support,Diplomatic Support: +0.60 (Soviet) + 0.00 (U.S.) = +0.60,PER-12-N-00002,PDFIUM-PER-12-N-00002,준수,준수,0.6 => 0.6,0.6 => 0.6,1:1,True,False,same_observation_same_result_not_promoted,GLOBAL_ARITHMETIC_RATE_WITHHELD,pending
PER-12,runs/raw_logs/Perplexity_RAG/12. Strategic Decision Modeling for Cuban Missile Cris.pdf,4,1,Combination 1,,Diplomatic_Support,Diplomatic Support: 0.60  Strengthened by Soviet covert outreach),PER-12-N-00006,,판정 불가,,0.60 => ,,old_only,,False,unresolved_different_or_unmatched_no_forced_link,GLOBAL_ARITHMETIC_RATE_WITHHELD,pending
PER-12,runs/raw_logs/Perplexity_RAG/12. Strategic Decision Modeling for Cuban Missile Cris.pdf,4,1,Combination 1,,Leadership_Unity,Leadership Unity: +0.00 (Soviet) + 0.80 (U.S.) = +0.80,PER-12-N-00004,PDFIUM-PER-12-N-00004,준수,준수,0.8 => 0.8,0.8 => 0.8,1:1,True,False,same_observation_same_result_not_promoted,GLOBAL_ARITHMETIC_RATE_WITHHELD,pending
PER-12,runs/raw_logs/Perplexity_RAG/12. Strategic Decision Modeling for Cuban Missile Cris.pdf,4,1,Combination 1,,Leadership_Unity,Leadership Unity: 0.80  Heightened U.S. cohesion),PER-12-N-00008,,판정 불가,,0.80 => ,,old_only,,False,unresolved_different_or_unmatched_no_forced_link,GLOBAL_ARITHMETIC_RATE_WITHHELD,pending
PER-12,runs/raw_logs/Perplexity_RAG/12. Strategic Decision Modeling for Cuban Missile Cris.pdf,4,1,Combination 1,,Public_Opinion,Public Opinion: +0.00 (Soviet) + 0.50 (U.S.) = +0.50,PER-12-N-00003,PDFIUM-PER-12-N-00003,준수,준수,0.5 => 0.5,0.5 => 0.5,1:1,True,False,same_observation_same_result_not_promoted,GLOBAL_ARITHMETIC_RATE_WITHHELD,pending
PER-12,runs/raw_logs/Perplexity_RAG/12. Strategic Decision Modeling for Cuban Missile Cris.pdf,4,1,Combination 1,,Public_Opinion,Public Opinion: 0.50  Neutral → U.S.-leaning),PER-12-N-00007,,판정 불가,,0.50 => ,,old_only,,False,unresolved_different_or_unmatched_no_forced_link,GLOBAL_ARITHMETIC_RATE_WITHHELD,pending
PER-12,runs/raw_logs/Perplexity_RAG/12. Strategic Decision Modeling for Cuban Missile Cris.pdf,4,1,Combination 1,,Tension,Tension: +0.45 (Soviet) + 0.30 (U.S.) = +0.75,PER-12-N-00001,PDFIUM-PER-12-N-00001,준수,준수,0.75 => 0.75,0.75 => 0.75,1:1,True,False,same_observation_same_result_not_promoted,GLOBAL_ARITHMETIC_RATE_WITHHELD,pending
PER-12,runs/raw_logs/Perplexity_RAG/12. Strategic Decision Modeling for Cuban Missile Cris.pdf,4,1,Combination 1,,Tension,Tension: 0.75  Elevated but below critical threshold),PER-12-N-00005,,판정 불가,,0.75 => ,,old_only,,False,unresolved_different_or_unmatched_no_forced_link,GLOBAL_ARITHMETIC_RATE_WITHHELD,pending
PER-12,runs/raw_logs/Perplexity_RAG/12. Strategic Decision Modeling for Cuban Missile Cris.pdf,5,1,Combination 2,,Diplomatic_Support,"Diplomatic Support: 0.50  Baseline, no change)",PER-12-N-00012,,판정 불가,,0.50 => ,,old_only,,False,unresolved_different_or_unmatched_no_forced_link,GLOBAL_ARITHMETIC_RATE_WITHHELD,pending
PER-12,runs/raw_logs/Perplexity_RAG/12. Strategic Decision Modeling for Cuban Missile Cris.pdf,5,1,Combination 2,,Leadership_Unity,Leadership Unity: +0.65 (Soviet) + 0.80 (U.S.) = +1.45 → Clamped to 1.00,PER-12-N-00010,PDFIUM-PER-12-N-00006,준수,준수,1.45 => 1.45,1.45 => 1.45,1:1,True,False,same_observation_same_result_not_promoted,GLOBAL_ARITHMETIC_RATE_WITHHELD,pending
PER-12,runs/raw_logs/Perplexity_RAG/12. Strategic Decision Modeling for Cuban Missile Cris.pdf,5,1,Combination 2,,Leadership_Unity,Leadership Unity: 1.00  Maximum cohesion under threat),PER-12-N-00014,,판정 불가,,1.00 => ,,old_only,,False,unresolved_different_or_unmatched_no_forced_link,GLOBAL_ARITHMETIC_RATE_WITHHELD,pending
PER-12,runs/raw_logs/Perplexity_RAG/12. Strategic Decision Modeling for Cuban Missile Cris.pdf,5,1,Combination 2,,Public_Opinion,"Public Opinion: 0.50  Neutral, no shift)",PER-12-N-00013,,판정 불가,,0.50 => ,,old_only,,False,unresolved_different_or_unmatched_no_forced_link,GLOBAL_ARITHMETIC_RATE_WITHHELD,pending
PER-12,runs/raw_logs/Perplexity_RAG/12. Strategic Decision Modeling for Cuban Missile Cris.pdf,5,1,Combination 2,,Tension,Tension: +0.45 (Soviet) + 0.30 (U.S.) = +0.75,PER-12-N-00009,PDFIUM-PER-12-N-00005,준수,준수,0.75 => 0.75,0.75 => 0.75,1:1,True,False,same_observation_same_result_not_promoted,GLOBAL_ARITHMETIC_RATE_WITHHELD,pending
PER-12,runs/raw_logs/Perplexity_RAG/12. Strategic Decision Modeling for Cuban Missile Cris.pdf,5,1,Combination 2,,Tension,Tension: 0.75  Critical brinkmanship),PER-12-N-00011,,판정 불가,,0.75 => ,,old_only,,False,unresolved_different_or_unmatched_no_forced_link,GLOBAL_ARITHMETIC_RATE_WITHHELD,pending
PER-12,runs/raw_logs/Perplexity_RAG/12. Strategic Decision Modeling for Cuban Missile Cris.pdf,5,1,Combination 3,,Diplomatic_Support,Diplomatic Support: +0.00 (Soviet) + 0.65 (U.S.) = +0.65,PER-12-N-00016,PDFIUM-PER-12-N-00008,준수,준수,0.65 => 0.65,0.65 => 0.65,1:1,True,False,same_observation_same_result_not_promoted,GLOBAL_ARITHMETIC_RATE_WITHHELD,pending
PER-12,runs/raw_logs/Perplexity_RAG/12. Strategic Decision Modeling for Cuban Missile Cris.pdf,5,1,Combination 3,,Public_Opinion,Public Opinion: +0.55 (Soviet) + 0.00 (U.S.) = +0.55,PER-12-N-00017,PDFIUM-PER-12-N-00009,준수,준수,0.55 => 0.55,0.55 => 0.55,1:1,True,False,same_observation_same_result_not_promoted,GLOBAL_ARITHMETIC_RATE_WITHHELD,pending
PER-12,runs/raw_logs/Perplexity_RAG/12. Strategic Decision Modeling for Cuban Missile Cris.pdf,5,1,Combination 3,,Tension,Tension: +0.00 (Soviet) + 0.30 (U.S.) = +0.30,PER-12-N-00015,PDFIUM-PER-12-N-00007,준수,준수,0.3 => 0.3,0.3 => 0.3,1:1,True,False,same_observation_same_result_not_promoted,GLOBAL_ARITHMETIC_RATE_WITHHELD,pending
PER-12,runs/raw_logs/Perplexity_RAG/12. Strategic Decision Modeling for Cuban Missile Cris.pdf,6,1,Combination 3,,Diplomatic_Support,Diplomatic Support: 0.65  Strengthened by U.S. coalition-building),PER-12-N-00019,,판정 불가,,0.65 => ,,old_only,,False,unresolved_different_or_unmatched_no_forced_link,GLOBAL_ARITHMETIC_RATE_WITHHELD,pending
PER-12,runs/raw_logs/Perplexity_RAG/12. Strategic Decision Modeling for Cuban Missile Cris.pdf,6,1,Combination 3,,Leadership_Unity,Leadership Unity: 0.50  Baseline),PER-12-N-00021,,판정 불가,,0.50 => ,,old_only,,False,unresolved_different_or_unmatched_no_forced_link,GLOBAL_ARITHMETIC_RATE_WITHHELD,pending
PER-12,runs/raw_logs/Perplexity_RAG/12. Strategic Decision Modeling for Cuban Missile Cris.pdf,6,1,Combination 3,,Public_Opinion,Public Opinion: 0.55  Soviet-leaning from public outreach),PER-12-N-00020,,판정 불가,,0.55 => ,,old_only,,False,unresolved_different_or_unmatched_no_forced_link,GLOBAL_ARITHMETIC_RATE_WITHHELD,pending
PER-12,runs/raw_logs/Perplexity_RAG/12. Strategic Decision Modeling for Cuban Missile Cris.pdf,6,1,Combination 3,,Tension,Tension: 0.30  De-escalated),PER-12-N-00018,,판정 불가,,0.30 => ,,old_only,,False,unresolved_different_or_unmatched_no_forced_link,GLOBAL_ARITHMETIC_RATE_WITHHELD,pending
PER-12,runs/raw_logs/Perplexity_RAG/12. Strategic Decision Modeling for Cuban Missile Cris.pdf,7,1,Combination 1,,Diplomatic_Support,Diplomatic Support: 0.58 + 0.10 = 0.68,,PDFIUM-PER-12-N-00023,,준수,,0.68 => 0.68,candidate_only,,False,unresolved_different_or_unmatched_no_forced_link,GLOBAL_ARITHMETIC_RATE_WITHHELD,pending
PER-12,runs/raw_logs/Perplexity_RAG/12. Strategic Decision Modeling for Cuban Missile Cris.pdf,7,1,Combination 1,,Tension,Tension: 0.80 + 0.45 - 0.05 = 1.20 → clamped to 1.00,,PDFIUM-PER-12-N-00020,,준수,,1 => 1,candidate_only,,False,unresolved_different_or_unmatched_no_forced_link,GLOBAL_ARITHMETIC_RATE_WITHHELD,pending
PER-12,runs/raw_logs/Perplexity_RAG/12. Strategic Decision Modeling for Cuban Missile Cris.pdf,9,1,Combination 2,,Diplomatic_Support,Diplomatic Support: 0.48 - 0.05 = 0.43,,PDFIUM-PER-12-N-00037,,준수,,0.43 => 0.43,candidate_only,,False,unresolved_different_or_unmatched_no_forced_link,GLOBAL_ARITHMETIC_RATE_WITHHELD,pending
PER-12,runs/raw_logs/Perplexity_RAG/12. Strategic Decision Modeling for Cuban Missile Cris.pdf,9,1,Combination 2,,Tension,Tension: 0.80 + 0.45 + 0.15 = 1.40 → clamped to 1.00,,PDFIUM-PER-12-N-00034,,준수,,1 => 1,candidate_only,,False,unresolved_different_or_unmatched_no_forced_link,GLOBAL_ARITHMETIC_RATE_WITHHELD,pending
PER-13,runs/raw_logs/Perplexity_RAG/13. Strategic Analysis of Current Event_ Soviet Nuclea.pdf,13,3,Combination 1,,Diplomatic_Support,Diplomatic_Support: 0.35 (0.40 - 0.05),,PDFIUM-PER-13-N-00093,,준수,,0.35 => 0.35,candidate_only,,False,unresolved_different_or_unmatched_no_forced_link,GLOBAL_ARITHMETIC_RATE_WITHHELD,pending
PER-13,runs/raw_logs/Perplexity_RAG/13. Strategic Analysis of Current Event_ Soviet Nuclea.pdf,13,3,Combination 1,,Leadership_Unity,Leadership_Unity: 0.60 (0.70 - 0.10),,PDFIUM-PER-13-N-00095,,준수,,0.6 => 0.6,candidate_only,,False,unresolved_different_or_unmatched_no_forced_link,GLOBAL_ARITHMETIC_RATE_WITHHELD,pending
PER-13,runs/raw_logs/Perplexity_RAG/13. Strategic Analysis of Current Event_ Soviet Nuclea.pdf,13,3,Combination 1,,Public_Opinion,Public_Opinion: 0.45 (0.50 - 0.05),,PDFIUM-PER-13-N-00094,,준수,,0.45 => 0.45,candidate_only,,False,unresolved_different_or_unmatched_no_forced_link,GLOBAL_ARITHMETIC_RATE_WITHHELD,pending
PER-13,runs/raw_logs/Perplexity_RAG/13. Strategic Analysis of Current Event_ Soviet Nuclea.pdf,13,3,Combination 1,,Tension,Tension: 0.60 (0.45 + 0.15),,PDFIUM-PER-13-N-00092,,준수,,0.6 => 0.6,candidate_only,,False,unresolved_different_or_unmatched_no_forced_link,GLOBAL_ARITHMETIC_RATE_WITHHELD,pending
PER-13,runs/raw_logs/Perplexity_RAG/13. Strategic Analysis of Current Event_ Soviet Nuclea.pdf,14,3,Combination 2,,Diplomatic_Support,Diplomatic_Support: 0.40 (0.45 - 0.05),,PDFIUM-PER-13-N-00097,,준수,,0.4 => 0.4,candidate_only,,False,unresolved_different_or_unmatched_no_forced_link,GLOBAL_ARITHMETIC_RATE_WITHHELD,pending
PER-13,runs/raw_logs/Perplexity_RAG/13. Strategic Analysis of Current Event_ Soviet Nuclea.pdf,14,3,Combination 2,,Tension,Tension: 0.60 (0.45 + 0.15),,PDFIUM-PER-13-N-00096,,준수,,0.6 => 0.6,candidate_only,,False,unresolved_different_or_unmatched_no_forced_link,GLOBAL_ARITHMETIC_RATE_WITHHELD,pending
PER-13,runs/raw_logs/Perplexity_RAG/13. Strategic Analysis of Current Event_ Soviet Nuclea.pdf,15,3,Combination 2,,Leadership_Unity,Leadership_Unity: 0.60 (0.70 - 0.10),,PDFIUM-PER-13-N-00099,,준수,,0.6 => 0.6,candidate_only,,False,unresolved_different_or_unmatched_no_forced_link,GLOBAL_ARITHMETIC_RATE_WITHHELD,pending
PER-13,runs/raw_logs/Perplexity_RAG/13. Strategic Analysis of Current Event_ Soviet Nuclea.pdf,15,3,Combination 2,,Public_Opinion,Public_Opinion: 0.40 (0.45 - 0.05),,PDFIUM-PER-13-N-00098,,준수,,0.4 => 0.4,candidate_only,,False,unresolved_different_or_unmatched_no_forced_link,GLOBAL_ARITHMETIC_RATE_WITHHELD,pending
PER-13,runs/raw_logs/Perplexity_RAG/13. Strategic Analysis of Current Event_ Soviet Nuclea.pdf,16,3,Combination 3,,Diplomatic_Support,Diplomatic_Support: 0.40 (0.45 - 0.05),,PDFIUM-PER-13-N-00101,,준수,,0.4 => 0.4,candidate_only,,False,unresolved_different_or_unmatched_no_forced_link,GLOBAL_ARITHMETIC_RATE_WITHHELD,pending
PER-13,runs/raw_logs/Perplexity_RAG/13. Strategic Analysis of Current Event_ Soviet Nuclea.pdf,16,3,Combination 3,,Leadership_Unity,Leadership_Unity: 0.60 (0.70 - 0.10),,PDFIUM-PER-13-N-00103,,준수,,0.6 => 0.6,candidate_only,,False,unresolved_different_or_unmatched_no_forced_link,GLOBAL_ARITHMETIC_RATE_WITHHELD,pending
PER-13,runs/raw_logs/Perplexity_RAG/13. Strategic Analysis of Current Event_ Soviet Nuclea.pdf,16,3,Combination 3,,Public_Opinion,Public_Opinion: 0.35 (0.40 - 0.05),,PDFIUM-PER-13-N-00102,,준수,,0.35 => 0.35,candidate_only,,False,unresolved_different_or_unmatched_no_forced_link,GLOBAL_ARITHMETIC_RATE_WITHHELD,pending
PER-13,runs/raw_logs/Perplexity_RAG/13. Strategic Analysis of Current Event_ Soviet Nuclea.pdf,16,3,Combination 3,,Tension,Tension: 0.55 (0.40 + 0.15),,PDFIUM-PER-13-N-00100,,준수,,0.55 => 0.55,candidate_only,,False,unresolved_different_or_unmatched_no_forced_link,GLOBAL_ARITHMETIC_RATE_WITHHELD,pending
PER-13,runs/raw_logs/Perplexity_RAG/13. Strategic Analysis of Current Event_ Soviet Nuclea.pdf,3,1,Combination 1,,Diplomatic_Support,diplomatic_support:  0.05  Soviet denial reduces diplomatic leverage),PER-13-N-00077,,판정 불가,, => ,,old_only,,False,unresolved_different_or_unmatched_no_forced_link,GLOBAL_ARITHMETIC_RATE_WITHHELD,pending
PER-13,runs/raw_logs/Perplexity_RAG/13. Strategic Analysis of Current Event_ Soviet Nuclea.pdf,3,1,Combination 1,,Tension,"tension:  0.15  US military alert:  0.3 tension, Soviet covert detection:  0.15 net from",PER-13-N-00075,,판정 불가,, => ,,old_only,,False,unresolved_different_or_unmatched_no_forced_link,GLOBAL_ARITHMETIC_RATE_WITHHELD,pending
PER-13,runs/raw_logs/Perplexity_RAG/13. Strategic Analysis of Current Event_ Soviet Nuclea.pdf,4,1,Combination 1,,Leadership_Unity,leadership_unity:  0.3  US military_alert effect),PER-13-N-00081,,판정 불가,, => ,,old_only,,False,unresolved_different_or_unmatched_no_forced_link,GLOBAL_ARITHMETIC_RATE_WITHHELD,pending
PER-13,runs/raw_logs/Perplexity_RAG/13. Strategic Analysis of Current Event_ Soviet Nuclea.pdf,4,1,Combination 1,,Public_Opinion,public_opinion:  0.05  Soviet public_appeal effect),PER-13-N-00079,,판정 불가,, => ,,old_only,,False,unresolved_different_or_unmatched_no_forced_link,GLOBAL_ARITHMETIC_RATE_WITHHELD,pending
PER-13,runs/raw_logs/Perplexity_RAG/13. Strategic Analysis of Current Event_ Soviet Nuclea.pdf,4,1,Combination 2,,Diplomatic_Support,diplomatic_support:  0.05  US covert_detection reduces diplomatic room),PER-13-N-00085,,판정 불가,, => ,,old_only,,False,unresolved_different_or_unmatched_no_forced_link,GLOBAL_ARITHMETIC_RATE_WITHHELD,pending
PER-13,runs/raw_logs/Perplexity_RAG/13. Strategic Analysis of Current Event_ Soviet Nuclea.pdf,4,1,Combination 2,,Leadership_Unity,leadership_unity:  0.15  Soviet military_alert effect),PER-13-N-00087,,판정 불가,, => ,,old_only,,False,unresolved_different_or_unmatched_no_forced_link,GLOBAL_ARITHMETIC_RATE_WITHHELD,pending
PER-13,runs/raw_logs/Perplexity_RAG/13. Strategic Analysis of Current Event_ Soviet Nuclea.pdf,4,1,Combination 2,,Tension,"tension:  0.15  US military_alert:  0.3, Soviet military_alert:  0.15 net)",PER-13-N-00083,,판정 불가,, => ,,old_only,,False,unresolved_different_or_unmatched_no_forced_link,GLOBAL_ARITHMETIC_RATE_WITHHELD,pending
PER-13,runs/raw_logs/Perplexity_RAG/13. Strategic Analysis of Current Event_ Soviet Nuclea.pdf,5,1,Combination 3,,Diplomatic_Support,diplomatic_support:  0.10 (diplomatic_failure effect),PER-13-N-00091,,판정 불가,, => ,,old_only,,False,unresolved_different_or_unmatched_no_forced_link,GLOBAL_ARITHMETIC_RATE_WITHHELD,pending
PER-13,runs/raw_logs/Perplexity_RAG/13. Strategic Analysis of Current Event_ Soviet Nuclea.pdf,5,1,Combination 3,,Leadership_Unity,"US ""military_alert"" sets tension=0.3 and leadership_unity=0.8 (absolute values per JSON .",PER-13-N-00027,,판정 불가,,0.8 => ,,old_only,,False,unresolved_different_or_unmatched_no_forced_link,GLOBAL_ARITHMETIC_RATE_WITHHELD,pending
PER-13,runs/raw_logs/Perplexity_RAG/13. Strategic Analysis of Current Event_ Soviet Nuclea.pdf,5,1,Combination 3,,Leadership_Unity,leadership_unity:  0.10  Soviet internal_dispute effect),PER-13-N-00095,,판정 불가,, => ,,old_only,,False,unresolved_different_or_unmatched_no_forced_link,GLOBAL_ARITHMETIC_RATE_WITHHELD,pending
PER-13,runs/raw_logs/Perplexity_RAG/13. Strategic Analysis of Current Event_ Soviet Nuclea.pdf,5,1,Combination 3,,Public_Opinion,public_opinion:  0.05 (nuclear threat fear),PER-13-N-00093,,판정 불가,, => ,,old_only,,False,unresolved_different_or_unmatched_no_forced_link,GLOBAL_ARITHMETIC_RATE_WITHHELD,pending
PER-13,runs/raw_logs/Perplexity_RAG/13. Strategic Analysis of Current Event_ Soviet Nuclea.pdf,5,1,Combination 3,,Tension,"US ""military_alert"" sets tension=0.3 and leadership_unity=0.8 (absolute values per JSON .",PER-13-N-00026,,판정 불가,,0.3 => ,,old_only,,False,unresolved_different_or_unmatched_no_forced_link,GLOBAL_ARITHMETIC_RATE_WITHHELD,pending
PER-13,runs/raw_logs/Perplexity_RAG/13. Strategic Analysis of Current Event_ Soviet Nuclea.pdf,5,1,Combination 3,,Tension,tension:  0.45  US strike:  0.15   Soviet military_alert:  0.3 ,PER-13-N-00089,,판정 불가,, => ,,old_only,,False,unresolved_different_or_unmatched_no_forced_link,GLOBAL_ARITHMETIC_RATE_WITHHELD,pending
PER-13,runs/raw_logs/Perplexity_RAG/13. Strategic Analysis of Current Event_ Soviet Nuclea.pdf,6,1,Strategic Analysis for Combination 1  Strategic Coercion vs. Denial,,Tension,Tension: 0.45  Clamped),PER-13-N-00028,,판정 불가,,0.45 => ,,old_only,,False,unresolved_different_or_unmatched_no_forced_link,GLOBAL_ARITHMETIC_RATE_WITHHELD,pending
PER-14,runs/raw_logs/Perplexity_RAG/14. Strategic Decision Modeling_ Cuban Missile Crisis.pdf,3,1,Combination 1,,Diplomatic_Support,Diplomatic Support:  0.02 (from U.S. State Department constraints),PER-14-N-00048,,판정 불가,, => ,,old_only,,False,unresolved_different_or_unmatched_no_forced_link,GLOBAL_ARITHMETIC_RATE_WITHHELD,pending
PER-14,runs/raw_logs/Perplexity_RAG/14. Strategic Decision Modeling_ Cuban Missile Crisis.pdf,3,1,Combination 1,,Leadership_Unity,Leadership Unity:  1.45  0.8 from U.S. + 0.65 from USSR ,PER-14-N-00052,,판정 불가,, => ,,old_only,,False,unresolved_different_or_unmatched_no_forced_link,GLOBAL_ARITHMETIC_RATE_WITHHELD,pending
PER-14,runs/raw_logs/Perplexity_RAG/14. Strategic Decision Modeling_ Cuban Missile Crisis.pdf,3,1,Combination 1,,Public_Opinion,Public Opinion:  0.5  U.S. public appeal),PER-14-N-00050,,판정 불가,, => ,,old_only,,False,unresolved_different_or_unmatched_no_forced_link,GLOBAL_ARITHMETIC_RATE_WITHHELD,pending
PER-14,runs/raw_logs/Perplexity_RAG/14. Strategic Decision Modeling_ Cuban Missile Crisis.pdf,3,1,Combination 1,,Tension,Tension:  0.75  0.3 from U.S. + 0.45 from USSR ,PER-14-N-00046,,판정 불가,, => ,,old_only,,False,unresolved_different_or_unmatched_no_forced_link,GLOBAL_ARITHMETIC_RATE_WITHHELD,pending
PER-14,runs/raw_logs/Perplexity_RAG/14. Strategic Decision Modeling_ Cuban Missile Crisis.pdf,4,1,Combination 1,,Tension,Military Posture: Aggressive  Tension  0.8 ,PER-14-N-00054,,판정 불가,, => ,,old_only,,False,unresolved_different_or_unmatched_no_forced_link,GLOBAL_ARITHMETIC_RATE_WITHHELD,pending
PER-14,runs/raw_logs/Perplexity_RAG/14. Strategic Decision Modeling_ Cuban Missile Crisis.pdf,4,1,Combination 2,,Diplomatic_Support,Diplomatic Support:  0.10   0.05 U.S. +  0.05 USSR ,PER-14-N-00058,,판정 불가,, => ,,old_only,,False,unresolved_different_or_unmatched_no_forced_link,GLOBAL_ARITHMETIC_RATE_WITHHELD,pending
PER-14,runs/raw_logs/Perplexity_RAG/14. Strategic Decision Modeling_ Cuban Missile Crisis.pdf,4,1,Combination 2,,Leadership_Unity,Leadership Unity:  1.25  0.8 0.10 U.S. + 0.65 0.10 USSR ,PER-14-N-00062,,판정 불가,, => ,,old_only,,False,unresolved_different_or_unmatched_no_forced_link,GLOBAL_ARITHMETIC_RATE_WITHHELD,pending
PER-14,runs/raw_logs/Perplexity_RAG/14. Strategic Decision Modeling_ Cuban Missile Crisis.pdf,4,1,Combination 2,,Leadership_Unity,Leadership Unity: +1.25 (0.8-0.10 U.S. + 0.65-0.10 USSR),,PDFIUM-PER-14-N-00010,,위반,,1.25 => 0.7,candidate_only,,False,unresolved_different_or_unmatched_no_forced_link,GLOBAL_ARITHMETIC_RATE_WITHHELD,pending
PER-14,runs/raw_logs/Perplexity_RAG/14. Strategic Decision Modeling_ Cuban Missile Crisis.pdf,4,1,Combination 2,,Public_Opinion,Public Opinion:  0.10   0.05 U.S. +  0.05 USSR ,PER-14-N-00060,,판정 불가,, => ,,old_only,,False,unresolved_different_or_unmatched_no_forced_link,GLOBAL_ARITHMETIC_RATE_WITHHELD,pending
PER-14,runs/raw_logs/Perplexity_RAG/14. Strategic Decision Modeling_ Cuban Missile Crisis.pdf,4,1,Combination 2,,Tension,Tension:  1.05  0.3 0.15 U.S. + 0.45 0.15 USSR ,PER-14-N-00056,,판정 불가,, => ,,old_only,,False,unresolved_different_or_unmatched_no_forced_link,GLOBAL_ARITHMETIC_RATE_WITHHELD,pending
PER-14,runs/raw_logs/Perplexity_RAG/14. Strategic Decision Modeling_ Cuban Missile Crisis.pdf,4,1,Combination 2,,Tension,Tension: +1.05 (0.3+0.15 U.S. + 0.45+0.15 USSR),,PDFIUM-PER-14-N-00009,,위반,,1.05 => 0.45,candidate_only,,False,unresolved_different_or_unmatched_no_forced_link,GLOBAL_ARITHMETIC_RATE_WITHHELD,pending
PER-14,runs/raw_logs/Perplexity_RAG/14. Strategic Decision Modeling_ Cuban Missile Crisis.pdf,5,1,Combination 3,,Diplomatic_Support,Diplomatic Support:  0.20   0.10 U.S. +  0.10 USSR ,PER-14-N-00066,,판정 불가,, => ,,old_only,,False,unresolved_different_or_unmatched_no_forced_link,GLOBAL_ARITHMETIC_RATE_WITHHELD,pending
PER-14,runs/raw_logs/Perplexity_RAG/14. Strategic Decision Modeling_ Cuban Missile Crisis.pdf,5,1,Combination 3,,Diplomatic_Support,Diplomatic Support: 0.70   0.5; multilateral solution favored),PER-14-N-00019,,판정 불가,,0.70 => ,,old_only,,False,unresolved_different_or_unmatched_no_forced_link,GLOBAL_ARITHMETIC_RATE_WITHHELD,pending
PER-14,runs/raw_logs/Perplexity_RAG/14. Strategic Decision Modeling_ Cuban Missile Crisis.pdf,5,1,Combination 3,,Leadership_Unity,Leadership Unity:  0.10   0.05 U.S. +  0.05 USSR ,PER-14-N-00070,,판정 불가,, => ,,old_only,,False,unresolved_different_or_unmatched_no_forced_link,GLOBAL_ARITHMETIC_RATE_WITHHELD,pending
PER-14,runs/raw_logs/Perplexity_RAG/14. Strategic Decision Modeling_ Cuban Missile Crisis.pdf,5,1,Combination 3,,Leadership_Unity,Leadership Unity: 0.60   0.5; policy consensus),PER-14-N-00021,,판정 불가,,0.60 => ,,old_only,,False,unresolved_different_or_unmatched_no_forced_link,GLOBAL_ARITHMETIC_RATE_WITHHELD,pending
PER-14,runs/raw_logs/Perplexity_RAG/14. Strategic Decision Modeling_ Cuban Missile Crisis.pdf,5,1,Combination 3,,Leadership_Unity,Military Posture: Restrained  Leadership Unity  0.5 ,PER-14-N-00072,,판정 불가,, => ,,old_only,,False,unresolved_different_or_unmatched_no_forced_link,GLOBAL_ARITHMETIC_RATE_WITHHELD,pending
PER-14,runs/raw_logs/Perplexity_RAG/14. Strategic Decision Modeling_ Cuban Missile Crisis.pdf,5,1,Combination 3,,Public_Opinion,Public Opinion:  0.10   0.05 U.S. +  0.05 USSR ,PER-14-N-00068,,판정 불가,, => ,,old_only,,False,unresolved_different_or_unmatched_no_forced_link,GLOBAL_ARITHMETIC_RATE_WITHHELD,pending
PER-14,runs/raw_logs/Perplexity_RAG/14. Strategic Decision Modeling_ Cuban Missile Crisis.pdf,5,1,Combination 3,,Public_Opinion,Public Opinion: 0.60   0.4; strengthens leadership),PER-14-N-00020,,판정 불가,,0.60 => ,,old_only,,False,unresolved_different_or_unmatched_no_forced_link,GLOBAL_ARITHMETIC_RATE_WITHHELD,pending
PER-14,runs/raw_logs/Perplexity_RAG/14. Strategic Decision Modeling_ Cuban Missile Crisis.pdf,5,1,Combination 3,,Tension,Tension:  0.10   0.05 U.S. +  0.05 USSR ,PER-14-N-00064,,판정 불가,, => ,,old_only,,False,unresolved_different_or_unmatched_no_forced_link,GLOBAL_ARITHMETIC_RATE_WITHHELD,pending
PER-15,runs/raw_logs/Perplexity_RAG/15. Strategic Decision Model for Cuban Missile Crisis.pdf,10,1,Combination 3,,Diplomatic_Support,Diplomatic_Support: 0.70  0.80 baseline - 0.10 from event),PER-15-N-00022,,판정 불가,,0.70 => ,,old_only,,False,unresolved_different_or_unmatched_no_forced_link,GLOBAL_ARITHMETIC_RATE_WITHHELD,pending
PER-15,runs/raw_logs/Perplexity_RAG/15. Strategic Decision Model for Cuban Missile Crisis.pdf,10,1,Combination 3,,Leadership_Unity,Leadership_Unity: 0.70  0.80 baseline - 0.10 from event),PER-15-N-00024,,판정 불가,,0.70 => ,,old_only,,False,unresolved_different_or_unmatched_no_forced_link,GLOBAL_ARITHMETIC_RATE_WITHHELD,pending
PER-15,runs/raw_logs/Perplexity_RAG/15. Strategic Decision Model for Cuban Missile Crisis.pdf,10,1,Combination 3,,Public_Opinion,Public_Opinion: 0.60  0.70 baseline - 0.10 from event),PER-15-N-00023,,판정 불가,,0.60 => ,,old_only,,False,unresolved_different_or_unmatched_no_forced_link,GLOBAL_ARITHMETIC_RATE_WITHHELD,pending
PER-15,runs/raw_logs/Perplexity_RAG/15. Strategic Decision Model for Cuban Missile Crisis.pdf,10,1,Combination 3,,Tension,Tension: 0.50  0.40 baseline + 0.10 from event),PER-15-N-00021,,판정 불가,,0.50 => ,,old_only,,False,unresolved_different_or_unmatched_no_forced_link,GLOBAL_ARITHMETIC_RATE_WITHHELD,pending
PER-15,runs/raw_logs/Perplexity_RAG/15. Strategic Decision Model for Cuban Missile Crisis.pdf,11,1,Combination 1,,Diplomatic_Support,Diplomatic Support: 0.45  0.50 baseline - 0.05 ,PER-15-N-00026,,판정 불가,,0.45 => ,,old_only,,False,unresolved_different_or_unmatched_no_forced_link,GLOBAL_ARITHMETIC_RATE_WITHHELD,pending
PER-15,runs/raw_logs/Perplexity_RAG/15. Strategic Decision Model for Cuban Missile Crisis.pdf,11,1,Combination 1,,Leadership_Unity,Leadership Unity: 0.40  0.50 baseline - 0.10 ,PER-15-N-00028,,판정 불가,,0.40 => ,,old_only,,False,unresolved_different_or_unmatched_no_forced_link,GLOBAL_ARITHMETIC_RATE_WITHHELD,pending
PER-15,runs/raw_logs/Perplexity_RAG/15. Strategic Decision Model for Cuban Missile Crisis.pdf,11,1,Combination 1,,Public_Opinion,Public Opinion: 0.45  0.50 baseline - 0.05 ,PER-15-N-00027,,판정 불가,,0.45 => ,,old_only,,False,unresolved_different_or_unmatched_no_forced_link,GLOBAL_ARITHMETIC_RATE_WITHHELD,pending
PER-15,runs/raw_logs/Perplexity_RAG/15. Strategic Decision Model for Cuban Missile Crisis.pdf,11,1,Combination 1,,Tension,"Tension: 0.80  0.65 baseline + 0.15 from ""Strike"" event)",PER-15-N-00025,,판정 불가,,0.80 => ,,old_only,,False,unresolved_different_or_unmatched_no_forced_link,GLOBAL_ARITHMETIC_RATE_WITHHELD,pending
PER-15,runs/raw_logs/Perplexity_RAG/15. Strategic Decision Model for Cuban Missile Crisis.pdf,13,1,Combination 2,,Diplomatic_Support,Diplomatic Support: 0.35  0.40 baseline - 0.05 ,PER-15-N-00030,,판정 불가,,0.35 => ,,old_only,,False,unresolved_different_or_unmatched_no_forced_link,GLOBAL_ARITHMETIC_RATE_WITHHELD,pending
PER-15,runs/raw_logs/Perplexity_RAG/15. Strategic Decision Model for Cuban Missile Crisis.pdf,13,1,Combination 2,,Leadership_Unity,Leadership Unity: 0.30  0.40 baseline - 0.10 ,PER-15-N-00032,,판정 불가,,0.30 => ,,old_only,,False,unresolved_different_or_unmatched_no_forced_link,GLOBAL_ARITHMETIC_RATE_WITHHELD,pending
PER-15,runs/raw_logs/Perplexity_RAG/15. Strategic Decision Model for Cuban Missile Crisis.pdf,13,1,Combination 2,,Public_Opinion,Public Opinion: 0.35  0.40 baseline - 0.05 ,PER-15-N-00031,,판정 불가,,0.35 => ,,old_only,,False,unresolved_different_or_unmatched_no_forced_link,GLOBAL_ARITHMETIC_RATE_WITHHELD,pending
PER-15,runs/raw_logs/Perplexity_RAG/15. Strategic Decision Model for Cuban Missile Crisis.pdf,13,1,Combination 2,,Tension,Tension: 1.00 (clamped from 1.05 ,PER-15-N-00029,,판정 불가,,1.00 => ,,old_only,,False,unresolved_different_or_unmatched_no_forced_link,GLOBAL_ARITHMETIC_RATE_WITHHELD,pending
PER-15,runs/raw_logs/Perplexity_RAG/15. Strategic Decision Model for Cuban Missile Crisis.pdf,14,1,Combination 3,,Diplomatic_Support,Diplomatic Support: 0.65  0.70 baseline - 0.05 ,PER-15-N-00034,,판정 불가,,0.65 => ,,old_only,,False,unresolved_different_or_unmatched_no_forced_link,GLOBAL_ARITHMETIC_RATE_WITHHELD,pending
PER-15,runs/raw_logs/Perplexity_RAG/15. Strategic Decision Model for Cuban Missile Crisis.pdf,14,1,Combination 3,,Leadership_Unity,Leadership Unity: 0.60  0.70 baseline - 0.10 ,PER-15-N-00036,,판정 불가,,0.60 => ,,old_only,,False,unresolved_different_or_unmatched_no_forced_link,GLOBAL_ARITHMETIC_RATE_WITHHELD,pending
PER-15,runs/raw_logs/Perplexity_RAG/15. Strategic Decision Model for Cuban Missile Crisis.pdf,14,1,Combination 3,,Public_Opinion,Public Opinion: 0.55  0.60 baseline - 0.05 ,PER-15-N-00035,,판정 불가,,0.55 => ,,old_only,,False,unresolved_different_or_unmatched_no_forced_link,GLOBAL_ARITHMETIC_RATE_WITHHELD,pending
PER-15,runs/raw_logs/Perplexity_RAG/15. Strategic Decision Model for Cuban Missile Crisis.pdf,14,1,Combination 3,,Tension,Tension: 0.65  0.50 baseline + 0.15 ,PER-15-N-00033,,판정 불가,,0.65 => ,,old_only,,False,unresolved_different_or_unmatched_no_forced_link,GLOBAL_ARITHMETIC_RATE_WITHHELD,pending
PER-15,runs/raw_logs/Perplexity_RAG/15. Strategic Decision Model for Cuban Missile Crisis.pdf,15,1,Combination 1,,Diplomatic_Support,Diplomatic Support: 0.40  0.45 baseline - 0.05 ,PER-15-N-00038,,판정 불가,,0.40 => ,,old_only,,False,unresolved_different_or_unmatched_no_forced_link,GLOBAL_ARITHMETIC_RATE_WITHHELD,pending
PER-15,runs/raw_logs/Perplexity_RAG/15. Strategic Decision Model for Cuban Missile Crisis.pdf,15,1,Combination 1,,Leadership_Unity,Leadership Unity: 0.30  0.40 baseline - 0.10 ,PER-15-N-00040,,판정 불가,,0.30 => ,,old_only,,False,unresolved_different_or_unmatched_no_forced_link,GLOBAL_ARITHMETIC_RATE_WITHHELD,pending
PER-15,runs/raw_logs/Perplexity_RAG/15. Strategic Decision Model for Cuban Missile Crisis.pdf,15,1,Combination 1,,Public_Opinion,Public Opinion: 0.40  0.45 baseline - 0.05 ,PER-15-N-00039,,판정 불가,,0.40 => ,,old_only,,False,unresolved_different_or_unmatched_no_forced_link,GLOBAL_ARITHMETIC_RATE_WITHHELD,pending
PER-15,runs/raw_logs/Perplexity_RAG/15. Strategic Decision Model for Cuban Missile Crisis.pdf,15,1,Combination 1,,Tension,"Tension: 0.95  0.80 baseline + 0.15 from ""Strike"" event)",PER-15-N-00037,,판정 불가,,0.95 => ,,old_only,,False,unresolved_different_or_unmatched_no_forced_link,GLOBAL_ARITHMETIC_RATE_WITHHELD,pending
PER-15,runs/raw_logs/Perplexity_RAG/15. Strategic Decision Model for Cuban Missile Crisis.pdf,17,1,Combination 2,,Diplomatic_Support,Diplomatic Support: 0.30  0.35 baseline - 0.05 ,PER-15-N-00043,,판정 불가,,0.30 => ,,old_only,,False,unresolved_different_or_unmatched_no_forced_link,GLOBAL_ARITHMETIC_RATE_WITHHELD,pending
PER-15,runs/raw_logs/Perplexity_RAG/15. Strategic Decision Model for Cuban Missile Crisis.pdf,17,1,Combination 2,,Leadership_Unity,Leadership Unity: 0.20  0.30 baseline - 0.10 ,PER-15-N-00045,,판정 불가,,0.20 => ,,old_only,,False,unresolved_different_or_unmatched_no_forced_link,GLOBAL_ARITHMETIC_RATE_WITHHELD,pending
PER-15,runs/raw_logs/Perplexity_RAG/15. Strategic Decision Model for Cuban Missile Crisis.pdf,17,1,Combination 2,,Public_Opinion,Public Opinion: 0.30  0.35 baseline - 0.05 ,PER-15-N-00044,,판정 불가,,0.30 => ,,old_only,,False,unresolved_different_or_unmatched_no_forced_link,GLOBAL_ARITHMETIC_RATE_WITHHELD,pending
PER-15,runs/raw_logs/Perplexity_RAG/15. Strategic Decision Model for Cuban Missile Crisis.pdf,18,1,Combination 3,,Diplomatic_Support,Diplomatic Support: 0.60  0.65 baseline - 0.05 ,PER-15-N-00047,,판정 불가,,0.60 => ,,old_only,,False,unresolved_different_or_unmatched_no_forced_link,GLOBAL_ARITHMETIC_RATE_WITHHELD,pending
PER-15,runs/raw_logs/Perplexity_RAG/15. Strategic Decision Model for Cuban Missile Crisis.pdf,18,1,Combination 3,,Leadership_Unity,Leadership Unity: 0.50  0.60 baseline - 0.10 ,PER-15-N-00049,,판정 불가,,0.50 => ,,old_only,,False,unresolved_different_or_unmatched_no_forced_link,GLOBAL_ARITHMETIC_RATE_WITHHELD,pending
PER-15,runs/raw_logs/Perplexity_RAG/15. Strategic Decision Model for Cuban Missile Crisis.pdf,18,1,Combination 3,,Public_Opinion,Public Opinion: 0.50  0.55 baseline - 0.05 ,PER-15-N-00048,,판정 불가,,0.50 => ,,old_only,,False,unresolved_different_or_unmatched_no_forced_link,GLOBAL_ARITHMETIC_RATE_WITHHELD,pending
PER-15,runs/raw_logs/Perplexity_RAG/15. Strategic Decision Model for Cuban Missile Crisis.pdf,18,1,Combination 3,,Tension,Tension: 0.80  0.65 baseline + 0.15 ,PER-15-N-00046,,판정 불가,,0.80 => ,,old_only,,False,unresolved_different_or_unmatched_no_forced_link,GLOBAL_ARITHMETIC_RATE_WITHHELD,pending
PER-15,runs/raw_logs/Perplexity_RAG/15. Strategic Decision Model for Cuban Missile Crisis.pdf,4,1, ,,Diplomatic_Support,Diplomatic_Support: 0.56  0.6 baseline - 0.02 US   0.02 USSR ,PER-15-N-00002,,판정 불가,,0.56 => ,,old_only,,False,unresolved_different_or_unmatched_no_forced_link,GLOBAL_ARITHMETIC_RATE_WITHHELD,pending
PER-15,runs/raw_logs/Perplexity_RAG/15. Strategic Decision Model for Cuban Missile Crisis.pdf,4,1, ,,Public_Opinion,Public_Opinion: 0.56  0.6 baseline - 0.02 US   0.02 USSR ,PER-15-N-00003,,판정 불가,,0.56 => ,,old_only,,False,unresolved_different_or_unmatched_no_forced_link,GLOBAL_ARITHMETIC_RATE_WITHHELD,pending
PER-15,runs/raw_logs/Perplexity_RAG/15. Strategic Decision Model for Cuban Missile Crisis.pdf,4,1, ,,Tension,Tension: 0.55  0.5 baseline + 0.05 US   0.05 USSR ,PER-15-N-00001,,판정 불가,,0.55 => ,,old_only,,False,unresolved_different_or_unmatched_no_forced_link,GLOBAL_ARITHMETIC_RATE_WITHHELD,pending
PER-15,runs/raw_logs/Perplexity_RAG/15. Strategic Decision Model for Cuban Missile Crisis.pdf,4,1,Combination 1,,Diplomatic_Support,Diplomatic_Support:  0.02,PER-15-N-00052 | PER-15-N-00060,,판정 불가 | 판정 불가,, =>  |  => ,,old_only,,False,unresolved_different_or_unmatched_no_forced_link,GLOBAL_ARITHMETIC_RATE_WITHHELD,pending
PER-15,runs/raw_logs/Perplexity_RAG/15. Strategic Decision Model for Cuban Missile Crisis.pdf,4,1,Combination 1,,Leadership_Unity,Leadership_Unity:  0.05,PER-15-N-00056 | PER-15-N-00064,,판정 불가 | 판정 불가,, =>  |  => ,,old_only,,False,unresolved_different_or_unmatched_no_forced_link,GLOBAL_ARITHMETIC_RATE_WITHHELD,pending
PER-15,runs/raw_logs/Perplexity_RAG/15. Strategic Decision Model for Cuban Missile Crisis.pdf,4,1,Combination 1,,Public_Opinion,Public_Opinion:  0.02,PER-15-N-00054 | PER-15-N-00062,,판정 불가 | 판정 불가,, =>  |  => ,,old_only,,False,unresolved_different_or_unmatched_no_forced_link,GLOBAL_ARITHMETIC_RATE_WITHHELD,pending
PER-15,runs/raw_logs/Perplexity_RAG/15. Strategic Decision Model for Cuban Missile Crisis.pdf,4,1,Combination 1,,Tension,Tension:  0.05,PER-15-N-00050 | PER-15-N-00058,,판정 불가 | 판정 불가,, =>  |  => ,,old_only,,False,unresolved_different_or_unmatched_no_forced_link,GLOBAL_ARITHMETIC_RATE_WITHHELD,pending
PER-15,runs/raw_logs/Perplexity_RAG/15. Strategic Decision Model for Cuban Missile Crisis.pdf,5,1, ,,Diplomatic_Support,Diplomatic_Support: 0.50  0.6 baseline - 0.05 US   0.05 USSR ,PER-15-N-00006,,판정 불가,,0.50 => ,,old_only,,False,unresolved_different_or_unmatched_no_forced_link,GLOBAL_ARITHMETIC_RATE_WITHHELD,pending
PER-15,runs/raw_logs/Perplexity_RAG/15. Strategic Decision Model for Cuban Missile Crisis.pdf,5,1, ,,Leadership_Unity,Leadership_Unity: 0.50  0.7 baseline - 0.10 US   0.10 USSR ,PER-15-N-00008,,판정 불가,,0.50 => ,,old_only,,False,unresolved_different_or_unmatched_no_forced_link,GLOBAL_ARITHMETIC_RATE_WITHHELD,pending
PER-15,runs/raw_logs/Perplexity_RAG/15. Strategic Decision Model for Cuban Missile Crisis.pdf,5,1, ,,Leadership_Unity,Leadership_Unity: 0.60  0.7 baseline - 0.05 US   0.05 USSR ,PER-15-N-00004,,판정 불가,,0.60 => ,,old_only,,False,unresolved_different_or_unmatched_no_forced_link,GLOBAL_ARITHMETIC_RATE_WITHHELD,pending
PER-15,runs/raw_logs/Perplexity_RAG/15. Strategic Decision Model for Cuban Missile Crisis.pdf,5,1, ,,Public_Opinion,Public_Opinion: 0.50  0.6 baseline - 0.05 US   0.05 USSR ,PER-15-N-00007,,판정 불가,,0.50 => ,,old_only,,False,unresolved_different_or_unmatched_no_forced_link,GLOBAL_ARITHMETIC_RATE_WITHHELD,pending
PER-15,runs/raw_logs/Perplexity_RAG/15. Strategic Decision Model for Cuban Missile Crisis.pdf,5,1, ,,Tension,Tension: 0.80  0.5 baseline + 0.15 US   0.15 USSR ,PER-15-N-00005,,판정 불가,,0.80 => ,,old_only,,False,unresolved_different_or_unmatched_no_forced_link,GLOBAL_ARITHMETIC_RATE_WITHHELD,pending
PER-15,runs/raw_logs/Perplexity_RAG/15. Strategic Decision Model for Cuban Missile Crisis.pdf,5,1,Combination 2,,Diplomatic_Support,Diplomatic_Support:  0.05,PER-15-N-00068 | PER-15-N-00076,,판정 불가 | 판정 불가,, =>  |  => ,,old_only,,False,unresolved_different_or_unmatched_no_forced_link,GLOBAL_ARITHMETIC_RATE_WITHHELD,pending
PER-15,runs/raw_logs/Perplexity_RAG/15. Strategic Decision Model for Cuban Missile Crisis.pdf,5,1,Combination 2,,Leadership_Unity,Leadership_Unity:  0.10,PER-15-N-00072 | PER-15-N-00080,,판정 불가 | 판정 불가,, =>  |  => ,,old_only,,False,unresolved_different_or_unmatched_no_forced_link,GLOBAL_ARITHMETIC_RATE_WITHHELD,pending
PER-15,runs/raw_logs/Perplexity_RAG/15. Strategic Decision Model for Cuban Missile Crisis.pdf,5,1,Combination 2,,Public_Opinion,Public_Opinion:  0.05,PER-15-N-00070 | PER-15-N-00078,,판정 불가 | 판정 불가,, =>  |  => ,,old_only,,False,unresolved_different_or_unmatched_no_forced_link,GLOBAL_ARITHMETIC_RATE_WITHHELD,pending
PER-15,runs/raw_logs/Perplexity_RAG/15. Strategic Decision Model for Cuban Missile Crisis.pdf,5,1,Combination 2,,Tension,Tension:  0.15,PER-15-N-00066 | PER-15-N-00074,,판정 불가 | 판정 불가,, =>  |  => ,,old_only,,False,unresolved_different_or_unmatched_no_forced_link,GLOBAL_ARITHMETIC_RATE_WITHHELD,pending
PER-15,runs/raw_logs/Perplexity_RAG/15. Strategic Decision Model for Cuban Missile Crisis.pdf,5,1,Combination 3,,Diplomatic_Support,Diplomatic_Support:  0.10,PER-15-N-00084,,판정 불가,, => ,,old_only,,False,unresolved_different_or_unmatched_no_forced_link,GLOBAL_ARITHMETIC_RATE_WITHHELD,pending
PER-15,runs/raw_logs/Perplexity_RAG/15. Strategic Decision Model for Cuban Missile Crisis.pdf,5,1,Combination 3,,Public_Opinion,Public_Opinion:  0.05,PER-15-N-00086,,판정 불가,, => ,,old_only,,False,unresolved_different_or_unmatched_no_forced_link,GLOBAL_ARITHMETIC_RATE_WITHHELD,pending
PER-15,runs/raw_logs/Perplexity_RAG/15. Strategic Decision Model for Cuban Missile Crisis.pdf,5,1,Combination 3,,Tension,Tension:  0.05,PER-15-N-00082,,판정 불가,, => ,,old_only,,False,unresolved_different_or_unmatched_no_forced_link,GLOBAL_ARITHMETIC_RATE_WITHHELD,pending
PER-15,runs/raw_logs/Perplexity_RAG/15. Strategic Decision Model for Cuban Missile Crisis.pdf,6,1, ,,Diplomatic_Support,Diplomatic_Support: 0.80  0.6 baseline + 0.10 US   0.10 USSR ,PER-15-N-00010,,판정 불가,,0.80 => ,,old_only,,False,unresolved_different_or_unmatched_no_forced_link,GLOBAL_ARITHMETIC_RATE_WITHHELD,pending
PER-15,runs/raw_logs/Perplexity_RAG/15. Strategic Decision Model for Cuban Missile Crisis.pdf,6,1, ,,Leadership_Unity,Leadership_Unity: 0.80  0.7 baseline + 0.05 US   0.05 USSR ,PER-15-N-00012,,판정 불가,,0.80 => ,,old_only,,False,unresolved_different_or_unmatched_no_forced_link,GLOBAL_ARITHMETIC_RATE_WITHHELD,pending
PER-15,runs/raw_logs/Perplexity_RAG/15. Strategic Decision Model for Cuban Missile Crisis.pdf,6,1, ,,Public_Opinion,Public_Opinion: 0.70  0.6 baseline + 0.05 US   0.05 USSR ,PER-15-N-00011,,판정 불가,,0.70 => ,,old_only,,False,unresolved_different_or_unmatched_no_forced_link,GLOBAL_ARITHMETIC_RATE_WITHHELD,pending
PER-15,runs/raw_logs/Perplexity_RAG/15. Strategic Decision Model for Cuban Missile Crisis.pdf,6,1, ,,Tension,Tension: 0.40  0.5 baseline - 0.05 US   0.05 USSR ,PER-15-N-00009,,판정 불가,,0.40 => ,,old_only,,False,unresolved_different_or_unmatched_no_forced_link,GLOBAL_ARITHMETIC_RATE_WITHHELD,pending
PER-15,runs/raw_logs/Perplexity_RAG/15. Strategic Decision Model for Cuban Missile Crisis.pdf,6,1,Combination 1,,Diplomatic_Support,Diplomatic_Support: 0.50  0.56 baseline - 0.06 from event),PER-15-N-00014,,판정 불가,,0.50 => ,,old_only,,False,unresolved_different_or_unmatched_no_forced_link,GLOBAL_ARITHMETIC_RATE_WITHHELD,pending
PER-15,runs/raw_logs/Perplexity_RAG/15. Strategic Decision Model for Cuban Missile Crisis.pdf,6,1,Combination 1,,Leadership_Unity,Leadership_Unity: 0.50  0.60 baseline - 0.10 from event),PER-15-N-00016,,판정 불가,,0.50 => ,,old_only,,False,unresolved_different_or_unmatched_no_forced_link,GLOBAL_ARITHMETIC_RATE_WITHHELD,pending
PER-15,runs/raw_logs/Perplexity_RAG/15. Strategic Decision Model for Cuban Missile Crisis.pdf,6,1,Combination 1,,Public_Opinion,Public_Opinion: 0.50  0.56 baseline - 0.06 from event),PER-15-N-00015,,판정 불가,,0.50 => ,,old_only,,False,unresolved_different_or_unmatched_no_forced_link,GLOBAL_ARITHMETIC_RATE_WITHHELD,pending
PER-15,runs/raw_logs/Perplexity_RAG/15. Strategic Decision Model for Cuban Missile Crisis.pdf,6,1,Combination 1,,Tension,Tension: 0.65  0.55 baseline + 0.10 from event),PER-15-N-00013,,판정 불가,,0.65 => ,,old_only,,False,unresolved_different_or_unmatched_no_forced_link,GLOBAL_ARITHMETIC_RATE_WITHHELD,pending
PER-15,runs/raw_logs/Perplexity_RAG/15. Strategic Decision Model for Cuban Missile Crisis.pdf,6,1,Combination 3,,Diplomatic_Support,Diplomatic_Support:  0.10,PER-15-N-00092,,판정 불가,, => ,,old_only,,False,unresolved_different_or_unmatched_no_forced_link,GLOBAL_ARITHMETIC_RATE_WITHHELD,pending
PER-15,runs/raw_logs/Perplexity_RAG/15. Strategic Decision Model for Cuban Missile Crisis.pdf,6,1,Combination 3,,Leadership_Unity,Leadership_Unity:  0.05,PER-15-N-00088 | PER-15-N-00096,,판정 불가 | 판정 불가,, =>  |  => ,,old_only,,False,unresolved_different_or_unmatched_no_forced_link,GLOBAL_ARITHMETIC_RATE_WITHHELD,pending
PER-15,runs/raw_logs/Perplexity_RAG/15. Strategic Decision Model for Cuban Missile Crisis.pdf,6,1,Combination 3,,Public_Opinion,Public_Opinion:  0.05,PER-15-N-00094,,판정 불가,, => ,,old_only,,False,unresolved_different_or_unmatched_no_forced_link,GLOBAL_ARITHMETIC_RATE_WITHHELD,pending
PER-15,runs/raw_logs/Perplexity_RAG/15. Strategic Decision Model for Cuban Missile Crisis.pdf,6,1,Combination 3,,Tension,Tension:  0.05,PER-15-N-00090,,판정 불가,, => ,,old_only,,False,unresolved_different_or_unmatched_no_forced_link,GLOBAL_ARITHMETIC_RATE_WITHHELD,pending
PER-15,runs/raw_logs/Perplexity_RAG/15. Strategic Decision Model for Cuban Missile Crisis.pdf,8,1,Combination 2,,Diplomatic_Support,Diplomatic_Support: 0.40  0.50 baseline - 0.10 from event),PER-15-N-00018,,판정 불가,,0.40 => ,,old_only,,False,unresolved_different_or_unmatched_no_forced_link,GLOBAL_ARITHMETIC_RATE_WITHHELD,pending
PER-15,runs/raw_logs/Perplexity_RAG/15. Strategic Decision Model for Cuban Missile Crisis.pdf,8,1,Combination 2,,Leadership_Unity,Leadership_Unity: 0.40  0.50 baseline - 0.10 from event),PER-15-N-00020,,판정 불가,,0.40 => ,,old_only,,False,unresolved_different_or_unmatched_no_forced_link,GLOBAL_ARITHMETIC_RATE_WITHHELD,pending
PER-15,runs/raw_logs/Perplexity_RAG/15. Strategic Decision Model for Cuban Missile Crisis.pdf,8,1,Combination 2,,Public_Opinion,Public_Opinion: 0.40  0.50 baseline - 0.10 from event),PER-15-N-00019,,판정 불가,,0.40 => ,,old_only,,False,unresolved_different_or_unmatched_no_forced_link,GLOBAL_ARITHMETIC_RATE_WITHHELD,pending
PER-15,runs/raw_logs/Perplexity_RAG/15. Strategic Decision Model for Cuban Missile Crisis.pdf,8,1,Combination 2,,Tension,Tension: 0.90  0.80 baseline + 0.10 from event),PER-15-N-00017,,판정 불가,,0.90 => ,,old_only,,False,unresolved_different_or_unmatched_no_forced_link,GLOBAL_ARITHMETIC_RATE_WITHHELD,pending
PER-16,runs/raw_logs/Perplexity_RAG/16. You are a tool for modeling strategic decisions. A.pdf,10,1,Combination 1,,Diplomatic_Support,Diplomatic Support 0.55  0.05  Strike  0.50 ≤0.5  Yes ,PER-16-N-00014,,판정 불가,,0.55 => ,,old_only,,False,unresolved_different_or_unmatched_no_forced_link,GLOBAL_ARITHMETIC_RATE_WITHHELD,pending
PER-16,runs/raw_logs/Perplexity_RAG/16. You are a tool for modeling strategic decisions. A.pdf,10,1,Combination 1,,Leadership_Unity,Leadership Unity 0.70  0.10  Strike  0.60  0.5  Yes ,PER-16-N-00016,,판정 불가,,0.70 => ,,old_only,,False,unresolved_different_or_unmatched_no_forced_link,GLOBAL_ARITHMETIC_RATE_WITHHELD,pending
PER-16,runs/raw_logs/Perplexity_RAG/16. You are a tool for modeling strategic decisions. A.pdf,10,1,Combination 1,,Public_Opinion,Public Opinion 0.58  0.05  Strike  0.53  0.4  Yes ,PER-16-N-00015,,판정 불가,,0.58 => ,,old_only,,False,unresolved_different_or_unmatched_no_forced_link,GLOBAL_ARITHMETIC_RATE_WITHHELD,pending
PER-16,runs/raw_logs/Perplexity_RAG/16. You are a tool for modeling strategic decisions. A.pdf,10,1,Combination 1,,Tension,Tension 0.70  0.15  Strike  0.85 ≥0.8  Yes ,PER-16-N-00013,,판정 불가,,0.70 => ,,old_only,,False,unresolved_different_or_unmatched_no_forced_link,GLOBAL_ARITHMETIC_RATE_WITHHELD,pending
PER-16,runs/raw_logs/Perplexity_RAG/16. You are a tool for modeling strategic decisions. A.pdf,10,1,Stablest Path: Scenario 3 (Diplomatic Support 0.58) → Inspections likely.,,Diplomatic_Support,Diplomatic Support 0.55 -0.05 (Strike) 0.50 ≤0.5 (Yes),,PDFIUM-PER-16-N-00028,,판정 불가,,0.55 -0.05 (Strike) 0.50 ≤0.5 (Yes) => ,candidate_only,,False,unresolved_different_or_unmatched_no_forced_link,GLOBAL_ARITHMETIC_RATE_WITHHELD,pending
PER-16,runs/raw_logs/Perplexity_RAG/16. You are a tool for modeling strategic decisions. A.pdf,10,1,Stablest Path: Scenario 3 (Diplomatic Support 0.58) → Inspections likely.,,Leadership_Unity,Leadership Unity 0.70 -0.10 (Strike) 0.60 >0.5 (Yes),,PDFIUM-PER-16-N-00032,,판정 불가,,0.70 -0.10 (Strike) 0.60 >0.5 (Yes) => ,candidate_only,,False,unresolved_different_or_unmatched_no_forced_link,GLOBAL_ARITHMETIC_RATE_WITHHELD,pending
PER-16,runs/raw_logs/Perplexity_RAG/16. You are a tool for modeling strategic decisions. A.pdf,10,1,Stablest Path: Scenario 3 (Diplomatic Support 0.58) → Inspections likely.,,Public_Opinion,Public Opinion 0.58 -0.05 (Strike) 0.53 >0.4 (Yes),,PDFIUM-PER-16-N-00030,,판정 불가,,0.58 -0.05 (Strike) 0.53 >0.4 (Yes) => ,candidate_only,,False,unresolved_different_or_unmatched_no_forced_link,GLOBAL_ARITHMETIC_RATE_WITHHELD,pending
PER-16,runs/raw_logs/Perplexity_RAG/16. You are a tool for modeling strategic decisions. A.pdf,10,1,Stablest Path: Scenario 3 (Diplomatic Support 0.58) → Inspections likely.,,Tension,Tension 0.70 +0.15 (Strike) 0.85 ≥0.8 (Yes),,PDFIUM-PER-16-N-00026,,판정 불가,,0.70 +0.15 (Strike) 0.85 ≥0.8 (Yes) => ,candidate_only,,False,unresolved_different_or_unmatched_no_forced_link,GLOBAL_ARITHMETIC_RATE_WITHHELD,pending
PER-16,runs/raw_logs/Perplexity_RAG/16. You are a tool for modeling strategic decisions. A.pdf,11,1,Combination 1,,Diplomatic_Support,Diplomatic Support 0.45 -0.05 (Strike) 0.40 ≤0.5 (Yes),,PDFIUM-PER-16-N-00036,,판정 불가,,0.45 -0.05 (Strike) 0.40 ≤0.5 (Yes) => ,candidate_only,,False,unresolved_different_or_unmatched_no_forced_link,GLOBAL_ARITHMETIC_RATE_WITHHELD,pending
PER-16,runs/raw_logs/Perplexity_RAG/16. You are a tool for modeling strategic decisions. A.pdf,11,1,Combination 1,,Leadership_Unity,Leadership Unity 0.45 -0.10 (Strike) 0.35 ≤0.5 (Yes),,PDFIUM-PER-16-N-00040,,판정 불가,,0.45 -0.10 (Strike) 0.35 ≤0.5 (Yes) => ,candidate_only,,False,unresolved_different_or_unmatched_no_forced_link,GLOBAL_ARITHMETIC_RATE_WITHHELD,pending
PER-16,runs/raw_logs/Perplexity_RAG/16. You are a tool for modeling strategic decisions. A.pdf,11,1,Combination 1,,Public_Opinion,Public Opinion 0.48 -0.05 (Strike) 0.43 >0.4 (Yes),,PDFIUM-PER-16-N-00038,,판정 불가,,0.48 -0.05 (Strike) 0.43 >0.4 (Yes) => ,candidate_only,,False,unresolved_different_or_unmatched_no_forced_link,GLOBAL_ARITHMETIC_RATE_WITHHELD,pending
PER-16,runs/raw_logs/Perplexity_RAG/16. You are a tool for modeling strategic decisions. A.pdf,11,1,Combination 1,,Tension,Tension 0.85 +0.15 (Strike) 1.00 ≥0.8 (Yes),,PDFIUM-PER-16-N-00034,,판정 불가,,0.85 +0.15 (Strike) 1.00 ≥0.8 (Yes) => ,candidate_only,,False,unresolved_different_or_unmatched_no_forced_link,GLOBAL_ARITHMETIC_RATE_WITHHELD,pending
PER-16,runs/raw_logs/Perplexity_RAG/16. You are a tool for modeling strategic decisions. A.pdf,11,1,Combination 2,,Diplomatic_Support,Diplomatic Support 0.45  0.05  Strike  0.40 ≤0.5  Yes ,PER-16-N-00018,,판정 불가,,0.45 => ,,old_only,,False,unresolved_different_or_unmatched_no_forced_link,GLOBAL_ARITHMETIC_RATE_WITHHELD,pending
PER-16,runs/raw_logs/Perplexity_RAG/16. You are a tool for modeling strategic decisions. A.pdf,11,1,Combination 2,,Leadership_Unity,Leadership Unity 0.45  0.10  Strike  0.35 ≤0.5  Yes ,PER-16-N-00020,,판정 불가,,0.45 => ,,old_only,,False,unresolved_different_or_unmatched_no_forced_link,GLOBAL_ARITHMETIC_RATE_WITHHELD,pending
PER-16,runs/raw_logs/Perplexity_RAG/16. You are a tool for modeling strategic decisions. A.pdf,11,1,Combination 2,,Public_Opinion,Public Opinion 0.48  0.05  Strike  0.43  0.4  Yes ,PER-16-N-00019,,판정 불가,,0.48 => ,,old_only,,False,unresolved_different_or_unmatched_no_forced_link,GLOBAL_ARITHMETIC_RATE_WITHHELD,pending
PER-16,runs/raw_logs/Perplexity_RAG/16. You are a tool for modeling strategic decisions. A.pdf,11,1,Combination 2,,Tension,Tension 0.85  0.15  Strike  1.00 ≥0.8  Yes ,PER-16-N-00017,,판정 불가,,0.85 => ,,old_only,,False,unresolved_different_or_unmatched_no_forced_link,GLOBAL_ARITHMETIC_RATE_WITHHELD,pending
PER-16,runs/raw_logs/Perplexity_RAG/16. You are a tool for modeling strategic decisions. A.pdf,13,1,Combination 2,,Diplomatic_Support,Diplomatic Support 0.58 -0.05 (Strike) 0.53 >0.5 (Yes),,PDFIUM-PER-16-N-00044,,판정 불가,,0.58 -0.05 (Strike) 0.53 >0.5 (Yes) => ,candidate_only,,False,unresolved_different_or_unmatched_no_forced_link,GLOBAL_ARITHMETIC_RATE_WITHHELD,pending
PER-16,runs/raw_logs/Perplexity_RAG/16. You are a tool for modeling strategic decisions. A.pdf,13,1,Combination 2,,Leadership_Unity,Leadership Unity 0.50 -0.10 (Strike) 0.40 ≤0.5 (Yes),,PDFIUM-PER-16-N-00048,,판정 불가,,0.50 -0.10 (Strike) 0.40 ≤0.5 (Yes) => ,candidate_only,,False,unresolved_different_or_unmatched_no_forced_link,GLOBAL_ARITHMETIC_RATE_WITHHELD,pending
PER-16,runs/raw_logs/Perplexity_RAG/16. You are a tool for modeling strategic decisions. A.pdf,13,1,Combination 2,,Public_Opinion,Public Opinion 0.53 -0.05 (Strike) 0.48 >0.4 (Yes),,PDFIUM-PER-16-N-00046,,판정 불가,,0.53 -0.05 (Strike) 0.48 >0.4 (Yes) => ,candidate_only,,False,unresolved_different_or_unmatched_no_forced_link,GLOBAL_ARITHMETIC_RATE_WITHHELD,pending
PER-16,runs/raw_logs/Perplexity_RAG/16. You are a tool for modeling strategic decisions. A.pdf,13,1,Combination 2,,Tension,Tension 0.60 +0.15 (Strike) 0.75 <0.8 (No),,PDFIUM-PER-16-N-00042,,판정 불가,,0.60 +0.15 (Strike) 0.75 <0.8 (No) => ,candidate_only,,False,unresolved_different_or_unmatched_no_forced_link,GLOBAL_ARITHMETIC_RATE_WITHHELD,pending
PER-16,runs/raw_logs/Perplexity_RAG/16. You are a tool for modeling strategic decisions. A.pdf,13,1,Combination 3,,Diplomatic_Support,Diplomatic Support 0.58  0.05  Strike  0.53  0.5  Yes ,PER-16-N-00022,,판정 불가,,0.58 => ,,old_only,,False,unresolved_different_or_unmatched_no_forced_link,GLOBAL_ARITHMETIC_RATE_WITHHELD,pending
PER-16,runs/raw_logs/Perplexity_RAG/16. You are a tool for modeling strategic decisions. A.pdf,13,1,Combination 3,,Leadership_Unity,Leadership Unity 0.50  0.10  Strike  0.40 ≤0.5  Yes ,PER-16-N-00024,,판정 불가,,0.50 => ,,old_only,,False,unresolved_different_or_unmatched_no_forced_link,GLOBAL_ARITHMETIC_RATE_WITHHELD,pending
PER-16,runs/raw_logs/Perplexity_RAG/16. You are a tool for modeling strategic decisions. A.pdf,13,1,Combination 3,,Public_Opinion,Public Opinion 0.53  0.05  Strike  0.48  0.4  Yes ,PER-16-N-00023,,판정 불가,,0.53 => ,,old_only,,False,unresolved_different_or_unmatched_no_forced_link,GLOBAL_ARITHMETIC_RATE_WITHHELD,pending
PER-16,runs/raw_logs/Perplexity_RAG/16. You are a tool for modeling strategic decisions. A.pdf,13,1,Combination 3,,Tension,Tension 0.60  0.15  Strike  0.75  0.8  No ,PER-16-N-00021,,판정 불가,,0.60 => ,,old_only,,False,unresolved_different_or_unmatched_no_forced_link,GLOBAL_ARITHMETIC_RATE_WITHHELD,pending
PER-16,runs/raw_logs/Perplexity_RAG/16. You are a tool for modeling strategic decisions. A.pdf,14,1,Combination 1,,Diplomatic_Support,Diplomatic_Support 0.50  0.05  Strike  0.45 ≤0.5  Yes ,PER-16-N-00026,,판정 불가,,0.50 => ,,old_only,,False,unresolved_different_or_unmatched_no_forced_link,GLOBAL_ARITHMETIC_RATE_WITHHELD,pending
PER-16,runs/raw_logs/Perplexity_RAG/16. You are a tool for modeling strategic decisions. A.pdf,14,1,Combination 1,,Leadership_Unity,Leadership_Unity 0.60  0.10  Strike  0.50 ≤0.5  Yes ,PER-16-N-00028,,판정 불가,,0.60 => ,,old_only,,False,unresolved_different_or_unmatched_no_forced_link,GLOBAL_ARITHMETIC_RATE_WITHHELD,pending
PER-16,runs/raw_logs/Perplexity_RAG/16. You are a tool for modeling strategic decisions. A.pdf,14,1,Combination 1,,Public_Opinion,Public_Opinion 0.53  0.05  Strike  0.48  0.4  Yes ,PER-16-N-00027,,판정 불가,,0.53 => ,,old_only,,False,unresolved_different_or_unmatched_no_forced_link,GLOBAL_ARITHMETIC_RATE_WITHHELD,pending
PER-16,runs/raw_logs/Perplexity_RAG/16. You are a tool for modeling strategic decisions. A.pdf,14,1,Combination 1,,Tension,Tension 0.85  0.15  Strike  1.00 ≥0.8  Yes ,PER-16-N-00025,,판정 불가,,0.85 => ,,old_only,,False,unresolved_different_or_unmatched_no_forced_link,GLOBAL_ARITHMETIC_RATE_WITHHELD,pending
PER-16,runs/raw_logs/Perplexity_RAG/16. You are a tool for modeling strategic decisions. A.pdf,14,1,Combination 3,,Diplomatic_Support,Diplomatic_Support 0.50 -0.05 (Strike) 0.45 ≤0.5 (Yes),,PDFIUM-PER-16-N-00052,,판정 불가,,0.50 -0.05 (Strike) 0.45 ≤0.5 (Yes) => ,candidate_only,,False,unresolved_different_or_unmatched_no_forced_link,GLOBAL_ARITHMETIC_RATE_WITHHELD,pending
PER-16,runs/raw_logs/Perplexity_RAG/16. You are a tool for modeling strategic decisions. A.pdf,14,1,Combination 3,,Leadership_Unity,Leadership_Unity 0.60 -0.10 (Strike) 0.50 ≤0.5 (Yes),,PDFIUM-PER-16-N-00056,,판정 불가,,0.60 -0.10 (Strike) 0.50 ≤0.5 (Yes) => ,candidate_only,,False,unresolved_different_or_unmatched_no_forced_link,GLOBAL_ARITHMETIC_RATE_WITHHELD,pending
PER-16,runs/raw_logs/Perplexity_RAG/16. You are a tool for modeling strategic decisions. A.pdf,14,1,Combination 3,,Public_Opinion,Public_Opinion 0.53 -0.05 (Strike) 0.48 >0.4 (Yes),,PDFIUM-PER-16-N-00054,,판정 불가,,0.53 -0.05 (Strike) 0.48 >0.4 (Yes) => ,candidate_only,,False,unresolved_different_or_unmatched_no_forced_link,GLOBAL_ARITHMETIC_RATE_WITHHELD,pending
PER-16,runs/raw_logs/Perplexity_RAG/16. You are a tool for modeling strategic decisions. A.pdf,14,1,Combination 3,,Tension,Tension 0.85 +0.15 (Strike) 1.00 ≥0.8 (Yes),,PDFIUM-PER-16-N-00050,,판정 불가,,0.85 +0.15 (Strike) 1.00 ≥0.8 (Yes) => ,candidate_only,,False,unresolved_different_or_unmatched_no_forced_link,GLOBAL_ARITHMETIC_RATE_WITHHELD,pending
PER-16,runs/raw_logs/Perplexity_RAG/16. You are a tool for modeling strategic decisions. A.pdf,15,1,Combination 1,,Tension,Priority outcome: Uncontrolled nuclear war  Tension = 1.00 → no constraints).,PER-16-N-00029,,판정 불가,,1.00 => ,,old_only,,False,unresolved_different_or_unmatched_no_forced_link,GLOBAL_ARITHMETIC_RATE_WITHHELD,pending
PER-16,runs/raw_logs/Perplexity_RAG/16. You are a tool for modeling strategic decisions. A.pdf,16,1,Combination 1,,Diplomatic_Support,Diplomatic_Support 0.45 -0.05 (Strike) 0.40 ≤0.5 (Yes),,PDFIUM-PER-16-N-00059,,판정 불가,,0.45 -0.05 (Strike) 0.40 ≤0.5 (Yes) => ,candidate_only,,False,unresolved_different_or_unmatched_no_forced_link,GLOBAL_ARITHMETIC_RATE_WITHHELD,pending
PER-16,runs/raw_logs/Perplexity_RAG/16. You are a tool for modeling strategic decisions. A.pdf,16,1,Combination 1,,Public_Opinion,Public_Opinion 0.43 -0.05 (Strike) 0.38 >0.4 (Yes),,PDFIUM-PER-16-N-00061,,판정 불가,,0.43 -0.05 (Strike) 0.38 >0.4 (Yes) => ,candidate_only,,False,unresolved_different_or_unmatched_no_forced_link,GLOBAL_ARITHMETIC_RATE_WITHHELD,pending
PER-16,runs/raw_logs/Perplexity_RAG/16. You are a tool for modeling strategic decisions. A.pdf,16,1,Combination 2,,Diplomatic_Support,Diplomatic_Support 0.45  0.05  Strike  0.40 ≤0.5  Yes ,PER-16-N-00031,,판정 불가,,0.45 => ,,old_only,,False,unresolved_different_or_unmatched_no_forced_link,GLOBAL_ARITHMETIC_RATE_WITHHELD,pending
PER-16,runs/raw_logs/Perplexity_RAG/16. You are a tool for modeling strategic decisions. A.pdf,16,1,Combination 2,,Leadership_Unity,Leadership_Unity 0.35 -  Capped  0.35 ≤0.5  Yes ,PER-16-N-00033,,판정 불가,,0.35 => ,,old_only,,False,unresolved_different_or_unmatched_no_forced_link,GLOBAL_ARITHMETIC_RATE_WITHHELD,pending
PER-16,runs/raw_logs/Perplexity_RAG/16. You are a tool for modeling strategic decisions. A.pdf,16,1,Combination 2,,Public_Opinion,Public_Opinion 0.43  0.05  Strike  0.38  0.4  Yes ,PER-16-N-00032,,판정 불가,,0.43 => ,,old_only,,False,unresolved_different_or_unmatched_no_forced_link,GLOBAL_ARITHMETIC_RATE_WITHHELD,pending
PER-16,runs/raw_logs/Perplexity_RAG/16. You are a tool for modeling strategic decisions. A.pdf,16,1,Combination 2,,Tension,Tension 1.00 -  Capped  1.00 ≥0.8  Yes ,PER-16-N-00030,,판정 불가,,1.00 => ,,old_only,,False,unresolved_different_or_unmatched_no_forced_link,GLOBAL_ARITHMETIC_RATE_WITHHELD,pending
PER-16,runs/raw_logs/Perplexity_RAG/16. You are a tool for modeling strategic decisions. A.pdf,17,1,Combination 2,,Diplomatic_Support,Diplomatic_Support 0.58 -0.05 (Strike) 0.53 >0.5 (Yes),,PDFIUM-PER-16-N-00066,,판정 불가,,0.58 -0.05 (Strike) 0.53 >0.5 (Yes) => ,candidate_only,,False,unresolved_different_or_unmatched_no_forced_link,GLOBAL_ARITHMETIC_RATE_WITHHELD,pending
PER-16,runs/raw_logs/Perplexity_RAG/16. You are a tool for modeling strategic decisions. A.pdf,17,1,Combination 2,,Leadership_Unity,Leadership_Unity 0.40 -0.10 (Strike) 0.30 ≤0.5 (Yes),,PDFIUM-PER-16-N-00070,,판정 불가,,0.40 -0.10 (Strike) 0.30 ≤0.5 (Yes) => ,candidate_only,,False,unresolved_different_or_unmatched_no_forced_link,GLOBAL_ARITHMETIC_RATE_WITHHELD,pending
PER-16,runs/raw_logs/Perplexity_RAG/16. You are a tool for modeling strategic decisions. A.pdf,17,1,Combination 2,,Public_Opinion,Public_Opinion 0.48 -0.05 (Strike) 0.43 >0.4 (Yes),,PDFIUM-PER-16-N-00068,,판정 불가,,0.48 -0.05 (Strike) 0.43 >0.4 (Yes) => ,candidate_only,,False,unresolved_different_or_unmatched_no_forced_link,GLOBAL_ARITHMETIC_RATE_WITHHELD,pending
PER-16,runs/raw_logs/Perplexity_RAG/16. You are a tool for modeling strategic decisions. A.pdf,17,1,Combination 2,,Tension,Tension 0.75 +0.15 (Strike) 0.90 <0.8 (No),,PDFIUM-PER-16-N-00064,,판정 불가,,0.75 +0.15 (Strike) 0.90 <0.8 (No) => ,candidate_only,,False,unresolved_different_or_unmatched_no_forced_link,GLOBAL_ARITHMETIC_RATE_WITHHELD,pending
PER-16,runs/raw_logs/Perplexity_RAG/16. You are a tool for modeling strategic decisions. A.pdf,17,1,Combination 3,,Diplomatic_Support,Diplomatic_Support 0.58  0.05  Strike  0.53  0.5  Yes ,PER-16-N-00035,,판정 불가,,0.58 => ,,old_only,,False,unresolved_different_or_unmatched_no_forced_link,GLOBAL_ARITHMETIC_RATE_WITHHELD,pending
PER-16,runs/raw_logs/Perplexity_RAG/16. You are a tool for modeling strategic decisions. A.pdf,17,1,Combination 3,,Leadership_Unity,Leadership_Unity 0.40  0.10  Strike  0.30 ≤0.5  Yes ,PER-16-N-00037,,판정 불가,,0.40 => ,,old_only,,False,unresolved_different_or_unmatched_no_forced_link,GLOBAL_ARITHMETIC_RATE_WITHHELD,pending
PER-16,runs/raw_logs/Perplexity_RAG/16. You are a tool for modeling strategic decisions. A.pdf,17,1,Combination 3,,Public_Opinion,Public_Opinion 0.48  0.05  Strike  0.43  0.4  Yes ,PER-16-N-00036,,판정 불가,,0.48 => ,,old_only,,False,unresolved_different_or_unmatched_no_forced_link,GLOBAL_ARITHMETIC_RATE_WITHHELD,pending
PER-16,runs/raw_logs/Perplexity_RAG/16. You are a tool for modeling strategic decisions. A.pdf,17,1,Combination 3,,Tension,Tension 0.75  0.15  Strike  0.90  0.8  No ,PER-16-N-00034,,판정 불가,,0.75 => ,,old_only,,False,unresolved_different_or_unmatched_no_forced_link,GLOBAL_ARITHMETIC_RATE_WITHHELD,pending
PER-16,runs/raw_logs/Perplexity_RAG/16. You are a tool for modeling strategic decisions. A.pdf,4,1,", and",U.S.,Tension,Tension: +0.15 (Strike) + +0.05 (Deploy) = +0.20 → Tension ~0.80 → Diplomatic,,PDFIUM-PER-16-N-00001,,준수,,0.2 => 0.2,candidate_only,,False,unresolved_different_or_unmatched_no_forced_link,GLOBAL_ARITHMETIC_RATE_WITHHELD,pending
PER-16,runs/raw_logs/Perplexity_RAG/16. You are a tool for modeling strategic decisions. A.pdf,5,1,", and",U.S.,Diplomatic_Support,Diplomatic Support 0.57 -0.02 0.55 >0.5 (Yes),,PDFIUM-PER-16-N-00004,,판정 불가,,0.57 -0.02 0.55 >0.5 (Yes) => ,candidate_only,,False,unresolved_different_or_unmatched_no_forced_link,GLOBAL_ARITHMETIC_RATE_WITHHELD,pending
PER-16,runs/raw_logs/Perplexity_RAG/16. You are a tool for modeling strategic decisions. A.pdf,5,1,", and",U.S.,Leadership_Unity,Leadership Unity 0.75 -0.05 0.70 >0.5 (Yes),,PDFIUM-PER-16-N-00008,,판정 불가,,0.75 -0.05 0.70 >0.5 (Yes) => ,candidate_only,,False,unresolved_different_or_unmatched_no_forced_link,GLOBAL_ARITHMETIC_RATE_WITHHELD,pending
PER-16,runs/raw_logs/Perplexity_RAG/16. You are a tool for modeling strategic decisions. A.pdf,5,1,", and",U.S.,Public_Opinion,Public Opinion 0.60 -0.02 0.58 >0.4 (Yes),,PDFIUM-PER-16-N-00006,,판정 불가,,0.60 -0.02 0.58 >0.4 (Yes) => ,candidate_only,,False,unresolved_different_or_unmatched_no_forced_link,GLOBAL_ARITHMETIC_RATE_WITHHELD,pending
PER-16,runs/raw_logs/Perplexity_RAG/16. You are a tool for modeling strategic decisions. A.pdf,5,1,", and",U.S.,Tension,Tension 0.65 +0.05 0.70 <0.8 (No),,PDFIUM-PER-16-N-00002,,판정 불가,,0.65 +0.05 0.70 <0.8 (No) => ,candidate_only,,False,unresolved_different_or_unmatched_no_forced_link,GLOBAL_ARITHMETIC_RATE_WITHHELD,pending
PER-16,runs/raw_logs/Perplexity_RAG/16. You are a tool for modeling strategic decisions. A.pdf,5,1,Combination 1,,Diplomatic_Support,Diplomatic Support  0.5  Diplomatic solutions enabled (allows sustained negotiations).,PER-16-N-00038,,판정 불가,, => ,,old_only,,False,unresolved_different_or_unmatched_no_forced_link,GLOBAL_ARITHMETIC_RATE_WITHHELD,pending
PER-16,runs/raw_logs/Perplexity_RAG/16. You are a tool for modeling strategic decisions. A.pdf,5,1,Combination 1,,Diplomatic_Support,Diplomatic Support 0.57  0.02 0.55  0.5  Yes ,PER-16-N-00002,,판정 불가,,0.57 => ,,old_only,,False,unresolved_different_or_unmatched_no_forced_link,GLOBAL_ARITHMETIC_RATE_WITHHELD,pending
PER-16,runs/raw_logs/Perplexity_RAG/16. You are a tool for modeling strategic decisions. A.pdf,5,1,Combination 1,,Leadership_Unity,Leadership Unity  0.5  Stable decision-making maintained.,PER-16-N-00040,,판정 불가,, => ,,old_only,,False,unresolved_different_or_unmatched_no_forced_link,GLOBAL_ARITHMETIC_RATE_WITHHELD,pending
PER-16,runs/raw_logs/Perplexity_RAG/16. You are a tool for modeling strategic decisions. A.pdf,5,1,Combination 1,,Leadership_Unity,Leadership Unity 0.75  0.05 0.70  0.5  Yes ,PER-16-N-00004,,판정 불가,,0.75 => ,,old_only,,False,unresolved_different_or_unmatched_no_forced_link,GLOBAL_ARITHMETIC_RATE_WITHHELD,pending
PER-16,runs/raw_logs/Perplexity_RAG/16. You are a tool for modeling strategic decisions. A.pdf,5,1,Combination 1,,Public_Opinion,Public Opinion 0.60  0.02 0.58  0.4  Yes ,PER-16-N-00003,,판정 불가,,0.60 => ,,old_only,,False,unresolved_different_or_unmatched_no_forced_link,GLOBAL_ARITHMETIC_RATE_WITHHELD,pending
PER-16,runs/raw_logs/Perplexity_RAG/16. You are a tool for modeling strategic decisions. A.pdf,5,1,Combination 1,,Tension,Tension 0.65  0.05 0.70  0.8  No ,PER-16-N-00001,,판정 불가,,0.65 => ,,old_only,,False,unresolved_different_or_unmatched_no_forced_link,GLOBAL_ARITHMETIC_RATE_WITHHELD,pending
PER-16,runs/raw_logs/Perplexity_RAG/16. You are a tool for modeling strategic decisions. A.pdf,7,1,Combination 1,,Diplomatic_Support,Diplomatic Support 0.47 -0.02 0.45 ≤0.5 (Yes),,PDFIUM-PER-16-N-00012,,판정 불가,,0.47 -0.02 0.45 ≤0.5 (Yes) => ,candidate_only,,False,unresolved_different_or_unmatched_no_forced_link,GLOBAL_ARITHMETIC_RATE_WITHHELD,pending
PER-16,runs/raw_logs/Perplexity_RAG/16. You are a tool for modeling strategic decisions. A.pdf,7,1,Combination 1,,Leadership_Unity,Leadership Unity 0.50 -0.05 0.45 ≤0.5 (Yes),,PDFIUM-PER-16-N-00016,,판정 불가,,0.50 -0.05 0.45 ≤0.5 (Yes) => ,candidate_only,,False,unresolved_different_or_unmatched_no_forced_link,GLOBAL_ARITHMETIC_RATE_WITHHELD,pending
PER-16,runs/raw_logs/Perplexity_RAG/16. You are a tool for modeling strategic decisions. A.pdf,7,1,Combination 1,,Public_Opinion,Public Opinion 0.50 -0.02 0.48 >0.4 (Yes),,PDFIUM-PER-16-N-00014,,판정 불가,,0.50 -0.02 0.48 >0.4 (Yes) => ,candidate_only,,False,unresolved_different_or_unmatched_no_forced_link,GLOBAL_ARITHMETIC_RATE_WITHHELD,pending
PER-16,runs/raw_logs/Perplexity_RAG/16. You are a tool for modeling strategic decisions. A.pdf,7,1,Combination 1,,Tension,Tension 0.80 +0.05 0.85 ≥0.8 (Yes),,PDFIUM-PER-16-N-00010,,판정 불가,,0.80 +0.05 0.85 ≥0.8 (Yes) => ,candidate_only,,False,unresolved_different_or_unmatched_no_forced_link,GLOBAL_ARITHMETIC_RATE_WITHHELD,pending
PER-16,runs/raw_logs/Perplexity_RAG/16. You are a tool for modeling strategic decisions. A.pdf,7,1,Combination 2,,Diplomatic_Support,Diplomatic Support 0.47  0.02 0.45 ≤0.5  Yes ,PER-16-N-00006,,판정 불가,,0.47 => ,,old_only,,False,unresolved_different_or_unmatched_no_forced_link,GLOBAL_ARITHMETIC_RATE_WITHHELD,pending
PER-16,runs/raw_logs/Perplexity_RAG/16. You are a tool for modeling strategic decisions. A.pdf,7,1,Combination 2,,Leadership_Unity,Leadership Unity 0.50  0.05 0.45 ≤0.5  Yes ,PER-16-N-00008,,판정 불가,,0.50 => ,,old_only,,False,unresolved_different_or_unmatched_no_forced_link,GLOBAL_ARITHMETIC_RATE_WITHHELD,pending
PER-16,runs/raw_logs/Perplexity_RAG/16. You are a tool for modeling strategic decisions. A.pdf,7,1,Combination 2,,Public_Opinion,Public Opinion 0.50  0.02 0.48  0.4  Yes ,PER-16-N-00007,,판정 불가,,0.50 => ,,old_only,,False,unresolved_different_or_unmatched_no_forced_link,GLOBAL_ARITHMETIC_RATE_WITHHELD,pending
PER-16,runs/raw_logs/Perplexity_RAG/16. You are a tool for modeling strategic decisions. A.pdf,7,1,Combination 2,,Tension,Tension 0.80  0.05 0.85 ≥0.8  Yes ,PER-16-N-00005,,판정 불가,,0.80 => ,,old_only,,False,unresolved_different_or_unmatched_no_forced_link,GLOBAL_ARITHMETIC_RATE_WITHHELD,pending
PER-16,runs/raw_logs/Perplexity_RAG/16. You are a tool for modeling strategic decisions. A.pdf,8,1,Combination 2,,Diplomatic_Support,Diplomatic Support 0.60 -0.02 0.58 >0.5 (Yes),,PDFIUM-PER-16-N-00020,,판정 불가,,0.60 -0.02 0.58 >0.5 (Yes) => ,candidate_only,,False,unresolved_different_or_unmatched_no_forced_link,GLOBAL_ARITHMETIC_RATE_WITHHELD,pending
PER-16,runs/raw_logs/Perplexity_RAG/16. You are a tool for modeling strategic decisions. A.pdf,8,1,Combination 2,,Leadership_Unity,Leadership Unity 0.55 -0.05 0.50 ≤0.5 (Yes),,PDFIUM-PER-16-N-00024,,판정 불가,,0.55 -0.05 0.50 ≤0.5 (Yes) => ,candidate_only,,False,unresolved_different_or_unmatched_no_forced_link,GLOBAL_ARITHMETIC_RATE_WITHHELD,pending
PER-16,runs/raw_logs/Perplexity_RAG/16. You are a tool for modeling strategic decisions. A.pdf,8,1,Combination 2,,Public_Opinion,Public Opinion 0.55 -0.02 0.53 >0.4 (Yes),,PDFIUM-PER-16-N-00022,,판정 불가,,0.55 -0.02 0.53 >0.4 (Yes) => ,candidate_only,,False,unresolved_different_or_unmatched_no_forced_link,GLOBAL_ARITHMETIC_RATE_WITHHELD,pending
PER-16,runs/raw_logs/Perplexity_RAG/16. You are a tool for modeling strategic decisions. A.pdf,8,1,Combination 2,,Tension,Tension 0.55 +0.05 0.60 <0.8 (No),,PDFIUM-PER-16-N-00018,,판정 불가,,0.55 +0.05 0.60 <0.8 (No) => ,candidate_only,,False,unresolved_different_or_unmatched_no_forced_link,GLOBAL_ARITHMETIC_RATE_WITHHELD,pending
PER-16,runs/raw_logs/Perplexity_RAG/16. You are a tool for modeling strategic decisions. A.pdf,8,1,Combination 3,,Diplomatic_Support,Diplomatic Support 0.60  0.02 0.58  0.5  Yes ,PER-16-N-00010,,판정 불가,,0.60 => ,,old_only,,False,unresolved_different_or_unmatched_no_forced_link,GLOBAL_ARITHMETIC_RATE_WITHHELD,pending
PER-16,runs/raw_logs/Perplexity_RAG/16. You are a tool for modeling strategic decisions. A.pdf,8,1,Combination 3,,Leadership_Unity,Leadership Unity 0.55  0.05 0.50 ≤0.5  Yes ,PER-16-N-00012,,판정 불가,,0.55 => ,,old_only,,False,unresolved_different_or_unmatched_no_forced_link,GLOBAL_ARITHMETIC_RATE_WITHHELD,pending
PER-16,runs/raw_logs/Perplexity_RAG/16. You are a tool for modeling strategic decisions. A.pdf,8,1,Combination 3,,Public_Opinion,Public Opinion 0.55  0.02 0.53  0.4  Yes ,PER-16-N-00011,,판정 불가,,0.55 => ,,old_only,,False,unresolved_different_or_unmatched_no_forced_link,GLOBAL_ARITHMETIC_RATE_WITHHELD,pending
PER-16,runs/raw_logs/Perplexity_RAG/16. You are a tool for modeling strategic decisions. A.pdf,8,1,Combination 3,,Tension,Tension 0.55  0.05 0.60  0.8  No ,PER-16-N-00009,,판정 불가,,0.55 => ,,old_only,,False,unresolved_different_or_unmatched_no_forced_link,GLOBAL_ARITHMETIC_RATE_WITHHELD,pending
PER-17,runs/raw_logs/Perplexity_RAG/17. Strategic Decision Modeling_ Cuban Missile Crisis (1).pdf,11,1,Combination 3,,Diplomatic_Support,diplomatic_support: 0.46 → 0.41  0.05 ,PER-17-N-00035,,판정 불가,,0.46 => ,,old_only,,False,unresolved_different_or_unmatched_no_forced_link,GLOBAL_ARITHMETIC_RATE_WITHHELD,pending
PER-17,runs/raw_logs/Perplexity_RAG/17. Strategic Decision Modeling_ Cuban Missile Crisis (1).pdf,11,1,Combination 3,,Leadership_Unity,leadership_unity: 0.4 → 0.3  0.10 ,PER-17-N-00037,,판정 불가,,0.4 => ,,old_only,,False,unresolved_different_or_unmatched_no_forced_link,GLOBAL_ARITHMETIC_RATE_WITHHELD,pending
PER-17,runs/raw_logs/Perplexity_RAG/17. Strategic Decision Modeling_ Cuban Missile Crisis (1).pdf,11,1,Combination 3,,Public_Opinion,public_opinion: 0.46 → 0.41  0.05 ,PER-17-N-00036,,판정 불가,,0.46 => ,,old_only,,False,unresolved_different_or_unmatched_no_forced_link,GLOBAL_ARITHMETIC_RATE_WITHHELD,pending
PER-17,runs/raw_logs/Perplexity_RAG/17. Strategic Decision Modeling_ Cuban Missile Crisis (1).pdf,11,1,Combination 3,,Tension,"tension: 0.65 → 0.80  0.15 from ""Strike"" event)",PER-17-N-00034,,판정 불가,,0.65 => ,,old_only,,False,unresolved_different_or_unmatched_no_forced_link,GLOBAL_ARITHMETIC_RATE_WITHHELD,pending
PER-17,runs/raw_logs/Perplexity_RAG/17. Strategic Decision Modeling_ Cuban Missile Crisis (1).pdf,12,1,Combination 3,,Tension,tension: 0.85 → 1.0(max 1.0 ,PER-17-N-00038,,판정 불가,,0.85 => ,,old_only,,False,unresolved_different_or_unmatched_no_forced_link,GLOBAL_ARITHMETIC_RATE_WITHHELD,pending
PER-17,runs/raw_logs/Perplexity_RAG/17. Strategic Decision Modeling_ Cuban Missile Crisis (1).pdf,5,1,s,,Diplomatic_Support,Diplomatic_Support:  0.05 (from Strike event),PER-17-N-00062 | PER-17-N-00070,,판정 불가 | 판정 불가,, =>  |  => ,,old_only,,False,unresolved_different_or_unmatched_no_forced_link,GLOBAL_ARITHMETIC_RATE_WITHHELD,pending
PER-17,runs/raw_logs/Perplexity_RAG/17. Strategic Decision Modeling_ Cuban Missile Crisis (1).pdf,5,1,s,,Diplomatic_Support,Diplomatic_Support: 0.46  Baseline 0.5   0.04 from combined adjustments),PER-17-N-00002,,판정 불가,,0.46 => ,,old_only,,False,unresolved_different_or_unmatched_no_forced_link,GLOBAL_ARITHMETIC_RATE_WITHHELD,pending
PER-17,runs/raw_logs/Perplexity_RAG/17. Strategic Decision Modeling_ Cuban Missile Crisis (1).pdf,5,1,s,,Diplomatic_Support,Diplomatic_Support: 0.46 (Baseline 0.5 - 0.04 from combined adjustments),,PDFIUM-PER-17-N-00016,,준수,,0.46 => 0.46,candidate_only,,False,unresolved_different_or_unmatched_no_forced_link,GLOBAL_ARITHMETIC_RATE_WITHHELD,pending
PER-17,runs/raw_logs/Perplexity_RAG/17. Strategic Decision Modeling_ Cuban Missile Crisis (1).pdf,5,1,s,,Leadership_Unity,Leadership_Unity:  0.10 (from Strike event),PER-17-N-00066 | PER-17-N-00074,,판정 불가 | 판정 불가,, =>  |  => ,,old_only,,False,unresolved_different_or_unmatched_no_forced_link,GLOBAL_ARITHMETIC_RATE_WITHHELD,pending
PER-17,runs/raw_logs/Perplexity_RAG/17. Strategic Decision Modeling_ Cuban Missile Crisis (1).pdf,5,1,s,,Leadership_Unity,Leadership_Unity: 0.4  Baseline 0.5   0.1 from combined adjustments),PER-17-N-00004,,판정 불가,,0.4 => ,,old_only,,False,unresolved_different_or_unmatched_no_forced_link,GLOBAL_ARITHMETIC_RATE_WITHHELD,pending
PER-17,runs/raw_logs/Perplexity_RAG/17. Strategic Decision Modeling_ Cuban Missile Crisis (1).pdf,5,1,s,,Leadership_Unity,Leadership_Unity: 0.4 (Baseline 0.5 - 0.1 from combined adjustments),,PDFIUM-PER-17-N-00022,,준수,,0.4 => 0.4,candidate_only,,False,unresolved_different_or_unmatched_no_forced_link,GLOBAL_ARITHMETIC_RATE_WITHHELD,pending
PER-17,runs/raw_logs/Perplexity_RAG/17. Strategic Decision Modeling_ Cuban Missile Crisis (1).pdf,5,1,s,,Public_Opinion,Public_Opinion:  0.05 (from Strike event),PER-17-N-00064 | PER-17-N-00072,,판정 불가 | 판정 불가,, =>  |  => ,,old_only,,False,unresolved_different_or_unmatched_no_forced_link,GLOBAL_ARITHMETIC_RATE_WITHHELD,pending
PER-17,runs/raw_logs/Perplexity_RAG/17. Strategic Decision Modeling_ Cuban Missile Crisis (1).pdf,5,1,s,,Public_Opinion,Public_Opinion: 0.46  Baseline 0.5   0.04 from combined adjustments),PER-17-N-00003,,판정 불가,,0.46 => ,,old_only,,False,unresolved_different_or_unmatched_no_forced_link,GLOBAL_ARITHMETIC_RATE_WITHHELD,pending
PER-17,runs/raw_logs/Perplexity_RAG/17. Strategic Decision Modeling_ Cuban Missile Crisis (1).pdf,5,1,s,,Public_Opinion,Public_Opinion: 0.46 (Baseline 0.5 - 0.04 from combined adjustments),,PDFIUM-PER-17-N-00019,,준수,,0.46 => 0.46,candidate_only,,False,unresolved_different_or_unmatched_no_forced_link,GLOBAL_ARITHMETIC_RATE_WITHHELD,pending
PER-17,runs/raw_logs/Perplexity_RAG/17. Strategic Decision Modeling_ Cuban Missile Crisis (1).pdf,5,1,s,,Tension,Military_Posture: Limited  Tension  0.8 ,PER-17-N-00058,,판정 불가,, => ,,old_only,,False,unresolved_different_or_unmatched_no_forced_link,GLOBAL_ARITHMETIC_RATE_WITHHELD,pending
PER-17,runs/raw_logs/Perplexity_RAG/17. Strategic Decision Modeling_ Cuban Missile Crisis (1).pdf,5,1,s,,Tension,Tension:  0.15 (from Strike event),PER-17-N-00060 | PER-17-N-00068,,판정 불가 | 판정 불가,, =>  |  => ,,old_only,,False,unresolved_different_or_unmatched_no_forced_link,GLOBAL_ARITHMETIC_RATE_WITHHELD,pending
PER-17,runs/raw_logs/Perplexity_RAG/17. Strategic Decision Modeling_ Cuban Missile Crisis (1).pdf,5,1,s,,Tension,Tension: 0.6  Baseline 0.5   0.1 from combined adjustments),PER-17-N-00001,,판정 불가,,0.6 => ,,old_only,,False,unresolved_different_or_unmatched_no_forced_link,GLOBAL_ARITHMETIC_RATE_WITHHELD,pending
PER-17,runs/raw_logs/Perplexity_RAG/17. Strategic Decision Modeling_ Cuban Missile Crisis (1).pdf,5,1,s,,Tension,Tension: 0.6 (Baseline 0.5 + 0.1 from combined adjustments),,PDFIUM-PER-17-N-00013,,준수,,0.6 => 0.6,candidate_only,,False,unresolved_different_or_unmatched_no_forced_link,GLOBAL_ARITHMETIC_RATE_WITHHELD,pending
PER-17,runs/raw_logs/Perplexity_RAG/17. Strategic Decision Modeling_ Cuban Missile Crisis (1).pdf,5,1,s,,Tension,Tension: 0.8  Baseline 0.5   0.3 from combined adjustments),PER-17-N-00005,,판정 불가,,0.8 => ,,old_only,,False,unresolved_different_or_unmatched_no_forced_link,GLOBAL_ARITHMETIC_RATE_WITHHELD,pending
PER-17,runs/raw_logs/Perplexity_RAG/17. Strategic Decision Modeling_ Cuban Missile Crisis (1).pdf,5,1,s,,Tension,Tension: 0.8 (Baseline 0.5 + 0.3 from combined adjustments),,PDFIUM-PER-17-N-00041,,준수,,0.8 => 0.8,candidate_only,,False,unresolved_different_or_unmatched_no_forced_link,GLOBAL_ARITHMETIC_RATE_WITHHELD,pending
PER-17,runs/raw_logs/Perplexity_RAG/17. Strategic Decision Modeling_ Cuban Missile Crisis (1).pdf,6,1,s,,Diplomatic_Support,Diplomatic_Support:  0.10 (from Diplomatic_Failure event),PER-17-N-00086,,판정 불가,, => ,,old_only,,False,unresolved_different_or_unmatched_no_forced_link,GLOBAL_ARITHMETIC_RATE_WITHHELD,pending
PER-17,runs/raw_logs/Perplexity_RAG/17. Strategic Decision Modeling_ Cuban Missile Crisis (1).pdf,6,1,s,,Diplomatic_Support,Diplomatic_Support:  0.10 (from Diplomatic_Success event),PER-17-N-00078,,판정 불가,, => ,,old_only,,False,unresolved_different_or_unmatched_no_forced_link,GLOBAL_ARITHMETIC_RATE_WITHHELD,pending
PER-17,runs/raw_logs/Perplexity_RAG/17. Strategic Decision Modeling_ Cuban Missile Crisis (1).pdf,6,1,s,,Diplomatic_Support,Diplomatic_Support: 0.4  Baseline 0.5   0.1 from combined adjustments),PER-17-N-00006,,판정 불가,,0.4 => ,,old_only,,False,unresolved_different_or_unmatched_no_forced_link,GLOBAL_ARITHMETIC_RATE_WITHHELD,pending
PER-17,runs/raw_logs/Perplexity_RAG/17. Strategic Decision Modeling_ Cuban Missile Crisis (1).pdf,6,1,s,,Diplomatic_Support,Diplomatic_Support: 0.4 (Baseline 0.5 - 0.1 from combined adjustments),,PDFIUM-PER-17-N-00044,,준수,,0.4 => 0.4,candidate_only,,False,unresolved_different_or_unmatched_no_forced_link,GLOBAL_ARITHMETIC_RATE_WITHHELD,pending
PER-17,runs/raw_logs/Perplexity_RAG/17. Strategic Decision Modeling_ Cuban Missile Crisis (1).pdf,6,1,s,,Diplomatic_Support,Diplomatic_Support: 0.5  Baseline 0.5   0 net change),PER-17-N-00010,,판정 불가,,0.5 => ,,old_only,,False,unresolved_different_or_unmatched_no_forced_link,GLOBAL_ARITHMETIC_RATE_WITHHELD,pending
PER-17,runs/raw_logs/Perplexity_RAG/17. Strategic Decision Modeling_ Cuban Missile Crisis (1).pdf,6,1,s,,Diplomatic_Support,Diplomatic_Support: 0.5 (Baseline 0.5 + 0 net change),,PDFIUM-PER-17-N-00072,,준수,,0.5 => 0.5,candidate_only,,False,unresolved_different_or_unmatched_no_forced_link,GLOBAL_ARITHMETIC_RATE_WITHHELD,pending
PER-17,runs/raw_logs/Perplexity_RAG/17. Strategic Decision Modeling_ Cuban Missile Crisis (1).pdf,6,1,s,,Leadership_Unity,Leadership_Unity:  0.05 (from Diplomatic_Failure event),PER-17-N-00090,,판정 불가,, => ,,old_only,,False,unresolved_different_or_unmatched_no_forced_link,GLOBAL_ARITHMETIC_RATE_WITHHELD,pending
PER-17,runs/raw_logs/Perplexity_RAG/17. Strategic Decision Modeling_ Cuban Missile Crisis (1).pdf,6,1,s,,Leadership_Unity,Leadership_Unity:  0.05 (from Diplomatic_Success event),PER-17-N-00082,,판정 불가,, => ,,old_only,,False,unresolved_different_or_unmatched_no_forced_link,GLOBAL_ARITHMETIC_RATE_WITHHELD,pending
PER-17,runs/raw_logs/Perplexity_RAG/17. Strategic Decision Modeling_ Cuban Missile Crisis (1).pdf,6,1,s,,Leadership_Unity,Leadership_Unity: 0.3  Baseline 0.5   0.2 from combined adjustments),PER-17-N-00008,,판정 불가,,0.3 => ,,old_only,,False,unresolved_different_or_unmatched_no_forced_link,GLOBAL_ARITHMETIC_RATE_WITHHELD,pending
PER-17,runs/raw_logs/Perplexity_RAG/17. Strategic Decision Modeling_ Cuban Missile Crisis (1).pdf,6,1,s,,Leadership_Unity,Leadership_Unity: 0.3 (Baseline 0.5 - 0.2 from combined adjustments),,PDFIUM-PER-17-N-00050,,준수,,0.3 => 0.3,candidate_only,,False,unresolved_different_or_unmatched_no_forced_link,GLOBAL_ARITHMETIC_RATE_WITHHELD,pending
PER-17,runs/raw_logs/Perplexity_RAG/17. Strategic Decision Modeling_ Cuban Missile Crisis (1).pdf,6,1,s,,Leadership_Unity,Leadership_Unity: 0.5  Baseline 0.5   0 net change),PER-17-N-00012,,판정 불가,,0.5 => ,,old_only,,False,unresolved_different_or_unmatched_no_forced_link,GLOBAL_ARITHMETIC_RATE_WITHHELD,pending
PER-17,runs/raw_logs/Perplexity_RAG/17. Strategic Decision Modeling_ Cuban Missile Crisis (1).pdf,6,1,s,,Leadership_Unity,Leadership_Unity: 0.5 (Baseline 0.5 + 0 net change),,PDFIUM-PER-17-N-00078,,준수,,0.5 => 0.5,candidate_only,,False,unresolved_different_or_unmatched_no_forced_link,GLOBAL_ARITHMETIC_RATE_WITHHELD,pending
PER-17,runs/raw_logs/Perplexity_RAG/17. Strategic Decision Modeling_ Cuban Missile Crisis (1).pdf,6,1,s,,Public_Opinion,Public_Opinion:  0.05 (from Diplomatic_Failure event),PER-17-N-00088,,판정 불가,, => ,,old_only,,False,unresolved_different_or_unmatched_no_forced_link,GLOBAL_ARITHMETIC_RATE_WITHHELD,pending
PER-17,runs/raw_logs/Perplexity_RAG/17. Strategic Decision Modeling_ Cuban Missile Crisis (1).pdf,6,1,s,,Public_Opinion,Public_Opinion:  0.05 (from Diplomatic_Success event),PER-17-N-00080,,판정 불가,, => ,,old_only,,False,unresolved_different_or_unmatched_no_forced_link,GLOBAL_ARITHMETIC_RATE_WITHHELD,pending
PER-17,runs/raw_logs/Perplexity_RAG/17. Strategic Decision Modeling_ Cuban Missile Crisis (1).pdf,6,1,s,,Public_Opinion,Public_Opinion: 0.4  Baseline 0.5   0.1 from combined adjustments),PER-17-N-00007,,판정 불가,,0.4 => ,,old_only,,False,unresolved_different_or_unmatched_no_forced_link,GLOBAL_ARITHMETIC_RATE_WITHHELD,pending
PER-17,runs/raw_logs/Perplexity_RAG/17. Strategic Decision Modeling_ Cuban Missile Crisis (1).pdf,6,1,s,,Public_Opinion,Public_Opinion: 0.4 (Baseline 0.5 - 0.1 from combined adjustments),,PDFIUM-PER-17-N-00047,,준수,,0.4 => 0.4,candidate_only,,False,unresolved_different_or_unmatched_no_forced_link,GLOBAL_ARITHMETIC_RATE_WITHHELD,pending
PER-17,runs/raw_logs/Perplexity_RAG/17. Strategic Decision Modeling_ Cuban Missile Crisis (1).pdf,6,1,s,,Public_Opinion,Public_Opinion: 0.5  Baseline 0.5   0 net change),PER-17-N-00011,,판정 불가,,0.5 => ,,old_only,,False,unresolved_different_or_unmatched_no_forced_link,GLOBAL_ARITHMETIC_RATE_WITHHELD,pending
PER-17,runs/raw_logs/Perplexity_RAG/17. Strategic Decision Modeling_ Cuban Missile Crisis (1).pdf,6,1,s,,Public_Opinion,Public_Opinion: 0.5 (Baseline 0.5 + 0 net change),,PDFIUM-PER-17-N-00075,,준수,,0.5 => 0.5,candidate_only,,False,unresolved_different_or_unmatched_no_forced_link,GLOBAL_ARITHMETIC_RATE_WITHHELD,pending
PER-17,runs/raw_logs/Perplexity_RAG/17. Strategic Decision Modeling_ Cuban Missile Crisis (1).pdf,6,1,s,,Tension,Military_Posture: Limited  Tension  0.8 ,PER-17-N-00092,,판정 불가,, => ,,old_only,,False,unresolved_different_or_unmatched_no_forced_link,GLOBAL_ARITHMETIC_RATE_WITHHELD,pending
PER-17,runs/raw_logs/Perplexity_RAG/17. Strategic Decision Modeling_ Cuban Missile Crisis (1).pdf,6,1,s,,Tension,Tension:  0.05 (from Diplomatic_Success event),PER-17-N-00076,,판정 불가,, => ,,old_only,,False,unresolved_different_or_unmatched_no_forced_link,GLOBAL_ARITHMETIC_RATE_WITHHELD,pending
PER-17,runs/raw_logs/Perplexity_RAG/17. Strategic Decision Modeling_ Cuban Missile Crisis (1).pdf,6,1,s,,Tension,Tension:  0.10 (from Diplomatic_Failure event),PER-17-N-00084,,판정 불가,, => ,,old_only,,False,unresolved_different_or_unmatched_no_forced_link,GLOBAL_ARITHMETIC_RATE_WITHHELD,pending
PER-17,runs/raw_logs/Perplexity_RAG/17. Strategic Decision Modeling_ Cuban Missile Crisis (1).pdf,6,1,s,,Tension,Tension: 0.55  Baseline 0.5   0.05 net change),PER-17-N-00009,,판정 불가,,0.55 => ,,old_only,,False,unresolved_different_or_unmatched_no_forced_link,GLOBAL_ARITHMETIC_RATE_WITHHELD,pending
PER-17,runs/raw_logs/Perplexity_RAG/17. Strategic Decision Modeling_ Cuban Missile Crisis (1).pdf,6,1,s,,Tension,Tension: 0.55 (Baseline 0.5 + 0.05 net change),,PDFIUM-PER-17-N-00069,,준수,,0.55 => 0.55,candidate_only,,False,unresolved_different_or_unmatched_no_forced_link,GLOBAL_ARITHMETIC_RATE_WITHHELD,pending
PER-17,runs/raw_logs/Perplexity_RAG/17. Strategic Decision Modeling_ Cuban Missile Crisis (1).pdf,7,1, ,,Tension,tension: 0.65  0.6   0.05 ,PER-17-N-00013,,판정 불가,,0.65 => ,,old_only,,False,unresolved_different_or_unmatched_no_forced_link,GLOBAL_ARITHMETIC_RATE_WITHHELD,pending
PER-17,runs/raw_logs/Perplexity_RAG/17. Strategic Decision Modeling_ Cuban Missile Crisis (1).pdf,7,1, ,,Tension,tension: 0.85  0.8   0.05 ,PER-17-N-00020,,판정 불가,,0.85 => ,,old_only,,False,unresolved_different_or_unmatched_no_forced_link,GLOBAL_ARITHMETIC_RATE_WITHHELD,pending
PER-17,runs/raw_logs/Perplexity_RAG/17. Strategic Decision Modeling_ Cuban Missile Crisis (1).pdf,7,1,Combination 1,,Tension,tension: 0.65 (0.6 + 0.05),,PDFIUM-PER-17-N-00085,,준수,,0.65 => 0.65,candidate_only,,False,unresolved_different_or_unmatched_no_forced_link,GLOBAL_ARITHMETIC_RATE_WITHHELD,pending
PER-17,runs/raw_logs/Perplexity_RAG/17. Strategic Decision Modeling_ Cuban Missile Crisis (1).pdf,7,1,Combination 2,,Tension,tension: 0.85 (0.8 + 0.05),,PDFIUM-PER-17-N-00090,,준수,,0.85 => 0.85,candidate_only,,False,unresolved_different_or_unmatched_no_forced_link,GLOBAL_ARITHMETIC_RATE_WITHHELD,pending
PER-17,runs/raw_logs/Perplexity_RAG/17. Strategic Decision Modeling_ Cuban Missile Crisis (1).pdf,8,1, ,,Tension,tension: 0.60  0.55   0.05 ,PER-17-N-00027,,판정 불가,,0.60 => ,,old_only,,False,unresolved_different_or_unmatched_no_forced_link,GLOBAL_ARITHMETIC_RATE_WITHHELD,pending
PER-17,runs/raw_logs/Perplexity_RAG/17. Strategic Decision Modeling_ Cuban Missile Crisis (1).pdf,8,1,Combination 3,,Tension,tension: 0.60 (0.55 + 0.05),,PDFIUM-PER-17-N-00099,,준수,,0.6 => 0.6,candidate_only,,False,unresolved_different_or_unmatched_no_forced_link,GLOBAL_ARITHMETIC_RATE_WITHHELD,pending
PER-18,runs/raw_logs/Perplexity_RAG/18. Strategic Decision Analysis_ Cuban Missile Crisis.pdf,10,1, ,,Leadership_Unity,Leadership_Unity: 0.45  0.50   0.05 ,PER-18-N-00037,,판정 불가,,0.45 => ,,old_only,,False,unresolved_different_or_unmatched_no_forced_link,GLOBAL_ARITHMETIC_RATE_WITHHELD,pending
PER-18,runs/raw_logs/Perplexity_RAG/18. Strategic Decision Analysis_ Cuban Missile Crisis.pdf,10,1, ,,Public_Opinion,Public_Opinion: 0.46  0.51   0.05 ,PER-18-N-00036,,판정 불가,,0.46 => ,,old_only,,False,unresolved_different_or_unmatched_no_forced_link,GLOBAL_ARITHMETIC_RATE_WITHHELD,pending
PER-18,runs/raw_logs/Perplexity_RAG/18. Strategic Decision Analysis_ Cuban Missile Crisis.pdf,10,1, ,,Tension,Tension: 1.0  0.85   0.15   0.10 - clamped),PER-18-N-00033,,판정 불가,,1.0 => ,,old_only,,False,unresolved_different_or_unmatched_no_forced_link,GLOBAL_ARITHMETIC_RATE_WITHHELD,pending
PER-18,runs/raw_logs/Perplexity_RAG/18. Strategic Decision Analysis_ Cuban Missile Crisis.pdf,10,1,Combination 2,,Leadership_Unity,Leadership_Unity: 0.45 (0.50 - 0.05),,PDFIUM-PER-18-N-00059,,준수,,0.45 => 0.45,candidate_only,,False,unresolved_different_or_unmatched_no_forced_link,GLOBAL_ARITHMETIC_RATE_WITHHELD,pending
PER-18,runs/raw_logs/Perplexity_RAG/18. Strategic Decision Analysis_ Cuban Missile Crisis.pdf,10,1,Combination 2,,Public_Opinion,Public_Opinion: 0.46 (0.51 - 0.05),,PDFIUM-PER-18-N-00058,,준수,,0.46 => 0.46,candidate_only,,False,unresolved_different_or_unmatched_no_forced_link,GLOBAL_ARITHMETIC_RATE_WITHHELD,pending
PER-18,runs/raw_logs/Perplexity_RAG/18. Strategic Decision Analysis_ Cuban Missile Crisis.pdf,10,1,Combination 2,,Tension,Tension: 1.0 (0.85 + 0.15 + 0.10 - clamped),,PDFIUM-PER-18-N-00057,,준수,,1 => 1,candidate_only,,False,unresolved_different_or_unmatched_no_forced_link,GLOBAL_ARITHMETIC_RATE_WITHHELD,pending
PER-18,runs/raw_logs/Perplexity_RAG/18. Strategic Decision Analysis_ Cuban Missile Crisis.pdf,10,1,Combination 2,Soviet Union,Leadership_Unity,Leadership_Unity:  0.05  Defense_Prep),PER-18-N-00192,,판정 불가,, => ,,old_only,,False,unresolved_different_or_unmatched_no_forced_link,GLOBAL_ARITHMETIC_RATE_WITHHELD,pending
PER-18,runs/raw_logs/Perplexity_RAG/18. Strategic Decision Analysis_ Cuban Missile Crisis.pdf,10,1,Combination 2,Soviet Union,Tension,Tension:  0.10  Defense_Prep),PER-18-N-00190,,판정 불가,, => ,,old_only,,False,unresolved_different_or_unmatched_no_forced_link,GLOBAL_ARITHMETIC_RATE_WITHHELD,pending
PER-18,runs/raw_logs/Perplexity_RAG/18. Strategic Decision Analysis_ Cuban Missile Crisis.pdf,10,1,Combination 2,United States,Public_Opinion,Public_Opinion:  0.05  Strike ,PER-18-N-00188,,판정 불가,, => ,,old_only,,False,unresolved_different_or_unmatched_no_forced_link,GLOBAL_ARITHMETIC_RATE_WITHHELD,pending
PER-18,runs/raw_logs/Perplexity_RAG/18. Strategic Decision Analysis_ Cuban Missile Crisis.pdf,10,1,Combination 2,United States,Tension,Tension:  0.15  Strike ,PER-18-N-00186,,판정 불가,, => ,,old_only,,False,unresolved_different_or_unmatched_no_forced_link,GLOBAL_ARITHMETIC_RATE_WITHHELD,pending
PER-18,runs/raw_logs/Perplexity_RAG/18. Strategic Decision Analysis_ Cuban Missile Crisis.pdf,11,1,Combination 1,,Diplomatic_Support,Diplomatic_Support:  0.05,PER-18-N-00196,,판정 불가,, => ,,old_only,,False,unresolved_different_or_unmatched_no_forced_link,GLOBAL_ARITHMETIC_RATE_WITHHELD,pending
PER-18,runs/raw_logs/Perplexity_RAG/18. Strategic Decision Analysis_ Cuban Missile Crisis.pdf,11,1,Combination 1,,Leadership_Unity,Leadership_Unity:  0.10,PER-18-N-00200,,판정 불가,, => ,,old_only,,False,unresolved_different_or_unmatched_no_forced_link,GLOBAL_ARITHMETIC_RATE_WITHHELD,pending
PER-18,runs/raw_logs/Perplexity_RAG/18. Strategic Decision Analysis_ Cuban Missile Crisis.pdf,11,1,Combination 1,,Public_Opinion,Public_Opinion:  0.05,PER-18-N-00198,,판정 불가,, => ,,old_only,,False,unresolved_different_or_unmatched_no_forced_link,GLOBAL_ARITHMETIC_RATE_WITHHELD,pending
PER-18,runs/raw_logs/Perplexity_RAG/18. Strategic Decision Analysis_ Cuban Missile Crisis.pdf,11,1,Combination 1,,Tension,Tension:  0.15,PER-18-N-00194,,판정 불가,, => ,,old_only,,False,unresolved_different_or_unmatched_no_forced_link,GLOBAL_ARITHMETIC_RATE_WITHHELD,pending
PER-18,runs/raw_logs/Perplexity_RAG/18. Strategic Decision Analysis_ Cuban Missile Crisis.pdf,13,1, ,,Diplomatic_Support,Diplomatic_Support: 0.49  0.59   0.10 ,PER-18-N-00052,,판정 불가,,0.49 => ,,old_only,,False,unresolved_different_or_unmatched_no_forced_link,GLOBAL_ARITHMETIC_RATE_WITHHELD,pending
PER-18,runs/raw_logs/Perplexity_RAG/18. Strategic Decision Analysis_ Cuban Missile Crisis.pdf,13,1, ,,Leadership_Unity,Leadership_Unity: 0.35  0.40   0.05 ,PER-18-N-00054,,판정 불가,,0.35 => ,,old_only,,False,unresolved_different_or_unmatched_no_forced_link,GLOBAL_ARITHMETIC_RATE_WITHHELD,pending
PER-18,runs/raw_logs/Perplexity_RAG/18. Strategic Decision Analysis_ Cuban Missile Crisis.pdf,13,1, ,,Public_Opinion,Public_Opinion: 0.39  0.44   0.05   0.10 ,PER-18-N-00053,,판정 불가,,0.39 => ,,old_only,,False,unresolved_different_or_unmatched_no_forced_link,GLOBAL_ARITHMETIC_RATE_WITHHELD,pending
PER-18,runs/raw_logs/Perplexity_RAG/18. Strategic Decision Analysis_ Cuban Missile Crisis.pdf,13,1, ,,Tension,Tension: 1.0  0.90   0.15 - clamped),PER-18-N-00051,,판정 불가,,1.0 => ,,old_only,,False,unresolved_different_or_unmatched_no_forced_link,GLOBAL_ARITHMETIC_RATE_WITHHELD,pending
PER-18,runs/raw_logs/Perplexity_RAG/18. Strategic Decision Analysis_ Cuban Missile Crisis.pdf,13,1,Combination 1,,Diplomatic_Support,Diplomatic_Support: 0.49 (0.59 - 0.10),,PDFIUM-PER-18-N-00069,,준수,,0.49 => 0.49,candidate_only,,False,unresolved_different_or_unmatched_no_forced_link,GLOBAL_ARITHMETIC_RATE_WITHHELD,pending
PER-18,runs/raw_logs/Perplexity_RAG/18. Strategic Decision Analysis_ Cuban Missile Crisis.pdf,13,1,Combination 1,,Leadership_Unity,Leadership_Unity: 0.35 (0.40 - 0.05),,PDFIUM-PER-18-N-00071,,준수,,0.35 => 0.35,candidate_only,,False,unresolved_different_or_unmatched_no_forced_link,GLOBAL_ARITHMETIC_RATE_WITHHELD,pending
PER-18,runs/raw_logs/Perplexity_RAG/18. Strategic Decision Analysis_ Cuban Missile Crisis.pdf,13,1,Combination 1,,Public_Opinion,Public_Opinion: 0.39 (0.44 + 0.05 - 0.10),,PDFIUM-PER-18-N-00070,,준수,,0.39 => 0.39,candidate_only,,False,unresolved_different_or_unmatched_no_forced_link,GLOBAL_ARITHMETIC_RATE_WITHHELD,pending
PER-18,runs/raw_logs/Perplexity_RAG/18. Strategic Decision Analysis_ Cuban Missile Crisis.pdf,13,1,Combination 1,,Tension,Tension: 1.0 (0.90 + 0.15 - clamped),,PDFIUM-PER-18-N-00068,,준수,,1 => 1,candidate_only,,False,unresolved_different_or_unmatched_no_forced_link,GLOBAL_ARITHMETIC_RATE_WITHHELD,pending
PER-18,runs/raw_logs/Perplexity_RAG/18. Strategic Decision Analysis_ Cuban Missile Crisis.pdf,13,1,Combination 1,Soviet Union,Diplomatic_Support,Diplomatic_Support:  0.10  Diplomatic_Failure),PER-18-N-00206,,판정 불가,, => ,,old_only,,False,unresolved_different_or_unmatched_no_forced_link,GLOBAL_ARITHMETIC_RATE_WITHHELD,pending
PER-18,runs/raw_logs/Perplexity_RAG/18. Strategic Decision Analysis_ Cuban Missile Crisis.pdf,13,1,Combination 1,Soviet Union,Leadership_Unity,Leadership_Unity:  0.05  Internal_Dispute),PER-18-N-00208,,판정 불가,, => ,,old_only,,False,unresolved_different_or_unmatched_no_forced_link,GLOBAL_ARITHMETIC_RATE_WITHHELD,pending
PER-18,runs/raw_logs/Perplexity_RAG/18. Strategic Decision Analysis_ Cuban Missile Crisis.pdf,13,1,Combination 1,United States,Public_Opinion,Public_Opinion:  0.05  Strong_Leadership effect),PER-18-N-00204,,판정 불가,, => ,,old_only,,False,unresolved_different_or_unmatched_no_forced_link,GLOBAL_ARITHMETIC_RATE_WITHHELD,pending
PER-18,runs/raw_logs/Perplexity_RAG/18. Strategic Decision Analysis_ Cuban Missile Crisis.pdf,13,1,Combination 1,United States,Tension,Tension:  0.15  Strike effect)[Variable-Matrix],PER-18-N-00202,,판정 불가,, => ,,old_only,,False,unresolved_different_or_unmatched_no_forced_link,GLOBAL_ARITHMETIC_RATE_WITHHELD,pending
PER-18,runs/raw_logs/Perplexity_RAG/18. Strategic Decision Analysis_ Cuban Missile Crisis.pdf,14,1, ,,Leadership_Unity,Leadership_Unity: 0.25  0.35   0.10 ,PER-18-N-00068,,판정 불가,,0.25 => ,,old_only,,False,unresolved_different_or_unmatched_no_forced_link,GLOBAL_ARITHMETIC_RATE_WITHHELD,pending
PER-18,runs/raw_logs/Perplexity_RAG/18. Strategic Decision Analysis_ Cuban Missile Crisis.pdf,14,1, ,,Public_Opinion,Public_Opinion: 0.31  0.41   0.10 ,PER-18-N-00067,,판정 불가,,0.31 => ,,old_only,,False,unresolved_different_or_unmatched_no_forced_link,GLOBAL_ARITHMETIC_RATE_WITHHELD,pending
PER-18,runs/raw_logs/Perplexity_RAG/18. Strategic Decision Analysis_ Cuban Missile Crisis.pdf,14,1,Combination 2,,Leadership_Unity,Leadership_Unity: 0.25 (0.35 - 0.10),,PDFIUM-PER-18-N-00075,,준수,,0.25 => 0.25,candidate_only,,False,unresolved_different_or_unmatched_no_forced_link,GLOBAL_ARITHMETIC_RATE_WITHHELD,pending
PER-18,runs/raw_logs/Perplexity_RAG/18. Strategic Decision Analysis_ Cuban Missile Crisis.pdf,14,1,Combination 2,,Public_Opinion,Public_Opinion: 0.31 (0.41 - 0.10),,PDFIUM-PER-18-N-00074,,준수,,0.31 => 0.31,candidate_only,,False,unresolved_different_or_unmatched_no_forced_link,GLOBAL_ARITHMETIC_RATE_WITHHELD,pending
PER-18,runs/raw_logs/Perplexity_RAG/18. Strategic Decision Analysis_ Cuban Missile Crisis.pdf,15,1, ,,Diplomatic_Support,Diplomatic_Support: 0.85  0.70   0.10   0.05 ,PER-18-N-00086,,판정 불가,,0.85 => ,,old_only,,False,unresolved_different_or_unmatched_no_forced_link,GLOBAL_ARITHMETIC_RATE_WITHHELD,pending
PER-18,runs/raw_logs/Perplexity_RAG/18. Strategic Decision Analysis_ Cuban Missile Crisis.pdf,15,1, ,,Tension,Tension: 0.65  0.70   0.05 ,PER-18-N-00085,,판정 불가,,0.65 => ,,old_only,,False,unresolved_different_or_unmatched_no_forced_link,GLOBAL_ARITHMETIC_RATE_WITHHELD,pending
PER-18,runs/raw_logs/Perplexity_RAG/18. Strategic Decision Analysis_ Cuban Missile Crisis.pdf,15,1,Combination 3,,Diplomatic_Support,Diplomatic_Support: 0.85 (0.70 + 0.10 + 0.05),,PDFIUM-PER-18-N-00087,,준수,,0.85 => 0.85,candidate_only,,False,unresolved_different_or_unmatched_no_forced_link,GLOBAL_ARITHMETIC_RATE_WITHHELD,pending
PER-18,runs/raw_logs/Perplexity_RAG/18. Strategic Decision Analysis_ Cuban Missile Crisis.pdf,15,1,Combination 3,,Tension,Tension: 0.65 (0.70 - 0.05),,PDFIUM-PER-18-N-00086,,준수,,0.65 => 0.65,candidate_only,,False,unresolved_different_or_unmatched_no_forced_link,GLOBAL_ARITHMETIC_RATE_WITHHELD,pending
PER-18,runs/raw_logs/Perplexity_RAG/18. Strategic Decision Analysis_ Cuban Missile Crisis.pdf,17,4, ,,Diplomatic_Support,Diplomatic_Support: 0.64  0.44   0.10   0.10 ,PER-18-N-00096,,판정 불가,,0.64 => ,,old_only,,False,unresolved_different_or_unmatched_no_forced_link,GLOBAL_ARITHMETIC_RATE_WITHHELD,pending
PER-18,runs/raw_logs/Perplexity_RAG/18. Strategic Decision Analysis_ Cuban Missile Crisis.pdf,17,4, ,,Leadership_Unity,Leadership_Unity: 0.30  0.25   0.05 ,PER-18-N-00099,,판정 불가,,0.30 => ,,old_only,,False,unresolved_different_or_unmatched_no_forced_link,GLOBAL_ARITHMETIC_RATE_WITHHELD,pending
PER-18,runs/raw_logs/Perplexity_RAG/18. Strategic Decision Analysis_ Cuban Missile Crisis.pdf,17,4, ,,Tension,Tension: 0.95  1.0   0.05 ,PER-18-N-00095,,판정 불가,,0.95 => ,,old_only,,False,unresolved_different_or_unmatched_no_forced_link,GLOBAL_ARITHMETIC_RATE_WITHHELD,pending
PER-18,runs/raw_logs/Perplexity_RAG/18. Strategic Decision Analysis_ Cuban Missile Crisis.pdf,17,4,Combination 1,,Diplomatic_Support,Diplomatic_Support: 0.64 (0.44 + 0.10 + 0.10),,PDFIUM-PER-18-N-00093,,준수,,0.64 => 0.64,candidate_only,,False,unresolved_different_or_unmatched_no_forced_link,GLOBAL_ARITHMETIC_RATE_WITHHELD,pending
PER-18,runs/raw_logs/Perplexity_RAG/18. Strategic Decision Analysis_ Cuban Missile Crisis.pdf,17,4,Combination 1,,Leadership_Unity,Leadership_Unity: 0.30 (0.25 + 0.05),,PDFIUM-PER-18-N-00094,,준수,,0.3 => 0.3,candidate_only,,False,unresolved_different_or_unmatched_no_forced_link,GLOBAL_ARITHMETIC_RATE_WITHHELD,pending
PER-18,runs/raw_logs/Perplexity_RAG/18. Strategic Decision Analysis_ Cuban Missile Crisis.pdf,17,4,Combination 1,,Tension,Tension: 0.95 (1.0 - 0.05),,PDFIUM-PER-18-N-00092,,준수,,0.95 => 0.95,candidate_only,,False,unresolved_different_or_unmatched_no_forced_link,GLOBAL_ARITHMETIC_RATE_WITHHELD,pending
PER-18,runs/raw_logs/Perplexity_RAG/18. Strategic Decision Analysis_ Cuban Missile Crisis.pdf,17,4,Combination 1,Soviet Union,Diplomatic_Support,Diplomatic_Support:  0.10  Diplomatic_Success),PER-18-N-00216,,판정 불가,, => ,,old_only,,False,unresolved_different_or_unmatched_no_forced_link,GLOBAL_ARITHMETIC_RATE_WITHHELD,pending
PER-18,runs/raw_logs/Perplexity_RAG/18. Strategic Decision Analysis_ Cuban Missile Crisis.pdf,17,4,Combination 1,Soviet Union,Tension,Tension:  0.05  Diplomatic_Success),PER-18-N-00214,,판정 불가,, => ,,old_only,,False,unresolved_different_or_unmatched_no_forced_link,GLOBAL_ARITHMETIC_RATE_WITHHELD,pending
PER-18,runs/raw_logs/Perplexity_RAG/18. Strategic Decision Analysis_ Cuban Missile Crisis.pdf,17,4,Combination 1,United States,Diplomatic_Support,Diplomatic_Support:  0.10  Diplomatic_Success),PER-18-N-00210,,판정 불가,, => ,,old_only,,False,unresolved_different_or_unmatched_no_forced_link,GLOBAL_ARITHMETIC_RATE_WITHHELD,pending
PER-18,runs/raw_logs/Perplexity_RAG/18. Strategic Decision Analysis_ Cuban Missile Crisis.pdf,17,4,Combination 1,United States,Leadership_Unity,Leadership_Unity:  0.05  Strong_Leadership),PER-18-N-00212,,판정 불가,, => ,,old_only,,False,unresolved_different_or_unmatched_no_forced_link,GLOBAL_ARITHMETIC_RATE_WITHHELD,pending
PER-18,runs/raw_logs/Perplexity_RAG/18. Strategic Decision Analysis_ Cuban Missile Crisis.pdf,18,4, ,,Leadership_Unity,Leadership_Unity: 0.10  0.15   0.05 ,PER-18-N-00111,,판정 불가,,0.10 => ,,old_only,,False,unresolved_different_or_unmatched_no_forced_link,GLOBAL_ARITHMETIC_RATE_WITHHELD,pending
PER-18,runs/raw_logs/Perplexity_RAG/18. Strategic Decision Analysis_ Cuban Missile Crisis.pdf,18,4, ,,Public_Opinion,Public_Opinion: 0.16  0.26   0.10 ,PER-18-N-00110,,판정 불가,,0.16 => ,,old_only,,False,unresolved_different_or_unmatched_no_forced_link,GLOBAL_ARITHMETIC_RATE_WITHHELD,pending
PER-18,runs/raw_logs/Perplexity_RAG/18. Strategic Decision Analysis_ Cuban Missile Crisis.pdf,18,4,Combination 2,,Leadership_Unity,Leadership_Unity: 0.10 (0.15 - 0.05),,PDFIUM-PER-18-N-00098,,준수,,0.1 => 0.1,candidate_only,,False,unresolved_different_or_unmatched_no_forced_link,GLOBAL_ARITHMETIC_RATE_WITHHELD,pending
PER-18,runs/raw_logs/Perplexity_RAG/18. Strategic Decision Analysis_ Cuban Missile Crisis.pdf,18,4,Combination 2,,Public_Opinion,Public_Opinion: 0.16 (0.26 - 0.10),,PDFIUM-PER-18-N-00097,,준수,,0.16 => 0.16,candidate_only,,False,unresolved_different_or_unmatched_no_forced_link,GLOBAL_ARITHMETIC_RATE_WITHHELD,pending
PER-18,runs/raw_logs/Perplexity_RAG/18. Strategic Decision Analysis_ Cuban Missile Crisis.pdf,18,4,Combination 2,Soviet Union,Leadership_Unity,Leadership_Unity:  0.05  Internal_Dispute),PER-18-N-00220,,판정 불가,, => ,,old_only,,False,unresolved_different_or_unmatched_no_forced_link,GLOBAL_ARITHMETIC_RATE_WITHHELD,pending
PER-18,runs/raw_logs/Perplexity_RAG/18. Strategic Decision Analysis_ Cuban Missile Crisis.pdf,18,4,Combination 2,United States,Public_Opinion,Public_Opinion:  0.10  Civil_Unrest),PER-18-N-00218,,판정 불가,, => ,,old_only,,False,unresolved_different_or_unmatched_no_forced_link,GLOBAL_ARITHMETIC_RATE_WITHHELD,pending
PER-18,runs/raw_logs/Perplexity_RAG/18. Strategic Decision Analysis_ Cuban Missile Crisis.pdf,19,4, ,,Diplomatic_Support,Diplomatic_Support: 0.95  0.80   0.10   0.05 ,PER-18-N-00117,,판정 불가,,0.95 => ,,old_only,,False,unresolved_different_or_unmatched_no_forced_link,GLOBAL_ARITHMETIC_RATE_WITHHELD,pending
PER-18,runs/raw_logs/Perplexity_RAG/18. Strategic Decision Analysis_ Cuban Missile Crisis.pdf,19,4, ,,Tension,Tension: 0.85  0.95   0.10 ,PER-18-N-00116,,판정 불가,,0.85 => ,,old_only,,False,unresolved_different_or_unmatched_no_forced_link,GLOBAL_ARITHMETIC_RATE_WITHHELD,pending
PER-18,runs/raw_logs/Perplexity_RAG/18. Strategic Decision Analysis_ Cuban Missile Crisis.pdf,19,4,Combination 3,,Diplomatic_Support,Diplomatic_Support: 0.95 (0.80 + 0.10 + 0.05),,PDFIUM-PER-18-N-00102,,준수,,0.95 => 0.95,candidate_only,,False,unresolved_different_or_unmatched_no_forced_link,GLOBAL_ARITHMETIC_RATE_WITHHELD,pending
PER-18,runs/raw_logs/Perplexity_RAG/18. Strategic Decision Analysis_ Cuban Missile Crisis.pdf,19,4,Combination 3,,Tension,Tension: 0.85 (0.95 - 0.10),,PDFIUM-PER-18-N-00101,,준수,,0.85 => 0.85,candidate_only,,False,unresolved_different_or_unmatched_no_forced_link,GLOBAL_ARITHMETIC_RATE_WITHHELD,pending
PER-18,runs/raw_logs/Perplexity_RAG/18. Strategic Decision Analysis_ Cuban Missile Crisis.pdf,19,4,Combination 3,Soviet Union,Tension,Tension:  0.10  Diplomatic_Success),PER-18-N-00224,,판정 불가,, => ,,old_only,,False,unresolved_different_or_unmatched_no_forced_link,GLOBAL_ARITHMETIC_RATE_WITHHELD,pending
PER-18,runs/raw_logs/Perplexity_RAG/18. Strategic Decision Analysis_ Cuban Missile Crisis.pdf,19,4,Combination 3,United States,Diplomatic_Support,Diplomatic_Support:  0.10  Diplomatic_Success),PER-18-N-00222,,판정 불가,, => ,,old_only,,False,unresolved_different_or_unmatched_no_forced_link,GLOBAL_ARITHMETIC_RATE_WITHHELD,pending
PER-18,runs/raw_logs/Perplexity_RAG/18. Strategic Decision Analysis_ Cuban Missile Crisis.pdf,3,1,Combination 1,United States,Diplomatic_Support,Diplomatic_Support:  0.02  Defense_Prep effect),PER-18-N-00124,,판정 불가,, => ,,old_only,,False,unresolved_different_or_unmatched_no_forced_link,GLOBAL_ARITHMETIC_RATE_WITHHELD,pending
PER-18,runs/raw_logs/Perplexity_RAG/18. Strategic Decision Analysis_ Cuban Missile Crisis.pdf,3,1,Combination 1,United States,Tension,Tension:  0.05  Defense_Prep effect),PER-18-N-00122,,판정 불가,, => ,,old_only,,False,unresolved_different_or_unmatched_no_forced_link,GLOBAL_ARITHMETIC_RATE_WITHHELD,pending
PER-18,runs/raw_logs/Perplexity_RAG/18. Strategic Decision Analysis_ Cuban Missile Crisis.pdf,4,1, ,,Diplomatic_Support,Diplomatic_Support: 0.48  0.6 initial - 0.02 US   0.10 USSR ,PER-18-N-00002,,판정 불가,,0.48 => ,,old_only,,False,unresolved_different_or_unmatched_no_forced_link,GLOBAL_ARITHMETIC_RATE_WITHHELD,pending
PER-18,runs/raw_logs/Perplexity_RAG/18. Strategic Decision Analysis_ Cuban Missile Crisis.pdf,4,1, ,,Leadership_Unity,Leadership_Unity: 0.60  0.7 initial - 0.05 US   0.05 USSR ,PER-18-N-00004,,판정 불가,,0.60 => ,,old_only,,False,unresolved_different_or_unmatched_no_forced_link,GLOBAL_ARITHMETIC_RATE_WITHHELD,pending
PER-18,runs/raw_logs/Perplexity_RAG/18. Strategic Decision Analysis_ Cuban Missile Crisis.pdf,4,1, ,,Public_Opinion,Public_Opinion: 0.53  0.6 initial - 0.02 US   0.05 USSR ,PER-18-N-00003,,판정 불가,,0.53 => ,,old_only,,False,unresolved_different_or_unmatched_no_forced_link,GLOBAL_ARITHMETIC_RATE_WITHHELD,pending
PER-18,runs/raw_logs/Perplexity_RAG/18. Strategic Decision Analysis_ Cuban Missile Crisis.pdf,4,1, ,,Tension,Tension: 0.65  0.5 initial + 0.05 US   0.10 USSR ,PER-18-N-00001,,판정 불가,,0.65 => ,,old_only,,False,unresolved_different_or_unmatched_no_forced_link,GLOBAL_ARITHMETIC_RATE_WITHHELD,pending
PER-18,runs/raw_logs/Perplexity_RAG/18. Strategic Decision Analysis_ Cuban Missile Crisis.pdf,4,1,Combination 1,Soviet Union,Diplomatic_Support,Diplomatic_Support:  0.10  Diplomatic_Failure effect),PER-18-N-00132,,판정 불가,, => ,,old_only,,False,unresolved_different_or_unmatched_no_forced_link,GLOBAL_ARITHMETIC_RATE_WITHHELD,pending
PER-18,runs/raw_logs/Perplexity_RAG/18. Strategic Decision Analysis_ Cuban Missile Crisis.pdf,4,1,Combination 1,Soviet Union,Leadership_Unity,Leadership_Unity:  0.05  Diplomatic_Failure effect),PER-18-N-00136,,판정 불가,, => ,,old_only,,False,unresolved_different_or_unmatched_no_forced_link,GLOBAL_ARITHMETIC_RATE_WITHHELD,pending
PER-18,runs/raw_logs/Perplexity_RAG/18. Strategic Decision Analysis_ Cuban Missile Crisis.pdf,4,1,Combination 1,Soviet Union,Public_Opinion,Public_Opinion:  0.05  Diplomatic_Failure effect),PER-18-N-00134,,판정 불가,, => ,,old_only,,False,unresolved_different_or_unmatched_no_forced_link,GLOBAL_ARITHMETIC_RATE_WITHHELD,pending
PER-18,runs/raw_logs/Perplexity_RAG/18. Strategic Decision Analysis_ Cuban Missile Crisis.pdf,4,1,Combination 1,Soviet Union,Tension,Tension:  0.10  Diplomatic_Failure effect),PER-18-N-00130,,판정 불가,, => ,,old_only,,False,unresolved_different_or_unmatched_no_forced_link,GLOBAL_ARITHMETIC_RATE_WITHHELD,pending
PER-18,runs/raw_logs/Perplexity_RAG/18. Strategic Decision Analysis_ Cuban Missile Crisis.pdf,4,1,Combination 1,United States,Leadership_Unity,Leadership_Unity:  0.05  Defense_Prep effect),PER-18-N-00128,,판정 불가,, => ,,old_only,,False,unresolved_different_or_unmatched_no_forced_link,GLOBAL_ARITHMETIC_RATE_WITHHELD,pending
PER-18,runs/raw_logs/Perplexity_RAG/18. Strategic Decision Analysis_ Cuban Missile Crisis.pdf,4,1,Combination 1,United States,Public_Opinion,Public_Opinion:  0.02  Defense_Prep effect),PER-18-N-00126,,판정 불가,, => ,,old_only,,False,unresolved_different_or_unmatched_no_forced_link,GLOBAL_ARITHMETIC_RATE_WITHHELD,pending
PER-18,runs/raw_logs/Perplexity_RAG/18. Strategic Decision Analysis_ Cuban Missile Crisis.pdf,4,1,Combination 2,United States,Diplomatic_Support,Diplomatic_Support:  0.05  Strike effect),PER-18-N-00140,,판정 불가,, => ,,old_only,,False,unresolved_different_or_unmatched_no_forced_link,GLOBAL_ARITHMETIC_RATE_WITHHELD,pending
PER-18,runs/raw_logs/Perplexity_RAG/18. Strategic Decision Analysis_ Cuban Missile Crisis.pdf,4,1,Combination 2,United States,Public_Opinion,Public_Opinion:  0.05  Strike effect),PER-18-N-00142,,판정 불가,, => ,,old_only,,False,unresolved_different_or_unmatched_no_forced_link,GLOBAL_ARITHMETIC_RATE_WITHHELD,pending
PER-18,runs/raw_logs/Perplexity_RAG/18. Strategic Decision Analysis_ Cuban Missile Crisis.pdf,4,1,Combination 2,United States,Tension,Tension:  0.15  Strike effect),PER-18-N-00138,,판정 불가,, => ,,old_only,,False,unresolved_different_or_unmatched_no_forced_link,GLOBAL_ARITHMETIC_RATE_WITHHELD,pending
PER-18,runs/raw_logs/Perplexity_RAG/18. Strategic Decision Analysis_ Cuban Missile Crisis.pdf,5,1, ,,Diplomatic_Support,Diplomatic_Support: 0.53  0.6 initial - 0.05 US   0.02 USSR ,PER-18-N-00006,,판정 불가,,0.53 => ,,old_only,,False,unresolved_different_or_unmatched_no_forced_link,GLOBAL_ARITHMETIC_RATE_WITHHELD,pending
PER-18,runs/raw_logs/Perplexity_RAG/18. Strategic Decision Analysis_ Cuban Missile Crisis.pdf,5,1, ,,Leadership_Unity,Leadership_Unity: 0.55  0.7 initial - 0.10 US   0.05 USSR ,PER-18-N-00008,,판정 불가,,0.55 => ,,old_only,,False,unresolved_different_or_unmatched_no_forced_link,GLOBAL_ARITHMETIC_RATE_WITHHELD,pending
PER-18,runs/raw_logs/Perplexity_RAG/18. Strategic Decision Analysis_ Cuban Missile Crisis.pdf,5,1, ,,Public_Opinion,Public_Opinion: 0.53  0.6 initial - 0.05 US   0.02 USSR ,PER-18-N-00007,,판정 불가,,0.53 => ,,old_only,,False,unresolved_different_or_unmatched_no_forced_link,GLOBAL_ARITHMETIC_RATE_WITHHELD,pending
PER-18,runs/raw_logs/Perplexity_RAG/18. Strategic Decision Analysis_ Cuban Missile Crisis.pdf,5,1, ,,Tension,Tension: 0.80  0.5 initial + 0.15 US   0.10 USSR   0.05 trigger),PER-18-N-00005,,판정 불가,,0.80 => ,,old_only,,False,unresolved_different_or_unmatched_no_forced_link,GLOBAL_ARITHMETIC_RATE_WITHHELD,pending
PER-18,runs/raw_logs/Perplexity_RAG/18. Strategic Decision Analysis_ Cuban Missile Crisis.pdf,5,1,Combination 2,Soviet Union,Diplomatic_Support,Diplomatic_Support:  0.02  Defense_Prep effect),PER-18-N-00148,,판정 불가,, => ,,old_only,,False,unresolved_different_or_unmatched_no_forced_link,GLOBAL_ARITHMETIC_RATE_WITHHELD,pending
PER-18,runs/raw_logs/Perplexity_RAG/18. Strategic Decision Analysis_ Cuban Missile Crisis.pdf,5,1,Combination 2,Soviet Union,Leadership_Unity,Leadership_Unity:  0.05  Defense_Prep effect),PER-18-N-00152,,판정 불가,, => ,,old_only,,False,unresolved_different_or_unmatched_no_forced_link,GLOBAL_ARITHMETIC_RATE_WITHHELD,pending
PER-18,runs/raw_logs/Perplexity_RAG/18. Strategic Decision Analysis_ Cuban Missile Crisis.pdf,5,1,Combination 2,Soviet Union,Public_Opinion,Public_Opinion:  0.02  Defense_Prep effect),PER-18-N-00150,,판정 불가,, => ,,old_only,,False,unresolved_different_or_unmatched_no_forced_link,GLOBAL_ARITHMETIC_RATE_WITHHELD,pending
PER-18,runs/raw_logs/Perplexity_RAG/18. Strategic Decision Analysis_ Cuban Missile Crisis.pdf,5,1,Combination 2,Soviet Union,Tension,Tension:  0.10  Defense_Prep effect),PER-18-N-00146,,판정 불가,, => ,,old_only,,False,unresolved_different_or_unmatched_no_forced_link,GLOBAL_ARITHMETIC_RATE_WITHHELD,pending
PER-18,runs/raw_logs/Perplexity_RAG/18. Strategic Decision Analysis_ Cuban Missile Crisis.pdf,5,1,Combination 2,United States,Leadership_Unity,Leadership_Unity:  0.10  Strike effect),PER-18-N-00144,,판정 불가,, => ,,old_only,,False,unresolved_different_or_unmatched_no_forced_link,GLOBAL_ARITHMETIC_RATE_WITHHELD,pending
PER-18,runs/raw_logs/Perplexity_RAG/18. Strategic Decision Analysis_ Cuban Missile Crisis.pdf,5,1,Combination 3,United States,Diplomatic_Support,Diplomatic_Support:  0.05  Economic_Sanctions effect),PER-18-N-00156,,판정 불가,, => ,,old_only,,False,unresolved_different_or_unmatched_no_forced_link,GLOBAL_ARITHMETIC_RATE_WITHHELD,pending
PER-18,runs/raw_logs/Perplexity_RAG/18. Strategic Decision Analysis_ Cuban Missile Crisis.pdf,5,1,Combination 3,United States,Leadership_Unity,Leadership_Unity:  0.05  Economic_Sanctions effect),PER-18-N-00160,,판정 불가,, => ,,old_only,,False,unresolved_different_or_unmatched_no_forced_link,GLOBAL_ARITHMETIC_RATE_WITHHELD,pending
PER-18,runs/raw_logs/Perplexity_RAG/18. Strategic Decision Analysis_ Cuban Missile Crisis.pdf,5,1,Combination 3,United States,Public_Opinion,Public_Opinion:  0.05  Economic_Sanctions effect),PER-18-N-00158,,판정 불가,, => ,,old_only,,False,unresolved_different_or_unmatched_no_forced_link,GLOBAL_ARITHMETIC_RATE_WITHHELD,pending
PER-18,runs/raw_logs/Perplexity_RAG/18. Strategic Decision Analysis_ Cuban Missile Crisis.pdf,5,1,Combination 3,United States,Tension,Tension:  0.10  Economic_Sanctions effect),PER-18-N-00154,,판정 불가,, => ,,old_only,,False,unresolved_different_or_unmatched_no_forced_link,GLOBAL_ARITHMETIC_RATE_WITHHELD,pending
PER-18,runs/raw_logs/Perplexity_RAG/18. Strategic Decision Analysis_ Cuban Missile Crisis.pdf,6,1, ,,Diplomatic_Support,Diplomatic_Support: 0.75  0.6 initial - 0.05 US   0.10 USSR   0.10 trigger),PER-18-N-00010,,판정 불가,,0.75 => ,,old_only,,False,unresolved_different_or_unmatched_no_forced_link,GLOBAL_ARITHMETIC_RATE_WITHHELD,pending
PER-18,runs/raw_logs/Perplexity_RAG/18. Strategic Decision Analysis_ Cuban Missile Crisis.pdf,6,1, ,,Leadership_Unity,Leadership_Unity: 0.70  0.7 initial - 0.05 US   0.05 USSR ,PER-18-N-00012,,판정 불가,,0.70 => ,,old_only,,False,unresolved_different_or_unmatched_no_forced_link,GLOBAL_ARITHMETIC_RATE_WITHHELD,pending
PER-18,runs/raw_logs/Perplexity_RAG/18. Strategic Decision Analysis_ Cuban Missile Crisis.pdf,6,1, ,,Public_Opinion,Public_Opinion: 0.60  0.6 initial - 0.05 US   0.05 USSR ,PER-18-N-00011,,판정 불가,,0.60 => ,,old_only,,False,unresolved_different_or_unmatched_no_forced_link,GLOBAL_ARITHMETIC_RATE_WITHHELD,pending
PER-18,runs/raw_logs/Perplexity_RAG/18. Strategic Decision Analysis_ Cuban Missile Crisis.pdf,6,1, ,,Tension,Tension: 0.55  0.5 initial + 0.10 US   0.05 USSR ,PER-18-N-00009,,판정 불가,,0.55 => ,,old_only,,False,unresolved_different_or_unmatched_no_forced_link,GLOBAL_ARITHMETIC_RATE_WITHHELD,pending
PER-18,runs/raw_logs/Perplexity_RAG/18. Strategic Decision Analysis_ Cuban Missile Crisis.pdf,6,1,1  Most Plausible Path  U.S. Naval Quarantine +,,Diplomatic_Support,Diplomatic_Support: 0.44  0.46   0.02 ,PER-18-N-00014,,판정 불가,,0.44 => ,,old_only,,False,unresolved_different_or_unmatched_no_forced_link,GLOBAL_ARITHMETIC_RATE_WITHHELD,pending
PER-18,runs/raw_logs/Perplexity_RAG/18. Strategic Decision Analysis_ Cuban Missile Crisis.pdf,6,1,1  Most Plausible Path  U.S. Naval Quarantine +,,Leadership_Unity,Leadership_Unity: 0.50  0.55   0.05 ,PER-18-N-00016,,판정 불가,,0.50 => ,,old_only,,False,unresolved_different_or_unmatched_no_forced_link,GLOBAL_ARITHMETIC_RATE_WITHHELD,pending
PER-18,runs/raw_logs/Perplexity_RAG/18. Strategic Decision Analysis_ Cuban Missile Crisis.pdf,6,1,1  Most Plausible Path  U.S. Naval Quarantine +,,Public_Opinion,Public_Opinion: 0.49  0.51   0.02 ,PER-18-N-00015,,판정 불가,,0.49 => ,,old_only,,False,unresolved_different_or_unmatched_no_forced_link,GLOBAL_ARITHMETIC_RATE_WITHHELD,pending
PER-18,runs/raw_logs/Perplexity_RAG/18. Strategic Decision Analysis_ Cuban Missile Crisis.pdf,6,1,1  Most Plausible Path  U.S. Naval Quarantine +,,Tension,Tension: 0.75  0.70   0.05 from Defense_Prep effect),PER-18-N-00013,,판정 불가,,0.75 => ,,old_only,,False,unresolved_different_or_unmatched_no_forced_link,GLOBAL_ARITHMETIC_RATE_WITHHELD,pending
PER-18,runs/raw_logs/Perplexity_RAG/18. Strategic Decision Analysis_ Cuban Missile Crisis.pdf,6,1,1: Most Plausible Path (U.S. Naval Quarantine +,,Diplomatic_Support,Diplomatic_Support: 0.44 (0.46 - 0.02),,PDFIUM-PER-18-N-00029,,준수,,0.44 => 0.44,candidate_only,,False,unresolved_different_or_unmatched_no_forced_link,GLOBAL_ARITHMETIC_RATE_WITHHELD,pending
PER-18,runs/raw_logs/Perplexity_RAG/18. Strategic Decision Analysis_ Cuban Missile Crisis.pdf,6,1,1: Most Plausible Path (U.S. Naval Quarantine +,,Leadership_Unity,Leadership_Unity: 0.50 (0.55 - 0.05),,PDFIUM-PER-18-N-00031,,준수,,0.5 => 0.5,candidate_only,,False,unresolved_different_or_unmatched_no_forced_link,GLOBAL_ARITHMETIC_RATE_WITHHELD,pending
PER-18,runs/raw_logs/Perplexity_RAG/18. Strategic Decision Analysis_ Cuban Missile Crisis.pdf,6,1,1: Most Plausible Path (U.S. Naval Quarantine +,,Public_Opinion,Public_Opinion: 0.49 (0.51 - 0.02),,PDFIUM-PER-18-N-00030,,준수,,0.49 => 0.49,candidate_only,,False,unresolved_different_or_unmatched_no_forced_link,GLOBAL_ARITHMETIC_RATE_WITHHELD,pending
PER-18,runs/raw_logs/Perplexity_RAG/18. Strategic Decision Analysis_ Cuban Missile Crisis.pdf,6,1,1: Most Plausible Path (U.S. Naval Quarantine +,,Tension,Tension: 0.75 (0.70 + 0.05 from Defense_Prep effect),,PDFIUM-PER-18-N-00028,,준수,,0.75 => 0.75,candidate_only,,False,unresolved_different_or_unmatched_no_forced_link,GLOBAL_ARITHMETIC_RATE_WITHHELD,pending
PER-18,runs/raw_logs/Perplexity_RAG/18. Strategic Decision Analysis_ Cuban Missile Crisis.pdf,6,1,Combination 3,Soviet Union,Diplomatic_Support,Diplomatic_Support:  0.10  Diplomatic_Success effect),PER-18-N-00164,,판정 불가,, => ,,old_only,,False,unresolved_different_or_unmatched_no_forced_link,GLOBAL_ARITHMETIC_RATE_WITHHELD,pending
PER-18,runs/raw_logs/Perplexity_RAG/18. Strategic Decision Analysis_ Cuban Missile Crisis.pdf,6,1,Combination 3,Soviet Union,Leadership_Unity,Leadership_Unity:  0.05  Diplomatic_Success effect),PER-18-N-00168,,판정 불가,, => ,,old_only,,False,unresolved_different_or_unmatched_no_forced_link,GLOBAL_ARITHMETIC_RATE_WITHHELD,pending
PER-18,runs/raw_logs/Perplexity_RAG/18. Strategic Decision Analysis_ Cuban Missile Crisis.pdf,6,1,Combination 3,Soviet Union,Public_Opinion,Public_Opinion:  0.05  Diplomatic_Success effect),PER-18-N-00166,,판정 불가,, => ,,old_only,,False,unresolved_different_or_unmatched_no_forced_link,GLOBAL_ARITHMETIC_RATE_WITHHELD,pending
PER-18,runs/raw_logs/Perplexity_RAG/18. Strategic Decision Analysis_ Cuban Missile Crisis.pdf,6,1,Combination 3,Soviet Union,Tension,Tension:  0.05  Diplomatic_Success effect),PER-18-N-00162,,판정 불가,, => ,,old_only,,False,unresolved_different_or_unmatched_no_forced_link,GLOBAL_ARITHMETIC_RATE_WITHHELD,pending
PER-18,runs/raw_logs/Perplexity_RAG/18. Strategic Decision Analysis_ Cuban Missile Crisis.pdf,8,1, ,,Diplomatic_Support,Diplomatic_Support: 0.64  0.44   0.10   0.10 ,PER-18-N-00018,,판정 불가,,0.64 => ,,old_only,,False,unresolved_different_or_unmatched_no_forced_link,GLOBAL_ARITHMETIC_RATE_WITHHELD,pending
PER-18,runs/raw_logs/Perplexity_RAG/18. Strategic Decision Analysis_ Cuban Missile Crisis.pdf,8,1, ,,Tension,Tension: 0.75  0.75   0.05   0.05 ,PER-18-N-00017,,판정 불가,,0.75 => ,,old_only,,False,unresolved_different_or_unmatched_no_forced_link,GLOBAL_ARITHMETIC_RATE_WITHHELD,pending
PER-18,runs/raw_logs/Perplexity_RAG/18. Strategic Decision Analysis_ Cuban Missile Crisis.pdf,8,1,Combination 1,,Diplomatic_Support,Diplomatic_Support: 0.64 (0.44 + 0.10 + 0.10),,PDFIUM-PER-18-N-00039,,준수,,0.64 => 0.64,candidate_only,,False,unresolved_different_or_unmatched_no_forced_link,GLOBAL_ARITHMETIC_RATE_WITHHELD,pending
PER-18,runs/raw_logs/Perplexity_RAG/18. Strategic Decision Analysis_ Cuban Missile Crisis.pdf,8,1,Combination 1,,Tension,Tension: 0.75 (0.75 + 0.05 - 0.05),,PDFIUM-PER-18-N-00038,,준수,,0.75 => 0.75,candidate_only,,False,unresolved_different_or_unmatched_no_forced_link,GLOBAL_ARITHMETIC_RATE_WITHHELD,pending
PER-18,runs/raw_logs/Perplexity_RAG/18. Strategic Decision Analysis_ Cuban Missile Crisis.pdf,8,1,Combination 1,Soviet Union,Diplomatic_Support,Diplomatic_Support:  0.10  Diplomatic_Success),PER-18-N-00174,,판정 불가,, => ,,old_only,,False,unresolved_different_or_unmatched_no_forced_link,GLOBAL_ARITHMETIC_RATE_WITHHELD,pending
PER-18,runs/raw_logs/Perplexity_RAG/18. Strategic Decision Analysis_ Cuban Missile Crisis.pdf,8,1,Combination 1,Soviet Union,Tension,Tension:  0.05  Diplomatic_Success),PER-18-N-00176,,판정 불가,, => ,,old_only,,False,unresolved_different_or_unmatched_no_forced_link,GLOBAL_ARITHMETIC_RATE_WITHHELD,pending
PER-18,runs/raw_logs/Perplexity_RAG/18. Strategic Decision Analysis_ Cuban Missile Crisis.pdf,8,1,Combination 1,United States,Diplomatic_Support,Diplomatic_Support:  0.10  Alliance_Strengthening),PER-18-N-00170,,판정 불가,, => ,,old_only,,False,unresolved_different_or_unmatched_no_forced_link,GLOBAL_ARITHMETIC_RATE_WITHHELD,pending
PER-18,runs/raw_logs/Perplexity_RAG/18. Strategic Decision Analysis_ Cuban Missile Crisis.pdf,8,1,Combination 1,United States,Tension,Tension:  0.05  Defense_Prep),PER-18-N-00172,,판정 불가,, => ,,old_only,,False,unresolved_different_or_unmatched_no_forced_link,GLOBAL_ARITHMETIC_RATE_WITHHELD,pending
PER-18,runs/raw_logs/Perplexity_RAG/18. Strategic Decision Analysis_ Cuban Missile Crisis.pdf,9,1, ,,Leadership_Unity,Leadership_Unity: 0.35  0.50   0.10   0.05 ,PER-18-N-00028,,판정 불가,,0.35 => ,,old_only,,False,unresolved_different_or_unmatched_no_forced_link,GLOBAL_ARITHMETIC_RATE_WITHHELD,pending
PER-18,runs/raw_logs/Perplexity_RAG/18. Strategic Decision Analysis_ Cuban Missile Crisis.pdf,9,1, ,,Tension,Tension: 1.0  0.75   0.15   0.15 - clamped to 1.0 ,PER-18-N-00023,,판정 불가,,1.0 => ,,old_only,,False,unresolved_different_or_unmatched_no_forced_link,GLOBAL_ARITHMETIC_RATE_WITHHELD,pending
PER-18,runs/raw_logs/Perplexity_RAG/18. Strategic Decision Analysis_ Cuban Missile Crisis.pdf,9,1,2  Hardline Response Path,,Diplomatic_Support,Diplomatic_Support: 0.51  0.53   0.02 ,PER-18-N-00030,,판정 불가,,0.51 => ,,old_only,,False,unresolved_different_or_unmatched_no_forced_link,GLOBAL_ARITHMETIC_RATE_WITHHELD,pending
PER-18,runs/raw_logs/Perplexity_RAG/18. Strategic Decision Analysis_ Cuban Missile Crisis.pdf,9,1,2  Hardline Response Path,,Leadership_Unity,Leadership_Unity: 0.50  0.55   0.05 ,PER-18-N-00032,,판정 불가,,0.50 => ,,old_only,,False,unresolved_different_or_unmatched_no_forced_link,GLOBAL_ARITHMETIC_RATE_WITHHELD,pending
PER-18,runs/raw_logs/Perplexity_RAG/18. Strategic Decision Analysis_ Cuban Missile Crisis.pdf,9,1,2  Hardline Response Path,,Public_Opinion,Public_Opinion: 0.51  0.53   0.02 ,PER-18-N-00031,,판정 불가,,0.51 => ,,old_only,,False,unresolved_different_or_unmatched_no_forced_link,GLOBAL_ARITHMETIC_RATE_WITHHELD,pending
PER-18,runs/raw_logs/Perplexity_RAG/18. Strategic Decision Analysis_ Cuban Missile Crisis.pdf,9,1,2  Hardline Response Path,,Tension,Tension: 0.85  0.80   0.05 ,PER-18-N-00029,,판정 불가,,0.85 => ,,old_only,,False,unresolved_different_or_unmatched_no_forced_link,GLOBAL_ARITHMETIC_RATE_WITHHELD,pending
PER-18,runs/raw_logs/Perplexity_RAG/18. Strategic Decision Analysis_ Cuban Missile Crisis.pdf,9,1,2: Hardline Response Path,,Diplomatic_Support,Diplomatic_Support: 0.51 (0.53 - 0.02),,PDFIUM-PER-18-N-00050,,준수,,0.51 => 0.51,candidate_only,,False,unresolved_different_or_unmatched_no_forced_link,GLOBAL_ARITHMETIC_RATE_WITHHELD,pending
PER-18,runs/raw_logs/Perplexity_RAG/18. Strategic Decision Analysis_ Cuban Missile Crisis.pdf,9,1,2: Hardline Response Path,,Leadership_Unity,Leadership_Unity: 0.50 (0.55 - 0.05),,PDFIUM-PER-18-N-00052,,준수,,0.5 => 0.5,candidate_only,,False,unresolved_different_or_unmatched_no_forced_link,GLOBAL_ARITHMETIC_RATE_WITHHELD,pending
PER-18,runs/raw_logs/Perplexity_RAG/18. Strategic Decision Analysis_ Cuban Missile Crisis.pdf,9,1,2: Hardline Response Path,,Public_Opinion,Public_Opinion: 0.51 (0.53 - 0.02),,PDFIUM-PER-18-N-00051,,준수,,0.51 => 0.51,candidate_only,,False,unresolved_different_or_unmatched_no_forced_link,GLOBAL_ARITHMETIC_RATE_WITHHELD,pending
PER-18,runs/raw_logs/Perplexity_RAG/18. Strategic Decision Analysis_ Cuban Missile Crisis.pdf,9,1,2: Hardline Response Path,,Tension,Tension: 0.85 (0.80 + 0.05),,PDFIUM-PER-18-N-00049,,준수,,0.85 => 0.85,candidate_only,,False,unresolved_different_or_unmatched_no_forced_link,GLOBAL_ARITHMETIC_RATE_WITHHELD,pending
PER-18,runs/raw_logs/Perplexity_RAG/18. Strategic Decision Analysis_ Cuban Missile Crisis.pdf,9,1,Combination 1,,Leadership_Unity,Leadership_Unity: 0.35 (0.50 - 0.10 - 0.05),,PDFIUM-PER-18-N-00048,,준수,,0.35 => 0.35,candidate_only,,False,unresolved_different_or_unmatched_no_forced_link,GLOBAL_ARITHMETIC_RATE_WITHHELD,pending
PER-18,runs/raw_logs/Perplexity_RAG/18. Strategic Decision Analysis_ Cuban Missile Crisis.pdf,9,1,Combination 1,,Tension,Tension: 1.0 (0.75 + 0.15 + 0.15 - clamped to 1.0),,PDFIUM-PER-18-N-00047,,준수,,1 => 1,candidate_only,,False,unresolved_different_or_unmatched_no_forced_link,GLOBAL_ARITHMETIC_RATE_WITHHELD,pending
PER-18,runs/raw_logs/Perplexity_RAG/18. Strategic Decision Analysis_ Cuban Missile Crisis.pdf,9,1,Combination 1,Soviet Union,Leadership_Unity,Leadership_Unity:  0.05  Defense_Prep),PER-18-N-00184,,판정 불가,, => ,,old_only,,False,unresolved_different_or_unmatched_no_forced_link,GLOBAL_ARITHMETIC_RATE_WITHHELD,pending
PER-18,runs/raw_logs/Perplexity_RAG/18. Strategic Decision Analysis_ Cuban Missile Crisis.pdf,9,1,Combination 1,Soviet Union,Tension,Tension:  0.15  Defense_Prep),PER-18-N-00182,,판정 불가,, => ,,old_only,,False,unresolved_different_or_unmatched_no_forced_link,GLOBAL_ARITHMETIC_RATE_WITHHELD,pending
PER-18,runs/raw_logs/Perplexity_RAG/18. Strategic Decision Analysis_ Cuban Missile Crisis.pdf,9,1,Combination 1,United States,Leadership_Unity,Leadership_Unity:  0.10  Strike ,PER-18-N-00180,,판정 불가,, => ,,old_only,,False,unresolved_different_or_unmatched_no_forced_link,GLOBAL_ARITHMETIC_RATE_WITHHELD,pending
PER-18,runs/raw_logs/Perplexity_RAG/18. Strategic Decision Analysis_ Cuban Missile Crisis.pdf,9,1,Combination 1,United States,Tension,Tension:  0.15  Strike ,PER-18-N-00178,,판정 불가,, => ,,old_only,,False,unresolved_different_or_unmatched_no_forced_link,GLOBAL_ARITHMETIC_RATE_WITHHELD,pending
PER-19,runs/raw_logs/Perplexity_RAG/19. Strategic Analysis of Cuban Missile Crisis Event.pdf,3,1,Combination 1,,Diplomatic_Support,Diplomatic Support:  0.02 1 ,PER-19-N-00058,,판정 불가,, => ,,old_only,,False,unresolved_different_or_unmatched_no_forced_link,GLOBAL_ARITHMETIC_RATE_WITHHELD,pending
PER-19,runs/raw_logs/Perplexity_RAG/19. Strategic Analysis of Cuban Missile Crisis Event.pdf,3,1,Combination 1,,Diplomatic_Support,Diplomatic Support:  0.05 1 ,PER-19-N-00050,,판정 불가,, => ,,old_only,,False,unresolved_different_or_unmatched_no_forced_link,GLOBAL_ARITHMETIC_RATE_WITHHELD,pending
PER-19,runs/raw_logs/Perplexity_RAG/19. Strategic Analysis of Cuban Missile Crisis Event.pdf,3,1,Combination 1,,Leadership_Unity,Leadership Unity:  0.05 1 ,PER-19-N-00054 | PER-19-N-00062,,판정 불가 | 판정 불가,, =>  |  => ,,old_only,,False,unresolved_different_or_unmatched_no_forced_link,GLOBAL_ARITHMETIC_RATE_WITHHELD,pending
PER-19,runs/raw_logs/Perplexity_RAG/19. Strategic Analysis of Cuban Missile Crisis Event.pdf,3,1,Combination 1,,Public_Opinion,Public Opinion:  0.02 1 ,PER-19-N-00060,,판정 불가,, => ,,old_only,,False,unresolved_different_or_unmatched_no_forced_link,GLOBAL_ARITHMETIC_RATE_WITHHELD,pending
PER-19,runs/raw_logs/Perplexity_RAG/19. Strategic Analysis of Cuban Missile Crisis Event.pdf,3,1,Combination 1,,Public_Opinion,Public Opinion:  0.05 1 ,PER-19-N-00052,,판정 불가,, => ,,old_only,,False,unresolved_different_or_unmatched_no_forced_link,GLOBAL_ARITHMETIC_RATE_WITHHELD,pending
PER-19,runs/raw_logs/Perplexity_RAG/19. Strategic Analysis of Cuban Missile Crisis Event.pdf,3,1,Combination 1,,Tension,Tension:  0.05  Defense_Prep effect) 1 ,PER-19-N-00056,,판정 불가,, => ,,old_only,,False,unresolved_different_or_unmatched_no_forced_link,GLOBAL_ARITHMETIC_RATE_WITHHELD,pending
PER-19,runs/raw_logs/Perplexity_RAG/19. Strategic Analysis of Cuban Missile Crisis Event.pdf,3,1,Combination 1,,Tension,Tension:  0.10  Economic Sanctions effect) 1 ,PER-19-N-00048,,판정 불가,, => ,,old_only,,False,unresolved_different_or_unmatched_no_forced_link,GLOBAL_ARITHMETIC_RATE_WITHHELD,pending
PER-19,runs/raw_logs/Perplexity_RAG/19. Strategic Analysis of Cuban Missile Crisis Event.pdf,4,1,Combination 2,,Diplomatic_Support,Diplomatic Support:  0.05 1 ,PER-19-N-00066,,판정 불가,, => ,,old_only,,False,unresolved_different_or_unmatched_no_forced_link,GLOBAL_ARITHMETIC_RATE_WITHHELD,pending
PER-19,runs/raw_logs/Perplexity_RAG/19. Strategic Analysis of Cuban Missile Crisis Event.pdf,4,1,Combination 2,,Leadership_Unity,Leadership Unity:  0.10 1 ,PER-19-N-00070,,판정 불가,, => ,,old_only,,False,unresolved_different_or_unmatched_no_forced_link,GLOBAL_ARITHMETIC_RATE_WITHHELD,pending
PER-19,runs/raw_logs/Perplexity_RAG/19. Strategic Analysis of Cuban Missile Crisis Event.pdf,4,1,Combination 2,,Leadership_Unity,Leadership Unity:  0.10 2 ,PER-19-N-00074,,판정 불가,, => ,,old_only,,False,unresolved_different_or_unmatched_no_forced_link,GLOBAL_ARITHMETIC_RATE_WITHHELD,pending
PER-19,runs/raw_logs/Perplexity_RAG/19. Strategic Analysis of Cuban Missile Crisis Event.pdf,4,1,Combination 2,,Public_Opinion,Public Opinion:  0.05 1 ,PER-19-N-00068,,판정 불가,, => ,,old_only,,False,unresolved_different_or_unmatched_no_forced_link,GLOBAL_ARITHMETIC_RATE_WITHHELD,pending
PER-19,runs/raw_logs/Perplexity_RAG/19. Strategic Analysis of Cuban Missile Crisis Event.pdf,4,1,Combination 2,,Tension,Tension:  0.15  Strike effect) 1 ,PER-19-N-00064,,판정 불가,, => ,,old_only,,False,unresolved_different_or_unmatched_no_forced_link,GLOBAL_ARITHMETIC_RATE_WITHHELD,pending
PER-19,runs/raw_logs/Perplexity_RAG/19. Strategic Analysis of Cuban Missile Crisis Event.pdf,4,1,Combination 2,,Tension,Tension:  0.45  Military Alert effect) 2 ,PER-19-N-00072,,판정 불가,, => ,,old_only,,False,unresolved_different_or_unmatched_no_forced_link,GLOBAL_ARITHMETIC_RATE_WITHHELD,pending
PER-19,runs/raw_logs/Perplexity_RAG/19. Strategic Analysis of Cuban Missile Crisis Event.pdf,4,1,Combination 2,Soviet Union,Tension,Tension: 0.95 (clamped to 1.0 ,PER-19-N-00025,,판정 불가,,0.95 => ,,old_only,,False,unresolved_different_or_unmatched_no_forced_link,GLOBAL_ARITHMETIC_RATE_WITHHELD,pending
PER-19,runs/raw_logs/Perplexity_RAG/19. Strategic Analysis of Cuban Missile Crisis Event.pdf,4,1,Combination 3,,Diplomatic_Support,Diplomatic Support:  0.10 1 ,PER-19-N-00078,,판정 불가,, => ,,old_only,,False,unresolved_different_or_unmatched_no_forced_link,GLOBAL_ARITHMETIC_RATE_WITHHELD,pending
PER-19,runs/raw_logs/Perplexity_RAG/19. Strategic Analysis of Cuban Missile Crisis Event.pdf,4,1,Combination 3,,Tension,Tension:  0.05  Diplomatic_Success effect) 1 ,PER-19-N-00076,,판정 불가,, => ,,old_only,,False,unresolved_different_or_unmatched_no_forced_link,GLOBAL_ARITHMETIC_RATE_WITHHELD,pending
PER-19,runs/raw_logs/Perplexity_RAG/19. Strategic Analysis of Cuban Missile Crisis Event.pdf,5,1,Combination 3,,Diplomatic_Support,Diplomatic Support:  0.10 1 ,PER-19-N-00086,,판정 불가,, => ,,old_only,,False,unresolved_different_or_unmatched_no_forced_link,GLOBAL_ARITHMETIC_RATE_WITHHELD,pending
PER-19,runs/raw_logs/Perplexity_RAG/19. Strategic Analysis of Cuban Missile Crisis Event.pdf,5,1,Combination 3,,Leadership_Unity,Leadership Unity:  0.05 1 ,PER-19-N-00082 | PER-19-N-00090,,판정 불가 | 판정 불가,, =>  |  => ,,old_only,,False,unresolved_different_or_unmatched_no_forced_link,GLOBAL_ARITHMETIC_RATE_WITHHELD,pending
PER-19,runs/raw_logs/Perplexity_RAG/19. Strategic Analysis of Cuban Missile Crisis Event.pdf,5,1,Combination 3,,Public_Opinion,Public Opinion:  0.05 1 ,PER-19-N-00080 | PER-19-N-00088,,판정 불가 | 판정 불가,, =>  |  => ,,old_only,,False,unresolved_different_or_unmatched_no_forced_link,GLOBAL_ARITHMETIC_RATE_WITHHELD,pending
PER-19,runs/raw_logs/Perplexity_RAG/19. Strategic Analysis of Cuban Missile Crisis Event.pdf,5,1,Combination 3,,Tension,Tension:  0.05 1 ,PER-19-N-00084,,판정 불가,, => ,,old_only,,False,unresolved_different_or_unmatched_no_forced_link,GLOBAL_ARITHMETIC_RATE_WITHHELD,pending
PER-20,runs/raw_logs/Perplexity_RAG/20. Strategic Analysis for Cuban Missile Crisis (Based.pdf,12,1,Combination 1,,Diplomatic_Support,Diplomatic Support:  0.05 → 0.55,PER-20-N-00124,,판정 불가,, => ,,old_only,,False,unresolved_different_or_unmatched_no_forced_link,GLOBAL_ARITHMETIC_RATE_WITHHELD,pending
PER-20,runs/raw_logs/Perplexity_RAG/20. Strategic Analysis for Cuban Missile Crisis (Based.pdf,12,1,Combination 1,,Diplomatic_Support,Diplomatic Support:  0.10 → 0.45,PER-20-N-00132,,판정 불가,, => ,,old_only,,False,unresolved_different_or_unmatched_no_forced_link,GLOBAL_ARITHMETIC_RATE_WITHHELD,pending
PER-20,runs/raw_logs/Perplexity_RAG/20. Strategic Analysis for Cuban Missile Crisis (Based.pdf,12,1,Combination 1,,Diplomatic_Support,diplomatic_support: 0.45 (≤0.5  Diplomatic Isolation),PER-20-N-00053,,판정 불가,,0.45 => ,,old_only,,False,unresolved_different_or_unmatched_no_forced_link,GLOBAL_ARITHMETIC_RATE_WITHHELD,pending
PER-20,runs/raw_logs/Perplexity_RAG/20. Strategic Analysis for Cuban Missile Crisis (Based.pdf,12,1,Combination 1,,Leadership_Unity,Leadership Unity:  0.10 → 0.75,PER-20-N-00128,,판정 불가,, => ,,old_only,,False,unresolved_different_or_unmatched_no_forced_link,GLOBAL_ARITHMETIC_RATE_WITHHELD,pending
PER-20,runs/raw_logs/Perplexity_RAG/20. Strategic Analysis for Cuban Missile Crisis (Based.pdf,12,1,Combination 1,,Leadership_Unity,leadership_unity: 0.75   0.5  Stable),PER-20-N-00055,,판정 불가,,0.75 => ,,old_only,,False,unresolved_different_or_unmatched_no_forced_link,GLOBAL_ARITHMETIC_RATE_WITHHELD,pending
PER-20,runs/raw_logs/Perplexity_RAG/20. Strategic Analysis for Cuban Missile Crisis (Based.pdf,12,1,Combination 1,,Public_Opinion,Public Opinion:  0.05 → 0.85,PER-20-N-00126,,판정 불가,, => ,,old_only,,False,unresolved_different_or_unmatched_no_forced_link,GLOBAL_ARITHMETIC_RATE_WITHHELD,pending
PER-20,runs/raw_logs/Perplexity_RAG/20. Strategic Analysis for Cuban Missile Crisis (Based.pdf,12,1,Combination 1,,Public_Opinion,public_opinion: 0.85   0.4  Stable),PER-20-N-00054,,판정 불가,,0.85 => ,,old_only,,False,unresolved_different_or_unmatched_no_forced_link,GLOBAL_ARITHMETIC_RATE_WITHHELD,pending
PER-20,runs/raw_logs/Perplexity_RAG/20. Strategic Analysis for Cuban Missile Crisis (Based.pdf,12,1,Combination 1,,Tension,Tension:  0.10 → 1.0 (clamped),PER-20-N-00130,,판정 불가,, => ,,old_only,,False,unresolved_different_or_unmatched_no_forced_link,GLOBAL_ARITHMETIC_RATE_WITHHELD,pending
PER-20,runs/raw_logs/Perplexity_RAG/20. Strategic Analysis for Cuban Missile Crisis (Based.pdf,12,1,Combination 1,,Tension,Tension:  0.15 → 1.0 (clamped),PER-20-N-00122,,판정 불가,, => ,,old_only,,False,unresolved_different_or_unmatched_no_forced_link,GLOBAL_ARITHMETIC_RATE_WITHHELD,pending
PER-20,runs/raw_logs/Perplexity_RAG/20. Strategic Analysis for Cuban Missile Crisis (Based.pdf,12,1,Combination 1,,Tension,tension: 1.0 (≥0.8  Military Conflict Risk Increased),PER-20-N-00052,,판정 불가,,1.0 => ,,old_only,,False,unresolved_different_or_unmatched_no_forced_link,GLOBAL_ARITHMETIC_RATE_WITHHELD,pending
PER-20,runs/raw_logs/Perplexity_RAG/20. Strategic Analysis for Cuban Missile Crisis (Based.pdf,12,1,Combination 2,,Tension,Tension:  0.15 → 1.0 (clamped),PER-20-N-00134,,판정 불가,, => ,,old_only,,False,unresolved_different_or_unmatched_no_forced_link,GLOBAL_ARITHMETIC_RATE_WITHHELD,pending
PER-20,runs/raw_logs/Perplexity_RAG/20. Strategic Analysis for Cuban Missile Crisis (Based.pdf,13,1,Combination 2,,Diplomatic_Support,Diplomatic Support:  0.05 → 0.35,PER-20-N-00142,,판정 불가,, => ,,old_only,,False,unresolved_different_or_unmatched_no_forced_link,GLOBAL_ARITHMETIC_RATE_WITHHELD,pending
PER-20,runs/raw_logs/Perplexity_RAG/20. Strategic Analysis for Cuban Missile Crisis (Based.pdf,13,1,Combination 2,,Diplomatic_Support,diplomatic_support: 0.45 (≤0.5  Diplomatic Isolation),PER-20-N-00057,,판정 불가,,0.45 => ,,old_only,,False,unresolved_different_or_unmatched_no_forced_link,GLOBAL_ARITHMETIC_RATE_WITHHELD,pending
PER-20,runs/raw_logs/Perplexity_RAG/20. Strategic Analysis for Cuban Missile Crisis (Based.pdf,13,1,Combination 2,,Leadership_Unity,Leadership Unity:  0.10 → 0.50,PER-20-N-00144,,판정 불가,, => ,,old_only,,False,unresolved_different_or_unmatched_no_forced_link,GLOBAL_ARITHMETIC_RATE_WITHHELD,pending
PER-20,runs/raw_logs/Perplexity_RAG/20. Strategic Analysis for Cuban Missile Crisis (Based.pdf,13,1,Combination 2,,Leadership_Unity,Leadership Unity:  0.10 → 0.60,PER-20-N-00138,,판정 불가,, => ,,old_only,,False,unresolved_different_or_unmatched_no_forced_link,GLOBAL_ARITHMETIC_RATE_WITHHELD,pending
PER-20,runs/raw_logs/Perplexity_RAG/20. Strategic Analysis for Cuban Missile Crisis (Based.pdf,13,1,Combination 2,,Leadership_Unity,"leadership_unity: 0.50 (≤0.5  Internal Division, Coup Risk)",PER-20-N-00059,,판정 불가,,0.50 => ,,old_only,,False,unresolved_different_or_unmatched_no_forced_link,GLOBAL_ARITHMETIC_RATE_WITHHELD,pending
PER-20,runs/raw_logs/Perplexity_RAG/20. Strategic Analysis for Cuban Missile Crisis (Based.pdf,13,1,Combination 2,,Public_Opinion,Public Opinion:  0.05 → 0.35,PER-20-N-00136,,판정 불가,, => ,,old_only,,False,unresolved_different_or_unmatched_no_forced_link,GLOBAL_ARITHMETIC_RATE_WITHHELD,pending
PER-20,runs/raw_logs/Perplexity_RAG/20. Strategic Analysis for Cuban Missile Crisis (Based.pdf,13,1,Combination 2,,Public_Opinion,"public_opinion: 0.35 (≤0.4  Civil Unrest, Chaos)",PER-20-N-00058,,판정 불가,,0.35 => ,,old_only,,False,unresolved_different_or_unmatched_no_forced_link,GLOBAL_ARITHMETIC_RATE_WITHHELD,pending
PER-20,runs/raw_logs/Perplexity_RAG/20. Strategic Analysis for Cuban Missile Crisis (Based.pdf,13,1,Combination 2,,Tension,Tension:  0.15 → 1.0 (clamped),PER-20-N-00140,,판정 불가,, => ,,old_only,,False,unresolved_different_or_unmatched_no_forced_link,GLOBAL_ARITHMETIC_RATE_WITHHELD,pending
PER-20,runs/raw_logs/Perplexity_RAG/20. Strategic Analysis for Cuban Missile Crisis (Based.pdf,13,1,Combination 2,,Tension,tension: 1.0 (≥0.8  Military Conflict Risk Increased),PER-20-N-00056,,판정 불가,,1.0 => ,,old_only,,False,unresolved_different_or_unmatched_no_forced_link,GLOBAL_ARITHMETIC_RATE_WITHHELD,pending
PER-20,runs/raw_logs/Perplexity_RAG/20. Strategic Analysis for Cuban Missile Crisis (Based.pdf,13,1,Combination 3,,Diplomatic_Support,Diplomatic Support:  0.02 → 0.78,PER-20-N-00148,,판정 불가,, => ,,old_only,,False,unresolved_different_or_unmatched_no_forced_link,GLOBAL_ARITHMETIC_RATE_WITHHELD,pending
PER-20,runs/raw_logs/Perplexity_RAG/20. Strategic Analysis for Cuban Missile Crisis (Based.pdf,13,1,Combination 3,,Diplomatic_Support,Diplomatic Support:  0.10 → 0.88,PER-20-N-00152,,판정 불가,, => ,,old_only,,False,unresolved_different_or_unmatched_no_forced_link,GLOBAL_ARITHMETIC_RATE_WITHHELD,pending
PER-20,runs/raw_logs/Perplexity_RAG/20. Strategic Analysis for Cuban Missile Crisis (Based.pdf,13,1,Combination 3,,Public_Opinion,Public Opinion:  0.05 → 0.70,PER-20-N-00154,,판정 불가,, => ,,old_only,,False,unresolved_different_or_unmatched_no_forced_link,GLOBAL_ARITHMETIC_RATE_WITHHELD,pending
PER-20,runs/raw_logs/Perplexity_RAG/20. Strategic Analysis for Cuban Missile Crisis (Based.pdf,13,1,Combination 3,,Tension,Tension:  0.05 → 0.65,PER-20-N-00150,,판정 불가,, => ,,old_only,,False,unresolved_different_or_unmatched_no_forced_link,GLOBAL_ARITHMETIC_RATE_WITHHELD,pending
PER-20,runs/raw_logs/Perplexity_RAG/20. Strategic Analysis for Cuban Missile Crisis (Based.pdf,13,1,Combination 3,,Tension,Tension:  0.05 → 0.70,PER-20-N-00146,,판정 불가,, => ,,old_only,,False,unresolved_different_or_unmatched_no_forced_link,GLOBAL_ARITHMETIC_RATE_WITHHELD,pending
PER-20,runs/raw_logs/Perplexity_RAG/20. Strategic Analysis for Cuban Missile Crisis (Based.pdf,14,1,Combination 3,,Diplomatic_Support,diplomatic_support: 0.88   0.5  Strong Support),PER-20-N-00061,,판정 불가,,0.88 => ,,old_only,,False,unresolved_different_or_unmatched_no_forced_link,GLOBAL_ARITHMETIC_RATE_WITHHELD,pending
PER-20,runs/raw_logs/Perplexity_RAG/20. Strategic Analysis for Cuban Missile Crisis (Based.pdf,14,1,Combination 3,,Leadership_Unity,leadership_unity: 0.65   0.5  Stable),PER-20-N-00063,,판정 불가,,0.65 => ,,old_only,,False,unresolved_different_or_unmatched_no_forced_link,GLOBAL_ARITHMETIC_RATE_WITHHELD,pending
PER-20,runs/raw_logs/Perplexity_RAG/20. Strategic Analysis for Cuban Missile Crisis (Based.pdf,14,1,Combination 3,,Public_Opinion,public_opinion: 0.70   0.4  Stable),PER-20-N-00062,,판정 불가,,0.70 => ,,old_only,,False,unresolved_different_or_unmatched_no_forced_link,GLOBAL_ARITHMETIC_RATE_WITHHELD,pending
PER-20,runs/raw_logs/Perplexity_RAG/20. Strategic Analysis for Cuban Missile Crisis (Based.pdf,14,1,Combination 3,,Tension,tension: 0.65   0.8  Diplomatic Options Enabled),PER-20-N-00060,,판정 불가,,0.65 => ,,old_only,,False,unresolved_different_or_unmatched_no_forced_link,GLOBAL_ARITHMETIC_RATE_WITHHELD,pending
PER-20,runs/raw_logs/Perplexity_RAG/20. Strategic Analysis for Cuban Missile Crisis (Based.pdf,15,1,Combination 3,,Diplomatic_Support,diplomatic_support: 0.38 (≤0.5  Diplomatic Isolation),PER-20-N-00073,,판정 불가,,0.38 => ,,old_only,,False,unresolved_different_or_unmatched_no_forced_link,GLOBAL_ARITHMETIC_RATE_WITHHELD,pending
PER-20,runs/raw_logs/Perplexity_RAG/20. Strategic Analysis for Cuban Missile Crisis (Based.pdf,15,1,Combination 3,,Leadership_Unity,"leadership_unity: 0.50 (≤0.5  Internal Division, Coup Risk)",PER-20-N-00075,,판정 불가,,0.50 => ,,old_only,,False,unresolved_different_or_unmatched_no_forced_link,GLOBAL_ARITHMETIC_RATE_WITHHELD,pending
PER-20,runs/raw_logs/Perplexity_RAG/20. Strategic Analysis for Cuban Missile Crisis (Based.pdf,15,1,Combination 3,,Public_Opinion,public_opinion: 0.78   0.4  Stable),PER-20-N-00074,,판정 불가,,0.78 => ,,old_only,,False,unresolved_different_or_unmatched_no_forced_link,GLOBAL_ARITHMETIC_RATE_WITHHELD,pending
PER-20,runs/raw_logs/Perplexity_RAG/20. Strategic Analysis for Cuban Missile Crisis (Based.pdf,15,1,Combination 3,,Tension,tension: 1.0 (≥0.8  Military Conflict Risk Increased),PER-20-N-00072,,판정 불가,,1.0 => ,,old_only,,False,unresolved_different_or_unmatched_no_forced_link,GLOBAL_ARITHMETIC_RATE_WITHHELD,pending
PER-20,runs/raw_logs/Perplexity_RAG/20. Strategic Analysis for Cuban Missile Crisis (Based.pdf,17,1,Combination 3,,Diplomatic_Support,Rationale: State Departmentʼs high diplomatic support  0.81) enables face-saving solution,PER-20-N-00156,,판정 불가,, => ,,old_only,,False,unresolved_different_or_unmatched_no_forced_link,GLOBAL_ARITHMETIC_RATE_WITHHELD,pending
PER-20,runs/raw_logs/Perplexity_RAG/20. Strategic Analysis for Cuban Missile Crisis (Based.pdf,17,1,Combination 3,,Diplomatic_Support,diplomatic_support: 0.38 (≤0.5  Diplomatic Isolation),PER-20-N-00085,,판정 불가,,0.38 => ,,old_only,,False,unresolved_different_or_unmatched_no_forced_link,GLOBAL_ARITHMETIC_RATE_WITHHELD,pending
PER-20,runs/raw_logs/Perplexity_RAG/20. Strategic Analysis for Cuban Missile Crisis (Based.pdf,17,1,Combination 3,,Leadership_Unity,"leadership_unity: 0.15 (≤0.5  Internal Division, Coup Risk)",PER-20-N-00087,,판정 불가,,0.15 => ,,old_only,,False,unresolved_different_or_unmatched_no_forced_link,GLOBAL_ARITHMETIC_RATE_WITHHELD,pending
PER-20,runs/raw_logs/Perplexity_RAG/20. Strategic Analysis for Cuban Missile Crisis (Based.pdf,17,1,Combination 3,,Public_Opinion,"public_opinion: 0.18 (≤0.4  Civil Unrest, Chaos)",PER-20-N-00086,,판정 불가,,0.18 => ,,old_only,,False,unresolved_different_or_unmatched_no_forced_link,GLOBAL_ARITHMETIC_RATE_WITHHELD,pending
PER-20,runs/raw_logs/Perplexity_RAG/20. Strategic Analysis for Cuban Missile Crisis (Based.pdf,17,1,Combination 3,,Tension,tension: 1.0 (≥0.8  Military Conflict Risk Increased),PER-20-N-00084,,판정 불가,,1.0 => ,,old_only,,False,unresolved_different_or_unmatched_no_forced_link,GLOBAL_ARITHMETIC_RATE_WITHHELD,pending
PER-20,runs/raw_logs/Perplexity_RAG/20. Strategic Analysis for Cuban Missile Crisis (Based.pdf,18,1,Combination 3,,Diplomatic_Support,diplomatic_support: 0.91   0.5  Strong Support),PER-20-N-00097,,판정 불가,,0.91 => ,,old_only,,False,unresolved_different_or_unmatched_no_forced_link,GLOBAL_ARITHMETIC_RATE_WITHHELD,pending
PER-20,runs/raw_logs/Perplexity_RAG/20. Strategic Analysis for Cuban Missile Crisis (Based.pdf,18,1,Combination 3,,Leadership_Unity,"leadership_unity: 0.50 (≤0.5  Internal Division, Coup Risk)",PER-20-N-00099,,판정 불가,,0.50 => ,,old_only,,False,unresolved_different_or_unmatched_no_forced_link,GLOBAL_ARITHMETIC_RATE_WITHHELD,pending
PER-20,runs/raw_logs/Perplexity_RAG/20. Strategic Analysis for Cuban Missile Crisis (Based.pdf,18,1,Combination 3,,Public_Opinion,public_opinion: 0.63   0.4  Stable),PER-20-N-00098,,판정 불가,,0.63 => ,,old_only,,False,unresolved_different_or_unmatched_no_forced_link,GLOBAL_ARITHMETIC_RATE_WITHHELD,pending
PER-20,runs/raw_logs/Perplexity_RAG/20. Strategic Analysis for Cuban Missile Crisis (Based.pdf,18,1,Combination 3,,Tension,tension: 0.80 (≥0.8  Military Conflict Risk Increased),PER-20-N-00096,,판정 불가,,0.80 => ,,old_only,,False,unresolved_different_or_unmatched_no_forced_link,GLOBAL_ARITHMETIC_RATE_WITHHELD,pending
PER-20,runs/raw_logs/Perplexity_RAG/20. Strategic Analysis for Cuban Missile Crisis (Based.pdf,3,1,s,,Diplomatic_Support,"diplomatic_support: 0.6, public_opinion: 0.6, leadership_unity: 0.7 . Changes are calculated",PER-20-N-00001,,판정 불가,,0.6 => ,,old_only,,False,unresolved_different_or_unmatched_no_forced_link,GLOBAL_ARITHMETIC_RATE_WITHHELD,pending
PER-20,runs/raw_logs/Perplexity_RAG/20. Strategic Analysis for Cuban Missile Crisis (Based.pdf,3,1,s,,Leadership_Unity,"diplomatic_support: 0.6, public_opinion: 0.6, leadership_unity: 0.7 . Changes are calculated",PER-20-N-00003,,판정 불가,,0.7 => ,,old_only,,False,unresolved_different_or_unmatched_no_forced_link,GLOBAL_ARITHMETIC_RATE_WITHHELD,pending
PER-20,runs/raw_logs/Perplexity_RAG/20. Strategic Analysis for Cuban Missile Crisis (Based.pdf,3,1,s,,Public_Opinion,"diplomatic_support: 0.6, public_opinion: 0.6, leadership_unity: 0.7 . Changes are calculated",PER-20-N-00002,,판정 불가,,0.6 => ,,old_only,,False,unresolved_different_or_unmatched_no_forced_link,GLOBAL_ARITHMETIC_RATE_WITHHELD,pending
PER-20,runs/raw_logs/Perplexity_RAG/20. Strategic Analysis for Cuban Missile Crisis (Based.pdf,4,1,Combination 1,,Leadership_Unity,leadership_unity:  0.8,PER-20-N-00104,,판정 불가,, => ,,old_only,,False,unresolved_different_or_unmatched_no_forced_link,GLOBAL_ARITHMETIC_RATE_WITHHELD,pending
PER-20,runs/raw_logs/Perplexity_RAG/20. Strategic Analysis for Cuban Missile Crisis (Based.pdf,4,1,Combination 1,,Public_Opinion,public_opinion:  0.5,PER-20-N-00102,,판정 불가,, => ,,old_only,,False,unresolved_different_or_unmatched_no_forced_link,GLOBAL_ARITHMETIC_RATE_WITHHELD,pending
PER-20,runs/raw_logs/Perplexity_RAG/20. Strategic Analysis for Cuban Missile Crisis (Based.pdf,4,1,Combination 1,,Tension,tension:  0.75  0.3   0.45 ,PER-20-N-00100,,판정 불가,, => ,,old_only,,False,unresolved_different_or_unmatched_no_forced_link,GLOBAL_ARITHMETIC_RATE_WITHHELD,pending
PER-20,runs/raw_logs/Perplexity_RAG/20. Strategic Analysis for Cuban Missile Crisis (Based.pdf,4,1,Combination 1,,Tension,tension: +0.75 (0.3 + 0.45),,PDFIUM-PER-20-N-00003,,준수,,0.75 => 0.75,candidate_only,,False,unresolved_different_or_unmatched_no_forced_link,GLOBAL_ARITHMETIC_RATE_WITHHELD,pending
PER-20,runs/raw_logs/Perplexity_RAG/20. Strategic Analysis for Cuban Missile Crisis (Based.pdf,4,1,Combination 2,,Diplomatic_Support,diplomatic_support:  0.05,PER-20-N-00108,,판정 불가,, => ,,old_only,,False,unresolved_different_or_unmatched_no_forced_link,GLOBAL_ARITHMETIC_RATE_WITHHELD,pending
PER-20,runs/raw_logs/Perplexity_RAG/20. Strategic Analysis for Cuban Missile Crisis (Based.pdf,4,1,Combination 2,,Leadership_Unity,leadership_unity:  0.55   0.10   0.65 ,PER-20-N-00112,,판정 불가,, => ,,old_only,,False,unresolved_different_or_unmatched_no_forced_link,GLOBAL_ARITHMETIC_RATE_WITHHELD,pending
PER-20,runs/raw_logs/Perplexity_RAG/20. Strategic Analysis for Cuban Missile Crisis (Based.pdf,4,1,Combination 2,,Leadership_Unity,leadership_unity: +0.55 (-0.10 + 0.65),,PDFIUM-PER-20-N-00007,,준수,,0.55 => 0.55,candidate_only,,False,unresolved_different_or_unmatched_no_forced_link,GLOBAL_ARITHMETIC_RATE_WITHHELD,pending
PER-20,runs/raw_logs/Perplexity_RAG/20. Strategic Analysis for Cuban Missile Crisis (Based.pdf,4,1,Combination 2,,Public_Opinion,public_opinion:  0.05,PER-20-N-00110,,판정 불가,, => ,,old_only,,False,unresolved_different_or_unmatched_no_forced_link,GLOBAL_ARITHMETIC_RATE_WITHHELD,pending
PER-20,runs/raw_logs/Perplexity_RAG/20. Strategic Analysis for Cuban Missile Crisis (Based.pdf,4,1,Combination 2,,Tension,tension:  0.6  0.15   0.45 ,PER-20-N-00106,,판정 불가,, => ,,old_only,,False,unresolved_different_or_unmatched_no_forced_link,GLOBAL_ARITHMETIC_RATE_WITHHELD,pending
PER-20,runs/raw_logs/Perplexity_RAG/20. Strategic Analysis for Cuban Missile Crisis (Based.pdf,4,1,Combination 2,,Tension,tension: +0.6 (0.15 + 0.45),,PDFIUM-PER-20-N-00006,,준수,,0.6 => 0.6,candidate_only,,False,unresolved_different_or_unmatched_no_forced_link,GLOBAL_ARITHMETIC_RATE_WITHHELD,pending
PER-20,runs/raw_logs/Perplexity_RAG/20. Strategic Analysis for Cuban Missile Crisis (Based.pdf,5,1,Combination 3,,Diplomatic_Support,diplomatic_support:  0.20,PER-20-N-00116,,판정 불가,, => ,,old_only,,False,unresolved_different_or_unmatched_no_forced_link,GLOBAL_ARITHMETIC_RATE_WITHHELD,pending
PER-20,runs/raw_logs/Perplexity_RAG/20. Strategic Analysis for Cuban Missile Crisis (Based.pdf,5,1,Combination 3,,Leadership_Unity,leadership_unity:  0.10,PER-20-N-00120,,판정 불가,, => ,,old_only,,False,unresolved_different_or_unmatched_no_forced_link,GLOBAL_ARITHMETIC_RATE_WITHHELD,pending
PER-20,runs/raw_logs/Perplexity_RAG/20. Strategic Analysis for Cuban Missile Crisis (Based.pdf,5,1,Combination 3,,Public_Opinion,public_opinion:  0.10,PER-20-N-00118,,판정 불가,, => ,,old_only,,False,unresolved_different_or_unmatched_no_forced_link,GLOBAL_ARITHMETIC_RATE_WITHHELD,pending
PER-20,runs/raw_logs/Perplexity_RAG/20. Strategic Analysis for Cuban Missile Crisis (Based.pdf,5,1,Combination 3,,Tension,tension:  0.10,PER-20-N-00114,,판정 불가,, => ,,old_only,,False,unresolved_different_or_unmatched_no_forced_link,GLOBAL_ARITHMETIC_RATE_WITHHELD,pending
PER-21,runs/raw_logs/Perplexity_RAG/21. Strategic Decision Model for Cuba Missile Crisis D.pdf,16,1,s,,Leadership_Unity,Leadership_Unity:  0.10 → clamped at 0.0,PER-21-N-00159,,판정 불가,, => ,,old_only,,False,unresolved_different_or_unmatched_no_forced_link,GLOBAL_ARITHMETIC_RATE_WITHHELD,pending
PER-21,runs/raw_logs/Perplexity_RAG/21. Strategic Decision Model for Cuba Missile Crisis D.pdf,21,1,Event Impact: Same adjustments as Scenario 1,,Tension,Brinkmanship Path: Remains at maximum tension  1.00) but avoided immediate nuclear,PER-21-N-00161,,판정 불가,, => ,,old_only,,False,unresolved_different_or_unmatched_no_forced_link,GLOBAL_ARITHMETIC_RATE_WITHHELD,pending
PER-21,runs/raw_logs/Perplexity_RAG/21. Strategic Decision Model for Cuba Missile Crisis D.pdf,21,1,Event Impact: Same adjustments as Scenario 1,,Tension,Diplomatic Path: Achieved sustainable de-escalation  Tension 0.45) via reciprocal,PER-21-N-00117,,판정 불가,,0.45 => ,,old_only,,False,unresolved_different_or_unmatched_no_forced_link,GLOBAL_ARITHMETIC_RATE_WITHHELD,pending
PER-21,runs/raw_logs/Perplexity_RAG/21. Strategic Decision Model for Cuba Missile Crisis D.pdf,21,1,Event Impact: Same adjustments as Scenario 1,,Tension,Hardline Path: Guaranteed nuclear conflict  Tension 1.00 + triggers).,PER-21-N-00118,,판정 불가,,1.00 => ,,old_only,,False,unresolved_different_or_unmatched_no_forced_link,GLOBAL_ARITHMETIC_RATE_WITHHELD,pending
PER-21,runs/raw_logs/Perplexity_RAG/21. Strategic Decision Model for Cuba Missile Crisis D.pdf,3,1, ,,Diplomatic_Support,diplomatic_support: 0.56  Initial: 0.60 ,PER-21-N-00002,,판정 불가,,0.56 => ,,old_only,,False,unresolved_different_or_unmatched_no_forced_link,GLOBAL_ARITHMETIC_RATE_WITHHELD,pending
PER-21,runs/raw_logs/Perplexity_RAG/21. Strategic Decision Model for Cuba Missile Crisis D.pdf,3,1, ,,Public_Opinion,public_opinion: 0.56  Initial: 0.60 ,PER-21-N-00003,,판정 불가,,0.56 => ,,old_only,,False,unresolved_different_or_unmatched_no_forced_link,GLOBAL_ARITHMETIC_RATE_WITHHELD,pending
PER-21,runs/raw_logs/Perplexity_RAG/21. Strategic Decision Model for Cuba Missile Crisis D.pdf,3,1, ,,Tension,tension: 0.60  Initial: 0.50 ,PER-21-N-00001,,판정 불가,,0.60 => ,,old_only,,False,unresolved_different_or_unmatched_no_forced_link,GLOBAL_ARITHMETIC_RATE_WITHHELD,pending
PER-21,runs/raw_logs/Perplexity_RAG/21. Strategic Decision Model for Cuba Missile Crisis D.pdf,3,1,Combination 1,,Diplomatic_Support,diplomatic_support:  0.04  U.S. Defense_Prep:  0.02; USSR Defense_Prep:  0.02   4 ,PER-21-N-00121,,판정 불가,, => ,,old_only,,False,unresolved_different_or_unmatched_no_forced_link,GLOBAL_ARITHMETIC_RATE_WITHHELD,pending
PER-21,runs/raw_logs/Perplexity_RAG/21. Strategic Decision Model for Cuba Missile Crisis D.pdf,3,1,Combination 1,,Leadership_Unity,leadership_unity:  0.10  U.S. Defense_Prep:  0.05; USSR Defense_Prep:  0.05   4 ,PER-21-N-00125,,판정 불가,, => ,,old_only,,False,unresolved_different_or_unmatched_no_forced_link,GLOBAL_ARITHMETIC_RATE_WITHHELD,pending
PER-21,runs/raw_logs/Perplexity_RAG/21. Strategic Decision Model for Cuba Missile Crisis D.pdf,3,1,Combination 1,,Public_Opinion,public_opinion:  0.04  U.S. Defense_Prep:  0.02; USSR Defense_Prep:  0.02   4 ,PER-21-N-00123,,판정 불가,, => ,,old_only,,False,unresolved_different_or_unmatched_no_forced_link,GLOBAL_ARITHMETIC_RATE_WITHHELD,pending
PER-21,runs/raw_logs/Perplexity_RAG/21. Strategic Decision Model for Cuba Missile Crisis D.pdf,3,1,Combination 1,,Tension,tension:  0.10  U.S. Defense_Prep:  0.05; USSR Defense_Prep:  0.05   4 ,PER-21-N-00119,,판정 불가,, => ,,old_only,,False,unresolved_different_or_unmatched_no_forced_link,GLOBAL_ARITHMETIC_RATE_WITHHELD,pending
PER-21,runs/raw_logs/Perplexity_RAG/21. Strategic Decision Model for Cuba Missile Crisis D.pdf,4,1, ,,Diplomatic_Support,diplomatic_support: 0.53  Initial: 0.60 ,PER-21-N-00006,,판정 불가,,0.53 => ,,old_only,,False,unresolved_different_or_unmatched_no_forced_link,GLOBAL_ARITHMETIC_RATE_WITHHELD,pending
PER-21,runs/raw_logs/Perplexity_RAG/21. Strategic Decision Model for Cuba Missile Crisis D.pdf,4,1, ,,Leadership_Unity,leadership_unity: 0.55  Initial: 0.70 ,PER-21-N-00008,,판정 불가,,0.55 => ,,old_only,,False,unresolved_different_or_unmatched_no_forced_link,GLOBAL_ARITHMETIC_RATE_WITHHELD,pending
PER-21,runs/raw_logs/Perplexity_RAG/21. Strategic Decision Model for Cuba Missile Crisis D.pdf,4,1, ,,Leadership_Unity,leadership_unity: 0.60  Initial: 0.70 ,PER-21-N-00004,,판정 불가,,0.60 => ,,old_only,,False,unresolved_different_or_unmatched_no_forced_link,GLOBAL_ARITHMETIC_RATE_WITHHELD,pending
PER-21,runs/raw_logs/Perplexity_RAG/21. Strategic Decision Model for Cuba Missile Crisis D.pdf,4,1, ,,Public_Opinion,public_opinion: 0.53  Initial: 0.60 ,PER-21-N-00007,,판정 불가,,0.53 => ,,old_only,,False,unresolved_different_or_unmatched_no_forced_link,GLOBAL_ARITHMETIC_RATE_WITHHELD,pending
PER-21,runs/raw_logs/Perplexity_RAG/21. Strategic Decision Model for Cuba Missile Crisis D.pdf,4,1, ,,Tension,tension: 0.70  Initial: 0.50 ,PER-21-N-00005,,판정 불가,,0.70 => ,,old_only,,False,unresolved_different_or_unmatched_no_forced_link,GLOBAL_ARITHMETIC_RATE_WITHHELD,pending
PER-21,runs/raw_logs/Perplexity_RAG/21. Strategic Decision Model for Cuba Missile Crisis D.pdf,4,1,Combination 2,,Diplomatic_Support,diplomatic_support:  0.07  U.S. Strike:  0.05; USSR Defense_Prep:  0.02   4 ,PER-21-N-00129,,판정 불가,, => ,,old_only,,False,unresolved_different_or_unmatched_no_forced_link,GLOBAL_ARITHMETIC_RATE_WITHHELD,pending
PER-21,runs/raw_logs/Perplexity_RAG/21. Strategic Decision Model for Cuba Missile Crisis D.pdf,4,1,Combination 2,,Leadership_Unity,leadership_unity:  0.15  U.S. Strike:  0.10; USSR Defense_Prep:  0.05   4 ,PER-21-N-00133,,판정 불가,, => ,,old_only,,False,unresolved_different_or_unmatched_no_forced_link,GLOBAL_ARITHMETIC_RATE_WITHHELD,pending
PER-21,runs/raw_logs/Perplexity_RAG/21. Strategic Decision Model for Cuba Missile Crisis D.pdf,4,1,Combination 2,,Public_Opinion,public_opinion:  0.07  U.S. Strike:  0.05; USSR Defense_Prep:  0.02   4 ,PER-21-N-00131,,판정 불가,, => ,,old_only,,False,unresolved_different_or_unmatched_no_forced_link,GLOBAL_ARITHMETIC_RATE_WITHHELD,pending
PER-21,runs/raw_logs/Perplexity_RAG/21. Strategic Decision Model for Cuba Missile Crisis D.pdf,4,1,Combination 2,,Tension,tension:  0.20  U.S. Strike:  0.15; USSR Defense_Prep:  0.05   4 ,PER-21-N-00127,,판정 불가,, => ,,old_only,,False,unresolved_different_or_unmatched_no_forced_link,GLOBAL_ARITHMETIC_RATE_WITHHELD,pending
PER-21,runs/raw_logs/Perplexity_RAG/21. Strategic Decision Model for Cuba Missile Crisis D.pdf,4,1,Combination 3,,Diplomatic_Support,diplomatic_support:  0.20  U.S. Diplomatic_Success:  0.10; USSR Diplomatic_Success:,PER-21-N-00137,,판정 불가,, => ,,old_only,,False,unresolved_different_or_unmatched_no_forced_link,GLOBAL_ARITHMETIC_RATE_WITHHELD,pending
PER-21,runs/raw_logs/Perplexity_RAG/21. Strategic Decision Model for Cuba Missile Crisis D.pdf,4,1,Combination 3,,Leadership_Unity,leadership_unity:  0.10  U.S. Diplomatic_Success:  0.05; USSR Diplomatic_Success:,PER-21-N-00141,,판정 불가,, => ,,old_only,,False,unresolved_different_or_unmatched_no_forced_link,GLOBAL_ARITHMETIC_RATE_WITHHELD,pending
PER-21,runs/raw_logs/Perplexity_RAG/21. Strategic Decision Model for Cuba Missile Crisis D.pdf,4,1,Combination 3,,Public_Opinion,public_opinion:  0.10  U.S. Diplomatic_Success:  0.05; USSR Diplomatic_Success:  0.05 ,PER-21-N-00139,,판정 불가,, => ,,old_only,,False,unresolved_different_or_unmatched_no_forced_link,GLOBAL_ARITHMETIC_RATE_WITHHELD,pending
PER-21,runs/raw_logs/Perplexity_RAG/21. Strategic Decision Model for Cuba Missile Crisis D.pdf,4,1,Combination 3,,Tension,tension:  0.10  U.S. Diplomatic_Success:  0.05; USSR Diplomatic_Success:  0.05   4 ,PER-21-N-00135,,판정 불가,, => ,,old_only,,False,unresolved_different_or_unmatched_no_forced_link,GLOBAL_ARITHMETIC_RATE_WITHHELD,pending
PER-21,runs/raw_logs/Perplexity_RAG/21. Strategic Decision Model for Cuba Missile Crisis D.pdf,5,1, ,,Diplomatic_Support," Initial baseline variables: tension=0.50, diplomatic_support=0.60, public_opinion=0.60,",PER-21-N-00014,,판정 불가,,0.60 => ,,old_only,,False,unresolved_different_or_unmatched_no_forced_link,GLOBAL_ARITHMETIC_RATE_WITHHELD,pending
PER-21,runs/raw_logs/Perplexity_RAG/21. Strategic Decision Model for Cuba Missile Crisis D.pdf,5,1, ,,Diplomatic_Support,diplomatic_support: 0.80  Initial: 0.60 ,PER-21-N-00010,,판정 불가,,0.80 => ,,old_only,,False,unresolved_different_or_unmatched_no_forced_link,GLOBAL_ARITHMETIC_RATE_WITHHELD,pending
PER-21,runs/raw_logs/Perplexity_RAG/21. Strategic Decision Model for Cuba Missile Crisis D.pdf,5,1, ,,Leadership_Unity,leadership_unity: 0.80  Initial: 0.70 ,PER-21-N-00012,,판정 불가,,0.80 => ,,old_only,,False,unresolved_different_or_unmatched_no_forced_link,GLOBAL_ARITHMETIC_RATE_WITHHELD,pending
PER-21,runs/raw_logs/Perplexity_RAG/21. Strategic Decision Model for Cuba Missile Crisis D.pdf,5,1, ,,Leadership_Unity,leadership_unity=0.70  4 ,PER-21-N-00016,,판정 불가,,0.70 => ,,old_only,,False,unresolved_different_or_unmatched_no_forced_link,GLOBAL_ARITHMETIC_RATE_WITHHELD,pending
PER-21,runs/raw_logs/Perplexity_RAG/21. Strategic Decision Model for Cuba Missile Crisis D.pdf,5,1, ,,Public_Opinion," Initial baseline variables: tension=0.50, diplomatic_support=0.60, public_opinion=0.60,",PER-21-N-00015,,판정 불가,,0.60 => ,,old_only,,False,unresolved_different_or_unmatched_no_forced_link,GLOBAL_ARITHMETIC_RATE_WITHHELD,pending
PER-21,runs/raw_logs/Perplexity_RAG/21. Strategic Decision Model for Cuba Missile Crisis D.pdf,5,1, ,,Public_Opinion,public_opinion: 0.70  Initial: 0.60 ,PER-21-N-00011,,판정 불가,,0.70 => ,,old_only,,False,unresolved_different_or_unmatched_no_forced_link,GLOBAL_ARITHMETIC_RATE_WITHHELD,pending
PER-21,runs/raw_logs/Perplexity_RAG/21. Strategic Decision Model for Cuba Missile Crisis D.pdf,5,1, ,,Tension," Initial baseline variables: tension=0.50, diplomatic_support=0.60, public_opinion=0.60,",PER-21-N-00013,,판정 불가,,0.50 => ,,old_only,,False,unresolved_different_or_unmatched_no_forced_link,GLOBAL_ARITHMETIC_RATE_WITHHELD,pending
PER-21,runs/raw_logs/Perplexity_RAG/21. Strategic Decision Model for Cuba Missile Crisis D.pdf,5,1, ,,Tension,tension: 0.40  Initial: 0.50 ,PER-21-N-00009,,판정 불가,,0.40 => ,,old_only,,False,unresolved_different_or_unmatched_no_forced_link,GLOBAL_ARITHMETIC_RATE_WITHHELD,pending
PER-21,runs/raw_logs/Perplexity_RAG/21. Strategic Decision Model for Cuba Missile Crisis D.pdf,7,1,s,,Diplomatic_Support,"Diplomatic_Support:  0.04  U.S.  0.02, USSR  0.02 ",PER-21-N-00145,,판정 불가,, => ,,old_only,,False,unresolved_different_or_unmatched_no_forced_link,GLOBAL_ARITHMETIC_RATE_WITHHELD,pending
PER-21,runs/raw_logs/Perplexity_RAG/21. Strategic Decision Model for Cuba Missile Crisis D.pdf,7,1,s,,Diplomatic_Support,"Diplomatic_Support:  0.08  USSR  0.10, U.S.  0.02 ",PER-21-N-00153,,판정 불가,, => ,,old_only,,False,unresolved_different_or_unmatched_no_forced_link,GLOBAL_ARITHMETIC_RATE_WITHHELD,pending
PER-21,runs/raw_logs/Perplexity_RAG/21. Strategic Decision Model for Cuba Missile Crisis D.pdf,7,1,s,,Leadership_Unity,Leadership_Unity:  0.00 (offsetting effects),PER-21-N-00157,,판정 불가,, => ,,old_only,,False,unresolved_different_or_unmatched_no_forced_link,GLOBAL_ARITHMETIC_RATE_WITHHELD,pending
PER-21,runs/raw_logs/Perplexity_RAG/21. Strategic Decision Model for Cuba Missile Crisis D.pdf,7,1,s,,Leadership_Unity,"Leadership_Unity:  0.10  U.S.  0.05, USSR  0.05 ",PER-21-N-00149,,판정 불가,, => ,,old_only,,False,unresolved_different_or_unmatched_no_forced_link,GLOBAL_ARITHMETIC_RATE_WITHHELD,pending
PER-21,runs/raw_logs/Perplexity_RAG/21. Strategic Decision Model for Cuba Missile Crisis D.pdf,7,1,s,,Public_Opinion,"Public_Opinion:  0.03  USSR  0.05, U.S.  0.02 ",PER-21-N-00155,,판정 불가,, => ,,old_only,,False,unresolved_different_or_unmatched_no_forced_link,GLOBAL_ARITHMETIC_RATE_WITHHELD,pending
PER-21,runs/raw_logs/Perplexity_RAG/21. Strategic Decision Model for Cuba Missile Crisis D.pdf,7,1,s,,Public_Opinion,"Public_Opinion:  0.04  U.S.  0.02, USSR  0.02 ",PER-21-N-00147,,판정 불가,, => ,,old_only,,False,unresolved_different_or_unmatched_no_forced_link,GLOBAL_ARITHMETIC_RATE_WITHHELD,pending
PER-21,runs/raw_logs/Perplexity_RAG/21. Strategic Decision Model for Cuba Missile Crisis D.pdf,7,1,s,,Tension,Tension:  0.05  USSR action outweighs U.S.),PER-21-N-00151,,판정 불가,, => ,,old_only,,False,unresolved_different_or_unmatched_no_forced_link,GLOBAL_ARITHMETIC_RATE_WITHHELD,pending
PER-21,runs/raw_logs/Perplexity_RAG/21. Strategic Decision Model for Cuba Missile Crisis D.pdf,7,1,s,,Tension,"Tension:  0.10  U.S.  0.05, USSR  0.05 ",PER-21-N-00143,,판정 불가,, => ,,old_only,,False,unresolved_different_or_unmatched_no_forced_link,GLOBAL_ARITHMETIC_RATE_WITHHELD,pending
PER-22,runs/raw_logs/Perplexity_RAG/22. You are a tool for modeling strategic decisions. A.pdf,11,1,Combination 3,,Tension,Tension = 1.0 (Scenarios 1-2): Military actions dominate; diplomacy disabled per Decision,,PDFIUM-PER-22-N-00026,,위반,,1 => 0,candidate_only,,False,unresolved_different_or_unmatched_no_forced_link,GLOBAL_ARITHMETIC_RATE_WITHHELD,pending
PER-22,runs/raw_logs/Perplexity_RAG/22. You are a tool for modeling strategic decisions. A.pdf,14,1,Combination 3,,Public_Opinion,Public_Opinion=0.41 (Paths 1-2): Nearing 0.4 threshold; unrest risk constrains prolonged,,PDFIUM-PER-22-N-00028,,위반,,0.41 => 0,candidate_only,,False,unresolved_different_or_unmatched_no_forced_link,GLOBAL_ARITHMETIC_RATE_WITHHELD,pending
PER-22,runs/raw_logs/Perplexity_RAG/22. You are a tool for modeling strategic decisions. A.pdf,14,1,Combination 3,,Tension,Tension=1.0 (Paths 1-2): Disables diplomacy per [Matrix.json] ; military actions,,PDFIUM-PER-22-N-00027,,위반,,1 => 0,candidate_only,,False,unresolved_different_or_unmatched_no_forced_link,GLOBAL_ARITHMETIC_RATE_WITHHELD,pending
PER-22,runs/raw_logs/Perplexity_RAG/22. You are a tool for modeling strategic decisions. A.pdf,4,1,Combination 1,Soviet Union,Leadership_Unity,leadership_unity: 1.0  0.5   0.8 → clamped),PER-22-N-00007,,판정 불가,,1.0 => ,,old_only,,False,unresolved_different_or_unmatched_no_forced_link,GLOBAL_ARITHMETIC_RATE_WITHHELD,pending
PER-22,runs/raw_logs/Perplexity_RAG/22. You are a tool for modeling strategic decisions. A.pdf,4,1,Combination 1,Soviet Union,Leadership_Unity,leadership_unity: 1.0 (0.5 + 0.8 → clamped),,PDFIUM-PER-22-N-00007,,준수,,1 => 1,candidate_only,,False,unresolved_different_or_unmatched_no_forced_link,GLOBAL_ARITHMETIC_RATE_WITHHELD,pending
PER-23,runs/raw_logs/Perplexity_RAG/23. Strategic Decision Analysis_ Cuban Missile Crisis.pdf,10,3,After U-2 Shootdown:,,Diplomatic_Support,Diplomatic_Support: 0.0 - 0.05 → 0.0 (clamped),,PDFIUM-PER-23-N-00064,,판정 불가,,0.0 - 0.05 → 0.0 (clamped) => ,candidate_only,,False,unresolved_different_or_unmatched_no_forced_link,GLOBAL_ARITHMETIC_RATE_WITHHELD,pending
PER-23,runs/raw_logs/Perplexity_RAG/23. Strategic Decision Analysis_ Cuban Missile Crisis.pdf,10,3,After U-2 Shootdown:,,Leadership_Unity,Leadership_Unity: 0.55 - 0.10 = 0.45,,PDFIUM-PER-23-N-00066,,준수,,0.45 => 0.45,candidate_only,,False,unresolved_different_or_unmatched_no_forced_link,GLOBAL_ARITHMETIC_RATE_WITHHELD,pending
PER-23,runs/raw_logs/Perplexity_RAG/23. Strategic Decision Analysis_ Cuban Missile Crisis.pdf,10,3,After U-2 Shootdown:,,Public_Opinion,Public_Opinion: 0.03 - 0.05 → 0.0 (clamped),,PDFIUM-PER-23-N-00065,,판정 불가,,0.03 - 0.05 → 0.0 (clamped) => ,candidate_only,,False,unresolved_different_or_unmatched_no_forced_link,GLOBAL_ARITHMETIC_RATE_WITHHELD,pending
PER-23,runs/raw_logs/Perplexity_RAG/23. Strategic Decision Analysis_ Cuban Missile Crisis.pdf,10,3,After U-2 Shootdown:,,Tension,Tension: 0.55 + 0.15 = 0.70,,PDFIUM-PER-23-N-00063,,준수,,0.7 => 0.7,candidate_only,,False,unresolved_different_or_unmatched_no_forced_link,GLOBAL_ARITHMETIC_RATE_WITHHELD,pending
PER-23,runs/raw_logs/Perplexity_RAG/23. Strategic Decision Analysis_ Cuban Missile Crisis.pdf,12,3,After U-2 Shootdown:,,Diplomatic_Support,Diplomatic_Support: 0.18 - 0.05 = 0.13,,PDFIUM-PER-23-N-00070,,준수,,0.13 => 0.13,candidate_only,,False,unresolved_different_or_unmatched_no_forced_link,GLOBAL_ARITHMETIC_RATE_WITHHELD,pending
PER-23,runs/raw_logs/Perplexity_RAG/23. Strategic Decision Analysis_ Cuban Missile Crisis.pdf,12,3,After U-2 Shootdown:,,Leadership_Unity,Leadership_Unity: 0.50 - 0.10 = 0.40,,PDFIUM-PER-23-N-00068,,준수,,0.4 => 0.4,candidate_only,,False,unresolved_different_or_unmatched_no_forced_link,GLOBAL_ARITHMETIC_RATE_WITHHELD,pending
PER-23,runs/raw_logs/Perplexity_RAG/23. Strategic Decision Analysis_ Cuban Missile Crisis.pdf,12,3,After U-2 Shootdown:,,Public_Opinion,Public_Opinion: 0.53 - 0.05 = 0.48,,PDFIUM-PER-23-N-00071,,준수,,0.48 => 0.48,candidate_only,,False,unresolved_different_or_unmatched_no_forced_link,GLOBAL_ARITHMETIC_RATE_WITHHELD,pending
PER-23,runs/raw_logs/Perplexity_RAG/23. Strategic Decision Analysis_ Cuban Missile Crisis.pdf,12,3,After U-2 Shootdown:,,Tension,Tension: 0.05 + 0.15 = 0.20,,PDFIUM-PER-23-N-00069,,준수,,0.2 => 0.2,candidate_only,,False,unresolved_different_or_unmatched_no_forced_link,GLOBAL_ARITHMETIC_RATE_WITHHELD,pending
PER-23,runs/raw_logs/Perplexity_RAG/23. Strategic Decision Analysis_ Cuban Missile Crisis.pdf,12,3,After U-2 Shootdown:,,Tension,Tension: 0.65 + 0.15 = 0.80,,PDFIUM-PER-23-N-00067,,준수,,0.8 => 0.8,candidate_only,,False,unresolved_different_or_unmatched_no_forced_link,GLOBAL_ARITHMETIC_RATE_WITHHELD,pending
PER-23,runs/raw_logs/Perplexity_RAG/23. Strategic Decision Analysis_ Cuban Missile Crisis.pdf,13,3,After Event:,,Diplomatic_Support,Diplomatic_Support: -0.07 (-0.05 - 0.02) → 0.0 (clamped),,PDFIUM-PER-23-N-00073,,위반,,-0.07 => 0,candidate_only,,False,unresolved_different_or_unmatched_no_forced_link,GLOBAL_ARITHMETIC_RATE_WITHHELD,pending
PER-23,runs/raw_logs/Perplexity_RAG/23. Strategic Decision Analysis_ Cuban Missile Crisis.pdf,13,3,After Event:,,Leadership_Unity,Leadership_Unity: -0.15 (-0.10 - 0.05) = 0.30,,PDFIUM-PER-23-N-00075,,준수,,-0.15 => -0.15,candidate_only,,False,unresolved_different_or_unmatched_no_forced_link,GLOBAL_ARITHMETIC_RATE_WITHHELD,pending
PER-23,runs/raw_logs/Perplexity_RAG/23. Strategic Decision Analysis_ Cuban Missile Crisis.pdf,13,3,After Event:,,Public_Opinion,Public_Opinion: -0.07 (-0.05 - 0.02) → 0.0 (clamped),,PDFIUM-PER-23-N-00074,,위반,,-0.07 => 0,candidate_only,,False,unresolved_different_or_unmatched_no_forced_link,GLOBAL_ARITHMETIC_RATE_WITHHELD,pending
PER-23,runs/raw_logs/Perplexity_RAG/23. Strategic Decision Analysis_ Cuban Missile Crisis.pdf,13,3,After Event:,,Tension,Tension: +0.20 (0.15 + 0.05),,PDFIUM-PER-23-N-00072,,준수,,0.2 => 0.2,candidate_only,,False,unresolved_different_or_unmatched_no_forced_link,GLOBAL_ARITHMETIC_RATE_WITHHELD,pending
PER-23,runs/raw_logs/Perplexity_RAG/23. Strategic Decision Analysis_ Cuban Missile Crisis.pdf,3,1,미지정,,Diplomatic_Support,Diplomatic_Support0.0 → 0.5 0.8 ↑ with negotiation → ↓ with unilateralism .,PER-23-N-00002,,판정 불가,,0.0 => ,,old_only,,False,unresolved_different_or_unmatched_no_forced_link,GLOBAL_ARITHMETIC_RATE_WITHHELD,pending
PER-23,runs/raw_logs/Perplexity_RAG/23. Strategic Decision Analysis_ Cuban Missile Crisis.pdf,3,1,미지정,,Public_Opinion,Public_Opinion 0.0 → 0.4 0.6 ↑ via leadership coherence; ↓ with visible risk .,PER-23-N-00003,,판정 불가,,0.0 => ,,old_only,,False,unresolved_different_or_unmatched_no_forced_link,GLOBAL_ARITHMETIC_RATE_WITHHELD,pending
PER-23,runs/raw_logs/Perplexity_RAG/23. Strategic Decision Analysis_ Cuban Missile Crisis.pdf,3,1,미지정,,Tension,Tension 0.0 → 0.05 0.15 ↑ via military action or covert exposure .,PER-23-N-00001,,판정 불가,,0.0 => ,,old_only,,False,unresolved_different_or_unmatched_no_forced_link,GLOBAL_ARITHMETIC_RATE_WITHHELD,pending
PER-23,runs/raw_logs/Perplexity_RAG/23. Strategic Decision Analysis_ Cuban Missile Crisis.pdf,4,1,미지정,,Diplomatic_Support,diplomatic_support:  0.02 (clamped to 0.0 ,PER-23-N-00081,,판정 불가,, => ,,old_only,,False,unresolved_different_or_unmatched_no_forced_link,GLOBAL_ARITHMETIC_RATE_WITHHELD,pending
PER-23,runs/raw_logs/Perplexity_RAG/23. Strategic Decision Analysis_ Cuban Missile Crisis.pdf,4,1,미지정,Soviet Union,Leadership_Unity,leadership_unity:  0.65 (military_alert effect 4 ),PER-23-N-00079,,판정 불가,, => ,,old_only,,False,unresolved_different_or_unmatched_no_forced_link,GLOBAL_ARITHMETIC_RATE_WITHHELD,pending
PER-23,runs/raw_logs/Perplexity_RAG/23. Strategic Decision Analysis_ Cuban Missile Crisis.pdf,4,1,미지정,Soviet Union,Tension,tension:  0.45 (covert_detection effect 4 ),PER-23-N-00077,,판정 불가,, => ,,old_only,,False,unresolved_different_or_unmatched_no_forced_link,GLOBAL_ARITHMETIC_RATE_WITHHELD,pending
PER-23,runs/raw_logs/Perplexity_RAG/23. Strategic Decision Analysis_ Cuban Missile Crisis.pdf,4,1,미지정,United States,Diplomatic_Support,diplomatic_support:  0.02  Defense_Prep event 6 ),PER-23-N-00071,,판정 불가,, => ,,old_only,,False,unresolved_different_or_unmatched_no_forced_link,GLOBAL_ARITHMETIC_RATE_WITHHELD,pending
PER-23,runs/raw_logs/Perplexity_RAG/23. Strategic Decision Analysis_ Cuban Missile Crisis.pdf,4,1,미지정,United States,Diplomatic_Support,diplomatic_support:  0.05  Strike event 6 ),PER-23-N-00085,,판정 불가,, => ,,old_only,,False,unresolved_different_or_unmatched_no_forced_link,GLOBAL_ARITHMETIC_RATE_WITHHELD,pending
PER-23,runs/raw_logs/Perplexity_RAG/23. Strategic Decision Analysis_ Cuban Missile Crisis.pdf,4,1,미지정,United States,Leadership_Unity,leadership_unity:  0.05  Defense_Prep event 6 ),PER-23-N-00075,,판정 불가,, => ,,old_only,,False,unresolved_different_or_unmatched_no_forced_link,GLOBAL_ARITHMETIC_RATE_WITHHELD,pending
PER-23,runs/raw_logs/Perplexity_RAG/23. Strategic Decision Analysis_ Cuban Missile Crisis.pdf,4,1,미지정,United States,Public_Opinion,public_opinion:  0.05  Strike event 6 ),PER-23-N-00087,,판정 불가,, => ,,old_only,,False,unresolved_different_or_unmatched_no_forced_link,GLOBAL_ARITHMETIC_RATE_WITHHELD,pending
PER-23,runs/raw_logs/Perplexity_RAG/23. Strategic Decision Analysis_ Cuban Missile Crisis.pdf,4,1,미지정,United States,Public_Opinion,public_opinion:  0.05 (public_appeal effect 4 ),PER-23-N-00073,,판정 불가,, => ,,old_only,,False,unresolved_different_or_unmatched_no_forced_link,GLOBAL_ARITHMETIC_RATE_WITHHELD,pending
PER-23,runs/raw_logs/Perplexity_RAG/23. Strategic Decision Analysis_ Cuban Missile Crisis.pdf,4,1,미지정,United States,Tension,tension:  0.05  Defense_Prep event 6 ),PER-23-N-00069,,판정 불가,, => ,,old_only,,False,unresolved_different_or_unmatched_no_forced_link,GLOBAL_ARITHMETIC_RATE_WITHHELD,pending
PER-23,runs/raw_logs/Perplexity_RAG/23. Strategic Decision Analysis_ Cuban Missile Crisis.pdf,4,1,미지정,United States,Tension,tension:  0.15  Strike event 6 ),PER-23-N-00083,,판정 불가,, => ,,old_only,,False,unresolved_different_or_unmatched_no_forced_link,GLOBAL_ARITHMETIC_RATE_WITHHELD,pending
PER-23,runs/raw_logs/Perplexity_RAG/23. Strategic Decision Analysis_ Cuban Missile Crisis.pdf,5,1,미지정,,Diplomatic_Support,diplomatic_support:  0.05 (clamped to 0.0 ,PER-23-N-00095,,판정 불가,, => ,,old_only,,False,unresolved_different_or_unmatched_no_forced_link,GLOBAL_ARITHMETIC_RATE_WITHHELD,pending
PER-23,runs/raw_logs/Perplexity_RAG/23. Strategic Decision Analysis_ Cuban Missile Crisis.pdf,5,1,미지정,,Public_Opinion,public_opinion:  0.05 (clamped to 0.0 ,PER-23-N-00097,,판정 불가,, => ,,old_only,,False,unresolved_different_or_unmatched_no_forced_link,GLOBAL_ARITHMETIC_RATE_WITHHELD,pending
PER-23,runs/raw_logs/Perplexity_RAG/23. Strategic Decision Analysis_ Cuban Missile Crisis.pdf,5,1,미지정,Soviet Union,Diplomatic_Support,diplomatic_support:  0.10  Diplomatic_Success event 6 ),PER-23-N-00105,,판정 불가,, => ,,old_only,,False,unresolved_different_or_unmatched_no_forced_link,GLOBAL_ARITHMETIC_RATE_WITHHELD,pending
PER-23,runs/raw_logs/Perplexity_RAG/23. Strategic Decision Analysis_ Cuban Missile Crisis.pdf,5,1,미지정,Soviet Union,Leadership_Unity,leadership_unity:  0.65 (military_alert effect 4 ),PER-23-N-00093,,판정 불가,, => ,,old_only,,False,unresolved_different_or_unmatched_no_forced_link,GLOBAL_ARITHMETIC_RATE_WITHHELD,pending
PER-23,runs/raw_logs/Perplexity_RAG/23. Strategic Decision Analysis_ Cuban Missile Crisis.pdf,5,1,미지정,Soviet Union,Tension,tension:  0.05  Diplomatic_Success event 6 ),PER-23-N-00103,,판정 불가,, => ,,old_only,,False,unresolved_different_or_unmatched_no_forced_link,GLOBAL_ARITHMETIC_RATE_WITHHELD,pending
PER-23,runs/raw_logs/Perplexity_RAG/23. Strategic Decision Analysis_ Cuban Missile Crisis.pdf,5,1,미지정,Soviet Union,Tension,tension:  0.45 (military_alert effect 4 ),PER-23-N-00091,,판정 불가,, => ,,old_only,,False,unresolved_different_or_unmatched_no_forced_link,GLOBAL_ARITHMETIC_RATE_WITHHELD,pending
PER-23,runs/raw_logs/Perplexity_RAG/23. Strategic Decision Analysis_ Cuban Missile Crisis.pdf,5,1,미지정,United States,Diplomatic_Support,diplomatic_support:  0.10  Diplomatic_Success event 6 ),PER-23-N-00101,,판정 불가,, => ,,old_only,,False,unresolved_different_or_unmatched_no_forced_link,GLOBAL_ARITHMETIC_RATE_WITHHELD,pending
PER-23,runs/raw_logs/Perplexity_RAG/23. Strategic Decision Analysis_ Cuban Missile Crisis.pdf,5,1,미지정,United States,Leadership_Unity,leadership_unity:  0.10  Strike event 6 ),PER-23-N-00089,,판정 불가,, => ,,old_only,,False,unresolved_different_or_unmatched_no_forced_link,GLOBAL_ARITHMETIC_RATE_WITHHELD,pending
PER-23,runs/raw_logs/Perplexity_RAG/23. Strategic Decision Analysis_ Cuban Missile Crisis.pdf,5,1,미지정,United States,Public_Opinion,public_opinion:  0.55 (public_appeal effect 4 ),PER-23-N-00099,,판정 불가,, => ,,old_only,,False,unresolved_different_or_unmatched_no_forced_link,GLOBAL_ARITHMETIC_RATE_WITHHELD,pending
PER-23,runs/raw_logs/Perplexity_RAG/23. Strategic Decision Analysis_ Cuban Missile Crisis.pdf,6,1,미지정,,Tension,   Path A  Quarantine + Denial) yields moderate tension  0.50) but triggers Diplomatic,PER-23-N-00109,,판정 불가,, => ,,old_only,,False,unresolved_different_or_unmatched_no_forced_link,GLOBAL_ARITHMETIC_RATE_WITHHELD,pending
PER-23,runs/raw_logs/Perplexity_RAG/23. Strategic Decision Analysis_ Cuban Missile Crisis.pdf,6,1,미지정,,Tension,"   Path B  Strike + Acceleration) spikes tension  0.60) and guarantees Diplomatic Isolation,",PER-23-N-00111,,판정 불가,, => ,,old_only,,False,unresolved_different_or_unmatched_no_forced_link,GLOBAL_ARITHMETIC_RATE_WITHHELD,pending
PER-23,runs/raw_logs/Perplexity_RAG/23. Strategic Decision Analysis_ Cuban Missile Crisis.pdf,6,1,미지정,,Tension,tension:  0.05 (clamped to 0.0 ,PER-23-N-00107,,판정 불가,, => ,,old_only,,False,unresolved_different_or_unmatched_no_forced_link,GLOBAL_ARITHMETIC_RATE_WITHHELD,pending
PER-23,runs/raw_logs/Perplexity_RAG/23. Strategic Decision Analysis_ Cuban Missile Crisis.pdf,7,1,After Event:,,Diplomatic_Support,Diplomatic_Negotiation: Disabled  Diplomatic_Support=0.0 ≤0.5  7 ,PER-23-N-00028,,판정 불가,,0.0 => ,,old_only,,False,unresolved_different_or_unmatched_no_forced_link,GLOBAL_ARITHMETIC_RATE_WITHHELD,pending
PER-24,runs/raw_logs/Perplexity_RAG/24. Strategic Alternatives Analysis for Missile Crisis.pdf,17,4,Combination 1,,Leadership_Unity,Leadership_Unity 0.00  0.05→0,PER-24-N-00052,,판정 불가,,0.00 => ,,old_only,,False,unresolved_different_or_unmatched_no_forced_link,GLOBAL_ARITHMETIC_RATE_WITHHELD,pending
PER-25,runs/raw_logs/Perplexity_RAG/25. Strategic Response Modeling_ Cuban Missile Crisis.pdf,3,1,Combination 1,,Tension,Tension: 1.00 (clamped from 1.25 ,PER-25-N-00001,,판정 불가,,1.00 => ,,old_only,,False,unresolved_different_or_unmatched_no_forced_link,GLOBAL_ARITHMETIC_RATE_WITHHELD,pending
PER-25,runs/raw_logs/Perplexity_RAG/25. Strategic Response Modeling_ Cuban Missile Crisis.pdf,4,1,Combination 2,,Tension,Tension: 1.00 (clamped from 1.10 ,PER-25-N-00008,,판정 불가,,1.00 => ,,old_only,,False,unresolved_different_or_unmatched_no_forced_link,GLOBAL_ARITHMETIC_RATE_WITHHELD,pending
PER-26,runs/raw_logs/Perplexity_RAG/26. You are a tool for modeling strategic decisions. A.pdf,10,1,Combination 3,,Leadership_Unity,Leadership_Unity 0.55   0.5  0.45  Breached) 0.55   0.5 ,PER-26-N-00028,,판정 불가,,0.55 => ,,old_only,,False,unresolved_different_or_unmatched_no_forced_link,GLOBAL_ARITHMETIC_RATE_WITHHELD,pending
PER-26,runs/raw_logs/Perplexity_RAG/26. You are a tool for modeling strategic decisions. A.pdf,4,1,Combination 1,,Diplomatic_Support,Diplomatic_Support:  0.04  Defense_Prep  2 ,PER-26-N-00031,,판정 불가,, => ,,old_only,,False,unresolved_different_or_unmatched_no_forced_link,GLOBAL_ARITHMETIC_RATE_WITHHELD,pending
PER-26,runs/raw_logs/Perplexity_RAG/26. You are a tool for modeling strategic decisions. A.pdf,4,1,Combination 1,,Tension,Tension:  0.10  Defense_Prep  2  U.S./USSR  ,PER-26-N-00029,,판정 불가,, => ,,old_only,,False,unresolved_different_or_unmatched_no_forced_link,GLOBAL_ARITHMETIC_RATE_WITHHELD,pending
PER-26,runs/raw_logs/Perplexity_RAG/26. You are a tool for modeling strategic decisions. A.pdf,5,1,Combination 1,,Diplomatic_Support,Diplomatic_Support: 0.56  Baseline: 0.60   0.04 ,PER-26-N-00002,,판정 불가,,0.56 => ,,old_only,,False,unresolved_different_or_unmatched_no_forced_link,GLOBAL_ARITHMETIC_RATE_WITHHELD,pending
PER-26,runs/raw_logs/Perplexity_RAG/26. You are a tool for modeling strategic decisions. A.pdf,5,1,Combination 1,,Diplomatic_Support,Diplomatic_Support: 0.56 (Baseline: 0.60 - 0.04),,PDFIUM-PER-26-N-00008,,준수,,0.56 => 0.56,candidate_only,,False,unresolved_different_or_unmatched_no_forced_link,GLOBAL_ARITHMETIC_RATE_WITHHELD,pending
PER-26,runs/raw_logs/Perplexity_RAG/26. You are a tool for modeling strategic decisions. A.pdf,5,1,Combination 1,,Leadership_Unity,Leadership_Unity:  0.10  Defense_Prep  2 ,PER-26-N-00035,,판정 불가,, => ,,old_only,,False,unresolved_different_or_unmatched_no_forced_link,GLOBAL_ARITHMETIC_RATE_WITHHELD,pending
PER-26,runs/raw_logs/Perplexity_RAG/26. You are a tool for modeling strategic decisions. A.pdf,5,1,Combination 1,,Leadership_Unity,Leadership_Unity: 0.60  Baseline: 0.70   0.10 ,PER-26-N-00004,,판정 불가,,0.60 => ,,old_only,,False,unresolved_different_or_unmatched_no_forced_link,GLOBAL_ARITHMETIC_RATE_WITHHELD,pending
PER-26,runs/raw_logs/Perplexity_RAG/26. You are a tool for modeling strategic decisions. A.pdf,5,1,Combination 1,,Leadership_Unity,Leadership_Unity: 0.60 (Baseline: 0.70 - 0.10),,PDFIUM-PER-26-N-00014,,준수,,0.6 => 0.6,candidate_only,,False,unresolved_different_or_unmatched_no_forced_link,GLOBAL_ARITHMETIC_RATE_WITHHELD,pending
PER-26,runs/raw_logs/Perplexity_RAG/26. You are a tool for modeling strategic decisions. A.pdf,5,1,Combination 1,,Public_Opinion,Public_Opinion:  0.04  Defense_Prep  2 ,PER-26-N-00033,,판정 불가,, => ,,old_only,,False,unresolved_different_or_unmatched_no_forced_link,GLOBAL_ARITHMETIC_RATE_WITHHELD,pending
PER-26,runs/raw_logs/Perplexity_RAG/26. You are a tool for modeling strategic decisions. A.pdf,5,1,Combination 1,,Public_Opinion,Public_Opinion: 0.46  Baseline: 0.50   0.04 ,PER-26-N-00003,,판정 불가,,0.46 => ,,old_only,,False,unresolved_different_or_unmatched_no_forced_link,GLOBAL_ARITHMETIC_RATE_WITHHELD,pending
PER-26,runs/raw_logs/Perplexity_RAG/26. You are a tool for modeling strategic decisions. A.pdf,5,1,Combination 1,,Public_Opinion,Public_Opinion: 0.46 (Baseline: 0.50 - 0.04),,PDFIUM-PER-26-N-00011,,준수,,0.46 => 0.46,candidate_only,,False,unresolved_different_or_unmatched_no_forced_link,GLOBAL_ARITHMETIC_RATE_WITHHELD,pending
PER-26,runs/raw_logs/Perplexity_RAG/26. You are a tool for modeling strategic decisions. A.pdf,5,1,Combination 1,,Tension,Tension: 0.60  Baseline: 0.50   0.10 ,PER-26-N-00001,,판정 불가,,0.60 => ,,old_only,,False,unresolved_different_or_unmatched_no_forced_link,GLOBAL_ARITHMETIC_RATE_WITHHELD,pending
PER-26,runs/raw_logs/Perplexity_RAG/26. You are a tool for modeling strategic decisions. A.pdf,5,1,Combination 1,,Tension,Tension: 0.60 (Baseline: 0.50 + 0.10),,PDFIUM-PER-26-N-00005,,준수,,0.6 => 0.6,candidate_only,,False,unresolved_different_or_unmatched_no_forced_link,GLOBAL_ARITHMETIC_RATE_WITHHELD,pending
PER-26,runs/raw_logs/Perplexity_RAG/26. You are a tool for modeling strategic decisions. A.pdf,5,1,Combination 2,,Diplomatic_Support,Diplomatic_Support:  0.10  Strike  2 ,PER-26-N-00039,,판정 불가,, => ,,old_only,,False,unresolved_different_or_unmatched_no_forced_link,GLOBAL_ARITHMETIC_RATE_WITHHELD,pending
PER-26,runs/raw_logs/Perplexity_RAG/26. You are a tool for modeling strategic decisions. A.pdf,5,1,Combination 2,,Diplomatic_Support,Diplomatic_Support: 0.50  Baseline: 0.60   0.10 ,PER-26-N-00006,,판정 불가,,0.50 => ,,old_only,,False,unresolved_different_or_unmatched_no_forced_link,GLOBAL_ARITHMETIC_RATE_WITHHELD,pending
PER-26,runs/raw_logs/Perplexity_RAG/26. You are a tool for modeling strategic decisions. A.pdf,5,1,Combination 2,,Diplomatic_Support,Diplomatic_Support: 0.50 (Baseline: 0.60 - 0.10),,PDFIUM-PER-26-N-00022,,준수,,0.5 => 0.5,candidate_only,,False,unresolved_different_or_unmatched_no_forced_link,GLOBAL_ARITHMETIC_RATE_WITHHELD,pending
PER-26,runs/raw_logs/Perplexity_RAG/26. You are a tool for modeling strategic decisions. A.pdf,5,1,Combination 2,,Leadership_Unity,Leadership_Unity:  0.20  Strike  2 ,PER-26-N-00043,,판정 불가,, => ,,old_only,,False,unresolved_different_or_unmatched_no_forced_link,GLOBAL_ARITHMETIC_RATE_WITHHELD,pending
PER-26,runs/raw_logs/Perplexity_RAG/26. You are a tool for modeling strategic decisions. A.pdf,5,1,Combination 2,,Leadership_Unity,Leadership_Unity: 0.50  Baseline: 0.70   0.20 ,PER-26-N-00008,,판정 불가,,0.50 => ,,old_only,,False,unresolved_different_or_unmatched_no_forced_link,GLOBAL_ARITHMETIC_RATE_WITHHELD,pending
PER-26,runs/raw_logs/Perplexity_RAG/26. You are a tool for modeling strategic decisions. A.pdf,5,1,Combination 2,,Leadership_Unity,Leadership_Unity: 0.50 (Baseline: 0.70 - 0.20),,PDFIUM-PER-26-N-00024,,준수,,0.5 => 0.5,candidate_only,,False,unresolved_different_or_unmatched_no_forced_link,GLOBAL_ARITHMETIC_RATE_WITHHELD,pending
PER-26,runs/raw_logs/Perplexity_RAG/26. You are a tool for modeling strategic decisions. A.pdf,5,1,Combination 2,,Public_Opinion,Public_Opinion:  0.10  Strike  2 ,PER-26-N-00041,,판정 불가,, => ,,old_only,,False,unresolved_different_or_unmatched_no_forced_link,GLOBAL_ARITHMETIC_RATE_WITHHELD,pending
PER-26,runs/raw_logs/Perplexity_RAG/26. You are a tool for modeling strategic decisions. A.pdf,5,1,Combination 2,,Public_Opinion,Public_Opinion: 0.40  Baseline: 0.50   0.10 ,PER-26-N-00007,,판정 불가,,0.40 => ,,old_only,,False,unresolved_different_or_unmatched_no_forced_link,GLOBAL_ARITHMETIC_RATE_WITHHELD,pending
PER-26,runs/raw_logs/Perplexity_RAG/26. You are a tool for modeling strategic decisions. A.pdf,5,1,Combination 2,,Public_Opinion,Public_Opinion: 0.40 (Baseline: 0.50 - 0.10),,PDFIUM-PER-26-N-00023,,준수,,0.4 => 0.4,candidate_only,,False,unresolved_different_or_unmatched_no_forced_link,GLOBAL_ARITHMETIC_RATE_WITHHELD,pending
PER-26,runs/raw_logs/Perplexity_RAG/26. You are a tool for modeling strategic decisions. A.pdf,5,1,Combination 2,,Tension,Tension:  0.30  Strike  2  U.S./USSR  ,PER-26-N-00037,,판정 불가,, => ,,old_only,,False,unresolved_different_or_unmatched_no_forced_link,GLOBAL_ARITHMETIC_RATE_WITHHELD,pending
PER-26,runs/raw_logs/Perplexity_RAG/26. You are a tool for modeling strategic decisions. A.pdf,5,1,Combination 2,,Tension,Tension: 0.80  Baseline: 0.50   0.30 ,PER-26-N-00005,,판정 불가,,0.80 => ,,old_only,,False,unresolved_different_or_unmatched_no_forced_link,GLOBAL_ARITHMETIC_RATE_WITHHELD,pending
PER-26,runs/raw_logs/Perplexity_RAG/26. You are a tool for modeling strategic decisions. A.pdf,5,1,Combination 2,,Tension,Tension: 0.80 (Baseline: 0.50 + 0.30),,PDFIUM-PER-26-N-00021,,준수,,0.8 => 0.8,candidate_only,,False,unresolved_different_or_unmatched_no_forced_link,GLOBAL_ARITHMETIC_RATE_WITHHELD,pending
PER-26,runs/raw_logs/Perplexity_RAG/26. You are a tool for modeling strategic decisions. A.pdf,6,1,Combination 3,,Diplomatic_Support,Diplomatic_Support:  0.12  Diplomatic_Failure + Defense_Prep),PER-26-N-00047,,판정 불가,, => ,,old_only,,False,unresolved_different_or_unmatched_no_forced_link,GLOBAL_ARITHMETIC_RATE_WITHHELD,pending
PER-26,runs/raw_logs/Perplexity_RAG/26. You are a tool for modeling strategic decisions. A.pdf,6,1,Combination 3,,Diplomatic_Support,Diplomatic_Support: 0.48  Baseline: 0.60   0.12 ,PER-26-N-00010,,판정 불가,,0.48 => ,,old_only,,False,unresolved_different_or_unmatched_no_forced_link,GLOBAL_ARITHMETIC_RATE_WITHHELD,pending
PER-26,runs/raw_logs/Perplexity_RAG/26. You are a tool for modeling strategic decisions. A.pdf,6,1,Combination 3,,Diplomatic_Support,Diplomatic_Support: 0.48 (Baseline: 0.60 - 0.12),,PDFIUM-PER-26-N-00030,,준수,,0.48 => 0.48,candidate_only,,False,unresolved_different_or_unmatched_no_forced_link,GLOBAL_ARITHMETIC_RATE_WITHHELD,pending
PER-26,runs/raw_logs/Perplexity_RAG/26. You are a tool for modeling strategic decisions. A.pdf,6,1,Combination 3,,Leadership_Unity,Leadership_Unity:  0.10  Diplomatic_Failure + Defense_Prep),PER-26-N-00051,,판정 불가,, => ,,old_only,,False,unresolved_different_or_unmatched_no_forced_link,GLOBAL_ARITHMETIC_RATE_WITHHELD,pending
PER-26,runs/raw_logs/Perplexity_RAG/26. You are a tool for modeling strategic decisions. A.pdf,6,1,Combination 3,,Leadership_Unity,Leadership_Unity: 0.60  Baseline: 0.70   0.10 ,PER-26-N-00012,,판정 불가,,0.60 => ,,old_only,,False,unresolved_different_or_unmatched_no_forced_link,GLOBAL_ARITHMETIC_RATE_WITHHELD,pending
PER-26,runs/raw_logs/Perplexity_RAG/26. You are a tool for modeling strategic decisions. A.pdf,6,1,Combination 3,,Leadership_Unity,Leadership_Unity: 0.60 (Baseline: 0.70 - 0.10),,PDFIUM-PER-26-N-00032,,준수,,0.6 => 0.6,candidate_only,,False,unresolved_different_or_unmatched_no_forced_link,GLOBAL_ARITHMETIC_RATE_WITHHELD,pending
PER-26,runs/raw_logs/Perplexity_RAG/26. You are a tool for modeling strategic decisions. A.pdf,6,1,Combination 3,,Public_Opinion,Public_Opinion:  0.07  Diplomatic_Failure + Defense_Prep),PER-26-N-00049,,판정 불가,, => ,,old_only,,False,unresolved_different_or_unmatched_no_forced_link,GLOBAL_ARITHMETIC_RATE_WITHHELD,pending
PER-26,runs/raw_logs/Perplexity_RAG/26. You are a tool for modeling strategic decisions. A.pdf,6,1,Combination 3,,Public_Opinion,Public_Opinion: 0.43  Baseline: 0.50   0.07 ,PER-26-N-00011,,판정 불가,,0.43 => ,,old_only,,False,unresolved_different_or_unmatched_no_forced_link,GLOBAL_ARITHMETIC_RATE_WITHHELD,pending
PER-26,runs/raw_logs/Perplexity_RAG/26. You are a tool for modeling strategic decisions. A.pdf,6,1,Combination 3,,Public_Opinion,Public_Opinion: 0.43 (Baseline: 0.50 - 0.07),,PDFIUM-PER-26-N-00031,,준수,,0.43 => 0.43,candidate_only,,False,unresolved_different_or_unmatched_no_forced_link,GLOBAL_ARITHMETIC_RATE_WITHHELD,pending
PER-26,runs/raw_logs/Perplexity_RAG/26. You are a tool for modeling strategic decisions. A.pdf,6,1,Combination 3,,Tension,Tension:  0.15  Diplomatic_Failure  U.S.  + Defense_Prep  USSR  ,PER-26-N-00045,,판정 불가,, => ,,old_only,,False,unresolved_different_or_unmatched_no_forced_link,GLOBAL_ARITHMETIC_RATE_WITHHELD,pending
PER-26,runs/raw_logs/Perplexity_RAG/26. You are a tool for modeling strategic decisions. A.pdf,6,1,Combination 3,,Tension,Tension: 0.65  Baseline: 0.50   0.15 ,PER-26-N-00009,,판정 불가,,0.65 => ,,old_only,,False,unresolved_different_or_unmatched_no_forced_link,GLOBAL_ARITHMETIC_RATE_WITHHELD,pending
PER-26,runs/raw_logs/Perplexity_RAG/26. You are a tool for modeling strategic decisions. A.pdf,6,1,Combination 3,,Tension,Tension: 0.65 (Baseline: 0.50 + 0.15),,PDFIUM-PER-26-N-00029,,준수,,0.65 => 0.65,candidate_only,,False,unresolved_different_or_unmatched_no_forced_link,GLOBAL_ARITHMETIC_RATE_WITHHELD,pending
PER-26,runs/raw_logs/Perplexity_RAG/26. You are a tool for modeling strategic decisions. A.pdf,7,1,Combination 1,,Diplomatic_Support,"threshold: ""imminent nuclear capability""). Diplomatic_Support  0.54) prevents U.S. unilateral",PER-26-N-00053,,판정 불가,, => ,,old_only,,False,unresolved_different_or_unmatched_no_forced_link,GLOBAL_ARITHMETIC_RATE_WITHHELD,pending
PER-26,runs/raw_logs/Perplexity_RAG/26. You are a tool for modeling strategic decisions. A.pdf,7,1,Combination 1,,Leadership_Unity,Plausible quarantine blockade diplomacy. Leadership_Unity  0.55) supports restraint.,PER-26-N-00055,,판정 불가,, => ,,old_only,,False,unresolved_different_or_unmatched_no_forced_link,GLOBAL_ARITHMETIC_RATE_WITHHELD,pending
PER-26,runs/raw_logs/Perplexity_RAG/26. You are a tool for modeling strategic decisions. A.pdf,7,1,Combination 1,,Tension,Path swap missiles Tension  0.70) nears 0.8 threshold.,PER-26-N-00057,,판정 불가,, => ,,old_only,,False,unresolved_different_or_unmatched_no_forced_link,GLOBAL_ARITHMETIC_RATE_WITHHELD,pending
PER-26,runs/raw_logs/Perplexity_RAG/26. You are a tool for modeling strategic decisions. A.pdf,8,1,Combination 2,,Leadership_Unity,Alternative Invasion Full nuclear Leadership_Unity  0.45) collapses; USSR triggers MAD,PER-26-N-00063,,판정 불가,, => ,,old_only,,False,unresolved_different_or_unmatched_no_forced_link,GLOBAL_ARITHMETIC_RATE_WITHHELD,pending
PER-26,runs/raw_logs/Perplexity_RAG/26. You are a tool for modeling strategic decisions. A.pdf,8,1,Combination 2,,Tension,"""retaliate if attacked""). Tension  0.85) disables diplomacy; both prioritize ""force survival""",PER-26-N-00059,,판정 불가,, => ,,old_only,,False,unresolved_different_or_unmatched_no_forced_link,GLOBAL_ARITHMETIC_RATE_WITHHELD,pending
PER-26,runs/raw_logs/Perplexity_RAG/26. You are a tool for modeling strategic decisions. A.pdf,8,1,Combination 2,,Tension,Most Air strikes Tactical nuke Tension  0.85) forces military action; Public_Opinion,PER-26-N-00061,,판정 불가,, => ,,old_only,,False,unresolved_different_or_unmatched_no_forced_link,GLOBAL_ARITHMETIC_RATE_WITHHELD,pending
PER-26,runs/raw_logs/Perplexity_RAG/26. You are a tool for modeling strategic decisions. A.pdf,9,1,Combination 3,,Diplomatic_Support,Diplomatic_Support 0.54   0.5  0.48  Breached) 0.46  Breached),PER-26-N-00026,,판정 불가,,0.54 => ,,old_only,,False,unresolved_different_or_unmatched_no_forced_link,GLOBAL_ARITHMETIC_RATE_WITHHELD,pending
PER-26,runs/raw_logs/Perplexity_RAG/26. You are a tool for modeling strategic decisions. A.pdf,9,1,Combination 3,,Diplomatic_Support,Most Unilateral strike Complete Diplomatic_Support  0.46) forces unilateral U.S.,PER-26-N-00067,,판정 불가,, => ,,old_only,,False,unresolved_different_or_unmatched_no_forced_link,GLOBAL_ARITHMETIC_RATE_WITHHELD,pending
PER-26,runs/raw_logs/Perplexity_RAG/26. You are a tool for modeling strategic decisions. A.pdf,9,1,Combination 3,,Diplomatic_Support,"USSR counters with tactical nukes (""last-resort retaliation""). Diplomatic_Support  0.46)",PER-26-N-00065,,판정 불가,, => ,,old_only,,False,unresolved_different_or_unmatched_no_forced_link,GLOBAL_ARITHMETIC_RATE_WITHHELD,pending
PER-26,runs/raw_logs/Perplexity_RAG/26. You are a tool for modeling strategic decisions. A.pdf,9,1,Combination 3,,Public_Opinion,Public_Opinion 0.44   0.4  0.38  Breached) 0.41   0.4 ,PER-26-N-00027,,판정 불가,,0.44 => ,,old_only,,False,unresolved_different_or_unmatched_no_forced_link,GLOBAL_ARITHMETIC_RATE_WITHHELD,pending
PER-26,runs/raw_logs/Perplexity_RAG/26. You are a tool for modeling strategic decisions. A.pdf,9,1,Combination 3,,Tension,Tension 0.70   0.8  0.85  Breached) 0.70   0.8 ,PER-26-N-00025,,판정 불가,,0.70 => ,,old_only,,False,unresolved_different_or_unmatched_no_forced_link,GLOBAL_ARITHMETIC_RATE_WITHHELD,pending
PER-27,runs/raw_logs/Perplexity_RAG/27. Strategic Decision Analysis_ Cuban Missile Crisis.pdf,10,1,Combination 1,,Tension,∈ Tension  0.15 (inevitable).,PER-27-N-00203,,판정 불가,, => ,,old_only,,False,unresolved_different_or_unmatched_no_forced_link,GLOBAL_ARITHMETIC_RATE_WITHHELD,pending
PER-27,runs/raw_logs/Perplexity_RAG/27. Strategic Decision Analysis_ Cuban Missile Crisis.pdf,11,1,Combination 1,,Diplomatic_Support,Diplomatic_Support  0.15 (Σ  0.05 Strike  0.10 Diplomatic_Failure) → 0.22,PER-27-N-00213,,판정 불가,, => ,,old_only,,False,unresolved_different_or_unmatched_no_forced_link,GLOBAL_ARITHMETIC_RATE_WITHHELD,pending
PER-27,runs/raw_logs/Perplexity_RAG/27. Strategic Decision Analysis_ Cuban Missile Crisis.pdf,11,1,Combination 1,,Diplomatic_Support,∈ Diplomatic_Support  0.10 (if accepted).,PER-27-N-00209,,판정 불가,, => ,,old_only,,False,unresolved_different_or_unmatched_no_forced_link,GLOBAL_ARITHMETIC_RATE_WITHHELD,pending
PER-27,runs/raw_logs/Perplexity_RAG/27. Strategic Decision Analysis_ Cuban Missile Crisis.pdf,11,1,Combination 1,,Public_Opinion,Public_Opinion  0.10 (Σ  0.05 Strike  0.05 Diplomatic_Failure) → 0.27,PER-27-N-00215,,판정 불가,, => ,,old_only,,False,unresolved_different_or_unmatched_no_forced_link,GLOBAL_ARITHMETIC_RATE_WITHHELD,pending
PER-27,runs/raw_logs/Perplexity_RAG/27. Strategic Decision Analysis_ Cuban Missile Crisis.pdf,11,1,Combination 1,,Public_Opinion,∈ Public_Opinion  0.05 (if speech successful).,PER-27-N-00205,,판정 불가,, => ,,old_only,,False,unresolved_different_or_unmatched_no_forced_link,GLOBAL_ARITHMETIC_RATE_WITHHELD,pending
PER-27,runs/raw_logs/Perplexity_RAG/27. Strategic Decision Analysis_ Cuban Missile Crisis.pdf,11,1,Combination 1,,Tension,Tension  0.25 (Σ  0.15 Strike  0.10 Diplomatic_Failure) → 1.00,PER-27-N-00211,,판정 불가,, => ,,old_only,,False,unresolved_different_or_unmatched_no_forced_link,GLOBAL_ARITHMETIC_RATE_WITHHELD,pending
PER-27,runs/raw_logs/Perplexity_RAG/27. Strategic Decision Analysis_ Cuban Missile Crisis.pdf,11,1,Combination 1,,Tension,∈ Tension  0.10 (inevitable).,PER-27-N-00207,,판정 불가,, => ,,old_only,,False,unresolved_different_or_unmatched_no_forced_link,GLOBAL_ARITHMETIC_RATE_WITHHELD,pending
PER-27,runs/raw_logs/Perplexity_RAG/27. Strategic Decision Analysis_ Cuban Missile Crisis.pdf,12,1,Combination 1,,Diplomatic_Support,Diplomatic_Support  0.05 (Σ  0.10 Diplomatic_Success  0.05 Public_Appeal) → 0.42,PER-27-N-00221,,판정 불가,, => ,,old_only,,False,unresolved_different_or_unmatched_no_forced_link,GLOBAL_ARITHMETIC_RATE_WITHHELD,pending
PER-27,runs/raw_logs/Perplexity_RAG/27. Strategic Decision Analysis_ Cuban Missile Crisis.pdf,12,1,Combination 1,,Leadership_Unity,Leadership_Unity  0.00 (Σ  0.05 Diplomatic_Success  0.05 Public_Appeal) → 0.25,PER-27-N-00225,,판정 불가,, => ,,old_only,,False,unresolved_different_or_unmatched_no_forced_link,GLOBAL_ARITHMETIC_RATE_WITHHELD,pending
PER-27,runs/raw_logs/Perplexity_RAG/27. Strategic Decision Analysis_ Cuban Missile Crisis.pdf,12,1,Combination 1,,Leadership_Unity,Leadership_Unity  0.15 (Σ  0.10 Strike  0.05 Diplomatic_Failure) → 0.10,PER-27-N-00217,,판정 불가,, => ,,old_only,,False,unresolved_different_or_unmatched_no_forced_link,GLOBAL_ARITHMETIC_RATE_WITHHELD,pending
PER-27,runs/raw_logs/Perplexity_RAG/27. Strategic Decision Analysis_ Cuban Missile Crisis.pdf,12,1,Combination 1,,Public_Opinion,Public_Opinion  0.00 (Σ  0.05 Public_Appeal  0.05 Diplomatic_Success) → 0.37,PER-27-N-00223,,판정 불가,, => ,,old_only,,False,unresolved_different_or_unmatched_no_forced_link,GLOBAL_ARITHMETIC_RATE_WITHHELD,pending
PER-27,runs/raw_logs/Perplexity_RAG/27. Strategic Decision Analysis_ Cuban Missile Crisis.pdf,12,1,Combination 1,,Tension,Tension  0.05 (Σ  0.05 Diplomatic_Success) → 0.85,PER-27-N-00219,,판정 불가,, => ,,old_only,,False,unresolved_different_or_unmatched_no_forced_link,GLOBAL_ARITHMETIC_RATE_WITHHELD,pending
PER-27,runs/raw_logs/Perplexity_RAG/27. Strategic Decision Analysis_ Cuban Missile Crisis.pdf,13,1,Combination 1,,Diplomatic_Support,Diplomatic_Support  0.07 (Σ  0.05 Strike  0.02 Defense_Prep) → 0.30,PER-27-N-00229,,판정 불가,, => ,,old_only,,False,unresolved_different_or_unmatched_no_forced_link,GLOBAL_ARITHMETIC_RATE_WITHHELD,pending
PER-27,runs/raw_logs/Perplexity_RAG/27. Strategic Decision Analysis_ Cuban Missile Crisis.pdf,13,1,Combination 1,,Leadership_Unity,Leadership_Unity  0.15 (Σ  0.10 Strike  0.05 Defense_Prep) → 0.10,PER-27-N-00233,,판정 불가,, => ,,old_only,,False,unresolved_different_or_unmatched_no_forced_link,GLOBAL_ARITHMETIC_RATE_WITHHELD,pending
PER-27,runs/raw_logs/Perplexity_RAG/27. Strategic Decision Analysis_ Cuban Missile Crisis.pdf,13,1,Combination 1,,Public_Opinion,Public_Opinion  0.07 (Σ  0.05 Strike  0.02 Defense_Prep) → 0.30,PER-27-N-00231,,판정 불가,, => ,,old_only,,False,unresolved_different_or_unmatched_no_forced_link,GLOBAL_ARITHMETIC_RATE_WITHHELD,pending
PER-27,runs/raw_logs/Perplexity_RAG/27. Strategic Decision Analysis_ Cuban Missile Crisis.pdf,13,1,Combination 1,,Tension,Tension  0.20 (Σ  0.15 Strike  0.05 Defense_Prep) → 1.00,PER-27-N-00227,,판정 불가,, => ,,old_only,,False,unresolved_different_or_unmatched_no_forced_link,GLOBAL_ARITHMETIC_RATE_WITHHELD,pending
PER-27,runs/raw_logs/Perplexity_RAG/27. Strategic Decision Analysis_ Cuban Missile Crisis.pdf,14,1,Combination 2,,Diplomatic_Support,Diplomatic_Support  0.10 (Σ  0.05 US Strike  0.05 USSR Strike) → 0.16,PER-27-N-00237,,판정 불가,, => ,,old_only,,False,unresolved_different_or_unmatched_no_forced_link,GLOBAL_ARITHMETIC_RATE_WITHHELD,pending
PER-27,runs/raw_logs/Perplexity_RAG/27. Strategic Decision Analysis_ Cuban Missile Crisis.pdf,14,1,Combination 2,,Leadership_Unity,Leadership_Unity  0.20 (Σ  0.10 US Strike  0.10 USSR Strike) → 0.00,PER-27-N-00241,,판정 불가,, => ,,old_only,,False,unresolved_different_or_unmatched_no_forced_link,GLOBAL_ARITHMETIC_RATE_WITHHELD,pending
PER-27,runs/raw_logs/Perplexity_RAG/27. Strategic Decision Analysis_ Cuban Missile Crisis.pdf,14,1,Combination 2,,Public_Opinion,Public_Opinion  0.10 (Σ  0.05 US Strike  0.05 USSR Strike) → 0.16,PER-27-N-00239,,판정 불가,, => ,,old_only,,False,unresolved_different_or_unmatched_no_forced_link,GLOBAL_ARITHMETIC_RATE_WITHHELD,pending
PER-27,runs/raw_logs/Perplexity_RAG/27. Strategic Decision Analysis_ Cuban Missile Crisis.pdf,14,1,Combination 2,,Tension,Tension  0.30 (Σ  0.15 US Strike  0.15 USSR Strike) → 1.00,PER-27-N-00235,,판정 불가,, => ,,old_only,,False,unresolved_different_or_unmatched_no_forced_link,GLOBAL_ARITHMETIC_RATE_WITHHELD,pending
PER-27,runs/raw_logs/Perplexity_RAG/27. Strategic Decision Analysis_ Cuban Missile Crisis.pdf,15,1,Combination 3,,Diplomatic_Support,Diplomatic_Support  0.20 (Σ  0.10 US Diplomatic_Success  0.10 USSR Diplomatic_Success) → 0.51,PER-27-N-00245,,판정 불가,, => ,,old_only,,False,unresolved_different_or_unmatched_no_forced_link,GLOBAL_ARITHMETIC_RATE_WITHHELD,pending
PER-27,runs/raw_logs/Perplexity_RAG/27. Strategic Decision Analysis_ Cuban Missile Crisis.pdf,15,1,Combination 3,,Leadership_Unity,Leadership_Unity  0.10 (Σ  0.05 US Diplomatic_Success  0.05 USSR Diplomatic_Success) → 0.35,PER-27-N-00249,,판정 불가,, => ,,old_only,,False,unresolved_different_or_unmatched_no_forced_link,GLOBAL_ARITHMETIC_RATE_WITHHELD,pending
PER-27,runs/raw_logs/Perplexity_RAG/27. Strategic Decision Analysis_ Cuban Missile Crisis.pdf,15,1,Combination 3,,Public_Opinion,Public_Opinion  0.10 (Σ  0.05 US Diplomatic_Success  0.05 USSR Diplomatic_Success) → 0.46,PER-27-N-00247,,판정 불가,, => ,,old_only,,False,unresolved_different_or_unmatched_no_forced_link,GLOBAL_ARITHMETIC_RATE_WITHHELD,pending
PER-27,runs/raw_logs/Perplexity_RAG/27. Strategic Decision Analysis_ Cuban Missile Crisis.pdf,15,1,Combination 3,,Tension,Tension  0.10 (Σ  0.05 US Diplomatic_Success  0.05 USSR Diplomatic_Success) → 0.80,PER-27-N-00243,,판정 불가,, => ,,old_only,,False,unresolved_different_or_unmatched_no_forced_link,GLOBAL_ARITHMETIC_RATE_WITHHELD,pending
PER-27,runs/raw_logs/Perplexity_RAG/27. Strategic Decision Analysis_ Cuban Missile Crisis.pdf,16,1,Combination 1,,Diplomatic_Support,Diplomatic_Support: 0.38  Diplomatic Isolation triggered),PER-27-N-00094,,판정 불가,,0.38 => ,,old_only,,False,unresolved_different_or_unmatched_no_forced_link,GLOBAL_ARITHMETIC_RATE_WITHHELD,pending
PER-27,runs/raw_logs/Perplexity_RAG/27. Strategic Decision Analysis_ Cuban Missile Crisis.pdf,16,1,Combination 1,,Leadership_Unity,Leadership_Unity: 0.15  Coup Risk triggered),PER-27-N-00096,,판정 불가,,0.15 => ,,old_only,,False,unresolved_different_or_unmatched_no_forced_link,GLOBAL_ARITHMETIC_RATE_WITHHELD,pending
PER-27,runs/raw_logs/Perplexity_RAG/27. Strategic Decision Analysis_ Cuban Missile Crisis.pdf,16,1,Combination 1,,Public_Opinion,Public_Opinion: 0.33  Civil Unrest triggered),PER-27-N-00095,,판정 불가,,0.33 => ,,old_only,,False,unresolved_different_or_unmatched_no_forced_link,GLOBAL_ARITHMETIC_RATE_WITHHELD,pending
PER-27,runs/raw_logs/Perplexity_RAG/27. Strategic Decision Analysis_ Cuban Missile Crisis.pdf,16,1,Combination 1,,Tension,Tension: 0.95  Critical escalation threshold crossed),PER-27-N-00093,,판정 불가,,0.95 => ,,old_only,,False,unresolved_different_or_unmatched_no_forced_link,GLOBAL_ARITHMETIC_RATE_WITHHELD,pending
PER-27,runs/raw_logs/Perplexity_RAG/27. Strategic Decision Analysis_ Cuban Missile Crisis.pdf,17,1,Combination 1,,Diplomatic_Support,Diplomatic_Support  0.10 (Σ  0.05 Strike  0.05 Nuclear_Alert) → 0.28,PER-27-N-00253,,판정 불가,, => ,,old_only,,False,unresolved_different_or_unmatched_no_forced_link,GLOBAL_ARITHMETIC_RATE_WITHHELD,pending
PER-27,runs/raw_logs/Perplexity_RAG/27. Strategic Decision Analysis_ Cuban Missile Crisis.pdf,17,1,Combination 1,,Leadership_Unity,Leadership_Unity  0.20 (Σ  0.10 Strike  0.10 Nuclear_Alert) → 0.00,PER-27-N-00257,,판정 불가,, => ,,old_only,,False,unresolved_different_or_unmatched_no_forced_link,GLOBAL_ARITHMETIC_RATE_WITHHELD,pending
PER-27,runs/raw_logs/Perplexity_RAG/27. Strategic Decision Analysis_ Cuban Missile Crisis.pdf,17,1,Combination 1,,Public_Opinion,Public_Opinion  0.10 (Σ  0.05 Strike  0.05 Nuclear_Alert) → 0.23,PER-27-N-00255,,판정 불가,, => ,,old_only,,False,unresolved_different_or_unmatched_no_forced_link,GLOBAL_ARITHMETIC_RATE_WITHHELD,pending
PER-27,runs/raw_logs/Perplexity_RAG/27. Strategic Decision Analysis_ Cuban Missile Crisis.pdf,17,1,Combination 1,,Tension,Tension  0.30 (Σ  0.15 Strike  0.15 Nuclear_Alert) → 1.00,PER-27-N-00251,,판정 불가,, => ,,old_only,,False,unresolved_different_or_unmatched_no_forced_link,GLOBAL_ARITHMETIC_RATE_WITHHELD,pending
PER-27,runs/raw_logs/Perplexity_RAG/27. Strategic Decision Analysis_ Cuban Missile Crisis.pdf,19,1,Combination 3,,Diplomatic_Support,Diplomatic_Support  0.20 (Σ  0.10 Diplomatic_Success  2) → 0.53,PER-27-N-00261,,판정 불가,, => ,,old_only,,False,unresolved_different_or_unmatched_no_forced_link,GLOBAL_ARITHMETIC_RATE_WITHHELD,pending
PER-27,runs/raw_logs/Perplexity_RAG/27. Strategic Decision Analysis_ Cuban Missile Crisis.pdf,19,1,Combination 3,,Leadership_Unity,Leadership_Unity  0.10 (Σ  0.05 Diplomatic_Success  2) → 0.15,PER-27-N-00265,,판정 불가,, => ,,old_only,,False,unresolved_different_or_unmatched_no_forced_link,GLOBAL_ARITHMETIC_RATE_WITHHELD,pending
PER-27,runs/raw_logs/Perplexity_RAG/27. Strategic Decision Analysis_ Cuban Missile Crisis.pdf,19,1,Combination 3,,Public_Opinion,Public_Opinion  0.10 (Σ  0.05 Diplomatic_Success  2) → 0.38,PER-27-N-00263,,판정 불가,, => ,,old_only,,False,unresolved_different_or_unmatched_no_forced_link,GLOBAL_ARITHMETIC_RATE_WITHHELD,pending
PER-27,runs/raw_logs/Perplexity_RAG/27. Strategic Decision Analysis_ Cuban Missile Crisis.pdf,19,1,Combination 3,,Tension,Tension  0.10 (Σ  0.05 Diplomatic_Success  2) → 0.85,PER-27-N-00259,,판정 불가,, => ,,old_only,,False,unresolved_different_or_unmatched_no_forced_link,GLOBAL_ARITHMETIC_RATE_WITHHELD,pending
PER-27,runs/raw_logs/Perplexity_RAG/27. Strategic Decision Analysis_ Cuban Missile Crisis.pdf,4,1,Combination 1,,Diplomatic_Support,Diplomatic_Support 0.14 (Σ  0.02 US  0.12 USSR),PER-27-N-00131,,판정 불가,, => ,,old_only,,False,unresolved_different_or_unmatched_no_forced_link,GLOBAL_ARITHMETIC_RATE_WITHHELD,pending
PER-27,runs/raw_logs/Perplexity_RAG/27. Strategic Decision Analysis_ Cuban Missile Crisis.pdf,4,1,Combination 1,,Diplomatic_Support,Diplomatic_Support: 0.36  Alliance fracturing),PER-27-N-00002,,판정 불가,,0.36 => ,,old_only,,False,unresolved_different_or_unmatched_no_forced_link,GLOBAL_ARITHMETIC_RATE_WITHHELD,pending
PER-27,runs/raw_logs/Perplexity_RAG/27. Strategic Decision Analysis_ Cuban Missile Crisis.pdf,4,1,Combination 1,,Leadership_Unity,Leadership_Unity  0.10 (Σ  0.05 US  0.05 USSR),PER-27-N-00135,,판정 불가,, => ,,old_only,,False,unresolved_different_or_unmatched_no_forced_link,GLOBAL_ARITHMETIC_RATE_WITHHELD,pending
PER-27,runs/raw_logs/Perplexity_RAG/27. Strategic Decision Analysis_ Cuban Missile Crisis.pdf,4,1,Combination 1,,Leadership_Unity,Leadership_Unity: 0.40  Severe internal conflict),PER-27-N-00004,,판정 불가,,0.40 => ,,old_only,,False,unresolved_different_or_unmatched_no_forced_link,GLOBAL_ARITHMETIC_RATE_WITHHELD,pending
PER-27,runs/raw_logs/Perplexity_RAG/27. Strategic Decision Analysis_ Cuban Missile Crisis.pdf,4,1,Combination 1,,Public_Opinion,Public_Opinion  0.09 (Σ  0.02 US  0.07 USSR),PER-27-N-00133,,판정 불가,, => ,,old_only,,False,unresolved_different_or_unmatched_no_forced_link,GLOBAL_ARITHMETIC_RATE_WITHHELD,pending
PER-27,runs/raw_logs/Perplexity_RAG/27. Strategic Decision Analysis_ Cuban Missile Crisis.pdf,4,1,Combination 1,,Public_Opinion,Public_Opinion: 0.41  Marginal public backing),PER-27-N-00003,,판정 불가,,0.41 => ,,old_only,,False,unresolved_different_or_unmatched_no_forced_link,GLOBAL_ARITHMETIC_RATE_WITHHELD,pending
PER-27,runs/raw_logs/Perplexity_RAG/27. Strategic Decision Analysis_ Cuban Missile Crisis.pdf,4,1,Combination 1,,Tension,Tension  0.20 (Σ  0.05 US  0.15 USSR),PER-27-N-00129,,판정 불가,, => ,,old_only,,False,unresolved_different_or_unmatched_no_forced_link,GLOBAL_ARITHMETIC_RATE_WITHHELD,pending
PER-27,runs/raw_logs/Perplexity_RAG/27. Strategic Decision Analysis_ Cuban Missile Crisis.pdf,4,1,Combination 1,,Tension,Tension: 0.70  High crisis instability),PER-27-N-00001,,판정 불가,,0.70 => ,,old_only,,False,unresolved_different_or_unmatched_no_forced_link,GLOBAL_ARITHMETIC_RATE_WITHHELD,pending
PER-27,runs/raw_logs/Perplexity_RAG/27. Strategic Decision Analysis_ Cuban Missile Crisis.pdf,4,1,Combination 2,,Tension,Tension  0.20 (Σ  0.15 US  0.05 USSR),PER-27-N-00137,,판정 불가,, => ,,old_only,,False,unresolved_different_or_unmatched_no_forced_link,GLOBAL_ARITHMETIC_RATE_WITHHELD,pending
PER-27,runs/raw_logs/Perplexity_RAG/27. Strategic Decision Analysis_ Cuban Missile Crisis.pdf,5,1,Combination 2,,Diplomatic_Support,Diplomatic_Support  0.07 (Σ  0.05 US  0.02 USSR),PER-27-N-00139,,판정 불가,, => ,,old_only,,False,unresolved_different_or_unmatched_no_forced_link,GLOBAL_ARITHMETIC_RATE_WITHHELD,pending
PER-27,runs/raw_logs/Perplexity_RAG/27. Strategic Decision Analysis_ Cuban Missile Crisis.pdf,5,1,Combination 2,,Diplomatic_Support,Diplomatic_Support: 0.43  Critical isolation),PER-27-N-00006,,판정 불가,,0.43 => ,,old_only,,False,unresolved_different_or_unmatched_no_forced_link,GLOBAL_ARITHMETIC_RATE_WITHHELD,pending
PER-27,runs/raw_logs/Perplexity_RAG/27. Strategic Decision Analysis_ Cuban Missile Crisis.pdf,5,1,Combination 2,,Leadership_Unity,Leadership_Unity  0.15 (Σ  0.10 US  0.05 USSR),PER-27-N-00143,,판정 불가,, => ,,old_only,,False,unresolved_different_or_unmatched_no_forced_link,GLOBAL_ARITHMETIC_RATE_WITHHELD,pending
PER-27,runs/raw_logs/Perplexity_RAG/27. Strategic Decision Analysis_ Cuban Missile Crisis.pdf,5,1,Combination 2,,Leadership_Unity,Leadership_Unity: 0.35  Command paralysis),PER-27-N-00008,,판정 불가,,0.35 => ,,old_only,,False,unresolved_different_or_unmatched_no_forced_link,GLOBAL_ARITHMETIC_RATE_WITHHELD,pending
PER-27,runs/raw_logs/Perplexity_RAG/27. Strategic Decision Analysis_ Cuban Missile Crisis.pdf,5,1,Combination 2,,Public_Opinion,Public_Opinion  0.07 (Σ  0.05 US  0.02 USSR),PER-27-N-00141,,판정 불가,, => ,,old_only,,False,unresolved_different_or_unmatched_no_forced_link,GLOBAL_ARITHMETIC_RATE_WITHHELD,pending
PER-27,runs/raw_logs/Perplexity_RAG/27. Strategic Decision Analysis_ Cuban Missile Crisis.pdf,5,1,Combination 2,,Public_Opinion,Public_Opinion: 0.43  Eroded citizen trust),PER-27-N-00007,,판정 불가,,0.43 => ,,old_only,,False,unresolved_different_or_unmatched_no_forced_link,GLOBAL_ARITHMETIC_RATE_WITHHELD,pending
PER-27,runs/raw_logs/Perplexity_RAG/27. Strategic Decision Analysis_ Cuban Missile Crisis.pdf,5,1,Combination 2,,Tension,Tension: 0.70  Pre-war instability),PER-27-N-00005,,판정 불가,,0.70 => ,,old_only,,False,unresolved_different_or_unmatched_no_forced_link,GLOBAL_ARITHMETIC_RATE_WITHHELD,pending
PER-27,runs/raw_logs/Perplexity_RAG/27. Strategic Decision Analysis_ Cuban Missile Crisis.pdf,5,1,Combination 3,,Diplomatic_Support,Diplomatic_Support  0.00 (Σ  0.10 US  0.10 USSR),PER-27-N-00147,,판정 불가,, => ,,old_only,,False,unresolved_different_or_unmatched_no_forced_link,GLOBAL_ARITHMETIC_RATE_WITHHELD,pending
PER-27,runs/raw_logs/Perplexity_RAG/27. Strategic Decision Analysis_ Cuban Missile Crisis.pdf,5,1,Combination 3,,Diplomatic_Support,Diplomatic_Support: 0.50  Fragile coalition),PER-27-N-00010,,판정 불가,,0.50 => ,,old_only,,False,unresolved_different_or_unmatched_no_forced_link,GLOBAL_ARITHMETIC_RATE_WITHHELD,pending
PER-27,runs/raw_logs/Perplexity_RAG/27. Strategic Decision Analysis_ Cuban Missile Crisis.pdf,5,1,Combination 3,,Leadership_Unity,Leadership_Unity  0.00 (Σ  0.05 US  0.05 USSR),PER-27-N-00151,,판정 불가,, => ,,old_only,,False,unresolved_different_or_unmatched_no_forced_link,GLOBAL_ARITHMETIC_RATE_WITHHELD,pending
PER-27,runs/raw_logs/Perplexity_RAG/27. Strategic Decision Analysis_ Cuban Missile Crisis.pdf,5,1,Combination 3,,Leadership_Unity,Leadership_Unity: 0.50  Policy indecision),PER-27-N-00012,,판정 불가,,0.50 => ,,old_only,,False,unresolved_different_or_unmatched_no_forced_link,GLOBAL_ARITHMETIC_RATE_WITHHELD,pending
PER-27,runs/raw_logs/Perplexity_RAG/27. Strategic Decision Analysis_ Cuban Missile Crisis.pdf,5,1,Combination 3,,Public_Opinion,Public_Opinion  0.00 (Σ  0.05 US  0.05 USSR),PER-27-N-00149,,판정 불가,, => ,,old_only,,False,unresolved_different_or_unmatched_no_forced_link,GLOBAL_ARITHMETIC_RATE_WITHHELD,pending
PER-27,runs/raw_logs/Perplexity_RAG/27. Strategic Decision Analysis_ Cuban Missile Crisis.pdf,5,1,Combination 3,,Public_Opinion,Public_Opinion: 0.50  Neutral citizen stance),PER-27-N-00011,,판정 불가,,0.50 => ,,old_only,,False,unresolved_different_or_unmatched_no_forced_link,GLOBAL_ARITHMETIC_RATE_WITHHELD,pending
PER-27,runs/raw_logs/Perplexity_RAG/27. Strategic Decision Analysis_ Cuban Missile Crisis.pdf,5,1,Combination 3,,Tension,Tension  0.05 (Σ  0.05 US  0.10 USSR),PER-27-N-00145,,판정 불가,, => ,,old_only,,False,unresolved_different_or_unmatched_no_forced_link,GLOBAL_ARITHMETIC_RATE_WITHHELD,pending
PER-27,runs/raw_logs/Perplexity_RAG/27. Strategic Decision Analysis_ Cuban Missile Crisis.pdf,5,1,Combination 3,,Tension,Tension: 0.55  Contained escalation),PER-27-N-00009,,판정 불가,,0.55 => ,,old_only,,False,unresolved_different_or_unmatched_no_forced_link,GLOBAL_ARITHMETIC_RATE_WITHHELD,pending
PER-27,runs/raw_logs/Perplexity_RAG/27. Strategic Decision Analysis_ Cuban Missile Crisis.pdf,6,1,Combination 1,,Diplomatic_Support,Diplomatic_Support 0.08 (Σ  0.10 Diplomatic_Success  0.02 Defense_Prep),PER-27-N-00157,,판정 불가,, => ,,old_only,,False,unresolved_different_or_unmatched_no_forced_link,GLOBAL_ARITHMETIC_RATE_WITHHELD,pending
PER-27,runs/raw_logs/Perplexity_RAG/27. Strategic Decision Analysis_ Cuban Missile Crisis.pdf,6,1,Combination 1,,Leadership_Unity,Leadership_Unity  0.00 (Σ  0.05 Diplomatic_Success  0.05 Defense_Prep),PER-27-N-00161,,판정 불가,, => ,,old_only,,False,unresolved_different_or_unmatched_no_forced_link,GLOBAL_ARITHMETIC_RATE_WITHHELD,pending
PER-27,runs/raw_logs/Perplexity_RAG/27. Strategic Decision Analysis_ Cuban Missile Crisis.pdf,6,1,Combination 1,,Public_Opinion,Public_Opinion  0.03 (Σ  0.05 Diplomatic_Success  0.02 Defense_Prep),PER-27-N-00159,,판정 불가,, => ,,old_only,,False,unresolved_different_or_unmatched_no_forced_link,GLOBAL_ARITHMETIC_RATE_WITHHELD,pending
PER-27,runs/raw_logs/Perplexity_RAG/27. Strategic Decision Analysis_ Cuban Missile Crisis.pdf,6,1,Combination 1,,Tension,Tension  0.05  Diplomatic_Success),PER-27-N-00155,,판정 불가,, => ,,old_only,,False,unresolved_different_or_unmatched_no_forced_link,GLOBAL_ARITHMETIC_RATE_WITHHELD,pending
PER-27,runs/raw_logs/Perplexity_RAG/27. Strategic Decision Analysis_ Cuban Missile Crisis.pdf,6,1,Combination 3,,Tension,"Tension Dominance: All paths increase tension  0.55 0.70 , but hardline actions",PER-27-N-00153,,판정 불가,, => ,,old_only,,False,unresolved_different_or_unmatched_no_forced_link,GLOBAL_ARITHMETIC_RATE_WITHHELD,pending
PER-27,runs/raw_logs/Perplexity_RAG/27. Strategic Decision Analysis_ Cuban Missile Crisis.pdf,7,1,Combination 1,,Diplomatic_Support,Diplomatic_Support  0.07 (Σ  0.05 Strike  0.02 Defense_Prep),PER-27-N-00165,,판정 불가,, => ,,old_only,,False,unresolved_different_or_unmatched_no_forced_link,GLOBAL_ARITHMETIC_RATE_WITHHELD,pending
PER-27,runs/raw_logs/Perplexity_RAG/27. Strategic Decision Analysis_ Cuban Missile Crisis.pdf,7,1,Combination 1,,Leadership_Unity,Leadership_Unity  0.15 (Σ  0.10 Strike  0.05 Defense_Prep),PER-27-N-00169,,판정 불가,, => ,,old_only,,False,unresolved_different_or_unmatched_no_forced_link,GLOBAL_ARITHMETIC_RATE_WITHHELD,pending
PER-27,runs/raw_logs/Perplexity_RAG/27. Strategic Decision Analysis_ Cuban Missile Crisis.pdf,7,1,Combination 1,,Public_Opinion,Public_Opinion  0.07 (Σ  0.05 Strike  0.02 Defense_Prep),PER-27-N-00167,,판정 불가,, => ,,old_only,,False,unresolved_different_or_unmatched_no_forced_link,GLOBAL_ARITHMETIC_RATE_WITHHELD,pending
PER-27,runs/raw_logs/Perplexity_RAG/27. Strategic Decision Analysis_ Cuban Missile Crisis.pdf,7,1,Combination 1,,Tension,Tension  0.20 (Σ  0.15 Strike  0.05 Defense_Prep),PER-27-N-00163,,판정 불가,, => ,,old_only,,False,unresolved_different_or_unmatched_no_forced_link,GLOBAL_ARITHMETIC_RATE_WITHHELD,pending
PER-27,runs/raw_logs/Perplexity_RAG/27. Strategic Decision Analysis_ Cuban Missile Crisis.pdf,7,1,Combination 2,,Diplomatic_Support,Diplomatic_Support  0.10 (Σ  0.05 US Strike  0.05 USSR Strike),PER-27-N-00173,,판정 불가,, => ,,old_only,,False,unresolved_different_or_unmatched_no_forced_link,GLOBAL_ARITHMETIC_RATE_WITHHELD,pending
PER-27,runs/raw_logs/Perplexity_RAG/27. Strategic Decision Analysis_ Cuban Missile Crisis.pdf,7,1,Combination 2,,Public_Opinion,Public_Opinion  0.10 (Σ  0.05 US Strike  0.05 USSR Strike),PER-27-N-00175,,판정 불가,, => ,,old_only,,False,unresolved_different_or_unmatched_no_forced_link,GLOBAL_ARITHMETIC_RATE_WITHHELD,pending
PER-27,runs/raw_logs/Perplexity_RAG/27. Strategic Decision Analysis_ Cuban Missile Crisis.pdf,7,1,Combination 2,,Tension,Tension  0.30 (Σ  0.15 US Strike  0.15 USSR Strike),PER-27-N-00171,,판정 불가,, => ,,old_only,,False,unresolved_different_or_unmatched_no_forced_link,GLOBAL_ARITHMETIC_RATE_WITHHELD,pending
PER-27,runs/raw_logs/Perplexity_RAG/27. Strategic Decision Analysis_ Cuban Missile Crisis.pdf,8,1,Combination 2,,Diplomatic_Support,Diplomatic_Support  0.20 (Σ  0.10 US Diplomatic_Success  0.10 USSR Diplomatic_Success),PER-27-N-00181,,판정 불가,, => ,,old_only,,False,unresolved_different_or_unmatched_no_forced_link,GLOBAL_ARITHMETIC_RATE_WITHHELD,pending
PER-27,runs/raw_logs/Perplexity_RAG/27. Strategic Decision Analysis_ Cuban Missile Crisis.pdf,8,1,Combination 2,,Leadership_Unity,Leadership_Unity  0.10 (Σ  0.05 US Diplomatic_Success  0.05 USSR Diplomatic_Success),PER-27-N-00185,,판정 불가,, => ,,old_only,,False,unresolved_different_or_unmatched_no_forced_link,GLOBAL_ARITHMETIC_RATE_WITHHELD,pending
PER-27,runs/raw_logs/Perplexity_RAG/27. Strategic Decision Analysis_ Cuban Missile Crisis.pdf,8,1,Combination 2,,Leadership_Unity,Leadership_Unity  0.20 (Σ  0.10 US Strike  0.10 USSR Strike),PER-27-N-00177,,판정 불가,, => ,,old_only,,False,unresolved_different_or_unmatched_no_forced_link,GLOBAL_ARITHMETIC_RATE_WITHHELD,pending
PER-27,runs/raw_logs/Perplexity_RAG/27. Strategic Decision Analysis_ Cuban Missile Crisis.pdf,8,1,Combination 2,,Public_Opinion,Public_Opinion  0.10 (Σ  0.05 US Diplomatic_Success  0.05 USSR Diplomatic_Success),PER-27-N-00183,,판정 불가,, => ,,old_only,,False,unresolved_different_or_unmatched_no_forced_link,GLOBAL_ARITHMETIC_RATE_WITHHELD,pending
PER-27,runs/raw_logs/Perplexity_RAG/27. Strategic Decision Analysis_ Cuban Missile Crisis.pdf,8,1,Combination 2,,Tension,Tension  0.10 (Σ  0.05 US Diplomatic_Success  0.05 USSR Diplomatic_Success),PER-27-N-00179,,판정 불가,, => ,,old_only,,False,unresolved_different_or_unmatched_no_forced_link,GLOBAL_ARITHMETIC_RATE_WITHHELD,pending
PER-27,runs/raw_logs/Perplexity_RAG/27. Strategic Decision Analysis_ Cuban Missile Crisis.pdf,9,1,Combination 3,,Diplomatic_Support,Diplomatic_Support  0.12 (Σ  0.02 Defense_Prep  0.10 Diplomatic_Failure),PER-27-N-00189,,판정 불가,, => ,,old_only,,False,unresolved_different_or_unmatched_no_forced_link,GLOBAL_ARITHMETIC_RATE_WITHHELD,pending
PER-27,runs/raw_logs/Perplexity_RAG/27. Strategic Decision Analysis_ Cuban Missile Crisis.pdf,9,1,Combination 3,,Diplomatic_Support,Diplomatic_Support  0.20 (Σ  0.10 US Diplomatic_Success  0.10 USSR Diplomatic_Success),PER-27-N-00197,,판정 불가,, => ,,old_only,,False,unresolved_different_or_unmatched_no_forced_link,GLOBAL_ARITHMETIC_RATE_WITHHELD,pending
PER-27,runs/raw_logs/Perplexity_RAG/27. Strategic Decision Analysis_ Cuban Missile Crisis.pdf,9,1,Combination 3,,Leadership_Unity,Leadership_Unity  0.10 (Σ  0.05 Defense_Prep  0.05 Diplomatic_Failure),PER-27-N-00193,,판정 불가,, => ,,old_only,,False,unresolved_different_or_unmatched_no_forced_link,GLOBAL_ARITHMETIC_RATE_WITHHELD,pending
PER-27,runs/raw_logs/Perplexity_RAG/27. Strategic Decision Analysis_ Cuban Missile Crisis.pdf,9,1,Combination 3,,Leadership_Unity,Leadership_Unity  0.10 (Σ  0.05 US Diplomatic_Success  0.05 USSR Diplomatic_Success),PER-27-N-00201,,판정 불가,, => ,,old_only,,False,unresolved_different_or_unmatched_no_forced_link,GLOBAL_ARITHMETIC_RATE_WITHHELD,pending
PER-27,runs/raw_logs/Perplexity_RAG/27. Strategic Decision Analysis_ Cuban Missile Crisis.pdf,9,1,Combination 3,,Public_Opinion,Public_Opinion  0.07 (Σ  0.02 Defense_Prep  0.05 Diplomatic_Failure),PER-27-N-00191,,판정 불가,, => ,,old_only,,False,unresolved_different_or_unmatched_no_forced_link,GLOBAL_ARITHMETIC_RATE_WITHHELD,pending
PER-27,runs/raw_logs/Perplexity_RAG/27. Strategic Decision Analysis_ Cuban Missile Crisis.pdf,9,1,Combination 3,,Public_Opinion,Public_Opinion  0.10 (Σ  0.05 US Diplomatic_Success  0.05 USSR Diplomatic_Success),PER-27-N-00199,,판정 불가,, => ,,old_only,,False,unresolved_different_or_unmatched_no_forced_link,GLOBAL_ARITHMETIC_RATE_WITHHELD,pending
PER-27,runs/raw_logs/Perplexity_RAG/27. Strategic Decision Analysis_ Cuban Missile Crisis.pdf,9,1,Combination 3,,Tension,Tension  0.10 (Σ  0.05 US Diplomatic_Success  0.05 USSR Diplomatic_Success),PER-27-N-00195,,판정 불가,, => ,,old_only,,False,unresolved_different_or_unmatched_no_forced_link,GLOBAL_ARITHMETIC_RATE_WITHHELD,pending
PER-27,runs/raw_logs/Perplexity_RAG/27. Strategic Decision Analysis_ Cuban Missile Crisis.pdf,9,1,Combination 3,,Tension,Tension  0.15 (Σ  0.05 Defense_Prep  0.10 Diplomatic_Failure),PER-27-N-00187,,판정 불가,, => ,,old_only,,False,unresolved_different_or_unmatched_no_forced_link,GLOBAL_ARITHMETIC_RATE_WITHHELD,pending
PER-28,runs/raw_logs/Perplexity_RAG/28. You are a tool for modeling strategic decisions. A (1).pdf,11,3,Combination 1,,Diplomatic_Support,Diplomatic_Support: 0.46  0.51  0.05 ,PER-28-N-00031,,판정 불가,,0.46 => ,,old_only,,False,unresolved_different_or_unmatched_no_forced_link,GLOBAL_ARITHMETIC_RATE_WITHHELD,pending
PER-28,runs/raw_logs/Perplexity_RAG/28. You are a tool for modeling strategic decisions. A (1).pdf,11,3,Combination 1,,Diplomatic_Support,Diplomatic_Support: 0.46 (0.51 -0.05),,PDFIUM-PER-28-N-00054,,준수,,0.46 => 0.46,candidate_only,,False,unresolved_different_or_unmatched_no_forced_link,GLOBAL_ARITHMETIC_RATE_WITHHELD,pending
PER-28,runs/raw_logs/Perplexity_RAG/28. You are a tool for modeling strategic decisions. A (1).pdf,11,3,Combination 1,,Leadership_Unity,Leadership_Unity: 0.70  0.75  0.05 ,PER-28-N-00033,,판정 불가,,0.70 => ,,old_only,,False,unresolved_different_or_unmatched_no_forced_link,GLOBAL_ARITHMETIC_RATE_WITHHELD,pending
PER-28,runs/raw_logs/Perplexity_RAG/28. You are a tool for modeling strategic decisions. A (1).pdf,11,3,Combination 1,,Leadership_Unity,Leadership_Unity: 0.70 (0.75 -0.05),,PDFIUM-PER-28-N-00060,,준수,,0.7 => 0.7,candidate_only,,False,unresolved_different_or_unmatched_no_forced_link,GLOBAL_ARITHMETIC_RATE_WITHHELD,pending
PER-28,runs/raw_logs/Perplexity_RAG/28. You are a tool for modeling strategic decisions. A (1).pdf,11,3,Combination 1,,Public_Opinion,Public_Opinion: 0.86  0.91  0.05 ,PER-28-N-00032,,판정 불가,,0.86 => ,,old_only,,False,unresolved_different_or_unmatched_no_forced_link,GLOBAL_ARITHMETIC_RATE_WITHHELD,pending
PER-28,runs/raw_logs/Perplexity_RAG/28. You are a tool for modeling strategic decisions. A (1).pdf,11,3,Combination 1,,Public_Opinion,Public_Opinion: 0.86 (0.91 -0.05),,PDFIUM-PER-28-N-00057,,준수,,0.86 => 0.86,candidate_only,,False,unresolved_different_or_unmatched_no_forced_link,GLOBAL_ARITHMETIC_RATE_WITHHELD,pending
PER-28,runs/raw_logs/Perplexity_RAG/28. You are a tool for modeling strategic decisions. A (1).pdf,11,3,Combination 1,,Tension,Tension: 1.0  Clamped),PER-28-N-00030,,판정 불가,,1.0 => ,,old_only,,False,unresolved_different_or_unmatched_no_forced_link,GLOBAL_ARITHMETIC_RATE_WITHHELD,pending
PER-28,runs/raw_logs/Perplexity_RAG/28. You are a tool for modeling strategic decisions. A (1).pdf,12,3,Combination 2,,Diplomatic_Support,Diplomatic_Support: 0.26  0.31  0.05 ,PER-28-N-00035,,판정 불가,,0.26 => ,,old_only,,False,unresolved_different_or_unmatched_no_forced_link,GLOBAL_ARITHMETIC_RATE_WITHHELD,pending
PER-28,runs/raw_logs/Perplexity_RAG/28. You are a tool for modeling strategic decisions. A (1).pdf,12,3,Combination 2,,Diplomatic_Support,Diplomatic_Support: 0.26 (0.31 -0.05),,PDFIUM-PER-28-N-00067,,준수,,0.26 => 0.26,candidate_only,,False,unresolved_different_or_unmatched_no_forced_link,GLOBAL_ARITHMETIC_RATE_WITHHELD,pending
PER-28,runs/raw_logs/Perplexity_RAG/28. You are a tool for modeling strategic decisions. A (1).pdf,12,3,Combination 2,,Leadership_Unity,Leadership_Unity: 0.50  0.55  0.05 ,PER-28-N-00037,,판정 불가,,0.50 => ,,old_only,,False,unresolved_different_or_unmatched_no_forced_link,GLOBAL_ARITHMETIC_RATE_WITHHELD,pending
PER-28,runs/raw_logs/Perplexity_RAG/28. You are a tool for modeling strategic decisions. A (1).pdf,12,3,Combination 2,,Leadership_Unity,Leadership_Unity: 0.50 (0.55 -0.05),,PDFIUM-PER-28-N-00073,,준수,,0.5 => 0.5,candidate_only,,False,unresolved_different_or_unmatched_no_forced_link,GLOBAL_ARITHMETIC_RATE_WITHHELD,pending
PER-28,runs/raw_logs/Perplexity_RAG/28. You are a tool for modeling strategic decisions. A (1).pdf,12,3,Combination 2,,Public_Opinion,Public_Opinion: 0.76  0.81  0.05 ,PER-28-N-00036,,판정 불가,,0.76 => ,,old_only,,False,unresolved_different_or_unmatched_no_forced_link,GLOBAL_ARITHMETIC_RATE_WITHHELD,pending
PER-28,runs/raw_logs/Perplexity_RAG/28. You are a tool for modeling strategic decisions. A (1).pdf,12,3,Combination 2,,Public_Opinion,Public_Opinion: 0.76 (0.81 -0.05),,PDFIUM-PER-28-N-00070,,준수,,0.76 => 0.76,candidate_only,,False,unresolved_different_or_unmatched_no_forced_link,GLOBAL_ARITHMETIC_RATE_WITHHELD,pending
PER-28,runs/raw_logs/Perplexity_RAG/28. You are a tool for modeling strategic decisions. A (1).pdf,12,3,Combination 2,,Tension,Tension: 1.0  Clamped),PER-28-N-00034,,판정 불가,,1.0 => ,,old_only,,False,unresolved_different_or_unmatched_no_forced_link,GLOBAL_ARITHMETIC_RATE_WITHHELD,pending
PER-28,runs/raw_logs/Perplexity_RAG/28. You are a tool for modeling strategic decisions. A (1).pdf,13,3,Combination 3,,Diplomatic_Support,Diplomatic_Support: 1.0  Clamped from 0.95  0.10 ,PER-28-N-00039,,판정 불가,,1.0 => ,,old_only,,False,unresolved_different_or_unmatched_no_forced_link,GLOBAL_ARITHMETIC_RATE_WITHHELD,pending
PER-28,runs/raw_logs/Perplexity_RAG/28. You are a tool for modeling strategic decisions. A (1).pdf,13,3,Combination 3,,Diplomatic_Support,Diplomatic_Support: 1.0 (Clamped from 0.95 +0.10),,PDFIUM-PER-28-N-00081,,준수,,1 => 1,candidate_only,,False,unresolved_different_or_unmatched_no_forced_link,GLOBAL_ARITHMETIC_RATE_WITHHELD,pending
PER-28,runs/raw_logs/Perplexity_RAG/28. You are a tool for modeling strategic decisions. A (1).pdf,13,3,Combination 3,,Diplomatic_Support,leveraging Diplomatic_Support  0.8 to bypass triggers  Variable_Matrix].,PER-28-N-00076,,판정 불가,, => ,,old_only,,False,unresolved_different_or_unmatched_no_forced_link,GLOBAL_ARITHMETIC_RATE_WITHHELD,pending
PER-28,runs/raw_logs/Perplexity_RAG/28. You are a tool for modeling strategic decisions. A (1).pdf,13,3,Combination 3,,Leadership_Unity,Leadership_Unity: 0.55  0.50  0.05 ,PER-28-N-00041,,판정 불가,,0.55 => ,,old_only,,False,unresolved_different_or_unmatched_no_forced_link,GLOBAL_ARITHMETIC_RATE_WITHHELD,pending
PER-28,runs/raw_logs/Perplexity_RAG/28. You are a tool for modeling strategic decisions. A (1).pdf,13,3,Combination 3,,Leadership_Unity,Leadership_Unity: 0.55 (0.50 +0.05),,PDFIUM-PER-28-N-00087,,준수,,0.55 => 0.55,candidate_only,,False,unresolved_different_or_unmatched_no_forced_link,GLOBAL_ARITHMETIC_RATE_WITHHELD,pending
PER-28,runs/raw_logs/Perplexity_RAG/28. You are a tool for modeling strategic decisions. A (1).pdf,13,3,Combination 3,,Public_Opinion,Public_Opinion: 1.0  Clamped from 0.95  0.05 ,PER-28-N-00040,,판정 불가,,1.0 => ,,old_only,,False,unresolved_different_or_unmatched_no_forced_link,GLOBAL_ARITHMETIC_RATE_WITHHELD,pending
PER-28,runs/raw_logs/Perplexity_RAG/28. You are a tool for modeling strategic decisions. A (1).pdf,13,3,Combination 3,,Public_Opinion,Public_Opinion: 1.0 (Clamped from 0.95 +0.05),,PDFIUM-PER-28-N-00084,,준수,,1 => 1,candidate_only,,False,unresolved_different_or_unmatched_no_forced_link,GLOBAL_ARITHMETIC_RATE_WITHHELD,pending
PER-28,runs/raw_logs/Perplexity_RAG/28. You are a tool for modeling strategic decisions. A (1).pdf,13,3,Combination 3,,Tension,Tension: 0.55  0.60  0.05 ,PER-28-N-00038,,판정 불가,,0.55 => ,,old_only,,False,unresolved_different_or_unmatched_no_forced_link,GLOBAL_ARITHMETIC_RATE_WITHHELD,pending
PER-28,runs/raw_logs/Perplexity_RAG/28. You are a tool for modeling strategic decisions. A (1).pdf,13,3,Combination 3,,Tension,Tension: 0.55 (0.60 -0.05),,PDFIUM-PER-28-N-00078,,준수,,0.55 => 0.55,candidate_only,,False,unresolved_different_or_unmatched_no_forced_link,GLOBAL_ARITHMETIC_RATE_WITHHELD,pending
PER-28,runs/raw_logs/Perplexity_RAG/28. You are a tool for modeling strategic decisions. A (1).pdf,5,1,", and",,Leadership_Unity,Leadership_Unity: 1.0 (clamped from 1.35  Hardline Response Path: US Air Strikes + USSR Limited Escalation,PER-28-N-00005,,판정 불가,,1.0 => ,,old_only,,False,unresolved_different_or_unmatched_no_forced_link,GLOBAL_ARITHMETIC_RATE_WITHHELD,pending
PER-28,runs/raw_logs/Perplexity_RAG/28. You are a tool for modeling strategic decisions. A (1).pdf,5,1,", and",,Public_Opinion,Public_Opinion: 1.0 (clamped from 1.73 ,PER-28-N-00004,,판정 불가,,1.0 => ,,old_only,,False,unresolved_different_or_unmatched_no_forced_link,GLOBAL_ARITHMETIC_RATE_WITHHELD,pending
PER-28,runs/raw_logs/Perplexity_RAG/28. You are a tool for modeling strategic decisions. A (1).pdf,5,1,", and",,Tension,Tension: 1.0 (clamped from 1.5 ,PER-28-N-00001,,판정 불가,,1.0 => ,,old_only,,False,unresolved_different_or_unmatched_no_forced_link,GLOBAL_ARITHMETIC_RATE_WITHHELD,pending
PER-28,runs/raw_logs/Perplexity_RAG/28. You are a tool for modeling strategic decisions. A (1).pdf,6,1,", and",,Leadership_Unity,Leadership_Unity: 1.0 (clamped from 1.9  Diplomatic Resolution Path: US Diplomatic Engagement + USSR Backchannel Negotiation,PER-28-N-00010,,판정 불가,,1.0 => ,,old_only,,False,unresolved_different_or_unmatched_no_forced_link,GLOBAL_ARITHMETIC_RATE_WITHHELD,pending
PER-28,runs/raw_logs/Perplexity_RAG/28. You are a tool for modeling strategic decisions. A (1).pdf,6,1,", and",,Public_Opinion,Public_Opinion: 1.0 (clamped from 1.13 ,PER-28-N-00009,,판정 불가,,1.0 => ,,old_only,,False,unresolved_different_or_unmatched_no_forced_link,GLOBAL_ARITHMETIC_RATE_WITHHELD,pending
PER-28,runs/raw_logs/Perplexity_RAG/28. You are a tool for modeling strategic decisions. A (1).pdf,6,1,", and",,Public_Opinion,Public_Opinion: 1.0 (clamped from 1.2 ,PER-28-N-00015,,판정 불가,,1.0 => ,,old_only,,False,unresolved_different_or_unmatched_no_forced_link,GLOBAL_ARITHMETIC_RATE_WITHHELD,pending
PER-28,runs/raw_logs/Perplexity_RAG/28. You are a tool for modeling strategic decisions. A (1).pdf,6,1,", and",,Tension,"   Diplomatic paths avoided triggers by maintaining Tension  0.8, enabling continued",PER-28-N-00066,,판정 불가,, => ,,old_only,,False,unresolved_different_or_unmatched_no_forced_link,GLOBAL_ARITHMETIC_RATE_WITHHELD,pending
PER-28,runs/raw_logs/Perplexity_RAG/28. You are a tool for modeling strategic decisions. A (1).pdf,6,1,", and",,Tension,Tension: 1.0 (clamped from 1.65 ,PER-28-N-00006,,판정 불가,,1.0 => ,,old_only,,False,unresolved_different_or_unmatched_no_forced_link,GLOBAL_ARITHMETIC_RATE_WITHHELD,pending
PER-28,runs/raw_logs/Perplexity_RAG/28. You are a tool for modeling strategic decisions. A (1).pdf,7,2,for Turn 2 Event,,Diplomatic_Support,Diplomatic_Support: 0.61  0.58  0.02 Event  0.10 US  0.02 USSR ,PER-28-N-00019,,판정 불가,,0.61 => ,,old_only,,False,unresolved_different_or_unmatched_no_forced_link,GLOBAL_ARITHMETIC_RATE_WITHHELD,pending
PER-28,runs/raw_logs/Perplexity_RAG/28. You are a tool for modeling strategic decisions. A (1).pdf,7,2,for Turn 2 Event,,Diplomatic_Support,Diplomatic_Support: 0.61 (0.58 -0.02 Event +0.10 US -0.02 USSR),,PDFIUM-PER-28-N-00021,,위반,,0.61 => 0.56,candidate_only,,False,unresolved_different_or_unmatched_no_forced_link,GLOBAL_ARITHMETIC_RATE_WITHHELD,pending
PER-28,runs/raw_logs/Perplexity_RAG/28. You are a tool for modeling strategic decisions. A (1).pdf,7,2,for Turn 2 Event,,Tension,Tension: 1.0  1.0   0.05 Event  0.05 US  0.05 USSR   1.05 → clamped),PER-28-N-00018,,판정 불가,,1.0 => ,,old_only,,False,unresolved_different_or_unmatched_no_forced_link,GLOBAL_ARITHMETIC_RATE_WITHHELD,pending
PER-28,runs/raw_logs/Perplexity_RAG/28. You are a tool for modeling strategic decisions. A (1).pdf,7,2,for Turn 2 Event,,Tension,Tension: 1.0 (1.0 + 0.05 Event -0.05 US +0.05 USSR = 1.05 → clamped),,PDFIUM-PER-28-N-00020,,준수,,1 => 1,candidate_only,,False,unresolved_different_or_unmatched_no_forced_link,GLOBAL_ARITHMETIC_RATE_WITHHELD,pending
PER-28,runs/raw_logs/Perplexity_RAG/28. You are a tool for modeling strategic decisions. A (1).pdf,8,2,for Turn 2 Event,,Diplomatic_Support,Diplomatic_Support  0.61   0.5  → No trigger,PER-28-N-00070,,판정 불가,, => ,,old_only,,False,unresolved_different_or_unmatched_no_forced_link,GLOBAL_ARITHMETIC_RATE_WITHHELD,pending
PER-28,runs/raw_logs/Perplexity_RAG/28. You are a tool for modeling strategic decisions. A (1).pdf,8,2,for Turn 2 Event,,Diplomatic_Support,Diplomatic_Support: 0.36  0.53  0.02 Event  0.05 US ,PER-28-N-00023,,판정 불가,,0.36 => ,,old_only,,False,unresolved_different_or_unmatched_no_forced_link,GLOBAL_ARITHMETIC_RATE_WITHHELD,pending
PER-28,runs/raw_logs/Perplexity_RAG/28. You are a tool for modeling strategic decisions. A (1).pdf,8,2,for Turn 2 Event,,Diplomatic_Support,Diplomatic_Support: 0.36 (0.53 -0.02 Event -0.05 US),,PDFIUM-PER-28-N-00031,,위반,,0.36 => 0.51,candidate_only,,False,unresolved_different_or_unmatched_no_forced_link,GLOBAL_ARITHMETIC_RATE_WITHHELD,pending
PER-28,runs/raw_logs/Perplexity_RAG/28. You are a tool for modeling strategic decisions. A (1).pdf,8,2,for Turn 2 Event,,Leadership_Unity,Leadership_Unity: 0.75  1.0  0.05 Event  0.10 USSR ,PER-28-N-00025,,판정 불가,,0.75 => ,,old_only,,False,unresolved_different_or_unmatched_no_forced_link,GLOBAL_ARITHMETIC_RATE_WITHHELD,pending
PER-28,runs/raw_logs/Perplexity_RAG/28. You are a tool for modeling strategic decisions. A (1).pdf,8,2,for Turn 2 Event,,Leadership_Unity,Leadership_Unity: 0.75 (1.0 -0.05 Event -0.10 USSR),,PDFIUM-PER-28-N-00037,,위반,,0.75 => 0.95,candidate_only,,False,unresolved_different_or_unmatched_no_forced_link,GLOBAL_ARITHMETIC_RATE_WITHHELD,pending
PER-28,runs/raw_logs/Perplexity_RAG/28. You are a tool for modeling strategic decisions. A (1).pdf,8,2,for Turn 2 Event,,Leadership_Unity,Leadership_Unity: 0.90  1.0  0.05 Event  0.05 USSR ,PER-28-N-00021,,판정 불가,,0.90 => ,,old_only,,False,unresolved_different_or_unmatched_no_forced_link,GLOBAL_ARITHMETIC_RATE_WITHHELD,pending
PER-28,runs/raw_logs/Perplexity_RAG/28. You are a tool for modeling strategic decisions. A (1).pdf,8,2,for Turn 2 Event,,Leadership_Unity,Leadership_Unity: 0.90 (1.0 -0.05 Event -0.05 USSR),,PDFIUM-PER-28-N-00025,,위반,,0.9 => 0.95,candidate_only,,False,unresolved_different_or_unmatched_no_forced_link,GLOBAL_ARITHMETIC_RATE_WITHHELD,pending
PER-28,runs/raw_logs/Perplexity_RAG/28. You are a tool for modeling strategic decisions. A (1).pdf,8,2,for Turn 2 Event,,Public_Opinion,Public_Opinion: 0.91  1.0  0.02 Event  0.07 cumulative),PER-28-N-00024,,판정 불가,,0.91 => ,,old_only,,False,unresolved_different_or_unmatched_no_forced_link,GLOBAL_ARITHMETIC_RATE_WITHHELD,pending
PER-28,runs/raw_logs/Perplexity_RAG/28. You are a tool for modeling strategic decisions. A (1).pdf,8,2,for Turn 2 Event,,Public_Opinion,Public_Opinion: 0.91 (1.0 -0.02 Event -0.07 cumulative),,PDFIUM-PER-28-N-00034,,위반,,0.91 => 0.98,candidate_only,,False,unresolved_different_or_unmatched_no_forced_link,GLOBAL_ARITHMETIC_RATE_WITHHELD,pending
PER-28,runs/raw_logs/Perplexity_RAG/28. You are a tool for modeling strategic decisions. A (1).pdf,8,2,for Turn 2 Event,,Public_Opinion,Public_Opinion: 0.96  1.0  0.02 Event),PER-28-N-00020,,판정 불가,,0.96 => ,,old_only,,False,unresolved_different_or_unmatched_no_forced_link,GLOBAL_ARITHMETIC_RATE_WITHHELD,pending
PER-28,runs/raw_logs/Perplexity_RAG/28. You are a tool for modeling strategic decisions. A (1).pdf,8,2,for Turn 2 Event,,Public_Opinion,Public_Opinion: 0.96 (1.0 -0.02 Event),,PDFIUM-PER-28-N-00022,,위반,,0.96 => 0.98,candidate_only,,False,unresolved_different_or_unmatched_no_forced_link,GLOBAL_ARITHMETIC_RATE_WITHHELD,pending
PER-28,runs/raw_logs/Perplexity_RAG/28. You are a tool for modeling strategic decisions. A (1).pdf,8,2,for Turn 2 Event,,Tension,Tension  1.0 ≥ 0.8  → Military Conflict Risk Increased,PER-28-N-00068 | PER-28-N-00072,,판정 불가 | 판정 불가,, =>  |  => ,,old_only,,False,unresolved_different_or_unmatched_no_forced_link,GLOBAL_ARITHMETIC_RATE_WITHHELD,pending
PER-28,runs/raw_logs/Perplexity_RAG/28. You are a tool for modeling strategic decisions. A (1).pdf,8,2,for Turn 2 Event,,Tension,Tension: 1.0  1.0  0.05 Event  0.15 US  0.15 USSR   1.25 → clamped),PER-28-N-00022,,판정 불가,,1.0 => ,,old_only,,False,unresolved_different_or_unmatched_no_forced_link,GLOBAL_ARITHMETIC_RATE_WITHHELD,pending
PER-28,runs/raw_logs/Perplexity_RAG/28. You are a tool for modeling strategic decisions. A (1).pdf,8,2,for Turn 2 Event,,Tension,Tension: 1.0 (1.0 +0.05 Event +0.15 US +0.15 USSR = 1.25 → clamped),,PDFIUM-PER-28-N-00028,,준수,,1 => 1,candidate_only,,False,unresolved_different_or_unmatched_no_forced_link,GLOBAL_ARITHMETIC_RATE_WITHHELD,pending
PER-28,runs/raw_logs/Perplexity_RAG/28. You are a tool for modeling strategic decisions. A (1).pdf,9,2,for Turn 2 Event,,Diplomatic_Support,Diplomatic_Support  0.36 ≤ 0.5  → Diplomatic Isolation,PER-28-N-00074,,판정 불가,, => ,,old_only,,False,unresolved_different_or_unmatched_no_forced_link,GLOBAL_ARITHMETIC_RATE_WITHHELD,pending
PER-28,runs/raw_logs/Perplexity_RAG/28. You are a tool for modeling strategic decisions. A (1).pdf,9,2,for Turn 2 Event,,Diplomatic_Support,Diplomatic_Support: 0.80  0.6  0.02 Event  0.10 US  0.10 USSR ,PER-28-N-00027,,판정 불가,,0.80 => ,,old_only,,False,unresolved_different_or_unmatched_no_forced_link,GLOBAL_ARITHMETIC_RATE_WITHHELD,pending
PER-28,runs/raw_logs/Perplexity_RAG/28. You are a tool for modeling strategic decisions. A (1).pdf,9,2,for Turn 2 Event,,Diplomatic_Support,Diplomatic_Support: 0.80 (0.6 -0.02 Event +0.10 US +0.10 USSR),,PDFIUM-PER-28-N-00043,,위반,,0.8 => 0.58,candidate_only,,False,unresolved_different_or_unmatched_no_forced_link,GLOBAL_ARITHMETIC_RATE_WITHHELD,pending
PER-28,runs/raw_logs/Perplexity_RAG/28. You are a tool for modeling strategic decisions. A (1).pdf,9,2,for Turn 2 Event,,Leadership_Unity,Leadership_Unity: 0.60  0.6  0.05 Event),PER-28-N-00029,,판정 불가,,0.60 => ,,old_only,,False,unresolved_different_or_unmatched_no_forced_link,GLOBAL_ARITHMETIC_RATE_WITHHELD,pending
PER-28,runs/raw_logs/Perplexity_RAG/28. You are a tool for modeling strategic decisions. A (1).pdf,9,2,for Turn 2 Event,,Leadership_Unity,Leadership_Unity: 0.60 (0.6 -0.05 Event),,PDFIUM-PER-28-N-00049,,위반,,0.6 => 0.55,candidate_only,,False,unresolved_different_or_unmatched_no_forced_link,GLOBAL_ARITHMETIC_RATE_WITHHELD,pending
PER-28,runs/raw_logs/Perplexity_RAG/28. You are a tool for modeling strategic decisions. A (1).pdf,9,2,for Turn 2 Event,,Public_Opinion,Public_Opinion: 1.0  1.0  0.02 Event → clamped),PER-28-N-00028,,판정 불가,,1.0 => ,,old_only,,False,unresolved_different_or_unmatched_no_forced_link,GLOBAL_ARITHMETIC_RATE_WITHHELD,pending
PER-28,runs/raw_logs/Perplexity_RAG/28. You are a tool for modeling strategic decisions. A (1).pdf,9,2,for Turn 2 Event,,Public_Opinion,Public_Opinion: 1.0 (1.0 -0.02 Event → clamped),,PDFIUM-PER-28-N-00046,,위반,,1 => 0.98,candidate_only,,False,unresolved_different_or_unmatched_no_forced_link,GLOBAL_ARITHMETIC_RATE_WITHHELD,pending
PER-28,runs/raw_logs/Perplexity_RAG/28. You are a tool for modeling strategic decisions. A (1).pdf,9,2,for Turn 2 Event,,Tension,Tension: 0.55  0.7  0.05 Event  0.05 US  0.05 USSR ,PER-28-N-00026,,판정 불가,,0.55 => ,,old_only,,False,unresolved_different_or_unmatched_no_forced_link,GLOBAL_ARITHMETIC_RATE_WITHHELD,pending
PER-28,runs/raw_logs/Perplexity_RAG/28. You are a tool for modeling strategic decisions. A (1).pdf,9,2,for Turn 2 Event,,Tension,Tension: 0.55 (0.7 +0.05 Event -0.05 US -0.05 USSR),,PDFIUM-PER-28-N-00040,,위반,,0.55 => 0.75,candidate_only,,False,unresolved_different_or_unmatched_no_forced_link,GLOBAL_ARITHMETIC_RATE_WITHHELD,pending
PER-29,runs/raw_logs/Perplexity_RAG/29. Strategic Decision Modeling_ U.S. and Soviet React.pdf,10,2,Combination 3,,Diplomatic_Support,Diplomatic Support: 0.40 (0.45 - 0.05),,PDFIUM-PER-29-N-00029,,준수,,0.4 => 0.4,candidate_only,,False,unresolved_different_or_unmatched_no_forced_link,GLOBAL_ARITHMETIC_RATE_WITHHELD,pending
PER-29,runs/raw_logs/Perplexity_RAG/29. Strategic Decision Modeling_ U.S. and Soviet React.pdf,10,2,Combination 3,,Leadership_Unity,Leadership Unity: 0.30 (0.40 - 0.10),,PDFIUM-PER-29-N-00031,,준수,,0.3 => 0.3,candidate_only,,False,unresolved_different_or_unmatched_no_forced_link,GLOBAL_ARITHMETIC_RATE_WITHHELD,pending
PER-29,runs/raw_logs/Perplexity_RAG/29. Strategic Decision Modeling_ U.S. and Soviet React.pdf,10,2,Combination 3,,Public_Opinion,Public Opinion: 0.90 (0.95 - 0.05),,PDFIUM-PER-29-N-00030,,준수,,0.9 => 0.9,candidate_only,,False,unresolved_different_or_unmatched_no_forced_link,GLOBAL_ARITHMETIC_RATE_WITHHELD,pending
PER-29,runs/raw_logs/Perplexity_RAG/29. Strategic Decision Modeling_ U.S. and Soviet React.pdf,10,2,Combination 3,,Tension,Tension: 0.80 (0.65 + 0.15),,PDFIUM-PER-29-N-00028,,준수,,0.8 => 0.8,candidate_only,,False,unresolved_different_or_unmatched_no_forced_link,GLOBAL_ARITHMETIC_RATE_WITHHELD,pending
PER-29,runs/raw_logs/Perplexity_RAG/29. Strategic Decision Modeling_ U.S. and Soviet React.pdf,12,3,Combination 1,,Diplomatic_Support,Diplomatic Support: 0.26  0.33   DEFCON 2 Δ0.02 - Submarine Δ0.05),PER-29-N-00041,,판정 불가,,0.26 => ,,old_only,,False,unresolved_different_or_unmatched_no_forced_link,GLOBAL_ARITHMETIC_RATE_WITHHELD,pending
PER-29,runs/raw_logs/Perplexity_RAG/29. Strategic Decision Modeling_ U.S. and Soviet React.pdf,12,3,Combination 1,,Leadership_Unity,Leadership Unity: 0.50  0.75   DEFCON 2 Δ0.05 - Submarine Δ0.10),PER-29-N-00043,,판정 불가,,0.50 => ,,old_only,,False,unresolved_different_or_unmatched_no_forced_link,GLOBAL_ARITHMETIC_RATE_WITHHELD,pending
PER-29,runs/raw_logs/Perplexity_RAG/29. Strategic Decision Modeling_ U.S. and Soviet React.pdf,12,3,Combination 1,,Public_Opinion,Public Opinion: 0.26  0.33   DEFCON 2 Δ0.02 - Submarine Δ0.05),PER-29-N-00042,,판정 불가,,0.26 => ,,old_only,,False,unresolved_different_or_unmatched_no_forced_link,GLOBAL_ARITHMETIC_RATE_WITHHELD,pending
PER-29,runs/raw_logs/Perplexity_RAG/29. Strategic Decision Modeling_ U.S. and Soviet React.pdf,12,3,Combination 1,,Tension,Tension: 1.0 (clamped; initial 1.0   DEFCON 2 Δ0.05 + Submarine Δ0.15),PER-29-N-00040,,판정 불가,,1.0 => ,,old_only,,False,unresolved_different_or_unmatched_no_forced_link,GLOBAL_ARITHMETIC_RATE_WITHHELD,pending
PER-29,runs/raw_logs/Perplexity_RAG/29. Strategic Decision Modeling_ U.S. and Soviet React.pdf,13,3,Combination 2,,Diplomatic_Support,Diplomatic Support: 0.21  0.28   DEFCON 2 Δ0.02 - Submarine Δ0.05),PER-29-N-00045,,판정 불가,,0.21 => ,,old_only,,False,unresolved_different_or_unmatched_no_forced_link,GLOBAL_ARITHMETIC_RATE_WITHHELD,pending
PER-29,runs/raw_logs/Perplexity_RAG/29. Strategic Decision Modeling_ U.S. and Soviet React.pdf,13,3,Combination 2,,Leadership_Unity,Leadership Unity: 0.0  0.05   DEFCON 2 Δ0.05 - Submarine Δ0.10; clamped),PER-29-N-00047,,판정 불가,,0.0 => ,,old_only,,False,unresolved_different_or_unmatched_no_forced_link,GLOBAL_ARITHMETIC_RATE_WITHHELD,pending
PER-29,runs/raw_logs/Perplexity_RAG/29. Strategic Decision Modeling_ U.S. and Soviet React.pdf,13,3,Combination 2,,Public_Opinion,Public Opinion: 0.76  0.83   DEFCON 2 Δ0.02 - Submarine Δ0.05),PER-29-N-00046,,판정 불가,,0.76 => ,,old_only,,False,unresolved_different_or_unmatched_no_forced_link,GLOBAL_ARITHMETIC_RATE_WITHHELD,pending
PER-29,runs/raw_logs/Perplexity_RAG/29. Strategic Decision Modeling_ U.S. and Soviet React.pdf,13,3,Combination 2,,Tension,Tension: 1.0 (clamped; initial 0.8   DEFCON 2 Δ0.05 + Submarine Δ0.15),PER-29-N-00044,,판정 불가,,1.0 => ,,old_only,,False,unresolved_different_or_unmatched_no_forced_link,GLOBAL_ARITHMETIC_RATE_WITHHELD,pending
PER-29,runs/raw_logs/Perplexity_RAG/29. Strategic Decision Modeling_ U.S. and Soviet React.pdf,15,3,Combination 3,,Diplomatic_Support,Diplomatic Support: 0.26  0.33   DEFCON 2 Δ0.02 - Submarine Δ0.05),PER-29-N-00049,,판정 불가,,0.26 => ,,old_only,,False,unresolved_different_or_unmatched_no_forced_link,GLOBAL_ARITHMETIC_RATE_WITHHELD,pending
PER-29,runs/raw_logs/Perplexity_RAG/29. Strategic Decision Modeling_ U.S. and Soviet React.pdf,15,3,Combination 3,,Leadership_Unity,Leadership Unity: 0.0  0.15   DEFCON 2 Δ0.05 - Submarine Δ0.10; clamped),PER-29-N-00051,,판정 불가,,0.0 => ,,old_only,,False,unresolved_different_or_unmatched_no_forced_link,GLOBAL_ARITHMETIC_RATE_WITHHELD,pending
PER-29,runs/raw_logs/Perplexity_RAG/29. Strategic Decision Modeling_ U.S. and Soviet React.pdf,15,3,Combination 3,,Public_Opinion,Public Opinion: 0.76  0.83   DEFCON 2 Δ0.02 - Submarine Δ0.05),PER-29-N-00050,,판정 불가,,0.76 => ,,old_only,,False,unresolved_different_or_unmatched_no_forced_link,GLOBAL_ARITHMETIC_RATE_WITHHELD,pending
PER-29,runs/raw_logs/Perplexity_RAG/29. Strategic Decision Modeling_ U.S. and Soviet React.pdf,15,3,Combination 3,,Tension,Tension: 1.0 (clamped; initial 0.8   DEFCON 2 Δ0.05 + Submarine Δ0.15),PER-29-N-00048,,판정 불가,,1.0 => ,,old_only,,False,unresolved_different_or_unmatched_no_forced_link,GLOBAL_ARITHMETIC_RATE_WITHHELD,pending
PER-29,runs/raw_logs/Perplexity_RAG/29. Strategic Decision Modeling_ U.S. and Soviet React.pdf,3,1,Combination 1,,Leadership_Unity,"Leadership Unity:  0.5  Blockade:  0.8, clamped to 1.0 ceiling)",PER-29-N-00054,,판정 불가,, => ,,old_only,,False,unresolved_different_or_unmatched_no_forced_link,GLOBAL_ARITHMETIC_RATE_WITHHELD,pending
PER-29,runs/raw_logs/Perplexity_RAG/29. Strategic Decision Modeling_ U.S. and Soviet React.pdf,3,1,Combination 1,,Tension,"Tension:  0.75  Blockade:  0.3, Covert Deployment:  0.45 ",PER-29-N-00052,,판정 불가,, => ,,old_only,,False,unresolved_different_or_unmatched_no_forced_link,GLOBAL_ARITHMETIC_RATE_WITHHELD,pending
PER-29,runs/raw_logs/Perplexity_RAG/29. Strategic Decision Modeling_ U.S. and Soviet React.pdf,3,1,Combination 1,,Tension,Tension: 1.0  Initial 0.5 + Δ0.5 after clamping),PER-29-N-00001,,판정 불가,,1.0 => ,,old_only,,False,unresolved_different_or_unmatched_no_forced_link,GLOBAL_ARITHMETIC_RATE_WITHHELD,pending
PER-29,runs/raw_logs/Perplexity_RAG/29. Strategic Decision Modeling_ U.S. and Soviet React.pdf,3,1,Combination 2,,Diplomatic_Support,Diplomatic Support:  0.05  Air Strike),PER-29-N-00058,,판정 불가,, => ,,old_only,,False,unresolved_different_or_unmatched_no_forced_link,GLOBAL_ARITHMETIC_RATE_WITHHELD,pending
PER-29,runs/raw_logs/Perplexity_RAG/29. Strategic Decision Modeling_ U.S. and Soviet React.pdf,3,1,Combination 2,,Leadership_Unity,Leadership Unity:  0.10  Air Strike),PER-29-N-00062,,판정 불가,, => ,,old_only,,False,unresolved_different_or_unmatched_no_forced_link,GLOBAL_ARITHMETIC_RATE_WITHHELD,pending
PER-29,runs/raw_logs/Perplexity_RAG/29. Strategic Decision Modeling_ U.S. and Soviet React.pdf,3,1,Combination 2,,Public_Opinion,"Public Opinion:  0.5  Public Escalation:  0.55, clamped to 1.0 ",PER-29-N-00060,,판정 불가,, => ,,old_only,,False,unresolved_different_or_unmatched_no_forced_link,GLOBAL_ARITHMETIC_RATE_WITHHELD,pending
PER-29,runs/raw_logs/Perplexity_RAG/29. Strategic Decision Modeling_ U.S. and Soviet React.pdf,3,1,Combination 2,,Tension,Tension:  0.15  Air Strike:  0.15 ,PER-29-N-00056,,판정 불가,, => ,,old_only,,False,unresolved_different_or_unmatched_no_forced_link,GLOBAL_ARITHMETIC_RATE_WITHHELD,pending
PER-29,runs/raw_logs/Perplexity_RAG/29. Strategic Decision Modeling_ U.S. and Soviet React.pdf,4,1,Combination 3,,Diplomatic_Support,"Air Strike → Variable-Matrix ""Strike"" event (tension  0.15, diplomatic_support  0.05,",PER-29-N-00074,,판정 불가,, => ,,old_only,,False,unresolved_different_or_unmatched_no_forced_link,GLOBAL_ARITHMETIC_RATE_WITHHELD,pending
PER-29,runs/raw_logs/Perplexity_RAG/29. Strategic Decision Modeling_ U.S. and Soviet React.pdf,4,1,Combination 3,,Leadership_Unity,"Blockade → US ""military_alert"" (tension  0.3, leadership_unity  0.8 ",PER-29-N-00068,,판정 불가,, => ,,old_only,,False,unresolved_different_or_unmatched_no_forced_link,GLOBAL_ARITHMETIC_RATE_WITHHELD,pending
PER-29,runs/raw_logs/Perplexity_RAG/29. Strategic Decision Modeling_ U.S. and Soviet React.pdf,4,1,Combination 3,,Leadership_Unity,leadership_unity  0.10 ,PER-29-N-00076,,판정 불가,, => ,,old_only,,False,unresolved_different_or_unmatched_no_forced_link,GLOBAL_ARITHMETIC_RATE_WITHHELD,pending
PER-29,runs/raw_logs/Perplexity_RAG/29. Strategic Decision Modeling_ U.S. and Soviet React.pdf,4,1,Combination 3,,Public_Opinion,"Conditional Withdrawal → USSR ""public_appeal"" (public_opinion  0.55 ",PER-29-N-00082,,판정 불가,, => ,,old_only,,False,unresolved_different_or_unmatched_no_forced_link,GLOBAL_ARITHMETIC_RATE_WITHHELD,pending
PER-29,runs/raw_logs/Perplexity_RAG/29. Strategic Decision Modeling_ U.S. and Soviet React.pdf,4,1,Combination 3,,Public_Opinion,"Diplomatic Freeze → US ""public_appeal"" (public_opinion  0.5 ",PER-29-N-00080,,판정 불가,, => ,,old_only,,False,unresolved_different_or_unmatched_no_forced_link,GLOBAL_ARITHMETIC_RATE_WITHHELD,pending
PER-29,runs/raw_logs/Perplexity_RAG/29. Strategic Decision Modeling_ U.S. and Soviet React.pdf,4,1,Combination 3,,Public_Opinion,"Public Escalation → USSR ""public_appeal"" (public_opinion  0.55 ",PER-29-N-00078,,판정 불가,, => ,,old_only,,False,unresolved_different_or_unmatched_no_forced_link,GLOBAL_ARITHMETIC_RATE_WITHHELD,pending
PER-29,runs/raw_logs/Perplexity_RAG/29. Strategic Decision Modeling_ U.S. and Soviet React.pdf,4,1,Combination 3,,Public_Opinion,"Public Opinion:  0.5  Diplomatic Freeze:  0.5, Conditional Withdrawal:  0.55; clamped to",PER-29-N-00064,,판정 불가,, => ,,old_only,,False,unresolved_different_or_unmatched_no_forced_link,GLOBAL_ARITHMETIC_RATE_WITHHELD,pending
PER-29,runs/raw_logs/Perplexity_RAG/29. Strategic Decision Modeling_ U.S. and Soviet React.pdf,4,1,Combination 3,,Tension,"Air Strike → Variable-Matrix ""Strike"" event (tension  0.15, diplomatic_support  0.05,",PER-29-N-00072,,판정 불가,, => ,,old_only,,False,unresolved_different_or_unmatched_no_forced_link,GLOBAL_ARITHMETIC_RATE_WITHHELD,pending
PER-29,runs/raw_logs/Perplexity_RAG/29. Strategic Decision Modeling_ U.S. and Soviet React.pdf,4,1,Combination 3,,Tension,"Blockade → US ""military_alert"" (tension  0.3, leadership_unity  0.8 ",PER-29-N-00066,,판정 불가,, => ,,old_only,,False,unresolved_different_or_unmatched_no_forced_link,GLOBAL_ARITHMETIC_RATE_WITHHELD,pending
PER-29,runs/raw_logs/Perplexity_RAG/29. Strategic Decision Modeling_ U.S. and Soviet React.pdf,4,1,Combination 3,,Tension,"Covert Deployment → USSR ""covert_detection"" (tension  0.45 ",PER-29-N-00070,,판정 불가,, => ,,old_only,,False,unresolved_different_or_unmatched_no_forced_link,GLOBAL_ARITHMETIC_RATE_WITHHELD,pending
PER-29,runs/raw_logs/Perplexity_RAG/29. Strategic Decision Modeling_ U.S. and Soviet React.pdf,5,2,Combination 1,Soviet Union,Tension,Inevitable: Diplomatic_Failure event  Tension  0.10  Matrix  .,PER-29-N-00084,,판정 불가,, => ,,old_only,,False,unresolved_different_or_unmatched_no_forced_link,GLOBAL_ARITHMETIC_RATE_WITHHELD,pending
PER-29,runs/raw_logs/Perplexity_RAG/29. Strategic Decision Modeling_ U.S. and Soviet React.pdf,5,2,Combination 1,Soviet Union,Tension,Potential: UN intervention → Diplomatic_Success event  Tension  0.05  Matrix  .,PER-29-N-00086,,판정 불가,, => ,,old_only,,False,unresolved_different_or_unmatched_no_forced_link,GLOBAL_ARITHMETIC_RATE_WITHHELD,pending
PER-29,runs/raw_logs/Perplexity_RAG/29. Strategic Decision Modeling_ U.S. and Soviet React.pdf,6,2,Combination 2,,Diplomatic_Support,Diplomatic Support: 0.40  0.45   0.05 ,PER-29-N-00033,,판정 불가,,0.40 => ,,old_only,,False,unresolved_different_or_unmatched_no_forced_link,GLOBAL_ARITHMETIC_RATE_WITHHELD,pending
PER-29,runs/raw_logs/Perplexity_RAG/29. Strategic Decision Modeling_ U.S. and Soviet React.pdf,6,2,Combination 2,,Diplomatic_Support,Diplomatic Support: 0.40 (0.45 - 0.05),,PDFIUM-PER-29-N-00008,,준수,,0.4 => 0.4,candidate_only,,False,unresolved_different_or_unmatched_no_forced_link,GLOBAL_ARITHMETIC_RATE_WITHHELD,pending
PER-29,runs/raw_logs/Perplexity_RAG/29. Strategic Decision Modeling_ U.S. and Soviet React.pdf,6,2,Combination 2,,Leadership_Unity,Leadership Unity: 0.30  0.40   0.10 ,PER-29-N-00035,,판정 불가,,0.30 => ,,old_only,,False,unresolved_different_or_unmatched_no_forced_link,GLOBAL_ARITHMETIC_RATE_WITHHELD,pending
PER-29,runs/raw_logs/Perplexity_RAG/29. Strategic Decision Modeling_ U.S. and Soviet React.pdf,6,2,Combination 2,,Leadership_Unity,Leadership Unity: 0.30 (0.40 - 0.10),,PDFIUM-PER-29-N-00010,,준수,,0.3 => 0.3,candidate_only,,False,unresolved_different_or_unmatched_no_forced_link,GLOBAL_ARITHMETIC_RATE_WITHHELD,pending
PER-29,runs/raw_logs/Perplexity_RAG/29. Strategic Decision Modeling_ U.S. and Soviet React.pdf,6,2,Combination 2,,Public_Opinion,Public Opinion: 0.95  1.0   0.05 ,PER-29-N-00034,,판정 불가,,0.95 => ,,old_only,,False,unresolved_different_or_unmatched_no_forced_link,GLOBAL_ARITHMETIC_RATE_WITHHELD,pending
PER-29,runs/raw_logs/Perplexity_RAG/29. Strategic Decision Modeling_ U.S. and Soviet React.pdf,6,2,Combination 2,,Public_Opinion,Public Opinion: 0.95 (1.0 - 0.05),,PDFIUM-PER-29-N-00009,,준수,,0.95 => 0.95,candidate_only,,False,unresolved_different_or_unmatched_no_forced_link,GLOBAL_ARITHMETIC_RATE_WITHHELD,pending
PER-29,runs/raw_logs/Perplexity_RAG/29. Strategic Decision Modeling_ U.S. and Soviet React.pdf,6,2,Combination 2,,Tension,Tension: 0.8  0.65   0.15 Strike event),PER-29-N-00032,,판정 불가,,0.8 => ,,old_only,,False,unresolved_different_or_unmatched_no_forced_link,GLOBAL_ARITHMETIC_RATE_WITHHELD,pending
PER-29,runs/raw_logs/Perplexity_RAG/29. Strategic Decision Modeling_ U.S. and Soviet React.pdf,6,2,Combination 2,,Tension,Tension: 0.8 (0.65 + 0.15 Strike event),,PDFIUM-PER-29-N-00007,,준수,,0.8 => 0.8,candidate_only,,False,unresolved_different_or_unmatched_no_forced_link,GLOBAL_ARITHMETIC_RATE_WITHHELD,pending
PER-29,runs/raw_logs/Perplexity_RAG/29. Strategic Decision Modeling_ U.S. and Soviet React.pdf,7,2,Combination 2,Soviet Union,Tension,Inevitable: Diplomatic_Success event  Tension  0.05  Matrix  .,PER-29-N-00088,,판정 불가,, => ,,old_only,,False,unresolved_different_or_unmatched_no_forced_link,GLOBAL_ARITHMETIC_RATE_WITHHELD,pending
PER-29,runs/raw_logs/Perplexity_RAG/29. Strategic Decision Modeling_ U.S. and Soviet React.pdf,7,2,Combination 3,,Diplomatic_Support,Diplomatic Support: 0.45  0.5   0.05 ,PER-29-N-00037,,판정 불가,,0.45 => ,,old_only,,False,unresolved_different_or_unmatched_no_forced_link,GLOBAL_ARITHMETIC_RATE_WITHHELD,pending
PER-29,runs/raw_logs/Perplexity_RAG/29. Strategic Decision Modeling_ U.S. and Soviet React.pdf,7,2,Combination 3,,Diplomatic_Support,Diplomatic Support: 0.45 (0.5 - 0.05),,PDFIUM-PER-29-N-00013,,준수,,0.45 => 0.45,candidate_only,,False,unresolved_different_or_unmatched_no_forced_link,GLOBAL_ARITHMETIC_RATE_WITHHELD,pending
PER-29,runs/raw_logs/Perplexity_RAG/29. Strategic Decision Modeling_ U.S. and Soviet React.pdf,7,2,Combination 3,,Leadership_Unity,Leadership Unity: 0.40  0.5   0.10 ,PER-29-N-00039,,판정 불가,,0.40 => ,,old_only,,False,unresolved_different_or_unmatched_no_forced_link,GLOBAL_ARITHMETIC_RATE_WITHHELD,pending
PER-29,runs/raw_logs/Perplexity_RAG/29. Strategic Decision Modeling_ U.S. and Soviet React.pdf,7,2,Combination 3,,Leadership_Unity,Leadership Unity: 0.40 (0.5 - 0.10),,PDFIUM-PER-29-N-00015,,준수,,0.4 => 0.4,candidate_only,,False,unresolved_different_or_unmatched_no_forced_link,GLOBAL_ARITHMETIC_RATE_WITHHELD,pending
PER-29,runs/raw_logs/Perplexity_RAG/29. Strategic Decision Modeling_ U.S. and Soviet React.pdf,7,2,Combination 3,,Public_Opinion,Public Opinion: 0.95  1.0   0.05 ,PER-29-N-00038,,판정 불가,,0.95 => ,,old_only,,False,unresolved_different_or_unmatched_no_forced_link,GLOBAL_ARITHMETIC_RATE_WITHHELD,pending
PER-29,runs/raw_logs/Perplexity_RAG/29. Strategic Decision Modeling_ U.S. and Soviet React.pdf,7,2,Combination 3,,Public_Opinion,Public Opinion: 0.95 (1.0 - 0.05),,PDFIUM-PER-29-N-00014,,준수,,0.95 => 0.95,candidate_only,,False,unresolved_different_or_unmatched_no_forced_link,GLOBAL_ARITHMETIC_RATE_WITHHELD,pending
PER-29,runs/raw_logs/Perplexity_RAG/29. Strategic Decision Modeling_ U.S. and Soviet React.pdf,7,2,Combination 3,,Tension,Tension: 0.65  0.5   0.15 Strike event),PER-29-N-00036,,판정 불가,,0.65 => ,,old_only,,False,unresolved_different_or_unmatched_no_forced_link,GLOBAL_ARITHMETIC_RATE_WITHHELD,pending
PER-29,runs/raw_logs/Perplexity_RAG/29. Strategic Decision Modeling_ U.S. and Soviet React.pdf,7,2,Combination 3,,Tension,Tension: 0.65 (0.5 + 0.15 Strike event),,PDFIUM-PER-29-N-00012,,준수,,0.65 => 0.65,candidate_only,,False,unresolved_different_or_unmatched_no_forced_link,GLOBAL_ARITHMETIC_RATE_WITHHELD,pending
PER-29,runs/raw_logs/Perplexity_RAG/29. Strategic Decision Modeling_ U.S. and Soviet React.pdf,8,2,Combination 3,Soviet Union,Diplomatic_Support,"Diplomatic Support  0.05, Public Opinion  0.05, Leadership Unity  0.10  Matrix  .",PER-29-N-00096,,판정 불가,, => ,,old_only,,False,unresolved_different_or_unmatched_no_forced_link,GLOBAL_ARITHMETIC_RATE_WITHHELD,pending
PER-29,runs/raw_logs/Perplexity_RAG/29. Strategic Decision Modeling_ U.S. and Soviet React.pdf,8,2,Combination 3,Soviet Union,Leadership_Unity,"Diplomatic Support  0.05, Public Opinion  0.05, Leadership Unity  0.10  Matrix  .",PER-29-N-00100,,판정 불가,, => ,,old_only,,False,unresolved_different_or_unmatched_no_forced_link,GLOBAL_ARITHMETIC_RATE_WITHHELD,pending
PER-29,runs/raw_logs/Perplexity_RAG/29. Strategic Decision Modeling_ U.S. and Soviet React.pdf,8,2,Combination 3,Soviet Union,Public_Opinion,"Diplomatic Support  0.05, Public Opinion  0.05, Leadership Unity  0.10  Matrix  .",PER-29-N-00098,,판정 불가,, => ,,old_only,,False,unresolved_different_or_unmatched_no_forced_link,GLOBAL_ARITHMETIC_RATE_WITHHELD,pending
PER-29,runs/raw_logs/Perplexity_RAG/29. Strategic Decision Modeling_ U.S. and Soviet React.pdf,8,2,Combination 3,Soviet Union,Tension,Inevitable: Diplomatic_Failure event  Tension  0.10  Matrix  .,PER-29-N-00092,,판정 불가,, => ,,old_only,,False,unresolved_different_or_unmatched_no_forced_link,GLOBAL_ARITHMETIC_RATE_WITHHELD,pending
PER-29,runs/raw_logs/Perplexity_RAG/29. Strategic Decision Modeling_ U.S. and Soviet React.pdf,8,2,Combination 3,Soviet Union,Tension,Inevitable: Economic_Sanctions event  Tension  0.10  Matrix  .,PER-29-N-00090,,판정 불가,, => ,,old_only,,False,unresolved_different_or_unmatched_no_forced_link,GLOBAL_ARITHMETIC_RATE_WITHHELD,pending
PER-29,runs/raw_logs/Perplexity_RAG/29. Strategic Decision Modeling_ U.S. and Soviet React.pdf,8,2,Combination 3,Soviet Union,Tension,"Variable Updates: DEFCON 3 + interception event classified as ""Strike""  Tension  0.15,",PER-29-N-00094,,판정 불가,, => ,,old_only,,False,unresolved_different_or_unmatched_no_forced_link,GLOBAL_ARITHMETIC_RATE_WITHHELD,pending
PER-29,runs/raw_logs/Perplexity_RAG/29. Strategic Decision Modeling_ U.S. and Soviet React.pdf,9,2,Combination 1,,Diplomatic_Support,Diplomatic Support: 0.40 (0.45 - 0.05),,PDFIUM-PER-29-N-00021,,준수,,0.4 => 0.4,candidate_only,,False,unresolved_different_or_unmatched_no_forced_link,GLOBAL_ARITHMETIC_RATE_WITHHELD,pending
PER-29,runs/raw_logs/Perplexity_RAG/29. Strategic Decision Modeling_ U.S. and Soviet React.pdf,9,2,Combination 1,,Leadership_Unity,Leadership Unity: 0.90 (1.0 - 0.10),,PDFIUM-PER-29-N-00023,,준수,,0.9 => 0.9,candidate_only,,False,unresolved_different_or_unmatched_no_forced_link,GLOBAL_ARITHMETIC_RATE_WITHHELD,pending
PER-29,runs/raw_logs/Perplexity_RAG/29. Strategic Decision Modeling_ U.S. and Soviet React.pdf,9,2,Combination 1,,Public_Opinion,Public Opinion: 0.40 (0.45 - 0.05),,PDFIUM-PER-29-N-00022,,준수,,0.4 => 0.4,candidate_only,,False,unresolved_different_or_unmatched_no_forced_link,GLOBAL_ARITHMETIC_RATE_WITHHELD,pending
PER-29,runs/raw_logs/Perplexity_RAG/29. Strategic Decision Modeling_ U.S. and Soviet React.pdf,9,2,Combination 1,,Tension,Tension: 1.0 (clamped from 1.0 + 0.15),,PDFIUM-PER-29-N-00020,,준수,,1 => 1,candidate_only,,False,unresolved_different_or_unmatched_no_forced_link,GLOBAL_ARITHMETIC_RATE_WITHHELD,pending
PER-29,runs/raw_logs/Perplexity_RAG/29. Strategic Decision Modeling_ U.S. and Soviet React.pdf,9,2,Combination 2,,Diplomatic_Support,Diplomatic Support: 0.35 (0.40 - 0.05),,PDFIUM-PER-29-N-00025,,준수,,0.35 => 0.35,candidate_only,,False,unresolved_different_or_unmatched_no_forced_link,GLOBAL_ARITHMETIC_RATE_WITHHELD,pending
PER-29,runs/raw_logs/Perplexity_RAG/29. Strategic Decision Modeling_ U.S. and Soviet React.pdf,9,2,Combination 2,,Leadership_Unity,Leadership Unity: 0.20 (0.30 - 0.10),,PDFIUM-PER-29-N-00027,,준수,,0.2 => 0.2,candidate_only,,False,unresolved_different_or_unmatched_no_forced_link,GLOBAL_ARITHMETIC_RATE_WITHHELD,pending
PER-29,runs/raw_logs/Perplexity_RAG/29. Strategic Decision Modeling_ U.S. and Soviet React.pdf,9,2,Combination 2,,Public_Opinion,Public Opinion: 0.90 (0.95 - 0.05),,PDFIUM-PER-29-N-00026,,준수,,0.9 => 0.9,candidate_only,,False,unresolved_different_or_unmatched_no_forced_link,GLOBAL_ARITHMETIC_RATE_WITHHELD,pending
PER-29,runs/raw_logs/Perplexity_RAG/29. Strategic Decision Modeling_ U.S. and Soviet React.pdf,9,2,Combination 2,,Tension,Tension: 0.80 (0.65 + 0.15),,PDFIUM-PER-29-N-00024,,준수,,0.8 => 0.8,candidate_only,,False,unresolved_different_or_unmatched_no_forced_link,GLOBAL_ARITHMETIC_RATE_WITHHELD,pending
PER-30,runs/raw_logs/Perplexity_RAG/30. Strategic Decision Analysis_ Soviet Missile Discov.pdf,13,3,Combination 1,,Diplomatic_Support,Diplomatic_Support: 0.39 - 0.05 (US) - 0.05 (USSR) = 0.29,,PDFIUM-PER-30-N-00047,,준수,,0.29 => 0.29,candidate_only,,False,unresolved_different_or_unmatched_no_forced_link,GLOBAL_ARITHMETIC_RATE_WITHHELD,pending
PER-30,runs/raw_logs/Perplexity_RAG/30. Strategic Decision Analysis_ Soviet Missile Discov.pdf,13,3,Combination 1,,Leadership_Unity,Leadership_Unity: 0.45 - 0.10 (US) - 0.10 (USSR) = 0.25,,PDFIUM-PER-30-N-00049,,준수,,0.25 => 0.25,candidate_only,,False,unresolved_different_or_unmatched_no_forced_link,GLOBAL_ARITHMETIC_RATE_WITHHELD,pending
PER-30,runs/raw_logs/Perplexity_RAG/30. Strategic Decision Analysis_ Soviet Missile Discov.pdf,13,3,Combination 1,,Public_Opinion,Public_Opinion: 0.49 - 0.05 (US) - 0.05 (USSR) = 0.39,,PDFIUM-PER-30-N-00048,,준수,,0.39 => 0.39,candidate_only,,False,unresolved_different_or_unmatched_no_forced_link,GLOBAL_ARITHMETIC_RATE_WITHHELD,pending
PER-30,runs/raw_logs/Perplexity_RAG/30. Strategic Decision Analysis_ Soviet Missile Discov.pdf,14,3,Combination 1,,Diplomatic_Support,Diplomatic_Support: 0.29 + 0.10 = 0.39,,PDFIUM-PER-30-N-00055,,준수,,0.39 => 0.39,candidate_only,,False,unresolved_different_or_unmatched_no_forced_link,GLOBAL_ARITHMETIC_RATE_WITHHELD,pending
PER-30,runs/raw_logs/Perplexity_RAG/30. Strategic Decision Analysis_ Soviet Missile Discov.pdf,14,3,Combination 1,,Diplomatic_Support,Diplomatic_Support: 0.39 - 0.10 = 0.29,,PDFIUM-PER-30-N-00051,,준수,,0.29 => 0.29,candidate_only,,False,unresolved_different_or_unmatched_no_forced_link,GLOBAL_ARITHMETIC_RATE_WITHHELD,pending
PER-30,runs/raw_logs/Perplexity_RAG/30. Strategic Decision Analysis_ Soviet Missile Discov.pdf,14,3,Combination 1,,Leadership_Unity,Leadership_Unity: 0.40 + 0.05 = 0.45,,PDFIUM-PER-30-N-00057,,준수,,0.45 => 0.45,candidate_only,,False,unresolved_different_or_unmatched_no_forced_link,GLOBAL_ARITHMETIC_RATE_WITHHELD,pending
PER-30,runs/raw_logs/Perplexity_RAG/30. Strategic Decision Analysis_ Soviet Missile Discov.pdf,14,3,Combination 1,,Leadership_Unity,Leadership_Unity: 0.45 - 0.05 = 0.40,,PDFIUM-PER-30-N-00053,,준수,,0.4 => 0.4,candidate_only,,False,unresolved_different_or_unmatched_no_forced_link,GLOBAL_ARITHMETIC_RATE_WITHHELD,pending
PER-30,runs/raw_logs/Perplexity_RAG/30. Strategic Decision Analysis_ Soviet Missile Discov.pdf,14,3,Combination 1,,Public_Opinion,Public_Opinion: 0.44 + 0.05 = 0.49,,PDFIUM-PER-30-N-00056,,준수,,0.49 => 0.49,candidate_only,,False,unresolved_different_or_unmatched_no_forced_link,GLOBAL_ARITHMETIC_RATE_WITHHELD,pending
PER-30,runs/raw_logs/Perplexity_RAG/30. Strategic Decision Analysis_ Soviet Missile Discov.pdf,14,3,Combination 1,,Public_Opinion,Public_Opinion: 0.49 - 0.05 = 0.44,,PDFIUM-PER-30-N-00052,,준수,,0.44 => 0.44,candidate_only,,False,unresolved_different_or_unmatched_no_forced_link,GLOBAL_ARITHMETIC_RATE_WITHHELD,pending
PER-30,runs/raw_logs/Perplexity_RAG/30. Strategic Decision Analysis_ Soviet Missile Discov.pdf,14,3,Combination 1,,Tension,Tension: 1.0 + 0.10 = 1.0 (clamped),,PDFIUM-PER-30-N-00050,,준수,,1 => 1,candidate_only,,False,unresolved_different_or_unmatched_no_forced_link,GLOBAL_ARITHMETIC_RATE_WITHHELD,pending
PER-30,runs/raw_logs/Perplexity_RAG/30. Strategic Decision Analysis_ Soviet Missile Discov.pdf,14,3,Combination 1,,Tension,Tension: 1.0 - 0.05 = 0.95,,PDFIUM-PER-30-N-00054,,준수,,0.95 => 0.95,candidate_only,,False,unresolved_different_or_unmatched_no_forced_link,GLOBAL_ARITHMETIC_RATE_WITHHELD,pending
PER-30,runs/raw_logs/Perplexity_RAG/30. Strategic Decision Analysis_ Soviet Missile Discov.pdf,15,3,Combination 2,,Tension,Tension: 0.45 - 0.05 (US) - 0.05 (USSR) = 0.35,,PDFIUM-PER-30-N-00066,,준수,,0.35 => 0.35,candidate_only,,False,unresolved_different_or_unmatched_no_forced_link,GLOBAL_ARITHMETIC_RATE_WITHHELD,pending
PER-30,runs/raw_logs/Perplexity_RAG/30. Strategic Decision Analysis_ Soviet Missile Discov.pdf,16,3,Combination 2,,Diplomatic_Support,Diplomatic_Support: 0.83 + 0.10 + 0.10 = 1.0 (clamped),,PDFIUM-PER-30-N-00067,,준수,,1 => 1,candidate_only,,False,unresolved_different_or_unmatched_no_forced_link,GLOBAL_ARITHMETIC_RATE_WITHHELD,pending
PER-30,runs/raw_logs/Perplexity_RAG/30. Strategic Decision Analysis_ Soviet Missile Discov.pdf,16,3,Combination 2,,Leadership_Unity,Leadership_Unity: 0.85 + 0.05 + 0.05 = 0.95,,PDFIUM-PER-30-N-00069,,준수,,0.95 => 0.95,candidate_only,,False,unresolved_different_or_unmatched_no_forced_link,GLOBAL_ARITHMETIC_RATE_WITHHELD,pending
PER-30,runs/raw_logs/Perplexity_RAG/30. Strategic Decision Analysis_ Soviet Missile Discov.pdf,16,3,Combination 2,,Public_Opinion,Public_Opinion: 0.78 + 0.05 + 0.05 = 0.88,,PDFIUM-PER-30-N-00068,,준수,,0.88 => 0.88,candidate_only,,False,unresolved_different_or_unmatched_no_forced_link,GLOBAL_ARITHMETIC_RATE_WITHHELD,pending
PER-30,runs/raw_logs/Perplexity_RAG/30. Strategic Decision Analysis_ Soviet Missile Discov.pdf,17,3,Combination 3,,Diplomatic_Support,Diplomatic_Support: 0.28 - 0.05 - 0.05 = 0.18,,PDFIUM-PER-30-N-00079,,준수,,0.18 => 0.18,candidate_only,,False,unresolved_different_or_unmatched_no_forced_link,GLOBAL_ARITHMETIC_RATE_WITHHELD,pending
PER-30,runs/raw_logs/Perplexity_RAG/30. Strategic Decision Analysis_ Soviet Missile Discov.pdf,17,3,Combination 3,,Leadership_Unity,Leadership_Unity: 0.40 - 0.10 - 0.10 = 0.20,,PDFIUM-PER-30-N-00081,,준수,,0.2 => 0.2,candidate_only,,False,unresolved_different_or_unmatched_no_forced_link,GLOBAL_ARITHMETIC_RATE_WITHHELD,pending
PER-30,runs/raw_logs/Perplexity_RAG/30. Strategic Decision Analysis_ Soviet Missile Discov.pdf,17,3,Combination 3,,Public_Opinion,Public_Opinion: 0.43 - 0.05 - 0.05 = 0.33,,PDFIUM-PER-30-N-00080,,준수,,0.33 => 0.33,candidate_only,,False,unresolved_different_or_unmatched_no_forced_link,GLOBAL_ARITHMETIC_RATE_WITHHELD,pending
PER-30,runs/raw_logs/Perplexity_RAG/30. Strategic Decision Analysis_ Soviet Missile Discov.pdf,18,3,Combination 3,,Diplomatic_Support,Diplomatic_Support: 0.28 - 0.10 - 0.10 = 0.08,,PDFIUM-PER-30-N-00082,,준수,,0.08 => 0.08,candidate_only,,False,unresolved_different_or_unmatched_no_forced_link,GLOBAL_ARITHMETIC_RATE_WITHHELD,pending
PER-30,runs/raw_logs/Perplexity_RAG/30. Strategic Decision Analysis_ Soviet Missile Discov.pdf,18,3,Combination 3,,Leadership_Unity,Leadership_Unity: 0.40 - 0.05 - 0.05 = 0.30,,PDFIUM-PER-30-N-00084,,준수,,0.3 => 0.3,candidate_only,,False,unresolved_different_or_unmatched_no_forced_link,GLOBAL_ARITHMETIC_RATE_WITHHELD,pending
PER-30,runs/raw_logs/Perplexity_RAG/30. Strategic Decision Analysis_ Soviet Missile Discov.pdf,18,3,Combination 3,,Public_Opinion,Public_Opinion: 0.43 - 0.05 - 0.05 = 0.33,,PDFIUM-PER-30-N-00083,,준수,,0.33 => 0.33,candidate_only,,False,unresolved_different_or_unmatched_no_forced_link,GLOBAL_ARITHMETIC_RATE_WITHHELD,pending
PER-30,runs/raw_logs/Perplexity_RAG/30. Strategic Decision Analysis_ Soviet Missile Discov.pdf,21,4,(Diplomatic Path):,,Leadership_Unity,Leadership_Unity: 0.95 (0.85 + 0.10),,PDFIUM-PER-30-N-00102,,준수,,0.95 => 0.95,candidate_only,,False,unresolved_different_or_unmatched_no_forced_link,GLOBAL_ARITHMETIC_RATE_WITHHELD,pending
PER-30,runs/raw_logs/Perplexity_RAG/30. Strategic Decision Analysis_ Soviet Missile Discov.pdf,21,4,(Diplomatic Path):,,Public_Opinion,Public_Opinion: 0.94 (0.84 + 0.10),,PDFIUM-PER-30-N-00101,,준수,,0.94 => 0.94,candidate_only,,False,unresolved_different_or_unmatched_no_forced_link,GLOBAL_ARITHMETIC_RATE_WITHHELD,pending
PER-30,runs/raw_logs/Perplexity_RAG/30. Strategic Decision Analysis_ Soviet Missile Discov.pdf,21,4,(Diplomatic Path):,,Tension,Tension: 0.30 (0.40 - 0.10),,PDFIUM-PER-30-N-00099,,준수,,0.3 => 0.3,candidate_only,,False,unresolved_different_or_unmatched_no_forced_link,GLOBAL_ARITHMETIC_RATE_WITHHELD,pending
PER-30,runs/raw_logs/Perplexity_RAG/30. Strategic Decision Analysis_ Soviet Missile Discov.pdf,4,1,s for Strategic Action Combinations,,Diplomatic_Support,Diplomatic Support:  0.07  U.S. Blockade:  0.05; USSR Deployment:  0.02 ,PER-30-N-00072,,판정 불가,, => ,,old_only,,False,unresolved_different_or_unmatched_no_forced_link,GLOBAL_ARITHMETIC_RATE_WITHHELD,pending
PER-30,runs/raw_logs/Perplexity_RAG/30. Strategic Decision Analysis_ Soviet Missile Discov.pdf,4,1,s for Strategic Action Combinations,,Diplomatic_Support,Diplomatic Support:  0.20  Diplomatic Success:  0.10 each),PER-30-N-00080,,판정 불가,, => ,,old_only,,False,unresolved_different_or_unmatched_no_forced_link,GLOBAL_ARITHMETIC_RATE_WITHHELD,pending
PER-30,runs/raw_logs/Perplexity_RAG/30. Strategic Decision Analysis_ Soviet Missile Discov.pdf,4,1,s for Strategic Action Combinations,,Diplomatic_Support,Diplomatic Support: 0.43  0.50 → 0.43 ,PER-30-N-00002,,판정 불가,,0.43 => ,,old_only,,False,unresolved_different_or_unmatched_no_forced_link,GLOBAL_ARITHMETIC_RATE_WITHHELD,pending
PER-30,runs/raw_logs/Perplexity_RAG/30. Strategic Decision Analysis_ Soviet Missile Discov.pdf,4,1,s for Strategic Action Combinations,,Leadership_Unity,Leadership Unity:  0.10  Diplomatic Success:  0.05 each),PER-30-N-00084,,판정 불가,, => ,,old_only,,False,unresolved_different_or_unmatched_no_forced_link,GLOBAL_ARITHMETIC_RATE_WITHHELD,pending
PER-30,runs/raw_logs/Perplexity_RAG/30. Strategic Decision Analysis_ Soviet Missile Discov.pdf,4,1,s for Strategic Action Combinations,,Leadership_Unity,Leadership Unity:  0.10  U.S. Blockade:  0.05; USSR Deployment:  0.05 ,PER-30-N-00076,,판정 불가,, => ,,old_only,,False,unresolved_different_or_unmatched_no_forced_link,GLOBAL_ARITHMETIC_RATE_WITHHELD,pending
PER-30,runs/raw_logs/Perplexity_RAG/30. Strategic Decision Analysis_ Soviet Missile Discov.pdf,4,1,s for Strategic Action Combinations,,Leadership_Unity,Leadership Unity: 0.60  0.70 → 0.60 ,PER-30-N-00004,,판정 불가,,0.60 => ,,old_only,,False,unresolved_different_or_unmatched_no_forced_link,GLOBAL_ARITHMETIC_RATE_WITHHELD,pending
PER-30,runs/raw_logs/Perplexity_RAG/30. Strategic Decision Analysis_ Soviet Missile Discov.pdf,4,1,s for Strategic Action Combinations,,Public_Opinion,Public Opinion:  0.07  U.S. Blockade:  0.05; USSR Deployment:  0.02 ,PER-30-N-00074,,판정 불가,, => ,,old_only,,False,unresolved_different_or_unmatched_no_forced_link,GLOBAL_ARITHMETIC_RATE_WITHHELD,pending
PER-30,runs/raw_logs/Perplexity_RAG/30. Strategic Decision Analysis_ Soviet Missile Discov.pdf,4,1,s for Strategic Action Combinations,,Public_Opinion,Public Opinion:  0.10  Diplomatic Success:  0.05 each),PER-30-N-00082,,판정 불가,, => ,,old_only,,False,unresolved_different_or_unmatched_no_forced_link,GLOBAL_ARITHMETIC_RATE_WITHHELD,pending
PER-30,runs/raw_logs/Perplexity_RAG/30. Strategic Decision Analysis_ Soviet Missile Discov.pdf,4,1,s for Strategic Action Combinations,,Public_Opinion,Public Opinion: 0.53  0.60 → 0.53 ,PER-30-N-00003,,판정 불가,,0.53 => ,,old_only,,False,unresolved_different_or_unmatched_no_forced_link,GLOBAL_ARITHMETIC_RATE_WITHHELD,pending
PER-30,runs/raw_logs/Perplexity_RAG/30. Strategic Decision Analysis_ Soviet Missile Discov.pdf,4,1,s for Strategic Action Combinations,,Tension,Tension:  0.10  Diplomatic Success:  0.05 each),PER-30-N-00078,,판정 불가,, => ,,old_only,,False,unresolved_different_or_unmatched_no_forced_link,GLOBAL_ARITHMETIC_RATE_WITHHELD,pending
PER-30,runs/raw_logs/Perplexity_RAG/30. Strategic Decision Analysis_ Soviet Missile Discov.pdf,4,1,s for Strategic Action Combinations,,Tension,Tension:  0.15  U.S. Blockade:  0.10; USSR Deployment:  0.05 ,PER-30-N-00070,,판정 불가,, => ,,old_only,,False,unresolved_different_or_unmatched_no_forced_link,GLOBAL_ARITHMETIC_RATE_WITHHELD,pending
PER-30,runs/raw_logs/Perplexity_RAG/30. Strategic Decision Analysis_ Soviet Missile Discov.pdf,4,1,s for Strategic Action Combinations,,Tension,Tension: 0.75  0.60 → 0.75 ,PER-30-N-00001,,판정 불가,,0.75 => ,,old_only,,False,unresolved_different_or_unmatched_no_forced_link,GLOBAL_ARITHMETIC_RATE_WITHHELD,pending
PER-30,runs/raw_logs/Perplexity_RAG/30. Strategic Decision Analysis_ Soviet Missile Discov.pdf,5,1,s for Strategic Action Combinations,,Diplomatic_Support,Diplomatic Support:  0.15  U.S. Strike:  0.05; USSR Denial:  0.10 ,PER-30-N-00088,,판정 불가,, => ,,old_only,,False,unresolved_different_or_unmatched_no_forced_link,GLOBAL_ARITHMETIC_RATE_WITHHELD,pending
PER-30,runs/raw_logs/Perplexity_RAG/30. Strategic Decision Analysis_ Soviet Missile Discov.pdf,5,1,s for Strategic Action Combinations,,Diplomatic_Support,Diplomatic Support: 0.35  0.50 → 0.35 ,PER-30-N-00010,,판정 불가,,0.35 => ,,old_only,,False,unresolved_different_or_unmatched_no_forced_link,GLOBAL_ARITHMETIC_RATE_WITHHELD,pending
PER-30,runs/raw_logs/Perplexity_RAG/30. Strategic Decision Analysis_ Soviet Missile Discov.pdf,5,1,s for Strategic Action Combinations,,Diplomatic_Support,Diplomatic Support: 0.70  0.50 → 0.70 ,PER-30-N-00006,,판정 불가,,0.70 => ,,old_only,,False,unresolved_different_or_unmatched_no_forced_link,GLOBAL_ARITHMETIC_RATE_WITHHELD,pending
PER-30,runs/raw_logs/Perplexity_RAG/30. Strategic Decision Analysis_ Soviet Missile Discov.pdf,5,1,s for Strategic Action Combinations,,Leadership_Unity,Leadership Unity:  0.15  U.S. Strike:  0.10; USSR Denial:  0.05 ,PER-30-N-00092,,판정 불가,, => ,,old_only,,False,unresolved_different_or_unmatched_no_forced_link,GLOBAL_ARITHMETIC_RATE_WITHHELD,pending
PER-30,runs/raw_logs/Perplexity_RAG/30. Strategic Decision Analysis_ Soviet Missile Discov.pdf,5,1,s for Strategic Action Combinations,,Leadership_Unity,Leadership Unity: 0.55  0.70 → 0.55 ,PER-30-N-00012,,판정 불가,,0.55 => ,,old_only,,False,unresolved_different_or_unmatched_no_forced_link,GLOBAL_ARITHMETIC_RATE_WITHHELD,pending
PER-30,runs/raw_logs/Perplexity_RAG/30. Strategic Decision Analysis_ Soviet Missile Discov.pdf,5,1,s for Strategic Action Combinations,,Leadership_Unity,Leadership Unity: 0.80  0.70 → 0.80 ,PER-30-N-00008,,판정 불가,,0.80 => ,,old_only,,False,unresolved_different_or_unmatched_no_forced_link,GLOBAL_ARITHMETIC_RATE_WITHHELD,pending
PER-30,runs/raw_logs/Perplexity_RAG/30. Strategic Decision Analysis_ Soviet Missile Discov.pdf,5,1,s for Strategic Action Combinations,,Public_Opinion,Public Opinion:  0.10  U.S. Strike:  0.05; USSR Denial:  0.05 ,PER-30-N-00090,,판정 불가,, => ,,old_only,,False,unresolved_different_or_unmatched_no_forced_link,GLOBAL_ARITHMETIC_RATE_WITHHELD,pending
PER-30,runs/raw_logs/Perplexity_RAG/30. Strategic Decision Analysis_ Soviet Missile Discov.pdf,5,1,s for Strategic Action Combinations,,Public_Opinion,Public Opinion: 0.50  0.60 → 0.50 ,PER-30-N-00011,,판정 불가,,0.50 => ,,old_only,,False,unresolved_different_or_unmatched_no_forced_link,GLOBAL_ARITHMETIC_RATE_WITHHELD,pending
PER-30,runs/raw_logs/Perplexity_RAG/30. Strategic Decision Analysis_ Soviet Missile Discov.pdf,5,1,s for Strategic Action Combinations,,Public_Opinion,Public Opinion: 0.70  0.60 → 0.70 ,PER-30-N-00007,,판정 불가,,0.70 => ,,old_only,,False,unresolved_different_or_unmatched_no_forced_link,GLOBAL_ARITHMETIC_RATE_WITHHELD,pending
PER-30,runs/raw_logs/Perplexity_RAG/30. Strategic Decision Analysis_ Soviet Missile Discov.pdf,5,1,s for Strategic Action Combinations,,Tension,Tension:  0.25  U.S. Strike:  0.15; USSR Denial:  0.10 ,PER-30-N-00086,,판정 불가,, => ,,old_only,,False,unresolved_different_or_unmatched_no_forced_link,GLOBAL_ARITHMETIC_RATE_WITHHELD,pending
PER-30,runs/raw_logs/Perplexity_RAG/30. Strategic Decision Analysis_ Soviet Missile Discov.pdf,5,1,s for Strategic Action Combinations,,Tension,Tension: 0.50  0.60 → 0.50 ,PER-30-N-00005,,판정 불가,,0.50 => ,,old_only,,False,unresolved_different_or_unmatched_no_forced_link,GLOBAL_ARITHMETIC_RATE_WITHHELD,pending
PER-30,runs/raw_logs/Perplexity_RAG/30. Strategic Decision Analysis_ Soviet Missile Discov.pdf,5,1,s for Strategic Action Combinations,,Tension,Tension: 0.85  0.60 → 0.85 ,PER-30-N-00009,,판정 불가,,0.85 => ,,old_only,,False,unresolved_different_or_unmatched_no_forced_link,GLOBAL_ARITHMETIC_RATE_WITHHELD,pending
