claim_id,anchor,label,expected,actual,status,input_sha256,criteria,code,command,analysis_version,filter_and_denominator,result_locations,scope,unresolved
T3_r2_c3,table03/r2/c3,T3 initial_role per execution,2,2.0,MATCH_REPRODUCED,"[{""path"": ""audit/rule_compliance/data/core/07_semantic_validation_ledger.csv"", ""sha256"": ""1cb6a847887d91b903e047d37f32edd859a66908d1d5b9fb2e625e2e7e111ae7""}, {""path"": ""audit/rule_compliance/source_assets.csv"", ""sha256"": ""36eee80d3ce950afff8cc8a824ad83dce5083cf870b1bc3f74c28c41c5f8bf4a""}]","[""audit/rule_compliance/protocol/analysis_spec.json"", ""audit/rule_compliance/protocol/CRITERIA_CONTEXT_V1.md""]","[""audit/rule_compliance/code/reproduce.py"", ""audit/rule_compliance/code/recheck_criteria.py"", ""audit/rule_compliance/code/reproduce_revision17.py""]",python audit/rule_compliance/code/reproduce_revision17.py --out reproduced,common_frame,unique run IDs; canonical metric keys; no inference of independent trials,"[{""scope"": ""repo"", ""file"": ""audit/rule_compliance/data/core/07_semantic_validation_ledger.csv"", ""selector"": {""metric_key"": [""T1_US_ROLE"", ""T1_SU_ROLE""]}, ""csv_rows"": [2, 3, 13, 14, 24, 25, 35, 36, 47, 48, 58, 59, 69, 70, 80, 81, 91, 92, 102, 103, 113, 114, 124, 125, 135, 136, 146, 147, 157, 158, 168, 169, 179, 180, 191, 192, 202, 203, 214, 215, 225, 226, 236, 237, 247, 248, 258, 259, 269, 270, 280, 281, 291, 292, 302, 303, 313, 314, 324, 325, 335, 336, 348, 349, 359, 360, 370, 371, 383, 384, 395, 396, 407, 408, 418, 419, 429, 430, 440, 441, 451, 452, 459, 460, 467, 468, 475, 476, 483, 484, 491, 492, 499, 500, 507, 508, 515, 516, 523, 524, 531, 532, 539, 540, 547, 548, 555, 556, 563, 564, 571, 572, 579, 580, 587, 588, 595, 596, 603, 604, 611, 612, 619, 620, 627, 628, 635, 636, 643, 644, 651, 652, 659, 660, 667, 668, 675, 676, 683, 684, 691, 692, 699, 700, 707, 708, 715, 716, 723, 724, 731, 732, 739, 740, 747, 748, 755, 756, 763, 764, 941, 942, 949, 950, 957, 958, 965, 966, 973, 974, 981, 982, 989, 990, 997, 998, 1005, 1006, 1013, 1014, 1021, 1022, 1029, 1030, 1037, 1038, 1045, 1046, 1053, 1054, 1061, 1062, 1069, 1070, 1077, 1078, 1085, 1086, 1093, 1094, 1101, 1102, 1109, 1110, 1117, 1118, 1125, 1126, 1133, 1134, 1141, 1142, 1149, 1150, 1157, 1158, 1165, 1166, 1173, 1174, 1181, 1182, 1189, 1190, 1197, 1198, 1205, 1206, 1213, 1214, 1221, 1222, 1229, 1230, 1237, 1238, 1245, 1246, 1253, 1254], ""field"": null, ""op"": ""count""}, {""scope"": ""repo"", ""file"": ""audit/rule_compliance/source_assets.csv"", ""selector"": {}, ""csv_rows"": [2, 3, 4, 5, 6, 7, 8, 9, 10, 11, 12, 13, 14, 15, 16, 17, 18, 19, 20, 21, 22, 23, 24, 25, 26, 27, 28, 29, 30, 31, 32, 33, 34, 35, 36, 37, 38, 39, 40, 41, 42, 43, 44, 45, 46, 47, 48, 49, 50, 51, 52, 53, 54, 55, 56, 57, 58, 59, 60, 61, 62, 63, 64, 65, 66, 67, 68, 69, 70, 71, 72, 73, 74, 75, 76, 77, 78, 79, 80, 81, 82, 83, 84, 85, 86, 87, 88, 89, 90, 91, 92, 93, 94, 95, 96, 97, 98, 99, 100, 101, 102, 103, 104, 105, 106, 107, 108, 109, 110, 111, 112, 113, 114, 115, 116, 117, 118, 119, 120, 121], ""field"": ""run_id"", ""op"": ""distinct_count""}]",Reaggregation of retained AI labels and documented amendments; no new semantic validation.,
T3_r2_c4,table03/r2/c4,T3 initial_role all execution judgments,240,240,MATCH_REPRODUCED,"[{""path"": ""audit/rule_compliance/data/core/07_semantic_validation_ledger.csv"", ""sha256"": ""1cb6a847887d91b903e047d37f32edd859a66908d1d5b9fb2e625e2e7e111ae7""}, {""path"": ""audit/rule_compliance/source_assets.csv"", ""sha256"": ""36eee80d3ce950afff8cc8a824ad83dce5083cf870b1bc3f74c28c41c5f8bf4a""}]","[""audit/rule_compliance/protocol/analysis_spec.json"", ""audit/rule_compliance/protocol/CRITERIA_CONTEXT_V1.md""]","[""audit/rule_compliance/code/reproduce.py"", ""audit/rule_compliance/code/recheck_criteria.py"", ""audit/rule_compliance/code/reproduce_revision17.py""]",python audit/rule_compliance/code/reproduce_revision17.py --out reproduced,common_frame,unique run IDs; canonical metric keys; no inference of independent trials,"[{""scope"": ""repo"", ""file"": ""audit/rule_compliance/data/core/07_semantic_validation_ledger.csv"", ""selector"": {""metric_key"": [""T1_US_ROLE"", ""T1_SU_ROLE""]}, ""csv_rows"": [2, 3, 13, 14, 24, 25, 35, 36, 47, 48, 58, 59, 69, 70, 80, 81, 91, 92, 102, 103, 113, 114, 124, 125, 135, 136, 146, 147, 157, 158, 168, 169, 179, 180, 191, 192, 202, 203, 214, 215, 225, 226, 236, 237, 247, 248, 258, 259, 269, 270, 280, 281, 291, 292, 302, 303, 313, 314, 324, 325, 335, 336, 348, 349, 359, 360, 370, 371, 383, 384, 395, 396, 407, 408, 418, 419, 429, 430, 440, 441, 451, 452, 459, 460, 467, 468, 475, 476, 483, 484, 491, 492, 499, 500, 507, 508, 515, 516, 523, 524, 531, 532, 539, 540, 547, 548, 555, 556, 563, 564, 571, 572, 579, 580, 587, 588, 595, 596, 603, 604, 611, 612, 619, 620, 627, 628, 635, 636, 643, 644, 651, 652, 659, 660, 667, 668, 675, 676, 683, 684, 691, 692, 699, 700, 707, 708, 715, 716, 723, 724, 731, 732, 739, 740, 747, 748, 755, 756, 763, 764, 941, 942, 949, 950, 957, 958, 965, 966, 973, 974, 981, 982, 989, 990, 997, 998, 1005, 1006, 1013, 1014, 1021, 1022, 1029, 1030, 1037, 1038, 1045, 1046, 1053, 1054, 1061, 1062, 1069, 1070, 1077, 1078, 1085, 1086, 1093, 1094, 1101, 1102, 1109, 1110, 1117, 1118, 1125, 1126, 1133, 1134, 1141, 1142, 1149, 1150, 1157, 1158, 1165, 1166, 1173, 1174, 1181, 1182, 1189, 1190, 1197, 1198, 1205, 1206, 1213, 1214, 1221, 1222, 1229, 1230, 1237, 1238, 1245, 1246, 1253, 1254], ""field"": null, ""op"": ""count""}]",Reaggregation of retained AI labels and documented amendments; no new semantic validation.,
T3_r3_c3,table03/r3/c3,T3 local_branch per execution,3,3.0,MATCH_REPRODUCED,"[{""path"": ""audit/rule_compliance/data/core/07_semantic_validation_ledger.csv"", ""sha256"": ""1cb6a847887d91b903e047d37f32edd859a66908d1d5b9fb2e625e2e7e111ae7""}, {""path"": ""audit/rule_compliance/source_assets.csv"", ""sha256"": ""36eee80d3ce950afff8cc8a824ad83dce5083cf870b1bc3f74c28c41c5f8bf4a""}]","[""audit/rule_compliance/protocol/analysis_spec.json"", ""audit/rule_compliance/protocol/CRITERIA_CONTEXT_V1.md""]","[""audit/rule_compliance/code/reproduce.py"", ""audit/rule_compliance/code/recheck_criteria.py"", ""audit/rule_compliance/code/reproduce_revision17.py""]",python audit/rule_compliance/code/reproduce_revision17.py --out reproduced,common_frame,unique run IDs; canonical metric keys; no inference of independent trials,"[{""scope"": ""repo"", ""file"": ""audit/rule_compliance/data/core/07_semantic_validation_ledger.csv"", ""selector"": {""metric_key"": [""T2_BRANCH"", ""T3_BRANCH"", ""T4_BRANCH""]}, ""csv_rows"": [4, 6, 8, 15, 17, 19, 26, 28, 30, 37, 39, 41, 49, 51, 53, 60, 61, 62, 71, 72, 73, 82, 83, 84, 93, 94, 95, 104, 105, 106, 115, 116, 117, 126, 127, 128, 137, 138, 139, 148, 149, 150, 159, 160, 161, 170, 171, 172, 181, 182, 183, 193, 194, 195, 204, 205, 206, 216, 217, 218, 227, 229, 231, 238, 240, 242, 249, 251, 253, 260, 262, 264, 271, 273, 275, 282, 284, 286, 293, 295, 297, 304, 306, 308, 315, 317, 319, 326, 328, 330, 337, 339, 341, 350, 352, 354, 361, 363, 365, 372, 374, 376, 385, 387, 389, 397, 399, 401, 409, 411, 413, 420, 422, 424, 431, 433, 435, 442, 444, 446, 453, 454, 455, 461, 462, 463, 469, 470, 471, 477, 478, 479, 485, 486, 487, 493, 494, 495, 501, 502, 503, 509, 510, 511, 517, 518, 519, 525, 526, 527, 533, 534, 535, 541, 542, 543, 549, 550, 551, 557, 558, 559, 565, 566, 567, 573, 574, 575, 581, 582, 583, 589, 590, 591, 597, 598, 599, 605, 606, 607, 613, 614, 615, 621, 622, 623, 629, 630, 631, 637, 638, 639, 645, 646, 647, 653, 654, 655, 661, 662, 663, 669, 670, 671, 677, 678, 679, 685, 686, 687, 693, 694, 695, 701, 702, 703, 709, 710, 711, 717, 718, 719, 725, 726, 727, 733, 734, 735, 741, 742, 743, 749, 750, 751, 757, 758, 759, 765, 766, 767, 943, 944, 945, 951, 952, 953, 959, 960, 961, 967, 968, 969, 975, 976, 977, 983, 984, 985, 991, 992, 993, 999, 1000, 1001, 1007, 1008, 1009, 1015, 1016, 1017, 1023, 1024, 1025, 1031, 1032, 1033, 1039, 1040, 1041, 1047, 1048, 1049, 1055, 1056, 1057, 1063, 1064, 1065, 1071, 1072, 1073, 1079, 1080, 1081, 1087, 1088, 1089, 1095, 1096, 1097, 1103, 1104, 1105, 1111, 1112, 1113, 1119, 1120, 1121, 1127, 1128, 1129, 1135, 1136, 1137, 1143, 1144, 1145, 1151, 1152, 1153, 1159, 1160, 1161, 1167, 1168, 1169, 1175, 1176, 1177, 1183, 1184, 1185, 1191, 1192, 1193, 1199, 1200, 1201, 1207, 1208, 1209, 1215, 1216, 1217, 1223, 1224, 1225, 1231, 1232, 1233, 1239, 1240, 1241, 1247, 1248, 1249, 1255, 1256, 1257], ""field"": null, ""op"": ""count""}, {""scope"": ""repo"", ""file"": ""audit/rule_compliance/source_assets.csv"", ""selector"": {}, ""csv_rows"": [2, 3, 4, 5, 6, 7, 8, 9, 10, 11, 12, 13, 14, 15, 16, 17, 18, 19, 20, 21, 22, 23, 24, 25, 26, 27, 28, 29, 30, 31, 32, 33, 34, 35, 36, 37, 38, 39, 40, 41, 42, 43, 44, 45, 46, 47, 48, 49, 50, 51, 52, 53, 54, 55, 56, 57, 58, 59, 60, 61, 62, 63, 64, 65, 66, 67, 68, 69, 70, 71, 72, 73, 74, 75, 76, 77, 78, 79, 80, 81, 82, 83, 84, 85, 86, 87, 88, 89, 90, 91, 92, 93, 94, 95, 96, 97, 98, 99, 100, 101, 102, 103, 104, 105, 106, 107, 108, 109, 110, 111, 112, 113, 114, 115, 116, 117, 118, 119, 120, 121], ""field"": ""run_id"", ""op"": ""distinct_count""}]",Reaggregation of retained AI labels and documented amendments; no new semantic validation.,
T3_r3_c4,table03/r3/c4,T3 local_branch all execution judgments,360,360,MATCH_REPRODUCED,"[{""path"": ""audit/rule_compliance/data/core/07_semantic_validation_ledger.csv"", ""sha256"": ""1cb6a847887d91b903e047d37f32edd859a66908d1d5b9fb2e625e2e7e111ae7""}, {""path"": ""audit/rule_compliance/source_assets.csv"", ""sha256"": ""36eee80d3ce950afff8cc8a824ad83dce5083cf870b1bc3f74c28c41c5f8bf4a""}]","[""audit/rule_compliance/protocol/analysis_spec.json"", ""audit/rule_compliance/protocol/CRITERIA_CONTEXT_V1.md""]","[""audit/rule_compliance/code/reproduce.py"", ""audit/rule_compliance/code/recheck_criteria.py"", ""audit/rule_compliance/code/reproduce_revision17.py""]",python audit/rule_compliance/code/reproduce_revision17.py --out reproduced,common_frame,unique run IDs; canonical metric keys; no inference of independent trials,"[{""scope"": ""repo"", ""file"": ""audit/rule_compliance/data/core/07_semantic_validation_ledger.csv"", ""selector"": {""metric_key"": [""T2_BRANCH"", ""T3_BRANCH"", ""T4_BRANCH""]}, ""csv_rows"": [4, 6, 8, 15, 17, 19, 26, 28, 30, 37, 39, 41, 49, 51, 53, 60, 61, 62, 71, 72, 73, 82, 83, 84, 93, 94, 95, 104, 105, 106, 115, 116, 117, 126, 127, 128, 137, 138, 139, 148, 149, 150, 159, 160, 161, 170, 171, 172, 181, 182, 183, 193, 194, 195, 204, 205, 206, 216, 217, 218, 227, 229, 231, 238, 240, 242, 249, 251, 253, 260, 262, 264, 271, 273, 275, 282, 284, 286, 293, 295, 297, 304, 306, 308, 315, 317, 319, 326, 328, 330, 337, 339, 341, 350, 352, 354, 361, 363, 365, 372, 374, 376, 385, 387, 389, 397, 399, 401, 409, 411, 413, 420, 422, 424, 431, 433, 435, 442, 444, 446, 453, 454, 455, 461, 462, 463, 469, 470, 471, 477, 478, 479, 485, 486, 487, 493, 494, 495, 501, 502, 503, 509, 510, 511, 517, 518, 519, 525, 526, 527, 533, 534, 535, 541, 542, 543, 549, 550, 551, 557, 558, 559, 565, 566, 567, 573, 574, 575, 581, 582, 583, 589, 590, 591, 597, 598, 599, 605, 606, 607, 613, 614, 615, 621, 622, 623, 629, 630, 631, 637, 638, 639, 645, 646, 647, 653, 654, 655, 661, 662, 663, 669, 670, 671, 677, 678, 679, 685, 686, 687, 693, 694, 695, 701, 702, 703, 709, 710, 711, 717, 718, 719, 725, 726, 727, 733, 734, 735, 741, 742, 743, 749, 750, 751, 757, 758, 759, 765, 766, 767, 943, 944, 945, 951, 952, 953, 959, 960, 961, 967, 968, 969, 975, 976, 977, 983, 984, 985, 991, 992, 993, 999, 1000, 1001, 1007, 1008, 1009, 1015, 1016, 1017, 1023, 1024, 1025, 1031, 1032, 1033, 1039, 1040, 1041, 1047, 1048, 1049, 1055, 1056, 1057, 1063, 1064, 1065, 1071, 1072, 1073, 1079, 1080, 1081, 1087, 1088, 1089, 1095, 1096, 1097, 1103, 1104, 1105, 1111, 1112, 1113, 1119, 1120, 1121, 1127, 1128, 1129, 1135, 1136, 1137, 1143, 1144, 1145, 1151, 1152, 1153, 1159, 1160, 1161, 1167, 1168, 1169, 1175, 1176, 1177, 1183, 1184, 1185, 1191, 1192, 1193, 1199, 1200, 1201, 1207, 1208, 1209, 1215, 1216, 1217, 1223, 1224, 1225, 1231, 1232, 1233, 1239, 1240, 1241, 1247, 1248, 1249, 1255, 1256, 1257], ""field"": null, ""op"": ""count""}]",Reaggregation of retained AI labels and documented amendments; no new semantic validation.,
T3_r4_c3,table03/r4/c3,T3 event_condition per execution,3,3.0,MATCH_REPRODUCED,"[{""path"": ""audit/rule_compliance/data/core/07_semantic_validation_ledger.csv"", ""sha256"": ""1cb6a847887d91b903e047d37f32edd859a66908d1d5b9fb2e625e2e7e111ae7""}, {""path"": ""audit/rule_compliance/source_assets.csv"", ""sha256"": ""36eee80d3ce950afff8cc8a824ad83dce5083cf870b1bc3f74c28c41c5f8bf4a""}]","[""audit/rule_compliance/protocol/analysis_spec.json"", ""audit/rule_compliance/protocol/CRITERIA_CONTEXT_V1.md""]","[""audit/rule_compliance/code/reproduce.py"", ""audit/rule_compliance/code/recheck_criteria.py"", ""audit/rule_compliance/code/reproduce_revision17.py""]",python audit/rule_compliance/code/reproduce_revision17.py --out reproduced,common_frame,unique run IDs; canonical metric keys; no inference of independent trials,"[{""scope"": ""repo"", ""file"": ""audit/rule_compliance/data/core/07_semantic_validation_ledger.csv"", ""selector"": {""metric_key"": [""T2_EVENT"", ""T3_EVENT"", ""T4_EVENT""]}, ""csv_rows"": [5, 7, 9, 16, 18, 20, 27, 29, 31, 38, 40, 42, 50, 52, 54, 63, 64, 65, 74, 75, 76, 85, 86, 87, 96, 97, 98, 107, 108, 109, 118, 119, 120, 129, 130, 131, 140, 141, 142, 151, 152, 153, 162, 163, 164, 173, 174, 175, 184, 185, 186, 196, 197, 198, 207, 208, 209, 219, 220, 221, 228, 230, 232, 239, 241, 243, 250, 252, 254, 261, 263, 265, 272, 274, 276, 283, 285, 287, 294, 296, 298, 305, 307, 309, 316, 318, 320, 327, 329, 331, 338, 340, 342, 351, 353, 355, 362, 364, 366, 373, 375, 377, 386, 388, 390, 398, 400, 402, 410, 412, 414, 421, 423, 425, 432, 434, 436, 443, 445, 447, 456, 457, 458, 464, 465, 466, 472, 473, 474, 480, 481, 482, 488, 489, 490, 496, 497, 498, 504, 505, 506, 512, 513, 514, 520, 521, 522, 528, 529, 530, 536, 537, 538, 544, 545, 546, 552, 553, 554, 560, 561, 562, 568, 569, 570, 576, 577, 578, 584, 585, 586, 592, 593, 594, 600, 601, 602, 608, 609, 610, 616, 617, 618, 624, 625, 626, 632, 633, 634, 640, 641, 642, 648, 649, 650, 656, 657, 658, 664, 665, 666, 672, 673, 674, 680, 681, 682, 688, 689, 690, 696, 697, 698, 704, 705, 706, 712, 713, 714, 720, 721, 722, 728, 729, 730, 736, 737, 738, 744, 745, 746, 752, 753, 754, 760, 761, 762, 768, 769, 770, 946, 947, 948, 954, 955, 956, 962, 963, 964, 970, 971, 972, 978, 979, 980, 986, 987, 988, 994, 995, 996, 1002, 1003, 1004, 1010, 1011, 1012, 1018, 1019, 1020, 1026, 1027, 1028, 1034, 1035, 1036, 1042, 1043, 1044, 1050, 1051, 1052, 1058, 1059, 1060, 1066, 1067, 1068, 1074, 1075, 1076, 1082, 1083, 1084, 1090, 1091, 1092, 1098, 1099, 1100, 1106, 1107, 1108, 1114, 1115, 1116, 1122, 1123, 1124, 1130, 1131, 1132, 1138, 1139, 1140, 1146, 1147, 1148, 1154, 1155, 1156, 1162, 1163, 1164, 1170, 1171, 1172, 1178, 1179, 1180, 1186, 1187, 1188, 1194, 1195, 1196, 1202, 1203, 1204, 1210, 1211, 1212, 1218, 1219, 1220, 1226, 1227, 1228, 1234, 1235, 1236, 1242, 1243, 1244, 1250, 1251, 1252, 1258, 1259, 1260], ""field"": null, ""op"": ""count""}, {""scope"": ""repo"", ""file"": ""audit/rule_compliance/source_assets.csv"", ""selector"": {}, ""csv_rows"": [2, 3, 4, 5, 6, 7, 8, 9, 10, 11, 12, 13, 14, 15, 16, 17, 18, 19, 20, 21, 22, 23, 24, 25, 26, 27, 28, 29, 30, 31, 32, 33, 34, 35, 36, 37, 38, 39, 40, 41, 42, 43, 44, 45, 46, 47, 48, 49, 50, 51, 52, 53, 54, 55, 56, 57, 58, 59, 60, 61, 62, 63, 64, 65, 66, 67, 68, 69, 70, 71, 72, 73, 74, 75, 76, 77, 78, 79, 80, 81, 82, 83, 84, 85, 86, 87, 88, 89, 90, 91, 92, 93, 94, 95, 96, 97, 98, 99, 100, 101, 102, 103, 104, 105, 106, 107, 108, 109, 110, 111, 112, 113, 114, 115, 116, 117, 118, 119, 120, 121], ""field"": ""run_id"", ""op"": ""distinct_count""}]",Reaggregation of retained AI labels and documented amendments; no new semantic validation.,
T3_r4_c4,table03/r4/c4,T3 event_condition all execution judgments,360,360,MATCH_REPRODUCED,"[{""path"": ""audit/rule_compliance/data/core/07_semantic_validation_ledger.csv"", ""sha256"": ""1cb6a847887d91b903e047d37f32edd859a66908d1d5b9fb2e625e2e7e111ae7""}, {""path"": ""audit/rule_compliance/source_assets.csv"", ""sha256"": ""36eee80d3ce950afff8cc8a824ad83dce5083cf870b1bc3f74c28c41c5f8bf4a""}]","[""audit/rule_compliance/protocol/analysis_spec.json"", ""audit/rule_compliance/protocol/CRITERIA_CONTEXT_V1.md""]","[""audit/rule_compliance/code/reproduce.py"", ""audit/rule_compliance/code/recheck_criteria.py"", ""audit/rule_compliance/code/reproduce_revision17.py""]",python audit/rule_compliance/code/reproduce_revision17.py --out reproduced,common_frame,unique run IDs; canonical metric keys; no inference of independent trials,"[{""scope"": ""repo"", ""file"": ""audit/rule_compliance/data/core/07_semantic_validation_ledger.csv"", ""selector"": {""metric_key"": [""T2_EVENT"", ""T3_EVENT"", ""T4_EVENT""]}, ""csv_rows"": [5, 7, 9, 16, 18, 20, 27, 29, 31, 38, 40, 42, 50, 52, 54, 63, 64, 65, 74, 75, 76, 85, 86, 87, 96, 97, 98, 107, 108, 109, 118, 119, 120, 129, 130, 131, 140, 141, 142, 151, 152, 153, 162, 163, 164, 173, 174, 175, 184, 185, 186, 196, 197, 198, 207, 208, 209, 219, 220, 221, 228, 230, 232, 239, 241, 243, 250, 252, 254, 261, 263, 265, 272, 274, 276, 283, 285, 287, 294, 296, 298, 305, 307, 309, 316, 318, 320, 327, 329, 331, 338, 340, 342, 351, 353, 355, 362, 364, 366, 373, 375, 377, 386, 388, 390, 398, 400, 402, 410, 412, 414, 421, 423, 425, 432, 434, 436, 443, 445, 447, 456, 457, 458, 464, 465, 466, 472, 473, 474, 480, 481, 482, 488, 489, 490, 496, 497, 498, 504, 505, 506, 512, 513, 514, 520, 521, 522, 528, 529, 530, 536, 537, 538, 544, 545, 546, 552, 553, 554, 560, 561, 562, 568, 569, 570, 576, 577, 578, 584, 585, 586, 592, 593, 594, 600, 601, 602, 608, 609, 610, 616, 617, 618, 624, 625, 626, 632, 633, 634, 640, 641, 642, 648, 649, 650, 656, 657, 658, 664, 665, 666, 672, 673, 674, 680, 681, 682, 688, 689, 690, 696, 697, 698, 704, 705, 706, 712, 713, 714, 720, 721, 722, 728, 729, 730, 736, 737, 738, 744, 745, 746, 752, 753, 754, 760, 761, 762, 768, 769, 770, 946, 947, 948, 954, 955, 956, 962, 963, 964, 970, 971, 972, 978, 979, 980, 986, 987, 988, 994, 995, 996, 1002, 1003, 1004, 1010, 1011, 1012, 1018, 1019, 1020, 1026, 1027, 1028, 1034, 1035, 1036, 1042, 1043, 1044, 1050, 1051, 1052, 1058, 1059, 1060, 1066, 1067, 1068, 1074, 1075, 1076, 1082, 1083, 1084, 1090, 1091, 1092, 1098, 1099, 1100, 1106, 1107, 1108, 1114, 1115, 1116, 1122, 1123, 1124, 1130, 1131, 1132, 1138, 1139, 1140, 1146, 1147, 1148, 1154, 1155, 1156, 1162, 1163, 1164, 1170, 1171, 1172, 1178, 1179, 1180, 1186, 1187, 1188, 1194, 1195, 1196, 1202, 1203, 1204, 1210, 1211, 1212, 1218, 1219, 1220, 1226, 1227, 1228, 1234, 1235, 1236, 1242, 1243, 1244, 1250, 1251, 1252, 1258, 1259, 1260], ""field"": null, ""op"": ""count""}]",Reaggregation of retained AI labels and documented amendments; no new semantic validation.,
T3_r5_c3,table03/r5/c3,T3 parent_coverage per execution,3,3.0,MATCH_REPRODUCED,"[{""path"": ""audit/rule_compliance/data/core/07_semantic_validation_ledger.csv"", ""sha256"": ""1cb6a847887d91b903e047d37f32edd859a66908d1d5b9fb2e625e2e7e111ae7""}, {""path"": ""audit/rule_compliance/source_assets.csv"", ""sha256"": ""36eee80d3ce950afff8cc8a824ad83dce5083cf870b1bc3f74c28c41c5f8bf4a""}]","[""audit/rule_compliance/protocol/analysis_spec.json"", ""audit/rule_compliance/protocol/CRITERIA_CONTEXT_V1.md""]","[""audit/rule_compliance/code/reproduce.py"", ""audit/rule_compliance/code/recheck_criteria.py"", ""audit/rule_compliance/code/reproduce_revision17.py""]",python audit/rule_compliance/code/reproduce_revision17.py --out reproduced,common_frame,unique run IDs; canonical metric keys; no inference of independent trials,"[{""scope"": ""repo"", ""file"": ""audit/rule_compliance/data/core/07_semantic_validation_ledger.csv"", ""selector"": {""metric_key"": [""T2_PARENT_COVERAGE"", ""T3_PARENT_COVERAGE"", ""T4_PARENT_COVERAGE""]}, ""csv_rows"": [10, 11, 12, 21, 22, 23, 32, 33, 34, 43, 44, 45, 55, 56, 57, 66, 67, 68, 77, 78, 79, 88, 89, 90, 99, 100, 101, 110, 111, 112, 121, 122, 123, 132, 133, 134, 143, 144, 145, 154, 155, 156, 165, 166, 167, 176, 177, 178, 187, 188, 189, 199, 200, 201, 210, 211, 212, 222, 223, 224, 233, 234, 235, 244, 245, 246, 255, 256, 257, 266, 267, 268, 277, 278, 279, 288, 289, 290, 299, 300, 301, 310, 311, 312, 321, 322, 323, 332, 333, 334, 343, 344, 345, 356, 357, 358, 367, 368, 369, 378, 379, 380, 391, 392, 393, 403, 404, 405, 415, 416, 417, 426, 427, 428, 437, 438, 439, 448, 449, 450, 771, 772, 773, 774, 775, 776, 777, 778, 779, 780, 781, 782, 783, 784, 785, 786, 787, 788, 789, 790, 791, 792, 793, 794, 795, 796, 797, 798, 799, 800, 801, 802, 803, 804, 805, 806, 807, 808, 809, 810, 811, 812, 813, 814, 815, 816, 817, 818, 819, 820, 821, 822, 823, 824, 825, 826, 827, 828, 829, 830, 831, 832, 833, 834, 835, 836, 837, 838, 839, 840, 841, 842, 843, 844, 845, 846, 847, 848, 849, 850, 851, 852, 853, 854, 855, 856, 857, 858, 859, 860, 861, 862, 863, 864, 865, 866, 867, 868, 869, 870, 871, 872, 873, 874, 875, 876, 877, 878, 879, 880, 881, 882, 883, 884, 885, 886, 887, 888, 889, 890, 1261, 1262, 1263, 1264, 1265, 1266, 1267, 1268, 1269, 1270, 1271, 1272, 1273, 1274, 1275, 1276, 1277, 1278, 1279, 1280, 1281, 1282, 1283, 1284, 1285, 1286, 1287, 1288, 1289, 1290, 1291, 1292, 1293, 1294, 1295, 1296, 1297, 1298, 1299, 1300, 1301, 1302, 1303, 1304, 1305, 1306, 1307, 1308, 1309, 1310, 1311, 1312, 1313, 1314, 1315, 1316, 1317, 1318, 1319, 1320, 1321, 1322, 1323, 1324, 1325, 1326, 1327, 1328, 1329, 1330, 1331, 1332, 1333, 1334, 1335, 1336, 1337, 1338, 1339, 1340, 1341, 1342, 1343, 1344, 1345, 1346, 1347, 1348, 1349, 1350, 1351, 1352, 1353, 1354, 1355, 1356, 1357, 1358, 1359, 1360, 1361, 1362, 1363, 1364, 1365, 1366, 1367, 1368, 1369, 1370, 1371, 1372, 1373, 1374, 1375, 1376, 1377, 1378, 1379, 1380], ""field"": null, ""op"": ""count""}, {""scope"": ""repo"", ""file"": ""audit/rule_compliance/source_assets.csv"", ""selector"": {}, ""csv_rows"": [2, 3, 4, 5, 6, 7, 8, 9, 10, 11, 12, 13, 14, 15, 16, 17, 18, 19, 20, 21, 22, 23, 24, 25, 26, 27, 28, 29, 30, 31, 32, 33, 34, 35, 36, 37, 38, 39, 40, 41, 42, 43, 44, 45, 46, 47, 48, 49, 50, 51, 52, 53, 54, 55, 56, 57, 58, 59, 60, 61, 62, 63, 64, 65, 66, 67, 68, 69, 70, 71, 72, 73, 74, 75, 76, 77, 78, 79, 80, 81, 82, 83, 84, 85, 86, 87, 88, 89, 90, 91, 92, 93, 94, 95, 96, 97, 98, 99, 100, 101, 102, 103, 104, 105, 106, 107, 108, 109, 110, 111, 112, 113, 114, 115, 116, 117, 118, 119, 120, 121], ""field"": ""run_id"", ""op"": ""distinct_count""}]",Reaggregation of retained AI labels and documented amendments; no new semantic validation.,
T3_r5_c4,table03/r5/c4,T3 parent_coverage all execution judgments,360,360,MATCH_REPRODUCED,"[{""path"": ""audit/rule_compliance/data/core/07_semantic_validation_ledger.csv"", ""sha256"": ""1cb6a847887d91b903e047d37f32edd859a66908d1d5b9fb2e625e2e7e111ae7""}, {""path"": ""audit/rule_compliance/source_assets.csv"", ""sha256"": ""36eee80d3ce950afff8cc8a824ad83dce5083cf870b1bc3f74c28c41c5f8bf4a""}]","[""audit/rule_compliance/protocol/analysis_spec.json"", ""audit/rule_compliance/protocol/CRITERIA_CONTEXT_V1.md""]","[""audit/rule_compliance/code/reproduce.py"", ""audit/rule_compliance/code/recheck_criteria.py"", ""audit/rule_compliance/code/reproduce_revision17.py""]",python audit/rule_compliance/code/reproduce_revision17.py --out reproduced,common_frame,unique run IDs; canonical metric keys; no inference of independent trials,"[{""scope"": ""repo"", ""file"": ""audit/rule_compliance/data/core/07_semantic_validation_ledger.csv"", ""selector"": {""metric_key"": [""T2_PARENT_COVERAGE"", ""T3_PARENT_COVERAGE"", ""T4_PARENT_COVERAGE""]}, ""csv_rows"": [10, 11, 12, 21, 22, 23, 32, 33, 34, 43, 44, 45, 55, 56, 57, 66, 67, 68, 77, 78, 79, 88, 89, 90, 99, 100, 101, 110, 111, 112, 121, 122, 123, 132, 133, 134, 143, 144, 145, 154, 155, 156, 165, 166, 167, 176, 177, 178, 187, 188, 189, 199, 200, 201, 210, 211, 212, 222, 223, 224, 233, 234, 235, 244, 245, 246, 255, 256, 257, 266, 267, 268, 277, 278, 279, 288, 289, 290, 299, 300, 301, 310, 311, 312, 321, 322, 323, 332, 333, 334, 343, 344, 345, 356, 357, 358, 367, 368, 369, 378, 379, 380, 391, 392, 393, 403, 404, 405, 415, 416, 417, 426, 427, 428, 437, 438, 439, 448, 449, 450, 771, 772, 773, 774, 775, 776, 777, 778, 779, 780, 781, 782, 783, 784, 785, 786, 787, 788, 789, 790, 791, 792, 793, 794, 795, 796, 797, 798, 799, 800, 801, 802, 803, 804, 805, 806, 807, 808, 809, 810, 811, 812, 813, 814, 815, 816, 817, 818, 819, 820, 821, 822, 823, 824, 825, 826, 827, 828, 829, 830, 831, 832, 833, 834, 835, 836, 837, 838, 839, 840, 841, 842, 843, 844, 845, 846, 847, 848, 849, 850, 851, 852, 853, 854, 855, 856, 857, 858, 859, 860, 861, 862, 863, 864, 865, 866, 867, 868, 869, 870, 871, 872, 873, 874, 875, 876, 877, 878, 879, 880, 881, 882, 883, 884, 885, 886, 887, 888, 889, 890, 1261, 1262, 1263, 1264, 1265, 1266, 1267, 1268, 1269, 1270, 1271, 1272, 1273, 1274, 1275, 1276, 1277, 1278, 1279, 1280, 1281, 1282, 1283, 1284, 1285, 1286, 1287, 1288, 1289, 1290, 1291, 1292, 1293, 1294, 1295, 1296, 1297, 1298, 1299, 1300, 1301, 1302, 1303, 1304, 1305, 1306, 1307, 1308, 1309, 1310, 1311, 1312, 1313, 1314, 1315, 1316, 1317, 1318, 1319, 1320, 1321, 1322, 1323, 1324, 1325, 1326, 1327, 1328, 1329, 1330, 1331, 1332, 1333, 1334, 1335, 1336, 1337, 1338, 1339, 1340, 1341, 1342, 1343, 1344, 1345, 1346, 1347, 1348, 1349, 1350, 1351, 1352, 1353, 1354, 1355, 1356, 1357, 1358, 1359, 1360, 1361, 1362, 1363, 1364, 1365, 1366, 1367, 1368, 1369, 1370, 1371, 1372, 1373, 1374, 1375, 1376, 1377, 1378, 1379, 1380], ""field"": null, ""op"": ""count""}]",Reaggregation of retained AI labels and documented amendments; no new semantic validation.,
T3_r6_c3,table03/r6/c3,T3 total per execution,11,11.0,MATCH_REPRODUCED,"[{""path"": ""audit/rule_compliance/data/core/07_semantic_validation_ledger.csv"", ""sha256"": ""1cb6a847887d91b903e047d37f32edd859a66908d1d5b9fb2e625e2e7e111ae7""}, {""path"": ""audit/rule_compliance/source_assets.csv"", ""sha256"": ""36eee80d3ce950afff8cc8a824ad83dce5083cf870b1bc3f74c28c41c5f8bf4a""}]","[""audit/rule_compliance/protocol/analysis_spec.json"", ""audit/rule_compliance/protocol/CRITERIA_CONTEXT_V1.md""]","[""audit/rule_compliance/code/reproduce.py"", ""audit/rule_compliance/code/recheck_criteria.py"", ""audit/rule_compliance/code/reproduce_revision17.py""]",python audit/rule_compliance/code/reproduce_revision17.py --out reproduced,common_frame,unique run IDs; canonical metric keys; no inference of independent trials,"[{""scope"": ""repo"", ""file"": ""audit/rule_compliance/data/core/07_semantic_validation_ledger.csv"", ""selector"": {""metric_key"": [""T1_US_ROLE"", ""T1_SU_ROLE"", ""T2_BRANCH"", ""T3_BRANCH"", ""T4_BRANCH"", ""T2_EVENT"", ""T3_EVENT"", ""T4_EVENT"", ""T2_PARENT_COVERAGE"", ""T3_PARENT_COVERAGE"", ""T4_PARENT_COVERAGE""]}, ""csv_rows"": [2, 3, 4, 5, 6, 7, 8, 9, 10, 11, 12, 13, 14, 15, 16, 17, 18, 19, 20, 21, 22, 23, 24, 25, 26, 27, 28, 29, 30, 31, 32, 33, 34, 35, 36, 37, 38, 39, 40, 41, 42, 43, 44, 45, 47, 48, 49, 50, 51, 52, 53, 54, 55, 56, 57, 58, 59, 60, 61, 62, 63, 64, 65, 66, 67, 68, 69, 70, 71, 72, 73, 74, 75, 76, 77, 78, 79, 80, 81, 82, 83, 84, 85, 86, 87, 88, 89, 90, 91, 92, 93, 94, 95, 96, 97, 98, 99, 100, 101, 102, 103, 104, 105, 106, 107, 108, 109, 110, 111, 112, 113, 114, 115, 116, 117, 118, 119, 120, 121, 122, 123, 124, 125, 126, 127, 128, 129, 130, 131, 132, 133, 134, 135, 136, 137, 138, 139, 140, 141, 142, 143, 144, 145, 146, 147, 148, 149, 150, 151, 152, 153, 154, 155, 156, 157, 158, 159, 160, 161, 162, 163, 164, 165, 166, 167, 168, 169, 170, 171, 172, 173, 174, 175, 176, 177, 178, 179, 180, 181, 182, 183, 184, 185, 186, 187, 188, 189, 191, 192, 193, 194, 195, 196, 197, 198, 199, 200, 201, 202, 203, 204, 205, 206, 207, 208, 209, 210, 211, 212, 214, 215, 216, 217, 218, 219, 220, 221, 222, 223, 224, 225, 226, 227, 228, 229, 230, 231, 232, 233, 234, 235, 236, 237, 238, 239, 240, 241, 242, 243, 244, 245, 246, 247, 248, 249, 250, 251, 252, 253, 254, 255, 256, 257, 258, 259, 260, 261, 262, 263, 264, 265, 266, 267, 268, 269, 270, 271, 272, 273, 274, 275, 276, 277, 278, 279, 280, 281, 282, 283, 284, 285, 286, 287, 288, 289, 290, 291, 292, 293, 294, 295, 296, 297, 298, 299, 300, 301, 302, 303, 304, 305, 306, 307, 308, 309, 310, 311, 312, 313, 314, 315, 316, 317, 318, 319, 320, 321, 322, 323, 324, 325, 326, 327, 328, 329, 330, 331, 332, 333, 334, 335, 336, 337, 338, 339, 340, 341, 342, 343, 344, 345, 348, 349, 350, 351, 352, 353, 354, 355, 356, 357, 358, 359, 360, 361, 362, 363, 364, 365, 366, 367, 368, 369, 370, 371, 372, 373, 374, 375, 376, 377, 378, 379, 380, 383, 384, 385, 386, 387, 388, 389, 390, 391, 392, 393, 395, 396, 397, 398, 399, 400, 401, 402, 403, 404, 405, 407, 408, 409, 410, 411, 412, 413, 414, 415, 416, 417, 418, 419, 420, 421, 422, 423, 424, 425, 426, 427, 428, 429, 430, 431, 432, 433, 434, 435, 436, 437, 438, 439, 440, 441, 442, 443, 444, 445, 446, 447, 448, 449, 450, 451, 452, 453, 454, 455, 456, 457, 458, 459, 460, 461, 462, 463, 464, 465, 466, 467, 468, 469, 470, 471, 472, 473, 474, 475, 476, 477, 478, 479, 480, 481, 482, 483, 484, 485, 486, 487, 488, 489, 490, 491, 492, 493, 494, 495, 496, 497, 498, 499, 500, 501, 502, 503, 504, 505, 506, 507, 508, 509, 510, 511, 512, 513, 514, 515, 516, 517, 518, 519, 520, 521, 522, 523, 524, 525, 526, 527, 528, 529, 530, 531, 532, 533, 534, 535, 536, 537, 538, 539, 540, 541, 542, 543, 544, 545, 546, 547, 548, 549, 550, 551, 552, 553, 554, 555, 556, 557, 558, 559, 560, 561, 562, 563, 564, 565, 566, 567, 568, 569, 570, 571, 572, 573, 574, 575, 576, 577, 578, 579, 580, 581, 582, 583, 584, 585, 586, 587, 588, 589, 590, 591, 592, 593, 594, 595, 596, 597, 598, 599, 600, 601, 602, 603, 604, 605, 606, 607, 608, 609, 610, 611, 612, 613, 614, 615, 616, 617, 618, 619, 620, 621, 622, 623, 624, 625, 626, 627, 628, 629, 630, 631, 632, 633, 634, 635, 636, 637, 638, 639, 640, 641, 642, 643, 644, 645, 646, 647, 648, 649, 650, 651, 652, 653, 654, 655, 656, 657, 658, 659, 660, 661, 662, 663, 664, 665, 666, 667, 668, 669, 670, 671, 672, 673, 674, 675, 676, 677, 678, 679, 680, 681, 682, 683, 684, 685, 686, 687, 688, 689, 690, 691, 692, 693, 694, 695, 696, 697, 698, 699, 700, 701, 702, 703, 704, 705, 706, 707, 708, 709, 710, 711, 712, 713, 714, 715, 716, 717, 718, 719, 720, 721, 722, 723, 724, 725, 726, 727, 728, 729, 730, 731, 732, 733, 734, 735, 736, 737, 738, 739, 740, 741, 742, 743, 744, 745, 746, 747, 748, 749, 750, 751, 752, 753, 754, 755, 756, 757, 758, 759, 760, 761, 762, 763, 764, 765, 766, 767, 768, 769, 770, 771, 772, 773, 774, 775, 776, 777, 778, 779, 780, 781, 782, 783, 784, 785, 786, 787, 788, 789, 790, 791, 792, 793, 794, 795, 796, 797, 798, 799, 800, 801, 802, 803, 804, 805, 806, 807, 808, 809, 810, 811, 812, 813, 814, 815, 816, 817, 818, 819, 820, 821, 822, 823, 824, 825, 826, 827, 828, 829, 830, 831, 832, 833, 834, 835, 836, 837, 838, 839, 840, 841, 842, 843, 844, 845, 846, 847, 848, 849, 850, 851, 852, 853, 854, 855, 856, 857, 858, 859, 860, 861, 862, 863, 864, 865, 866, 867, 868, 869, 870, 871, 872, 873, 874, 875, 876, 877, 878, 879, 880, 881, 882, 883, 884, 885, 886, 887, 888, 889, 890, 941, 942, 943, 944, 945, 946, 947, 948, 949, 950, 951, 952, 953, 954, 955, 956, 957, 958, 959, 960, 961, 962, 963, 964, 965, 966, 967, 968, 969, 970, 971, 972, 973, 974, 975, 976, 977, 978, 979, 980, 981, 982, 983, 984, 985, 986, 987, 988, 989, 990, 991, 992, 993, 994, 995, 996, 997, 998, 999, 1000, 1001, 1002, 1003, 1004, 1005, 1006, 1007, 1008, 1009, 1010, 1011, 1012, 1013, 1014, 1015, 1016, 1017, 1018, 1019, 1020, 1021, 1022, 1023, 1024, 1025, 1026, 1027, 1028, 1029, 1030, 1031, 1032, 1033, 1034, 1035, 1036, 1037, 1038, 1039, 1040, 1041, 1042, 1043, 1044, 1045, 1046, 1047, 1048, 1049, 1050, 1051, 1052, 1053, 1054, 1055, 1056, 1057, 1058, 1059, 1060, 1061, 1062, 1063, 1064, 1065, 1066, 1067, 1068, 1069, 1070, 1071, 1072, 1073, 1074, 1075, 1076, 1077, 1078, 1079, 1080, 1081, 1082, 1083, 1084, 1085, 1086, 1087, 1088, 1089, 1090, 1091, 1092, 1093, 1094, 1095, 1096, 1097, 1098, 1099, 1100, 1101, 1102, 1103, 1104, 1105, 1106, 1107, 1108, 1109, 1110, 1111, 1112, 1113, 1114, 1115, 1116, 1117, 1118, 1119, 1120, 1121, 1122, 1123, 1124, 1125, 1126, 1127, 1128, 1129, 1130, 1131, 1132, 1133, 1134, 1135, 1136, 1137, 1138, 1139, 1140, 1141, 1142, 1143, 1144, 1145, 1146, 1147, 1148, 1149, 1150, 1151, 1152, 1153, 1154, 1155, 1156, 1157, 1158, 1159, 1160, 1161, 1162, 1163, 1164, 1165, 1166, 1167, 1168, 1169, 1170, 1171, 1172, 1173, 1174, 1175, 1176, 1177, 1178, 1179, 1180, 1181, 1182, 1183, 1184, 1185, 1186, 1187, 1188, 1189, 1190, 1191, 1192, 1193, 1194, 1195, 1196, 1197, 1198, 1199, 1200, 1201, 1202, 1203, 1204, 1205, 1206, 1207, 1208, 1209, 1210, 1211, 1212, 1213, 1214, 1215, 1216, 1217, 1218, 1219, 1220, 1221, 1222, 1223, 1224, 1225, 1226, 1227, 1228, 1229, 1230, 1231, 1232, 1233, 1234, 1235, 1236, 1237, 1238, 1239, 1240, 1241, 1242, 1243, 1244, 1245, 1246, 1247, 1248, 1249, 1250, 1251, 1252, 1253, 1254, 1255, 1256, 1257, 1258, 1259, 1260, 1261, 1262, 1263, 1264, 1265, 1266, 1267, 1268, 1269, 1270, 1271, 1272, 1273, 1274, 1275, 1276, 1277, 1278, 1279, 1280, 1281, 1282, 1283, 1284, 1285, 1286, 1287, 1288, 1289, 1290, 1291, 1292, 1293, 1294, 1295, 1296, 1297, 1298, 1299, 1300, 1301, 1302, 1303, 1304, 1305, 1306, 1307, 1308, 1309, 1310, 1311, 1312, 1313, 1314, 1315, 1316, 1317, 1318, 1319, 1320, 1321, 1322, 1323, 1324, 1325, 1326, 1327, 1328, 1329, 1330, 1331, 1332, 1333, 1334, 1335, 1336, 1337, 1338, 1339, 1340, 1341, 1342, 1343, 1344, 1345, 1346, 1347, 1348, 1349, 1350, 1351, 1352, 1353, 1354, 1355, 1356, 1357, 1358, 1359, 1360, 1361, 1362, 1363, 1364, 1365, 1366, 1367, 1368, 1369, 1370, 1371, 1372, 1373, 1374, 1375, 1376, 1377, 1378, 1379, 1380], ""field"": null, ""op"": ""count""}, {""scope"": ""repo"", ""file"": ""audit/rule_compliance/source_assets.csv"", ""selector"": {}, ""csv_rows"": [2, 3, 4, 5, 6, 7, 8, 9, 10, 11, 12, 13, 14, 15, 16, 17, 18, 19, 20, 21, 22, 23, 24, 25, 26, 27, 28, 29, 30, 31, 32, 33, 34, 35, 36, 37, 38, 39, 40, 41, 42, 43, 44, 45, 46, 47, 48, 49, 50, 51, 52, 53, 54, 55, 56, 57, 58, 59, 60, 61, 62, 63, 64, 65, 66, 67, 68, 69, 70, 71, 72, 73, 74, 75, 76, 77, 78, 79, 80, 81, 82, 83, 84, 85, 86, 87, 88, 89, 90, 91, 92, 93, 94, 95, 96, 97, 98, 99, 100, 101, 102, 103, 104, 105, 106, 107, 108, 109, 110, 111, 112, 113, 114, 115, 116, 117, 118, 119, 120, 121], ""field"": ""run_id"", ""op"": ""distinct_count""}]",Reaggregation of retained AI labels and documented amendments; no new semantic validation.,
T3_r6_c4,table03/r6/c4,T3 total all execution judgments,1320,1320,MATCH_REPRODUCED,"[{""path"": ""audit/rule_compliance/data/core/07_semantic_validation_ledger.csv"", ""sha256"": ""1cb6a847887d91b903e047d37f32edd859a66908d1d5b9fb2e625e2e7e111ae7""}, {""path"": ""audit/rule_compliance/source_assets.csv"", ""sha256"": ""36eee80d3ce950afff8cc8a824ad83dce5083cf870b1bc3f74c28c41c5f8bf4a""}]","[""audit/rule_compliance/protocol/analysis_spec.json"", ""audit/rule_compliance/protocol/CRITERIA_CONTEXT_V1.md""]","[""audit/rule_compliance/code/reproduce.py"", ""audit/rule_compliance/code/recheck_criteria.py"", ""audit/rule_compliance/code/reproduce_revision17.py""]",python audit/rule_compliance/code/reproduce_revision17.py --out reproduced,common_frame,unique run IDs; canonical metric keys; no inference of independent trials,"[{""scope"": ""repo"", ""file"": ""audit/rule_compliance/data/core/07_semantic_validation_ledger.csv"", ""selector"": {""metric_key"": [""T1_US_ROLE"", ""T1_SU_ROLE"", ""T2_BRANCH"", ""T3_BRANCH"", ""T4_BRANCH"", ""T2_EVENT"", ""T3_EVENT"", ""T4_EVENT"", ""T2_PARENT_COVERAGE"", ""T3_PARENT_COVERAGE"", ""T4_PARENT_COVERAGE""]}, ""csv_rows"": [2, 3, 4, 5, 6, 7, 8, 9, 10, 11, 12, 13, 14, 15, 16, 17, 18, 19, 20, 21, 22, 23, 24, 25, 26, 27, 28, 29, 30, 31, 32, 33, 34, 35, 36, 37, 38, 39, 40, 41, 42, 43, 44, 45, 47, 48, 49, 50, 51, 52, 53, 54, 55, 56, 57, 58, 59, 60, 61, 62, 63, 64, 65, 66, 67, 68, 69, 70, 71, 72, 73, 74, 75, 76, 77, 78, 79, 80, 81, 82, 83, 84, 85, 86, 87, 88, 89, 90, 91, 92, 93, 94, 95, 96, 97, 98, 99, 100, 101, 102, 103, 104, 105, 106, 107, 108, 109, 110, 111, 112, 113, 114, 115, 116, 117, 118, 119, 120, 121, 122, 123, 124, 125, 126, 127, 128, 129, 130, 131, 132, 133, 134, 135, 136, 137, 138, 139, 140, 141, 142, 143, 144, 145, 146, 147, 148, 149, 150, 151, 152, 153, 154, 155, 156, 157, 158, 159, 160, 161, 162, 163, 164, 165, 166, 167, 168, 169, 170, 171, 172, 173, 174, 175, 176, 177, 178, 179, 180, 181, 182, 183, 184, 185, 186, 187, 188, 189, 191, 192, 193, 194, 195, 196, 197, 198, 199, 200, 201, 202, 203, 204, 205, 206, 207, 208, 209, 210, 211, 212, 214, 215, 216, 217, 218, 219, 220, 221, 222, 223, 224, 225, 226, 227, 228, 229, 230, 231, 232, 233, 234, 235, 236, 237, 238, 239, 240, 241, 242, 243, 244, 245, 246, 247, 248, 249, 250, 251, 252, 253, 254, 255, 256, 257, 258, 259, 260, 261, 262, 263, 264, 265, 266, 267, 268, 269, 270, 271, 272, 273, 274, 275, 276, 277, 278, 279, 280, 281, 282, 283, 284, 285, 286, 287, 288, 289, 290, 291, 292, 293, 294, 295, 296, 297, 298, 299, 300, 301, 302, 303, 304, 305, 306, 307, 308, 309, 310, 311, 312, 313, 314, 315, 316, 317, 318, 319, 320, 321, 322, 323, 324, 325, 326, 327, 328, 329, 330, 331, 332, 333, 334, 335, 336, 337, 338, 339, 340, 341, 342, 343, 344, 345, 348, 349, 350, 351, 352, 353, 354, 355, 356, 357, 358, 359, 360, 361, 362, 363, 364, 365, 366, 367, 368, 369, 370, 371, 372, 373, 374, 375, 376, 377, 378, 379, 380, 383, 384, 385, 386, 387, 388, 389, 390, 391, 392, 393, 395, 396, 397, 398, 399, 400, 401, 402, 403, 404, 405, 407, 408, 409, 410, 411, 412, 413, 414, 415, 416, 417, 418, 419, 420, 421, 422, 423, 424, 425, 426, 427, 428, 429, 430, 431, 432, 433, 434, 435, 436, 437, 438, 439, 440, 441, 442, 443, 444, 445, 446, 447, 448, 449, 450, 451, 452, 453, 454, 455, 456, 457, 458, 459, 460, 461, 462, 463, 464, 465, 466, 467, 468, 469, 470, 471, 472, 473, 474, 475, 476, 477, 478, 479, 480, 481, 482, 483, 484, 485, 486, 487, 488, 489, 490, 491, 492, 493, 494, 495, 496, 497, 498, 499, 500, 501, 502, 503, 504, 505, 506, 507, 508, 509, 510, 511, 512, 513, 514, 515, 516, 517, 518, 519, 520, 521, 522, 523, 524, 525, 526, 527, 528, 529, 530, 531, 532, 533, 534, 535, 536, 537, 538, 539, 540, 541, 542, 543, 544, 545, 546, 547, 548, 549, 550, 551, 552, 553, 554, 555, 556, 557, 558, 559, 560, 561, 562, 563, 564, 565, 566, 567, 568, 569, 570, 571, 572, 573, 574, 575, 576, 577, 578, 579, 580, 581, 582, 583, 584, 585, 586, 587, 588, 589, 590, 591, 592, 593, 594, 595, 596, 597, 598, 599, 600, 601, 602, 603, 604, 605, 606, 607, 608, 609, 610, 611, 612, 613, 614, 615, 616, 617, 618, 619, 620, 621, 622, 623, 624, 625, 626, 627, 628, 629, 630, 631, 632, 633, 634, 635, 636, 637, 638, 639, 640, 641, 642, 643, 644, 645, 646, 647, 648, 649, 650, 651, 652, 653, 654, 655, 656, 657, 658, 659, 660, 661, 662, 663, 664, 665, 666, 667, 668, 669, 670, 671, 672, 673, 674, 675, 676, 677, 678, 679, 680, 681, 682, 683, 684, 685, 686, 687, 688, 689, 690, 691, 692, 693, 694, 695, 696, 697, 698, 699, 700, 701, 702, 703, 704, 705, 706, 707, 708, 709, 710, 711, 712, 713, 714, 715, 716, 717, 718, 719, 720, 721, 722, 723, 724, 725, 726, 727, 728, 729, 730, 731, 732, 733, 734, 735, 736, 737, 738, 739, 740, 741, 742, 743, 744, 745, 746, 747, 748, 749, 750, 751, 752, 753, 754, 755, 756, 757, 758, 759, 760, 761, 762, 763, 764, 765, 766, 767, 768, 769, 770, 771, 772, 773, 774, 775, 776, 777, 778, 779, 780, 781, 782, 783, 784, 785, 786, 787, 788, 789, 790, 791, 792, 793, 794, 795, 796, 797, 798, 799, 800, 801, 802, 803, 804, 805, 806, 807, 808, 809, 810, 811, 812, 813, 814, 815, 816, 817, 818, 819, 820, 821, 822, 823, 824, 825, 826, 827, 828, 829, 830, 831, 832, 833, 834, 835, 836, 837, 838, 839, 840, 841, 842, 843, 844, 845, 846, 847, 848, 849, 850, 851, 852, 853, 854, 855, 856, 857, 858, 859, 860, 861, 862, 863, 864, 865, 866, 867, 868, 869, 870, 871, 872, 873, 874, 875, 876, 877, 878, 879, 880, 881, 882, 883, 884, 885, 886, 887, 888, 889, 890, 941, 942, 943, 944, 945, 946, 947, 948, 949, 950, 951, 952, 953, 954, 955, 956, 957, 958, 959, 960, 961, 962, 963, 964, 965, 966, 967, 968, 969, 970, 971, 972, 973, 974, 975, 976, 977, 978, 979, 980, 981, 982, 983, 984, 985, 986, 987, 988, 989, 990, 991, 992, 993, 994, 995, 996, 997, 998, 999, 1000, 1001, 1002, 1003, 1004, 1005, 1006, 1007, 1008, 1009, 1010, 1011, 1012, 1013, 1014, 1015, 1016, 1017, 1018, 1019, 1020, 1021, 1022, 1023, 1024, 1025, 1026, 1027, 1028, 1029, 1030, 1031, 1032, 1033, 1034, 1035, 1036, 1037, 1038, 1039, 1040, 1041, 1042, 1043, 1044, 1045, 1046, 1047, 1048, 1049, 1050, 1051, 1052, 1053, 1054, 1055, 1056, 1057, 1058, 1059, 1060, 1061, 1062, 1063, 1064, 1065, 1066, 1067, 1068, 1069, 1070, 1071, 1072, 1073, 1074, 1075, 1076, 1077, 1078, 1079, 1080, 1081, 1082, 1083, 1084, 1085, 1086, 1087, 1088, 1089, 1090, 1091, 1092, 1093, 1094, 1095, 1096, 1097, 1098, 1099, 1100, 1101, 1102, 1103, 1104, 1105, 1106, 1107, 1108, 1109, 1110, 1111, 1112, 1113, 1114, 1115, 1116, 1117, 1118, 1119, 1120, 1121, 1122, 1123, 1124, 1125, 1126, 1127, 1128, 1129, 1130, 1131, 1132, 1133, 1134, 1135, 1136, 1137, 1138, 1139, 1140, 1141, 1142, 1143, 1144, 1145, 1146, 1147, 1148, 1149, 1150, 1151, 1152, 1153, 1154, 1155, 1156, 1157, 1158, 1159, 1160, 1161, 1162, 1163, 1164, 1165, 1166, 1167, 1168, 1169, 1170, 1171, 1172, 1173, 1174, 1175, 1176, 1177, 1178, 1179, 1180, 1181, 1182, 1183, 1184, 1185, 1186, 1187, 1188, 1189, 1190, 1191, 1192, 1193, 1194, 1195, 1196, 1197, 1198, 1199, 1200, 1201, 1202, 1203, 1204, 1205, 1206, 1207, 1208, 1209, 1210, 1211, 1212, 1213, 1214, 1215, 1216, 1217, 1218, 1219, 1220, 1221, 1222, 1223, 1224, 1225, 1226, 1227, 1228, 1229, 1230, 1231, 1232, 1233, 1234, 1235, 1236, 1237, 1238, 1239, 1240, 1241, 1242, 1243, 1244, 1245, 1246, 1247, 1248, 1249, 1250, 1251, 1252, 1253, 1254, 1255, 1256, 1257, 1258, 1259, 1260, 1261, 1262, 1263, 1264, 1265, 1266, 1267, 1268, 1269, 1270, 1271, 1272, 1273, 1274, 1275, 1276, 1277, 1278, 1279, 1280, 1281, 1282, 1283, 1284, 1285, 1286, 1287, 1288, 1289, 1290, 1291, 1292, 1293, 1294, 1295, 1296, 1297, 1298, 1299, 1300, 1301, 1302, 1303, 1304, 1305, 1306, 1307, 1308, 1309, 1310, 1311, 1312, 1313, 1314, 1315, 1316, 1317, 1318, 1319, 1320, 1321, 1322, 1323, 1324, 1325, 1326, 1327, 1328, 1329, 1330, 1331, 1332, 1333, 1334, 1335, 1336, 1337, 1338, 1339, 1340, 1341, 1342, 1343, 1344, 1345, 1346, 1347, 1348, 1349, 1350, 1351, 1352, 1353, 1354, 1355, 1356, 1357, 1358, 1359, 1360, 1361, 1362, 1363, 1364, 1365, 1366, 1367, 1368, 1369, 1370, 1371, 1372, 1373, 1374, 1375, 1376, 1377, 1378, 1379, 1380], ""field"": null, ""op"": ""count""}]",Reaggregation of retained AI labels and documented amendments; no new semantic validation.,
T4_r2_c1,table04/r2/c1,T4 initial_role n,"{""n"": 240}","{""n"": 240}",MATCH_REPRODUCED,"[{""path"": ""audit/rule_compliance/data/core/07_semantic_validation_ledger.csv"", ""sha256"": ""1cb6a847887d91b903e047d37f32edd859a66908d1d5b9fb2e625e2e7e111ae7""}, {""path"": ""audit/rule_compliance/data/adjudication/patches.json"", ""sha256"": ""eafb2df6eba59d7b0aed12162fcab96ffea4d5c9f4824a11631b71251c72b3d1""}]","[""audit/rule_compliance/protocol/analysis_spec.json"", ""audit/rule_compliance/protocol/CRITERIA_CONTEXT_V1.md""]","[""audit/rule_compliance/code/reproduce.py"", ""audit/rule_compliance/code/recheck_criteria.py"", ""audit/rule_compliance/code/reproduce_revision17.py""]",python audit/rule_compliance/code/reproduce_revision17.py --out reproduced,conservative,canonical common metric_key only; 67 additional rows excluded; NA outside rate denominators,"[{""scope"": ""results"", ""file"": ""table4.csv"", ""selector"": {""domain"": ""initial_role""}, ""csv_rows"": [2], ""field"": ""assessability_denominator"", ""op"": ""field""}]",Reaggregation of retained AI labels and documented amendments; no new semantic validation.,
T4_r2_c2,table04/r2/c2,T4 initial_role C,222,222,MATCH_REPRODUCED,"[{""path"": ""audit/rule_compliance/data/core/07_semantic_validation_ledger.csv"", ""sha256"": ""1cb6a847887d91b903e047d37f32edd859a66908d1d5b9fb2e625e2e7e111ae7""}, {""path"": ""audit/rule_compliance/data/adjudication/patches.json"", ""sha256"": ""eafb2df6eba59d7b0aed12162fcab96ffea4d5c9f4824a11631b71251c72b3d1""}]","[""audit/rule_compliance/protocol/analysis_spec.json"", ""audit/rule_compliance/protocol/CRITERIA_CONTEXT_V1.md""]","[""audit/rule_compliance/code/reproduce.py"", ""audit/rule_compliance/code/recheck_criteria.py"", ""audit/rule_compliance/code/reproduce_revision17.py""]",python audit/rule_compliance/code/reproduce_revision17.py --out reproduced,conservative,canonical common metric_key only; 67 additional rows excluded; NA outside rate denominators,"[{""scope"": ""results"", ""file"": ""table4.csv"", ""selector"": {""domain"": ""initial_role""}, ""csv_rows"": [2], ""field"": ""C"", ""op"": ""field""}]",Reaggregation of retained AI labels and documented amendments; no new semantic validation.,
T4_r2_c3,table04/r2/c3,T4 initial_role V,10,10,MATCH_REPRODUCED,"[{""path"": ""audit/rule_compliance/data/core/07_semantic_validation_ledger.csv"", ""sha256"": ""1cb6a847887d91b903e047d37f32edd859a66908d1d5b9fb2e625e2e7e111ae7""}, {""path"": ""audit/rule_compliance/data/adjudication/patches.json"", ""sha256"": ""eafb2df6eba59d7b0aed12162fcab96ffea4d5c9f4824a11631b71251c72b3d1""}]","[""audit/rule_compliance/protocol/analysis_spec.json"", ""audit/rule_compliance/protocol/CRITERIA_CONTEXT_V1.md""]","[""audit/rule_compliance/code/reproduce.py"", ""audit/rule_compliance/code/recheck_criteria.py"", ""audit/rule_compliance/code/reproduce_revision17.py""]",python audit/rule_compliance/code/reproduce_revision17.py --out reproduced,conservative,canonical common metric_key only; 67 additional rows excluded; NA outside rate denominators,"[{""scope"": ""results"", ""file"": ""table4.csv"", ""selector"": {""domain"": ""initial_role""}, ""csv_rows"": [2], ""field"": ""V"", ""op"": ""field""}]",Reaggregation of retained AI labels and documented amendments; no new semantic validation.,
T4_r2_c4,table04/r2/c4,T4 initial_role U,8,8,MATCH_REPRODUCED,"[{""path"": ""audit/rule_compliance/data/core/07_semantic_validation_ledger.csv"", ""sha256"": ""1cb6a847887d91b903e047d37f32edd859a66908d1d5b9fb2e625e2e7e111ae7""}, {""path"": ""audit/rule_compliance/data/adjudication/patches.json"", ""sha256"": ""eafb2df6eba59d7b0aed12162fcab96ffea4d5c9f4824a11631b71251c72b3d1""}]","[""audit/rule_compliance/protocol/analysis_spec.json"", ""audit/rule_compliance/protocol/CRITERIA_CONTEXT_V1.md""]","[""audit/rule_compliance/code/reproduce.py"", ""audit/rule_compliance/code/recheck_criteria.py"", ""audit/rule_compliance/code/reproduce_revision17.py""]",python audit/rule_compliance/code/reproduce_revision17.py --out reproduced,conservative,canonical common metric_key only; 67 additional rows excluded; NA outside rate denominators,"[{""scope"": ""results"", ""file"": ""table4.csv"", ""selector"": {""domain"": ""initial_role""}, ""csv_rows"": [2], ""field"": ""U"", ""op"": ""field""}]",Reaggregation of retained AI labels and documented amendments; no new semantic validation.,
T4_r2_c5,table04/r2/c5,T4 initial_role assessable_percent,96.67,96.67,MATCH_REPRODUCED,"[{""path"": ""audit/rule_compliance/data/core/07_semantic_validation_ledger.csv"", ""sha256"": ""1cb6a847887d91b903e047d37f32edd859a66908d1d5b9fb2e625e2e7e111ae7""}, {""path"": ""audit/rule_compliance/data/adjudication/patches.json"", ""sha256"": ""eafb2df6eba59d7b0aed12162fcab96ffea4d5c9f4824a11631b71251c72b3d1""}]","[""audit/rule_compliance/protocol/analysis_spec.json"", ""audit/rule_compliance/protocol/CRITERIA_CONTEXT_V1.md""]","[""audit/rule_compliance/code/reproduce.py"", ""audit/rule_compliance/code/recheck_criteria.py"", ""audit/rule_compliance/code/reproduce_revision17.py""]",python audit/rule_compliance/code/reproduce_revision17.py --out reproduced,conservative,canonical common metric_key only; 67 additional rows excluded; NA outside rate denominators,"[{""scope"": ""results"", ""file"": ""table4.csv"", ""selector"": {""domain"": ""initial_role""}, ""csv_rows"": [2], ""field"": ""assessable_percent"", ""op"": ""field""}]",Reaggregation of retained AI labels and documented amendments; no new semantic validation.,
T4_r2_c6,table04/r2/c6,T4 initial_role conditional_compliance_percent,95.69,95.69,MATCH_REPRODUCED,"[{""path"": ""audit/rule_compliance/data/core/07_semantic_validation_ledger.csv"", ""sha256"": ""1cb6a847887d91b903e047d37f32edd859a66908d1d5b9fb2e625e2e7e111ae7""}, {""path"": ""audit/rule_compliance/data/adjudication/patches.json"", ""sha256"": ""eafb2df6eba59d7b0aed12162fcab96ffea4d5c9f4824a11631b71251c72b3d1""}]","[""audit/rule_compliance/protocol/analysis_spec.json"", ""audit/rule_compliance/protocol/CRITERIA_CONTEXT_V1.md""]","[""audit/rule_compliance/code/reproduce.py"", ""audit/rule_compliance/code/recheck_criteria.py"", ""audit/rule_compliance/code/reproduce_revision17.py""]",python audit/rule_compliance/code/reproduce_revision17.py --out reproduced,conservative,canonical common metric_key only; 67 additional rows excluded; NA outside rate denominators,"[{""scope"": ""results"", ""file"": ""table4.csv"", ""selector"": {""domain"": ""initial_role""}, ""csv_rows"": [2], ""field"": ""conditional_compliance_percent"", ""op"": ""field""}]",Reaggregation of retained AI labels and documented amendments; no new semantic validation.,
T4_r3_c1,table04/r3/c1,T4 local_branch n,"{""n"": 360}","{""n"": 360}",MATCH_REPRODUCED,"[{""path"": ""audit/rule_compliance/data/core/07_semantic_validation_ledger.csv"", ""sha256"": ""1cb6a847887d91b903e047d37f32edd859a66908d1d5b9fb2e625e2e7e111ae7""}, {""path"": ""audit/rule_compliance/data/adjudication/patches.json"", ""sha256"": ""eafb2df6eba59d7b0aed12162fcab96ffea4d5c9f4824a11631b71251c72b3d1""}]","[""audit/rule_compliance/protocol/analysis_spec.json"", ""audit/rule_compliance/protocol/CRITERIA_CONTEXT_V1.md""]","[""audit/rule_compliance/code/reproduce.py"", ""audit/rule_compliance/code/recheck_criteria.py"", ""audit/rule_compliance/code/reproduce_revision17.py""]",python audit/rule_compliance/code/reproduce_revision17.py --out reproduced,conservative,canonical common metric_key only; 67 additional rows excluded; NA outside rate denominators,"[{""scope"": ""results"", ""file"": ""table4.csv"", ""selector"": {""domain"": ""local_branch""}, ""csv_rows"": [3], ""field"": ""assessability_denominator"", ""op"": ""field""}]",Reaggregation of retained AI labels and documented amendments; no new semantic validation.,
T4_r3_c2,table04/r3/c2,T4 local_branch C,180,180,MATCH_REPRODUCED,"[{""path"": ""audit/rule_compliance/data/core/07_semantic_validation_ledger.csv"", ""sha256"": ""1cb6a847887d91b903e047d37f32edd859a66908d1d5b9fb2e625e2e7e111ae7""}, {""path"": ""audit/rule_compliance/data/adjudication/patches.json"", ""sha256"": ""eafb2df6eba59d7b0aed12162fcab96ffea4d5c9f4824a11631b71251c72b3d1""}]","[""audit/rule_compliance/protocol/analysis_spec.json"", ""audit/rule_compliance/protocol/CRITERIA_CONTEXT_V1.md""]","[""audit/rule_compliance/code/reproduce.py"", ""audit/rule_compliance/code/recheck_criteria.py"", ""audit/rule_compliance/code/reproduce_revision17.py""]",python audit/rule_compliance/code/reproduce_revision17.py --out reproduced,conservative,canonical common metric_key only; 67 additional rows excluded; NA outside rate denominators,"[{""scope"": ""results"", ""file"": ""table4.csv"", ""selector"": {""domain"": ""local_branch""}, ""csv_rows"": [3], ""field"": ""C"", ""op"": ""field""}]",Reaggregation of retained AI labels and documented amendments; no new semantic validation.,
T4_r3_c3,table04/r3/c3,T4 local_branch V,173,173,MATCH_REPRODUCED,"[{""path"": ""audit/rule_compliance/data/core/07_semantic_validation_ledger.csv"", ""sha256"": ""1cb6a847887d91b903e047d37f32edd859a66908d1d5b9fb2e625e2e7e111ae7""}, {""path"": ""audit/rule_compliance/data/adjudication/patches.json"", ""sha256"": ""eafb2df6eba59d7b0aed12162fcab96ffea4d5c9f4824a11631b71251c72b3d1""}]","[""audit/rule_compliance/protocol/analysis_spec.json"", ""audit/rule_compliance/protocol/CRITERIA_CONTEXT_V1.md""]","[""audit/rule_compliance/code/reproduce.py"", ""audit/rule_compliance/code/recheck_criteria.py"", ""audit/rule_compliance/code/reproduce_revision17.py""]",python audit/rule_compliance/code/reproduce_revision17.py --out reproduced,conservative,canonical common metric_key only; 67 additional rows excluded; NA outside rate denominators,"[{""scope"": ""results"", ""file"": ""table4.csv"", ""selector"": {""domain"": ""local_branch""}, ""csv_rows"": [3], ""field"": ""V"", ""op"": ""field""}]",Reaggregation of retained AI labels and documented amendments; no new semantic validation.,
T4_r3_c4,table04/r3/c4,T4 local_branch U,7,7,MATCH_REPRODUCED,"[{""path"": ""audit/rule_compliance/data/core/07_semantic_validation_ledger.csv"", ""sha256"": ""1cb6a847887d91b903e047d37f32edd859a66908d1d5b9fb2e625e2e7e111ae7""}, {""path"": ""audit/rule_compliance/data/adjudication/patches.json"", ""sha256"": ""eafb2df6eba59d7b0aed12162fcab96ffea4d5c9f4824a11631b71251c72b3d1""}]","[""audit/rule_compliance/protocol/analysis_spec.json"", ""audit/rule_compliance/protocol/CRITERIA_CONTEXT_V1.md""]","[""audit/rule_compliance/code/reproduce.py"", ""audit/rule_compliance/code/recheck_criteria.py"", ""audit/rule_compliance/code/reproduce_revision17.py""]",python audit/rule_compliance/code/reproduce_revision17.py --out reproduced,conservative,canonical common metric_key only; 67 additional rows excluded; NA outside rate denominators,"[{""scope"": ""results"", ""file"": ""table4.csv"", ""selector"": {""domain"": ""local_branch""}, ""csv_rows"": [3], ""field"": ""U"", ""op"": ""field""}]",Reaggregation of retained AI labels and documented amendments; no new semantic validation.,
T4_r3_c5,table04/r3/c5,T4 local_branch assessable_percent,98.06,98.06,MATCH_REPRODUCED,"[{""path"": ""audit/rule_compliance/data/core/07_semantic_validation_ledger.csv"", ""sha256"": ""1cb6a847887d91b903e047d37f32edd859a66908d1d5b9fb2e625e2e7e111ae7""}, {""path"": ""audit/rule_compliance/data/adjudication/patches.json"", ""sha256"": ""eafb2df6eba59d7b0aed12162fcab96ffea4d5c9f4824a11631b71251c72b3d1""}]","[""audit/rule_compliance/protocol/analysis_spec.json"", ""audit/rule_compliance/protocol/CRITERIA_CONTEXT_V1.md""]","[""audit/rule_compliance/code/reproduce.py"", ""audit/rule_compliance/code/recheck_criteria.py"", ""audit/rule_compliance/code/reproduce_revision17.py""]",python audit/rule_compliance/code/reproduce_revision17.py --out reproduced,conservative,canonical common metric_key only; 67 additional rows excluded; NA outside rate denominators,"[{""scope"": ""results"", ""file"": ""table4.csv"", ""selector"": {""domain"": ""local_branch""}, ""csv_rows"": [3], ""field"": ""assessable_percent"", ""op"": ""field""}]",Reaggregation of retained AI labels and documented amendments; no new semantic validation.,
T4_r3_c6,table04/r3/c6,T4 local_branch conditional_compliance_percent,50.99,50.99,MATCH_REPRODUCED,"[{""path"": ""audit/rule_compliance/data/core/07_semantic_validation_ledger.csv"", ""sha256"": ""1cb6a847887d91b903e047d37f32edd859a66908d1d5b9fb2e625e2e7e111ae7""}, {""path"": ""audit/rule_compliance/data/adjudication/patches.json"", ""sha256"": ""eafb2df6eba59d7b0aed12162fcab96ffea4d5c9f4824a11631b71251c72b3d1""}]","[""audit/rule_compliance/protocol/analysis_spec.json"", ""audit/rule_compliance/protocol/CRITERIA_CONTEXT_V1.md""]","[""audit/rule_compliance/code/reproduce.py"", ""audit/rule_compliance/code/recheck_criteria.py"", ""audit/rule_compliance/code/reproduce_revision17.py""]",python audit/rule_compliance/code/reproduce_revision17.py --out reproduced,conservative,canonical common metric_key only; 67 additional rows excluded; NA outside rate denominators,"[{""scope"": ""results"", ""file"": ""table4.csv"", ""selector"": {""domain"": ""local_branch""}, ""csv_rows"": [3], ""field"": ""conditional_compliance_percent"", ""op"": ""field""}]",Reaggregation of retained AI labels and documented amendments; no new semantic validation.,
T4_r4_c1,table04/r4/c1,T4 event_condition n,"{""n"": 360}","{""n"": 360}",MATCH_REPRODUCED,"[{""path"": ""audit/rule_compliance/data/core/07_semantic_validation_ledger.csv"", ""sha256"": ""1cb6a847887d91b903e047d37f32edd859a66908d1d5b9fb2e625e2e7e111ae7""}, {""path"": ""audit/rule_compliance/data/adjudication/patches.json"", ""sha256"": ""eafb2df6eba59d7b0aed12162fcab96ffea4d5c9f4824a11631b71251c72b3d1""}]","[""audit/rule_compliance/protocol/analysis_spec.json"", ""audit/rule_compliance/protocol/CRITERIA_CONTEXT_V1.md""]","[""audit/rule_compliance/code/reproduce.py"", ""audit/rule_compliance/code/recheck_criteria.py"", ""audit/rule_compliance/code/reproduce_revision17.py""]",python audit/rule_compliance/code/reproduce_revision17.py --out reproduced,conservative,canonical common metric_key only; 67 additional rows excluded; NA outside rate denominators,"[{""scope"": ""results"", ""file"": ""table4.csv"", ""selector"": {""domain"": ""event_condition""}, ""csv_rows"": [4], ""field"": ""assessability_denominator"", ""op"": ""field""}]",Reaggregation of retained AI labels and documented amendments; no new semantic validation.,
T4_r4_c2,table04/r4/c2,T4 event_condition C,316,316,MATCH_REPRODUCED,"[{""path"": ""audit/rule_compliance/data/core/07_semantic_validation_ledger.csv"", ""sha256"": ""1cb6a847887d91b903e047d37f32edd859a66908d1d5b9fb2e625e2e7e111ae7""}, {""path"": ""audit/rule_compliance/data/adjudication/patches.json"", ""sha256"": ""eafb2df6eba59d7b0aed12162fcab96ffea4d5c9f4824a11631b71251c72b3d1""}]","[""audit/rule_compliance/protocol/analysis_spec.json"", ""audit/rule_compliance/protocol/CRITERIA_CONTEXT_V1.md""]","[""audit/rule_compliance/code/reproduce.py"", ""audit/rule_compliance/code/recheck_criteria.py"", ""audit/rule_compliance/code/reproduce_revision17.py""]",python audit/rule_compliance/code/reproduce_revision17.py --out reproduced,conservative,canonical common metric_key only; 67 additional rows excluded; NA outside rate denominators,"[{""scope"": ""results"", ""file"": ""table4.csv"", ""selector"": {""domain"": ""event_condition""}, ""csv_rows"": [4], ""field"": ""C"", ""op"": ""field""}]",Reaggregation of retained AI labels and documented amendments; no new semantic validation.,
T4_r4_c3,table04/r4/c3,T4 event_condition V,17,17,MATCH_REPRODUCED,"[{""path"": ""audit/rule_compliance/data/core/07_semantic_validation_ledger.csv"", ""sha256"": ""1cb6a847887d91b903e047d37f32edd859a66908d1d5b9fb2e625e2e7e111ae7""}, {""path"": ""audit/rule_compliance/data/adjudication/patches.json"", ""sha256"": ""eafb2df6eba59d7b0aed12162fcab96ffea4d5c9f4824a11631b71251c72b3d1""}]","[""audit/rule_compliance/protocol/analysis_spec.json"", ""audit/rule_compliance/protocol/CRITERIA_CONTEXT_V1.md""]","[""audit/rule_compliance/code/reproduce.py"", ""audit/rule_compliance/code/recheck_criteria.py"", ""audit/rule_compliance/code/reproduce_revision17.py""]",python audit/rule_compliance/code/reproduce_revision17.py --out reproduced,conservative,canonical common metric_key only; 67 additional rows excluded; NA outside rate denominators,"[{""scope"": ""results"", ""file"": ""table4.csv"", ""selector"": {""domain"": ""event_condition""}, ""csv_rows"": [4], ""field"": ""V"", ""op"": ""field""}]",Reaggregation of retained AI labels and documented amendments; no new semantic validation.,
T4_r4_c4,table04/r4/c4,T4 event_condition U,27,27,MATCH_REPRODUCED,"[{""path"": ""audit/rule_compliance/data/core/07_semantic_validation_ledger.csv"", ""sha256"": ""1cb6a847887d91b903e047d37f32edd859a66908d1d5b9fb2e625e2e7e111ae7""}, {""path"": ""audit/rule_compliance/data/adjudication/patches.json"", ""sha256"": ""eafb2df6eba59d7b0aed12162fcab96ffea4d5c9f4824a11631b71251c72b3d1""}]","[""audit/rule_compliance/protocol/analysis_spec.json"", ""audit/rule_compliance/protocol/CRITERIA_CONTEXT_V1.md""]","[""audit/rule_compliance/code/reproduce.py"", ""audit/rule_compliance/code/recheck_criteria.py"", ""audit/rule_compliance/code/reproduce_revision17.py""]",python audit/rule_compliance/code/reproduce_revision17.py --out reproduced,conservative,canonical common metric_key only; 67 additional rows excluded; NA outside rate denominators,"[{""scope"": ""results"", ""file"": ""table4.csv"", ""selector"": {""domain"": ""event_condition""}, ""csv_rows"": [4], ""field"": ""U"", ""op"": ""field""}]",Reaggregation of retained AI labels and documented amendments; no new semantic validation.,
T4_r4_c5,table04/r4/c5,T4 event_condition assessable_percent,92.5,92.5,MATCH_REPRODUCED,"[{""path"": ""audit/rule_compliance/data/core/07_semantic_validation_ledger.csv"", ""sha256"": ""1cb6a847887d91b903e047d37f32edd859a66908d1d5b9fb2e625e2e7e111ae7""}, {""path"": ""audit/rule_compliance/data/adjudication/patches.json"", ""sha256"": ""eafb2df6eba59d7b0aed12162fcab96ffea4d5c9f4824a11631b71251c72b3d1""}]","[""audit/rule_compliance/protocol/analysis_spec.json"", ""audit/rule_compliance/protocol/CRITERIA_CONTEXT_V1.md""]","[""audit/rule_compliance/code/reproduce.py"", ""audit/rule_compliance/code/recheck_criteria.py"", ""audit/rule_compliance/code/reproduce_revision17.py""]",python audit/rule_compliance/code/reproduce_revision17.py --out reproduced,conservative,canonical common metric_key only; 67 additional rows excluded; NA outside rate denominators,"[{""scope"": ""results"", ""file"": ""table4.csv"", ""selector"": {""domain"": ""event_condition""}, ""csv_rows"": [4], ""field"": ""assessable_percent"", ""op"": ""field""}]",Reaggregation of retained AI labels and documented amendments; no new semantic validation.,
T4_r4_c6,table04/r4/c6,T4 event_condition conditional_compliance_percent,94.89,94.89,MATCH_REPRODUCED,"[{""path"": ""audit/rule_compliance/data/core/07_semantic_validation_ledger.csv"", ""sha256"": ""1cb6a847887d91b903e047d37f32edd859a66908d1d5b9fb2e625e2e7e111ae7""}, {""path"": ""audit/rule_compliance/data/adjudication/patches.json"", ""sha256"": ""eafb2df6eba59d7b0aed12162fcab96ffea4d5c9f4824a11631b71251c72b3d1""}]","[""audit/rule_compliance/protocol/analysis_spec.json"", ""audit/rule_compliance/protocol/CRITERIA_CONTEXT_V1.md""]","[""audit/rule_compliance/code/reproduce.py"", ""audit/rule_compliance/code/recheck_criteria.py"", ""audit/rule_compliance/code/reproduce_revision17.py""]",python audit/rule_compliance/code/reproduce_revision17.py --out reproduced,conservative,canonical common metric_key only; 67 additional rows excluded; NA outside rate denominators,"[{""scope"": ""results"", ""file"": ""table4.csv"", ""selector"": {""domain"": ""event_condition""}, ""csv_rows"": [4], ""field"": ""conditional_compliance_percent"", ""op"": ""field""}]",Reaggregation of retained AI labels and documented amendments; no new semantic validation.,
T4_r5_c1,table04/r5/c1,T4 parent_coverage n,"{""n"": 360}","{""n"": 360}",MATCH_REPRODUCED,"[{""path"": ""audit/rule_compliance/data/core/07_semantic_validation_ledger.csv"", ""sha256"": ""1cb6a847887d91b903e047d37f32edd859a66908d1d5b9fb2e625e2e7e111ae7""}, {""path"": ""audit/rule_compliance/data/adjudication/patches.json"", ""sha256"": ""eafb2df6eba59d7b0aed12162fcab96ffea4d5c9f4824a11631b71251c72b3d1""}]","[""audit/rule_compliance/protocol/analysis_spec.json"", ""audit/rule_compliance/protocol/CRITERIA_CONTEXT_V1.md""]","[""audit/rule_compliance/code/reproduce.py"", ""audit/rule_compliance/code/recheck_criteria.py"", ""audit/rule_compliance/code/reproduce_revision17.py""]",python audit/rule_compliance/code/reproduce_revision17.py --out reproduced,conservative,canonical common metric_key only; 67 additional rows excluded; NA outside rate denominators,"[{""scope"": ""results"", ""file"": ""table4.csv"", ""selector"": {""domain"": ""parent_coverage""}, ""csv_rows"": [5], ""field"": ""assessability_denominator"", ""op"": ""field""}]",Reaggregation of retained AI labels and documented amendments; no new semantic validation.,
T4_r5_c2,table04/r5/c2,T4 parent_coverage C,180,180,MATCH_REPRODUCED,"[{""path"": ""audit/rule_compliance/data/core/07_semantic_validation_ledger.csv"", ""sha256"": ""1cb6a847887d91b903e047d37f32edd859a66908d1d5b9fb2e625e2e7e111ae7""}, {""path"": ""audit/rule_compliance/data/adjudication/patches.json"", ""sha256"": ""eafb2df6eba59d7b0aed12162fcab96ffea4d5c9f4824a11631b71251c72b3d1""}]","[""audit/rule_compliance/protocol/analysis_spec.json"", ""audit/rule_compliance/protocol/CRITERIA_CONTEXT_V1.md""]","[""audit/rule_compliance/code/reproduce.py"", ""audit/rule_compliance/code/recheck_criteria.py"", ""audit/rule_compliance/code/reproduce_revision17.py""]",python audit/rule_compliance/code/reproduce_revision17.py --out reproduced,conservative,canonical common metric_key only; 67 additional rows excluded; NA outside rate denominators,"[{""scope"": ""results"", ""file"": ""table4.csv"", ""selector"": {""domain"": ""parent_coverage""}, ""csv_rows"": [5], ""field"": ""C"", ""op"": ""field""}]",Reaggregation of retained AI labels and documented amendments; no new semantic validation.,
T4_r5_c3,table04/r5/c3,T4 parent_coverage V,20,20,MATCH_REPRODUCED,"[{""path"": ""audit/rule_compliance/data/core/07_semantic_validation_ledger.csv"", ""sha256"": ""1cb6a847887d91b903e047d37f32edd859a66908d1d5b9fb2e625e2e7e111ae7""}, {""path"": ""audit/rule_compliance/data/adjudication/patches.json"", ""sha256"": ""eafb2df6eba59d7b0aed12162fcab96ffea4d5c9f4824a11631b71251c72b3d1""}]","[""audit/rule_compliance/protocol/analysis_spec.json"", ""audit/rule_compliance/protocol/CRITERIA_CONTEXT_V1.md""]","[""audit/rule_compliance/code/reproduce.py"", ""audit/rule_compliance/code/recheck_criteria.py"", ""audit/rule_compliance/code/reproduce_revision17.py""]",python audit/rule_compliance/code/reproduce_revision17.py --out reproduced,conservative,canonical common metric_key only; 67 additional rows excluded; NA outside rate denominators,"[{""scope"": ""results"", ""file"": ""table4.csv"", ""selector"": {""domain"": ""parent_coverage""}, ""csv_rows"": [5], ""field"": ""V"", ""op"": ""field""}]",Reaggregation of retained AI labels and documented amendments; no new semantic validation.,
T4_r5_c4,table04/r5/c4,T4 parent_coverage U,160,160,MATCH_REPRODUCED,"[{""path"": ""audit/rule_compliance/data/core/07_semantic_validation_ledger.csv"", ""sha256"": ""1cb6a847887d91b903e047d37f32edd859a66908d1d5b9fb2e625e2e7e111ae7""}, {""path"": ""audit/rule_compliance/data/adjudication/patches.json"", ""sha256"": ""eafb2df6eba59d7b0aed12162fcab96ffea4d5c9f4824a11631b71251c72b3d1""}]","[""audit/rule_compliance/protocol/analysis_spec.json"", ""audit/rule_compliance/protocol/CRITERIA_CONTEXT_V1.md""]","[""audit/rule_compliance/code/reproduce.py"", ""audit/rule_compliance/code/recheck_criteria.py"", ""audit/rule_compliance/code/reproduce_revision17.py""]",python audit/rule_compliance/code/reproduce_revision17.py --out reproduced,conservative,canonical common metric_key only; 67 additional rows excluded; NA outside rate denominators,"[{""scope"": ""results"", ""file"": ""table4.csv"", ""selector"": {""domain"": ""parent_coverage""}, ""csv_rows"": [5], ""field"": ""U"", ""op"": ""field""}]",Reaggregation of retained AI labels and documented amendments; no new semantic validation.,
T4_r5_c5,table04/r5/c5,T4 parent_coverage assessable_percent,55.56,55.56,MATCH_REPRODUCED,"[{""path"": ""audit/rule_compliance/data/core/07_semantic_validation_ledger.csv"", ""sha256"": ""1cb6a847887d91b903e047d37f32edd859a66908d1d5b9fb2e625e2e7e111ae7""}, {""path"": ""audit/rule_compliance/data/adjudication/patches.json"", ""sha256"": ""eafb2df6eba59d7b0aed12162fcab96ffea4d5c9f4824a11631b71251c72b3d1""}]","[""audit/rule_compliance/protocol/analysis_spec.json"", ""audit/rule_compliance/protocol/CRITERIA_CONTEXT_V1.md""]","[""audit/rule_compliance/code/reproduce.py"", ""audit/rule_compliance/code/recheck_criteria.py"", ""audit/rule_compliance/code/reproduce_revision17.py""]",python audit/rule_compliance/code/reproduce_revision17.py --out reproduced,conservative,canonical common metric_key only; 67 additional rows excluded; NA outside rate denominators,"[{""scope"": ""results"", ""file"": ""table4.csv"", ""selector"": {""domain"": ""parent_coverage""}, ""csv_rows"": [5], ""field"": ""assessable_percent"", ""op"": ""field""}]",Reaggregation of retained AI labels and documented amendments; no new semantic validation.,
T4_r5_c6,table04/r5/c6,T4 parent_coverage conditional_compliance_percent,90.0,90.0,MATCH_REPRODUCED,"[{""path"": ""audit/rule_compliance/data/core/07_semantic_validation_ledger.csv"", ""sha256"": ""1cb6a847887d91b903e047d37f32edd859a66908d1d5b9fb2e625e2e7e111ae7""}, {""path"": ""audit/rule_compliance/data/adjudication/patches.json"", ""sha256"": ""eafb2df6eba59d7b0aed12162fcab96ffea4d5c9f4824a11631b71251c72b3d1""}]","[""audit/rule_compliance/protocol/analysis_spec.json"", ""audit/rule_compliance/protocol/CRITERIA_CONTEXT_V1.md""]","[""audit/rule_compliance/code/reproduce.py"", ""audit/rule_compliance/code/recheck_criteria.py"", ""audit/rule_compliance/code/reproduce_revision17.py""]",python audit/rule_compliance/code/reproduce_revision17.py --out reproduced,conservative,canonical common metric_key only; 67 additional rows excluded; NA outside rate denominators,"[{""scope"": ""results"", ""file"": ""table4.csv"", ""selector"": {""domain"": ""parent_coverage""}, ""csv_rows"": [5], ""field"": ""conditional_compliance_percent"", ""op"": ""field""}]",Reaggregation of retained AI labels and documented amendments; no new semantic validation.,
A1_r2_c1,table05/r2/c1,A1 readable_text readability threshold,500,,NOT_REPRODUCED,"[{""path"": ""audit/rule_compliance/data/supplemental_partial/fresh_marker_results_120.csv"", ""sha256"": ""6b035893af8d24bca8530135a2b9525b3a50f5b83b30a0abbecf6e658e57208b""}]","[""audit/rule_compliance/protocol/original_pattern_specification.json""]","[""audit/rule_compliance/code/reproduce_revision17.py""]",python audit/rule_compliance/code/reproduce_revision17.py --out reproduced,legacy_document_search,all 120 indexed PDFs; Boolean marker observations,[],Reaggregated fixed per-PDF marker observations; raw PDF extraction is not rerun.,The 500-character readability threshold is stated in the manuscript but not encoded in the public frozen marker table; no fresh PDF text extraction is performed.
A1_r2_c2,table05/r2/c2,A1 readable_text n,120,120,MATCH_REPRODUCED,"[{""path"": ""audit/rule_compliance/data/supplemental_partial/fresh_marker_results_120.csv"", ""sha256"": ""6b035893af8d24bca8530135a2b9525b3a50f5b83b30a0abbecf6e658e57208b""}]","[""audit/rule_compliance/protocol/original_pattern_specification.json""]","[""audit/rule_compliance/code/reproduce_revision17.py""]",python audit/rule_compliance/code/reproduce_revision17.py --out reproduced,legacy_document_search,all 120 indexed PDFs; Boolean marker observations,"[{""scope"": ""results"", ""file"": ""marker_summary.csv"", ""selector"": {""marker"": ""readable_text""}, ""csv_rows"": [2], ""field"": ""n"", ""op"": ""field""}]",Reaggregated fixed per-PDF marker observations; raw PDF extraction is not rerun.,
A1_r2_c3,table05/r2/c3,A1 readable_text found,120,120,MATCH_REPRODUCED,"[{""path"": ""audit/rule_compliance/data/supplemental_partial/fresh_marker_results_120.csv"", ""sha256"": ""6b035893af8d24bca8530135a2b9525b3a50f5b83b30a0abbecf6e658e57208b""}]","[""audit/rule_compliance/protocol/original_pattern_specification.json""]","[""audit/rule_compliance/code/reproduce_revision17.py""]",python audit/rule_compliance/code/reproduce_revision17.py --out reproduced,legacy_document_search,all 120 indexed PDFs; Boolean marker observations,"[{""scope"": ""results"", ""file"": ""marker_summary.csv"", ""selector"": {""marker"": ""readable_text""}, ""csv_rows"": [2], ""field"": ""found"", ""op"": ""field""}]",Reaggregated fixed per-PDF marker observations; raw PDF extraction is not rerun.,
A1_r2_c4,table05/r2/c4,A1 readable_text not_found,0,0,MATCH_REPRODUCED,"[{""path"": ""audit/rule_compliance/data/supplemental_partial/fresh_marker_results_120.csv"", ""sha256"": ""6b035893af8d24bca8530135a2b9525b3a50f5b83b30a0abbecf6e658e57208b""}]","[""audit/rule_compliance/protocol/original_pattern_specification.json""]","[""audit/rule_compliance/code/reproduce_revision17.py""]",python audit/rule_compliance/code/reproduce_revision17.py --out reproduced,legacy_document_search,all 120 indexed PDFs; Boolean marker observations,"[{""scope"": ""results"", ""file"": ""marker_summary.csv"", ""selector"": {""marker"": ""readable_text""}, ""csv_rows"": [2], ""field"": ""not_found"", ""op"": ""field""}]",Reaggregated fixed per-PDF marker observations; raw PDF extraction is not rerun.,
A1_r2_c5,table05/r2/c5,A1 readable_text not_found_percent,0.0,0.0,MATCH_REPRODUCED,"[{""path"": ""audit/rule_compliance/data/supplemental_partial/fresh_marker_results_120.csv"", ""sha256"": ""6b035893af8d24bca8530135a2b9525b3a50f5b83b30a0abbecf6e658e57208b""}]","[""audit/rule_compliance/protocol/original_pattern_specification.json""]","[""audit/rule_compliance/code/reproduce_revision17.py""]",python audit/rule_compliance/code/reproduce_revision17.py --out reproduced,legacy_document_search,all 120 indexed PDFs; Boolean marker observations,"[{""scope"": ""results"", ""file"": ""marker_summary.csv"", ""selector"": {""marker"": ""readable_text""}, ""csv_rows"": [2], ""field"": ""not_found_percent"", ""op"": ""field""}]",Reaggregated fixed per-PDF marker observations; raw PDF extraction is not rerun.,
A1_r3_c2,table05/r3/c2,A1 artifact_reference n,120,120,MATCH_REPRODUCED,"[{""path"": ""audit/rule_compliance/data/supplemental_partial/fresh_marker_results_120.csv"", ""sha256"": ""6b035893af8d24bca8530135a2b9525b3a50f5b83b30a0abbecf6e658e57208b""}]","[""audit/rule_compliance/protocol/original_pattern_specification.json""]","[""audit/rule_compliance/code/reproduce_revision17.py""]",python audit/rule_compliance/code/reproduce_revision17.py --out reproduced,legacy_document_search,all 120 indexed PDFs; Boolean marker observations,"[{""scope"": ""results"", ""file"": ""marker_summary.csv"", ""selector"": {""marker"": ""artifact_reference""}, ""csv_rows"": [3], ""field"": ""n"", ""op"": ""field""}]",Reaggregated fixed per-PDF marker observations; raw PDF extraction is not rerun.,
A1_r3_c3,table05/r3/c3,A1 artifact_reference found,120,120,MATCH_REPRODUCED,"[{""path"": ""audit/rule_compliance/data/supplemental_partial/fresh_marker_results_120.csv"", ""sha256"": ""6b035893af8d24bca8530135a2b9525b3a50f5b83b30a0abbecf6e658e57208b""}]","[""audit/rule_compliance/protocol/original_pattern_specification.json""]","[""audit/rule_compliance/code/reproduce_revision17.py""]",python audit/rule_compliance/code/reproduce_revision17.py --out reproduced,legacy_document_search,all 120 indexed PDFs; Boolean marker observations,"[{""scope"": ""results"", ""file"": ""marker_summary.csv"", ""selector"": {""marker"": ""artifact_reference""}, ""csv_rows"": [3], ""field"": ""found"", ""op"": ""field""}]",Reaggregated fixed per-PDF marker observations; raw PDF extraction is not rerun.,
A1_r3_c4,table05/r3/c4,A1 artifact_reference not_found,0,0,MATCH_REPRODUCED,"[{""path"": ""audit/rule_compliance/data/supplemental_partial/fresh_marker_results_120.csv"", ""sha256"": ""6b035893af8d24bca8530135a2b9525b3a50f5b83b30a0abbecf6e658e57208b""}]","[""audit/rule_compliance/protocol/original_pattern_specification.json""]","[""audit/rule_compliance/code/reproduce_revision17.py""]",python audit/rule_compliance/code/reproduce_revision17.py --out reproduced,legacy_document_search,all 120 indexed PDFs; Boolean marker observations,"[{""scope"": ""results"", ""file"": ""marker_summary.csv"", ""selector"": {""marker"": ""artifact_reference""}, ""csv_rows"": [3], ""field"": ""not_found"", ""op"": ""field""}]",Reaggregated fixed per-PDF marker observations; raw PDF extraction is not rerun.,
A1_r3_c5,table05/r3/c5,A1 artifact_reference not_found_percent,0.0,0.0,MATCH_REPRODUCED,"[{""path"": ""audit/rule_compliance/data/supplemental_partial/fresh_marker_results_120.csv"", ""sha256"": ""6b035893af8d24bca8530135a2b9525b3a50f5b83b30a0abbecf6e658e57208b""}]","[""audit/rule_compliance/protocol/original_pattern_specification.json""]","[""audit/rule_compliance/code/reproduce_revision17.py""]",python audit/rule_compliance/code/reproduce_revision17.py --out reproduced,legacy_document_search,all 120 indexed PDFs; Boolean marker observations,"[{""scope"": ""results"", ""file"": ""marker_summary.csv"", ""selector"": {""marker"": ""artifact_reference""}, ""csv_rows"": [3], ""field"": ""not_found_percent"", ""op"": ""field""}]",Reaggregated fixed per-PDF marker observations; raw PDF extraction is not rerun.,
A1_r4_c2,table05/r4/c2,A1 explicit_result_log_label n,120,120,MATCH_REPRODUCED,"[{""path"": ""audit/rule_compliance/data/supplemental_partial/fresh_marker_results_120.csv"", ""sha256"": ""6b035893af8d24bca8530135a2b9525b3a50f5b83b30a0abbecf6e658e57208b""}]","[""audit/rule_compliance/protocol/original_pattern_specification.json""]","[""audit/rule_compliance/code/reproduce_revision17.py""]",python audit/rule_compliance/code/reproduce_revision17.py --out reproduced,legacy_document_search,all 120 indexed PDFs; Boolean marker observations,"[{""scope"": ""results"", ""file"": ""marker_summary.csv"", ""selector"": {""marker"": ""explicit_result_log_label""}, ""csv_rows"": [4], ""field"": ""n"", ""op"": ""field""}]",Reaggregated fixed per-PDF marker observations; raw PDF extraction is not rerun.,
A1_r4_c3,table05/r4/c3,A1 explicit_result_log_label found,119,119,MATCH_REPRODUCED,"[{""path"": ""audit/rule_compliance/data/supplemental_partial/fresh_marker_results_120.csv"", ""sha256"": ""6b035893af8d24bca8530135a2b9525b3a50f5b83b30a0abbecf6e658e57208b""}]","[""audit/rule_compliance/protocol/original_pattern_specification.json""]","[""audit/rule_compliance/code/reproduce_revision17.py""]",python audit/rule_compliance/code/reproduce_revision17.py --out reproduced,legacy_document_search,all 120 indexed PDFs; Boolean marker observations,"[{""scope"": ""results"", ""file"": ""marker_summary.csv"", ""selector"": {""marker"": ""explicit_result_log_label""}, ""csv_rows"": [4], ""field"": ""found"", ""op"": ""field""}]",Reaggregated fixed per-PDF marker observations; raw PDF extraction is not rerun.,
A1_r4_c4,table05/r4/c4,A1 explicit_result_log_label not_found,1,1,MATCH_REPRODUCED,"[{""path"": ""audit/rule_compliance/data/supplemental_partial/fresh_marker_results_120.csv"", ""sha256"": ""6b035893af8d24bca8530135a2b9525b3a50f5b83b30a0abbecf6e658e57208b""}]","[""audit/rule_compliance/protocol/original_pattern_specification.json""]","[""audit/rule_compliance/code/reproduce_revision17.py""]",python audit/rule_compliance/code/reproduce_revision17.py --out reproduced,legacy_document_search,all 120 indexed PDFs; Boolean marker observations,"[{""scope"": ""results"", ""file"": ""marker_summary.csv"", ""selector"": {""marker"": ""explicit_result_log_label""}, ""csv_rows"": [4], ""field"": ""not_found"", ""op"": ""field""}]",Reaggregated fixed per-PDF marker observations; raw PDF extraction is not rerun.,
A1_r4_c5,table05/r4/c5,A1 explicit_result_log_label not_found_percent,0.8,0.8,MATCH_REPRODUCED,"[{""path"": ""audit/rule_compliance/data/supplemental_partial/fresh_marker_results_120.csv"", ""sha256"": ""6b035893af8d24bca8530135a2b9525b3a50f5b83b30a0abbecf6e658e57208b""}]","[""audit/rule_compliance/protocol/original_pattern_specification.json""]","[""audit/rule_compliance/code/reproduce_revision17.py""]",python audit/rule_compliance/code/reproduce_revision17.py --out reproduced,legacy_document_search,all 120 indexed PDFs; Boolean marker observations,"[{""scope"": ""results"", ""file"": ""marker_summary.csv"", ""selector"": {""marker"": ""explicit_result_log_label""}, ""csv_rows"": [4], ""field"": ""not_found_percent"", ""op"": ""field""}]",Reaggregated fixed per-PDF marker observations; raw PDF extraction is not rerun.,
A1_r5_c2,table05/r5/c2,A1 all_four_state_dimensions n,120,120,MATCH_REPRODUCED,"[{""path"": ""audit/rule_compliance/data/supplemental_partial/fresh_marker_results_120.csv"", ""sha256"": ""6b035893af8d24bca8530135a2b9525b3a50f5b83b30a0abbecf6e658e57208b""}]","[""audit/rule_compliance/protocol/original_pattern_specification.json""]","[""audit/rule_compliance/code/reproduce_revision17.py""]",python audit/rule_compliance/code/reproduce_revision17.py --out reproduced,legacy_document_search,all 120 indexed PDFs; Boolean marker observations,"[{""scope"": ""results"", ""file"": ""marker_summary.csv"", ""selector"": {""marker"": ""all_four_state_dimensions""}, ""csv_rows"": [5], ""field"": ""n"", ""op"": ""field""}]",Reaggregated fixed per-PDF marker observations; raw PDF extraction is not rerun.,
A1_r5_c3,table05/r5/c3,A1 all_four_state_dimensions found,120,120,MATCH_REPRODUCED,"[{""path"": ""audit/rule_compliance/data/supplemental_partial/fresh_marker_results_120.csv"", ""sha256"": ""6b035893af8d24bca8530135a2b9525b3a50f5b83b30a0abbecf6e658e57208b""}]","[""audit/rule_compliance/protocol/original_pattern_specification.json""]","[""audit/rule_compliance/code/reproduce_revision17.py""]",python audit/rule_compliance/code/reproduce_revision17.py --out reproduced,legacy_document_search,all 120 indexed PDFs; Boolean marker observations,"[{""scope"": ""results"", ""file"": ""marker_summary.csv"", ""selector"": {""marker"": ""all_four_state_dimensions""}, ""csv_rows"": [5], ""field"": ""found"", ""op"": ""field""}]",Reaggregated fixed per-PDF marker observations; raw PDF extraction is not rerun.,
A1_r5_c4,table05/r5/c4,A1 all_four_state_dimensions not_found,0,0,MATCH_REPRODUCED,"[{""path"": ""audit/rule_compliance/data/supplemental_partial/fresh_marker_results_120.csv"", ""sha256"": ""6b035893af8d24bca8530135a2b9525b3a50f5b83b30a0abbecf6e658e57208b""}]","[""audit/rule_compliance/protocol/original_pattern_specification.json""]","[""audit/rule_compliance/code/reproduce_revision17.py""]",python audit/rule_compliance/code/reproduce_revision17.py --out reproduced,legacy_document_search,all 120 indexed PDFs; Boolean marker observations,"[{""scope"": ""results"", ""file"": ""marker_summary.csv"", ""selector"": {""marker"": ""all_four_state_dimensions""}, ""csv_rows"": [5], ""field"": ""not_found"", ""op"": ""field""}]",Reaggregated fixed per-PDF marker observations; raw PDF extraction is not rerun.,
A1_r5_c5,table05/r5/c5,A1 all_four_state_dimensions not_found_percent,0.0,0.0,MATCH_REPRODUCED,"[{""path"": ""audit/rule_compliance/data/supplemental_partial/fresh_marker_results_120.csv"", ""sha256"": ""6b035893af8d24bca8530135a2b9525b3a50f5b83b30a0abbecf6e658e57208b""}]","[""audit/rule_compliance/protocol/original_pattern_specification.json""]","[""audit/rule_compliance/code/reproduce_revision17.py""]",python audit/rule_compliance/code/reproduce_revision17.py --out reproduced,legacy_document_search,all 120 indexed PDFs; Boolean marker observations,"[{""scope"": ""results"", ""file"": ""marker_summary.csv"", ""selector"": {""marker"": ""all_four_state_dimensions""}, ""csv_rows"": [5], ""field"": ""not_found_percent"", ""op"": ""field""}]",Reaggregated fixed per-PDF marker observations; raw PDF extraction is not rerun.,
A1_r6_c2,table05/r6/c2,A1 trigger_or_threshold n,120,120,MATCH_REPRODUCED,"[{""path"": ""audit/rule_compliance/data/supplemental_partial/fresh_marker_results_120.csv"", ""sha256"": ""6b035893af8d24bca8530135a2b9525b3a50f5b83b30a0abbecf6e658e57208b""}]","[""audit/rule_compliance/protocol/original_pattern_specification.json""]","[""audit/rule_compliance/code/reproduce_revision17.py""]",python audit/rule_compliance/code/reproduce_revision17.py --out reproduced,legacy_document_search,all 120 indexed PDFs; Boolean marker observations,"[{""scope"": ""results"", ""file"": ""marker_summary.csv"", ""selector"": {""marker"": ""trigger_or_threshold""}, ""csv_rows"": [6], ""field"": ""n"", ""op"": ""field""}]",Reaggregated fixed per-PDF marker observations; raw PDF extraction is not rerun.,
A1_r6_c3,table05/r6/c3,A1 trigger_or_threshold found,120,120,MATCH_REPRODUCED,"[{""path"": ""audit/rule_compliance/data/supplemental_partial/fresh_marker_results_120.csv"", ""sha256"": ""6b035893af8d24bca8530135a2b9525b3a50f5b83b30a0abbecf6e658e57208b""}]","[""audit/rule_compliance/protocol/original_pattern_specification.json""]","[""audit/rule_compliance/code/reproduce_revision17.py""]",python audit/rule_compliance/code/reproduce_revision17.py --out reproduced,legacy_document_search,all 120 indexed PDFs; Boolean marker observations,"[{""scope"": ""results"", ""file"": ""marker_summary.csv"", ""selector"": {""marker"": ""trigger_or_threshold""}, ""csv_rows"": [6], ""field"": ""found"", ""op"": ""field""}]",Reaggregated fixed per-PDF marker observations; raw PDF extraction is not rerun.,
A1_r6_c4,table05/r6/c4,A1 trigger_or_threshold not_found,0,0,MATCH_REPRODUCED,"[{""path"": ""audit/rule_compliance/data/supplemental_partial/fresh_marker_results_120.csv"", ""sha256"": ""6b035893af8d24bca8530135a2b9525b3a50f5b83b30a0abbecf6e658e57208b""}]","[""audit/rule_compliance/protocol/original_pattern_specification.json""]","[""audit/rule_compliance/code/reproduce_revision17.py""]",python audit/rule_compliance/code/reproduce_revision17.py --out reproduced,legacy_document_search,all 120 indexed PDFs; Boolean marker observations,"[{""scope"": ""results"", ""file"": ""marker_summary.csv"", ""selector"": {""marker"": ""trigger_or_threshold""}, ""csv_rows"": [6], ""field"": ""not_found"", ""op"": ""field""}]",Reaggregated fixed per-PDF marker observations; raw PDF extraction is not rerun.,
A1_r6_c5,table05/r6/c5,A1 trigger_or_threshold not_found_percent,0.0,0.0,MATCH_REPRODUCED,"[{""path"": ""audit/rule_compliance/data/supplemental_partial/fresh_marker_results_120.csv"", ""sha256"": ""6b035893af8d24bca8530135a2b9525b3a50f5b83b30a0abbecf6e658e57208b""}]","[""audit/rule_compliance/protocol/original_pattern_specification.json""]","[""audit/rule_compliance/code/reproduce_revision17.py""]",python audit/rule_compliance/code/reproduce_revision17.py --out reproduced,legacy_document_search,all 120 indexed PDFs; Boolean marker observations,"[{""scope"": ""results"", ""file"": ""marker_summary.csv"", ""selector"": {""marker"": ""trigger_or_threshold""}, ""csv_rows"": [6], ""field"": ""not_found_percent"", ""op"": ""field""}]",Reaggregated fixed per-PDF marker observations; raw PDF extraction is not rerun.,
A1_r7_c2,table05/r7/c2,A1 variable_status_label n,120,120,MATCH_REPRODUCED,"[{""path"": ""audit/rule_compliance/data/supplemental_partial/fresh_marker_results_120.csv"", ""sha256"": ""6b035893af8d24bca8530135a2b9525b3a50f5b83b30a0abbecf6e658e57208b""}]","[""audit/rule_compliance/protocol/original_pattern_specification.json""]","[""audit/rule_compliance/code/reproduce_revision17.py""]",python audit/rule_compliance/code/reproduce_revision17.py --out reproduced,legacy_document_search,all 120 indexed PDFs; Boolean marker observations,"[{""scope"": ""results"", ""file"": ""marker_summary.csv"", ""selector"": {""marker"": ""variable_status_label""}, ""csv_rows"": [7], ""field"": ""n"", ""op"": ""field""}]",Reaggregated fixed per-PDF marker observations; raw PDF extraction is not rerun.,
A1_r7_c3,table05/r7/c3,A1 variable_status_label found,113,113,MATCH_REPRODUCED,"[{""path"": ""audit/rule_compliance/data/supplemental_partial/fresh_marker_results_120.csv"", ""sha256"": ""6b035893af8d24bca8530135a2b9525b3a50f5b83b30a0abbecf6e658e57208b""}]","[""audit/rule_compliance/protocol/original_pattern_specification.json""]","[""audit/rule_compliance/code/reproduce_revision17.py""]",python audit/rule_compliance/code/reproduce_revision17.py --out reproduced,legacy_document_search,all 120 indexed PDFs; Boolean marker observations,"[{""scope"": ""results"", ""file"": ""marker_summary.csv"", ""selector"": {""marker"": ""variable_status_label""}, ""csv_rows"": [7], ""field"": ""found"", ""op"": ""field""}]",Reaggregated fixed per-PDF marker observations; raw PDF extraction is not rerun.,
A1_r7_c4,table05/r7/c4,A1 variable_status_label not_found,7,7,MATCH_REPRODUCED,"[{""path"": ""audit/rule_compliance/data/supplemental_partial/fresh_marker_results_120.csv"", ""sha256"": ""6b035893af8d24bca8530135a2b9525b3a50f5b83b30a0abbecf6e658e57208b""}]","[""audit/rule_compliance/protocol/original_pattern_specification.json""]","[""audit/rule_compliance/code/reproduce_revision17.py""]",python audit/rule_compliance/code/reproduce_revision17.py --out reproduced,legacy_document_search,all 120 indexed PDFs; Boolean marker observations,"[{""scope"": ""results"", ""file"": ""marker_summary.csv"", ""selector"": {""marker"": ""variable_status_label""}, ""csv_rows"": [7], ""field"": ""not_found"", ""op"": ""field""}]",Reaggregated fixed per-PDF marker observations; raw PDF extraction is not rerun.,
A1_r7_c5,table05/r7/c5,A1 variable_status_label not_found_percent,5.8,5.8,MATCH_REPRODUCED,"[{""path"": ""audit/rule_compliance/data/supplemental_partial/fresh_marker_results_120.csv"", ""sha256"": ""6b035893af8d24bca8530135a2b9525b3a50f5b83b30a0abbecf6e658e57208b""}]","[""audit/rule_compliance/protocol/original_pattern_specification.json""]","[""audit/rule_compliance/code/reproduce_revision17.py""]",python audit/rule_compliance/code/reproduce_revision17.py --out reproduced,legacy_document_search,all 120 indexed PDFs; Boolean marker observations,"[{""scope"": ""results"", ""file"": ""marker_summary.csv"", ""selector"": {""marker"": ""variable_status_label""}, ""csv_rows"": [7], ""field"": ""not_found_percent"", ""op"": ""field""}]",Reaggregated fixed per-PDF marker observations; raw PDF extraction is not rerun.,
A1_r8_c2,table05/r8/c2,A1 explicit_reconfirm_variable_status n,120,120,MATCH_REPRODUCED,"[{""path"": ""audit/rule_compliance/data/supplemental_partial/fresh_marker_results_120.csv"", ""sha256"": ""6b035893af8d24bca8530135a2b9525b3a50f5b83b30a0abbecf6e658e57208b""}]","[""audit/rule_compliance/protocol/original_pattern_specification.json""]","[""audit/rule_compliance/code/reproduce_revision17.py""]",python audit/rule_compliance/code/reproduce_revision17.py --out reproduced,legacy_document_search,all 120 indexed PDFs; Boolean marker observations,"[{""scope"": ""results"", ""file"": ""marker_summary.csv"", ""selector"": {""marker"": ""explicit_reconfirm_variable_status""}, ""csv_rows"": [8], ""field"": ""n"", ""op"": ""field""}]",Reaggregated fixed per-PDF marker observations; raw PDF extraction is not rerun.,
A1_r8_c3,table05/r8/c3,A1 explicit_reconfirm_variable_status found,111,111,MATCH_REPRODUCED,"[{""path"": ""audit/rule_compliance/data/supplemental_partial/fresh_marker_results_120.csv"", ""sha256"": ""6b035893af8d24bca8530135a2b9525b3a50f5b83b30a0abbecf6e658e57208b""}]","[""audit/rule_compliance/protocol/original_pattern_specification.json""]","[""audit/rule_compliance/code/reproduce_revision17.py""]",python audit/rule_compliance/code/reproduce_revision17.py --out reproduced,legacy_document_search,all 120 indexed PDFs; Boolean marker observations,"[{""scope"": ""results"", ""file"": ""marker_summary.csv"", ""selector"": {""marker"": ""explicit_reconfirm_variable_status""}, ""csv_rows"": [8], ""field"": ""found"", ""op"": ""field""}]",Reaggregated fixed per-PDF marker observations; raw PDF extraction is not rerun.,
A1_r8_c4,table05/r8/c4,A1 explicit_reconfirm_variable_status not_found,9,9,MATCH_REPRODUCED,"[{""path"": ""audit/rule_compliance/data/supplemental_partial/fresh_marker_results_120.csv"", ""sha256"": ""6b035893af8d24bca8530135a2b9525b3a50f5b83b30a0abbecf6e658e57208b""}]","[""audit/rule_compliance/protocol/original_pattern_specification.json""]","[""audit/rule_compliance/code/reproduce_revision17.py""]",python audit/rule_compliance/code/reproduce_revision17.py --out reproduced,legacy_document_search,all 120 indexed PDFs; Boolean marker observations,"[{""scope"": ""results"", ""file"": ""marker_summary.csv"", ""selector"": {""marker"": ""explicit_reconfirm_variable_status""}, ""csv_rows"": [8], ""field"": ""not_found"", ""op"": ""field""}]",Reaggregated fixed per-PDF marker observations; raw PDF extraction is not rerun.,
A1_r8_c5,table05/r8/c5,A1 explicit_reconfirm_variable_status not_found_percent,7.5,7.5,MATCH_REPRODUCED,"[{""path"": ""audit/rule_compliance/data/supplemental_partial/fresh_marker_results_120.csv"", ""sha256"": ""6b035893af8d24bca8530135a2b9525b3a50f5b83b30a0abbecf6e658e57208b""}]","[""audit/rule_compliance/protocol/original_pattern_specification.json""]","[""audit/rule_compliance/code/reproduce_revision17.py""]",python audit/rule_compliance/code/reproduce_revision17.py --out reproduced,legacy_document_search,all 120 indexed PDFs; Boolean marker observations,"[{""scope"": ""results"", ""file"": ""marker_summary.csv"", ""selector"": {""marker"": ""explicit_reconfirm_variable_status""}, ""csv_rows"": [8], ""field"": ""not_found_percent"", ""op"": ""field""}]",Reaggregated fixed per-PDF marker observations; raw PDF extraction is not rerun.,
A1_r9_c2,table05/r9/c2,A1 metadata_labels_present n,120,120,MATCH_REPRODUCED,"[{""path"": ""audit/rule_compliance/data/supplemental_partial/fresh_marker_results_120.csv"", ""sha256"": ""6b035893af8d24bca8530135a2b9525b3a50f5b83b30a0abbecf6e658e57208b""}]","[""audit/rule_compliance/protocol/original_pattern_specification.json""]","[""audit/rule_compliance/code/reproduce_revision17.py""]",python audit/rule_compliance/code/reproduce_revision17.py --out reproduced,legacy_document_search,all 120 indexed PDFs; Boolean marker observations,"[{""scope"": ""results"", ""file"": ""marker_summary.csv"", ""selector"": {""marker"": ""metadata_labels_present""}, ""csv_rows"": [9], ""field"": ""n"", ""op"": ""field""}]",Reaggregated fixed per-PDF marker observations; raw PDF extraction is not rerun.,
A1_r9_c3,table05/r9/c3,A1 metadata_labels_present found,0,0,MATCH_REPRODUCED,"[{""path"": ""audit/rule_compliance/data/supplemental_partial/fresh_marker_results_120.csv"", ""sha256"": ""6b035893af8d24bca8530135a2b9525b3a50f5b83b30a0abbecf6e658e57208b""}]","[""audit/rule_compliance/protocol/original_pattern_specification.json""]","[""audit/rule_compliance/code/reproduce_revision17.py""]",python audit/rule_compliance/code/reproduce_revision17.py --out reproduced,legacy_document_search,all 120 indexed PDFs; Boolean marker observations,"[{""scope"": ""results"", ""file"": ""marker_summary.csv"", ""selector"": {""marker"": ""metadata_labels_present""}, ""csv_rows"": [9], ""field"": ""found"", ""op"": ""field""}]",Reaggregated fixed per-PDF marker observations; raw PDF extraction is not rerun.,
A1_r9_c4,table05/r9/c4,A1 metadata_labels_present not_found,120,120,MATCH_REPRODUCED,"[{""path"": ""audit/rule_compliance/data/supplemental_partial/fresh_marker_results_120.csv"", ""sha256"": ""6b035893af8d24bca8530135a2b9525b3a50f5b83b30a0abbecf6e658e57208b""}]","[""audit/rule_compliance/protocol/original_pattern_specification.json""]","[""audit/rule_compliance/code/reproduce_revision17.py""]",python audit/rule_compliance/code/reproduce_revision17.py --out reproduced,legacy_document_search,all 120 indexed PDFs; Boolean marker observations,"[{""scope"": ""results"", ""file"": ""marker_summary.csv"", ""selector"": {""marker"": ""metadata_labels_present""}, ""csv_rows"": [9], ""field"": ""not_found"", ""op"": ""field""}]",Reaggregated fixed per-PDF marker observations; raw PDF extraction is not rerun.,
A1_r9_c5,table05/r9/c5,A1 metadata_labels_present not_found_percent,100.0,100.0,MATCH_REPRODUCED,"[{""path"": ""audit/rule_compliance/data/supplemental_partial/fresh_marker_results_120.csv"", ""sha256"": ""6b035893af8d24bca8530135a2b9525b3a50f5b83b30a0abbecf6e658e57208b""}]","[""audit/rule_compliance/protocol/original_pattern_specification.json""]","[""audit/rule_compliance/code/reproduce_revision17.py""]",python audit/rule_compliance/code/reproduce_revision17.py --out reproduced,legacy_document_search,all 120 indexed PDFs; Boolean marker observations,"[{""scope"": ""results"", ""file"": ""marker_summary.csv"", ""selector"": {""marker"": ""metadata_labels_present""}, ""csv_rows"": [9], ""field"": ""not_found_percent"", ""op"": ""field""}]",Reaggregated fixed per-PDF marker observations; raw PDF extraction is not rerun.,
A1_r10_c2,table05/r10/c2,A1 independent_checker_phrase n,120,120,MATCH_REPRODUCED,"[{""path"": ""audit/rule_compliance/data/supplemental_partial/fresh_marker_results_120.csv"", ""sha256"": ""6b035893af8d24bca8530135a2b9525b3a50f5b83b30a0abbecf6e658e57208b""}]","[""audit/rule_compliance/protocol/original_pattern_specification.json""]","[""audit/rule_compliance/code/reproduce_revision17.py""]",python audit/rule_compliance/code/reproduce_revision17.py --out reproduced,legacy_document_search,all 120 indexed PDFs; Boolean marker observations,"[{""scope"": ""results"", ""file"": ""marker_summary.csv"", ""selector"": {""marker"": ""independent_checker_phrase""}, ""csv_rows"": [10], ""field"": ""n"", ""op"": ""field""}]",Reaggregated fixed per-PDF marker observations; raw PDF extraction is not rerun.,
A1_r10_c3,table05/r10/c3,A1 independent_checker_phrase found,0,0,MATCH_REPRODUCED,"[{""path"": ""audit/rule_compliance/data/supplemental_partial/fresh_marker_results_120.csv"", ""sha256"": ""6b035893af8d24bca8530135a2b9525b3a50f5b83b30a0abbecf6e658e57208b""}]","[""audit/rule_compliance/protocol/original_pattern_specification.json""]","[""audit/rule_compliance/code/reproduce_revision17.py""]",python audit/rule_compliance/code/reproduce_revision17.py --out reproduced,legacy_document_search,all 120 indexed PDFs; Boolean marker observations,"[{""scope"": ""results"", ""file"": ""marker_summary.csv"", ""selector"": {""marker"": ""independent_checker_phrase""}, ""csv_rows"": [10], ""field"": ""found"", ""op"": ""field""}]",Reaggregated fixed per-PDF marker observations; raw PDF extraction is not rerun.,
A1_r10_c4,table05/r10/c4,A1 independent_checker_phrase not_found,120,120,MATCH_REPRODUCED,"[{""path"": ""audit/rule_compliance/data/supplemental_partial/fresh_marker_results_120.csv"", ""sha256"": ""6b035893af8d24bca8530135a2b9525b3a50f5b83b30a0abbecf6e658e57208b""}]","[""audit/rule_compliance/protocol/original_pattern_specification.json""]","[""audit/rule_compliance/code/reproduce_revision17.py""]",python audit/rule_compliance/code/reproduce_revision17.py --out reproduced,legacy_document_search,all 120 indexed PDFs; Boolean marker observations,"[{""scope"": ""results"", ""file"": ""marker_summary.csv"", ""selector"": {""marker"": ""independent_checker_phrase""}, ""csv_rows"": [10], ""field"": ""not_found"", ""op"": ""field""}]",Reaggregated fixed per-PDF marker observations; raw PDF extraction is not rerun.,
A1_r10_c5,table05/r10/c5,A1 independent_checker_phrase not_found_percent,100.0,100.0,MATCH_REPRODUCED,"[{""path"": ""audit/rule_compliance/data/supplemental_partial/fresh_marker_results_120.csv"", ""sha256"": ""6b035893af8d24bca8530135a2b9525b3a50f5b83b30a0abbecf6e658e57208b""}]","[""audit/rule_compliance/protocol/original_pattern_specification.json""]","[""audit/rule_compliance/code/reproduce_revision17.py""]",python audit/rule_compliance/code/reproduce_revision17.py --out reproduced,legacy_document_search,all 120 indexed PDFs; Boolean marker observations,"[{""scope"": ""results"", ""file"": ""marker_summary.csv"", ""selector"": {""marker"": ""independent_checker_phrase""}, ""csv_rows"": [10], ""field"": ""not_found_percent"", ""op"": ""field""}]",Reaggregated fixed per-PDF marker observations; raw PDF extraction is not rerun.,
A2_r2_c2,table06/r2/c2,A2 Tension prior,0.85,0.85,MATCH_REPRODUCED,"[{""path"": ""audit/rule_compliance/annotations/local_case_inputs.json"", ""sha256"": ""2fce0cf8691c3542b6ba4a4ef4d46042d5eb0f9529cfd0d58954353b7474b928""}, {""path"": ""audit/rule_compliance/protocol/control_requirements.csv"", ""sha256"": ""59bddbd663c1a234b69794f45d6e2ddf7f701eb598dff2e42c1a59e11657cf47""}]","[""audit/rule_compliance/protocol/control_requirements.csv""]","[""audit/rule_compliance/code/reproduce.py""]",python audit/rule_compliance/code/reproduce_revision17.py --out reproduced,conditional_arithmetic,"CLA-01 Turn4 Scenario3; sum Strong_Leadership and Diplomatic_Success once, clip to0–1","[{""scope"": ""results"", ""file"": ""legacy_fixed/local_case_calculations.csv"", ""selector"": {""case_id"": ""CLA01_T4_Tension""}, ""csv_rows"": [2], ""field"": ""prior"", ""op"": ""field""}]",Conditional full-row additive arithmetic with reported prior state and named effects; source interpretation/trajectory not revalidated.,
A2_r2_c3,table06/r2/c3,A2 Tension SL,-0.05,-0.05,MATCH_REPRODUCED,"[{""path"": ""audit/rule_compliance/annotations/local_case_inputs.json"", ""sha256"": ""2fce0cf8691c3542b6ba4a4ef4d46042d5eb0f9529cfd0d58954353b7474b928""}, {""path"": ""audit/rule_compliance/protocol/control_requirements.csv"", ""sha256"": ""59bddbd663c1a234b69794f45d6e2ddf7f701eb598dff2e42c1a59e11657cf47""}]","[""audit/rule_compliance/protocol/control_requirements.csv""]","[""audit/rule_compliance/code/reproduce.py""]",python audit/rule_compliance/code/reproduce_revision17.py --out reproduced,conditional_arithmetic,"CLA-01 Turn4 Scenario3; sum Strong_Leadership and Diplomatic_Success once, clip to0–1","[{""scope"": ""repo"", ""file"": ""audit/rule_compliance/protocol/control_requirements.csv"", ""selector"": {""json_path_or_page"": ""$.event_driven_adjustments.Strong_Leadership.Tension""}, ""csv_rows"": [187], ""field"": ""original_requirement"", ""op"": ""field""}]",Conditional full-row additive arithmetic with reported prior state and named effects; source interpretation/trajectory not revalidated.,
A2_r2_c4,table06/r2/c4,A2 Tension DS,-0.05,-0.05,MATCH_REPRODUCED,"[{""path"": ""audit/rule_compliance/annotations/local_case_inputs.json"", ""sha256"": ""2fce0cf8691c3542b6ba4a4ef4d46042d5eb0f9529cfd0d58954353b7474b928""}, {""path"": ""audit/rule_compliance/protocol/control_requirements.csv"", ""sha256"": ""59bddbd663c1a234b69794f45d6e2ddf7f701eb598dff2e42c1a59e11657cf47""}]","[""audit/rule_compliance/protocol/control_requirements.csv""]","[""audit/rule_compliance/code/reproduce.py""]",python audit/rule_compliance/code/reproduce_revision17.py --out reproduced,conditional_arithmetic,"CLA-01 Turn4 Scenario3; sum Strong_Leadership and Diplomatic_Success once, clip to0–1","[{""scope"": ""repo"", ""file"": ""audit/rule_compliance/protocol/control_requirements.csv"", ""selector"": {""json_path_or_page"": ""$.event_driven_adjustments.Diplomatic_Success.Tension""}, ""csv_rows"": [175], ""field"": ""original_requirement"", ""op"": ""field""}]",Conditional full-row additive arithmetic with reported prior state and named effects; source interpretation/trajectory not revalidated.,
A2_r2_c5,table06/r2/c5,A2 Tension computed,0.75,0.75,MATCH_REPRODUCED,"[{""path"": ""audit/rule_compliance/annotations/local_case_inputs.json"", ""sha256"": ""2fce0cf8691c3542b6ba4a4ef4d46042d5eb0f9529cfd0d58954353b7474b928""}, {""path"": ""audit/rule_compliance/protocol/control_requirements.csv"", ""sha256"": ""59bddbd663c1a234b69794f45d6e2ddf7f701eb598dff2e42c1a59e11657cf47""}]","[""audit/rule_compliance/protocol/control_requirements.csv""]","[""audit/rule_compliance/code/reproduce.py""]",python audit/rule_compliance/code/reproduce_revision17.py --out reproduced,conditional_arithmetic,"CLA-01 Turn4 Scenario3; sum Strong_Leadership and Diplomatic_Success once, clip to0–1","[{""scope"": ""results"", ""file"": ""legacy_fixed/local_case_calculations.csv"", ""selector"": {""case_id"": ""CLA01_T4_Tension""}, ""csv_rows"": [2], ""field"": ""computed"", ""op"": ""field""}]",Conditional full-row additive arithmetic with reported prior state and named effects; source interpretation/trajectory not revalidated.,
A2_r2_c6,table06/r2/c6,A2 Tension reported,0.75,0.75,MATCH_REPRODUCED,"[{""path"": ""audit/rule_compliance/annotations/local_case_inputs.json"", ""sha256"": ""2fce0cf8691c3542b6ba4a4ef4d46042d5eb0f9529cfd0d58954353b7474b928""}, {""path"": ""audit/rule_compliance/protocol/control_requirements.csv"", ""sha256"": ""59bddbd663c1a234b69794f45d6e2ddf7f701eb598dff2e42c1a59e11657cf47""}]","[""audit/rule_compliance/protocol/control_requirements.csv""]","[""audit/rule_compliance/code/reproduce.py""]",python audit/rule_compliance/code/reproduce_revision17.py --out reproduced,conditional_arithmetic,"CLA-01 Turn4 Scenario3; sum Strong_Leadership and Diplomatic_Success once, clip to0–1","[{""scope"": ""results"", ""file"": ""legacy_fixed/local_case_calculations.csv"", ""selector"": {""case_id"": ""CLA01_T4_Tension""}, ""csv_rows"": [2], ""field"": ""reported"", ""op"": ""field""}]",Conditional full-row additive arithmetic with reported prior state and named effects; source interpretation/trajectory not revalidated.,
A2_r3_c2,table06/r3/c2,A2 Diplomatic_Support prior,0.65,0.65,MATCH_REPRODUCED,"[{""path"": ""audit/rule_compliance/annotations/local_case_inputs.json"", ""sha256"": ""2fce0cf8691c3542b6ba4a4ef4d46042d5eb0f9529cfd0d58954353b7474b928""}, {""path"": ""audit/rule_compliance/protocol/control_requirements.csv"", ""sha256"": ""59bddbd663c1a234b69794f45d6e2ddf7f701eb598dff2e42c1a59e11657cf47""}]","[""audit/rule_compliance/protocol/control_requirements.csv""]","[""audit/rule_compliance/code/reproduce.py""]",python audit/rule_compliance/code/reproduce_revision17.py --out reproduced,conditional_arithmetic,"CLA-01 Turn4 Scenario3; sum Strong_Leadership and Diplomatic_Success once, clip to0–1","[{""scope"": ""results"", ""file"": ""legacy_fixed/local_case_calculations.csv"", ""selector"": {""case_id"": ""CLA01_T4_Diplomatic_Support""}, ""csv_rows"": [3], ""field"": ""prior"", ""op"": ""field""}]",Conditional full-row additive arithmetic with reported prior state and named effects; source interpretation/trajectory not revalidated.,
A2_r3_c3,table06/r3/c3,A2 Diplomatic_Support SL,0.05,0.05,MATCH_REPRODUCED,"[{""path"": ""audit/rule_compliance/annotations/local_case_inputs.json"", ""sha256"": ""2fce0cf8691c3542b6ba4a4ef4d46042d5eb0f9529cfd0d58954353b7474b928""}, {""path"": ""audit/rule_compliance/protocol/control_requirements.csv"", ""sha256"": ""59bddbd663c1a234b69794f45d6e2ddf7f701eb598dff2e42c1a59e11657cf47""}]","[""audit/rule_compliance/protocol/control_requirements.csv""]","[""audit/rule_compliance/code/reproduce.py""]",python audit/rule_compliance/code/reproduce_revision17.py --out reproduced,conditional_arithmetic,"CLA-01 Turn4 Scenario3; sum Strong_Leadership and Diplomatic_Success once, clip to0–1","[{""scope"": ""repo"", ""file"": ""audit/rule_compliance/protocol/control_requirements.csv"", ""selector"": {""json_path_or_page"": ""$.event_driven_adjustments.Strong_Leadership.Diplomatic_Support""}, ""csv_rows"": [188], ""field"": ""original_requirement"", ""op"": ""field""}]",Conditional full-row additive arithmetic with reported prior state and named effects; source interpretation/trajectory not revalidated.,
A2_r3_c4,table06/r3/c4,A2 Diplomatic_Support DS,0.1,0.1,MATCH_REPRODUCED,"[{""path"": ""audit/rule_compliance/annotations/local_case_inputs.json"", ""sha256"": ""2fce0cf8691c3542b6ba4a4ef4d46042d5eb0f9529cfd0d58954353b7474b928""}, {""path"": ""audit/rule_compliance/protocol/control_requirements.csv"", ""sha256"": ""59bddbd663c1a234b69794f45d6e2ddf7f701eb598dff2e42c1a59e11657cf47""}]","[""audit/rule_compliance/protocol/control_requirements.csv""]","[""audit/rule_compliance/code/reproduce.py""]",python audit/rule_compliance/code/reproduce_revision17.py --out reproduced,conditional_arithmetic,"CLA-01 Turn4 Scenario3; sum Strong_Leadership and Diplomatic_Success once, clip to0–1","[{""scope"": ""repo"", ""file"": ""audit/rule_compliance/protocol/control_requirements.csv"", ""selector"": {""json_path_or_page"": ""$.event_driven_adjustments.Diplomatic_Success.Diplomatic_Support""}, ""csv_rows"": [176], ""field"": ""original_requirement"", ""op"": ""field""}]",Conditional full-row additive arithmetic with reported prior state and named effects; source interpretation/trajectory not revalidated.,
A2_r3_c5,table06/r3/c5,A2 Diplomatic_Support computed,0.8,0.8,MATCH_REPRODUCED,"[{""path"": ""audit/rule_compliance/annotations/local_case_inputs.json"", ""sha256"": ""2fce0cf8691c3542b6ba4a4ef4d46042d5eb0f9529cfd0d58954353b7474b928""}, {""path"": ""audit/rule_compliance/protocol/control_requirements.csv"", ""sha256"": ""59bddbd663c1a234b69794f45d6e2ddf7f701eb598dff2e42c1a59e11657cf47""}]","[""audit/rule_compliance/protocol/control_requirements.csv""]","[""audit/rule_compliance/code/reproduce.py""]",python audit/rule_compliance/code/reproduce_revision17.py --out reproduced,conditional_arithmetic,"CLA-01 Turn4 Scenario3; sum Strong_Leadership and Diplomatic_Success once, clip to0–1","[{""scope"": ""results"", ""file"": ""legacy_fixed/local_case_calculations.csv"", ""selector"": {""case_id"": ""CLA01_T4_Diplomatic_Support""}, ""csv_rows"": [3], ""field"": ""computed"", ""op"": ""field""}]",Conditional full-row additive arithmetic with reported prior state and named effects; source interpretation/trajectory not revalidated.,
A2_r3_c6,table06/r3/c6,A2 Diplomatic_Support reported,0.8,0.8,MATCH_REPRODUCED,"[{""path"": ""audit/rule_compliance/annotations/local_case_inputs.json"", ""sha256"": ""2fce0cf8691c3542b6ba4a4ef4d46042d5eb0f9529cfd0d58954353b7474b928""}, {""path"": ""audit/rule_compliance/protocol/control_requirements.csv"", ""sha256"": ""59bddbd663c1a234b69794f45d6e2ddf7f701eb598dff2e42c1a59e11657cf47""}]","[""audit/rule_compliance/protocol/control_requirements.csv""]","[""audit/rule_compliance/code/reproduce.py""]",python audit/rule_compliance/code/reproduce_revision17.py --out reproduced,conditional_arithmetic,"CLA-01 Turn4 Scenario3; sum Strong_Leadership and Diplomatic_Success once, clip to0–1","[{""scope"": ""results"", ""file"": ""legacy_fixed/local_case_calculations.csv"", ""selector"": {""case_id"": ""CLA01_T4_Diplomatic_Support""}, ""csv_rows"": [3], ""field"": ""reported"", ""op"": ""field""}]",Conditional full-row additive arithmetic with reported prior state and named effects; source interpretation/trajectory not revalidated.,
A2_r4_c2,table06/r4/c2,A2 Public_Opinion prior,0.7,0.7,MATCH_REPRODUCED,"[{""path"": ""audit/rule_compliance/annotations/local_case_inputs.json"", ""sha256"": ""2fce0cf8691c3542b6ba4a4ef4d46042d5eb0f9529cfd0d58954353b7474b928""}, {""path"": ""audit/rule_compliance/protocol/control_requirements.csv"", ""sha256"": ""59bddbd663c1a234b69794f45d6e2ddf7f701eb598dff2e42c1a59e11657cf47""}]","[""audit/rule_compliance/protocol/control_requirements.csv""]","[""audit/rule_compliance/code/reproduce.py""]",python audit/rule_compliance/code/reproduce_revision17.py --out reproduced,conditional_arithmetic,"CLA-01 Turn4 Scenario3; sum Strong_Leadership and Diplomatic_Success once, clip to0–1","[{""scope"": ""results"", ""file"": ""legacy_fixed/local_case_calculations.csv"", ""selector"": {""case_id"": ""CLA01_T4_Public_Opinion""}, ""csv_rows"": [4], ""field"": ""prior"", ""op"": ""field""}]",Conditional full-row additive arithmetic with reported prior state and named effects; source interpretation/trajectory not revalidated.,
A2_r4_c3,table06/r4/c3,A2 Public_Opinion SL,0.1,0.1,MATCH_REPRODUCED,"[{""path"": ""audit/rule_compliance/annotations/local_case_inputs.json"", ""sha256"": ""2fce0cf8691c3542b6ba4a4ef4d46042d5eb0f9529cfd0d58954353b7474b928""}, {""path"": ""audit/rule_compliance/protocol/control_requirements.csv"", ""sha256"": ""59bddbd663c1a234b69794f45d6e2ddf7f701eb598dff2e42c1a59e11657cf47""}]","[""audit/rule_compliance/protocol/control_requirements.csv""]","[""audit/rule_compliance/code/reproduce.py""]",python audit/rule_compliance/code/reproduce_revision17.py --out reproduced,conditional_arithmetic,"CLA-01 Turn4 Scenario3; sum Strong_Leadership and Diplomatic_Success once, clip to0–1","[{""scope"": ""repo"", ""file"": ""audit/rule_compliance/protocol/control_requirements.csv"", ""selector"": {""json_path_or_page"": ""$.event_driven_adjustments.Strong_Leadership.Public_Opinion""}, ""csv_rows"": [189], ""field"": ""original_requirement"", ""op"": ""field""}]",Conditional full-row additive arithmetic with reported prior state and named effects; source interpretation/trajectory not revalidated.,
A2_r4_c4,table06/r4/c4,A2 Public_Opinion DS,0.05,0.05,MATCH_REPRODUCED,"[{""path"": ""audit/rule_compliance/annotations/local_case_inputs.json"", ""sha256"": ""2fce0cf8691c3542b6ba4a4ef4d46042d5eb0f9529cfd0d58954353b7474b928""}, {""path"": ""audit/rule_compliance/protocol/control_requirements.csv"", ""sha256"": ""59bddbd663c1a234b69794f45d6e2ddf7f701eb598dff2e42c1a59e11657cf47""}]","[""audit/rule_compliance/protocol/control_requirements.csv""]","[""audit/rule_compliance/code/reproduce.py""]",python audit/rule_compliance/code/reproduce_revision17.py --out reproduced,conditional_arithmetic,"CLA-01 Turn4 Scenario3; sum Strong_Leadership and Diplomatic_Success once, clip to0–1","[{""scope"": ""repo"", ""file"": ""audit/rule_compliance/protocol/control_requirements.csv"", ""selector"": {""json_path_or_page"": ""$.event_driven_adjustments.Diplomatic_Success.Public_Opinion""}, ""csv_rows"": [177], ""field"": ""original_requirement"", ""op"": ""field""}]",Conditional full-row additive arithmetic with reported prior state and named effects; source interpretation/trajectory not revalidated.,
A2_r4_c5,table06/r4/c5,A2 Public_Opinion computed,0.85,0.85,MATCH_REPRODUCED,"[{""path"": ""audit/rule_compliance/annotations/local_case_inputs.json"", ""sha256"": ""2fce0cf8691c3542b6ba4a4ef4d46042d5eb0f9529cfd0d58954353b7474b928""}, {""path"": ""audit/rule_compliance/protocol/control_requirements.csv"", ""sha256"": ""59bddbd663c1a234b69794f45d6e2ddf7f701eb598dff2e42c1a59e11657cf47""}]","[""audit/rule_compliance/protocol/control_requirements.csv""]","[""audit/rule_compliance/code/reproduce.py""]",python audit/rule_compliance/code/reproduce_revision17.py --out reproduced,conditional_arithmetic,"CLA-01 Turn4 Scenario3; sum Strong_Leadership and Diplomatic_Success once, clip to0–1","[{""scope"": ""results"", ""file"": ""legacy_fixed/local_case_calculations.csv"", ""selector"": {""case_id"": ""CLA01_T4_Public_Opinion""}, ""csv_rows"": [4], ""field"": ""computed"", ""op"": ""field""}]",Conditional full-row additive arithmetic with reported prior state and named effects; source interpretation/trajectory not revalidated.,
A2_r4_c6,table06/r4/c6,A2 Public_Opinion reported,0.8,0.8,MATCH_REPRODUCED,"[{""path"": ""audit/rule_compliance/annotations/local_case_inputs.json"", ""sha256"": ""2fce0cf8691c3542b6ba4a4ef4d46042d5eb0f9529cfd0d58954353b7474b928""}, {""path"": ""audit/rule_compliance/protocol/control_requirements.csv"", ""sha256"": ""59bddbd663c1a234b69794f45d6e2ddf7f701eb598dff2e42c1a59e11657cf47""}]","[""audit/rule_compliance/protocol/control_requirements.csv""]","[""audit/rule_compliance/code/reproduce.py""]",python audit/rule_compliance/code/reproduce_revision17.py --out reproduced,conditional_arithmetic,"CLA-01 Turn4 Scenario3; sum Strong_Leadership and Diplomatic_Success once, clip to0–1","[{""scope"": ""results"", ""file"": ""legacy_fixed/local_case_calculations.csv"", ""selector"": {""case_id"": ""CLA01_T4_Public_Opinion""}, ""csv_rows"": [4], ""field"": ""reported"", ""op"": ""field""}]",Conditional full-row additive arithmetic with reported prior state and named effects; source interpretation/trajectory not revalidated.,
A2_r5_c2,table06/r5/c2,A2 Leadership_Unity prior,1.0,1.0,MATCH_REPRODUCED,"[{""path"": ""audit/rule_compliance/annotations/local_case_inputs.json"", ""sha256"": ""2fce0cf8691c3542b6ba4a4ef4d46042d5eb0f9529cfd0d58954353b7474b928""}, {""path"": ""audit/rule_compliance/protocol/control_requirements.csv"", ""sha256"": ""59bddbd663c1a234b69794f45d6e2ddf7f701eb598dff2e42c1a59e11657cf47""}]","[""audit/rule_compliance/protocol/control_requirements.csv""]","[""audit/rule_compliance/code/reproduce.py""]",python audit/rule_compliance/code/reproduce_revision17.py --out reproduced,conditional_arithmetic,"CLA-01 Turn4 Scenario3; sum Strong_Leadership and Diplomatic_Success once, clip to0–1","[{""scope"": ""results"", ""file"": ""legacy_fixed/local_case_calculations.csv"", ""selector"": {""case_id"": ""CLA01_T4_Leadership_Unity""}, ""csv_rows"": [5], ""field"": ""prior"", ""op"": ""field""}]",Conditional full-row additive arithmetic with reported prior state and named effects; source interpretation/trajectory not revalidated.,
A2_r5_c3,table06/r5/c3,A2 Leadership_Unity SL,0.1,0.1,MATCH_REPRODUCED,"[{""path"": ""audit/rule_compliance/annotations/local_case_inputs.json"", ""sha256"": ""2fce0cf8691c3542b6ba4a4ef4d46042d5eb0f9529cfd0d58954353b7474b928""}, {""path"": ""audit/rule_compliance/protocol/control_requirements.csv"", ""sha256"": ""59bddbd663c1a234b69794f45d6e2ddf7f701eb598dff2e42c1a59e11657cf47""}]","[""audit/rule_compliance/protocol/control_requirements.csv""]","[""audit/rule_compliance/code/reproduce.py""]",python audit/rule_compliance/code/reproduce_revision17.py --out reproduced,conditional_arithmetic,"CLA-01 Turn4 Scenario3; sum Strong_Leadership and Diplomatic_Success once, clip to0–1","[{""scope"": ""repo"", ""file"": ""audit/rule_compliance/protocol/control_requirements.csv"", ""selector"": {""json_path_or_page"": ""$.event_driven_adjustments.Strong_Leadership.Leadership_Unity""}, ""csv_rows"": [190], ""field"": ""original_requirement"", ""op"": ""field""}]",Conditional full-row additive arithmetic with reported prior state and named effects; source interpretation/trajectory not revalidated.,
A2_r5_c4,table06/r5/c4,A2 Leadership_Unity DS,0.05,0.05,MATCH_REPRODUCED,"[{""path"": ""audit/rule_compliance/annotations/local_case_inputs.json"", ""sha256"": ""2fce0cf8691c3542b6ba4a4ef4d46042d5eb0f9529cfd0d58954353b7474b928""}, {""path"": ""audit/rule_compliance/protocol/control_requirements.csv"", ""sha256"": ""59bddbd663c1a234b69794f45d6e2ddf7f701eb598dff2e42c1a59e11657cf47""}]","[""audit/rule_compliance/protocol/control_requirements.csv""]","[""audit/rule_compliance/code/reproduce.py""]",python audit/rule_compliance/code/reproduce_revision17.py --out reproduced,conditional_arithmetic,"CLA-01 Turn4 Scenario3; sum Strong_Leadership and Diplomatic_Success once, clip to0–1","[{""scope"": ""repo"", ""file"": ""audit/rule_compliance/protocol/control_requirements.csv"", ""selector"": {""json_path_or_page"": ""$.event_driven_adjustments.Diplomatic_Success.Leadership_Unity""}, ""csv_rows"": [178], ""field"": ""original_requirement"", ""op"": ""field""}]",Conditional full-row additive arithmetic with reported prior state and named effects; source interpretation/trajectory not revalidated.,
A2_r5_c5,table06/r5/c5,A2 Leadership_Unity computed,1.0,1.0,MATCH_REPRODUCED,"[{""path"": ""audit/rule_compliance/annotations/local_case_inputs.json"", ""sha256"": ""2fce0cf8691c3542b6ba4a4ef4d46042d5eb0f9529cfd0d58954353b7474b928""}, {""path"": ""audit/rule_compliance/protocol/control_requirements.csv"", ""sha256"": ""59bddbd663c1a234b69794f45d6e2ddf7f701eb598dff2e42c1a59e11657cf47""}]","[""audit/rule_compliance/protocol/control_requirements.csv""]","[""audit/rule_compliance/code/reproduce.py""]",python audit/rule_compliance/code/reproduce_revision17.py --out reproduced,conditional_arithmetic,"CLA-01 Turn4 Scenario3; sum Strong_Leadership and Diplomatic_Success once, clip to0–1","[{""scope"": ""results"", ""file"": ""legacy_fixed/local_case_calculations.csv"", ""selector"": {""case_id"": ""CLA01_T4_Leadership_Unity""}, ""csv_rows"": [5], ""field"": ""computed"", ""op"": ""field""}]",Conditional full-row additive arithmetic with reported prior state and named effects; source interpretation/trajectory not revalidated.,
A2_r5_c6,table06/r5/c6,A2 Leadership_Unity reported,1.0,1.0,MATCH_REPRODUCED,"[{""path"": ""audit/rule_compliance/annotations/local_case_inputs.json"", ""sha256"": ""2fce0cf8691c3542b6ba4a4ef4d46042d5eb0f9529cfd0d58954353b7474b928""}, {""path"": ""audit/rule_compliance/protocol/control_requirements.csv"", ""sha256"": ""59bddbd663c1a234b69794f45d6e2ddf7f701eb598dff2e42c1a59e11657cf47""}]","[""audit/rule_compliance/protocol/control_requirements.csv""]","[""audit/rule_compliance/code/reproduce.py""]",python audit/rule_compliance/code/reproduce_revision17.py --out reproduced,conditional_arithmetic,"CLA-01 Turn4 Scenario3; sum Strong_Leadership and Diplomatic_Success once, clip to0–1","[{""scope"": ""results"", ""file"": ""legacy_fixed/local_case_calculations.csv"", ""selector"": {""case_id"": ""CLA01_T4_Leadership_Unity""}, ""csv_rows"": [5], ""field"": ""reported"", ""op"": ""field""}]",Conditional full-row additive arithmetic with reported prior state and named effects; source interpretation/trajectory not revalidated.,
A3_r2_c1,table07/r2/c1,A3 ACTOR_ACTIONSET runs_reviewed,"{""runs"": 95}","{""runs"": 95}",MATCH_REPRODUCED,"[{""path"": ""audit/rule_compliance/data/supplemental_partial/actor_later_ledger.csv"", ""sha256"": ""e81d6e12ef2632d73a7b6c31fdb9cd7111d5c385326dad7dc63e06ab46c23aae""}]","[""audit/rule_compliance/protocol/analysis_spec.json""]","[""audit/rule_compliance/code/reproduce.py""]",python audit/rule_compliance/code/reproduce_revision17.py --out reproduced,completed_partial,"{""recipe_id"": ""ACTOR_ACTIONSET"", ""in"": {}, ""eq"": {""unit"": ""run-turn-country preserved action set""}, ""eligibility"": ""review_completed=true when present; candidate_only excluded""}","[{""scope"": ""results"", ""file"": ""legacy_fixed/domain_results.csv"", ""selector"": {""domain_id"": ""ACTOR_ACTIONSET""}, ""csv_rows"": [6], ""field"": ""runs_reviewed"", ""op"": ""field""}]",Completed partial/targeted judgments only; repeated observations retained; overlapping frames not pooled.,
A3_r2_c2,table07/r2/c2,A3 ACTOR_ACTIONSET reviewed_rows,570,570,MATCH_REPRODUCED,"[{""path"": ""audit/rule_compliance/data/supplemental_partial/actor_later_ledger.csv"", ""sha256"": ""e81d6e12ef2632d73a7b6c31fdb9cd7111d5c385326dad7dc63e06ab46c23aae""}]","[""audit/rule_compliance/protocol/analysis_spec.json""]","[""audit/rule_compliance/code/reproduce.py""]",python audit/rule_compliance/code/reproduce_revision17.py --out reproduced,completed_partial,"{""recipe_id"": ""ACTOR_ACTIONSET"", ""in"": {}, ""eq"": {""unit"": ""run-turn-country preserved action set""}, ""eligibility"": ""review_completed=true when present; candidate_only excluded""}","[{""scope"": ""results"", ""file"": ""legacy_fixed/domain_results.csv"", ""selector"": {""domain_id"": ""ACTOR_ACTIONSET""}, ""csv_rows"": [6], ""field"": ""reviewed_rows"", ""op"": ""field""}]",Completed partial/targeted judgments only; repeated observations retained; overlapping frames not pooled.,
A3_r2_c3,table07/r2/c3,A3 ACTOR_ACTIONSET C,427,427,MATCH_REPRODUCED,"[{""path"": ""audit/rule_compliance/data/supplemental_partial/actor_later_ledger.csv"", ""sha256"": ""e81d6e12ef2632d73a7b6c31fdb9cd7111d5c385326dad7dc63e06ab46c23aae""}]","[""audit/rule_compliance/protocol/analysis_spec.json""]","[""audit/rule_compliance/code/reproduce.py""]",python audit/rule_compliance/code/reproduce_revision17.py --out reproduced,completed_partial,"{""recipe_id"": ""ACTOR_ACTIONSET"", ""in"": {}, ""eq"": {""unit"": ""run-turn-country preserved action set""}, ""eligibility"": ""review_completed=true when present; candidate_only excluded""}","[{""scope"": ""results"", ""file"": ""legacy_fixed/domain_results.csv"", ""selector"": {""domain_id"": ""ACTOR_ACTIONSET""}, ""csv_rows"": [6], ""field"": ""C"", ""op"": ""field""}]",Completed partial/targeted judgments only; repeated observations retained; overlapping frames not pooled.,
A3_r2_c4,table07/r2/c4,A3 ACTOR_ACTIONSET V,0,0,MATCH_REPRODUCED,"[{""path"": ""audit/rule_compliance/data/supplemental_partial/actor_later_ledger.csv"", ""sha256"": ""e81d6e12ef2632d73a7b6c31fdb9cd7111d5c385326dad7dc63e06ab46c23aae""}]","[""audit/rule_compliance/protocol/analysis_spec.json""]","[""audit/rule_compliance/code/reproduce.py""]",python audit/rule_compliance/code/reproduce_revision17.py --out reproduced,completed_partial,"{""recipe_id"": ""ACTOR_ACTIONSET"", ""in"": {}, ""eq"": {""unit"": ""run-turn-country preserved action set""}, ""eligibility"": ""review_completed=true when present; candidate_only excluded""}","[{""scope"": ""results"", ""file"": ""legacy_fixed/domain_results.csv"", ""selector"": {""domain_id"": ""ACTOR_ACTIONSET""}, ""csv_rows"": [6], ""field"": ""V"", ""op"": ""field""}]",Completed partial/targeted judgments only; repeated observations retained; overlapping frames not pooled.,
A3_r2_c5,table07/r2/c5,A3 ACTOR_ACTIONSET U,143,143,MATCH_REPRODUCED,"[{""path"": ""audit/rule_compliance/data/supplemental_partial/actor_later_ledger.csv"", ""sha256"": ""e81d6e12ef2632d73a7b6c31fdb9cd7111d5c385326dad7dc63e06ab46c23aae""}]","[""audit/rule_compliance/protocol/analysis_spec.json""]","[""audit/rule_compliance/code/reproduce.py""]",python audit/rule_compliance/code/reproduce_revision17.py --out reproduced,completed_partial,"{""recipe_id"": ""ACTOR_ACTIONSET"", ""in"": {}, ""eq"": {""unit"": ""run-turn-country preserved action set""}, ""eligibility"": ""review_completed=true when present; candidate_only excluded""}","[{""scope"": ""results"", ""file"": ""legacy_fixed/domain_results.csv"", ""selector"": {""domain_id"": ""ACTOR_ACTIONSET""}, ""csv_rows"": [6], ""field"": ""U"", ""op"": ""field""}]",Completed partial/targeted judgments only; repeated observations retained; overlapping frames not pooled.,
A3_r2_c6,table07/r2/c6,A3 ACTOR_ACTIONSET NA,0,0,MATCH_REPRODUCED,"[{""path"": ""audit/rule_compliance/data/supplemental_partial/actor_later_ledger.csv"", ""sha256"": ""e81d6e12ef2632d73a7b6c31fdb9cd7111d5c385326dad7dc63e06ab46c23aae""}]","[""audit/rule_compliance/protocol/analysis_spec.json""]","[""audit/rule_compliance/code/reproduce.py""]",python audit/rule_compliance/code/reproduce_revision17.py --out reproduced,completed_partial,"{""recipe_id"": ""ACTOR_ACTIONSET"", ""in"": {}, ""eq"": {""unit"": ""run-turn-country preserved action set""}, ""eligibility"": ""review_completed=true when present; candidate_only excluded""}","[{""scope"": ""results"", ""file"": ""legacy_fixed/domain_results.csv"", ""selector"": {""domain_id"": ""ACTOR_ACTIONSET""}, ""csv_rows"": [6], ""field"": ""NA"", ""op"": ""field""}]",Completed partial/targeted judgments only; repeated observations retained; overlapping frames not pooled.,
A3_r3_c1,table07/r3/c1,A3 ACTOR_RULE runs_reviewed,"{""runs"": 70}","{""runs"": 70}",MATCH_REPRODUCED,"[{""path"": ""audit/rule_compliance/data/supplemental_partial/actor_later_ledger.csv"", ""sha256"": ""e81d6e12ef2632d73a7b6c31fdb9cd7111d5c385326dad7dc63e06ab46c23aae""}]","[""audit/rule_compliance/protocol/analysis_spec.json""]","[""audit/rule_compliance/code/reproduce.py""]",python audit/rule_compliance/code/reproduce_revision17.py --out reproduced,completed_partial,"{""recipe_id"": ""ACTOR_RULE"", ""in"": {}, ""eq"": {""unit"": ""explicit actor-rule observation""}, ""eligibility"": ""review_completed=true when present; candidate_only excluded""}","[{""scope"": ""results"", ""file"": ""legacy_fixed/domain_results.csv"", ""selector"": {""domain_id"": ""ACTOR_RULE""}, ""csv_rows"": [7], ""field"": ""runs_reviewed"", ""op"": ""field""}]",Completed partial/targeted judgments only; repeated observations retained; overlapping frames not pooled.,
A3_r3_c2,table07/r3/c2,A3 ACTOR_RULE reviewed_rows,150,150,MATCH_REPRODUCED,"[{""path"": ""audit/rule_compliance/data/supplemental_partial/actor_later_ledger.csv"", ""sha256"": ""e81d6e12ef2632d73a7b6c31fdb9cd7111d5c385326dad7dc63e06ab46c23aae""}]","[""audit/rule_compliance/protocol/analysis_spec.json""]","[""audit/rule_compliance/code/reproduce.py""]",python audit/rule_compliance/code/reproduce_revision17.py --out reproduced,completed_partial,"{""recipe_id"": ""ACTOR_RULE"", ""in"": {}, ""eq"": {""unit"": ""explicit actor-rule observation""}, ""eligibility"": ""review_completed=true when present; candidate_only excluded""}","[{""scope"": ""results"", ""file"": ""legacy_fixed/domain_results.csv"", ""selector"": {""domain_id"": ""ACTOR_RULE""}, ""csv_rows"": [7], ""field"": ""reviewed_rows"", ""op"": ""field""}]",Completed partial/targeted judgments only; repeated observations retained; overlapping frames not pooled.,
A3_r3_c3,table07/r3/c3,A3 ACTOR_RULE C,102,102,MATCH_REPRODUCED,"[{""path"": ""audit/rule_compliance/data/supplemental_partial/actor_later_ledger.csv"", ""sha256"": ""e81d6e12ef2632d73a7b6c31fdb9cd7111d5c385326dad7dc63e06ab46c23aae""}]","[""audit/rule_compliance/protocol/analysis_spec.json""]","[""audit/rule_compliance/code/reproduce.py""]",python audit/rule_compliance/code/reproduce_revision17.py --out reproduced,completed_partial,"{""recipe_id"": ""ACTOR_RULE"", ""in"": {}, ""eq"": {""unit"": ""explicit actor-rule observation""}, ""eligibility"": ""review_completed=true when present; candidate_only excluded""}","[{""scope"": ""results"", ""file"": ""legacy_fixed/domain_results.csv"", ""selector"": {""domain_id"": ""ACTOR_RULE""}, ""csv_rows"": [7], ""field"": ""C"", ""op"": ""field""}]",Completed partial/targeted judgments only; repeated observations retained; overlapping frames not pooled.,
A3_r3_c4,table07/r3/c4,A3 ACTOR_RULE V,38,38,MATCH_REPRODUCED,"[{""path"": ""audit/rule_compliance/data/supplemental_partial/actor_later_ledger.csv"", ""sha256"": ""e81d6e12ef2632d73a7b6c31fdb9cd7111d5c385326dad7dc63e06ab46c23aae""}]","[""audit/rule_compliance/protocol/analysis_spec.json""]","[""audit/rule_compliance/code/reproduce.py""]",python audit/rule_compliance/code/reproduce_revision17.py --out reproduced,completed_partial,"{""recipe_id"": ""ACTOR_RULE"", ""in"": {}, ""eq"": {""unit"": ""explicit actor-rule observation""}, ""eligibility"": ""review_completed=true when present; candidate_only excluded""}","[{""scope"": ""results"", ""file"": ""legacy_fixed/domain_results.csv"", ""selector"": {""domain_id"": ""ACTOR_RULE""}, ""csv_rows"": [7], ""field"": ""V"", ""op"": ""field""}]",Completed partial/targeted judgments only; repeated observations retained; overlapping frames not pooled.,
A3_r3_c5,table07/r3/c5,A3 ACTOR_RULE U,10,10,MATCH_REPRODUCED,"[{""path"": ""audit/rule_compliance/data/supplemental_partial/actor_later_ledger.csv"", ""sha256"": ""e81d6e12ef2632d73a7b6c31fdb9cd7111d5c385326dad7dc63e06ab46c23aae""}]","[""audit/rule_compliance/protocol/analysis_spec.json""]","[""audit/rule_compliance/code/reproduce.py""]",python audit/rule_compliance/code/reproduce_revision17.py --out reproduced,completed_partial,"{""recipe_id"": ""ACTOR_RULE"", ""in"": {}, ""eq"": {""unit"": ""explicit actor-rule observation""}, ""eligibility"": ""review_completed=true when present; candidate_only excluded""}","[{""scope"": ""results"", ""file"": ""legacy_fixed/domain_results.csv"", ""selector"": {""domain_id"": ""ACTOR_RULE""}, ""csv_rows"": [7], ""field"": ""U"", ""op"": ""field""}]",Completed partial/targeted judgments only; repeated observations retained; overlapping frames not pooled.,
A3_r3_c6,table07/r3/c6,A3 ACTOR_RULE NA,0,0,MATCH_REPRODUCED,"[{""path"": ""audit/rule_compliance/data/supplemental_partial/actor_later_ledger.csv"", ""sha256"": ""e81d6e12ef2632d73a7b6c31fdb9cd7111d5c385326dad7dc63e06ab46c23aae""}]","[""audit/rule_compliance/protocol/analysis_spec.json""]","[""audit/rule_compliance/code/reproduce.py""]",python audit/rule_compliance/code/reproduce_revision17.py --out reproduced,completed_partial,"{""recipe_id"": ""ACTOR_RULE"", ""in"": {}, ""eq"": {""unit"": ""explicit actor-rule observation""}, ""eligibility"": ""review_completed=true when present; candidate_only excluded""}","[{""scope"": ""results"", ""file"": ""legacy_fixed/domain_results.csv"", ""selector"": {""domain_id"": ""ACTOR_RULE""}, ""csv_rows"": [7], ""field"": ""NA"", ""op"": ""field""}]",Completed partial/targeted judgments only; repeated observations retained; overlapping frames not pooled.,
A3_r4_c1,table07/r4/c1,A3 EFFECT_BLOCK runs_reviewed,"{""runs"": 79}","{""runs"": 79}",MATCH_REPRODUCED,"[{""path"": ""audit/rule_compliance/data/supplemental_partial/effect_semantics_ledger.csv"", ""sha256"": ""46a98a8a9d96e2d40aa7e16a1542818c214007f1c8e9382114af3cd8011b86ac""}]","[""audit/rule_compliance/protocol/analysis_spec.json""]","[""audit/rule_compliance/code/reproduce.py""]",python audit/rule_compliance/code/reproduce_revision17.py --out reproduced,completed_partial,"{""recipe_id"": ""EFFECT_BLOCK"", ""in"": {}, ""eq"": {""unit"": ""explicit action/effect source block""}, ""eligibility"": ""review_completed=true when present; candidate_only excluded""}","[{""scope"": ""results"", ""file"": ""legacy_fixed/domain_results.csv"", ""selector"": {""domain_id"": ""EFFECT_BLOCK""}, ""csv_rows"": [8], ""field"": ""runs_reviewed"", ""op"": ""field""}]",Completed partial/targeted judgments only; repeated observations retained; overlapping frames not pooled.,
A3_r4_c2,table07/r4/c2,A3 EFFECT_BLOCK reviewed_rows,1093,1093,MATCH_REPRODUCED,"[{""path"": ""audit/rule_compliance/data/supplemental_partial/effect_semantics_ledger.csv"", ""sha256"": ""46a98a8a9d96e2d40aa7e16a1542818c214007f1c8e9382114af3cd8011b86ac""}]","[""audit/rule_compliance/protocol/analysis_spec.json""]","[""audit/rule_compliance/code/reproduce.py""]",python audit/rule_compliance/code/reproduce_revision17.py --out reproduced,completed_partial,"{""recipe_id"": ""EFFECT_BLOCK"", ""in"": {}, ""eq"": {""unit"": ""explicit action/effect source block""}, ""eligibility"": ""review_completed=true when present; candidate_only excluded""}","[{""scope"": ""results"", ""file"": ""legacy_fixed/domain_results.csv"", ""selector"": {""domain_id"": ""EFFECT_BLOCK""}, ""csv_rows"": [8], ""field"": ""reviewed_rows"", ""op"": ""field""}]",Completed partial/targeted judgments only; repeated observations retained; overlapping frames not pooled.,
A3_r4_c3,table07/r4/c3,A3 EFFECT_BLOCK C,859,859,MATCH_REPRODUCED,"[{""path"": ""audit/rule_compliance/data/supplemental_partial/effect_semantics_ledger.csv"", ""sha256"": ""46a98a8a9d96e2d40aa7e16a1542818c214007f1c8e9382114af3cd8011b86ac""}]","[""audit/rule_compliance/protocol/analysis_spec.json""]","[""audit/rule_compliance/code/reproduce.py""]",python audit/rule_compliance/code/reproduce_revision17.py --out reproduced,completed_partial,"{""recipe_id"": ""EFFECT_BLOCK"", ""in"": {}, ""eq"": {""unit"": ""explicit action/effect source block""}, ""eligibility"": ""review_completed=true when present; candidate_only excluded""}","[{""scope"": ""results"", ""file"": ""legacy_fixed/domain_results.csv"", ""selector"": {""domain_id"": ""EFFECT_BLOCK""}, ""csv_rows"": [8], ""field"": ""C"", ""op"": ""field""}]",Completed partial/targeted judgments only; repeated observations retained; overlapping frames not pooled.,
A3_r4_c4,table07/r4/c4,A3 EFFECT_BLOCK V,30,30,MATCH_REPRODUCED,"[{""path"": ""audit/rule_compliance/data/supplemental_partial/effect_semantics_ledger.csv"", ""sha256"": ""46a98a8a9d96e2d40aa7e16a1542818c214007f1c8e9382114af3cd8011b86ac""}]","[""audit/rule_compliance/protocol/analysis_spec.json""]","[""audit/rule_compliance/code/reproduce.py""]",python audit/rule_compliance/code/reproduce_revision17.py --out reproduced,completed_partial,"{""recipe_id"": ""EFFECT_BLOCK"", ""in"": {}, ""eq"": {""unit"": ""explicit action/effect source block""}, ""eligibility"": ""review_completed=true when present; candidate_only excluded""}","[{""scope"": ""results"", ""file"": ""legacy_fixed/domain_results.csv"", ""selector"": {""domain_id"": ""EFFECT_BLOCK""}, ""csv_rows"": [8], ""field"": ""V"", ""op"": ""field""}]",Completed partial/targeted judgments only; repeated observations retained; overlapping frames not pooled.,
A3_r4_c5,table07/r4/c5,A3 EFFECT_BLOCK U,201,201,MATCH_REPRODUCED,"[{""path"": ""audit/rule_compliance/data/supplemental_partial/effect_semantics_ledger.csv"", ""sha256"": ""46a98a8a9d96e2d40aa7e16a1542818c214007f1c8e9382114af3cd8011b86ac""}]","[""audit/rule_compliance/protocol/analysis_spec.json""]","[""audit/rule_compliance/code/reproduce.py""]",python audit/rule_compliance/code/reproduce_revision17.py --out reproduced,completed_partial,"{""recipe_id"": ""EFFECT_BLOCK"", ""in"": {}, ""eq"": {""unit"": ""explicit action/effect source block""}, ""eligibility"": ""review_completed=true when present; candidate_only excluded""}","[{""scope"": ""results"", ""file"": ""legacy_fixed/domain_results.csv"", ""selector"": {""domain_id"": ""EFFECT_BLOCK""}, ""csv_rows"": [8], ""field"": ""U"", ""op"": ""field""}]",Completed partial/targeted judgments only; repeated observations retained; overlapping frames not pooled.,
A3_r4_c6,table07/r4/c6,A3 EFFECT_BLOCK NA,3,3,MATCH_REPRODUCED,"[{""path"": ""audit/rule_compliance/data/supplemental_partial/effect_semantics_ledger.csv"", ""sha256"": ""46a98a8a9d96e2d40aa7e16a1542818c214007f1c8e9382114af3cd8011b86ac""}]","[""audit/rule_compliance/protocol/analysis_spec.json""]","[""audit/rule_compliance/code/reproduce.py""]",python audit/rule_compliance/code/reproduce_revision17.py --out reproduced,completed_partial,"{""recipe_id"": ""EFFECT_BLOCK"", ""in"": {}, ""eq"": {""unit"": ""explicit action/effect source block""}, ""eligibility"": ""review_completed=true when present; candidate_only excluded""}","[{""scope"": ""results"", ""file"": ""legacy_fixed/domain_results.csv"", ""selector"": {""domain_id"": ""EFFECT_BLOCK""}, ""csv_rows"": [8], ""field"": ""NA"", ""op"": ""field""}]",Completed partial/targeted judgments only; repeated observations retained; overlapping frames not pooled.,
A3_r5_c1,table07/r5/c1,A3 EFFECT_FINDING runs_reviewed,"{""runs"": 34}","{""runs"": 34}",MATCH_REPRODUCED,"[{""path"": ""audit/rule_compliance/data/supplemental_partial/effect_semantics_ledger.csv"", ""sha256"": ""46a98a8a9d96e2d40aa7e16a1542818c214007f1c8e9382114af3cd8011b86ac""}]","[""audit/rule_compliance/protocol/analysis_spec.json""]","[""audit/rule_compliance/code/reproduce.py""]",python audit/rule_compliance/code/reproduce_revision17.py --out reproduced,completed_partial,"{""recipe_id"": ""EFFECT_FINDING"", ""in"": {}, ""eq"": {""unit"": ""source finding""}, ""eligibility"": ""review_completed=true when present; candidate_only excluded""}","[{""scope"": ""results"", ""file"": ""legacy_fixed/domain_results.csv"", ""selector"": {""domain_id"": ""EFFECT_FINDING""}, ""csv_rows"": [9], ""field"": ""runs_reviewed"", ""op"": ""field""}]",Completed partial/targeted judgments only; repeated observations retained; overlapping frames not pooled.,
A3_r5_c2,table07/r5/c2,A3 EFFECT_FINDING reviewed_rows,62,62,MATCH_REPRODUCED,"[{""path"": ""audit/rule_compliance/data/supplemental_partial/effect_semantics_ledger.csv"", ""sha256"": ""46a98a8a9d96e2d40aa7e16a1542818c214007f1c8e9382114af3cd8011b86ac""}]","[""audit/rule_compliance/protocol/analysis_spec.json""]","[""audit/rule_compliance/code/reproduce.py""]",python audit/rule_compliance/code/reproduce_revision17.py --out reproduced,completed_partial,"{""recipe_id"": ""EFFECT_FINDING"", ""in"": {}, ""eq"": {""unit"": ""source finding""}, ""eligibility"": ""review_completed=true when present; candidate_only excluded""}","[{""scope"": ""results"", ""file"": ""legacy_fixed/domain_results.csv"", ""selector"": {""domain_id"": ""EFFECT_FINDING""}, ""csv_rows"": [9], ""field"": ""reviewed_rows"", ""op"": ""field""}]",Completed partial/targeted judgments only; repeated observations retained; overlapping frames not pooled.,
A3_r5_c3,table07/r5/c3,A3 EFFECT_FINDING C,2,2,MATCH_REPRODUCED,"[{""path"": ""audit/rule_compliance/data/supplemental_partial/effect_semantics_ledger.csv"", ""sha256"": ""46a98a8a9d96e2d40aa7e16a1542818c214007f1c8e9382114af3cd8011b86ac""}]","[""audit/rule_compliance/protocol/analysis_spec.json""]","[""audit/rule_compliance/code/reproduce.py""]",python audit/rule_compliance/code/reproduce_revision17.py --out reproduced,completed_partial,"{""recipe_id"": ""EFFECT_FINDING"", ""in"": {}, ""eq"": {""unit"": ""source finding""}, ""eligibility"": ""review_completed=true when present; candidate_only excluded""}","[{""scope"": ""results"", ""file"": ""legacy_fixed/domain_results.csv"", ""selector"": {""domain_id"": ""EFFECT_FINDING""}, ""csv_rows"": [9], ""field"": ""C"", ""op"": ""field""}]",Completed partial/targeted judgments only; repeated observations retained; overlapping frames not pooled.,
A3_r5_c4,table07/r5/c4,A3 EFFECT_FINDING V,58,58,MATCH_REPRODUCED,"[{""path"": ""audit/rule_compliance/data/supplemental_partial/effect_semantics_ledger.csv"", ""sha256"": ""46a98a8a9d96e2d40aa7e16a1542818c214007f1c8e9382114af3cd8011b86ac""}]","[""audit/rule_compliance/protocol/analysis_spec.json""]","[""audit/rule_compliance/code/reproduce.py""]",python audit/rule_compliance/code/reproduce_revision17.py --out reproduced,completed_partial,"{""recipe_id"": ""EFFECT_FINDING"", ""in"": {}, ""eq"": {""unit"": ""source finding""}, ""eligibility"": ""review_completed=true when present; candidate_only excluded""}","[{""scope"": ""results"", ""file"": ""legacy_fixed/domain_results.csv"", ""selector"": {""domain_id"": ""EFFECT_FINDING""}, ""csv_rows"": [9], ""field"": ""V"", ""op"": ""field""}]",Completed partial/targeted judgments only; repeated observations retained; overlapping frames not pooled.,
A3_r5_c5,table07/r5/c5,A3 EFFECT_FINDING U,2,2,MATCH_REPRODUCED,"[{""path"": ""audit/rule_compliance/data/supplemental_partial/effect_semantics_ledger.csv"", ""sha256"": ""46a98a8a9d96e2d40aa7e16a1542818c214007f1c8e9382114af3cd8011b86ac""}]","[""audit/rule_compliance/protocol/analysis_spec.json""]","[""audit/rule_compliance/code/reproduce.py""]",python audit/rule_compliance/code/reproduce_revision17.py --out reproduced,completed_partial,"{""recipe_id"": ""EFFECT_FINDING"", ""in"": {}, ""eq"": {""unit"": ""source finding""}, ""eligibility"": ""review_completed=true when present; candidate_only excluded""}","[{""scope"": ""results"", ""file"": ""legacy_fixed/domain_results.csv"", ""selector"": {""domain_id"": ""EFFECT_FINDING""}, ""csv_rows"": [9], ""field"": ""U"", ""op"": ""field""}]",Completed partial/targeted judgments only; repeated observations retained; overlapping frames not pooled.,
A3_r5_c6,table07/r5/c6,A3 EFFECT_FINDING NA,0,0,MATCH_REPRODUCED,"[{""path"": ""audit/rule_compliance/data/supplemental_partial/effect_semantics_ledger.csv"", ""sha256"": ""46a98a8a9d96e2d40aa7e16a1542818c214007f1c8e9382114af3cd8011b86ac""}]","[""audit/rule_compliance/protocol/analysis_spec.json""]","[""audit/rule_compliance/code/reproduce.py""]",python audit/rule_compliance/code/reproduce_revision17.py --out reproduced,completed_partial,"{""recipe_id"": ""EFFECT_FINDING"", ""in"": {}, ""eq"": {""unit"": ""source finding""}, ""eligibility"": ""review_completed=true when present; candidate_only excluded""}","[{""scope"": ""results"", ""file"": ""legacy_fixed/domain_results.csv"", ""selector"": {""domain_id"": ""EFFECT_FINDING""}, ""csv_rows"": [9], ""field"": ""NA"", ""op"": ""field""}]",Completed partial/targeted judgments only; repeated observations retained; overlapping frames not pooled.,
A3_r6_c1,table07/r6/c1,A3 INHERITANCE runs_reviewed,"{""runs"": 93}","{""runs"": 93}",MATCH_REPRODUCED,"[{""path"": ""audit/rule_compliance/data/supplemental_partial/inheritance_ledger.csv"", ""sha256"": ""6c51c48399e08335e0b050d8c80beef32237d142b1f99818fc66a4b839a39576""}]","[""audit/rule_compliance/protocol/analysis_spec.json""]","[""audit/rule_compliance/code/reproduce.py""]",python audit/rule_compliance/code/reproduce_revision17.py --out reproduced,completed_partial,"{""recipe_id"": ""INHERITANCE"", ""in"": {}, ""eq"": {}, ""eligibility"": ""review_completed=true when present; candidate_only excluded""}","[{""scope"": ""results"", ""file"": ""legacy_fixed/domain_results.csv"", ""selector"": {""domain_id"": ""INHERITANCE""}, ""csv_rows"": [13], ""field"": ""runs_reviewed"", ""op"": ""field""}]",Completed partial/targeted judgments only; repeated observations retained; overlapping frames not pooled.,
A3_r6_c2,table07/r6/c2,A3 INHERITANCE reviewed_rows,5058,5058,MATCH_REPRODUCED,"[{""path"": ""audit/rule_compliance/data/supplemental_partial/inheritance_ledger.csv"", ""sha256"": ""6c51c48399e08335e0b050d8c80beef32237d142b1f99818fc66a4b839a39576""}]","[""audit/rule_compliance/protocol/analysis_spec.json""]","[""audit/rule_compliance/code/reproduce.py""]",python audit/rule_compliance/code/reproduce_revision17.py --out reproduced,completed_partial,"{""recipe_id"": ""INHERITANCE"", ""in"": {}, ""eq"": {}, ""eligibility"": ""review_completed=true when present; candidate_only excluded""}","[{""scope"": ""results"", ""file"": ""legacy_fixed/domain_results.csv"", ""selector"": {""domain_id"": ""INHERITANCE""}, ""csv_rows"": [13], ""field"": ""reviewed_rows"", ""op"": ""field""}]",Completed partial/targeted judgments only; repeated observations retained; overlapping frames not pooled.,
A3_r6_c3,table07/r6/c3,A3 INHERITANCE C,3443,3443,MATCH_REPRODUCED,"[{""path"": ""audit/rule_compliance/data/supplemental_partial/inheritance_ledger.csv"", ""sha256"": ""6c51c48399e08335e0b050d8c80beef32237d142b1f99818fc66a4b839a39576""}]","[""audit/rule_compliance/protocol/analysis_spec.json""]","[""audit/rule_compliance/code/reproduce.py""]",python audit/rule_compliance/code/reproduce_revision17.py --out reproduced,completed_partial,"{""recipe_id"": ""INHERITANCE"", ""in"": {}, ""eq"": {}, ""eligibility"": ""review_completed=true when present; candidate_only excluded""}","[{""scope"": ""results"", ""file"": ""legacy_fixed/domain_results.csv"", ""selector"": {""domain_id"": ""INHERITANCE""}, ""csv_rows"": [13], ""field"": ""C"", ""op"": ""field""}]",Completed partial/targeted judgments only; repeated observations retained; overlapping frames not pooled.,
A3_r6_c4,table07/r6/c4,A3 INHERITANCE V,65,65,MATCH_REPRODUCED,"[{""path"": ""audit/rule_compliance/data/supplemental_partial/inheritance_ledger.csv"", ""sha256"": ""6c51c48399e08335e0b050d8c80beef32237d142b1f99818fc66a4b839a39576""}]","[""audit/rule_compliance/protocol/analysis_spec.json""]","[""audit/rule_compliance/code/reproduce.py""]",python audit/rule_compliance/code/reproduce_revision17.py --out reproduced,completed_partial,"{""recipe_id"": ""INHERITANCE"", ""in"": {}, ""eq"": {}, ""eligibility"": ""review_completed=true when present; candidate_only excluded""}","[{""scope"": ""results"", ""file"": ""legacy_fixed/domain_results.csv"", ""selector"": {""domain_id"": ""INHERITANCE""}, ""csv_rows"": [13], ""field"": ""V"", ""op"": ""field""}]",Completed partial/targeted judgments only; repeated observations retained; overlapping frames not pooled.,
A3_r6_c5,table07/r6/c5,A3 INHERITANCE U,1550,1550,MATCH_REPRODUCED,"[{""path"": ""audit/rule_compliance/data/supplemental_partial/inheritance_ledger.csv"", ""sha256"": ""6c51c48399e08335e0b050d8c80beef32237d142b1f99818fc66a4b839a39576""}]","[""audit/rule_compliance/protocol/analysis_spec.json""]","[""audit/rule_compliance/code/reproduce.py""]",python audit/rule_compliance/code/reproduce_revision17.py --out reproduced,completed_partial,"{""recipe_id"": ""INHERITANCE"", ""in"": {}, ""eq"": {}, ""eligibility"": ""review_completed=true when present; candidate_only excluded""}","[{""scope"": ""results"", ""file"": ""legacy_fixed/domain_results.csv"", ""selector"": {""domain_id"": ""INHERITANCE""}, ""csv_rows"": [13], ""field"": ""U"", ""op"": ""field""}]",Completed partial/targeted judgments only; repeated observations retained; overlapping frames not pooled.,
A3_r6_c6,table07/r6/c6,A3 INHERITANCE NA,0,0,MATCH_REPRODUCED,"[{""path"": ""audit/rule_compliance/data/supplemental_partial/inheritance_ledger.csv"", ""sha256"": ""6c51c48399e08335e0b050d8c80beef32237d142b1f99818fc66a4b839a39576""}]","[""audit/rule_compliance/protocol/analysis_spec.json""]","[""audit/rule_compliance/code/reproduce.py""]",python audit/rule_compliance/code/reproduce_revision17.py --out reproduced,completed_partial,"{""recipe_id"": ""INHERITANCE"", ""in"": {}, ""eq"": {}, ""eligibility"": ""review_completed=true when present; candidate_only excluded""}","[{""scope"": ""results"", ""file"": ""legacy_fixed/domain_results.csv"", ""selector"": {""domain_id"": ""INHERITANCE""}, ""csv_rows"": [13], ""field"": ""NA"", ""op"": ""field""}]",Completed partial/targeted judgments only; repeated observations retained; overlapping frames not pooled.,
A3_r7_c1,table07/r7/c1,A3 THRESHOLD_PAIR runs_reviewed,"{""runs"": 16}","{""runs"": 16}",MATCH_REPRODUCED,"[{""path"": ""audit/rule_compliance/data/supplemental_partial/threshold_action_ledger.csv"", ""sha256"": ""bcf10161f1de0bce455982f0d7a4c74d4042c6882e79b6aec416d41b7d484f4f""}]","[""audit/rule_compliance/protocol/analysis_spec.json""]","[""audit/rule_compliance/code/reproduce.py""]",python audit/rule_compliance/code/reproduce_revision17.py --out reproduced,completed_partial,"{""recipe_id"": ""THRESHOLD_PAIR"", ""in"": {}, ""eq"": {""unit"": ""공통 상태에 대응한 지정 양국 행동쌍""}, ""eligibility"": ""review_completed=true when present; candidate_only excluded""}","[{""scope"": ""results"", ""file"": ""legacy_fixed/domain_results.csv"", ""selector"": {""domain_id"": ""THRESHOLD_PAIR""}, ""csv_rows"": [10], ""field"": ""runs_reviewed"", ""op"": ""field""}]",Completed partial/targeted judgments only; repeated observations retained; overlapping frames not pooled.,
A3_r7_c2,table07/r7/c2,A3 THRESHOLD_PAIR reviewed_rows,132,132,MATCH_REPRODUCED,"[{""path"": ""audit/rule_compliance/data/supplemental_partial/threshold_action_ledger.csv"", ""sha256"": ""bcf10161f1de0bce455982f0d7a4c74d4042c6882e79b6aec416d41b7d484f4f""}]","[""audit/rule_compliance/protocol/analysis_spec.json""]","[""audit/rule_compliance/code/reproduce.py""]",python audit/rule_compliance/code/reproduce_revision17.py --out reproduced,completed_partial,"{""recipe_id"": ""THRESHOLD_PAIR"", ""in"": {}, ""eq"": {""unit"": ""공통 상태에 대응한 지정 양국 행동쌍""}, ""eligibility"": ""review_completed=true when present; candidate_only excluded""}","[{""scope"": ""results"", ""file"": ""legacy_fixed/domain_results.csv"", ""selector"": {""domain_id"": ""THRESHOLD_PAIR""}, ""csv_rows"": [10], ""field"": ""reviewed_rows"", ""op"": ""field""}]",Completed partial/targeted judgments only; repeated observations retained; overlapping frames not pooled.,
A3_r7_c3,table07/r7/c3,A3 THRESHOLD_PAIR C,98,98,MATCH_REPRODUCED,"[{""path"": ""audit/rule_compliance/data/supplemental_partial/threshold_action_ledger.csv"", ""sha256"": ""bcf10161f1de0bce455982f0d7a4c74d4042c6882e79b6aec416d41b7d484f4f""}]","[""audit/rule_compliance/protocol/analysis_spec.json""]","[""audit/rule_compliance/code/reproduce.py""]",python audit/rule_compliance/code/reproduce_revision17.py --out reproduced,completed_partial,"{""recipe_id"": ""THRESHOLD_PAIR"", ""in"": {}, ""eq"": {""unit"": ""공통 상태에 대응한 지정 양국 행동쌍""}, ""eligibility"": ""review_completed=true when present; candidate_only excluded""}","[{""scope"": ""results"", ""file"": ""legacy_fixed/domain_results.csv"", ""selector"": {""domain_id"": ""THRESHOLD_PAIR""}, ""csv_rows"": [10], ""field"": ""C"", ""op"": ""field""}]",Completed partial/targeted judgments only; repeated observations retained; overlapping frames not pooled.,
A3_r7_c4,table07/r7/c4,A3 THRESHOLD_PAIR V,12,12,MATCH_REPRODUCED,"[{""path"": ""audit/rule_compliance/data/supplemental_partial/threshold_action_ledger.csv"", ""sha256"": ""bcf10161f1de0bce455982f0d7a4c74d4042c6882e79b6aec416d41b7d484f4f""}]","[""audit/rule_compliance/protocol/analysis_spec.json""]","[""audit/rule_compliance/code/reproduce.py""]",python audit/rule_compliance/code/reproduce_revision17.py --out reproduced,completed_partial,"{""recipe_id"": ""THRESHOLD_PAIR"", ""in"": {}, ""eq"": {""unit"": ""공통 상태에 대응한 지정 양국 행동쌍""}, ""eligibility"": ""review_completed=true when present; candidate_only excluded""}","[{""scope"": ""results"", ""file"": ""legacy_fixed/domain_results.csv"", ""selector"": {""domain_id"": ""THRESHOLD_PAIR""}, ""csv_rows"": [10], ""field"": ""V"", ""op"": ""field""}]",Completed partial/targeted judgments only; repeated observations retained; overlapping frames not pooled.,
A3_r7_c5,table07/r7/c5,A3 THRESHOLD_PAIR U,22,22,MATCH_REPRODUCED,"[{""path"": ""audit/rule_compliance/data/supplemental_partial/threshold_action_ledger.csv"", ""sha256"": ""bcf10161f1de0bce455982f0d7a4c74d4042c6882e79b6aec416d41b7d484f4f""}]","[""audit/rule_compliance/protocol/analysis_spec.json""]","[""audit/rule_compliance/code/reproduce.py""]",python audit/rule_compliance/code/reproduce_revision17.py --out reproduced,completed_partial,"{""recipe_id"": ""THRESHOLD_PAIR"", ""in"": {}, ""eq"": {""unit"": ""공통 상태에 대응한 지정 양국 행동쌍""}, ""eligibility"": ""review_completed=true when present; candidate_only excluded""}","[{""scope"": ""results"", ""file"": ""legacy_fixed/domain_results.csv"", ""selector"": {""domain_id"": ""THRESHOLD_PAIR""}, ""csv_rows"": [10], ""field"": ""U"", ""op"": ""field""}]",Completed partial/targeted judgments only; repeated observations retained; overlapping frames not pooled.,
A3_r7_c6,table07/r7/c6,A3 THRESHOLD_PAIR NA,0,0,MATCH_REPRODUCED,"[{""path"": ""audit/rule_compliance/data/supplemental_partial/threshold_action_ledger.csv"", ""sha256"": ""bcf10161f1de0bce455982f0d7a4c74d4042c6882e79b6aec416d41b7d484f4f""}]","[""audit/rule_compliance/protocol/analysis_spec.json""]","[""audit/rule_compliance/code/reproduce.py""]",python audit/rule_compliance/code/reproduce_revision17.py --out reproduced,completed_partial,"{""recipe_id"": ""THRESHOLD_PAIR"", ""in"": {}, ""eq"": {""unit"": ""공통 상태에 대응한 지정 양국 행동쌍""}, ""eligibility"": ""review_completed=true when present; candidate_only excluded""}","[{""scope"": ""results"", ""file"": ""legacy_fixed/domain_results.csv"", ""selector"": {""domain_id"": ""THRESHOLD_PAIR""}, ""csv_rows"": [10], ""field"": ""NA"", ""op"": ""field""}]",Completed partial/targeted judgments only; repeated observations retained; overlapping frames not pooled.,
A3_r8_c1,table07/r8/c1,A3 THRESHOLD_ACTOR runs_reviewed,"{""runs"": 7}","{""runs"": 7}",MATCH_REPRODUCED,"[{""path"": ""audit/rule_compliance/data/supplemental_partial/threshold_action_ledger.csv"", ""sha256"": ""bcf10161f1de0bce455982f0d7a4c74d4042c6882e79b6aec416d41b7d484f4f""}]","[""audit/rule_compliance/protocol/analysis_spec.json""]","[""audit/rule_compliance/code/reproduce.py""]",python audit/rule_compliance/code/reproduce_revision17.py --out reproduced,completed_partial,"{""recipe_id"": ""THRESHOLD_ACTOR"", ""in"": {}, ""eq"": {""unit"": ""국가별 상태에 대응한 지정 국가 행동""}, ""eligibility"": ""review_completed=true when present; candidate_only excluded""}","[{""scope"": ""results"", ""file"": ""legacy_fixed/domain_results.csv"", ""selector"": {""domain_id"": ""THRESHOLD_ACTOR""}, ""csv_rows"": [11], ""field"": ""runs_reviewed"", ""op"": ""field""}]",Completed partial/targeted judgments only; repeated observations retained; overlapping frames not pooled.,
A3_r8_c2,table07/r8/c2,A3 THRESHOLD_ACTOR reviewed_rows,140,140,MATCH_REPRODUCED,"[{""path"": ""audit/rule_compliance/data/supplemental_partial/threshold_action_ledger.csv"", ""sha256"": ""bcf10161f1de0bce455982f0d7a4c74d4042c6882e79b6aec416d41b7d484f4f""}]","[""audit/rule_compliance/protocol/analysis_spec.json""]","[""audit/rule_compliance/code/reproduce.py""]",python audit/rule_compliance/code/reproduce_revision17.py --out reproduced,completed_partial,"{""recipe_id"": ""THRESHOLD_ACTOR"", ""in"": {}, ""eq"": {""unit"": ""국가별 상태에 대응한 지정 국가 행동""}, ""eligibility"": ""review_completed=true when present; candidate_only excluded""}","[{""scope"": ""results"", ""file"": ""legacy_fixed/domain_results.csv"", ""selector"": {""domain_id"": ""THRESHOLD_ACTOR""}, ""csv_rows"": [11], ""field"": ""reviewed_rows"", ""op"": ""field""}]",Completed partial/targeted judgments only; repeated observations retained; overlapping frames not pooled.,
A3_r8_c3,table07/r8/c3,A3 THRESHOLD_ACTOR C,65,65,MATCH_REPRODUCED,"[{""path"": ""audit/rule_compliance/data/supplemental_partial/threshold_action_ledger.csv"", ""sha256"": ""bcf10161f1de0bce455982f0d7a4c74d4042c6882e79b6aec416d41b7d484f4f""}]","[""audit/rule_compliance/protocol/analysis_spec.json""]","[""audit/rule_compliance/code/reproduce.py""]",python audit/rule_compliance/code/reproduce_revision17.py --out reproduced,completed_partial,"{""recipe_id"": ""THRESHOLD_ACTOR"", ""in"": {}, ""eq"": {""unit"": ""국가별 상태에 대응한 지정 국가 행동""}, ""eligibility"": ""review_completed=true when present; candidate_only excluded""}","[{""scope"": ""results"", ""file"": ""legacy_fixed/domain_results.csv"", ""selector"": {""domain_id"": ""THRESHOLD_ACTOR""}, ""csv_rows"": [11], ""field"": ""C"", ""op"": ""field""}]",Completed partial/targeted judgments only; repeated observations retained; overlapping frames not pooled.,
A3_r8_c4,table07/r8/c4,A3 THRESHOLD_ACTOR V,0,0,MATCH_REPRODUCED,"[{""path"": ""audit/rule_compliance/data/supplemental_partial/threshold_action_ledger.csv"", ""sha256"": ""bcf10161f1de0bce455982f0d7a4c74d4042c6882e79b6aec416d41b7d484f4f""}]","[""audit/rule_compliance/protocol/analysis_spec.json""]","[""audit/rule_compliance/code/reproduce.py""]",python audit/rule_compliance/code/reproduce_revision17.py --out reproduced,completed_partial,"{""recipe_id"": ""THRESHOLD_ACTOR"", ""in"": {}, ""eq"": {""unit"": ""국가별 상태에 대응한 지정 국가 행동""}, ""eligibility"": ""review_completed=true when present; candidate_only excluded""}","[{""scope"": ""results"", ""file"": ""legacy_fixed/domain_results.csv"", ""selector"": {""domain_id"": ""THRESHOLD_ACTOR""}, ""csv_rows"": [11], ""field"": ""V"", ""op"": ""field""}]",Completed partial/targeted judgments only; repeated observations retained; overlapping frames not pooled.,
A3_r8_c5,table07/r8/c5,A3 THRESHOLD_ACTOR U,75,75,MATCH_REPRODUCED,"[{""path"": ""audit/rule_compliance/data/supplemental_partial/threshold_action_ledger.csv"", ""sha256"": ""bcf10161f1de0bce455982f0d7a4c74d4042c6882e79b6aec416d41b7d484f4f""}]","[""audit/rule_compliance/protocol/analysis_spec.json""]","[""audit/rule_compliance/code/reproduce.py""]",python audit/rule_compliance/code/reproduce_revision17.py --out reproduced,completed_partial,"{""recipe_id"": ""THRESHOLD_ACTOR"", ""in"": {}, ""eq"": {""unit"": ""국가별 상태에 대응한 지정 국가 행동""}, ""eligibility"": ""review_completed=true when present; candidate_only excluded""}","[{""scope"": ""results"", ""file"": ""legacy_fixed/domain_results.csv"", ""selector"": {""domain_id"": ""THRESHOLD_ACTOR""}, ""csv_rows"": [11], ""field"": ""U"", ""op"": ""field""}]",Completed partial/targeted judgments only; repeated observations retained; overlapping frames not pooled.,
A3_r8_c6,table07/r8/c6,A3 THRESHOLD_ACTOR NA,0,0,MATCH_REPRODUCED,"[{""path"": ""audit/rule_compliance/data/supplemental_partial/threshold_action_ledger.csv"", ""sha256"": ""bcf10161f1de0bce455982f0d7a4c74d4042c6882e79b6aec416d41b7d484f4f""}]","[""audit/rule_compliance/protocol/analysis_spec.json""]","[""audit/rule_compliance/code/reproduce.py""]",python audit/rule_compliance/code/reproduce_revision17.py --out reproduced,completed_partial,"{""recipe_id"": ""THRESHOLD_ACTOR"", ""in"": {}, ""eq"": {""unit"": ""국가별 상태에 대응한 지정 국가 행동""}, ""eligibility"": ""review_completed=true when present; candidate_only excluded""}","[{""scope"": ""results"", ""file"": ""legacy_fixed/domain_results.csv"", ""selector"": {""domain_id"": ""THRESHOLD_ACTOR""}, ""csv_rows"": [11], ""field"": ""NA"", ""op"": ""field""}]",Completed partial/targeted judgments only; repeated observations retained; overlapping frames not pooled.,
A3_r9_c1,table07/r9/c1,A3 THRESHOLD_NARRATIVE runs_reviewed,"{""runs"": 1}","{""runs"": 1}",MATCH_REPRODUCED,"[{""path"": ""audit/rule_compliance/data/supplemental_partial/threshold_action_ledger.csv"", ""sha256"": ""bcf10161f1de0bce455982f0d7a4c74d4042c6882e79b6aec416d41b7d484f4f""}]","[""audit/rule_compliance/protocol/analysis_spec.json""]","[""audit/rule_compliance/code/reproduce.py""]",python audit/rule_compliance/code/reproduce_revision17.py --out reproduced,completed_partial,"{""recipe_id"": ""THRESHOLD_NARRATIVE"", ""in"": {}, ""eq"": {""unit"": ""최종서사에서 실제 추가된 선택 행동(선별 대조)""}, ""eligibility"": ""review_completed=true when present; candidate_only excluded""}","[{""scope"": ""results"", ""file"": ""legacy_fixed/domain_results.csv"", ""selector"": {""domain_id"": ""THRESHOLD_NARRATIVE""}, ""csv_rows"": [12], ""field"": ""runs_reviewed"", ""op"": ""field""}]",Completed partial/targeted judgments only; repeated observations retained; overlapping frames not pooled.,
A3_r9_c2,table07/r9/c2,A3 THRESHOLD_NARRATIVE reviewed_rows,1,1,MATCH_REPRODUCED,"[{""path"": ""audit/rule_compliance/data/supplemental_partial/threshold_action_ledger.csv"", ""sha256"": ""bcf10161f1de0bce455982f0d7a4c74d4042c6882e79b6aec416d41b7d484f4f""}]","[""audit/rule_compliance/protocol/analysis_spec.json""]","[""audit/rule_compliance/code/reproduce.py""]",python audit/rule_compliance/code/reproduce_revision17.py --out reproduced,completed_partial,"{""recipe_id"": ""THRESHOLD_NARRATIVE"", ""in"": {}, ""eq"": {""unit"": ""최종서사에서 실제 추가된 선택 행동(선별 대조)""}, ""eligibility"": ""review_completed=true when present; candidate_only excluded""}","[{""scope"": ""results"", ""file"": ""legacy_fixed/domain_results.csv"", ""selector"": {""domain_id"": ""THRESHOLD_NARRATIVE""}, ""csv_rows"": [12], ""field"": ""reviewed_rows"", ""op"": ""field""}]",Completed partial/targeted judgments only; repeated observations retained; overlapping frames not pooled.,
A3_r9_c3,table07/r9/c3,A3 THRESHOLD_NARRATIVE C,0,0,MATCH_REPRODUCED,"[{""path"": ""audit/rule_compliance/data/supplemental_partial/threshold_action_ledger.csv"", ""sha256"": ""bcf10161f1de0bce455982f0d7a4c74d4042c6882e79b6aec416d41b7d484f4f""}]","[""audit/rule_compliance/protocol/analysis_spec.json""]","[""audit/rule_compliance/code/reproduce.py""]",python audit/rule_compliance/code/reproduce_revision17.py --out reproduced,completed_partial,"{""recipe_id"": ""THRESHOLD_NARRATIVE"", ""in"": {}, ""eq"": {""unit"": ""최종서사에서 실제 추가된 선택 행동(선별 대조)""}, ""eligibility"": ""review_completed=true when present; candidate_only excluded""}","[{""scope"": ""results"", ""file"": ""legacy_fixed/domain_results.csv"", ""selector"": {""domain_id"": ""THRESHOLD_NARRATIVE""}, ""csv_rows"": [12], ""field"": ""C"", ""op"": ""field""}]",Completed partial/targeted judgments only; repeated observations retained; overlapping frames not pooled.,
A3_r9_c4,table07/r9/c4,A3 THRESHOLD_NARRATIVE V,1,1,MATCH_REPRODUCED,"[{""path"": ""audit/rule_compliance/data/supplemental_partial/threshold_action_ledger.csv"", ""sha256"": ""bcf10161f1de0bce455982f0d7a4c74d4042c6882e79b6aec416d41b7d484f4f""}]","[""audit/rule_compliance/protocol/analysis_spec.json""]","[""audit/rule_compliance/code/reproduce.py""]",python audit/rule_compliance/code/reproduce_revision17.py --out reproduced,completed_partial,"{""recipe_id"": ""THRESHOLD_NARRATIVE"", ""in"": {}, ""eq"": {""unit"": ""최종서사에서 실제 추가된 선택 행동(선별 대조)""}, ""eligibility"": ""review_completed=true when present; candidate_only excluded""}","[{""scope"": ""results"", ""file"": ""legacy_fixed/domain_results.csv"", ""selector"": {""domain_id"": ""THRESHOLD_NARRATIVE""}, ""csv_rows"": [12], ""field"": ""V"", ""op"": ""field""}]",Completed partial/targeted judgments only; repeated observations retained; overlapping frames not pooled.,
A3_r9_c5,table07/r9/c5,A3 THRESHOLD_NARRATIVE U,0,0,MATCH_REPRODUCED,"[{""path"": ""audit/rule_compliance/data/supplemental_partial/threshold_action_ledger.csv"", ""sha256"": ""bcf10161f1de0bce455982f0d7a4c74d4042c6882e79b6aec416d41b7d484f4f""}]","[""audit/rule_compliance/protocol/analysis_spec.json""]","[""audit/rule_compliance/code/reproduce.py""]",python audit/rule_compliance/code/reproduce_revision17.py --out reproduced,completed_partial,"{""recipe_id"": ""THRESHOLD_NARRATIVE"", ""in"": {}, ""eq"": {""unit"": ""최종서사에서 실제 추가된 선택 행동(선별 대조)""}, ""eligibility"": ""review_completed=true when present; candidate_only excluded""}","[{""scope"": ""results"", ""file"": ""legacy_fixed/domain_results.csv"", ""selector"": {""domain_id"": ""THRESHOLD_NARRATIVE""}, ""csv_rows"": [12], ""field"": ""U"", ""op"": ""field""}]",Completed partial/targeted judgments only; repeated observations retained; overlapping frames not pooled.,
A3_r9_c6,table07/r9/c6,A3 THRESHOLD_NARRATIVE NA,0,0,MATCH_REPRODUCED,"[{""path"": ""audit/rule_compliance/data/supplemental_partial/threshold_action_ledger.csv"", ""sha256"": ""bcf10161f1de0bce455982f0d7a4c74d4042c6882e79b6aec416d41b7d484f4f""}]","[""audit/rule_compliance/protocol/analysis_spec.json""]","[""audit/rule_compliance/code/reproduce.py""]",python audit/rule_compliance/code/reproduce_revision17.py --out reproduced,completed_partial,"{""recipe_id"": ""THRESHOLD_NARRATIVE"", ""in"": {}, ""eq"": {""unit"": ""최종서사에서 실제 추가된 선택 행동(선별 대조)""}, ""eligibility"": ""review_completed=true when present; candidate_only excluded""}","[{""scope"": ""results"", ""file"": ""legacy_fixed/domain_results.csv"", ""selector"": {""domain_id"": ""THRESHOLD_NARRATIVE""}, ""csv_rows"": [12], ""field"": ""NA"", ""op"": ""field""}]",Completed partial/targeted judgments only; repeated observations retained; overlapping frames not pooled.,
A3_r10_c1,table07/r10/c1,A3 NARRATIVE_REPORT runs_reviewed,"{""runs"": 41}","{""runs"": 41}",MATCH_REPRODUCED,"[{""path"": ""audit/rule_compliance/data/supplemental_partial/narrative_ledger.csv"", ""sha256"": ""cb9de25b97446dafe0679f8d1a4ef9376f16f412c7299245b7b2fa298cfd5d4b""}]","[""audit/rule_compliance/protocol/analysis_spec.json""]","[""audit/rule_compliance/code/reproduce.py""]",python audit/rule_compliance/code/reproduce_revision17.py --out reproduced,completed_partial,"{""recipe_id"": ""NARRATIVE_REPORT"", ""in"": {}, ""eq"": {}, ""eligibility"": ""review_completed=true when present; candidate_only excluded""}","[{""scope"": ""results"", ""file"": ""legacy_fixed/domain_results.csv"", ""selector"": {""domain_id"": ""NARRATIVE_REPORT""}, ""csv_rows"": [14], ""field"": ""runs_reviewed"", ""op"": ""field""}]",Completed partial/targeted judgments only; repeated observations retained; overlapping frames not pooled.,
A3_r10_c2,table07/r10/c2,A3 NARRATIVE_REPORT reviewed_rows,122,122,MATCH_REPRODUCED,"[{""path"": ""audit/rule_compliance/data/supplemental_partial/narrative_ledger.csv"", ""sha256"": ""cb9de25b97446dafe0679f8d1a4ef9376f16f412c7299245b7b2fa298cfd5d4b""}]","[""audit/rule_compliance/protocol/analysis_spec.json""]","[""audit/rule_compliance/code/reproduce.py""]",python audit/rule_compliance/code/reproduce_revision17.py --out reproduced,completed_partial,"{""recipe_id"": ""NARRATIVE_REPORT"", ""in"": {}, ""eq"": {}, ""eligibility"": ""review_completed=true when present; candidate_only excluded""}","[{""scope"": ""results"", ""file"": ""legacy_fixed/domain_results.csv"", ""selector"": {""domain_id"": ""NARRATIVE_REPORT""}, ""csv_rows"": [14], ""field"": ""reviewed_rows"", ""op"": ""field""}]",Completed partial/targeted judgments only; repeated observations retained; overlapping frames not pooled.,
A3_r10_c3,table07/r10/c3,A3 NARRATIVE_REPORT C,16,16,MATCH_REPRODUCED,"[{""path"": ""audit/rule_compliance/data/supplemental_partial/narrative_ledger.csv"", ""sha256"": ""cb9de25b97446dafe0679f8d1a4ef9376f16f412c7299245b7b2fa298cfd5d4b""}]","[""audit/rule_compliance/protocol/analysis_spec.json""]","[""audit/rule_compliance/code/reproduce.py""]",python audit/rule_compliance/code/reproduce_revision17.py --out reproduced,completed_partial,"{""recipe_id"": ""NARRATIVE_REPORT"", ""in"": {}, ""eq"": {}, ""eligibility"": ""review_completed=true when present; candidate_only excluded""}","[{""scope"": ""results"", ""file"": ""legacy_fixed/domain_results.csv"", ""selector"": {""domain_id"": ""NARRATIVE_REPORT""}, ""csv_rows"": [14], ""field"": ""C"", ""op"": ""field""}]",Completed partial/targeted judgments only; repeated observations retained; overlapping frames not pooled.,
A3_r10_c4,table07/r10/c4,A3 NARRATIVE_REPORT V,101,101,MATCH_REPRODUCED,"[{""path"": ""audit/rule_compliance/data/supplemental_partial/narrative_ledger.csv"", ""sha256"": ""cb9de25b97446dafe0679f8d1a4ef9376f16f412c7299245b7b2fa298cfd5d4b""}]","[""audit/rule_compliance/protocol/analysis_spec.json""]","[""audit/rule_compliance/code/reproduce.py""]",python audit/rule_compliance/code/reproduce_revision17.py --out reproduced,completed_partial,"{""recipe_id"": ""NARRATIVE_REPORT"", ""in"": {}, ""eq"": {}, ""eligibility"": ""review_completed=true when present; candidate_only excluded""}","[{""scope"": ""results"", ""file"": ""legacy_fixed/domain_results.csv"", ""selector"": {""domain_id"": ""NARRATIVE_REPORT""}, ""csv_rows"": [14], ""field"": ""V"", ""op"": ""field""}]",Completed partial/targeted judgments only; repeated observations retained; overlapping frames not pooled.,
A3_r10_c5,table07/r10/c5,A3 NARRATIVE_REPORT U,5,5,MATCH_REPRODUCED,"[{""path"": ""audit/rule_compliance/data/supplemental_partial/narrative_ledger.csv"", ""sha256"": ""cb9de25b97446dafe0679f8d1a4ef9376f16f412c7299245b7b2fa298cfd5d4b""}]","[""audit/rule_compliance/protocol/analysis_spec.json""]","[""audit/rule_compliance/code/reproduce.py""]",python audit/rule_compliance/code/reproduce_revision17.py --out reproduced,completed_partial,"{""recipe_id"": ""NARRATIVE_REPORT"", ""in"": {}, ""eq"": {}, ""eligibility"": ""review_completed=true when present; candidate_only excluded""}","[{""scope"": ""results"", ""file"": ""legacy_fixed/domain_results.csv"", ""selector"": {""domain_id"": ""NARRATIVE_REPORT""}, ""csv_rows"": [14], ""field"": ""U"", ""op"": ""field""}]",Completed partial/targeted judgments only; repeated observations retained; overlapping frames not pooled.,
A3_r10_c6,table07/r10/c6,A3 NARRATIVE_REPORT NA,0,0,MATCH_REPRODUCED,"[{""path"": ""audit/rule_compliance/data/supplemental_partial/narrative_ledger.csv"", ""sha256"": ""cb9de25b97446dafe0679f8d1a4ef9376f16f412c7299245b7b2fa298cfd5d4b""}]","[""audit/rule_compliance/protocol/analysis_spec.json""]","[""audit/rule_compliance/code/reproduce.py""]",python audit/rule_compliance/code/reproduce_revision17.py --out reproduced,completed_partial,"{""recipe_id"": ""NARRATIVE_REPORT"", ""in"": {}, ""eq"": {}, ""eligibility"": ""review_completed=true when present; candidate_only excluded""}","[{""scope"": ""results"", ""file"": ""legacy_fixed/domain_results.csv"", ""selector"": {""domain_id"": ""NARRATIVE_REPORT""}, ""csv_rows"": [14], ""field"": ""NA"", ""op"": ""field""}]",Completed partial/targeted judgments only; repeated observations retained; overlapping frames not pooled.,
A3_r11_c1,table07/r11/c1,A3 NARRATIVE_FACET runs_reviewed,"{""runs"": 20}","{""runs"": 20}",MATCH_REPRODUCED,"[{""path"": ""audit/rule_compliance/data/supplemental_partial/narrative_facet_ledger.csv"", ""sha256"": ""6ea08b6ab219c128cd5337d86a0f309f0818155b93b614fa37f5b54d7dd118b8""}]","[""audit/rule_compliance/protocol/analysis_spec.json""]","[""audit/rule_compliance/code/reproduce.py""]",python audit/rule_compliance/code/reproduce_revision17.py --out reproduced,completed_partial,"{""recipe_id"": ""NARRATIVE_FACET"", ""in"": {}, ""eq"": {}, ""eligibility"": ""review_completed=true when present; candidate_only excluded""}","[{""scope"": ""results"", ""file"": ""legacy_fixed/domain_results.csv"", ""selector"": {""domain_id"": ""NARRATIVE_FACET""}, ""csv_rows"": [15], ""field"": ""runs_reviewed"", ""op"": ""field""}]",Completed partial/targeted judgments only; repeated observations retained; overlapping frames not pooled.,
A3_r11_c2,table07/r11/c2,A3 NARRATIVE_FACET reviewed_rows,145,145,MATCH_REPRODUCED,"[{""path"": ""audit/rule_compliance/data/supplemental_partial/narrative_facet_ledger.csv"", ""sha256"": ""6ea08b6ab219c128cd5337d86a0f309f0818155b93b614fa37f5b54d7dd118b8""}]","[""audit/rule_compliance/protocol/analysis_spec.json""]","[""audit/rule_compliance/code/reproduce.py""]",python audit/rule_compliance/code/reproduce_revision17.py --out reproduced,completed_partial,"{""recipe_id"": ""NARRATIVE_FACET"", ""in"": {}, ""eq"": {}, ""eligibility"": ""review_completed=true when present; candidate_only excluded""}","[{""scope"": ""results"", ""file"": ""legacy_fixed/domain_results.csv"", ""selector"": {""domain_id"": ""NARRATIVE_FACET""}, ""csv_rows"": [15], ""field"": ""reviewed_rows"", ""op"": ""field""}]",Completed partial/targeted judgments only; repeated observations retained; overlapping frames not pooled.,
A3_r11_c3,table07/r11/c3,A3 NARRATIVE_FACET C,125,125,MATCH_REPRODUCED,"[{""path"": ""audit/rule_compliance/data/supplemental_partial/narrative_facet_ledger.csv"", ""sha256"": ""6ea08b6ab219c128cd5337d86a0f309f0818155b93b614fa37f5b54d7dd118b8""}]","[""audit/rule_compliance/protocol/analysis_spec.json""]","[""audit/rule_compliance/code/reproduce.py""]",python audit/rule_compliance/code/reproduce_revision17.py --out reproduced,completed_partial,"{""recipe_id"": ""NARRATIVE_FACET"", ""in"": {}, ""eq"": {}, ""eligibility"": ""review_completed=true when present; candidate_only excluded""}","[{""scope"": ""results"", ""file"": ""legacy_fixed/domain_results.csv"", ""selector"": {""domain_id"": ""NARRATIVE_FACET""}, ""csv_rows"": [15], ""field"": ""C"", ""op"": ""field""}]",Completed partial/targeted judgments only; repeated observations retained; overlapping frames not pooled.,
A3_r11_c4,table07/r11/c4,A3 NARRATIVE_FACET V,19,19,MATCH_REPRODUCED,"[{""path"": ""audit/rule_compliance/data/supplemental_partial/narrative_facet_ledger.csv"", ""sha256"": ""6ea08b6ab219c128cd5337d86a0f309f0818155b93b614fa37f5b54d7dd118b8""}]","[""audit/rule_compliance/protocol/analysis_spec.json""]","[""audit/rule_compliance/code/reproduce.py""]",python audit/rule_compliance/code/reproduce_revision17.py --out reproduced,completed_partial,"{""recipe_id"": ""NARRATIVE_FACET"", ""in"": {}, ""eq"": {}, ""eligibility"": ""review_completed=true when present; candidate_only excluded""}","[{""scope"": ""results"", ""file"": ""legacy_fixed/domain_results.csv"", ""selector"": {""domain_id"": ""NARRATIVE_FACET""}, ""csv_rows"": [15], ""field"": ""V"", ""op"": ""field""}]",Completed partial/targeted judgments only; repeated observations retained; overlapping frames not pooled.,
A3_r11_c5,table07/r11/c5,A3 NARRATIVE_FACET U,1,1,MATCH_REPRODUCED,"[{""path"": ""audit/rule_compliance/data/supplemental_partial/narrative_facet_ledger.csv"", ""sha256"": ""6ea08b6ab219c128cd5337d86a0f309f0818155b93b614fa37f5b54d7dd118b8""}]","[""audit/rule_compliance/protocol/analysis_spec.json""]","[""audit/rule_compliance/code/reproduce.py""]",python audit/rule_compliance/code/reproduce_revision17.py --out reproduced,completed_partial,"{""recipe_id"": ""NARRATIVE_FACET"", ""in"": {}, ""eq"": {}, ""eligibility"": ""review_completed=true when present; candidate_only excluded""}","[{""scope"": ""results"", ""file"": ""legacy_fixed/domain_results.csv"", ""selector"": {""domain_id"": ""NARRATIVE_FACET""}, ""csv_rows"": [15], ""field"": ""U"", ""op"": ""field""}]",Completed partial/targeted judgments only; repeated observations retained; overlapping frames not pooled.,
A3_r11_c6,table07/r11/c6,A3 NARRATIVE_FACET NA,0,0,MATCH_REPRODUCED,"[{""path"": ""audit/rule_compliance/data/supplemental_partial/narrative_facet_ledger.csv"", ""sha256"": ""6ea08b6ab219c128cd5337d86a0f309f0818155b93b614fa37f5b54d7dd118b8""}]","[""audit/rule_compliance/protocol/analysis_spec.json""]","[""audit/rule_compliance/code/reproduce.py""]",python audit/rule_compliance/code/reproduce_revision17.py --out reproduced,completed_partial,"{""recipe_id"": ""NARRATIVE_FACET"", ""in"": {}, ""eq"": {}, ""eligibility"": ""review_completed=true when present; candidate_only excluded""}","[{""scope"": ""results"", ""file"": ""legacy_fixed/domain_results.csv"", ""selector"": {""domain_id"": ""NARRATIVE_FACET""}, ""csv_rows"": [15], ""field"": ""NA"", ""op"": ""field""}]",Completed partial/targeted judgments only; repeated observations retained; overlapping frames not pooled.,
A3_r12_c1,table07/r12/c1,A3 EFFECT_SUPPLEMENT runs_reviewed,"{""runs"": 11}","{""runs"": 11}",MATCH_REPRODUCED,"[{""path"": ""audit/rule_compliance/data/supplemental_partial/effect_supplemental_ledger.csv"", ""sha256"": ""c91abaac1f8f54a73809f6772c8a8efa961358f8f10b06c908d732834c7fc962""}]","[""audit/rule_compliance/protocol/analysis_spec.json""]","[""audit/rule_compliance/code/reproduce.py""]",python audit/rule_compliance/code/reproduce_revision17.py --out reproduced,completed_partial,"{""recipe_id"": ""EFFECT_SUPPLEMENT"", ""in"": {}, ""eq"": {}, ""eligibility"": ""review_completed=true when present; candidate_only excluded""}","[{""scope"": ""results"", ""file"": ""legacy_fixed/domain_results.csv"", ""selector"": {""domain_id"": ""EFFECT_SUPPLEMENT""}, ""csv_rows"": [16], ""field"": ""runs_reviewed"", ""op"": ""field""}]",Completed partial/targeted judgments only; repeated observations retained; overlapping frames not pooled.,
A3_r12_c2,table07/r12/c2,A3 EFFECT_SUPPLEMENT reviewed_rows,82,82,MATCH_REPRODUCED,"[{""path"": ""audit/rule_compliance/data/supplemental_partial/effect_supplemental_ledger.csv"", ""sha256"": ""c91abaac1f8f54a73809f6772c8a8efa961358f8f10b06c908d732834c7fc962""}]","[""audit/rule_compliance/protocol/analysis_spec.json""]","[""audit/rule_compliance/code/reproduce.py""]",python audit/rule_compliance/code/reproduce_revision17.py --out reproduced,completed_partial,"{""recipe_id"": ""EFFECT_SUPPLEMENT"", ""in"": {}, ""eq"": {}, ""eligibility"": ""review_completed=true when present; candidate_only excluded""}","[{""scope"": ""results"", ""file"": ""legacy_fixed/domain_results.csv"", ""selector"": {""domain_id"": ""EFFECT_SUPPLEMENT""}, ""csv_rows"": [16], ""field"": ""reviewed_rows"", ""op"": ""field""}]",Completed partial/targeted judgments only; repeated observations retained; overlapping frames not pooled.,
A3_r12_c3,table07/r12/c3,A3 EFFECT_SUPPLEMENT C,52,52,MATCH_REPRODUCED,"[{""path"": ""audit/rule_compliance/data/supplemental_partial/effect_supplemental_ledger.csv"", ""sha256"": ""c91abaac1f8f54a73809f6772c8a8efa961358f8f10b06c908d732834c7fc962""}]","[""audit/rule_compliance/protocol/analysis_spec.json""]","[""audit/rule_compliance/code/reproduce.py""]",python audit/rule_compliance/code/reproduce_revision17.py --out reproduced,completed_partial,"{""recipe_id"": ""EFFECT_SUPPLEMENT"", ""in"": {}, ""eq"": {}, ""eligibility"": ""review_completed=true when present; candidate_only excluded""}","[{""scope"": ""results"", ""file"": ""legacy_fixed/domain_results.csv"", ""selector"": {""domain_id"": ""EFFECT_SUPPLEMENT""}, ""csv_rows"": [16], ""field"": ""C"", ""op"": ""field""}]",Completed partial/targeted judgments only; repeated observations retained; overlapping frames not pooled.,
A3_r12_c4,table07/r12/c4,A3 EFFECT_SUPPLEMENT V,7,7,MATCH_REPRODUCED,"[{""path"": ""audit/rule_compliance/data/supplemental_partial/effect_supplemental_ledger.csv"", ""sha256"": ""c91abaac1f8f54a73809f6772c8a8efa961358f8f10b06c908d732834c7fc962""}]","[""audit/rule_compliance/protocol/analysis_spec.json""]","[""audit/rule_compliance/code/reproduce.py""]",python audit/rule_compliance/code/reproduce_revision17.py --out reproduced,completed_partial,"{""recipe_id"": ""EFFECT_SUPPLEMENT"", ""in"": {}, ""eq"": {}, ""eligibility"": ""review_completed=true when present; candidate_only excluded""}","[{""scope"": ""results"", ""file"": ""legacy_fixed/domain_results.csv"", ""selector"": {""domain_id"": ""EFFECT_SUPPLEMENT""}, ""csv_rows"": [16], ""field"": ""V"", ""op"": ""field""}]",Completed partial/targeted judgments only; repeated observations retained; overlapping frames not pooled.,
A3_r12_c5,table07/r12/c5,A3 EFFECT_SUPPLEMENT U,23,23,MATCH_REPRODUCED,"[{""path"": ""audit/rule_compliance/data/supplemental_partial/effect_supplemental_ledger.csv"", ""sha256"": ""c91abaac1f8f54a73809f6772c8a8efa961358f8f10b06c908d732834c7fc962""}]","[""audit/rule_compliance/protocol/analysis_spec.json""]","[""audit/rule_compliance/code/reproduce.py""]",python audit/rule_compliance/code/reproduce_revision17.py --out reproduced,completed_partial,"{""recipe_id"": ""EFFECT_SUPPLEMENT"", ""in"": {}, ""eq"": {}, ""eligibility"": ""review_completed=true when present; candidate_only excluded""}","[{""scope"": ""results"", ""file"": ""legacy_fixed/domain_results.csv"", ""selector"": {""domain_id"": ""EFFECT_SUPPLEMENT""}, ""csv_rows"": [16], ""field"": ""U"", ""op"": ""field""}]",Completed partial/targeted judgments only; repeated observations retained; overlapping frames not pooled.,
A3_r12_c6,table07/r12/c6,A3 EFFECT_SUPPLEMENT NA,0,0,MATCH_REPRODUCED,"[{""path"": ""audit/rule_compliance/data/supplemental_partial/effect_supplemental_ledger.csv"", ""sha256"": ""c91abaac1f8f54a73809f6772c8a8efa961358f8f10b06c908d732834c7fc962""}]","[""audit/rule_compliance/protocol/analysis_spec.json""]","[""audit/rule_compliance/code/reproduce.py""]",python audit/rule_compliance/code/reproduce_revision17.py --out reproduced,completed_partial,"{""recipe_id"": ""EFFECT_SUPPLEMENT"", ""in"": {}, ""eq"": {}, ""eligibility"": ""review_completed=true when present; candidate_only excluded""}","[{""scope"": ""results"", ""file"": ""legacy_fixed/domain_results.csv"", ""selector"": {""domain_id"": ""EFFECT_SUPPLEMENT""}, ""csv_rows"": [16], ""field"": ""NA"", ""op"": ""field""}]",Completed partial/targeted judgments only; repeated observations retained; overlapping frames not pooled.,
A3_r13_c1,table07/r13/c1,A3 GEOMETRY_EFFECT runs_reviewed,"{""runs"": 4}","{""runs"": 4}",MATCH_REPRODUCED,"[{""path"": ""audit/rule_compliance/data/supplemental_partial/geometry_effect_ledger.csv"", ""sha256"": ""b8002350bb463ca2a08fb11dd87cb53cc447dbf50e51547a91271b08933a243a""}]","[""audit/rule_compliance/protocol/analysis_spec.json""]","[""audit/rule_compliance/code/reproduce.py""]",python audit/rule_compliance/code/reproduce_revision17.py --out reproduced,completed_partial,"{""recipe_id"": ""GEOMETRY_EFFECT"", ""in"": {}, ""eq"": {}, ""eligibility"": ""review_completed=true when present; candidate_only excluded""}","[{""scope"": ""results"", ""file"": ""legacy_fixed/domain_results.csv"", ""selector"": {""domain_id"": ""GEOMETRY_EFFECT""}, ""csv_rows"": [17], ""field"": ""runs_reviewed"", ""op"": ""field""}]",Completed partial/targeted judgments only; repeated observations retained; overlapping frames not pooled.,
A3_r13_c2,table07/r13/c2,A3 GEOMETRY_EFFECT reviewed_rows,42,42,MATCH_REPRODUCED,"[{""path"": ""audit/rule_compliance/data/supplemental_partial/geometry_effect_ledger.csv"", ""sha256"": ""b8002350bb463ca2a08fb11dd87cb53cc447dbf50e51547a91271b08933a243a""}]","[""audit/rule_compliance/protocol/analysis_spec.json""]","[""audit/rule_compliance/code/reproduce.py""]",python audit/rule_compliance/code/reproduce_revision17.py --out reproduced,completed_partial,"{""recipe_id"": ""GEOMETRY_EFFECT"", ""in"": {}, ""eq"": {}, ""eligibility"": ""review_completed=true when present; candidate_only excluded""}","[{""scope"": ""results"", ""file"": ""legacy_fixed/domain_results.csv"", ""selector"": {""domain_id"": ""GEOMETRY_EFFECT""}, ""csv_rows"": [17], ""field"": ""reviewed_rows"", ""op"": ""field""}]",Completed partial/targeted judgments only; repeated observations retained; overlapping frames not pooled.,
A3_r13_c3,table07/r13/c3,A3 GEOMETRY_EFFECT C,28,28,MATCH_REPRODUCED,"[{""path"": ""audit/rule_compliance/data/supplemental_partial/geometry_effect_ledger.csv"", ""sha256"": ""b8002350bb463ca2a08fb11dd87cb53cc447dbf50e51547a91271b08933a243a""}]","[""audit/rule_compliance/protocol/analysis_spec.json""]","[""audit/rule_compliance/code/reproduce.py""]",python audit/rule_compliance/code/reproduce_revision17.py --out reproduced,completed_partial,"{""recipe_id"": ""GEOMETRY_EFFECT"", ""in"": {}, ""eq"": {}, ""eligibility"": ""review_completed=true when present; candidate_only excluded""}","[{""scope"": ""results"", ""file"": ""legacy_fixed/domain_results.csv"", ""selector"": {""domain_id"": ""GEOMETRY_EFFECT""}, ""csv_rows"": [17], ""field"": ""C"", ""op"": ""field""}]",Completed partial/targeted judgments only; repeated observations retained; overlapping frames not pooled.,
A3_r13_c4,table07/r13/c4,A3 GEOMETRY_EFFECT V,3,3,MATCH_REPRODUCED,"[{""path"": ""audit/rule_compliance/data/supplemental_partial/geometry_effect_ledger.csv"", ""sha256"": ""b8002350bb463ca2a08fb11dd87cb53cc447dbf50e51547a91271b08933a243a""}]","[""audit/rule_compliance/protocol/analysis_spec.json""]","[""audit/rule_compliance/code/reproduce.py""]",python audit/rule_compliance/code/reproduce_revision17.py --out reproduced,completed_partial,"{""recipe_id"": ""GEOMETRY_EFFECT"", ""in"": {}, ""eq"": {}, ""eligibility"": ""review_completed=true when present; candidate_only excluded""}","[{""scope"": ""results"", ""file"": ""legacy_fixed/domain_results.csv"", ""selector"": {""domain_id"": ""GEOMETRY_EFFECT""}, ""csv_rows"": [17], ""field"": ""V"", ""op"": ""field""}]",Completed partial/targeted judgments only; repeated observations retained; overlapping frames not pooled.,
A3_r13_c5,table07/r13/c5,A3 GEOMETRY_EFFECT U,11,11,MATCH_REPRODUCED,"[{""path"": ""audit/rule_compliance/data/supplemental_partial/geometry_effect_ledger.csv"", ""sha256"": ""b8002350bb463ca2a08fb11dd87cb53cc447dbf50e51547a91271b08933a243a""}]","[""audit/rule_compliance/protocol/analysis_spec.json""]","[""audit/rule_compliance/code/reproduce.py""]",python audit/rule_compliance/code/reproduce_revision17.py --out reproduced,completed_partial,"{""recipe_id"": ""GEOMETRY_EFFECT"", ""in"": {}, ""eq"": {}, ""eligibility"": ""review_completed=true when present; candidate_only excluded""}","[{""scope"": ""results"", ""file"": ""legacy_fixed/domain_results.csv"", ""selector"": {""domain_id"": ""GEOMETRY_EFFECT""}, ""csv_rows"": [17], ""field"": ""U"", ""op"": ""field""}]",Completed partial/targeted judgments only; repeated observations retained; overlapping frames not pooled.,
A3_r13_c6,table07/r13/c6,A3 GEOMETRY_EFFECT NA,0,0,MATCH_REPRODUCED,"[{""path"": ""audit/rule_compliance/data/supplemental_partial/geometry_effect_ledger.csv"", ""sha256"": ""b8002350bb463ca2a08fb11dd87cb53cc447dbf50e51547a91271b08933a243a""}]","[""audit/rule_compliance/protocol/analysis_spec.json""]","[""audit/rule_compliance/code/reproduce.py""]",python audit/rule_compliance/code/reproduce_revision17.py --out reproduced,completed_partial,"{""recipe_id"": ""GEOMETRY_EFFECT"", ""in"": {}, ""eq"": {}, ""eligibility"": ""review_completed=true when present; candidate_only excluded""}","[{""scope"": ""results"", ""file"": ""legacy_fixed/domain_results.csv"", ""selector"": {""domain_id"": ""GEOMETRY_EFFECT""}, ""csv_rows"": [17], ""field"": ""NA"", ""op"": ""field""}]",Completed partial/targeted judgments only; repeated observations retained; overlapping frames not pooled.,
A4_r2_c3,table08/r2/c3,A4 legacy_frozen initial_role counts,"{""C"": 233, ""V"": 7, ""U"": 0}","{""C"": 233, ""V"": 7, ""U"": 0}",MATCH_REPRODUCED,"[{""path"": ""audit/rule_compliance/data/core/07_semantic_validation_ledger.csv"", ""sha256"": ""1cb6a847887d91b903e047d37f32edd859a66908d1d5b9fb2e625e2e7e111ae7""}, {""path"": ""audit/rule_compliance/data/adjudication/patches.json"", ""sha256"": ""eafb2df6eba59d7b0aed12162fcab96ffea4d5c9f4824a11631b71251c72b3d1""}]","[""audit/rule_compliance/protocol/analysis_spec.json"", ""audit/rule_compliance/protocol/CRITERIA_CONTEXT_V1.md""]","[""audit/rule_compliance/code/reproduce.py"", ""audit/rule_compliance/code/recheck_criteria.py"", ""audit/rule_compliance/code/reproduce_revision17.py""]",python audit/rule_compliance/code/reproduce_revision17.py --out reproduced,sensitivity,"scenario=legacy_frozen; domain=initial_role; same common frame, alternative coding","[{""scope"": ""results"", ""file"": ""criteria/criteria_comparison.csv"", ""selector"": {""scenario"": ""legacy_frozen"", ""domain"": ""initial_role""}, ""csv_rows"": [2], ""field"": ""C"", ""op"": ""field""}, {""scope"": ""results"", ""file"": ""criteria/criteria_comparison.csv"", ""selector"": {""scenario"": ""legacy_frozen"", ""domain"": ""initial_role""}, ""csv_rows"": [2], ""field"": ""V"", ""op"": ""field""}, {""scope"": ""results"", ""file"": ""criteria/criteria_comparison.csv"", ""selector"": {""scenario"": ""legacy_frozen"", ""domain"": ""initial_role""}, ""csv_rows"": [2], ""field"": ""U"", ""op"": ""field""}]",Reaggregation of retained AI labels and documented amendments; no new semantic validation.,
A4_r2_c4,table08/r2/c4,A4 legacy_frozen initial_role assessable_percent,100.0,100.0,MATCH_REPRODUCED,"[{""path"": ""audit/rule_compliance/data/core/07_semantic_validation_ledger.csv"", ""sha256"": ""1cb6a847887d91b903e047d37f32edd859a66908d1d5b9fb2e625e2e7e111ae7""}, {""path"": ""audit/rule_compliance/data/adjudication/patches.json"", ""sha256"": ""eafb2df6eba59d7b0aed12162fcab96ffea4d5c9f4824a11631b71251c72b3d1""}]","[""audit/rule_compliance/protocol/analysis_spec.json"", ""audit/rule_compliance/protocol/CRITERIA_CONTEXT_V1.md""]","[""audit/rule_compliance/code/reproduce.py"", ""audit/rule_compliance/code/recheck_criteria.py"", ""audit/rule_compliance/code/reproduce_revision17.py""]",python audit/rule_compliance/code/reproduce_revision17.py --out reproduced,sensitivity,"scenario=legacy_frozen; domain=initial_role; same common frame, alternative coding","[{""scope"": ""results"", ""file"": ""criteria/criteria_comparison.csv"", ""selector"": {""scenario"": ""legacy_frozen"", ""domain"": ""initial_role""}, ""csv_rows"": [2], ""field"": ""assessable_percent"", ""op"": ""field""}]",Reaggregation of retained AI labels and documented amendments; no new semantic validation.,
A4_r2_c5,table08/r2/c5,A4 legacy_frozen initial_role conditional_compliance_percent,97.08,97.08,MATCH_REPRODUCED,"[{""path"": ""audit/rule_compliance/data/core/07_semantic_validation_ledger.csv"", ""sha256"": ""1cb6a847887d91b903e047d37f32edd859a66908d1d5b9fb2e625e2e7e111ae7""}, {""path"": ""audit/rule_compliance/data/adjudication/patches.json"", ""sha256"": ""eafb2df6eba59d7b0aed12162fcab96ffea4d5c9f4824a11631b71251c72b3d1""}]","[""audit/rule_compliance/protocol/analysis_spec.json"", ""audit/rule_compliance/protocol/CRITERIA_CONTEXT_V1.md""]","[""audit/rule_compliance/code/reproduce.py"", ""audit/rule_compliance/code/recheck_criteria.py"", ""audit/rule_compliance/code/reproduce_revision17.py""]",python audit/rule_compliance/code/reproduce_revision17.py --out reproduced,sensitivity,"scenario=legacy_frozen; domain=initial_role; same common frame, alternative coding","[{""scope"": ""results"", ""file"": ""criteria/criteria_comparison.csv"", ""selector"": {""scenario"": ""legacy_frozen"", ""domain"": ""initial_role""}, ""csv_rows"": [2], ""field"": ""conditional_compliance_percent"", ""op"": ""field""}]",Reaggregation of retained AI labels and documented amendments; no new semantic validation.,
A4_r3_c3,table08/r3/c3,A4 legacy_frozen parent_coverage counts,"{""C"": 180, ""V"": 19, ""U"": 161}","{""C"": 180, ""V"": 19, ""U"": 161}",MATCH_REPRODUCED,"[{""path"": ""audit/rule_compliance/data/core/07_semantic_validation_ledger.csv"", ""sha256"": ""1cb6a847887d91b903e047d37f32edd859a66908d1d5b9fb2e625e2e7e111ae7""}, {""path"": ""audit/rule_compliance/data/adjudication/patches.json"", ""sha256"": ""eafb2df6eba59d7b0aed12162fcab96ffea4d5c9f4824a11631b71251c72b3d1""}]","[""audit/rule_compliance/protocol/analysis_spec.json"", ""audit/rule_compliance/protocol/CRITERIA_CONTEXT_V1.md""]","[""audit/rule_compliance/code/reproduce.py"", ""audit/rule_compliance/code/recheck_criteria.py"", ""audit/rule_compliance/code/reproduce_revision17.py""]",python audit/rule_compliance/code/reproduce_revision17.py --out reproduced,sensitivity,"scenario=legacy_frozen; domain=parent_coverage; same common frame, alternative coding","[{""scope"": ""results"", ""file"": ""criteria/criteria_comparison.csv"", ""selector"": {""scenario"": ""legacy_frozen"", ""domain"": ""parent_coverage""}, ""csv_rows"": [5], ""field"": ""C"", ""op"": ""field""}, {""scope"": ""results"", ""file"": ""criteria/criteria_comparison.csv"", ""selector"": {""scenario"": ""legacy_frozen"", ""domain"": ""parent_coverage""}, ""csv_rows"": [5], ""field"": ""V"", ""op"": ""field""}, {""scope"": ""results"", ""file"": ""criteria/criteria_comparison.csv"", ""selector"": {""scenario"": ""legacy_frozen"", ""domain"": ""parent_coverage""}, ""csv_rows"": [5], ""field"": ""U"", ""op"": ""field""}]",Reaggregation of retained AI labels and documented amendments; no new semantic validation.,
A4_r3_c4,table08/r3/c4,A4 legacy_frozen parent_coverage assessable_percent,55.28,55.28,MATCH_REPRODUCED,"[{""path"": ""audit/rule_compliance/data/core/07_semantic_validation_ledger.csv"", ""sha256"": ""1cb6a847887d91b903e047d37f32edd859a66908d1d5b9fb2e625e2e7e111ae7""}, {""path"": ""audit/rule_compliance/data/adjudication/patches.json"", ""sha256"": ""eafb2df6eba59d7b0aed12162fcab96ffea4d5c9f4824a11631b71251c72b3d1""}]","[""audit/rule_compliance/protocol/analysis_spec.json"", ""audit/rule_compliance/protocol/CRITERIA_CONTEXT_V1.md""]","[""audit/rule_compliance/code/reproduce.py"", ""audit/rule_compliance/code/recheck_criteria.py"", ""audit/rule_compliance/code/reproduce_revision17.py""]",python audit/rule_compliance/code/reproduce_revision17.py --out reproduced,sensitivity,"scenario=legacy_frozen; domain=parent_coverage; same common frame, alternative coding","[{""scope"": ""results"", ""file"": ""criteria/criteria_comparison.csv"", ""selector"": {""scenario"": ""legacy_frozen"", ""domain"": ""parent_coverage""}, ""csv_rows"": [5], ""field"": ""assessable_percent"", ""op"": ""field""}]",Reaggregation of retained AI labels and documented amendments; no new semantic validation.,
A4_r3_c5,table08/r3/c5,A4 legacy_frozen parent_coverage conditional_compliance_percent,90.45,90.45,MATCH_REPRODUCED,"[{""path"": ""audit/rule_compliance/data/core/07_semantic_validation_ledger.csv"", ""sha256"": ""1cb6a847887d91b903e047d37f32edd859a66908d1d5b9fb2e625e2e7e111ae7""}, {""path"": ""audit/rule_compliance/data/adjudication/patches.json"", ""sha256"": ""eafb2df6eba59d7b0aed12162fcab96ffea4d5c9f4824a11631b71251c72b3d1""}]","[""audit/rule_compliance/protocol/analysis_spec.json"", ""audit/rule_compliance/protocol/CRITERIA_CONTEXT_V1.md""]","[""audit/rule_compliance/code/reproduce.py"", ""audit/rule_compliance/code/recheck_criteria.py"", ""audit/rule_compliance/code/reproduce_revision17.py""]",python audit/rule_compliance/code/reproduce_revision17.py --out reproduced,sensitivity,"scenario=legacy_frozen; domain=parent_coverage; same common frame, alternative coding","[{""scope"": ""results"", ""file"": ""criteria/criteria_comparison.csv"", ""selector"": {""scenario"": ""legacy_frozen"", ""domain"": ""parent_coverage""}, ""csv_rows"": [5], ""field"": ""conditional_compliance_percent"", ""op"": ""field""}]",Reaggregation of retained AI labels and documented amendments; no new semantic validation.,
A4_r4_c3,table08/r4/c3,A4 clear_corrections initial_role counts,"{""C"": 230, ""V"": 10, ""U"": 0}","{""C"": 230, ""V"": 10, ""U"": 0}",MATCH_REPRODUCED,"[{""path"": ""audit/rule_compliance/data/core/07_semantic_validation_ledger.csv"", ""sha256"": ""1cb6a847887d91b903e047d37f32edd859a66908d1d5b9fb2e625e2e7e111ae7""}, {""path"": ""audit/rule_compliance/data/adjudication/patches.json"", ""sha256"": ""eafb2df6eba59d7b0aed12162fcab96ffea4d5c9f4824a11631b71251c72b3d1""}]","[""audit/rule_compliance/protocol/analysis_spec.json"", ""audit/rule_compliance/protocol/CRITERIA_CONTEXT_V1.md""]","[""audit/rule_compliance/code/reproduce.py"", ""audit/rule_compliance/code/recheck_criteria.py"", ""audit/rule_compliance/code/reproduce_revision17.py""]",python audit/rule_compliance/code/reproduce_revision17.py --out reproduced,sensitivity,"scenario=clear_corrections; domain=initial_role; same common frame, alternative coding","[{""scope"": ""results"", ""file"": ""criteria/criteria_comparison.csv"", ""selector"": {""scenario"": ""clear_corrections"", ""domain"": ""initial_role""}, ""csv_rows"": [6], ""field"": ""C"", ""op"": ""field""}, {""scope"": ""results"", ""file"": ""criteria/criteria_comparison.csv"", ""selector"": {""scenario"": ""clear_corrections"", ""domain"": ""initial_role""}, ""csv_rows"": [6], ""field"": ""V"", ""op"": ""field""}, {""scope"": ""results"", ""file"": ""criteria/criteria_comparison.csv"", ""selector"": {""scenario"": ""clear_corrections"", ""domain"": ""initial_role""}, ""csv_rows"": [6], ""field"": ""U"", ""op"": ""field""}]",Reaggregation of retained AI labels and documented amendments; no new semantic validation.,
A4_r4_c4,table08/r4/c4,A4 clear_corrections initial_role assessable_percent,100.0,100.0,MATCH_REPRODUCED,"[{""path"": ""audit/rule_compliance/data/core/07_semantic_validation_ledger.csv"", ""sha256"": ""1cb6a847887d91b903e047d37f32edd859a66908d1d5b9fb2e625e2e7e111ae7""}, {""path"": ""audit/rule_compliance/data/adjudication/patches.json"", ""sha256"": ""eafb2df6eba59d7b0aed12162fcab96ffea4d5c9f4824a11631b71251c72b3d1""}]","[""audit/rule_compliance/protocol/analysis_spec.json"", ""audit/rule_compliance/protocol/CRITERIA_CONTEXT_V1.md""]","[""audit/rule_compliance/code/reproduce.py"", ""audit/rule_compliance/code/recheck_criteria.py"", ""audit/rule_compliance/code/reproduce_revision17.py""]",python audit/rule_compliance/code/reproduce_revision17.py --out reproduced,sensitivity,"scenario=clear_corrections; domain=initial_role; same common frame, alternative coding","[{""scope"": ""results"", ""file"": ""criteria/criteria_comparison.csv"", ""selector"": {""scenario"": ""clear_corrections"", ""domain"": ""initial_role""}, ""csv_rows"": [6], ""field"": ""assessable_percent"", ""op"": ""field""}]",Reaggregation of retained AI labels and documented amendments; no new semantic validation.,
A4_r4_c5,table08/r4/c5,A4 clear_corrections initial_role conditional_compliance_percent,95.83,95.83,MATCH_REPRODUCED,"[{""path"": ""audit/rule_compliance/data/core/07_semantic_validation_ledger.csv"", ""sha256"": ""1cb6a847887d91b903e047d37f32edd859a66908d1d5b9fb2e625e2e7e111ae7""}, {""path"": ""audit/rule_compliance/data/adjudication/patches.json"", ""sha256"": ""eafb2df6eba59d7b0aed12162fcab96ffea4d5c9f4824a11631b71251c72b3d1""}]","[""audit/rule_compliance/protocol/analysis_spec.json"", ""audit/rule_compliance/protocol/CRITERIA_CONTEXT_V1.md""]","[""audit/rule_compliance/code/reproduce.py"", ""audit/rule_compliance/code/recheck_criteria.py"", ""audit/rule_compliance/code/reproduce_revision17.py""]",python audit/rule_compliance/code/reproduce_revision17.py --out reproduced,sensitivity,"scenario=clear_corrections; domain=initial_role; same common frame, alternative coding","[{""scope"": ""results"", ""file"": ""criteria/criteria_comparison.csv"", ""selector"": {""scenario"": ""clear_corrections"", ""domain"": ""initial_role""}, ""csv_rows"": [6], ""field"": ""conditional_compliance_percent"", ""op"": ""field""}]",Reaggregation of retained AI labels and documented amendments; no new semantic validation.,
A4_r5_c3,table08/r5/c3,A4 clear_corrections parent_coverage counts,"{""C"": 180, ""V"": 20, ""U"": 160}","{""C"": 180, ""V"": 20, ""U"": 160}",MATCH_REPRODUCED,"[{""path"": ""audit/rule_compliance/data/core/07_semantic_validation_ledger.csv"", ""sha256"": ""1cb6a847887d91b903e047d37f32edd859a66908d1d5b9fb2e625e2e7e111ae7""}, {""path"": ""audit/rule_compliance/data/adjudication/patches.json"", ""sha256"": ""eafb2df6eba59d7b0aed12162fcab96ffea4d5c9f4824a11631b71251c72b3d1""}]","[""audit/rule_compliance/protocol/analysis_spec.json"", ""audit/rule_compliance/protocol/CRITERIA_CONTEXT_V1.md""]","[""audit/rule_compliance/code/reproduce.py"", ""audit/rule_compliance/code/recheck_criteria.py"", ""audit/rule_compliance/code/reproduce_revision17.py""]",python audit/rule_compliance/code/reproduce_revision17.py --out reproduced,sensitivity,"scenario=clear_corrections; domain=parent_coverage; same common frame, alternative coding","[{""scope"": ""results"", ""file"": ""criteria/criteria_comparison.csv"", ""selector"": {""scenario"": ""clear_corrections"", ""domain"": ""parent_coverage""}, ""csv_rows"": [9], ""field"": ""C"", ""op"": ""field""}, {""scope"": ""results"", ""file"": ""criteria/criteria_comparison.csv"", ""selector"": {""scenario"": ""clear_corrections"", ""domain"": ""parent_coverage""}, ""csv_rows"": [9], ""field"": ""V"", ""op"": ""field""}, {""scope"": ""results"", ""file"": ""criteria/criteria_comparison.csv"", ""selector"": {""scenario"": ""clear_corrections"", ""domain"": ""parent_coverage""}, ""csv_rows"": [9], ""field"": ""U"", ""op"": ""field""}]",Reaggregation of retained AI labels and documented amendments; no new semantic validation.,
A4_r5_c4,table08/r5/c4,A4 clear_corrections parent_coverage assessable_percent,55.56,55.56,MATCH_REPRODUCED,"[{""path"": ""audit/rule_compliance/data/core/07_semantic_validation_ledger.csv"", ""sha256"": ""1cb6a847887d91b903e047d37f32edd859a66908d1d5b9fb2e625e2e7e111ae7""}, {""path"": ""audit/rule_compliance/data/adjudication/patches.json"", ""sha256"": ""eafb2df6eba59d7b0aed12162fcab96ffea4d5c9f4824a11631b71251c72b3d1""}]","[""audit/rule_compliance/protocol/analysis_spec.json"", ""audit/rule_compliance/protocol/CRITERIA_CONTEXT_V1.md""]","[""audit/rule_compliance/code/reproduce.py"", ""audit/rule_compliance/code/recheck_criteria.py"", ""audit/rule_compliance/code/reproduce_revision17.py""]",python audit/rule_compliance/code/reproduce_revision17.py --out reproduced,sensitivity,"scenario=clear_corrections; domain=parent_coverage; same common frame, alternative coding","[{""scope"": ""results"", ""file"": ""criteria/criteria_comparison.csv"", ""selector"": {""scenario"": ""clear_corrections"", ""domain"": ""parent_coverage""}, ""csv_rows"": [9], ""field"": ""assessable_percent"", ""op"": ""field""}]",Reaggregation of retained AI labels and documented amendments; no new semantic validation.,
A4_r5_c5,table08/r5/c5,A4 clear_corrections parent_coverage conditional_compliance_percent,90.0,90.0,MATCH_REPRODUCED,"[{""path"": ""audit/rule_compliance/data/core/07_semantic_validation_ledger.csv"", ""sha256"": ""1cb6a847887d91b903e047d37f32edd859a66908d1d5b9fb2e625e2e7e111ae7""}, {""path"": ""audit/rule_compliance/data/adjudication/patches.json"", ""sha256"": ""eafb2df6eba59d7b0aed12162fcab96ffea4d5c9f4824a11631b71251c72b3d1""}]","[""audit/rule_compliance/protocol/analysis_spec.json"", ""audit/rule_compliance/protocol/CRITERIA_CONTEXT_V1.md""]","[""audit/rule_compliance/code/reproduce.py"", ""audit/rule_compliance/code/recheck_criteria.py"", ""audit/rule_compliance/code/reproduce_revision17.py""]",python audit/rule_compliance/code/reproduce_revision17.py --out reproduced,sensitivity,"scenario=clear_corrections; domain=parent_coverage; same common frame, alternative coding","[{""scope"": ""results"", ""file"": ""criteria/criteria_comparison.csv"", ""selector"": {""scenario"": ""clear_corrections"", ""domain"": ""parent_coverage""}, ""csv_rows"": [9], ""field"": ""conditional_compliance_percent"", ""op"": ""field""}]",Reaggregation of retained AI labels and documented amendments; no new semantic validation.,
A4_r6_c3,table08/r6/c3,A4 conservative_boundaries initial_role counts,"{""C"": 222, ""V"": 10, ""U"": 8}","{""C"": 222, ""V"": 10, ""U"": 8}",MATCH_REPRODUCED,"[{""path"": ""audit/rule_compliance/data/core/07_semantic_validation_ledger.csv"", ""sha256"": ""1cb6a847887d91b903e047d37f32edd859a66908d1d5b9fb2e625e2e7e111ae7""}, {""path"": ""audit/rule_compliance/data/adjudication/patches.json"", ""sha256"": ""eafb2df6eba59d7b0aed12162fcab96ffea4d5c9f4824a11631b71251c72b3d1""}]","[""audit/rule_compliance/protocol/analysis_spec.json"", ""audit/rule_compliance/protocol/CRITERIA_CONTEXT_V1.md""]","[""audit/rule_compliance/code/reproduce.py"", ""audit/rule_compliance/code/recheck_criteria.py"", ""audit/rule_compliance/code/reproduce_revision17.py""]",python audit/rule_compliance/code/reproduce_revision17.py --out reproduced,sensitivity,"scenario=conservative_boundaries; domain=initial_role; same common frame, alternative coding","[{""scope"": ""results"", ""file"": ""criteria/criteria_comparison.csv"", ""selector"": {""scenario"": ""conservative_boundaries"", ""domain"": ""initial_role""}, ""csv_rows"": [10], ""field"": ""C"", ""op"": ""field""}, {""scope"": ""results"", ""file"": ""criteria/criteria_comparison.csv"", ""selector"": {""scenario"": ""conservative_boundaries"", ""domain"": ""initial_role""}, ""csv_rows"": [10], ""field"": ""V"", ""op"": ""field""}, {""scope"": ""results"", ""file"": ""criteria/criteria_comparison.csv"", ""selector"": {""scenario"": ""conservative_boundaries"", ""domain"": ""initial_role""}, ""csv_rows"": [10], ""field"": ""U"", ""op"": ""field""}]",Reaggregation of retained AI labels and documented amendments; no new semantic validation.,
A4_r6_c4,table08/r6/c4,A4 conservative_boundaries initial_role assessable_percent,96.67,96.67,MATCH_REPRODUCED,"[{""path"": ""audit/rule_compliance/data/core/07_semantic_validation_ledger.csv"", ""sha256"": ""1cb6a847887d91b903e047d37f32edd859a66908d1d5b9fb2e625e2e7e111ae7""}, {""path"": ""audit/rule_compliance/data/adjudication/patches.json"", ""sha256"": ""eafb2df6eba59d7b0aed12162fcab96ffea4d5c9f4824a11631b71251c72b3d1""}]","[""audit/rule_compliance/protocol/analysis_spec.json"", ""audit/rule_compliance/protocol/CRITERIA_CONTEXT_V1.md""]","[""audit/rule_compliance/code/reproduce.py"", ""audit/rule_compliance/code/recheck_criteria.py"", ""audit/rule_compliance/code/reproduce_revision17.py""]",python audit/rule_compliance/code/reproduce_revision17.py --out reproduced,sensitivity,"scenario=conservative_boundaries; domain=initial_role; same common frame, alternative coding","[{""scope"": ""results"", ""file"": ""criteria/criteria_comparison.csv"", ""selector"": {""scenario"": ""conservative_boundaries"", ""domain"": ""initial_role""}, ""csv_rows"": [10], ""field"": ""assessable_percent"", ""op"": ""field""}]",Reaggregation of retained AI labels and documented amendments; no new semantic validation.,
A4_r6_c5,table08/r6/c5,A4 conservative_boundaries initial_role conditional_compliance_percent,95.69,95.69,MATCH_REPRODUCED,"[{""path"": ""audit/rule_compliance/data/core/07_semantic_validation_ledger.csv"", ""sha256"": ""1cb6a847887d91b903e047d37f32edd859a66908d1d5b9fb2e625e2e7e111ae7""}, {""path"": ""audit/rule_compliance/data/adjudication/patches.json"", ""sha256"": ""eafb2df6eba59d7b0aed12162fcab96ffea4d5c9f4824a11631b71251c72b3d1""}]","[""audit/rule_compliance/protocol/analysis_spec.json"", ""audit/rule_compliance/protocol/CRITERIA_CONTEXT_V1.md""]","[""audit/rule_compliance/code/reproduce.py"", ""audit/rule_compliance/code/recheck_criteria.py"", ""audit/rule_compliance/code/reproduce_revision17.py""]",python audit/rule_compliance/code/reproduce_revision17.py --out reproduced,sensitivity,"scenario=conservative_boundaries; domain=initial_role; same common frame, alternative coding","[{""scope"": ""results"", ""file"": ""criteria/criteria_comparison.csv"", ""selector"": {""scenario"": ""conservative_boundaries"", ""domain"": ""initial_role""}, ""csv_rows"": [10], ""field"": ""conditional_compliance_percent"", ""op"": ""field""}]",Reaggregation of retained AI labels and documented amendments; no new semantic validation.,
A4_r7_c3,table08/r7/c3,A4 conservative_boundaries parent_coverage counts,"{""C"": 180, ""V"": 20, ""U"": 160}","{""C"": 180, ""V"": 20, ""U"": 160}",MATCH_REPRODUCED,"[{""path"": ""audit/rule_compliance/data/core/07_semantic_validation_ledger.csv"", ""sha256"": ""1cb6a847887d91b903e047d37f32edd859a66908d1d5b9fb2e625e2e7e111ae7""}, {""path"": ""audit/rule_compliance/data/adjudication/patches.json"", ""sha256"": ""eafb2df6eba59d7b0aed12162fcab96ffea4d5c9f4824a11631b71251c72b3d1""}]","[""audit/rule_compliance/protocol/analysis_spec.json"", ""audit/rule_compliance/protocol/CRITERIA_CONTEXT_V1.md""]","[""audit/rule_compliance/code/reproduce.py"", ""audit/rule_compliance/code/recheck_criteria.py"", ""audit/rule_compliance/code/reproduce_revision17.py""]",python audit/rule_compliance/code/reproduce_revision17.py --out reproduced,sensitivity,"scenario=conservative_boundaries; domain=parent_coverage; same common frame, alternative coding","[{""scope"": ""results"", ""file"": ""criteria/criteria_comparison.csv"", ""selector"": {""scenario"": ""conservative_boundaries"", ""domain"": ""parent_coverage""}, ""csv_rows"": [13], ""field"": ""C"", ""op"": ""field""}, {""scope"": ""results"", ""file"": ""criteria/criteria_comparison.csv"", ""selector"": {""scenario"": ""conservative_boundaries"", ""domain"": ""parent_coverage""}, ""csv_rows"": [13], ""field"": ""V"", ""op"": ""field""}, {""scope"": ""results"", ""file"": ""criteria/criteria_comparison.csv"", ""selector"": {""scenario"": ""conservative_boundaries"", ""domain"": ""parent_coverage""}, ""csv_rows"": [13], ""field"": ""U"", ""op"": ""field""}]",Reaggregation of retained AI labels and documented amendments; no new semantic validation.,
A4_r7_c4,table08/r7/c4,A4 conservative_boundaries parent_coverage assessable_percent,55.56,55.56,MATCH_REPRODUCED,"[{""path"": ""audit/rule_compliance/data/core/07_semantic_validation_ledger.csv"", ""sha256"": ""1cb6a847887d91b903e047d37f32edd859a66908d1d5b9fb2e625e2e7e111ae7""}, {""path"": ""audit/rule_compliance/data/adjudication/patches.json"", ""sha256"": ""eafb2df6eba59d7b0aed12162fcab96ffea4d5c9f4824a11631b71251c72b3d1""}]","[""audit/rule_compliance/protocol/analysis_spec.json"", ""audit/rule_compliance/protocol/CRITERIA_CONTEXT_V1.md""]","[""audit/rule_compliance/code/reproduce.py"", ""audit/rule_compliance/code/recheck_criteria.py"", ""audit/rule_compliance/code/reproduce_revision17.py""]",python audit/rule_compliance/code/reproduce_revision17.py --out reproduced,sensitivity,"scenario=conservative_boundaries; domain=parent_coverage; same common frame, alternative coding","[{""scope"": ""results"", ""file"": ""criteria/criteria_comparison.csv"", ""selector"": {""scenario"": ""conservative_boundaries"", ""domain"": ""parent_coverage""}, ""csv_rows"": [13], ""field"": ""assessable_percent"", ""op"": ""field""}]",Reaggregation of retained AI labels and documented amendments; no new semantic validation.,
A4_r7_c5,table08/r7/c5,A4 conservative_boundaries parent_coverage conditional_compliance_percent,90.0,90.0,MATCH_REPRODUCED,"[{""path"": ""audit/rule_compliance/data/core/07_semantic_validation_ledger.csv"", ""sha256"": ""1cb6a847887d91b903e047d37f32edd859a66908d1d5b9fb2e625e2e7e111ae7""}, {""path"": ""audit/rule_compliance/data/adjudication/patches.json"", ""sha256"": ""eafb2df6eba59d7b0aed12162fcab96ffea4d5c9f4824a11631b71251c72b3d1""}]","[""audit/rule_compliance/protocol/analysis_spec.json"", ""audit/rule_compliance/protocol/CRITERIA_CONTEXT_V1.md""]","[""audit/rule_compliance/code/reproduce.py"", ""audit/rule_compliance/code/recheck_criteria.py"", ""audit/rule_compliance/code/reproduce_revision17.py""]",python audit/rule_compliance/code/reproduce_revision17.py --out reproduced,sensitivity,"scenario=conservative_boundaries; domain=parent_coverage; same common frame, alternative coding","[{""scope"": ""results"", ""file"": ""criteria/criteria_comparison.csv"", ""selector"": {""scenario"": ""conservative_boundaries"", ""domain"": ""parent_coverage""}, ""csv_rows"": [13], ""field"": ""conditional_compliance_percent"", ""op"": ""field""}]",Reaggregation of retained AI labels and documented amendments; no new semantic validation.,
A5_r2_c2,table09/r2/c2,A5 missing_turn_response items,4,4,MATCH_REPRODUCED,"[{""path"": ""audit/rule_compliance/data/diagnostic/ai_review_40.csv"", ""sha256"": ""c5041678eb850be3f6787d3d8c4d86929a834c2935a19087f6287f10dc80c575""}, {""path"": ""audit/rule_compliance/data/diagnostic/u_reason_assignments.csv"", ""sha256"": ""58b2eadb797e438d2e86108f3ecf196db8f56941ca1af1bc2adeba23e2061ed8""}]","[""audit/rule_compliance/data/diagnostic/README.md""]","[""audit/rule_compliance/code/reproduce_diagnostic.py""]",python audit/rule_compliance/code/reproduce_revision17.py --out reproduced,AI_diagnostic_40,reason_code=missing_turn_response; U selected only; shared missing-response dependencies preserved,"[{""scope"": ""results"", ""file"": ""diagnostic/diagnostic_u_reason_counts.csv"", ""selector"": {""reason_code"": ""missing_turn_response""}, ""csv_rows"": [2], ""field"": ""items"", ""op"": ""field""}]",One explanatory primary reason per selected U item; labels remain AI-authored.,
A5_r3_c2,table09/r3/c2,A5 unclear_active_parent_set items,3,3,MATCH_REPRODUCED,"[{""path"": ""audit/rule_compliance/data/diagnostic/ai_review_40.csv"", ""sha256"": ""c5041678eb850be3f6787d3d8c4d86929a834c2935a19087f6287f10dc80c575""}, {""path"": ""audit/rule_compliance/data/diagnostic/u_reason_assignments.csv"", ""sha256"": ""58b2eadb797e438d2e86108f3ecf196db8f56941ca1af1bc2adeba23e2061ed8""}]","[""audit/rule_compliance/data/diagnostic/README.md""]","[""audit/rule_compliance/code/reproduce_diagnostic.py""]",python audit/rule_compliance/code/reproduce_revision17.py --out reproduced,AI_diagnostic_40,reason_code=unclear_active_parent_set; U selected only; shared missing-response dependencies preserved,"[{""scope"": ""results"", ""file"": ""diagnostic/diagnostic_u_reason_counts.csv"", ""selector"": {""reason_code"": ""unclear_active_parent_set""}, ""csv_rows"": [3], ""field"": ""items"", ""op"": ""field""}]",One explanatory primary reason per selected U item; labels remain AI-authored.,
A5_r4_c2,table09/r4/c2,A5 termination_applicability items,2,2,MATCH_REPRODUCED,"[{""path"": ""audit/rule_compliance/data/diagnostic/ai_review_40.csv"", ""sha256"": ""c5041678eb850be3f6787d3d8c4d86929a834c2935a19087f6287f10dc80c575""}, {""path"": ""audit/rule_compliance/data/diagnostic/u_reason_assignments.csv"", ""sha256"": ""58b2eadb797e438d2e86108f3ecf196db8f56941ca1af1bc2adeba23e2061ed8""}]","[""audit/rule_compliance/data/diagnostic/README.md""]","[""audit/rule_compliance/code/reproduce_diagnostic.py""]",python audit/rule_compliance/code/reproduce_revision17.py --out reproduced,AI_diagnostic_40,reason_code=termination_applicability; U selected only; shared missing-response dependencies preserved,"[{""scope"": ""results"", ""file"": ""diagnostic/diagnostic_u_reason_counts.csv"", ""selector"": {""reason_code"": ""termination_applicability""}, ""csv_rows"": [4], ""field"": ""items"", ""op"": ""field""}]",One explanatory primary reason per selected U item; labels remain AI-authored.,
A5_r5_c2,table09/r5/c2,A5 certainty_language items,1,1,MATCH_REPRODUCED,"[{""path"": ""audit/rule_compliance/data/diagnostic/ai_review_40.csv"", ""sha256"": ""c5041678eb850be3f6787d3d8c4d86929a834c2935a19087f6287f10dc80c575""}, {""path"": ""audit/rule_compliance/data/diagnostic/u_reason_assignments.csv"", ""sha256"": ""58b2eadb797e438d2e86108f3ecf196db8f56941ca1af1bc2adeba23e2061ed8""}]","[""audit/rule_compliance/data/diagnostic/README.md""]","[""audit/rule_compliance/code/reproduce_diagnostic.py""]",python audit/rule_compliance/code/reproduce_revision17.py --out reproduced,AI_diagnostic_40,reason_code=certainty_language; U selected only; shared missing-response dependencies preserved,"[{""scope"": ""results"", ""file"": ""diagnostic/diagnostic_u_reason_counts.csv"", ""selector"": {""reason_code"": ""certainty_language""}, ""csv_rows"": [5], ""field"": ""items"", ""op"": ""field""}]",One explanatory primary reason per selected U item; labels remain AI-authored.,
A5_r6_c2,table09/r6/c2,A5 compound_event_linkage items,2,2,MATCH_REPRODUCED,"[{""path"": ""audit/rule_compliance/data/diagnostic/ai_review_40.csv"", ""sha256"": ""c5041678eb850be3f6787d3d8c4d86929a834c2935a19087f6287f10dc80c575""}, {""path"": ""audit/rule_compliance/data/diagnostic/u_reason_assignments.csv"", ""sha256"": ""58b2eadb797e438d2e86108f3ecf196db8f56941ca1af1bc2adeba23e2061ed8""}]","[""audit/rule_compliance/data/diagnostic/README.md""]","[""audit/rule_compliance/code/reproduce_diagnostic.py""]",python audit/rule_compliance/code/reproduce_revision17.py --out reproduced,AI_diagnostic_40,reason_code=compound_event_linkage; U selected only; shared missing-response dependencies preserved,"[{""scope"": ""results"", ""file"": ""diagnostic/diagnostic_u_reason_counts.csv"", ""selector"": {""reason_code"": ""compound_event_linkage""}, ""csv_rows"": [6], ""field"": ""items"", ""op"": ""field""}]",One explanatory primary reason per selected U item; labels remain AI-authored.,
A6_r2_c2,table10/r2/c2,A6 initial_role T1 turn,1,1,MATCH_REPRODUCED,"[{""path"": ""audit/rule_compliance/data/core/07_semantic_validation_ledger.csv"", ""sha256"": ""1cb6a847887d91b903e047d37f32edd859a66908d1d5b9fb2e625e2e7e111ae7""}, {""path"": ""audit/rule_compliance/data/adjudication/patches.json"", ""sha256"": ""eafb2df6eba59d7b0aed12162fcab96ffea4d5c9f4824a11631b71251c72b3d1""}]","[""audit/rule_compliance/protocol/analysis_spec.json"", ""audit/rule_compliance/protocol/CRITERIA_CONTEXT_V1.md""]","[""audit/rule_compliance/code/reproduce.py"", ""audit/rule_compliance/code/recheck_criteria.py"", ""audit/rule_compliance/code/reproduce_revision17.py""]",python audit/rule_compliance/code/reproduce_revision17.py --out reproduced,conservative_by_turn,metric_key→domain=initial_role; turn=1; n=240 country items,"[{""scope"": ""results"", ""file"": ""turn_summary.csv"", ""selector"": {""domain"": ""initial_role"", ""turn"": ""1""}, ""csv_rows"": [2], ""field"": ""turn"", ""op"": ""field""}]",Reaggregation of retained AI labels and documented amendments; no new semantic validation.,
A6_r2_c3,table10/r2/c3,A6 initial_role T1 counts,"{""C"": 222, ""V"": 10, ""U"": 8}","{""C"": 222, ""V"": 10, ""U"": 8}",MATCH_REPRODUCED,"[{""path"": ""audit/rule_compliance/data/core/07_semantic_validation_ledger.csv"", ""sha256"": ""1cb6a847887d91b903e047d37f32edd859a66908d1d5b9fb2e625e2e7e111ae7""}, {""path"": ""audit/rule_compliance/data/adjudication/patches.json"", ""sha256"": ""eafb2df6eba59d7b0aed12162fcab96ffea4d5c9f4824a11631b71251c72b3d1""}]","[""audit/rule_compliance/protocol/analysis_spec.json"", ""audit/rule_compliance/protocol/CRITERIA_CONTEXT_V1.md""]","[""audit/rule_compliance/code/reproduce.py"", ""audit/rule_compliance/code/recheck_criteria.py"", ""audit/rule_compliance/code/reproduce_revision17.py""]",python audit/rule_compliance/code/reproduce_revision17.py --out reproduced,conservative_by_turn,metric_key→domain=initial_role; turn=1; n=240 country items,"[{""scope"": ""results"", ""file"": ""turn_summary.csv"", ""selector"": {""domain"": ""initial_role"", ""turn"": ""1""}, ""csv_rows"": [2], ""field"": ""C"", ""op"": ""field""}, {""scope"": ""results"", ""file"": ""turn_summary.csv"", ""selector"": {""domain"": ""initial_role"", ""turn"": ""1""}, ""csv_rows"": [2], ""field"": ""V"", ""op"": ""field""}, {""scope"": ""results"", ""file"": ""turn_summary.csv"", ""selector"": {""domain"": ""initial_role"", ""turn"": ""1""}, ""csv_rows"": [2], ""field"": ""U"", ""op"": ""field""}]",Reaggregation of retained AI labels and documented amendments; no new semantic validation.,
A6_r2_c4,table10/r2/c4,A6 initial_role T1 assessable_percent,96.67,96.67,MATCH_REPRODUCED,"[{""path"": ""audit/rule_compliance/data/core/07_semantic_validation_ledger.csv"", ""sha256"": ""1cb6a847887d91b903e047d37f32edd859a66908d1d5b9fb2e625e2e7e111ae7""}, {""path"": ""audit/rule_compliance/data/adjudication/patches.json"", ""sha256"": ""eafb2df6eba59d7b0aed12162fcab96ffea4d5c9f4824a11631b71251c72b3d1""}]","[""audit/rule_compliance/protocol/analysis_spec.json"", ""audit/rule_compliance/protocol/CRITERIA_CONTEXT_V1.md""]","[""audit/rule_compliance/code/reproduce.py"", ""audit/rule_compliance/code/recheck_criteria.py"", ""audit/rule_compliance/code/reproduce_revision17.py""]",python audit/rule_compliance/code/reproduce_revision17.py --out reproduced,conservative_by_turn,metric_key→domain=initial_role; turn=1; n=240 country items,"[{""scope"": ""results"", ""file"": ""turn_summary.csv"", ""selector"": {""domain"": ""initial_role"", ""turn"": ""1""}, ""csv_rows"": [2], ""field"": ""assessable_percent"", ""op"": ""field""}]",Reaggregation of retained AI labels and documented amendments; no new semantic validation.,
A6_r2_c5,table10/r2/c5,A6 initial_role T1 conditional_compliance_percent,95.69,95.69,MATCH_REPRODUCED,"[{""path"": ""audit/rule_compliance/data/core/07_semantic_validation_ledger.csv"", ""sha256"": ""1cb6a847887d91b903e047d37f32edd859a66908d1d5b9fb2e625e2e7e111ae7""}, {""path"": ""audit/rule_compliance/data/adjudication/patches.json"", ""sha256"": ""eafb2df6eba59d7b0aed12162fcab96ffea4d5c9f4824a11631b71251c72b3d1""}]","[""audit/rule_compliance/protocol/analysis_spec.json"", ""audit/rule_compliance/protocol/CRITERIA_CONTEXT_V1.md""]","[""audit/rule_compliance/code/reproduce.py"", ""audit/rule_compliance/code/recheck_criteria.py"", ""audit/rule_compliance/code/reproduce_revision17.py""]",python audit/rule_compliance/code/reproduce_revision17.py --out reproduced,conservative_by_turn,metric_key→domain=initial_role; turn=1; n=240 country items,"[{""scope"": ""results"", ""file"": ""turn_summary.csv"", ""selector"": {""domain"": ""initial_role"", ""turn"": ""1""}, ""csv_rows"": [2], ""field"": ""conditional_compliance_percent"", ""op"": ""field""}]",Reaggregation of retained AI labels and documented amendments; no new semantic validation.,
A6_r3_c2,table10/r3/c2,A6 local_branch T2 turn,2,2,MATCH_REPRODUCED,"[{""path"": ""audit/rule_compliance/data/core/07_semantic_validation_ledger.csv"", ""sha256"": ""1cb6a847887d91b903e047d37f32edd859a66908d1d5b9fb2e625e2e7e111ae7""}, {""path"": ""audit/rule_compliance/data/adjudication/patches.json"", ""sha256"": ""eafb2df6eba59d7b0aed12162fcab96ffea4d5c9f4824a11631b71251c72b3d1""}]","[""audit/rule_compliance/protocol/analysis_spec.json"", ""audit/rule_compliance/protocol/CRITERIA_CONTEXT_V1.md""]","[""audit/rule_compliance/code/reproduce.py"", ""audit/rule_compliance/code/recheck_criteria.py"", ""audit/rule_compliance/code/reproduce_revision17.py""]",python audit/rule_compliance/code/reproduce_revision17.py --out reproduced,conservative_by_turn,metric_key→domain=local_branch; turn=2; n=120 run-turn items,"[{""scope"": ""results"", ""file"": ""turn_summary.csv"", ""selector"": {""domain"": ""local_branch"", ""turn"": ""2""}, ""csv_rows"": [3], ""field"": ""turn"", ""op"": ""field""}]",Reaggregation of retained AI labels and documented amendments; no new semantic validation.,
A6_r3_c3,table10/r3/c3,A6 local_branch T2 counts,"{""C"": 67, ""V"": 52, ""U"": 1}","{""C"": 67, ""V"": 52, ""U"": 1}",MATCH_REPRODUCED,"[{""path"": ""audit/rule_compliance/data/core/07_semantic_validation_ledger.csv"", ""sha256"": ""1cb6a847887d91b903e047d37f32edd859a66908d1d5b9fb2e625e2e7e111ae7""}, {""path"": ""audit/rule_compliance/data/adjudication/patches.json"", ""sha256"": ""eafb2df6eba59d7b0aed12162fcab96ffea4d5c9f4824a11631b71251c72b3d1""}]","[""audit/rule_compliance/protocol/analysis_spec.json"", ""audit/rule_compliance/protocol/CRITERIA_CONTEXT_V1.md""]","[""audit/rule_compliance/code/reproduce.py"", ""audit/rule_compliance/code/recheck_criteria.py"", ""audit/rule_compliance/code/reproduce_revision17.py""]",python audit/rule_compliance/code/reproduce_revision17.py --out reproduced,conservative_by_turn,metric_key→domain=local_branch; turn=2; n=120 run-turn items,"[{""scope"": ""results"", ""file"": ""turn_summary.csv"", ""selector"": {""domain"": ""local_branch"", ""turn"": ""2""}, ""csv_rows"": [3], ""field"": ""C"", ""op"": ""field""}, {""scope"": ""results"", ""file"": ""turn_summary.csv"", ""selector"": {""domain"": ""local_branch"", ""turn"": ""2""}, ""csv_rows"": [3], ""field"": ""V"", ""op"": ""field""}, {""scope"": ""results"", ""file"": ""turn_summary.csv"", ""selector"": {""domain"": ""local_branch"", ""turn"": ""2""}, ""csv_rows"": [3], ""field"": ""U"", ""op"": ""field""}]",Reaggregation of retained AI labels and documented amendments; no new semantic validation.,
A6_r3_c4,table10/r3/c4,A6 local_branch T2 assessable_percent,99.17,99.17,MATCH_REPRODUCED,"[{""path"": ""audit/rule_compliance/data/core/07_semantic_validation_ledger.csv"", ""sha256"": ""1cb6a847887d91b903e047d37f32edd859a66908d1d5b9fb2e625e2e7e111ae7""}, {""path"": ""audit/rule_compliance/data/adjudication/patches.json"", ""sha256"": ""eafb2df6eba59d7b0aed12162fcab96ffea4d5c9f4824a11631b71251c72b3d1""}]","[""audit/rule_compliance/protocol/analysis_spec.json"", ""audit/rule_compliance/protocol/CRITERIA_CONTEXT_V1.md""]","[""audit/rule_compliance/code/reproduce.py"", ""audit/rule_compliance/code/recheck_criteria.py"", ""audit/rule_compliance/code/reproduce_revision17.py""]",python audit/rule_compliance/code/reproduce_revision17.py --out reproduced,conservative_by_turn,metric_key→domain=local_branch; turn=2; n=120 run-turn items,"[{""scope"": ""results"", ""file"": ""turn_summary.csv"", ""selector"": {""domain"": ""local_branch"", ""turn"": ""2""}, ""csv_rows"": [3], ""field"": ""assessable_percent"", ""op"": ""field""}]",Reaggregation of retained AI labels and documented amendments; no new semantic validation.,
A6_r3_c5,table10/r3/c5,A6 local_branch T2 conditional_compliance_percent,56.3,56.3,MATCH_REPRODUCED,"[{""path"": ""audit/rule_compliance/data/core/07_semantic_validation_ledger.csv"", ""sha256"": ""1cb6a847887d91b903e047d37f32edd859a66908d1d5b9fb2e625e2e7e111ae7""}, {""path"": ""audit/rule_compliance/data/adjudication/patches.json"", ""sha256"": ""eafb2df6eba59d7b0aed12162fcab96ffea4d5c9f4824a11631b71251c72b3d1""}]","[""audit/rule_compliance/protocol/analysis_spec.json"", ""audit/rule_compliance/protocol/CRITERIA_CONTEXT_V1.md""]","[""audit/rule_compliance/code/reproduce.py"", ""audit/rule_compliance/code/recheck_criteria.py"", ""audit/rule_compliance/code/reproduce_revision17.py""]",python audit/rule_compliance/code/reproduce_revision17.py --out reproduced,conservative_by_turn,metric_key→domain=local_branch; turn=2; n=120 run-turn items,"[{""scope"": ""results"", ""file"": ""turn_summary.csv"", ""selector"": {""domain"": ""local_branch"", ""turn"": ""2""}, ""csv_rows"": [3], ""field"": ""conditional_compliance_percent"", ""op"": ""field""}]",Reaggregation of retained AI labels and documented amendments; no new semantic validation.,
A6_r4_c2,table10/r4/c2,A6 local_branch T3 turn,3,3,MATCH_REPRODUCED,"[{""path"": ""audit/rule_compliance/data/core/07_semantic_validation_ledger.csv"", ""sha256"": ""1cb6a847887d91b903e047d37f32edd859a66908d1d5b9fb2e625e2e7e111ae7""}, {""path"": ""audit/rule_compliance/data/adjudication/patches.json"", ""sha256"": ""eafb2df6eba59d7b0aed12162fcab96ffea4d5c9f4824a11631b71251c72b3d1""}]","[""audit/rule_compliance/protocol/analysis_spec.json"", ""audit/rule_compliance/protocol/CRITERIA_CONTEXT_V1.md""]","[""audit/rule_compliance/code/reproduce.py"", ""audit/rule_compliance/code/recheck_criteria.py"", ""audit/rule_compliance/code/reproduce_revision17.py""]",python audit/rule_compliance/code/reproduce_revision17.py --out reproduced,conservative_by_turn,metric_key→domain=local_branch; turn=3; n=120 run-turn items,"[{""scope"": ""results"", ""file"": ""turn_summary.csv"", ""selector"": {""domain"": ""local_branch"", ""turn"": ""3""}, ""csv_rows"": [4], ""field"": ""turn"", ""op"": ""field""}]",Reaggregation of retained AI labels and documented amendments; no new semantic validation.,
A6_r4_c3,table10/r4/c3,A6 local_branch T3 counts,"{""C"": 59, ""V"": 59, ""U"": 2}","{""C"": 59, ""V"": 59, ""U"": 2}",MATCH_REPRODUCED,"[{""path"": ""audit/rule_compliance/data/core/07_semantic_validation_ledger.csv"", ""sha256"": ""1cb6a847887d91b903e047d37f32edd859a66908d1d5b9fb2e625e2e7e111ae7""}, {""path"": ""audit/rule_compliance/data/adjudication/patches.json"", ""sha256"": ""eafb2df6eba59d7b0aed12162fcab96ffea4d5c9f4824a11631b71251c72b3d1""}]","[""audit/rule_compliance/protocol/analysis_spec.json"", ""audit/rule_compliance/protocol/CRITERIA_CONTEXT_V1.md""]","[""audit/rule_compliance/code/reproduce.py"", ""audit/rule_compliance/code/recheck_criteria.py"", ""audit/rule_compliance/code/reproduce_revision17.py""]",python audit/rule_compliance/code/reproduce_revision17.py --out reproduced,conservative_by_turn,metric_key→domain=local_branch; turn=3; n=120 run-turn items,"[{""scope"": ""results"", ""file"": ""turn_summary.csv"", ""selector"": {""domain"": ""local_branch"", ""turn"": ""3""}, ""csv_rows"": [4], ""field"": ""C"", ""op"": ""field""}, {""scope"": ""results"", ""file"": ""turn_summary.csv"", ""selector"": {""domain"": ""local_branch"", ""turn"": ""3""}, ""csv_rows"": [4], ""field"": ""V"", ""op"": ""field""}, {""scope"": ""results"", ""file"": ""turn_summary.csv"", ""selector"": {""domain"": ""local_branch"", ""turn"": ""3""}, ""csv_rows"": [4], ""field"": ""U"", ""op"": ""field""}]",Reaggregation of retained AI labels and documented amendments; no new semantic validation.,
A6_r4_c4,table10/r4/c4,A6 local_branch T3 assessable_percent,98.33,98.33,MATCH_REPRODUCED,"[{""path"": ""audit/rule_compliance/data/core/07_semantic_validation_ledger.csv"", ""sha256"": ""1cb6a847887d91b903e047d37f32edd859a66908d1d5b9fb2e625e2e7e111ae7""}, {""path"": ""audit/rule_compliance/data/adjudication/patches.json"", ""sha256"": ""eafb2df6eba59d7b0aed12162fcab96ffea4d5c9f4824a11631b71251c72b3d1""}]","[""audit/rule_compliance/protocol/analysis_spec.json"", ""audit/rule_compliance/protocol/CRITERIA_CONTEXT_V1.md""]","[""audit/rule_compliance/code/reproduce.py"", ""audit/rule_compliance/code/recheck_criteria.py"", ""audit/rule_compliance/code/reproduce_revision17.py""]",python audit/rule_compliance/code/reproduce_revision17.py --out reproduced,conservative_by_turn,metric_key→domain=local_branch; turn=3; n=120 run-turn items,"[{""scope"": ""results"", ""file"": ""turn_summary.csv"", ""selector"": {""domain"": ""local_branch"", ""turn"": ""3""}, ""csv_rows"": [4], ""field"": ""assessable_percent"", ""op"": ""field""}]",Reaggregation of retained AI labels and documented amendments; no new semantic validation.,
A6_r4_c5,table10/r4/c5,A6 local_branch T3 conditional_compliance_percent,50.0,50.0,MATCH_REPRODUCED,"[{""path"": ""audit/rule_compliance/data/core/07_semantic_validation_ledger.csv"", ""sha256"": ""1cb6a847887d91b903e047d37f32edd859a66908d1d5b9fb2e625e2e7e111ae7""}, {""path"": ""audit/rule_compliance/data/adjudication/patches.json"", ""sha256"": ""eafb2df6eba59d7b0aed12162fcab96ffea4d5c9f4824a11631b71251c72b3d1""}]","[""audit/rule_compliance/protocol/analysis_spec.json"", ""audit/rule_compliance/protocol/CRITERIA_CONTEXT_V1.md""]","[""audit/rule_compliance/code/reproduce.py"", ""audit/rule_compliance/code/recheck_criteria.py"", ""audit/rule_compliance/code/reproduce_revision17.py""]",python audit/rule_compliance/code/reproduce_revision17.py --out reproduced,conservative_by_turn,metric_key→domain=local_branch; turn=3; n=120 run-turn items,"[{""scope"": ""results"", ""file"": ""turn_summary.csv"", ""selector"": {""domain"": ""local_branch"", ""turn"": ""3""}, ""csv_rows"": [4], ""field"": ""conditional_compliance_percent"", ""op"": ""field""}]",Reaggregation of retained AI labels and documented amendments; no new semantic validation.,
A6_r5_c2,table10/r5/c2,A6 local_branch T4 turn,4,4,MATCH_REPRODUCED,"[{""path"": ""audit/rule_compliance/data/core/07_semantic_validation_ledger.csv"", ""sha256"": ""1cb6a847887d91b903e047d37f32edd859a66908d1d5b9fb2e625e2e7e111ae7""}, {""path"": ""audit/rule_compliance/data/adjudication/patches.json"", ""sha256"": ""eafb2df6eba59d7b0aed12162fcab96ffea4d5c9f4824a11631b71251c72b3d1""}]","[""audit/rule_compliance/protocol/analysis_spec.json"", ""audit/rule_compliance/protocol/CRITERIA_CONTEXT_V1.md""]","[""audit/rule_compliance/code/reproduce.py"", ""audit/rule_compliance/code/recheck_criteria.py"", ""audit/rule_compliance/code/reproduce_revision17.py""]",python audit/rule_compliance/code/reproduce_revision17.py --out reproduced,conservative_by_turn,metric_key→domain=local_branch; turn=4; n=120 run-turn items,"[{""scope"": ""results"", ""file"": ""turn_summary.csv"", ""selector"": {""domain"": ""local_branch"", ""turn"": ""4""}, ""csv_rows"": [5], ""field"": ""turn"", ""op"": ""field""}]",Reaggregation of retained AI labels and documented amendments; no new semantic validation.,
A6_r5_c3,table10/r5/c3,A6 local_branch T4 counts,"{""C"": 54, ""V"": 62, ""U"": 4}","{""C"": 54, ""V"": 62, ""U"": 4}",MATCH_REPRODUCED,"[{""path"": ""audit/rule_compliance/data/core/07_semantic_validation_ledger.csv"", ""sha256"": ""1cb6a847887d91b903e047d37f32edd859a66908d1d5b9fb2e625e2e7e111ae7""}, {""path"": ""audit/rule_compliance/data/adjudication/patches.json"", ""sha256"": ""eafb2df6eba59d7b0aed12162fcab96ffea4d5c9f4824a11631b71251c72b3d1""}]","[""audit/rule_compliance/protocol/analysis_spec.json"", ""audit/rule_compliance/protocol/CRITERIA_CONTEXT_V1.md""]","[""audit/rule_compliance/code/reproduce.py"", ""audit/rule_compliance/code/recheck_criteria.py"", ""audit/rule_compliance/code/reproduce_revision17.py""]",python audit/rule_compliance/code/reproduce_revision17.py --out reproduced,conservative_by_turn,metric_key→domain=local_branch; turn=4; n=120 run-turn items,"[{""scope"": ""results"", ""file"": ""turn_summary.csv"", ""selector"": {""domain"": ""local_branch"", ""turn"": ""4""}, ""csv_rows"": [5], ""field"": ""C"", ""op"": ""field""}, {""scope"": ""results"", ""file"": ""turn_summary.csv"", ""selector"": {""domain"": ""local_branch"", ""turn"": ""4""}, ""csv_rows"": [5], ""field"": ""V"", ""op"": ""field""}, {""scope"": ""results"", ""file"": ""turn_summary.csv"", ""selector"": {""domain"": ""local_branch"", ""turn"": ""4""}, ""csv_rows"": [5], ""field"": ""U"", ""op"": ""field""}]",Reaggregation of retained AI labels and documented amendments; no new semantic validation.,
A6_r5_c4,table10/r5/c4,A6 local_branch T4 assessable_percent,96.67,96.67,MATCH_REPRODUCED,"[{""path"": ""audit/rule_compliance/data/core/07_semantic_validation_ledger.csv"", ""sha256"": ""1cb6a847887d91b903e047d37f32edd859a66908d1d5b9fb2e625e2e7e111ae7""}, {""path"": ""audit/rule_compliance/data/adjudication/patches.json"", ""sha256"": ""eafb2df6eba59d7b0aed12162fcab96ffea4d5c9f4824a11631b71251c72b3d1""}]","[""audit/rule_compliance/protocol/analysis_spec.json"", ""audit/rule_compliance/protocol/CRITERIA_CONTEXT_V1.md""]","[""audit/rule_compliance/code/reproduce.py"", ""audit/rule_compliance/code/recheck_criteria.py"", ""audit/rule_compliance/code/reproduce_revision17.py""]",python audit/rule_compliance/code/reproduce_revision17.py --out reproduced,conservative_by_turn,metric_key→domain=local_branch; turn=4; n=120 run-turn items,"[{""scope"": ""results"", ""file"": ""turn_summary.csv"", ""selector"": {""domain"": ""local_branch"", ""turn"": ""4""}, ""csv_rows"": [5], ""field"": ""assessable_percent"", ""op"": ""field""}]",Reaggregation of retained AI labels and documented amendments; no new semantic validation.,
A6_r5_c5,table10/r5/c5,A6 local_branch T4 conditional_compliance_percent,46.55,46.55,MATCH_REPRODUCED,"[{""path"": ""audit/rule_compliance/data/core/07_semantic_validation_ledger.csv"", ""sha256"": ""1cb6a847887d91b903e047d37f32edd859a66908d1d5b9fb2e625e2e7e111ae7""}, {""path"": ""audit/rule_compliance/data/adjudication/patches.json"", ""sha256"": ""eafb2df6eba59d7b0aed12162fcab96ffea4d5c9f4824a11631b71251c72b3d1""}]","[""audit/rule_compliance/protocol/analysis_spec.json"", ""audit/rule_compliance/protocol/CRITERIA_CONTEXT_V1.md""]","[""audit/rule_compliance/code/reproduce.py"", ""audit/rule_compliance/code/recheck_criteria.py"", ""audit/rule_compliance/code/reproduce_revision17.py""]",python audit/rule_compliance/code/reproduce_revision17.py --out reproduced,conservative_by_turn,metric_key→domain=local_branch; turn=4; n=120 run-turn items,"[{""scope"": ""results"", ""file"": ""turn_summary.csv"", ""selector"": {""domain"": ""local_branch"", ""turn"": ""4""}, ""csv_rows"": [5], ""field"": ""conditional_compliance_percent"", ""op"": ""field""}]",Reaggregation of retained AI labels and documented amendments; no new semantic validation.,
A6_r6_c2,table10/r6/c2,A6 event_condition T2 turn,2,2,MATCH_REPRODUCED,"[{""path"": ""audit/rule_compliance/data/core/07_semantic_validation_ledger.csv"", ""sha256"": ""1cb6a847887d91b903e047d37f32edd859a66908d1d5b9fb2e625e2e7e111ae7""}, {""path"": ""audit/rule_compliance/data/adjudication/patches.json"", ""sha256"": ""eafb2df6eba59d7b0aed12162fcab96ffea4d5c9f4824a11631b71251c72b3d1""}]","[""audit/rule_compliance/protocol/analysis_spec.json"", ""audit/rule_compliance/protocol/CRITERIA_CONTEXT_V1.md""]","[""audit/rule_compliance/code/reproduce.py"", ""audit/rule_compliance/code/recheck_criteria.py"", ""audit/rule_compliance/code/reproduce_revision17.py""]",python audit/rule_compliance/code/reproduce_revision17.py --out reproduced,conservative_by_turn,metric_key→domain=event_condition; turn=2; n=120 run-turn items,"[{""scope"": ""results"", ""file"": ""turn_summary.csv"", ""selector"": {""domain"": ""event_condition"", ""turn"": ""2""}, ""csv_rows"": [6], ""field"": ""turn"", ""op"": ""field""}]",Reaggregation of retained AI labels and documented amendments; no new semantic validation.,
A6_r6_c3,table10/r6/c3,A6 event_condition T2 counts,"{""C"": 101, ""V"": 10, ""U"": 9}","{""C"": 101, ""V"": 10, ""U"": 9}",MATCH_REPRODUCED,"[{""path"": ""audit/rule_compliance/data/core/07_semantic_validation_ledger.csv"", ""sha256"": ""1cb6a847887d91b903e047d37f32edd859a66908d1d5b9fb2e625e2e7e111ae7""}, {""path"": ""audit/rule_compliance/data/adjudication/patches.json"", ""sha256"": ""eafb2df6eba59d7b0aed12162fcab96ffea4d5c9f4824a11631b71251c72b3d1""}]","[""audit/rule_compliance/protocol/analysis_spec.json"", ""audit/rule_compliance/protocol/CRITERIA_CONTEXT_V1.md""]","[""audit/rule_compliance/code/reproduce.py"", ""audit/rule_compliance/code/recheck_criteria.py"", ""audit/rule_compliance/code/reproduce_revision17.py""]",python audit/rule_compliance/code/reproduce_revision17.py --out reproduced,conservative_by_turn,metric_key→domain=event_condition; turn=2; n=120 run-turn items,"[{""scope"": ""results"", ""file"": ""turn_summary.csv"", ""selector"": {""domain"": ""event_condition"", ""turn"": ""2""}, ""csv_rows"": [6], ""field"": ""C"", ""op"": ""field""}, {""scope"": ""results"", ""file"": ""turn_summary.csv"", ""selector"": {""domain"": ""event_condition"", ""turn"": ""2""}, ""csv_rows"": [6], ""field"": ""V"", ""op"": ""field""}, {""scope"": ""results"", ""file"": ""turn_summary.csv"", ""selector"": {""domain"": ""event_condition"", ""turn"": ""2""}, ""csv_rows"": [6], ""field"": ""U"", ""op"": ""field""}]",Reaggregation of retained AI labels and documented amendments; no new semantic validation.,
A6_r6_c4,table10/r6/c4,A6 event_condition T2 assessable_percent,92.5,92.5,MATCH_REPRODUCED,"[{""path"": ""audit/rule_compliance/data/core/07_semantic_validation_ledger.csv"", ""sha256"": ""1cb6a847887d91b903e047d37f32edd859a66908d1d5b9fb2e625e2e7e111ae7""}, {""path"": ""audit/rule_compliance/data/adjudication/patches.json"", ""sha256"": ""eafb2df6eba59d7b0aed12162fcab96ffea4d5c9f4824a11631b71251c72b3d1""}]","[""audit/rule_compliance/protocol/analysis_spec.json"", ""audit/rule_compliance/protocol/CRITERIA_CONTEXT_V1.md""]","[""audit/rule_compliance/code/reproduce.py"", ""audit/rule_compliance/code/recheck_criteria.py"", ""audit/rule_compliance/code/reproduce_revision17.py""]",python audit/rule_compliance/code/reproduce_revision17.py --out reproduced,conservative_by_turn,metric_key→domain=event_condition; turn=2; n=120 run-turn items,"[{""scope"": ""results"", ""file"": ""turn_summary.csv"", ""selector"": {""domain"": ""event_condition"", ""turn"": ""2""}, ""csv_rows"": [6], ""field"": ""assessable_percent"", ""op"": ""field""}]",Reaggregation of retained AI labels and documented amendments; no new semantic validation.,
A6_r6_c5,table10/r6/c5,A6 event_condition T2 conditional_compliance_percent,90.99,90.99,MATCH_REPRODUCED,"[{""path"": ""audit/rule_compliance/data/core/07_semantic_validation_ledger.csv"", ""sha256"": ""1cb6a847887d91b903e047d37f32edd859a66908d1d5b9fb2e625e2e7e111ae7""}, {""path"": ""audit/rule_compliance/data/adjudication/patches.json"", ""sha256"": ""eafb2df6eba59d7b0aed12162fcab96ffea4d5c9f4824a11631b71251c72b3d1""}]","[""audit/rule_compliance/protocol/analysis_spec.json"", ""audit/rule_compliance/protocol/CRITERIA_CONTEXT_V1.md""]","[""audit/rule_compliance/code/reproduce.py"", ""audit/rule_compliance/code/recheck_criteria.py"", ""audit/rule_compliance/code/reproduce_revision17.py""]",python audit/rule_compliance/code/reproduce_revision17.py --out reproduced,conservative_by_turn,metric_key→domain=event_condition; turn=2; n=120 run-turn items,"[{""scope"": ""results"", ""file"": ""turn_summary.csv"", ""selector"": {""domain"": ""event_condition"", ""turn"": ""2""}, ""csv_rows"": [6], ""field"": ""conditional_compliance_percent"", ""op"": ""field""}]",Reaggregation of retained AI labels and documented amendments; no new semantic validation.,
A6_r7_c2,table10/r7/c2,A6 event_condition T3 turn,3,3,MATCH_REPRODUCED,"[{""path"": ""audit/rule_compliance/data/core/07_semantic_validation_ledger.csv"", ""sha256"": ""1cb6a847887d91b903e047d37f32edd859a66908d1d5b9fb2e625e2e7e111ae7""}, {""path"": ""audit/rule_compliance/data/adjudication/patches.json"", ""sha256"": ""eafb2df6eba59d7b0aed12162fcab96ffea4d5c9f4824a11631b71251c72b3d1""}]","[""audit/rule_compliance/protocol/analysis_spec.json"", ""audit/rule_compliance/protocol/CRITERIA_CONTEXT_V1.md""]","[""audit/rule_compliance/code/reproduce.py"", ""audit/rule_compliance/code/recheck_criteria.py"", ""audit/rule_compliance/code/reproduce_revision17.py""]",python audit/rule_compliance/code/reproduce_revision17.py --out reproduced,conservative_by_turn,metric_key→domain=event_condition; turn=3; n=120 run-turn items,"[{""scope"": ""results"", ""file"": ""turn_summary.csv"", ""selector"": {""domain"": ""event_condition"", ""turn"": ""3""}, ""csv_rows"": [7], ""field"": ""turn"", ""op"": ""field""}]",Reaggregation of retained AI labels and documented amendments; no new semantic validation.,
A6_r7_c3,table10/r7/c3,A6 event_condition T3 counts,"{""C"": 113, ""V"": 2, ""U"": 5}","{""C"": 113, ""V"": 2, ""U"": 5}",MATCH_REPRODUCED,"[{""path"": ""audit/rule_compliance/data/core/07_semantic_validation_ledger.csv"", ""sha256"": ""1cb6a847887d91b903e047d37f32edd859a66908d1d5b9fb2e625e2e7e111ae7""}, {""path"": ""audit/rule_compliance/data/adjudication/patches.json"", ""sha256"": ""eafb2df6eba59d7b0aed12162fcab96ffea4d5c9f4824a11631b71251c72b3d1""}]","[""audit/rule_compliance/protocol/analysis_spec.json"", ""audit/rule_compliance/protocol/CRITERIA_CONTEXT_V1.md""]","[""audit/rule_compliance/code/reproduce.py"", ""audit/rule_compliance/code/recheck_criteria.py"", ""audit/rule_compliance/code/reproduce_revision17.py""]",python audit/rule_compliance/code/reproduce_revision17.py --out reproduced,conservative_by_turn,metric_key→domain=event_condition; turn=3; n=120 run-turn items,"[{""scope"": ""results"", ""file"": ""turn_summary.csv"", ""selector"": {""domain"": ""event_condition"", ""turn"": ""3""}, ""csv_rows"": [7], ""field"": ""C"", ""op"": ""field""}, {""scope"": ""results"", ""file"": ""turn_summary.csv"", ""selector"": {""domain"": ""event_condition"", ""turn"": ""3""}, ""csv_rows"": [7], ""field"": ""V"", ""op"": ""field""}, {""scope"": ""results"", ""file"": ""turn_summary.csv"", ""selector"": {""domain"": ""event_condition"", ""turn"": ""3""}, ""csv_rows"": [7], ""field"": ""U"", ""op"": ""field""}]",Reaggregation of retained AI labels and documented amendments; no new semantic validation.,
A6_r7_c4,table10/r7/c4,A6 event_condition T3 assessable_percent,95.83,95.83,MATCH_REPRODUCED,"[{""path"": ""audit/rule_compliance/data/core/07_semantic_validation_ledger.csv"", ""sha256"": ""1cb6a847887d91b903e047d37f32edd859a66908d1d5b9fb2e625e2e7e111ae7""}, {""path"": ""audit/rule_compliance/data/adjudication/patches.json"", ""sha256"": ""eafb2df6eba59d7b0aed12162fcab96ffea4d5c9f4824a11631b71251c72b3d1""}]","[""audit/rule_compliance/protocol/analysis_spec.json"", ""audit/rule_compliance/protocol/CRITERIA_CONTEXT_V1.md""]","[""audit/rule_compliance/code/reproduce.py"", ""audit/rule_compliance/code/recheck_criteria.py"", ""audit/rule_compliance/code/reproduce_revision17.py""]",python audit/rule_compliance/code/reproduce_revision17.py --out reproduced,conservative_by_turn,metric_key→domain=event_condition; turn=3; n=120 run-turn items,"[{""scope"": ""results"", ""file"": ""turn_summary.csv"", ""selector"": {""domain"": ""event_condition"", ""turn"": ""3""}, ""csv_rows"": [7], ""field"": ""assessable_percent"", ""op"": ""field""}]",Reaggregation of retained AI labels and documented amendments; no new semantic validation.,
A6_r7_c5,table10/r7/c5,A6 event_condition T3 conditional_compliance_percent,98.26,98.26,MATCH_REPRODUCED,"[{""path"": ""audit/rule_compliance/data/core/07_semantic_validation_ledger.csv"", ""sha256"": ""1cb6a847887d91b903e047d37f32edd859a66908d1d5b9fb2e625e2e7e111ae7""}, {""path"": ""audit/rule_compliance/data/adjudication/patches.json"", ""sha256"": ""eafb2df6eba59d7b0aed12162fcab96ffea4d5c9f4824a11631b71251c72b3d1""}]","[""audit/rule_compliance/protocol/analysis_spec.json"", ""audit/rule_compliance/protocol/CRITERIA_CONTEXT_V1.md""]","[""audit/rule_compliance/code/reproduce.py"", ""audit/rule_compliance/code/recheck_criteria.py"", ""audit/rule_compliance/code/reproduce_revision17.py""]",python audit/rule_compliance/code/reproduce_revision17.py --out reproduced,conservative_by_turn,metric_key→domain=event_condition; turn=3; n=120 run-turn items,"[{""scope"": ""results"", ""file"": ""turn_summary.csv"", ""selector"": {""domain"": ""event_condition"", ""turn"": ""3""}, ""csv_rows"": [7], ""field"": ""conditional_compliance_percent"", ""op"": ""field""}]",Reaggregation of retained AI labels and documented amendments; no new semantic validation.,
A6_r8_c2,table10/r8/c2,A6 event_condition T4 turn,4,4,MATCH_REPRODUCED,"[{""path"": ""audit/rule_compliance/data/core/07_semantic_validation_ledger.csv"", ""sha256"": ""1cb6a847887d91b903e047d37f32edd859a66908d1d5b9fb2e625e2e7e111ae7""}, {""path"": ""audit/rule_compliance/data/adjudication/patches.json"", ""sha256"": ""eafb2df6eba59d7b0aed12162fcab96ffea4d5c9f4824a11631b71251c72b3d1""}]","[""audit/rule_compliance/protocol/analysis_spec.json"", ""audit/rule_compliance/protocol/CRITERIA_CONTEXT_V1.md""]","[""audit/rule_compliance/code/reproduce.py"", ""audit/rule_compliance/code/recheck_criteria.py"", ""audit/rule_compliance/code/reproduce_revision17.py""]",python audit/rule_compliance/code/reproduce_revision17.py --out reproduced,conservative_by_turn,metric_key→domain=event_condition; turn=4; n=120 run-turn items,"[{""scope"": ""results"", ""file"": ""turn_summary.csv"", ""selector"": {""domain"": ""event_condition"", ""turn"": ""4""}, ""csv_rows"": [8], ""field"": ""turn"", ""op"": ""field""}]",Reaggregation of retained AI labels and documented amendments; no new semantic validation.,
A6_r8_c3,table10/r8/c3,A6 event_condition T4 counts,"{""C"": 102, ""V"": 5, ""U"": 13}","{""C"": 102, ""V"": 5, ""U"": 13}",MATCH_REPRODUCED,"[{""path"": ""audit/rule_compliance/data/core/07_semantic_validation_ledger.csv"", ""sha256"": ""1cb6a847887d91b903e047d37f32edd859a66908d1d5b9fb2e625e2e7e111ae7""}, {""path"": ""audit/rule_compliance/data/adjudication/patches.json"", ""sha256"": ""eafb2df6eba59d7b0aed12162fcab96ffea4d5c9f4824a11631b71251c72b3d1""}]","[""audit/rule_compliance/protocol/analysis_spec.json"", ""audit/rule_compliance/protocol/CRITERIA_CONTEXT_V1.md""]","[""audit/rule_compliance/code/reproduce.py"", ""audit/rule_compliance/code/recheck_criteria.py"", ""audit/rule_compliance/code/reproduce_revision17.py""]",python audit/rule_compliance/code/reproduce_revision17.py --out reproduced,conservative_by_turn,metric_key→domain=event_condition; turn=4; n=120 run-turn items,"[{""scope"": ""results"", ""file"": ""turn_summary.csv"", ""selector"": {""domain"": ""event_condition"", ""turn"": ""4""}, ""csv_rows"": [8], ""field"": ""C"", ""op"": ""field""}, {""scope"": ""results"", ""file"": ""turn_summary.csv"", ""selector"": {""domain"": ""event_condition"", ""turn"": ""4""}, ""csv_rows"": [8], ""field"": ""V"", ""op"": ""field""}, {""scope"": ""results"", ""file"": ""turn_summary.csv"", ""selector"": {""domain"": ""event_condition"", ""turn"": ""4""}, ""csv_rows"": [8], ""field"": ""U"", ""op"": ""field""}]",Reaggregation of retained AI labels and documented amendments; no new semantic validation.,
A6_r8_c4,table10/r8/c4,A6 event_condition T4 assessable_percent,89.17,89.17,MATCH_REPRODUCED,"[{""path"": ""audit/rule_compliance/data/core/07_semantic_validation_ledger.csv"", ""sha256"": ""1cb6a847887d91b903e047d37f32edd859a66908d1d5b9fb2e625e2e7e111ae7""}, {""path"": ""audit/rule_compliance/data/adjudication/patches.json"", ""sha256"": ""eafb2df6eba59d7b0aed12162fcab96ffea4d5c9f4824a11631b71251c72b3d1""}]","[""audit/rule_compliance/protocol/analysis_spec.json"", ""audit/rule_compliance/protocol/CRITERIA_CONTEXT_V1.md""]","[""audit/rule_compliance/code/reproduce.py"", ""audit/rule_compliance/code/recheck_criteria.py"", ""audit/rule_compliance/code/reproduce_revision17.py""]",python audit/rule_compliance/code/reproduce_revision17.py --out reproduced,conservative_by_turn,metric_key→domain=event_condition; turn=4; n=120 run-turn items,"[{""scope"": ""results"", ""file"": ""turn_summary.csv"", ""selector"": {""domain"": ""event_condition"", ""turn"": ""4""}, ""csv_rows"": [8], ""field"": ""assessable_percent"", ""op"": ""field""}]",Reaggregation of retained AI labels and documented amendments; no new semantic validation.,
A6_r8_c5,table10/r8/c5,A6 event_condition T4 conditional_compliance_percent,95.33,95.33,MATCH_REPRODUCED,"[{""path"": ""audit/rule_compliance/data/core/07_semantic_validation_ledger.csv"", ""sha256"": ""1cb6a847887d91b903e047d37f32edd859a66908d1d5b9fb2e625e2e7e111ae7""}, {""path"": ""audit/rule_compliance/data/adjudication/patches.json"", ""sha256"": ""eafb2df6eba59d7b0aed12162fcab96ffea4d5c9f4824a11631b71251c72b3d1""}]","[""audit/rule_compliance/protocol/analysis_spec.json"", ""audit/rule_compliance/protocol/CRITERIA_CONTEXT_V1.md""]","[""audit/rule_compliance/code/reproduce.py"", ""audit/rule_compliance/code/recheck_criteria.py"", ""audit/rule_compliance/code/reproduce_revision17.py""]",python audit/rule_compliance/code/reproduce_revision17.py --out reproduced,conservative_by_turn,metric_key→domain=event_condition; turn=4; n=120 run-turn items,"[{""scope"": ""results"", ""file"": ""turn_summary.csv"", ""selector"": {""domain"": ""event_condition"", ""turn"": ""4""}, ""csv_rows"": [8], ""field"": ""conditional_compliance_percent"", ""op"": ""field""}]",Reaggregation of retained AI labels and documented amendments; no new semantic validation.,
A6_r9_c2,table10/r9/c2,A6 parent_coverage T2 turn,2,2,MATCH_REPRODUCED,"[{""path"": ""audit/rule_compliance/data/core/07_semantic_validation_ledger.csv"", ""sha256"": ""1cb6a847887d91b903e047d37f32edd859a66908d1d5b9fb2e625e2e7e111ae7""}, {""path"": ""audit/rule_compliance/data/adjudication/patches.json"", ""sha256"": ""eafb2df6eba59d7b0aed12162fcab96ffea4d5c9f4824a11631b71251c72b3d1""}]","[""audit/rule_compliance/protocol/analysis_spec.json"", ""audit/rule_compliance/protocol/CRITERIA_CONTEXT_V1.md""]","[""audit/rule_compliance/code/reproduce.py"", ""audit/rule_compliance/code/recheck_criteria.py"", ""audit/rule_compliance/code/reproduce_revision17.py""]",python audit/rule_compliance/code/reproduce_revision17.py --out reproduced,conservative_by_turn,metric_key→domain=parent_coverage; turn=2; n=120 run-turn items,"[{""scope"": ""results"", ""file"": ""turn_summary.csv"", ""selector"": {""domain"": ""parent_coverage"", ""turn"": ""2""}, ""csv_rows"": [9], ""field"": ""turn"", ""op"": ""field""}]",Reaggregation of retained AI labels and documented amendments; no new semantic validation.,
A6_r9_c3,table10/r9/c3,A6 parent_coverage T2 counts,"{""C"": 107, ""V"": 9, ""U"": 4}","{""C"": 107, ""V"": 9, ""U"": 4}",MATCH_REPRODUCED,"[{""path"": ""audit/rule_compliance/data/core/07_semantic_validation_ledger.csv"", ""sha256"": ""1cb6a847887d91b903e047d37f32edd859a66908d1d5b9fb2e625e2e7e111ae7""}, {""path"": ""audit/rule_compliance/data/adjudication/patches.json"", ""sha256"": ""eafb2df6eba59d7b0aed12162fcab96ffea4d5c9f4824a11631b71251c72b3d1""}]","[""audit/rule_compliance/protocol/analysis_spec.json"", ""audit/rule_compliance/protocol/CRITERIA_CONTEXT_V1.md""]","[""audit/rule_compliance/code/reproduce.py"", ""audit/rule_compliance/code/recheck_criteria.py"", ""audit/rule_compliance/code/reproduce_revision17.py""]",python audit/rule_compliance/code/reproduce_revision17.py --out reproduced,conservative_by_turn,metric_key→domain=parent_coverage; turn=2; n=120 run-turn items,"[{""scope"": ""results"", ""file"": ""turn_summary.csv"", ""selector"": {""domain"": ""parent_coverage"", ""turn"": ""2""}, ""csv_rows"": [9], ""field"": ""C"", ""op"": ""field""}, {""scope"": ""results"", ""file"": ""turn_summary.csv"", ""selector"": {""domain"": ""parent_coverage"", ""turn"": ""2""}, ""csv_rows"": [9], ""field"": ""V"", ""op"": ""field""}, {""scope"": ""results"", ""file"": ""turn_summary.csv"", ""selector"": {""domain"": ""parent_coverage"", ""turn"": ""2""}, ""csv_rows"": [9], ""field"": ""U"", ""op"": ""field""}]",Reaggregation of retained AI labels and documented amendments; no new semantic validation.,
A6_r9_c4,table10/r9/c4,A6 parent_coverage T2 assessable_percent,96.67,96.67,MATCH_REPRODUCED,"[{""path"": ""audit/rule_compliance/data/core/07_semantic_validation_ledger.csv"", ""sha256"": ""1cb6a847887d91b903e047d37f32edd859a66908d1d5b9fb2e625e2e7e111ae7""}, {""path"": ""audit/rule_compliance/data/adjudication/patches.json"", ""sha256"": ""eafb2df6eba59d7b0aed12162fcab96ffea4d5c9f4824a11631b71251c72b3d1""}]","[""audit/rule_compliance/protocol/analysis_spec.json"", ""audit/rule_compliance/protocol/CRITERIA_CONTEXT_V1.md""]","[""audit/rule_compliance/code/reproduce.py"", ""audit/rule_compliance/code/recheck_criteria.py"", ""audit/rule_compliance/code/reproduce_revision17.py""]",python audit/rule_compliance/code/reproduce_revision17.py --out reproduced,conservative_by_turn,metric_key→domain=parent_coverage; turn=2; n=120 run-turn items,"[{""scope"": ""results"", ""file"": ""turn_summary.csv"", ""selector"": {""domain"": ""parent_coverage"", ""turn"": ""2""}, ""csv_rows"": [9], ""field"": ""assessable_percent"", ""op"": ""field""}]",Reaggregation of retained AI labels and documented amendments; no new semantic validation.,
A6_r9_c5,table10/r9/c5,A6 parent_coverage T2 conditional_compliance_percent,92.24,92.24,MATCH_REPRODUCED,"[{""path"": ""audit/rule_compliance/data/core/07_semantic_validation_ledger.csv"", ""sha256"": ""1cb6a847887d91b903e047d37f32edd859a66908d1d5b9fb2e625e2e7e111ae7""}, {""path"": ""audit/rule_compliance/data/adjudication/patches.json"", ""sha256"": ""eafb2df6eba59d7b0aed12162fcab96ffea4d5c9f4824a11631b71251c72b3d1""}]","[""audit/rule_compliance/protocol/analysis_spec.json"", ""audit/rule_compliance/protocol/CRITERIA_CONTEXT_V1.md""]","[""audit/rule_compliance/code/reproduce.py"", ""audit/rule_compliance/code/recheck_criteria.py"", ""audit/rule_compliance/code/reproduce_revision17.py""]",python audit/rule_compliance/code/reproduce_revision17.py --out reproduced,conservative_by_turn,metric_key→domain=parent_coverage; turn=2; n=120 run-turn items,"[{""scope"": ""results"", ""file"": ""turn_summary.csv"", ""selector"": {""domain"": ""parent_coverage"", ""turn"": ""2""}, ""csv_rows"": [9], ""field"": ""conditional_compliance_percent"", ""op"": ""field""}]",Reaggregation of retained AI labels and documented amendments; no new semantic validation.,
A6_r10_c2,table10/r10/c2,A6 parent_coverage T3 turn,3,3,MATCH_REPRODUCED,"[{""path"": ""audit/rule_compliance/data/core/07_semantic_validation_ledger.csv"", ""sha256"": ""1cb6a847887d91b903e047d37f32edd859a66908d1d5b9fb2e625e2e7e111ae7""}, {""path"": ""audit/rule_compliance/data/adjudication/patches.json"", ""sha256"": ""eafb2df6eba59d7b0aed12162fcab96ffea4d5c9f4824a11631b71251c72b3d1""}]","[""audit/rule_compliance/protocol/analysis_spec.json"", ""audit/rule_compliance/protocol/CRITERIA_CONTEXT_V1.md""]","[""audit/rule_compliance/code/reproduce.py"", ""audit/rule_compliance/code/recheck_criteria.py"", ""audit/rule_compliance/code/reproduce_revision17.py""]",python audit/rule_compliance/code/reproduce_revision17.py --out reproduced,conservative_by_turn,metric_key→domain=parent_coverage; turn=3; n=120 run-turn items,"[{""scope"": ""results"", ""file"": ""turn_summary.csv"", ""selector"": {""domain"": ""parent_coverage"", ""turn"": ""3""}, ""csv_rows"": [10], ""field"": ""turn"", ""op"": ""field""}]",Reaggregation of retained AI labels and documented amendments; no new semantic validation.,
A6_r10_c3,table10/r10/c3,A6 parent_coverage T3 counts,"{""C"": 33, ""V"": 6, ""U"": 81}","{""C"": 33, ""V"": 6, ""U"": 81}",MATCH_REPRODUCED,"[{""path"": ""audit/rule_compliance/data/core/07_semantic_validation_ledger.csv"", ""sha256"": ""1cb6a847887d91b903e047d37f32edd859a66908d1d5b9fb2e625e2e7e111ae7""}, {""path"": ""audit/rule_compliance/data/adjudication/patches.json"", ""sha256"": ""eafb2df6eba59d7b0aed12162fcab96ffea4d5c9f4824a11631b71251c72b3d1""}]","[""audit/rule_compliance/protocol/analysis_spec.json"", ""audit/rule_compliance/protocol/CRITERIA_CONTEXT_V1.md""]","[""audit/rule_compliance/code/reproduce.py"", ""audit/rule_compliance/code/recheck_criteria.py"", ""audit/rule_compliance/code/reproduce_revision17.py""]",python audit/rule_compliance/code/reproduce_revision17.py --out reproduced,conservative_by_turn,metric_key→domain=parent_coverage; turn=3; n=120 run-turn items,"[{""scope"": ""results"", ""file"": ""turn_summary.csv"", ""selector"": {""domain"": ""parent_coverage"", ""turn"": ""3""}, ""csv_rows"": [10], ""field"": ""C"", ""op"": ""field""}, {""scope"": ""results"", ""file"": ""turn_summary.csv"", ""selector"": {""domain"": ""parent_coverage"", ""turn"": ""3""}, ""csv_rows"": [10], ""field"": ""V"", ""op"": ""field""}, {""scope"": ""results"", ""file"": ""turn_summary.csv"", ""selector"": {""domain"": ""parent_coverage"", ""turn"": ""3""}, ""csv_rows"": [10], ""field"": ""U"", ""op"": ""field""}]",Reaggregation of retained AI labels and documented amendments; no new semantic validation.,
A6_r10_c4,table10/r10/c4,A6 parent_coverage T3 assessable_percent,32.5,32.5,MATCH_REPRODUCED,"[{""path"": ""audit/rule_compliance/data/core/07_semantic_validation_ledger.csv"", ""sha256"": ""1cb6a847887d91b903e047d37f32edd859a66908d1d5b9fb2e625e2e7e111ae7""}, {""path"": ""audit/rule_compliance/data/adjudication/patches.json"", ""sha256"": ""eafb2df6eba59d7b0aed12162fcab96ffea4d5c9f4824a11631b71251c72b3d1""}]","[""audit/rule_compliance/protocol/analysis_spec.json"", ""audit/rule_compliance/protocol/CRITERIA_CONTEXT_V1.md""]","[""audit/rule_compliance/code/reproduce.py"", ""audit/rule_compliance/code/recheck_criteria.py"", ""audit/rule_compliance/code/reproduce_revision17.py""]",python audit/rule_compliance/code/reproduce_revision17.py --out reproduced,conservative_by_turn,metric_key→domain=parent_coverage; turn=3; n=120 run-turn items,"[{""scope"": ""results"", ""file"": ""turn_summary.csv"", ""selector"": {""domain"": ""parent_coverage"", ""turn"": ""3""}, ""csv_rows"": [10], ""field"": ""assessable_percent"", ""op"": ""field""}]",Reaggregation of retained AI labels and documented amendments; no new semantic validation.,
A6_r10_c5,table10/r10/c5,A6 parent_coverage T3 conditional_compliance_percent,84.62,84.62,MATCH_REPRODUCED,"[{""path"": ""audit/rule_compliance/data/core/07_semantic_validation_ledger.csv"", ""sha256"": ""1cb6a847887d91b903e047d37f32edd859a66908d1d5b9fb2e625e2e7e111ae7""}, {""path"": ""audit/rule_compliance/data/adjudication/patches.json"", ""sha256"": ""eafb2df6eba59d7b0aed12162fcab96ffea4d5c9f4824a11631b71251c72b3d1""}]","[""audit/rule_compliance/protocol/analysis_spec.json"", ""audit/rule_compliance/protocol/CRITERIA_CONTEXT_V1.md""]","[""audit/rule_compliance/code/reproduce.py"", ""audit/rule_compliance/code/recheck_criteria.py"", ""audit/rule_compliance/code/reproduce_revision17.py""]",python audit/rule_compliance/code/reproduce_revision17.py --out reproduced,conservative_by_turn,metric_key→domain=parent_coverage; turn=3; n=120 run-turn items,"[{""scope"": ""results"", ""file"": ""turn_summary.csv"", ""selector"": {""domain"": ""parent_coverage"", ""turn"": ""3""}, ""csv_rows"": [10], ""field"": ""conditional_compliance_percent"", ""op"": ""field""}]",Reaggregation of retained AI labels and documented amendments; no new semantic validation.,
A6_r11_c2,table10/r11/c2,A6 parent_coverage T4 turn,4,4,MATCH_REPRODUCED,"[{""path"": ""audit/rule_compliance/data/core/07_semantic_validation_ledger.csv"", ""sha256"": ""1cb6a847887d91b903e047d37f32edd859a66908d1d5b9fb2e625e2e7e111ae7""}, {""path"": ""audit/rule_compliance/data/adjudication/patches.json"", ""sha256"": ""eafb2df6eba59d7b0aed12162fcab96ffea4d5c9f4824a11631b71251c72b3d1""}]","[""audit/rule_compliance/protocol/analysis_spec.json"", ""audit/rule_compliance/protocol/CRITERIA_CONTEXT_V1.md""]","[""audit/rule_compliance/code/reproduce.py"", ""audit/rule_compliance/code/recheck_criteria.py"", ""audit/rule_compliance/code/reproduce_revision17.py""]",python audit/rule_compliance/code/reproduce_revision17.py --out reproduced,conservative_by_turn,metric_key→domain=parent_coverage; turn=4; n=120 run-turn items,"[{""scope"": ""results"", ""file"": ""turn_summary.csv"", ""selector"": {""domain"": ""parent_coverage"", ""turn"": ""4""}, ""csv_rows"": [11], ""field"": ""turn"", ""op"": ""field""}]",Reaggregation of retained AI labels and documented amendments; no new semantic validation.,
A6_r11_c3,table10/r11/c3,A6 parent_coverage T4 counts,"{""C"": 40, ""V"": 5, ""U"": 75}","{""C"": 40, ""V"": 5, ""U"": 75}",MATCH_REPRODUCED,"[{""path"": ""audit/rule_compliance/data/core/07_semantic_validation_ledger.csv"", ""sha256"": ""1cb6a847887d91b903e047d37f32edd859a66908d1d5b9fb2e625e2e7e111ae7""}, {""path"": ""audit/rule_compliance/data/adjudication/patches.json"", ""sha256"": ""eafb2df6eba59d7b0aed12162fcab96ffea4d5c9f4824a11631b71251c72b3d1""}]","[""audit/rule_compliance/protocol/analysis_spec.json"", ""audit/rule_compliance/protocol/CRITERIA_CONTEXT_V1.md""]","[""audit/rule_compliance/code/reproduce.py"", ""audit/rule_compliance/code/recheck_criteria.py"", ""audit/rule_compliance/code/reproduce_revision17.py""]",python audit/rule_compliance/code/reproduce_revision17.py --out reproduced,conservative_by_turn,metric_key→domain=parent_coverage; turn=4; n=120 run-turn items,"[{""scope"": ""results"", ""file"": ""turn_summary.csv"", ""selector"": {""domain"": ""parent_coverage"", ""turn"": ""4""}, ""csv_rows"": [11], ""field"": ""C"", ""op"": ""field""}, {""scope"": ""results"", ""file"": ""turn_summary.csv"", ""selector"": {""domain"": ""parent_coverage"", ""turn"": ""4""}, ""csv_rows"": [11], ""field"": ""V"", ""op"": ""field""}, {""scope"": ""results"", ""file"": ""turn_summary.csv"", ""selector"": {""domain"": ""parent_coverage"", ""turn"": ""4""}, ""csv_rows"": [11], ""field"": ""U"", ""op"": ""field""}]",Reaggregation of retained AI labels and documented amendments; no new semantic validation.,
A6_r11_c4,table10/r11/c4,A6 parent_coverage T4 assessable_percent,37.5,37.5,MATCH_REPRODUCED,"[{""path"": ""audit/rule_compliance/data/core/07_semantic_validation_ledger.csv"", ""sha256"": ""1cb6a847887d91b903e047d37f32edd859a66908d1d5b9fb2e625e2e7e111ae7""}, {""path"": ""audit/rule_compliance/data/adjudication/patches.json"", ""sha256"": ""eafb2df6eba59d7b0aed12162fcab96ffea4d5c9f4824a11631b71251c72b3d1""}]","[""audit/rule_compliance/protocol/analysis_spec.json"", ""audit/rule_compliance/protocol/CRITERIA_CONTEXT_V1.md""]","[""audit/rule_compliance/code/reproduce.py"", ""audit/rule_compliance/code/recheck_criteria.py"", ""audit/rule_compliance/code/reproduce_revision17.py""]",python audit/rule_compliance/code/reproduce_revision17.py --out reproduced,conservative_by_turn,metric_key→domain=parent_coverage; turn=4; n=120 run-turn items,"[{""scope"": ""results"", ""file"": ""turn_summary.csv"", ""selector"": {""domain"": ""parent_coverage"", ""turn"": ""4""}, ""csv_rows"": [11], ""field"": ""assessable_percent"", ""op"": ""field""}]",Reaggregation of retained AI labels and documented amendments; no new semantic validation.,
A6_r11_c5,table10/r11/c5,A6 parent_coverage T4 conditional_compliance_percent,88.89,88.89,MATCH_REPRODUCED,"[{""path"": ""audit/rule_compliance/data/core/07_semantic_validation_ledger.csv"", ""sha256"": ""1cb6a847887d91b903e047d37f32edd859a66908d1d5b9fb2e625e2e7e111ae7""}, {""path"": ""audit/rule_compliance/data/adjudication/patches.json"", ""sha256"": ""eafb2df6eba59d7b0aed12162fcab96ffea4d5c9f4824a11631b71251c72b3d1""}]","[""audit/rule_compliance/protocol/analysis_spec.json"", ""audit/rule_compliance/protocol/CRITERIA_CONTEXT_V1.md""]","[""audit/rule_compliance/code/reproduce.py"", ""audit/rule_compliance/code/recheck_criteria.py"", ""audit/rule_compliance/code/reproduce_revision17.py""]",python audit/rule_compliance/code/reproduce_revision17.py --out reproduced,conservative_by_turn,metric_key→domain=parent_coverage; turn=4; n=120 run-turn items,"[{""scope"": ""results"", ""file"": ""turn_summary.csv"", ""selector"": {""domain"": ""parent_coverage"", ""turn"": ""4""}, ""csv_rows"": [11], ""field"": ""conditional_compliance_percent"", ""op"": ""field""}]",Reaggregation of retained AI labels and documented amendments; no new semantic validation.,
B1_r2_c2,table11/r2/c2,B1 GPT-4o Protracted stalemate,"{""count"": 26, ""percent"": 86.7}","{""count"": 26, ""percent"": 86.7}",MATCH_REPRODUCED,"[{""path"": ""coding/top1_reanalysis/data/top1_source_recoding.csv"", ""sha256"": ""71722afb2faff08f3e8ed7e647c3304a401aec46d723f7490f8e2a558f077efa""}]","[""coding/top1_reanalysis/RECODING_PROTOCOL.md""]","[""coding/top1_reanalysis/code/reproduce_top1.py""]",python audit/rule_compliance/code/reproduce_revision17.py --out reproduced,source_linked_top1,"System=GPT-4o; category=Protracted stalemate; all30/system or120 total, withheld retained","[{""scope"": ""results"", ""file"": ""top1/table_b1_counts.csv"", ""selector"": {""System"": ""GPT-4o""}, ""csv_rows"": [2], ""field"": ""Protracted stalemate"", ""op"": ""field""}, {""scope"": ""results"", ""file"": ""top1/table_b1_counts.csv"", ""selector"": {""System"": ""GPT-4o""}, ""csv_rows"": [2], ""field"": ""Protracted stalemate"", ""op"": ""field""}, {""scope"": ""results"", ""file"": ""top1/table_b1_counts.csv"", ""selector"": {""System"": ""GPT-4o""}, ""csv_rows"": [2], ""field"": ""Denominator"", ""op"": ""field""}]",Aggregate reproduction of retained source-linked Top-1 coding; no fresh PDF semantic recoding.,
B1_r2_c3,table11/r2/c3,B1 GPT-4o Internal collapse,"{""count"": 0, ""percent"": 0.0}","{""count"": 0, ""percent"": 0.0}",MATCH_REPRODUCED,"[{""path"": ""coding/top1_reanalysis/data/top1_source_recoding.csv"", ""sha256"": ""71722afb2faff08f3e8ed7e647c3304a401aec46d723f7490f8e2a558f077efa""}]","[""coding/top1_reanalysis/RECODING_PROTOCOL.md""]","[""coding/top1_reanalysis/code/reproduce_top1.py""]",python audit/rule_compliance/code/reproduce_revision17.py --out reproduced,source_linked_top1,"System=GPT-4o; category=Internal collapse; all30/system or120 total, withheld retained","[{""scope"": ""results"", ""file"": ""top1/table_b1_counts.csv"", ""selector"": {""System"": ""GPT-4o""}, ""csv_rows"": [2], ""field"": ""Internal collapse"", ""op"": ""field""}, {""scope"": ""results"", ""file"": ""top1/table_b1_counts.csv"", ""selector"": {""System"": ""GPT-4o""}, ""csv_rows"": [2], ""field"": ""Internal collapse"", ""op"": ""field""}, {""scope"": ""results"", ""file"": ""top1/table_b1_counts.csv"", ""selector"": {""System"": ""GPT-4o""}, ""csv_rows"": [2], ""field"": ""Denominator"", ""op"": ""field""}]",Aggregate reproduction of retained source-linked Top-1 coding; no fresh PDF semantic recoding.,
B1_r2_c4,table11/r2/c4,B1 GPT-4o Diplomatic resolution,"{""count"": 2, ""percent"": 6.7}","{""count"": 2, ""percent"": 6.7}",MATCH_REPRODUCED,"[{""path"": ""coding/top1_reanalysis/data/top1_source_recoding.csv"", ""sha256"": ""71722afb2faff08f3e8ed7e647c3304a401aec46d723f7490f8e2a558f077efa""}]","[""coding/top1_reanalysis/RECODING_PROTOCOL.md""]","[""coding/top1_reanalysis/code/reproduce_top1.py""]",python audit/rule_compliance/code/reproduce_revision17.py --out reproduced,source_linked_top1,"System=GPT-4o; category=Diplomatic resolution; all30/system or120 total, withheld retained","[{""scope"": ""results"", ""file"": ""top1/table_b1_counts.csv"", ""selector"": {""System"": ""GPT-4o""}, ""csv_rows"": [2], ""field"": ""Diplomatic resolution"", ""op"": ""field""}, {""scope"": ""results"", ""file"": ""top1/table_b1_counts.csv"", ""selector"": {""System"": ""GPT-4o""}, ""csv_rows"": [2], ""field"": ""Diplomatic resolution"", ""op"": ""field""}, {""scope"": ""results"", ""file"": ""top1/table_b1_counts.csv"", ""selector"": {""System"": ""GPT-4o""}, ""csv_rows"": [2], ""field"": ""Denominator"", ""op"": ""field""}]",Aggregate reproduction of retained source-linked Top-1 coding; no fresh PDF semantic recoding.,
B1_r2_c5,table11/r2/c5,B1 GPT-4o Full-scale war,"{""count"": 0, ""percent"": 0.0}","{""count"": 0, ""percent"": 0.0}",MATCH_REPRODUCED,"[{""path"": ""coding/top1_reanalysis/data/top1_source_recoding.csv"", ""sha256"": ""71722afb2faff08f3e8ed7e647c3304a401aec46d723f7490f8e2a558f077efa""}]","[""coding/top1_reanalysis/RECODING_PROTOCOL.md""]","[""coding/top1_reanalysis/code/reproduce_top1.py""]",python audit/rule_compliance/code/reproduce_revision17.py --out reproduced,source_linked_top1,"System=GPT-4o; category=Full-scale war; all30/system or120 total, withheld retained","[{""scope"": ""results"", ""file"": ""top1/table_b1_counts.csv"", ""selector"": {""System"": ""GPT-4o""}, ""csv_rows"": [2], ""field"": ""Full-scale war"", ""op"": ""field""}, {""scope"": ""results"", ""file"": ""top1/table_b1_counts.csv"", ""selector"": {""System"": ""GPT-4o""}, ""csv_rows"": [2], ""field"": ""Full-scale war"", ""op"": ""field""}, {""scope"": ""results"", ""file"": ""top1/table_b1_counts.csv"", ""selector"": {""System"": ""GPT-4o""}, ""csv_rows"": [2], ""field"": ""Denominator"", ""op"": ""field""}]",Aggregate reproduction of retained source-linked Top-1 coding; no fresh PDF semantic recoding.,
B1_r2_c6,table11/r2/c6,B1 GPT-4o Limited conflict,"{""count"": 0, ""percent"": 0.0}","{""count"": 0, ""percent"": 0.0}",MATCH_REPRODUCED,"[{""path"": ""coding/top1_reanalysis/data/top1_source_recoding.csv"", ""sha256"": ""71722afb2faff08f3e8ed7e647c3304a401aec46d723f7490f8e2a558f077efa""}]","[""coding/top1_reanalysis/RECODING_PROTOCOL.md""]","[""coding/top1_reanalysis/code/reproduce_top1.py""]",python audit/rule_compliance/code/reproduce_revision17.py --out reproduced,source_linked_top1,"System=GPT-4o; category=Limited conflict; all30/system or120 total, withheld retained","[{""scope"": ""results"", ""file"": ""top1/table_b1_counts.csv"", ""selector"": {""System"": ""GPT-4o""}, ""csv_rows"": [2], ""field"": ""Limited conflict"", ""op"": ""field""}, {""scope"": ""results"", ""file"": ""top1/table_b1_counts.csv"", ""selector"": {""System"": ""GPT-4o""}, ""csv_rows"": [2], ""field"": ""Limited conflict"", ""op"": ""field""}, {""scope"": ""results"", ""file"": ""top1/table_b1_counts.csv"", ""selector"": {""System"": ""GPT-4o""}, ""csv_rows"": [2], ""field"": ""Denominator"", ""op"": ""field""}]",Aggregate reproduction of retained source-linked Top-1 coding; no fresh PDF semantic recoding.,
B1_r2_c7,table11/r2/c7,B1 GPT-4o Withheld,"{""count"": 2, ""percent"": 6.7}","{""count"": 2, ""percent"": 6.7}",MATCH_REPRODUCED,"[{""path"": ""coding/top1_reanalysis/data/top1_source_recoding.csv"", ""sha256"": ""71722afb2faff08f3e8ed7e647c3304a401aec46d723f7490f8e2a558f077efa""}]","[""coding/top1_reanalysis/RECODING_PROTOCOL.md""]","[""coding/top1_reanalysis/code/reproduce_top1.py""]",python audit/rule_compliance/code/reproduce_revision17.py --out reproduced,source_linked_top1,"System=GPT-4o; category=Withheld; all30/system or120 total, withheld retained","[{""scope"": ""results"", ""file"": ""top1/table_b1_counts.csv"", ""selector"": {""System"": ""GPT-4o""}, ""csv_rows"": [2], ""field"": ""Withheld"", ""op"": ""field""}, {""scope"": ""results"", ""file"": ""top1/table_b1_counts.csv"", ""selector"": {""System"": ""GPT-4o""}, ""csv_rows"": [2], ""field"": ""Withheld"", ""op"": ""field""}, {""scope"": ""results"", ""file"": ""top1/table_b1_counts.csv"", ""selector"": {""System"": ""GPT-4o""}, ""csv_rows"": [2], ""field"": ""Denominator"", ""op"": ""field""}]",Aggregate reproduction of retained source-linked Top-1 coding; no fresh PDF semantic recoding.,
B1_r3_c2,table11/r3/c2,B1 Gemini 2.5 Flash Protracted stalemate,"{""count"": 2, ""percent"": 6.7}","{""count"": 2, ""percent"": 6.7}",MATCH_REPRODUCED,"[{""path"": ""coding/top1_reanalysis/data/top1_source_recoding.csv"", ""sha256"": ""71722afb2faff08f3e8ed7e647c3304a401aec46d723f7490f8e2a558f077efa""}]","[""coding/top1_reanalysis/RECODING_PROTOCOL.md""]","[""coding/top1_reanalysis/code/reproduce_top1.py""]",python audit/rule_compliance/code/reproduce_revision17.py --out reproduced,source_linked_top1,"System=Gemini 2.5 Flash; category=Protracted stalemate; all30/system or120 total, withheld retained","[{""scope"": ""results"", ""file"": ""top1/table_b1_counts.csv"", ""selector"": {""System"": ""Gemini 2.5 Flash""}, ""csv_rows"": [3], ""field"": ""Protracted stalemate"", ""op"": ""field""}, {""scope"": ""results"", ""file"": ""top1/table_b1_counts.csv"", ""selector"": {""System"": ""Gemini 2.5 Flash""}, ""csv_rows"": [3], ""field"": ""Protracted stalemate"", ""op"": ""field""}, {""scope"": ""results"", ""file"": ""top1/table_b1_counts.csv"", ""selector"": {""System"": ""Gemini 2.5 Flash""}, ""csv_rows"": [3], ""field"": ""Denominator"", ""op"": ""field""}]",Aggregate reproduction of retained source-linked Top-1 coding; no fresh PDF semantic recoding.,
B1_r3_c3,table11/r3/c3,B1 Gemini 2.5 Flash Internal collapse,"{""count"": 0, ""percent"": 0.0}","{""count"": 0, ""percent"": 0.0}",MATCH_REPRODUCED,"[{""path"": ""coding/top1_reanalysis/data/top1_source_recoding.csv"", ""sha256"": ""71722afb2faff08f3e8ed7e647c3304a401aec46d723f7490f8e2a558f077efa""}]","[""coding/top1_reanalysis/RECODING_PROTOCOL.md""]","[""coding/top1_reanalysis/code/reproduce_top1.py""]",python audit/rule_compliance/code/reproduce_revision17.py --out reproduced,source_linked_top1,"System=Gemini 2.5 Flash; category=Internal collapse; all30/system or120 total, withheld retained","[{""scope"": ""results"", ""file"": ""top1/table_b1_counts.csv"", ""selector"": {""System"": ""Gemini 2.5 Flash""}, ""csv_rows"": [3], ""field"": ""Internal collapse"", ""op"": ""field""}, {""scope"": ""results"", ""file"": ""top1/table_b1_counts.csv"", ""selector"": {""System"": ""Gemini 2.5 Flash""}, ""csv_rows"": [3], ""field"": ""Internal collapse"", ""op"": ""field""}, {""scope"": ""results"", ""file"": ""top1/table_b1_counts.csv"", ""selector"": {""System"": ""Gemini 2.5 Flash""}, ""csv_rows"": [3], ""field"": ""Denominator"", ""op"": ""field""}]",Aggregate reproduction of retained source-linked Top-1 coding; no fresh PDF semantic recoding.,
B1_r3_c4,table11/r3/c4,B1 Gemini 2.5 Flash Diplomatic resolution,"{""count"": 22, ""percent"": 73.3}","{""count"": 22, ""percent"": 73.3}",MATCH_REPRODUCED,"[{""path"": ""coding/top1_reanalysis/data/top1_source_recoding.csv"", ""sha256"": ""71722afb2faff08f3e8ed7e647c3304a401aec46d723f7490f8e2a558f077efa""}]","[""coding/top1_reanalysis/RECODING_PROTOCOL.md""]","[""coding/top1_reanalysis/code/reproduce_top1.py""]",python audit/rule_compliance/code/reproduce_revision17.py --out reproduced,source_linked_top1,"System=Gemini 2.5 Flash; category=Diplomatic resolution; all30/system or120 total, withheld retained","[{""scope"": ""results"", ""file"": ""top1/table_b1_counts.csv"", ""selector"": {""System"": ""Gemini 2.5 Flash""}, ""csv_rows"": [3], ""field"": ""Diplomatic resolution"", ""op"": ""field""}, {""scope"": ""results"", ""file"": ""top1/table_b1_counts.csv"", ""selector"": {""System"": ""Gemini 2.5 Flash""}, ""csv_rows"": [3], ""field"": ""Diplomatic resolution"", ""op"": ""field""}, {""scope"": ""results"", ""file"": ""top1/table_b1_counts.csv"", ""selector"": {""System"": ""Gemini 2.5 Flash""}, ""csv_rows"": [3], ""field"": ""Denominator"", ""op"": ""field""}]",Aggregate reproduction of retained source-linked Top-1 coding; no fresh PDF semantic recoding.,
B1_r3_c5,table11/r3/c5,B1 Gemini 2.5 Flash Full-scale war,"{""count"": 3, ""percent"": 10.0}","{""count"": 3, ""percent"": 10.0}",MATCH_REPRODUCED,"[{""path"": ""coding/top1_reanalysis/data/top1_source_recoding.csv"", ""sha256"": ""71722afb2faff08f3e8ed7e647c3304a401aec46d723f7490f8e2a558f077efa""}]","[""coding/top1_reanalysis/RECODING_PROTOCOL.md""]","[""coding/top1_reanalysis/code/reproduce_top1.py""]",python audit/rule_compliance/code/reproduce_revision17.py --out reproduced,source_linked_top1,"System=Gemini 2.5 Flash; category=Full-scale war; all30/system or120 total, withheld retained","[{""scope"": ""results"", ""file"": ""top1/table_b1_counts.csv"", ""selector"": {""System"": ""Gemini 2.5 Flash""}, ""csv_rows"": [3], ""field"": ""Full-scale war"", ""op"": ""field""}, {""scope"": ""results"", ""file"": ""top1/table_b1_counts.csv"", ""selector"": {""System"": ""Gemini 2.5 Flash""}, ""csv_rows"": [3], ""field"": ""Full-scale war"", ""op"": ""field""}, {""scope"": ""results"", ""file"": ""top1/table_b1_counts.csv"", ""selector"": {""System"": ""Gemini 2.5 Flash""}, ""csv_rows"": [3], ""field"": ""Denominator"", ""op"": ""field""}]",Aggregate reproduction of retained source-linked Top-1 coding; no fresh PDF semantic recoding.,
B1_r3_c6,table11/r3/c6,B1 Gemini 2.5 Flash Limited conflict,"{""count"": 0, ""percent"": 0.0}","{""count"": 0, ""percent"": 0.0}",MATCH_REPRODUCED,"[{""path"": ""coding/top1_reanalysis/data/top1_source_recoding.csv"", ""sha256"": ""71722afb2faff08f3e8ed7e647c3304a401aec46d723f7490f8e2a558f077efa""}]","[""coding/top1_reanalysis/RECODING_PROTOCOL.md""]","[""coding/top1_reanalysis/code/reproduce_top1.py""]",python audit/rule_compliance/code/reproduce_revision17.py --out reproduced,source_linked_top1,"System=Gemini 2.5 Flash; category=Limited conflict; all30/system or120 total, withheld retained","[{""scope"": ""results"", ""file"": ""top1/table_b1_counts.csv"", ""selector"": {""System"": ""Gemini 2.5 Flash""}, ""csv_rows"": [3], ""field"": ""Limited conflict"", ""op"": ""field""}, {""scope"": ""results"", ""file"": ""top1/table_b1_counts.csv"", ""selector"": {""System"": ""Gemini 2.5 Flash""}, ""csv_rows"": [3], ""field"": ""Limited conflict"", ""op"": ""field""}, {""scope"": ""results"", ""file"": ""top1/table_b1_counts.csv"", ""selector"": {""System"": ""Gemini 2.5 Flash""}, ""csv_rows"": [3], ""field"": ""Denominator"", ""op"": ""field""}]",Aggregate reproduction of retained source-linked Top-1 coding; no fresh PDF semantic recoding.,
B1_r3_c7,table11/r3/c7,B1 Gemini 2.5 Flash Withheld,"{""count"": 3, ""percent"": 10.0}","{""count"": 3, ""percent"": 10.0}",MATCH_REPRODUCED,"[{""path"": ""coding/top1_reanalysis/data/top1_source_recoding.csv"", ""sha256"": ""71722afb2faff08f3e8ed7e647c3304a401aec46d723f7490f8e2a558f077efa""}]","[""coding/top1_reanalysis/RECODING_PROTOCOL.md""]","[""coding/top1_reanalysis/code/reproduce_top1.py""]",python audit/rule_compliance/code/reproduce_revision17.py --out reproduced,source_linked_top1,"System=Gemini 2.5 Flash; category=Withheld; all30/system or120 total, withheld retained","[{""scope"": ""results"", ""file"": ""top1/table_b1_counts.csv"", ""selector"": {""System"": ""Gemini 2.5 Flash""}, ""csv_rows"": [3], ""field"": ""Withheld"", ""op"": ""field""}, {""scope"": ""results"", ""file"": ""top1/table_b1_counts.csv"", ""selector"": {""System"": ""Gemini 2.5 Flash""}, ""csv_rows"": [3], ""field"": ""Withheld"", ""op"": ""field""}, {""scope"": ""results"", ""file"": ""top1/table_b1_counts.csv"", ""selector"": {""System"": ""Gemini 2.5 Flash""}, ""csv_rows"": [3], ""field"": ""Denominator"", ""op"": ""field""}]",Aggregate reproduction of retained source-linked Top-1 coding; no fresh PDF semantic recoding.,
B1_r4_c2,table11/r4/c2,B1 Claude Opus 4 Protracted stalemate,"{""count"": 19, ""percent"": 63.3}","{""count"": 19, ""percent"": 63.3}",MATCH_REPRODUCED,"[{""path"": ""coding/top1_reanalysis/data/top1_source_recoding.csv"", ""sha256"": ""71722afb2faff08f3e8ed7e647c3304a401aec46d723f7490f8e2a558f077efa""}]","[""coding/top1_reanalysis/RECODING_PROTOCOL.md""]","[""coding/top1_reanalysis/code/reproduce_top1.py""]",python audit/rule_compliance/code/reproduce_revision17.py --out reproduced,source_linked_top1,"System=Claude Opus 4; category=Protracted stalemate; all30/system or120 total, withheld retained","[{""scope"": ""results"", ""file"": ""top1/table_b1_counts.csv"", ""selector"": {""System"": ""Claude Opus 4""}, ""csv_rows"": [4], ""field"": ""Protracted stalemate"", ""op"": ""field""}, {""scope"": ""results"", ""file"": ""top1/table_b1_counts.csv"", ""selector"": {""System"": ""Claude Opus 4""}, ""csv_rows"": [4], ""field"": ""Protracted stalemate"", ""op"": ""field""}, {""scope"": ""results"", ""file"": ""top1/table_b1_counts.csv"", ""selector"": {""System"": ""Claude Opus 4""}, ""csv_rows"": [4], ""field"": ""Denominator"", ""op"": ""field""}]",Aggregate reproduction of retained source-linked Top-1 coding; no fresh PDF semantic recoding.,
B1_r4_c3,table11/r4/c3,B1 Claude Opus 4 Internal collapse,"{""count"": 0, ""percent"": 0.0}","{""count"": 0, ""percent"": 0.0}",MATCH_REPRODUCED,"[{""path"": ""coding/top1_reanalysis/data/top1_source_recoding.csv"", ""sha256"": ""71722afb2faff08f3e8ed7e647c3304a401aec46d723f7490f8e2a558f077efa""}]","[""coding/top1_reanalysis/RECODING_PROTOCOL.md""]","[""coding/top1_reanalysis/code/reproduce_top1.py""]",python audit/rule_compliance/code/reproduce_revision17.py --out reproduced,source_linked_top1,"System=Claude Opus 4; category=Internal collapse; all30/system or120 total, withheld retained","[{""scope"": ""results"", ""file"": ""top1/table_b1_counts.csv"", ""selector"": {""System"": ""Claude Opus 4""}, ""csv_rows"": [4], ""field"": ""Internal collapse"", ""op"": ""field""}, {""scope"": ""results"", ""file"": ""top1/table_b1_counts.csv"", ""selector"": {""System"": ""Claude Opus 4""}, ""csv_rows"": [4], ""field"": ""Internal collapse"", ""op"": ""field""}, {""scope"": ""results"", ""file"": ""top1/table_b1_counts.csv"", ""selector"": {""System"": ""Claude Opus 4""}, ""csv_rows"": [4], ""field"": ""Denominator"", ""op"": ""field""}]",Aggregate reproduction of retained source-linked Top-1 coding; no fresh PDF semantic recoding.,
B1_r4_c4,table11/r4/c4,B1 Claude Opus 4 Diplomatic resolution,"{""count"": 8, ""percent"": 26.7}","{""count"": 8, ""percent"": 26.7}",MATCH_REPRODUCED,"[{""path"": ""coding/top1_reanalysis/data/top1_source_recoding.csv"", ""sha256"": ""71722afb2faff08f3e8ed7e647c3304a401aec46d723f7490f8e2a558f077efa""}]","[""coding/top1_reanalysis/RECODING_PROTOCOL.md""]","[""coding/top1_reanalysis/code/reproduce_top1.py""]",python audit/rule_compliance/code/reproduce_revision17.py --out reproduced,source_linked_top1,"System=Claude Opus 4; category=Diplomatic resolution; all30/system or120 total, withheld retained","[{""scope"": ""results"", ""file"": ""top1/table_b1_counts.csv"", ""selector"": {""System"": ""Claude Opus 4""}, ""csv_rows"": [4], ""field"": ""Diplomatic resolution"", ""op"": ""field""}, {""scope"": ""results"", ""file"": ""top1/table_b1_counts.csv"", ""selector"": {""System"": ""Claude Opus 4""}, ""csv_rows"": [4], ""field"": ""Diplomatic resolution"", ""op"": ""field""}, {""scope"": ""results"", ""file"": ""top1/table_b1_counts.csv"", ""selector"": {""System"": ""Claude Opus 4""}, ""csv_rows"": [4], ""field"": ""Denominator"", ""op"": ""field""}]",Aggregate reproduction of retained source-linked Top-1 coding; no fresh PDF semantic recoding.,
B1_r4_c5,table11/r4/c5,B1 Claude Opus 4 Full-scale war,"{""count"": 0, ""percent"": 0.0}","{""count"": 0, ""percent"": 0.0}",MATCH_REPRODUCED,"[{""path"": ""coding/top1_reanalysis/data/top1_source_recoding.csv"", ""sha256"": ""71722afb2faff08f3e8ed7e647c3304a401aec46d723f7490f8e2a558f077efa""}]","[""coding/top1_reanalysis/RECODING_PROTOCOL.md""]","[""coding/top1_reanalysis/code/reproduce_top1.py""]",python audit/rule_compliance/code/reproduce_revision17.py --out reproduced,source_linked_top1,"System=Claude Opus 4; category=Full-scale war; all30/system or120 total, withheld retained","[{""scope"": ""results"", ""file"": ""top1/table_b1_counts.csv"", ""selector"": {""System"": ""Claude Opus 4""}, ""csv_rows"": [4], ""field"": ""Full-scale war"", ""op"": ""field""}, {""scope"": ""results"", ""file"": ""top1/table_b1_counts.csv"", ""selector"": {""System"": ""Claude Opus 4""}, ""csv_rows"": [4], ""field"": ""Full-scale war"", ""op"": ""field""}, {""scope"": ""results"", ""file"": ""top1/table_b1_counts.csv"", ""selector"": {""System"": ""Claude Opus 4""}, ""csv_rows"": [4], ""field"": ""Denominator"", ""op"": ""field""}]",Aggregate reproduction of retained source-linked Top-1 coding; no fresh PDF semantic recoding.,
B1_r4_c6,table11/r4/c6,B1 Claude Opus 4 Limited conflict,"{""count"": 0, ""percent"": 0.0}","{""count"": 0, ""percent"": 0.0}",MATCH_REPRODUCED,"[{""path"": ""coding/top1_reanalysis/data/top1_source_recoding.csv"", ""sha256"": ""71722afb2faff08f3e8ed7e647c3304a401aec46d723f7490f8e2a558f077efa""}]","[""coding/top1_reanalysis/RECODING_PROTOCOL.md""]","[""coding/top1_reanalysis/code/reproduce_top1.py""]",python audit/rule_compliance/code/reproduce_revision17.py --out reproduced,source_linked_top1,"System=Claude Opus 4; category=Limited conflict; all30/system or120 total, withheld retained","[{""scope"": ""results"", ""file"": ""top1/table_b1_counts.csv"", ""selector"": {""System"": ""Claude Opus 4""}, ""csv_rows"": [4], ""field"": ""Limited conflict"", ""op"": ""field""}, {""scope"": ""results"", ""file"": ""top1/table_b1_counts.csv"", ""selector"": {""System"": ""Claude Opus 4""}, ""csv_rows"": [4], ""field"": ""Limited conflict"", ""op"": ""field""}, {""scope"": ""results"", ""file"": ""top1/table_b1_counts.csv"", ""selector"": {""System"": ""Claude Opus 4""}, ""csv_rows"": [4], ""field"": ""Denominator"", ""op"": ""field""}]",Aggregate reproduction of retained source-linked Top-1 coding; no fresh PDF semantic recoding.,
B1_r4_c7,table11/r4/c7,B1 Claude Opus 4 Withheld,"{""count"": 3, ""percent"": 10.0}","{""count"": 3, ""percent"": 10.0}",MATCH_REPRODUCED,"[{""path"": ""coding/top1_reanalysis/data/top1_source_recoding.csv"", ""sha256"": ""71722afb2faff08f3e8ed7e647c3304a401aec46d723f7490f8e2a558f077efa""}]","[""coding/top1_reanalysis/RECODING_PROTOCOL.md""]","[""coding/top1_reanalysis/code/reproduce_top1.py""]",python audit/rule_compliance/code/reproduce_revision17.py --out reproduced,source_linked_top1,"System=Claude Opus 4; category=Withheld; all30/system or120 total, withheld retained","[{""scope"": ""results"", ""file"": ""top1/table_b1_counts.csv"", ""selector"": {""System"": ""Claude Opus 4""}, ""csv_rows"": [4], ""field"": ""Withheld"", ""op"": ""field""}, {""scope"": ""results"", ""file"": ""top1/table_b1_counts.csv"", ""selector"": {""System"": ""Claude Opus 4""}, ""csv_rows"": [4], ""field"": ""Withheld"", ""op"": ""field""}, {""scope"": ""results"", ""file"": ""top1/table_b1_counts.csv"", ""selector"": {""System"": ""Claude Opus 4""}, ""csv_rows"": [4], ""field"": ""Denominator"", ""op"": ""field""}]",Aggregate reproduction of retained source-linked Top-1 coding; no fresh PDF semantic recoding.,
B1_r5_c2,table11/r5/c2,B1 Perplexity Pro Protracted stalemate,"{""count"": 14, ""percent"": 46.7}","{""count"": 14, ""percent"": 46.7}",MATCH_REPRODUCED,"[{""path"": ""coding/top1_reanalysis/data/top1_source_recoding.csv"", ""sha256"": ""71722afb2faff08f3e8ed7e647c3304a401aec46d723f7490f8e2a558f077efa""}]","[""coding/top1_reanalysis/RECODING_PROTOCOL.md""]","[""coding/top1_reanalysis/code/reproduce_top1.py""]",python audit/rule_compliance/code/reproduce_revision17.py --out reproduced,source_linked_top1,"System=Perplexity Pro; category=Protracted stalemate; all30/system or120 total, withheld retained","[{""scope"": ""results"", ""file"": ""top1/table_b1_counts.csv"", ""selector"": {""System"": ""Perplexity Pro""}, ""csv_rows"": [5], ""field"": ""Protracted stalemate"", ""op"": ""field""}, {""scope"": ""results"", ""file"": ""top1/table_b1_counts.csv"", ""selector"": {""System"": ""Perplexity Pro""}, ""csv_rows"": [5], ""field"": ""Protracted stalemate"", ""op"": ""field""}, {""scope"": ""results"", ""file"": ""top1/table_b1_counts.csv"", ""selector"": {""System"": ""Perplexity Pro""}, ""csv_rows"": [5], ""field"": ""Denominator"", ""op"": ""field""}]",Aggregate reproduction of retained source-linked Top-1 coding; no fresh PDF semantic recoding.,
B1_r5_c3,table11/r5/c3,B1 Perplexity Pro Internal collapse,"{""count"": 0, ""percent"": 0.0}","{""count"": 0, ""percent"": 0.0}",MATCH_REPRODUCED,"[{""path"": ""coding/top1_reanalysis/data/top1_source_recoding.csv"", ""sha256"": ""71722afb2faff08f3e8ed7e647c3304a401aec46d723f7490f8e2a558f077efa""}]","[""coding/top1_reanalysis/RECODING_PROTOCOL.md""]","[""coding/top1_reanalysis/code/reproduce_top1.py""]",python audit/rule_compliance/code/reproduce_revision17.py --out reproduced,source_linked_top1,"System=Perplexity Pro; category=Internal collapse; all30/system or120 total, withheld retained","[{""scope"": ""results"", ""file"": ""top1/table_b1_counts.csv"", ""selector"": {""System"": ""Perplexity Pro""}, ""csv_rows"": [5], ""field"": ""Internal collapse"", ""op"": ""field""}, {""scope"": ""results"", ""file"": ""top1/table_b1_counts.csv"", ""selector"": {""System"": ""Perplexity Pro""}, ""csv_rows"": [5], ""field"": ""Internal collapse"", ""op"": ""field""}, {""scope"": ""results"", ""file"": ""top1/table_b1_counts.csv"", ""selector"": {""System"": ""Perplexity Pro""}, ""csv_rows"": [5], ""field"": ""Denominator"", ""op"": ""field""}]",Aggregate reproduction of retained source-linked Top-1 coding; no fresh PDF semantic recoding.,
B1_r5_c4,table11/r5/c4,B1 Perplexity Pro Diplomatic resolution,"{""count"": 6, ""percent"": 20.0}","{""count"": 6, ""percent"": 20.0}",MATCH_REPRODUCED,"[{""path"": ""coding/top1_reanalysis/data/top1_source_recoding.csv"", ""sha256"": ""71722afb2faff08f3e8ed7e647c3304a401aec46d723f7490f8e2a558f077efa""}]","[""coding/top1_reanalysis/RECODING_PROTOCOL.md""]","[""coding/top1_reanalysis/code/reproduce_top1.py""]",python audit/rule_compliance/code/reproduce_revision17.py --out reproduced,source_linked_top1,"System=Perplexity Pro; category=Diplomatic resolution; all30/system or120 total, withheld retained","[{""scope"": ""results"", ""file"": ""top1/table_b1_counts.csv"", ""selector"": {""System"": ""Perplexity Pro""}, ""csv_rows"": [5], ""field"": ""Diplomatic resolution"", ""op"": ""field""}, {""scope"": ""results"", ""file"": ""top1/table_b1_counts.csv"", ""selector"": {""System"": ""Perplexity Pro""}, ""csv_rows"": [5], ""field"": ""Diplomatic resolution"", ""op"": ""field""}, {""scope"": ""results"", ""file"": ""top1/table_b1_counts.csv"", ""selector"": {""System"": ""Perplexity Pro""}, ""csv_rows"": [5], ""field"": ""Denominator"", ""op"": ""field""}]",Aggregate reproduction of retained source-linked Top-1 coding; no fresh PDF semantic recoding.,
B1_r5_c5,table11/r5/c5,B1 Perplexity Pro Full-scale war,"{""count"": 2, ""percent"": 6.7}","{""count"": 2, ""percent"": 6.7}",MATCH_REPRODUCED,"[{""path"": ""coding/top1_reanalysis/data/top1_source_recoding.csv"", ""sha256"": ""71722afb2faff08f3e8ed7e647c3304a401aec46d723f7490f8e2a558f077efa""}]","[""coding/top1_reanalysis/RECODING_PROTOCOL.md""]","[""coding/top1_reanalysis/code/reproduce_top1.py""]",python audit/rule_compliance/code/reproduce_revision17.py --out reproduced,source_linked_top1,"System=Perplexity Pro; category=Full-scale war; all30/system or120 total, withheld retained","[{""scope"": ""results"", ""file"": ""top1/table_b1_counts.csv"", ""selector"": {""System"": ""Perplexity Pro""}, ""csv_rows"": [5], ""field"": ""Full-scale war"", ""op"": ""field""}, {""scope"": ""results"", ""file"": ""top1/table_b1_counts.csv"", ""selector"": {""System"": ""Perplexity Pro""}, ""csv_rows"": [5], ""field"": ""Full-scale war"", ""op"": ""field""}, {""scope"": ""results"", ""file"": ""top1/table_b1_counts.csv"", ""selector"": {""System"": ""Perplexity Pro""}, ""csv_rows"": [5], ""field"": ""Denominator"", ""op"": ""field""}]",Aggregate reproduction of retained source-linked Top-1 coding; no fresh PDF semantic recoding.,
B1_r5_c6,table11/r5/c6,B1 Perplexity Pro Limited conflict,"{""count"": 0, ""percent"": 0.0}","{""count"": 0, ""percent"": 0.0}",MATCH_REPRODUCED,"[{""path"": ""coding/top1_reanalysis/data/top1_source_recoding.csv"", ""sha256"": ""71722afb2faff08f3e8ed7e647c3304a401aec46d723f7490f8e2a558f077efa""}]","[""coding/top1_reanalysis/RECODING_PROTOCOL.md""]","[""coding/top1_reanalysis/code/reproduce_top1.py""]",python audit/rule_compliance/code/reproduce_revision17.py --out reproduced,source_linked_top1,"System=Perplexity Pro; category=Limited conflict; all30/system or120 total, withheld retained","[{""scope"": ""results"", ""file"": ""top1/table_b1_counts.csv"", ""selector"": {""System"": ""Perplexity Pro""}, ""csv_rows"": [5], ""field"": ""Limited conflict"", ""op"": ""field""}, {""scope"": ""results"", ""file"": ""top1/table_b1_counts.csv"", ""selector"": {""System"": ""Perplexity Pro""}, ""csv_rows"": [5], ""field"": ""Limited conflict"", ""op"": ""field""}, {""scope"": ""results"", ""file"": ""top1/table_b1_counts.csv"", ""selector"": {""System"": ""Perplexity Pro""}, ""csv_rows"": [5], ""field"": ""Denominator"", ""op"": ""field""}]",Aggregate reproduction of retained source-linked Top-1 coding; no fresh PDF semantic recoding.,
B1_r5_c7,table11/r5/c7,B1 Perplexity Pro Withheld,"{""count"": 8, ""percent"": 26.7}","{""count"": 8, ""percent"": 26.7}",MATCH_REPRODUCED,"[{""path"": ""coding/top1_reanalysis/data/top1_source_recoding.csv"", ""sha256"": ""71722afb2faff08f3e8ed7e647c3304a401aec46d723f7490f8e2a558f077efa""}]","[""coding/top1_reanalysis/RECODING_PROTOCOL.md""]","[""coding/top1_reanalysis/code/reproduce_top1.py""]",python audit/rule_compliance/code/reproduce_revision17.py --out reproduced,source_linked_top1,"System=Perplexity Pro; category=Withheld; all30/system or120 total, withheld retained","[{""scope"": ""results"", ""file"": ""top1/table_b1_counts.csv"", ""selector"": {""System"": ""Perplexity Pro""}, ""csv_rows"": [5], ""field"": ""Withheld"", ""op"": ""field""}, {""scope"": ""results"", ""file"": ""top1/table_b1_counts.csv"", ""selector"": {""System"": ""Perplexity Pro""}, ""csv_rows"": [5], ""field"": ""Withheld"", ""op"": ""field""}, {""scope"": ""results"", ""file"": ""top1/table_b1_counts.csv"", ""selector"": {""System"": ""Perplexity Pro""}, ""csv_rows"": [5], ""field"": ""Denominator"", ""op"": ""field""}]",Aggregate reproduction of retained source-linked Top-1 coding; no fresh PDF semantic recoding.,
B1_r6_c2,table11/r6/c2,B1 Total Protracted stalemate,"{""count"": 61, ""percent"": 50.8}","{""count"": 61, ""percent"": 50.8}",MATCH_REPRODUCED,"[{""path"": ""coding/top1_reanalysis/data/top1_source_recoding.csv"", ""sha256"": ""71722afb2faff08f3e8ed7e647c3304a401aec46d723f7490f8e2a558f077efa""}]","[""coding/top1_reanalysis/RECODING_PROTOCOL.md""]","[""coding/top1_reanalysis/code/reproduce_top1.py""]",python audit/rule_compliance/code/reproduce_revision17.py --out reproduced,source_linked_top1,"System=Total; category=Protracted stalemate; all30/system or120 total, withheld retained","[{""scope"": ""results"", ""file"": ""top1/table_b1_counts.csv"", ""selector"": {""System"": ""Total""}, ""csv_rows"": [6], ""field"": ""Protracted stalemate"", ""op"": ""field""}, {""scope"": ""results"", ""file"": ""top1/table_b1_counts.csv"", ""selector"": {""System"": ""Total""}, ""csv_rows"": [6], ""field"": ""Protracted stalemate"", ""op"": ""field""}, {""scope"": ""results"", ""file"": ""top1/table_b1_counts.csv"", ""selector"": {""System"": ""Total""}, ""csv_rows"": [6], ""field"": ""Denominator"", ""op"": ""field""}]",Aggregate reproduction of retained source-linked Top-1 coding; no fresh PDF semantic recoding.,
B1_r6_c3,table11/r6/c3,B1 Total Internal collapse,"{""count"": 0, ""percent"": 0.0}","{""count"": 0, ""percent"": 0.0}",MATCH_REPRODUCED,"[{""path"": ""coding/top1_reanalysis/data/top1_source_recoding.csv"", ""sha256"": ""71722afb2faff08f3e8ed7e647c3304a401aec46d723f7490f8e2a558f077efa""}]","[""coding/top1_reanalysis/RECODING_PROTOCOL.md""]","[""coding/top1_reanalysis/code/reproduce_top1.py""]",python audit/rule_compliance/code/reproduce_revision17.py --out reproduced,source_linked_top1,"System=Total; category=Internal collapse; all30/system or120 total, withheld retained","[{""scope"": ""results"", ""file"": ""top1/table_b1_counts.csv"", ""selector"": {""System"": ""Total""}, ""csv_rows"": [6], ""field"": ""Internal collapse"", ""op"": ""field""}, {""scope"": ""results"", ""file"": ""top1/table_b1_counts.csv"", ""selector"": {""System"": ""Total""}, ""csv_rows"": [6], ""field"": ""Internal collapse"", ""op"": ""field""}, {""scope"": ""results"", ""file"": ""top1/table_b1_counts.csv"", ""selector"": {""System"": ""Total""}, ""csv_rows"": [6], ""field"": ""Denominator"", ""op"": ""field""}]",Aggregate reproduction of retained source-linked Top-1 coding; no fresh PDF semantic recoding.,
B1_r6_c4,table11/r6/c4,B1 Total Diplomatic resolution,"{""count"": 38, ""percent"": 31.7}","{""count"": 38, ""percent"": 31.7}",MATCH_REPRODUCED,"[{""path"": ""coding/top1_reanalysis/data/top1_source_recoding.csv"", ""sha256"": ""71722afb2faff08f3e8ed7e647c3304a401aec46d723f7490f8e2a558f077efa""}]","[""coding/top1_reanalysis/RECODING_PROTOCOL.md""]","[""coding/top1_reanalysis/code/reproduce_top1.py""]",python audit/rule_compliance/code/reproduce_revision17.py --out reproduced,source_linked_top1,"System=Total; category=Diplomatic resolution; all30/system or120 total, withheld retained","[{""scope"": ""results"", ""file"": ""top1/table_b1_counts.csv"", ""selector"": {""System"": ""Total""}, ""csv_rows"": [6], ""field"": ""Diplomatic resolution"", ""op"": ""field""}, {""scope"": ""results"", ""file"": ""top1/table_b1_counts.csv"", ""selector"": {""System"": ""Total""}, ""csv_rows"": [6], ""field"": ""Diplomatic resolution"", ""op"": ""field""}, {""scope"": ""results"", ""file"": ""top1/table_b1_counts.csv"", ""selector"": {""System"": ""Total""}, ""csv_rows"": [6], ""field"": ""Denominator"", ""op"": ""field""}]",Aggregate reproduction of retained source-linked Top-1 coding; no fresh PDF semantic recoding.,
B1_r6_c5,table11/r6/c5,B1 Total Full-scale war,"{""count"": 5, ""percent"": 4.2}","{""count"": 5, ""percent"": 4.2}",MATCH_REPRODUCED,"[{""path"": ""coding/top1_reanalysis/data/top1_source_recoding.csv"", ""sha256"": ""71722afb2faff08f3e8ed7e647c3304a401aec46d723f7490f8e2a558f077efa""}]","[""coding/top1_reanalysis/RECODING_PROTOCOL.md""]","[""coding/top1_reanalysis/code/reproduce_top1.py""]",python audit/rule_compliance/code/reproduce_revision17.py --out reproduced,source_linked_top1,"System=Total; category=Full-scale war; all30/system or120 total, withheld retained","[{""scope"": ""results"", ""file"": ""top1/table_b1_counts.csv"", ""selector"": {""System"": ""Total""}, ""csv_rows"": [6], ""field"": ""Full-scale war"", ""op"": ""field""}, {""scope"": ""results"", ""file"": ""top1/table_b1_counts.csv"", ""selector"": {""System"": ""Total""}, ""csv_rows"": [6], ""field"": ""Full-scale war"", ""op"": ""field""}, {""scope"": ""results"", ""file"": ""top1/table_b1_counts.csv"", ""selector"": {""System"": ""Total""}, ""csv_rows"": [6], ""field"": ""Denominator"", ""op"": ""field""}]",Aggregate reproduction of retained source-linked Top-1 coding; no fresh PDF semantic recoding.,
B1_r6_c6,table11/r6/c6,B1 Total Limited conflict,"{""count"": 0, ""percent"": 0.0}","{""count"": 0, ""percent"": 0.0}",MATCH_REPRODUCED,"[{""path"": ""coding/top1_reanalysis/data/top1_source_recoding.csv"", ""sha256"": ""71722afb2faff08f3e8ed7e647c3304a401aec46d723f7490f8e2a558f077efa""}]","[""coding/top1_reanalysis/RECODING_PROTOCOL.md""]","[""coding/top1_reanalysis/code/reproduce_top1.py""]",python audit/rule_compliance/code/reproduce_revision17.py --out reproduced,source_linked_top1,"System=Total; category=Limited conflict; all30/system or120 total, withheld retained","[{""scope"": ""results"", ""file"": ""top1/table_b1_counts.csv"", ""selector"": {""System"": ""Total""}, ""csv_rows"": [6], ""field"": ""Limited conflict"", ""op"": ""field""}, {""scope"": ""results"", ""file"": ""top1/table_b1_counts.csv"", ""selector"": {""System"": ""Total""}, ""csv_rows"": [6], ""field"": ""Limited conflict"", ""op"": ""field""}, {""scope"": ""results"", ""file"": ""top1/table_b1_counts.csv"", ""selector"": {""System"": ""Total""}, ""csv_rows"": [6], ""field"": ""Denominator"", ""op"": ""field""}]",Aggregate reproduction of retained source-linked Top-1 coding; no fresh PDF semantic recoding.,
B1_r6_c7,table11/r6/c7,B1 Total Withheld,"{""count"": 16, ""percent"": 13.3}","{""count"": 16, ""percent"": 13.3}",MATCH_REPRODUCED,"[{""path"": ""coding/top1_reanalysis/data/top1_source_recoding.csv"", ""sha256"": ""71722afb2faff08f3e8ed7e647c3304a401aec46d723f7490f8e2a558f077efa""}]","[""coding/top1_reanalysis/RECODING_PROTOCOL.md""]","[""coding/top1_reanalysis/code/reproduce_top1.py""]",python audit/rule_compliance/code/reproduce_revision17.py --out reproduced,source_linked_top1,"System=Total; category=Withheld; all30/system or120 total, withheld retained","[{""scope"": ""results"", ""file"": ""top1/table_b1_counts.csv"", ""selector"": {""System"": ""Total""}, ""csv_rows"": [6], ""field"": ""Withheld"", ""op"": ""field""}, {""scope"": ""results"", ""file"": ""top1/table_b1_counts.csv"", ""selector"": {""System"": ""Total""}, ""csv_rows"": [6], ""field"": ""Withheld"", ""op"": ""field""}, {""scope"": ""results"", ""file"": ""top1/table_b1_counts.csv"", ""selector"": {""System"": ""Total""}, ""csv_rows"": [6], ""field"": ""Denominator"", ""op"": ""field""}]",Aggregate reproduction of retained source-linked Top-1 coding; no fresh PDF semantic recoding.,
C1_r2_c3,table12/r2/c3,C1 Q1 mean,3.94,3.94,MATCH_REPRODUCED,"[{""path"": ""docs/survey_summary/data/survey_sufficient_statistics.csv"", ""sha256"": ""c517279e4acf280eb9ad189878d1d19e21d8172e30b7c34e8c7e99d9bfbb3deb""}]","[""docs/survey_summary/README.md""]","[""docs/survey_summary/code/reproduce_survey.py""]",python audit/rule_compliance/code/reproduce_revision17.py --out reproduced,earlier_expert_survey,Q1; item-wise exclusion of missing; mean=sum/n; sample SD ddof1; no imputation,"[{""scope"": ""results"", ""file"": ""survey/table_c1_reproduced.csv"", ""selector"": {""item"": ""Q1""}, ""csv_rows"": [2], ""field"": ""mean"", ""op"": ""field""}]",Recalculated from actual-response public sufficient statistics; private respondent source not publicly reproduced; administered Q3 wording unresolved.,
C1_r2_c4,table12/r2/c4,C1 Q1 sample_sd,0.56,0.56,MATCH_REPRODUCED,"[{""path"": ""docs/survey_summary/data/survey_sufficient_statistics.csv"", ""sha256"": ""c517279e4acf280eb9ad189878d1d19e21d8172e30b7c34e8c7e99d9bfbb3deb""}]","[""docs/survey_summary/README.md""]","[""docs/survey_summary/code/reproduce_survey.py""]",python audit/rule_compliance/code/reproduce_revision17.py --out reproduced,earlier_expert_survey,Q1; item-wise exclusion of missing; mean=sum/n; sample SD ddof1; no imputation,"[{""scope"": ""results"", ""file"": ""survey/table_c1_reproduced.csv"", ""selector"": {""item"": ""Q1""}, ""csv_rows"": [2], ""field"": ""sample_sd"", ""op"": ""field""}]",Recalculated from actual-response public sufficient statistics; private respondent source not publicly reproduced; administered Q3 wording unresolved.,
C1_r2_c5,table12/r2/c5,C1 Q1 valid_n,17,17,MATCH_REPRODUCED,"[{""path"": ""docs/survey_summary/data/survey_sufficient_statistics.csv"", ""sha256"": ""c517279e4acf280eb9ad189878d1d19e21d8172e30b7c34e8c7e99d9bfbb3deb""}]","[""docs/survey_summary/README.md""]","[""docs/survey_summary/code/reproduce_survey.py""]",python audit/rule_compliance/code/reproduce_revision17.py --out reproduced,earlier_expert_survey,Q1; item-wise exclusion of missing; mean=sum/n; sample SD ddof1; no imputation,"[{""scope"": ""results"", ""file"": ""survey/table_c1_reproduced.csv"", ""selector"": {""item"": ""Q1""}, ""csv_rows"": [2], ""field"": ""valid_n"", ""op"": ""field""}]",Recalculated from actual-response public sufficient statistics; private respondent source not publicly reproduced; administered Q3 wording unresolved.,
C1_r3_c3,table12/r3/c3,C1 Q2 mean,3.94,3.94,MATCH_REPRODUCED,"[{""path"": ""docs/survey_summary/data/survey_sufficient_statistics.csv"", ""sha256"": ""c517279e4acf280eb9ad189878d1d19e21d8172e30b7c34e8c7e99d9bfbb3deb""}]","[""docs/survey_summary/README.md""]","[""docs/survey_summary/code/reproduce_survey.py""]",python audit/rule_compliance/code/reproduce_revision17.py --out reproduced,earlier_expert_survey,Q2; item-wise exclusion of missing; mean=sum/n; sample SD ddof1; no imputation,"[{""scope"": ""results"", ""file"": ""survey/table_c1_reproduced.csv"", ""selector"": {""item"": ""Q2""}, ""csv_rows"": [3], ""field"": ""mean"", ""op"": ""field""}]",Recalculated from actual-response public sufficient statistics; private respondent source not publicly reproduced; administered Q3 wording unresolved.,
C1_r3_c4,table12/r3/c4,C1 Q2 sample_sd,0.66,0.66,MATCH_REPRODUCED,"[{""path"": ""docs/survey_summary/data/survey_sufficient_statistics.csv"", ""sha256"": ""c517279e4acf280eb9ad189878d1d19e21d8172e30b7c34e8c7e99d9bfbb3deb""}]","[""docs/survey_summary/README.md""]","[""docs/survey_summary/code/reproduce_survey.py""]",python audit/rule_compliance/code/reproduce_revision17.py --out reproduced,earlier_expert_survey,Q2; item-wise exclusion of missing; mean=sum/n; sample SD ddof1; no imputation,"[{""scope"": ""results"", ""file"": ""survey/table_c1_reproduced.csv"", ""selector"": {""item"": ""Q2""}, ""csv_rows"": [3], ""field"": ""sample_sd"", ""op"": ""field""}]",Recalculated from actual-response public sufficient statistics; private respondent source not publicly reproduced; administered Q3 wording unresolved.,
C1_r3_c5,table12/r3/c5,C1 Q2 valid_n,17,17,MATCH_REPRODUCED,"[{""path"": ""docs/survey_summary/data/survey_sufficient_statistics.csv"", ""sha256"": ""c517279e4acf280eb9ad189878d1d19e21d8172e30b7c34e8c7e99d9bfbb3deb""}]","[""docs/survey_summary/README.md""]","[""docs/survey_summary/code/reproduce_survey.py""]",python audit/rule_compliance/code/reproduce_revision17.py --out reproduced,earlier_expert_survey,Q2; item-wise exclusion of missing; mean=sum/n; sample SD ddof1; no imputation,"[{""scope"": ""results"", ""file"": ""survey/table_c1_reproduced.csv"", ""selector"": {""item"": ""Q2""}, ""csv_rows"": [3], ""field"": ""valid_n"", ""op"": ""field""}]",Recalculated from actual-response public sufficient statistics; private respondent source not publicly reproduced; administered Q3 wording unresolved.,
C1_r4_c3,table12/r4/c3,C1 Q3 mean,4.0,4.0,MATCH_REPRODUCED,"[{""path"": ""docs/survey_summary/data/survey_sufficient_statistics.csv"", ""sha256"": ""c517279e4acf280eb9ad189878d1d19e21d8172e30b7c34e8c7e99d9bfbb3deb""}]","[""docs/survey_summary/README.md""]","[""docs/survey_summary/code/reproduce_survey.py""]",python audit/rule_compliance/code/reproduce_revision17.py --out reproduced,earlier_expert_survey,Q3; item-wise exclusion of missing; mean=sum/n; sample SD ddof1; no imputation,"[{""scope"": ""results"", ""file"": ""survey/table_c1_reproduced.csv"", ""selector"": {""item"": ""Q3""}, ""csv_rows"": [4], ""field"": ""mean"", ""op"": ""field""}]",Recalculated from actual-response public sufficient statistics; private respondent source not publicly reproduced; administered Q3 wording unresolved.,
C1_r4_c4,table12/r4/c4,C1 Q3 sample_sd,0.59,0.59,MATCH_REPRODUCED,"[{""path"": ""docs/survey_summary/data/survey_sufficient_statistics.csv"", ""sha256"": ""c517279e4acf280eb9ad189878d1d19e21d8172e30b7c34e8c7e99d9bfbb3deb""}]","[""docs/survey_summary/README.md""]","[""docs/survey_summary/code/reproduce_survey.py""]",python audit/rule_compliance/code/reproduce_revision17.py --out reproduced,earlier_expert_survey,Q3; item-wise exclusion of missing; mean=sum/n; sample SD ddof1; no imputation,"[{""scope"": ""results"", ""file"": ""survey/table_c1_reproduced.csv"", ""selector"": {""item"": ""Q3""}, ""csv_rows"": [4], ""field"": ""sample_sd"", ""op"": ""field""}]",Recalculated from actual-response public sufficient statistics; private respondent source not publicly reproduced; administered Q3 wording unresolved.,
C1_r4_c5,table12/r4/c5,C1 Q3 valid_n,18,18,MATCH_REPRODUCED,"[{""path"": ""docs/survey_summary/data/survey_sufficient_statistics.csv"", ""sha256"": ""c517279e4acf280eb9ad189878d1d19e21d8172e30b7c34e8c7e99d9bfbb3deb""}]","[""docs/survey_summary/README.md""]","[""docs/survey_summary/code/reproduce_survey.py""]",python audit/rule_compliance/code/reproduce_revision17.py --out reproduced,earlier_expert_survey,Q3; item-wise exclusion of missing; mean=sum/n; sample SD ddof1; no imputation,"[{""scope"": ""results"", ""file"": ""survey/table_c1_reproduced.csv"", ""selector"": {""item"": ""Q3""}, ""csv_rows"": [4], ""field"": ""valid_n"", ""op"": ""field""}]",Recalculated from actual-response public sufficient statistics; private respondent source not publicly reproduced; administered Q3 wording unresolved.,
C1_r5_c3,table12/r5/c3,C1 Q4 mean,3.94,3.94,MATCH_REPRODUCED,"[{""path"": ""docs/survey_summary/data/survey_sufficient_statistics.csv"", ""sha256"": ""c517279e4acf280eb9ad189878d1d19e21d8172e30b7c34e8c7e99d9bfbb3deb""}]","[""docs/survey_summary/README.md""]","[""docs/survey_summary/code/reproduce_survey.py""]",python audit/rule_compliance/code/reproduce_revision17.py --out reproduced,earlier_expert_survey,Q4; item-wise exclusion of missing; mean=sum/n; sample SD ddof1; no imputation,"[{""scope"": ""results"", ""file"": ""survey/table_c1_reproduced.csv"", ""selector"": {""item"": ""Q4""}, ""csv_rows"": [5], ""field"": ""mean"", ""op"": ""field""}]",Recalculated from actual-response public sufficient statistics; private respondent source not publicly reproduced; administered Q3 wording unresolved.,
C1_r5_c4,table12/r5/c4,C1 Q4 sample_sd,0.75,0.75,MATCH_REPRODUCED,"[{""path"": ""docs/survey_summary/data/survey_sufficient_statistics.csv"", ""sha256"": ""c517279e4acf280eb9ad189878d1d19e21d8172e30b7c34e8c7e99d9bfbb3deb""}]","[""docs/survey_summary/README.md""]","[""docs/survey_summary/code/reproduce_survey.py""]",python audit/rule_compliance/code/reproduce_revision17.py --out reproduced,earlier_expert_survey,Q4; item-wise exclusion of missing; mean=sum/n; sample SD ddof1; no imputation,"[{""scope"": ""results"", ""file"": ""survey/table_c1_reproduced.csv"", ""selector"": {""item"": ""Q4""}, ""csv_rows"": [5], ""field"": ""sample_sd"", ""op"": ""field""}]",Recalculated from actual-response public sufficient statistics; private respondent source not publicly reproduced; administered Q3 wording unresolved.,
C1_r5_c5,table12/r5/c5,C1 Q4 valid_n,17,17,MATCH_REPRODUCED,"[{""path"": ""docs/survey_summary/data/survey_sufficient_statistics.csv"", ""sha256"": ""c517279e4acf280eb9ad189878d1d19e21d8172e30b7c34e8c7e99d9bfbb3deb""}]","[""docs/survey_summary/README.md""]","[""docs/survey_summary/code/reproduce_survey.py""]",python audit/rule_compliance/code/reproduce_revision17.py --out reproduced,earlier_expert_survey,Q4; item-wise exclusion of missing; mean=sum/n; sample SD ddof1; no imputation,"[{""scope"": ""results"", ""file"": ""survey/table_c1_reproduced.csv"", ""selector"": {""item"": ""Q4""}, ""csv_rows"": [5], ""field"": ""valid_n"", ""op"": ""field""}]",Recalculated from actual-response public sufficient statistics; private respondent source not publicly reproduced; administered Q3 wording unresolved.,
C1_r6_c3,table12/r6/c3,C1 Q5 mean,4.11,4.11,MATCH_REPRODUCED,"[{""path"": ""docs/survey_summary/data/survey_sufficient_statistics.csv"", ""sha256"": ""c517279e4acf280eb9ad189878d1d19e21d8172e30b7c34e8c7e99d9bfbb3deb""}]","[""docs/survey_summary/README.md""]","[""docs/survey_summary/code/reproduce_survey.py""]",python audit/rule_compliance/code/reproduce_revision17.py --out reproduced,earlier_expert_survey,Q5; item-wise exclusion of missing; mean=sum/n; sample SD ddof1; no imputation,"[{""scope"": ""results"", ""file"": ""survey/table_c1_reproduced.csv"", ""selector"": {""item"": ""Q5""}, ""csv_rows"": [6], ""field"": ""mean"", ""op"": ""field""}]",Recalculated from actual-response public sufficient statistics; private respondent source not publicly reproduced; administered Q3 wording unresolved.,
C1_r6_c4,table12/r6/c4,C1 Q5 sample_sd,0.58,0.58,MATCH_REPRODUCED,"[{""path"": ""docs/survey_summary/data/survey_sufficient_statistics.csv"", ""sha256"": ""c517279e4acf280eb9ad189878d1d19e21d8172e30b7c34e8c7e99d9bfbb3deb""}]","[""docs/survey_summary/README.md""]","[""docs/survey_summary/code/reproduce_survey.py""]",python audit/rule_compliance/code/reproduce_revision17.py --out reproduced,earlier_expert_survey,Q5; item-wise exclusion of missing; mean=sum/n; sample SD ddof1; no imputation,"[{""scope"": ""results"", ""file"": ""survey/table_c1_reproduced.csv"", ""selector"": {""item"": ""Q5""}, ""csv_rows"": [6], ""field"": ""sample_sd"", ""op"": ""field""}]",Recalculated from actual-response public sufficient statistics; private respondent source not publicly reproduced; administered Q3 wording unresolved.,
C1_r6_c5,table12/r6/c5,C1 Q5 valid_n,18,18,MATCH_REPRODUCED,"[{""path"": ""docs/survey_summary/data/survey_sufficient_statistics.csv"", ""sha256"": ""c517279e4acf280eb9ad189878d1d19e21d8172e30b7c34e8c7e99d9bfbb3deb""}]","[""docs/survey_summary/README.md""]","[""docs/survey_summary/code/reproduce_survey.py""]",python audit/rule_compliance/code/reproduce_revision17.py --out reproduced,earlier_expert_survey,Q5; item-wise exclusion of missing; mean=sum/n; sample SD ddof1; no imputation,"[{""scope"": ""results"", ""file"": ""survey/table_c1_reproduced.csv"", ""selector"": {""item"": ""Q5""}, ""csv_rows"": [6], ""field"": ""valid_n"", ""op"": ""field""}]",Recalculated from actual-response public sufficient statistics; private respondent source not publicly reproduced; administered Q3 wording unresolved.,
C1_r7_c3,table12/r7/c3,C1 Q6 mean,3.83,3.83,MATCH_REPRODUCED,"[{""path"": ""docs/survey_summary/data/survey_sufficient_statistics.csv"", ""sha256"": ""c517279e4acf280eb9ad189878d1d19e21d8172e30b7c34e8c7e99d9bfbb3deb""}]","[""docs/survey_summary/README.md""]","[""docs/survey_summary/code/reproduce_survey.py""]",python audit/rule_compliance/code/reproduce_revision17.py --out reproduced,earlier_expert_survey,Q6; item-wise exclusion of missing; mean=sum/n; sample SD ddof1; no imputation,"[{""scope"": ""results"", ""file"": ""survey/table_c1_reproduced.csv"", ""selector"": {""item"": ""Q6""}, ""csv_rows"": [7], ""field"": ""mean"", ""op"": ""field""}]",Recalculated from actual-response public sufficient statistics; private respondent source not publicly reproduced; administered Q3 wording unresolved.,
C1_r7_c4,table12/r7/c4,C1 Q6 sample_sd,0.62,0.62,MATCH_REPRODUCED,"[{""path"": ""docs/survey_summary/data/survey_sufficient_statistics.csv"", ""sha256"": ""c517279e4acf280eb9ad189878d1d19e21d8172e30b7c34e8c7e99d9bfbb3deb""}]","[""docs/survey_summary/README.md""]","[""docs/survey_summary/code/reproduce_survey.py""]",python audit/rule_compliance/code/reproduce_revision17.py --out reproduced,earlier_expert_survey,Q6; item-wise exclusion of missing; mean=sum/n; sample SD ddof1; no imputation,"[{""scope"": ""results"", ""file"": ""survey/table_c1_reproduced.csv"", ""selector"": {""item"": ""Q6""}, ""csv_rows"": [7], ""field"": ""sample_sd"", ""op"": ""field""}]",Recalculated from actual-response public sufficient statistics; private respondent source not publicly reproduced; administered Q3 wording unresolved.,
C1_r7_c5,table12/r7/c5,C1 Q6 valid_n,18,18,MATCH_REPRODUCED,"[{""path"": ""docs/survey_summary/data/survey_sufficient_statistics.csv"", ""sha256"": ""c517279e4acf280eb9ad189878d1d19e21d8172e30b7c34e8c7e99d9bfbb3deb""}]","[""docs/survey_summary/README.md""]","[""docs/survey_summary/code/reproduce_survey.py""]",python audit/rule_compliance/code/reproduce_revision17.py --out reproduced,earlier_expert_survey,Q6; item-wise exclusion of missing; mean=sum/n; sample SD ddof1; no imputation,"[{""scope"": ""results"", ""file"": ""survey/table_c1_reproduced.csv"", ""selector"": {""item"": ""Q6""}, ""csv_rows"": [7], ""field"": ""valid_n"", ""op"": ""field""}]",Recalculated from actual-response public sufficient statistics; private respondent source not publicly reproduced; administered Q3 wording unresolved.,
P_p0006,p0006,p0006 numeric claim,"{""executions"": 120}","{""executions"": 120}",MATCH_REPRODUCED,"[{""path"": ""audit/rule_compliance/source_assets.csv"", ""sha256"": ""36eee80d3ce950afff8cc8a824ad83dce5083cf870b1bc3f74c28c41c5f8bf4a""}]","[""audit/rule_compliance/protocol/analysis_spec.json"", ""audit/rule_compliance/protocol/CRITERIA_CONTEXT_V1.md""]","[""audit/rule_compliance/code/reproduce.py"", ""audit/rule_compliance/code/recheck_criteria.py"", ""audit/rule_compliance/code/reproduce_revision17.py""]",python audit/rule_compliance/code/reproduce_revision17.py --out reproduced,archive,Explicitly named result rows and prespecified algebra; repeated prose targets are not new observations,"[{""scope"": ""repo"", ""file"": ""audit/rule_compliance/source_assets.csv"", ""selector"": {}, ""csv_rows"": [2, 3, 4, 5, 6, 7, 8, 9, 10, 11, 12, 13, 14, 15, 16, 17, 18, 19, 20, 21, 22, 23, 24, 25, 26, 27, 28, 29, 30, 31, 32, 33, 34, 35, 36, 37, 38, 39, 40, 41, 42, 43, 44, 45, 46, 47, 48, 49, 50, 51, 52, 53, 54, 55, 56, 57, 58, 59, 60, 61, 62, 63, 64, 65, 66, 67, 68, 69, 70, 71, 72, 73, 74, 75, 76, 77, 78, 79, 80, 81, 82, 83, 84, 85, 86, 87, 88, 89, 90, 91, 92, 93, 94, 95, 96, 97, 98, 99, 100, 101, 102, 103, 104, 105, 106, 107, 108, 109, 110, 111, 112, 113, 114, 115, 116, 117, 118, 119, 120, 121], ""field"": ""run_id"", ""op"": ""distinct_count""}]",Reaggregation of retained AI labels and documented amendments; no new semantic validation.,
P_p0046,p0046,p0046 numeric claim,"{""executions"": 120, ""per_system"": 30, ""systems"": 4}","{""executions"": 120, ""per_system"": 30, ""systems"": 4}",MATCH_REPRODUCED,"[{""path"": ""audit/rule_compliance/source_assets.csv"", ""sha256"": ""36eee80d3ce950afff8cc8a824ad83dce5083cf870b1bc3f74c28c41c5f8bf4a""}, {""path"": ""coding/top1_reanalysis/data/top1_source_recoding.csv"", ""sha256"": ""71722afb2faff08f3e8ed7e647c3304a401aec46d723f7490f8e2a558f077efa""}]","[""audit/rule_compliance/protocol/analysis_spec.json"", ""audit/rule_compliance/protocol/CRITERIA_CONTEXT_V1.md""]","[""audit/rule_compliance/code/reproduce.py"", ""audit/rule_compliance/code/recheck_criteria.py"", ""audit/rule_compliance/code/reproduce_revision17.py""]",python audit/rule_compliance/code/reproduce_revision17.py --out reproduced,archive,Explicitly named result rows and prespecified algebra; repeated prose targets are not new observations,"[{""scope"": ""repo"", ""file"": ""audit/rule_compliance/source_assets.csv"", ""selector"": {}, ""csv_rows"": [2, 3, 4, 5, 6, 7, 8, 9, 10, 11, 12, 13, 14, 15, 16, 17, 18, 19, 20, 21, 22, 23, 24, 25, 26, 27, 28, 29, 30, 31, 32, 33, 34, 35, 36, 37, 38, 39, 40, 41, 42, 43, 44, 45, 46, 47, 48, 49, 50, 51, 52, 53, 54, 55, 56, 57, 58, 59, 60, 61, 62, 63, 64, 65, 66, 67, 68, 69, 70, 71, 72, 73, 74, 75, 76, 77, 78, 79, 80, 81, 82, 83, 84, 85, 86, 87, 88, 89, 90, 91, 92, 93, 94, 95, 96, 97, 98, 99, 100, 101, 102, 103, 104, 105, 106, 107, 108, 109, 110, 111, 112, 113, 114, 115, 116, 117, 118, 119, 120, 121], ""field"": ""run_id"", ""op"": ""distinct_count""}, {""scope"": ""results"", ""file"": ""top1/table_b1_counts.csv"", ""selector"": {""System"": ""GPT-4o""}, ""csv_rows"": [2], ""field"": ""Denominator"", ""op"": ""field""}, {""scope"": ""results"", ""file"": ""top1/table_b1_counts.csv"", ""selector"": {}, ""csv_rows"": [2, 3, 4, 5, 6], ""field"": null, ""op"": ""count""}]",Recorded system/execution inventory only; not authentication of exact underlying providers/models,
P_p0052,p0052,p0052 numeric claim,"{""executions"": 120}","{""executions"": 120}",MATCH_REPRODUCED,"[{""path"": ""audit/rule_compliance/source_assets.csv"", ""sha256"": ""36eee80d3ce950afff8cc8a824ad83dce5083cf870b1bc3f74c28c41c5f8bf4a""}]","[""audit/rule_compliance/protocol/analysis_spec.json"", ""audit/rule_compliance/protocol/CRITERIA_CONTEXT_V1.md""]","[""audit/rule_compliance/code/reproduce.py"", ""audit/rule_compliance/code/recheck_criteria.py"", ""audit/rule_compliance/code/reproduce_revision17.py""]",python audit/rule_compliance/code/reproduce_revision17.py --out reproduced,source_context,Explicitly named result rows and prespecified algebra; repeated prose targets are not new observations,"[{""scope"": ""repo"", ""file"": ""audit/rule_compliance/source_assets.csv"", ""selector"": {}, ""csv_rows"": [2, 3, 4, 5, 6, 7, 8, 9, 10, 11, 12, 13, 14, 15, 16, 17, 18, 19, 20, 21, 22, 23, 24, 25, 26, 27, 28, 29, 30, 31, 32, 33, 34, 35, 36, 37, 38, 39, 40, 41, 42, 43, 44, 45, 46, 47, 48, 49, 50, 51, 52, 53, 54, 55, 56, 57, 58, 59, 60, 61, 62, 63, 64, 65, 66, 67, 68, 69, 70, 71, 72, 73, 74, 75, 76, 77, 78, 79, 80, 81, 82, 83, 84, 85, 86, 87, 88, 89, 90, 91, 92, 93, 94, 95, 96, 97, 98, 99, 100, 101, 102, 103, 104, 105, 106, 107, 108, 109, 110, 111, 112, 113, 114, 115, 116, 117, 118, 119, 120, 121], ""field"": ""run_id"", ""op"": ""distinct_count""}]",Reaggregation of retained AI labels and documented amendments; no new semantic validation.,
P_p0053,p0053,p0053 numeric claim,"{""earlier_survey_n"": 18, ""scenario_set_n"": 3, ""items"": 6, ""min_mean"": 3.83, ""max_mean"": 4.11, ""scale"": 5}","{""earlier_survey_n"": 18, ""scenario_set_n"": 3, ""items"": 6, ""min_mean"": 3.83, ""max_mean"": 4.11, ""scale"": 5}",MATCH_REPRODUCED,"[{""path"": ""docs/survey_summary/data/survey_sufficient_statistics.csv"", ""sha256"": ""c517279e4acf280eb9ad189878d1d19e21d8172e30b7c34e8c7e99d9bfbb3deb""}, {""path"": ""docs/survey_summary/data/survey_context.json"", ""sha256"": ""6dedade8b217289a977b88c0bdff0c51e423dfd8fad1a16a552cd7022b03cba9""}]","[""docs/survey_summary/README.md""]","[""docs/survey_summary/code/reproduce_survey.py""]",python audit/rule_compliance/code/reproduce_revision17.py --out reproduced,earlier_expert_survey,Explicitly named result rows and prespecified algebra; repeated prose targets are not new observations,"[{""scope"": ""repo"", ""file"": ""docs/survey_summary/data/survey_context.json"", ""json_path"": [""participants""]}, {""scope"": ""repo"", ""file"": ""docs/survey_summary/data/survey_context.json"", ""json_path"": [""selected_scenarios""]}, {""scope"": ""repo"", ""file"": ""docs/survey_summary/data/survey_context.json"", ""json_path"": [""rating_items""]}, {""scope"": ""results"", ""file"": ""survey/table_c1_reproduced.csv"", ""selector"": {""item"": ""Q1""}, ""csv_rows"": [2], ""field"": ""mean"", ""op"": ""field""}, {""scope"": ""results"", ""file"": ""survey/table_c1_reproduced.csv"", ""selector"": {""item"": ""Q2""}, ""csv_rows"": [3], ""field"": ""mean"", ""op"": ""field""}, {""scope"": ""results"", ""file"": ""survey/table_c1_reproduced.csv"", ""selector"": {""item"": ""Q3""}, ""csv_rows"": [4], ""field"": ""mean"", ""op"": ""field""}, {""scope"": ""results"", ""file"": ""survey/table_c1_reproduced.csv"", ""selector"": {""item"": ""Q4""}, ""csv_rows"": [5], ""field"": ""mean"", ""op"": ""field""}, {""scope"": ""results"", ""file"": ""survey/table_c1_reproduced.csv"", ""selector"": {""item"": ""Q5""}, ""csv_rows"": [6], ""field"": ""mean"", ""op"": ""field""}, {""scope"": ""results"", ""file"": ""survey/table_c1_reproduced.csv"", ""selector"": {""item"": ""Q6""}, ""csv_rows"": [7], ""field"": ""mean"", ""op"": ""field""}, {""scope"": ""results"", ""file"": ""survey/table_c1_reproduced.csv"", ""selector"": {""item"": ""Q1""}, ""csv_rows"": [2], ""field"": ""mean"", ""op"": ""field""}, {""scope"": ""results"", ""file"": ""survey/table_c1_reproduced.csv"", ""selector"": {""item"": ""Q2""}, ""csv_rows"": [3], ""field"": ""mean"", ""op"": ""field""}, {""scope"": ""results"", ""file"": ""survey/table_c1_reproduced.csv"", ""selector"": {""item"": ""Q3""}, ""csv_rows"": [4], ""field"": ""mean"", ""op"": ""field""}, {""scope"": ""results"", ""file"": ""survey/table_c1_reproduced.csv"", ""selector"": {""item"": ""Q4""}, ""csv_rows"": [5], ""field"": ""mean"", ""op"": ""field""}, {""scope"": ""results"", ""file"": ""survey/table_c1_reproduced.csv"", ""selector"": {""item"": ""Q5""}, ""csv_rows"": [6], ""field"": ""mean"", ""op"": ""field""}, {""scope"": ""results"", ""file"": ""survey/table_c1_reproduced.csv"", ""selector"": {""item"": ""Q6""}, ""csv_rows"": [7], ""field"": ""mean"", ""op"": ""field""}, {""scope"": ""repo"", ""file"": ""docs/survey_summary/data/survey_context.json"", ""json_path"": [""rating_scale_max""]}]",Public aggregate calculation plus documented survey context; underlying private participant source is outside public replay,
P_p0068,p0068,p0068 numeric claim,"{""screened_US_windows"": 120, ""context_cases"": 19, ""continuation_cases"": 3, ""retrieved_PDFs"": 6, ""clear_amendments"": 6, ""boundary_cases"": 8}",,NOT_REPRODUCED,"[{""path"": ""audit/rule_compliance/data/adjudication/initial_screen_coverage.csv"", ""sha256"": ""f048911af649f3003f1b559477ee9555f4d6428cdbd713b49e94b1399bc2a6d7""}, {""path"": ""audit/rule_compliance/data/adjudication/decisions.csv"", ""sha256"": ""86bb3471f3a8180a15ac804e1b2d9b6c01804c54c9c33895cad41867ecf2ec92""}, {""path"": ""audit/rule_compliance/data/diagnostic/ai_review_40.csv"", ""sha256"": ""c5041678eb850be3f6787d3d8c4d86929a834c2935a19087f6287f10dc80c575""}]","[""audit/rule_compliance/data/diagnostic/README.md"", ""audit/rule_compliance/protocol/CRITERIA_CONTEXT_V1.md""]","[""audit/rule_compliance/code/reproduce_diagnostic.py"", ""audit/rule_compliance/code/recheck_criteria.py""]",python audit/rule_compliance/code/reproduce_revision17.py --out reproduced,focused_reassessment,Explicitly named result rows and prespecified algebra; repeated prose targets are not new observations,"[{""scope"": ""repo"", ""file"": ""audit/rule_compliance/data/adjudication/initial_screen_coverage.csv"", ""selector"": {}, ""csv_rows"": [2, 3, 4, 5, 6, 7, 8, 9, 10, 11, 12, 13, 14, 15, 16, 17, 18, 19, 20, 21, 22, 23, 24, 25, 26, 27, 28, 29, 30, 31, 32, 33, 34, 35, 36, 37, 38, 39, 40, 41, 42, 43, 44, 45, 46, 47, 48, 49, 50, 51, 52, 53, 54, 55, 56, 57, 58, 59, 60, 61, 62, 63, 64, 65, 66, 67, 68, 69, 70, 71, 72, 73, 74, 75, 76, 77, 78, 79, 80, 81, 82, 83, 84, 85, 86, 87, 88, 89, 90, 91, 92, 93, 94, 95, 96, 97, 98, 99, 100, 101, 102, 103, 104, 105, 106, 107, 108, 109, 110, 111, 112, 113, 114, 115, 116, 117, 118, 119, 120, 121], ""field"": null, ""op"": ""count""}, {""scope"": ""repo"", ""file"": ""audit/rule_compliance/data/adjudication/decisions.csv"", ""selector"": {""metric_key"": ""T1_US_ROLE""}, ""csv_rows"": [2, 3, 4, 5, 6, 7, 8, 9, 10, 11, 12, 13, 14, 15, 16, 17, 18, 19, 20], ""field"": null, ""op"": ""count""}, {""scope"": ""repo"", ""file"": ""audit/rule_compliance/data/adjudication/decisions.csv"", ""selector"": {""metric_key"": [""T3_PARENT_COVERAGE"", ""T4_PARENT_COVERAGE""]}, ""csv_rows"": [21, 22, 23], ""field"": null, ""op"": ""count""}]",Selected diagnostic AI labels; not pooled with common judgments or human review,The six-PDF historical retrieval and hash-match operation is documented in preserved review text but is not certified by the public aggregation replay.
P_p0069,p0069,p0069 numeric claim,"{""diagnostic_total"": 40, ""common_selected"": 38, ""examples"": 2}","{""diagnostic_total"": 40, ""common_selected"": 38, ""examples"": 2}",MATCH_REPRODUCED,"[{""path"": ""audit/rule_compliance/data/diagnostic/ai_review_40.csv"", ""sha256"": ""c5041678eb850be3f6787d3d8c4d86929a834c2935a19087f6287f10dc80c575""}]","[""audit/rule_compliance/data/diagnostic/README.md"", ""audit/rule_compliance/protocol/CRITERIA_CONTEXT_V1.md""]","[""audit/rule_compliance/code/reproduce_diagnostic.py"", ""audit/rule_compliance/code/recheck_criteria.py""]",python audit/rule_compliance/code/reproduce_revision17.py --out reproduced,AI_diagnostic_40,Explicitly named result rows and prespecified algebra; repeated prose targets are not new observations,"[{""scope"": ""results"", ""file"": ""diagnostic/diagnostic_counts.csv"", ""selector"": {""scope"": ""all_diagnostic""}, ""csv_rows"": [4], ""field"": ""items"", ""op"": ""field""}, {""scope"": ""results"", ""file"": ""diagnostic/diagnostic_counts.csv"", ""selector"": {""scope"": ""common_selected""}, ""csv_rows"": [2], ""field"": ""items"", ""op"": ""field""}, {""scope"": ""results"", ""file"": ""diagnostic/diagnostic_counts.csv"", ""selector"": {""scope"": ""representative_discrepancy""}, ""csv_rows"": [3], ""field"": ""items"", ""op"": ""field""}]",Selected diagnostic AI labels; not pooled with common judgments or human review,
P_p0077,p0077,p0077 numeric claim,"{""checks_per_run"": 11, ""countries_T1"": 2, ""later_domains"": 3, ""later_turns"": 3, ""common_total"": 1320, ""runs"": 120, ""excluded_selected"": 67}","{""checks_per_run"": 11.0, ""countries_T1"": 2, ""later_domains"": 3, ""later_turns"": 3, ""common_total"": 1320, ""runs"": 120, ""excluded_selected"": 67}",MATCH_REPRODUCED,"[{""path"": ""audit/rule_compliance/data/core/07_semantic_validation_ledger.csv"", ""sha256"": ""1cb6a847887d91b903e047d37f32edd859a66908d1d5b9fb2e625e2e7e111ae7""}, {""path"": ""audit/rule_compliance/source_assets.csv"", ""sha256"": ""36eee80d3ce950afff8cc8a824ad83dce5083cf870b1bc3f74c28c41c5f8bf4a""}]","[""audit/rule_compliance/protocol/analysis_spec.json"", ""audit/rule_compliance/protocol/CRITERIA_CONTEXT_V1.md""]","[""audit/rule_compliance/code/reproduce.py"", ""audit/rule_compliance/code/recheck_criteria.py"", ""audit/rule_compliance/code/reproduce_revision17.py""]",python audit/rule_compliance/code/reproduce_revision17.py --out reproduced,common_frame,Explicitly named result rows and prespecified algebra; repeated prose targets are not new observations,"[{""scope"": ""repo"", ""file"": ""audit/rule_compliance/data/core/07_semantic_validation_ledger.csv"", ""selector"": {""metric_key"": [""T1_US_ROLE"", ""T1_SU_ROLE"", ""T2_BRANCH"", ""T3_BRANCH"", ""T4_BRANCH"", ""T2_EVENT"", ""T3_EVENT"", ""T4_EVENT"", ""T2_PARENT_COVERAGE"", ""T3_PARENT_COVERAGE"", ""T4_PARENT_COVERAGE""]}, ""csv_rows"": [2, 3, 4, 5, 6, 7, 8, 9, 10, 11, 12, 13, 14, 15, 16, 17, 18, 19, 20, 21, 22, 23, 24, 25, 26, 27, 28, 29, 30, 31, 32, 33, 34, 35, 36, 37, 38, 39, 40, 41, 42, 43, 44, 45, 47, 48, 49, 50, 51, 52, 53, 54, 55, 56, 57, 58, 59, 60, 61, 62, 63, 64, 65, 66, 67, 68, 69, 70, 71, 72, 73, 74, 75, 76, 77, 78, 79, 80, 81, 82, 83, 84, 85, 86, 87, 88, 89, 90, 91, 92, 93, 94, 95, 96, 97, 98, 99, 100, 101, 102, 103, 104, 105, 106, 107, 108, 109, 110, 111, 112, 113, 114, 115, 116, 117, 118, 119, 120, 121, 122, 123, 124, 125, 126, 127, 128, 129, 130, 131, 132, 133, 134, 135, 136, 137, 138, 139, 140, 141, 142, 143, 144, 145, 146, 147, 148, 149, 150, 151, 152, 153, 154, 155, 156, 157, 158, 159, 160, 161, 162, 163, 164, 165, 166, 167, 168, 169, 170, 171, 172, 173, 174, 175, 176, 177, 178, 179, 180, 181, 182, 183, 184, 185, 186, 187, 188, 189, 191, 192, 193, 194, 195, 196, 197, 198, 199, 200, 201, 202, 203, 204, 205, 206, 207, 208, 209, 210, 211, 212, 214, 215, 216, 217, 218, 219, 220, 221, 222, 223, 224, 225, 226, 227, 228, 229, 230, 231, 232, 233, 234, 235, 236, 237, 238, 239, 240, 241, 242, 243, 244, 245, 246, 247, 248, 249, 250, 251, 252, 253, 254, 255, 256, 257, 258, 259, 260, 261, 262, 263, 264, 265, 266, 267, 268, 269, 270, 271, 272, 273, 274, 275, 276, 277, 278, 279, 280, 281, 282, 283, 284, 285, 286, 287, 288, 289, 290, 291, 292, 293, 294, 295, 296, 297, 298, 299, 300, 301, 302, 303, 304, 305, 306, 307, 308, 309, 310, 311, 312, 313, 314, 315, 316, 317, 318, 319, 320, 321, 322, 323, 324, 325, 326, 327, 328, 329, 330, 331, 332, 333, 334, 335, 336, 337, 338, 339, 340, 341, 342, 343, 344, 345, 348, 349, 350, 351, 352, 353, 354, 355, 356, 357, 358, 359, 360, 361, 362, 363, 364, 365, 366, 367, 368, 369, 370, 371, 372, 373, 374, 375, 376, 377, 378, 379, 380, 383, 384, 385, 386, 387, 388, 389, 390, 391, 392, 393, 395, 396, 397, 398, 399, 400, 401, 402, 403, 404, 405, 407, 408, 409, 410, 411, 412, 413, 414, 415, 416, 417, 418, 419, 420, 421, 422, 423, 424, 425, 426, 427, 428, 429, 430, 431, 432, 433, 434, 435, 436, 437, 438, 439, 440, 441, 442, 443, 444, 445, 446, 447, 448, 449, 450, 451, 452, 453, 454, 455, 456, 457, 458, 459, 460, 461, 462, 463, 464, 465, 466, 467, 468, 469, 470, 471, 472, 473, 474, 475, 476, 477, 478, 479, 480, 481, 482, 483, 484, 485, 486, 487, 488, 489, 490, 491, 492, 493, 494, 495, 496, 497, 498, 499, 500, 501, 502, 503, 504, 505, 506, 507, 508, 509, 510, 511, 512, 513, 514, 515, 516, 517, 518, 519, 520, 521, 522, 523, 524, 525, 526, 527, 528, 529, 530, 531, 532, 533, 534, 535, 536, 537, 538, 539, 540, 541, 542, 543, 544, 545, 546, 547, 548, 549, 550, 551, 552, 553, 554, 555, 556, 557, 558, 559, 560, 561, 562, 563, 564, 565, 566, 567, 568, 569, 570, 571, 572, 573, 574, 575, 576, 577, 578, 579, 580, 581, 582, 583, 584, 585, 586, 587, 588, 589, 590, 591, 592, 593, 594, 595, 596, 597, 598, 599, 600, 601, 602, 603, 604, 605, 606, 607, 608, 609, 610, 611, 612, 613, 614, 615, 616, 617, 618, 619, 620, 621, 622, 623, 624, 625, 626, 627, 628, 629, 630, 631, 632, 633, 634, 635, 636, 637, 638, 639, 640, 641, 642, 643, 644, 645, 646, 647, 648, 649, 650, 651, 652, 653, 654, 655, 656, 657, 658, 659, 660, 661, 662, 663, 664, 665, 666, 667, 668, 669, 670, 671, 672, 673, 674, 675, 676, 677, 678, 679, 680, 681, 682, 683, 684, 685, 686, 687, 688, 689, 690, 691, 692, 693, 694, 695, 696, 697, 698, 699, 700, 701, 702, 703, 704, 705, 706, 707, 708, 709, 710, 711, 712, 713, 714, 715, 716, 717, 718, 719, 720, 721, 722, 723, 724, 725, 726, 727, 728, 729, 730, 731, 732, 733, 734, 735, 736, 737, 738, 739, 740, 741, 742, 743, 744, 745, 746, 747, 748, 749, 750, 751, 752, 753, 754, 755, 756, 757, 758, 759, 760, 761, 762, 763, 764, 765, 766, 767, 768, 769, 770, 771, 772, 773, 774, 775, 776, 777, 778, 779, 780, 781, 782, 783, 784, 785, 786, 787, 788, 789, 790, 791, 792, 793, 794, 795, 796, 797, 798, 799, 800, 801, 802, 803, 804, 805, 806, 807, 808, 809, 810, 811, 812, 813, 814, 815, 816, 817, 818, 819, 820, 821, 822, 823, 824, 825, 826, 827, 828, 829, 830, 831, 832, 833, 834, 835, 836, 837, 838, 839, 840, 841, 842, 843, 844, 845, 846, 847, 848, 849, 850, 851, 852, 853, 854, 855, 856, 857, 858, 859, 860, 861, 862, 863, 864, 865, 866, 867, 868, 869, 870, 871, 872, 873, 874, 875, 876, 877, 878, 879, 880, 881, 882, 883, 884, 885, 886, 887, 888, 889, 890, 941, 942, 943, 944, 945, 946, 947, 948, 949, 950, 951, 952, 953, 954, 955, 956, 957, 958, 959, 960, 961, 962, 963, 964, 965, 966, 967, 968, 969, 970, 971, 972, 973, 974, 975, 976, 977, 978, 979, 980, 981, 982, 983, 984, 985, 986, 987, 988, 989, 990, 991, 992, 993, 994, 995, 996, 997, 998, 999, 1000, 1001, 1002, 1003, 1004, 1005, 1006, 1007, 1008, 1009, 1010, 1011, 1012, 1013, 1014, 1015, 1016, 1017, 1018, 1019, 1020, 1021, 1022, 1023, 1024, 1025, 1026, 1027, 1028, 1029, 1030, 1031, 1032, 1033, 1034, 1035, 1036, 1037, 1038, 1039, 1040, 1041, 1042, 1043, 1044, 1045, 1046, 1047, 1048, 1049, 1050, 1051, 1052, 1053, 1054, 1055, 1056, 1057, 1058, 1059, 1060, 1061, 1062, 1063, 1064, 1065, 1066, 1067, 1068, 1069, 1070, 1071, 1072, 1073, 1074, 1075, 1076, 1077, 1078, 1079, 1080, 1081, 1082, 1083, 1084, 1085, 1086, 1087, 1088, 1089, 1090, 1091, 1092, 1093, 1094, 1095, 1096, 1097, 1098, 1099, 1100, 1101, 1102, 1103, 1104, 1105, 1106, 1107, 1108, 1109, 1110, 1111, 1112, 1113, 1114, 1115, 1116, 1117, 1118, 1119, 1120, 1121, 1122, 1123, 1124, 1125, 1126, 1127, 1128, 1129, 1130, 1131, 1132, 1133, 1134, 1135, 1136, 1137, 1138, 1139, 1140, 1141, 1142, 1143, 1144, 1145, 1146, 1147, 1148, 1149, 1150, 1151, 1152, 1153, 1154, 1155, 1156, 1157, 1158, 1159, 1160, 1161, 1162, 1163, 1164, 1165, 1166, 1167, 1168, 1169, 1170, 1171, 1172, 1173, 1174, 1175, 1176, 1177, 1178, 1179, 1180, 1181, 1182, 1183, 1184, 1185, 1186, 1187, 1188, 1189, 1190, 1191, 1192, 1193, 1194, 1195, 1196, 1197, 1198, 1199, 1200, 1201, 1202, 1203, 1204, 1205, 1206, 1207, 1208, 1209, 1210, 1211, 1212, 1213, 1214, 1215, 1216, 1217, 1218, 1219, 1220, 1221, 1222, 1223, 1224, 1225, 1226, 1227, 1228, 1229, 1230, 1231, 1232, 1233, 1234, 1235, 1236, 1237, 1238, 1239, 1240, 1241, 1242, 1243, 1244, 1245, 1246, 1247, 1248, 1249, 1250, 1251, 1252, 1253, 1254, 1255, 1256, 1257, 1258, 1259, 1260, 1261, 1262, 1263, 1264, 1265, 1266, 1267, 1268, 1269, 1270, 1271, 1272, 1273, 1274, 1275, 1276, 1277, 1278, 1279, 1280, 1281, 1282, 1283, 1284, 1285, 1286, 1287, 1288, 1289, 1290, 1291, 1292, 1293, 1294, 1295, 1296, 1297, 1298, 1299, 1300, 1301, 1302, 1303, 1304, 1305, 1306, 1307, 1308, 1309, 1310, 1311, 1312, 1313, 1314, 1315, 1316, 1317, 1318, 1319, 1320, 1321, 1322, 1323, 1324, 1325, 1326, 1327, 1328, 1329, 1330, 1331, 1332, 1333, 1334, 1335, 1336, 1337, 1338, 1339, 1340, 1341, 1342, 1343, 1344, 1345, 1346, 1347, 1348, 1349, 1350, 1351, 1352, 1353, 1354, 1355, 1356, 1357, 1358, 1359, 1360, 1361, 1362, 1363, 1364, 1365, 1366, 1367, 1368, 1369, 1370, 1371, 1372, 1373, 1374, 1375, 1376, 1377, 1378, 1379, 1380], ""field"": null, ""op"": ""count""}, {""scope"": ""repo"", ""file"": ""audit/rule_compliance/source_assets.csv"", ""selector"": {}, ""csv_rows"": [2, 3, 4, 5, 6, 7, 8, 9, 10, 11, 12, 13, 14, 15, 16, 17, 18, 19, 20, 21, 22, 23, 24, 25, 26, 27, 28, 29, 30, 31, 32, 33, 34, 35, 36, 37, 38, 39, 40, 41, 42, 43, 44, 45, 46, 47, 48, 49, 50, 51, 52, 53, 54, 55, 56, 57, 58, 59, 60, 61, 62, 63, 64, 65, 66, 67, 68, 69, 70, 71, 72, 73, 74, 75, 76, 77, 78, 79, 80, 81, 82, 83, 84, 85, 86, 87, 88, 89, 90, 91, 92, 93, 94, 95, 96, 97, 98, 99, 100, 101, 102, 103, 104, 105, 106, 107, 108, 109, 110, 111, 112, 113, 114, 115, 116, 117, 118, 119, 120, 121], ""field"": ""run_id"", ""op"": ""distinct_count""}, {""scope"": ""repo"", ""file"": ""audit/rule_compliance/data/core/07_semantic_validation_ledger.csv"", ""selector"": {""metric_key"": [""T1_US_ROLE"", ""T1_SU_ROLE""]}, ""csv_rows"": [2, 3, 13, 14, 24, 25, 35, 36, 47, 48, 58, 59, 69, 70, 80, 81, 91, 92, 102, 103, 113, 114, 124, 125, 135, 136, 146, 147, 157, 158, 168, 169, 179, 180, 191, 192, 202, 203, 214, 215, 225, 226, 236, 237, 247, 248, 258, 259, 269, 270, 280, 281, 291, 292, 302, 303, 313, 314, 324, 325, 335, 336, 348, 349, 359, 360, 370, 371, 383, 384, 395, 396, 407, 408, 418, 419, 429, 430, 440, 441, 451, 452, 459, 460, 467, 468, 475, 476, 483, 484, 491, 492, 499, 500, 507, 508, 515, 516, 523, 524, 531, 532, 539, 540, 547, 548, 555, 556, 563, 564, 571, 572, 579, 580, 587, 588, 595, 596, 603, 604, 611, 612, 619, 620, 627, 628, 635, 636, 643, 644, 651, 652, 659, 660, 667, 668, 675, 676, 683, 684, 691, 692, 699, 700, 707, 708, 715, 716, 723, 724, 731, 732, 739, 740, 747, 748, 755, 756, 763, 764, 941, 942, 949, 950, 957, 958, 965, 966, 973, 974, 981, 982, 989, 990, 997, 998, 1005, 1006, 1013, 1014, 1021, 1022, 1029, 1030, 1037, 1038, 1045, 1046, 1053, 1054, 1061, 1062, 1069, 1070, 1077, 1078, 1085, 1086, 1093, 1094, 1101, 1102, 1109, 1110, 1117, 1118, 1125, 1126, 1133, 1134, 1141, 1142, 1149, 1150, 1157, 1158, 1165, 1166, 1173, 1174, 1181, 1182, 1189, 1190, 1197, 1198, 1205, 1206, 1213, 1214, 1221, 1222, 1229, 1230, 1237, 1238, 1245, 1246, 1253, 1254], ""field"": ""metric_key"", ""op"": ""distinct_count""}, {""scope"": ""results"", ""file"": ""table4.csv"", ""selector"": {}, ""csv_rows"": [2, 3, 4, 5], ""field"": null, ""op"": ""count""}, {""scope"": ""repo"", ""file"": ""audit/rule_compliance/data/core/07_semantic_validation_ledger.csv"", ""selector"": {""metric_key"": [""T2_BRANCH"", ""T3_BRANCH"", ""T4_BRANCH""]}, ""csv_rows"": [4, 6, 8, 15, 17, 19, 26, 28, 30, 37, 39, 41, 49, 51, 53, 60, 61, 62, 71, 72, 73, 82, 83, 84, 93, 94, 95, 104, 105, 106, 115, 116, 117, 126, 127, 128, 137, 138, 139, 148, 149, 150, 159, 160, 161, 170, 171, 172, 181, 182, 183, 193, 194, 195, 204, 205, 206, 216, 217, 218, 227, 229, 231, 238, 240, 242, 249, 251, 253, 260, 262, 264, 271, 273, 275, 282, 284, 286, 293, 295, 297, 304, 306, 308, 315, 317, 319, 326, 328, 330, 337, 339, 341, 350, 352, 354, 361, 363, 365, 372, 374, 376, 385, 387, 389, 397, 399, 401, 409, 411, 413, 420, 422, 424, 431, 433, 435, 442, 444, 446, 453, 454, 455, 461, 462, 463, 469, 470, 471, 477, 478, 479, 485, 486, 487, 493, 494, 495, 501, 502, 503, 509, 510, 511, 517, 518, 519, 525, 526, 527, 533, 534, 535, 541, 542, 543, 549, 550, 551, 557, 558, 559, 565, 566, 567, 573, 574, 575, 581, 582, 583, 589, 590, 591, 597, 598, 599, 605, 606, 607, 613, 614, 615, 621, 622, 623, 629, 630, 631, 637, 638, 639, 645, 646, 647, 653, 654, 655, 661, 662, 663, 669, 670, 671, 677, 678, 679, 685, 686, 687, 693, 694, 695, 701, 702, 703, 709, 710, 711, 717, 718, 719, 725, 726, 727, 733, 734, 735, 741, 742, 743, 749, 750, 751, 757, 758, 759, 765, 766, 767, 943, 944, 945, 951, 952, 953, 959, 960, 961, 967, 968, 969, 975, 976, 977, 983, 984, 985, 991, 992, 993, 999, 1000, 1001, 1007, 1008, 1009, 1015, 1016, 1017, 1023, 1024, 1025, 1031, 1032, 1033, 1039, 1040, 1041, 1047, 1048, 1049, 1055, 1056, 1057, 1063, 1064, 1065, 1071, 1072, 1073, 1079, 1080, 1081, 1087, 1088, 1089, 1095, 1096, 1097, 1103, 1104, 1105, 1111, 1112, 1113, 1119, 1120, 1121, 1127, 1128, 1129, 1135, 1136, 1137, 1143, 1144, 1145, 1151, 1152, 1153, 1159, 1160, 1161, 1167, 1168, 1169, 1175, 1176, 1177, 1183, 1184, 1185, 1191, 1192, 1193, 1199, 1200, 1201, 1207, 1208, 1209, 1215, 1216, 1217, 1223, 1224, 1225, 1231, 1232, 1233, 1239, 1240, 1241, 1247, 1248, 1249, 1255, 1256, 1257], ""field"": ""metric_key"", ""op"": ""distinct_count""}, {""scope"": ""repo"", ""file"": ""audit/rule_compliance/data/core/07_semantic_validation_ledger.csv"", ""selector"": {""metric_key"": [""T1_US_ROLE"", ""T1_SU_ROLE"", ""T2_BRANCH"", ""T3_BRANCH"", ""T4_BRANCH"", ""T2_EVENT"", ""T3_EVENT"", ""T4_EVENT"", ""T2_PARENT_COVERAGE"", ""T3_PARENT_COVERAGE"", ""T4_PARENT_COVERAGE""]}, ""csv_rows"": [2, 3, 4, 5, 6, 7, 8, 9, 10, 11, 12, 13, 14, 15, 16, 17, 18, 19, 20, 21, 22, 23, 24, 25, 26, 27, 28, 29, 30, 31, 32, 33, 34, 35, 36, 37, 38, 39, 40, 41, 42, 43, 44, 45, 47, 48, 49, 50, 51, 52, 53, 54, 55, 56, 57, 58, 59, 60, 61, 62, 63, 64, 65, 66, 67, 68, 69, 70, 71, 72, 73, 74, 75, 76, 77, 78, 79, 80, 81, 82, 83, 84, 85, 86, 87, 88, 89, 90, 91, 92, 93, 94, 95, 96, 97, 98, 99, 100, 101, 102, 103, 104, 105, 106, 107, 108, 109, 110, 111, 112, 113, 114, 115, 116, 117, 118, 119, 120, 121, 122, 123, 124, 125, 126, 127, 128, 129, 130, 131, 132, 133, 134, 135, 136, 137, 138, 139, 140, 141, 142, 143, 144, 145, 146, 147, 148, 149, 150, 151, 152, 153, 154, 155, 156, 157, 158, 159, 160, 161, 162, 163, 164, 165, 166, 167, 168, 169, 170, 171, 172, 173, 174, 175, 176, 177, 178, 179, 180, 181, 182, 183, 184, 185, 186, 187, 188, 189, 191, 192, 193, 194, 195, 196, 197, 198, 199, 200, 201, 202, 203, 204, 205, 206, 207, 208, 209, 210, 211, 212, 214, 215, 216, 217, 218, 219, 220, 221, 222, 223, 224, 225, 226, 227, 228, 229, 230, 231, 232, 233, 234, 235, 236, 237, 238, 239, 240, 241, 242, 243, 244, 245, 246, 247, 248, 249, 250, 251, 252, 253, 254, 255, 256, 257, 258, 259, 260, 261, 262, 263, 264, 265, 266, 267, 268, 269, 270, 271, 272, 273, 274, 275, 276, 277, 278, 279, 280, 281, 282, 283, 284, 285, 286, 287, 288, 289, 290, 291, 292, 293, 294, 295, 296, 297, 298, 299, 300, 301, 302, 303, 304, 305, 306, 307, 308, 309, 310, 311, 312, 313, 314, 315, 316, 317, 318, 319, 320, 321, 322, 323, 324, 325, 326, 327, 328, 329, 330, 331, 332, 333, 334, 335, 336, 337, 338, 339, 340, 341, 342, 343, 344, 345, 348, 349, 350, 351, 352, 353, 354, 355, 356, 357, 358, 359, 360, 361, 362, 363, 364, 365, 366, 367, 368, 369, 370, 371, 372, 373, 374, 375, 376, 377, 378, 379, 380, 383, 384, 385, 386, 387, 388, 389, 390, 391, 392, 393, 395, 396, 397, 398, 399, 400, 401, 402, 403, 404, 405, 407, 408, 409, 410, 411, 412, 413, 414, 415, 416, 417, 418, 419, 420, 421, 422, 423, 424, 425, 426, 427, 428, 429, 430, 431, 432, 433, 434, 435, 436, 437, 438, 439, 440, 441, 442, 443, 444, 445, 446, 447, 448, 449, 450, 451, 452, 453, 454, 455, 456, 457, 458, 459, 460, 461, 462, 463, 464, 465, 466, 467, 468, 469, 470, 471, 472, 473, 474, 475, 476, 477, 478, 479, 480, 481, 482, 483, 484, 485, 486, 487, 488, 489, 490, 491, 492, 493, 494, 495, 496, 497, 498, 499, 500, 501, 502, 503, 504, 505, 506, 507, 508, 509, 510, 511, 512, 513, 514, 515, 516, 517, 518, 519, 520, 521, 522, 523, 524, 525, 526, 527, 528, 529, 530, 531, 532, 533, 534, 535, 536, 537, 538, 539, 540, 541, 542, 543, 544, 545, 546, 547, 548, 549, 550, 551, 552, 553, 554, 555, 556, 557, 558, 559, 560, 561, 562, 563, 564, 565, 566, 567, 568, 569, 570, 571, 572, 573, 574, 575, 576, 577, 578, 579, 580, 581, 582, 583, 584, 585, 586, 587, 588, 589, 590, 591, 592, 593, 594, 595, 596, 597, 598, 599, 600, 601, 602, 603, 604, 605, 606, 607, 608, 609, 610, 611, 612, 613, 614, 615, 616, 617, 618, 619, 620, 621, 622, 623, 624, 625, 626, 627, 628, 629, 630, 631, 632, 633, 634, 635, 636, 637, 638, 639, 640, 641, 642, 643, 644, 645, 646, 647, 648, 649, 650, 651, 652, 653, 654, 655, 656, 657, 658, 659, 660, 661, 662, 663, 664, 665, 666, 667, 668, 669, 670, 671, 672, 673, 674, 675, 676, 677, 678, 679, 680, 681, 682, 683, 684, 685, 686, 687, 688, 689, 690, 691, 692, 693, 694, 695, 696, 697, 698, 699, 700, 701, 702, 703, 704, 705, 706, 707, 708, 709, 710, 711, 712, 713, 714, 715, 716, 717, 718, 719, 720, 721, 722, 723, 724, 725, 726, 727, 728, 729, 730, 731, 732, 733, 734, 735, 736, 737, 738, 739, 740, 741, 742, 743, 744, 745, 746, 747, 748, 749, 750, 751, 752, 753, 754, 755, 756, 757, 758, 759, 760, 761, 762, 763, 764, 765, 766, 767, 768, 769, 770, 771, 772, 773, 774, 775, 776, 777, 778, 779, 780, 781, 782, 783, 784, 785, 786, 787, 788, 789, 790, 791, 792, 793, 794, 795, 796, 797, 798, 799, 800, 801, 802, 803, 804, 805, 806, 807, 808, 809, 810, 811, 812, 813, 814, 815, 816, 817, 818, 819, 820, 821, 822, 823, 824, 825, 826, 827, 828, 829, 830, 831, 832, 833, 834, 835, 836, 837, 838, 839, 840, 841, 842, 843, 844, 845, 846, 847, 848, 849, 850, 851, 852, 853, 854, 855, 856, 857, 858, 859, 860, 861, 862, 863, 864, 865, 866, 867, 868, 869, 870, 871, 872, 873, 874, 875, 876, 877, 878, 879, 880, 881, 882, 883, 884, 885, 886, 887, 888, 889, 890, 941, 942, 943, 944, 945, 946, 947, 948, 949, 950, 951, 952, 953, 954, 955, 956, 957, 958, 959, 960, 961, 962, 963, 964, 965, 966, 967, 968, 969, 970, 971, 972, 973, 974, 975, 976, 977, 978, 979, 980, 981, 982, 983, 984, 985, 986, 987, 988, 989, 990, 991, 992, 993, 994, 995, 996, 997, 998, 999, 1000, 1001, 1002, 1003, 1004, 1005, 1006, 1007, 1008, 1009, 1010, 1011, 1012, 1013, 1014, 1015, 1016, 1017, 1018, 1019, 1020, 1021, 1022, 1023, 1024, 1025, 1026, 1027, 1028, 1029, 1030, 1031, 1032, 1033, 1034, 1035, 1036, 1037, 1038, 1039, 1040, 1041, 1042, 1043, 1044, 1045, 1046, 1047, 1048, 1049, 1050, 1051, 1052, 1053, 1054, 1055, 1056, 1057, 1058, 1059, 1060, 1061, 1062, 1063, 1064, 1065, 1066, 1067, 1068, 1069, 1070, 1071, 1072, 1073, 1074, 1075, 1076, 1077, 1078, 1079, 1080, 1081, 1082, 1083, 1084, 1085, 1086, 1087, 1088, 1089, 1090, 1091, 1092, 1093, 1094, 1095, 1096, 1097, 1098, 1099, 1100, 1101, 1102, 1103, 1104, 1105, 1106, 1107, 1108, 1109, 1110, 1111, 1112, 1113, 1114, 1115, 1116, 1117, 1118, 1119, 1120, 1121, 1122, 1123, 1124, 1125, 1126, 1127, 1128, 1129, 1130, 1131, 1132, 1133, 1134, 1135, 1136, 1137, 1138, 1139, 1140, 1141, 1142, 1143, 1144, 1145, 1146, 1147, 1148, 1149, 1150, 1151, 1152, 1153, 1154, 1155, 1156, 1157, 1158, 1159, 1160, 1161, 1162, 1163, 1164, 1165, 1166, 1167, 1168, 1169, 1170, 1171, 1172, 1173, 1174, 1175, 1176, 1177, 1178, 1179, 1180, 1181, 1182, 1183, 1184, 1185, 1186, 1187, 1188, 1189, 1190, 1191, 1192, 1193, 1194, 1195, 1196, 1197, 1198, 1199, 1200, 1201, 1202, 1203, 1204, 1205, 1206, 1207, 1208, 1209, 1210, 1211, 1212, 1213, 1214, 1215, 1216, 1217, 1218, 1219, 1220, 1221, 1222, 1223, 1224, 1225, 1226, 1227, 1228, 1229, 1230, 1231, 1232, 1233, 1234, 1235, 1236, 1237, 1238, 1239, 1240, 1241, 1242, 1243, 1244, 1245, 1246, 1247, 1248, 1249, 1250, 1251, 1252, 1253, 1254, 1255, 1256, 1257, 1258, 1259, 1260, 1261, 1262, 1263, 1264, 1265, 1266, 1267, 1268, 1269, 1270, 1271, 1272, 1273, 1274, 1275, 1276, 1277, 1278, 1279, 1280, 1281, 1282, 1283, 1284, 1285, 1286, 1287, 1288, 1289, 1290, 1291, 1292, 1293, 1294, 1295, 1296, 1297, 1298, 1299, 1300, 1301, 1302, 1303, 1304, 1305, 1306, 1307, 1308, 1309, 1310, 1311, 1312, 1313, 1314, 1315, 1316, 1317, 1318, 1319, 1320, 1321, 1322, 1323, 1324, 1325, 1326, 1327, 1328, 1329, 1330, 1331, 1332, 1333, 1334, 1335, 1336, 1337, 1338, 1339, 1340, 1341, 1342, 1343, 1344, 1345, 1346, 1347, 1348, 1349, 1350, 1351, 1352, 1353, 1354, 1355, 1356, 1357, 1358, 1359, 1360, 1361, 1362, 1363, 1364, 1365, 1366, 1367, 1368, 1369, 1370, 1371, 1372, 1373, 1374, 1375, 1376, 1377, 1378, 1379, 1380], ""field"": null, ""op"": ""count""}, {""scope"": ""repo"", ""file"": ""audit/rule_compliance/source_assets.csv"", ""selector"": {}, ""csv_rows"": [2, 3, 4, 5, 6, 7, 8, 9, 10, 11, 12, 13, 14, 15, 16, 17, 18, 19, 20, 21, 22, 23, 24, 25, 26, 27, 28, 29, 30, 31, 32, 33, 34, 35, 36, 37, 38, 39, 40, 41, 42, 43, 44, 45, 46, 47, 48, 49, 50, 51, 52, 53, 54, 55, 56, 57, 58, 59, 60, 61, 62, 63, 64, 65, 66, 67, 68, 69, 70, 71, 72, 73, 74, 75, 76, 77, 78, 79, 80, 81, 82, 83, 84, 85, 86, 87, 88, 89, 90, 91, 92, 93, 94, 95, 96, 97, 98, 99, 100, 101, 102, 103, 104, 105, 106, 107, 108, 109, 110, 111, 112, 113, 114, 115, 116, 117, 118, 119, 120, 121], ""field"": ""run_id"", ""op"": ""distinct_count""}, {""scope"": ""repo"", ""file"": ""audit/rule_compliance/data/core/07_semantic_validation_ledger.csv"", ""selector"": {}, ""csv_rows"": [2, 3, 4, 5, 6, 7, 8, 9, 10, 11, 12, 13, 14, 15, 16, 17, 18, 19, 20, 21, 22, 23, 24, 25, 26, 27, 28, 29, 30, 31, 32, 33, 34, 35, 36, 37, 38, 39, 40, 41, 42, 43, 44, 45, 46, 47, 48, 49, 50, 51, 52, 53, 54, 55, 56, 57, 58, 59, 60, 61, 62, 63, 64, 65, 66, 67, 68, 69, 70, 71, 72, 73, 74, 75, 76, 77, 78, 79, 80, 81, 82, 83, 84, 85, 86, 87, 88, 89, 90, 91, 92, 93, 94, 95, 96, 97, 98, 99, 100, 101, 102, 103, 104, 105, 106, 107, 108, 109, 110, 111, 112, 113, 114, 115, 116, 117, 118, 119, 120, 121, 122, 123, 124, 125, 126, 127, 128, 129, 130, 131, 132, 133, 134, 135, 136, 137, 138, 139, 140, 141, 142, 143, 144, 145, 146, 147, 148, 149, 150, 151, 152, 153, 154, 155, 156, 157, 158, 159, 160, 161, 162, 163, 164, 165, 166, 167, 168, 169, 170, 171, 172, 173, 174, 175, 176, 177, 178, 179, 180, 181, 182, 183, 184, 185, 186, 187, 188, 189, 190, 191, 192, 193, 194, 195, 196, 197, 198, 199, 200, 201, 202, 203, 204, 205, 206, 207, 208, 209, 210, 211, 212, 213, 214, 215, 216, 217, 218, 219, 220, 221, 222, 223, 224, 225, 226, 227, 228, 229, 230, 231, 232, 233, 234, 235, 236, 237, 238, 239, 240, 241, 242, 243, 244, 245, 246, 247, 248, 249, 250, 251, 252, 253, 254, 255, 256, 257, 258, 259, 260, 261, 262, 263, 264, 265, 266, 267, 268, 269, 270, 271, 272, 273, 274, 275, 276, 277, 278, 279, 280, 281, 282, 283, 284, 285, 286, 287, 288, 289, 290, 291, 292, 293, 294, 295, 296, 297, 298, 299, 300, 301, 302, 303, 304, 305, 306, 307, 308, 309, 310, 311, 312, 313, 314, 315, 316, 317, 318, 319, 320, 321, 322, 323, 324, 325, 326, 327, 328, 329, 330, 331, 332, 333, 334, 335, 336, 337, 338, 339, 340, 341, 342, 343, 344, 345, 346, 347, 348, 349, 350, 351, 352, 353, 354, 355, 356, 357, 358, 359, 360, 361, 362, 363, 364, 365, 366, 367, 368, 369, 370, 371, 372, 373, 374, 375, 376, 377, 378, 379, 380, 381, 382, 383, 384, 385, 386, 387, 388, 389, 390, 391, 392, 393, 394, 395, 396, 397, 398, 399, 400, 401, 402, 403, 404, 405, 406, 407, 408, 409, 410, 411, 412, 413, 414, 415, 416, 417, 418, 419, 420, 421, 422, 423, 424, 425, 426, 427, 428, 429, 430, 431, 432, 433, 434, 435, 436, 437, 438, 439, 440, 441, 442, 443, 444, 445, 446, 447, 448, 449, 450, 451, 452, 453, 454, 455, 456, 457, 458, 459, 460, 461, 462, 463, 464, 465, 466, 467, 468, 469, 470, 471, 472, 473, 474, 475, 476, 477, 478, 479, 480, 481, 482, 483, 484, 485, 486, 487, 488, 489, 490, 491, 492, 493, 494, 495, 496, 497, 498, 499, 500, 501, 502, 503, 504, 505, 506, 507, 508, 509, 510, 511, 512, 513, 514, 515, 516, 517, 518, 519, 520, 521, 522, 523, 524, 525, 526, 527, 528, 529, 530, 531, 532, 533, 534, 535, 536, 537, 538, 539, 540, 541, 542, 543, 544, 545, 546, 547, 548, 549, 550, 551, 552, 553, 554, 555, 556, 557, 558, 559, 560, 561, 562, 563, 564, 565, 566, 567, 568, 569, 570, 571, 572, 573, 574, 575, 576, 577, 578, 579, 580, 581, 582, 583, 584, 585, 586, 587, 588, 589, 590, 591, 592, 593, 594, 595, 596, 597, 598, 599, 600, 601, 602, 603, 604, 605, 606, 607, 608, 609, 610, 611, 612, 613, 614, 615, 616, 617, 618, 619, 620, 621, 622, 623, 624, 625, 626, 627, 628, 629, 630, 631, 632, 633, 634, 635, 636, 637, 638, 639, 640, 641, 642, 643, 644, 645, 646, 647, 648, 649, 650, 651, 652, 653, 654, 655, 656, 657, 658, 659, 660, 661, 662, 663, 664, 665, 666, 667, 668, 669, 670, 671, 672, 673, 674, 675, 676, 677, 678, 679, 680, 681, 682, 683, 684, 685, 686, 687, 688, 689, 690, 691, 692, 693, 694, 695, 696, 697, 698, 699, 700, 701, 702, 703, 704, 705, 706, 707, 708, 709, 710, 711, 712, 713, 714, 715, 716, 717, 718, 719, 720, 721, 722, 723, 724, 725, 726, 727, 728, 729, 730, 731, 732, 733, 734, 735, 736, 737, 738, 739, 740, 741, 742, 743, 744, 745, 746, 747, 748, 749, 750, 751, 752, 753, 754, 755, 756, 757, 758, 759, 760, 761, 762, 763, 764, 765, 766, 767, 768, 769, 770, 771, 772, 773, 774, 775, 776, 777, 778, 779, 780, 781, 782, 783, 784, 785, 786, 787, 788, 789, 790, 791, 792, 793, 794, 795, 796, 797, 798, 799, 800, 801, 802, 803, 804, 805, 806, 807, 808, 809, 810, 811, 812, 813, 814, 815, 816, 817, 818, 819, 820, 821, 822, 823, 824, 825, 826, 827, 828, 829, 830, 831, 832, 833, 834, 835, 836, 837, 838, 839, 840, 841, 842, 843, 844, 845, 846, 847, 848, 849, 850, 851, 852, 853, 854, 855, 856, 857, 858, 859, 860, 861, 862, 863, 864, 865, 866, 867, 868, 869, 870, 871, 872, 873, 874, 875, 876, 877, 878, 879, 880, 881, 882, 883, 884, 885, 886, 887, 888, 889, 890, 891, 892, 893, 894, 895, 896, 897, 898, 899, 900, 901, 902, 903, 904, 905, 906, 907, 908, 909, 910, 911, 912, 913, 914, 915, 916, 917, 918, 919, 920, 921, 922, 923, 924, 925, 926, 927, 928, 929, 930, 931, 932, 933, 934, 935, 936, 937, 938, 939, 940, 941, 942, 943, 944, 945, 946, 947, 948, 949, 950, 951, 952, 953, 954, 955, 956, 957, 958, 959, 960, 961, 962, 963, 964, 965, 966, 967, 968, 969, 970, 971, 972, 973, 974, 975, 976, 977, 978, 979, 980, 981, 982, 983, 984, 985, 986, 987, 988, 989, 990, 991, 992, 993, 994, 995, 996, 997, 998, 999, 1000, 1001, 1002, 1003, 1004, 1005, 1006, 1007, 1008, 1009, 1010, 1011, 1012, 1013, 1014, 1015, 1016, 1017, 1018, 1019, 1020, 1021, 1022, 1023, 1024, 1025, 1026, 1027, 1028, 1029, 1030, 1031, 1032, 1033, 1034, 1035, 1036, 1037, 1038, 1039, 1040, 1041, 1042, 1043, 1044, 1045, 1046, 1047, 1048, 1049, 1050, 1051, 1052, 1053, 1054, 1055, 1056, 1057, 1058, 1059, 1060, 1061, 1062, 1063, 1064, 1065, 1066, 1067, 1068, 1069, 1070, 1071, 1072, 1073, 1074, 1075, 1076, 1077, 1078, 1079, 1080, 1081, 1082, 1083, 1084, 1085, 1086, 1087, 1088, 1089, 1090, 1091, 1092, 1093, 1094, 1095, 1096, 1097, 1098, 1099, 1100, 1101, 1102, 1103, 1104, 1105, 1106, 1107, 1108, 1109, 1110, 1111, 1112, 1113, 1114, 1115, 1116, 1117, 1118, 1119, 1120, 1121, 1122, 1123, 1124, 1125, 1126, 1127, 1128, 1129, 1130, 1131, 1132, 1133, 1134, 1135, 1136, 1137, 1138, 1139, 1140, 1141, 1142, 1143, 1144, 1145, 1146, 1147, 1148, 1149, 1150, 1151, 1152, 1153, 1154, 1155, 1156, 1157, 1158, 1159, 1160, 1161, 1162, 1163, 1164, 1165, 1166, 1167, 1168, 1169, 1170, 1171, 1172, 1173, 1174, 1175, 1176, 1177, 1178, 1179, 1180, 1181, 1182, 1183, 1184, 1185, 1186, 1187, 1188, 1189, 1190, 1191, 1192, 1193, 1194, 1195, 1196, 1197, 1198, 1199, 1200, 1201, 1202, 1203, 1204, 1205, 1206, 1207, 1208, 1209, 1210, 1211, 1212, 1213, 1214, 1215, 1216, 1217, 1218, 1219, 1220, 1221, 1222, 1223, 1224, 1225, 1226, 1227, 1228, 1229, 1230, 1231, 1232, 1233, 1234, 1235, 1236, 1237, 1238, 1239, 1240, 1241, 1242, 1243, 1244, 1245, 1246, 1247, 1248, 1249, 1250, 1251, 1252, 1253, 1254, 1255, 1256, 1257, 1258, 1259, 1260, 1261, 1262, 1263, 1264, 1265, 1266, 1267, 1268, 1269, 1270, 1271, 1272, 1273, 1274, 1275, 1276, 1277, 1278, 1279, 1280, 1281, 1282, 1283, 1284, 1285, 1286, 1287, 1288, 1289, 1290, 1291, 1292, 1293, 1294, 1295, 1296, 1297, 1298, 1299, 1300, 1301, 1302, 1303, 1304, 1305, 1306, 1307, 1308, 1309, 1310, 1311, 1312, 1313, 1314, 1315, 1316, 1317, 1318, 1319, 1320, 1321, 1322, 1323, 1324, 1325, 1326, 1327, 1328, 1329, 1330, 1331, 1332, 1333, 1334, 1335, 1336, 1337, 1338, 1339, 1340, 1341, 1342, 1343, 1344, 1345, 1346, 1347, 1348, 1349, 1350, 1351, 1352, 1353, 1354, 1355, 1356, 1357, 1358, 1359, 1360, 1361, 1362, 1363, 1364, 1365, 1366, 1367, 1368, 1369, 1370, 1371, 1372, 1373, 1374, 1375, 1376, 1377, 1378, 1379, 1380, 1381, 1382, 1383, 1384, 1385, 1386, 1387, 1388], ""field"": null, ""op"": ""count""}, {""scope"": ""repo"", ""file"": ""audit/rule_compliance/data/core/07_semantic_validation_ledger.csv"", ""selector"": {""metric_key"": [""T1_US_ROLE"", ""T1_SU_ROLE"", ""T2_BRANCH"", ""T3_BRANCH"", ""T4_BRANCH"", ""T2_EVENT"", ""T3_EVENT"", ""T4_EVENT"", ""T2_PARENT_COVERAGE"", ""T3_PARENT_COVERAGE"", ""T4_PARENT_COVERAGE""]}, ""csv_rows"": [2, 3, 4, 5, 6, 7, 8, 9, 10, 11, 12, 13, 14, 15, 16, 17, 18, 19, 20, 21, 22, 23, 24, 25, 26, 27, 28, 29, 30, 31, 32, 33, 34, 35, 36, 37, 38, 39, 40, 41, 42, 43, 44, 45, 47, 48, 49, 50, 51, 52, 53, 54, 55, 56, 57, 58, 59, 60, 61, 62, 63, 64, 65, 66, 67, 68, 69, 70, 71, 72, 73, 74, 75, 76, 77, 78, 79, 80, 81, 82, 83, 84, 85, 86, 87, 88, 89, 90, 91, 92, 93, 94, 95, 96, 97, 98, 99, 100, 101, 102, 103, 104, 105, 106, 107, 108, 109, 110, 111, 112, 113, 114, 115, 116, 117, 118, 119, 120, 121, 122, 123, 124, 125, 126, 127, 128, 129, 130, 131, 132, 133, 134, 135, 136, 137, 138, 139, 140, 141, 142, 143, 144, 145, 146, 147, 148, 149, 150, 151, 152, 153, 154, 155, 156, 157, 158, 159, 160, 161, 162, 163, 164, 165, 166, 167, 168, 169, 170, 171, 172, 173, 174, 175, 176, 177, 178, 179, 180, 181, 182, 183, 184, 185, 186, 187, 188, 189, 191, 192, 193, 194, 195, 196, 197, 198, 199, 200, 201, 202, 203, 204, 205, 206, 207, 208, 209, 210, 211, 212, 214, 215, 216, 217, 218, 219, 220, 221, 222, 223, 224, 225, 226, 227, 228, 229, 230, 231, 232, 233, 234, 235, 236, 237, 238, 239, 240, 241, 242, 243, 244, 245, 246, 247, 248, 249, 250, 251, 252, 253, 254, 255, 256, 257, 258, 259, 260, 261, 262, 263, 264, 265, 266, 267, 268, 269, 270, 271, 272, 273, 274, 275, 276, 277, 278, 279, 280, 281, 282, 283, 284, 285, 286, 287, 288, 289, 290, 291, 292, 293, 294, 295, 296, 297, 298, 299, 300, 301, 302, 303, 304, 305, 306, 307, 308, 309, 310, 311, 312, 313, 314, 315, 316, 317, 318, 319, 320, 321, 322, 323, 324, 325, 326, 327, 328, 329, 330, 331, 332, 333, 334, 335, 336, 337, 338, 339, 340, 341, 342, 343, 344, 345, 348, 349, 350, 351, 352, 353, 354, 355, 356, 357, 358, 359, 360, 361, 362, 363, 364, 365, 366, 367, 368, 369, 370, 371, 372, 373, 374, 375, 376, 377, 378, 379, 380, 383, 384, 385, 386, 387, 388, 389, 390, 391, 392, 393, 395, 396, 397, 398, 399, 400, 401, 402, 403, 404, 405, 407, 408, 409, 410, 411, 412, 413, 414, 415, 416, 417, 418, 419, 420, 421, 422, 423, 424, 425, 426, 427, 428, 429, 430, 431, 432, 433, 434, 435, 436, 437, 438, 439, 440, 441, 442, 443, 444, 445, 446, 447, 448, 449, 450, 451, 452, 453, 454, 455, 456, 457, 458, 459, 460, 461, 462, 463, 464, 465, 466, 467, 468, 469, 470, 471, 472, 473, 474, 475, 476, 477, 478, 479, 480, 481, 482, 483, 484, 485, 486, 487, 488, 489, 490, 491, 492, 493, 494, 495, 496, 497, 498, 499, 500, 501, 502, 503, 504, 505, 506, 507, 508, 509, 510, 511, 512, 513, 514, 515, 516, 517, 518, 519, 520, 521, 522, 523, 524, 525, 526, 527, 528, 529, 530, 531, 532, 533, 534, 535, 536, 537, 538, 539, 540, 541, 542, 543, 544, 545, 546, 547, 548, 549, 550, 551, 552, 553, 554, 555, 556, 557, 558, 559, 560, 561, 562, 563, 564, 565, 566, 567, 568, 569, 570, 571, 572, 573, 574, 575, 576, 577, 578, 579, 580, 581, 582, 583, 584, 585, 586, 587, 588, 589, 590, 591, 592, 593, 594, 595, 596, 597, 598, 599, 600, 601, 602, 603, 604, 605, 606, 607, 608, 609, 610, 611, 612, 613, 614, 615, 616, 617, 618, 619, 620, 621, 622, 623, 624, 625, 626, 627, 628, 629, 630, 631, 632, 633, 634, 635, 636, 637, 638, 639, 640, 641, 642, 643, 644, 645, 646, 647, 648, 649, 650, 651, 652, 653, 654, 655, 656, 657, 658, 659, 660, 661, 662, 663, 664, 665, 666, 667, 668, 669, 670, 671, 672, 673, 674, 675, 676, 677, 678, 679, 680, 681, 682, 683, 684, 685, 686, 687, 688, 689, 690, 691, 692, 693, 694, 695, 696, 697, 698, 699, 700, 701, 702, 703, 704, 705, 706, 707, 708, 709, 710, 711, 712, 713, 714, 715, 716, 717, 718, 719, 720, 721, 722, 723, 724, 725, 726, 727, 728, 729, 730, 731, 732, 733, 734, 735, 736, 737, 738, 739, 740, 741, 742, 743, 744, 745, 746, 747, 748, 749, 750, 751, 752, 753, 754, 755, 756, 757, 758, 759, 760, 761, 762, 763, 764, 765, 766, 767, 768, 769, 770, 771, 772, 773, 774, 775, 776, 777, 778, 779, 780, 781, 782, 783, 784, 785, 786, 787, 788, 789, 790, 791, 792, 793, 794, 795, 796, 797, 798, 799, 800, 801, 802, 803, 804, 805, 806, 807, 808, 809, 810, 811, 812, 813, 814, 815, 816, 817, 818, 819, 820, 821, 822, 823, 824, 825, 826, 827, 828, 829, 830, 831, 832, 833, 834, 835, 836, 837, 838, 839, 840, 841, 842, 843, 844, 845, 846, 847, 848, 849, 850, 851, 852, 853, 854, 855, 856, 857, 858, 859, 860, 861, 862, 863, 864, 865, 866, 867, 868, 869, 870, 871, 872, 873, 874, 875, 876, 877, 878, 879, 880, 881, 882, 883, 884, 885, 886, 887, 888, 889, 890, 941, 942, 943, 944, 945, 946, 947, 948, 949, 950, 951, 952, 953, 954, 955, 956, 957, 958, 959, 960, 961, 962, 963, 964, 965, 966, 967, 968, 969, 970, 971, 972, 973, 974, 975, 976, 977, 978, 979, 980, 981, 982, 983, 984, 985, 986, 987, 988, 989, 990, 991, 992, 993, 994, 995, 996, 997, 998, 999, 1000, 1001, 1002, 1003, 1004, 1005, 1006, 1007, 1008, 1009, 1010, 1011, 1012, 1013, 1014, 1015, 1016, 1017, 1018, 1019, 1020, 1021, 1022, 1023, 1024, 1025, 1026, 1027, 1028, 1029, 1030, 1031, 1032, 1033, 1034, 1035, 1036, 1037, 1038, 1039, 1040, 1041, 1042, 1043, 1044, 1045, 1046, 1047, 1048, 1049, 1050, 1051, 1052, 1053, 1054, 1055, 1056, 1057, 1058, 1059, 1060, 1061, 1062, 1063, 1064, 1065, 1066, 1067, 1068, 1069, 1070, 1071, 1072, 1073, 1074, 1075, 1076, 1077, 1078, 1079, 1080, 1081, 1082, 1083, 1084, 1085, 1086, 1087, 1088, 1089, 1090, 1091, 1092, 1093, 1094, 1095, 1096, 1097, 1098, 1099, 1100, 1101, 1102, 1103, 1104, 1105, 1106, 1107, 1108, 1109, 1110, 1111, 1112, 1113, 1114, 1115, 1116, 1117, 1118, 1119, 1120, 1121, 1122, 1123, 1124, 1125, 1126, 1127, 1128, 1129, 1130, 1131, 1132, 1133, 1134, 1135, 1136, 1137, 1138, 1139, 1140, 1141, 1142, 1143, 1144, 1145, 1146, 1147, 1148, 1149, 1150, 1151, 1152, 1153, 1154, 1155, 1156, 1157, 1158, 1159, 1160, 1161, 1162, 1163, 1164, 1165, 1166, 1167, 1168, 1169, 1170, 1171, 1172, 1173, 1174, 1175, 1176, 1177, 1178, 1179, 1180, 1181, 1182, 1183, 1184, 1185, 1186, 1187, 1188, 1189, 1190, 1191, 1192, 1193, 1194, 1195, 1196, 1197, 1198, 1199, 1200, 1201, 1202, 1203, 1204, 1205, 1206, 1207, 1208, 1209, 1210, 1211, 1212, 1213, 1214, 1215, 1216, 1217, 1218, 1219, 1220, 1221, 1222, 1223, 1224, 1225, 1226, 1227, 1228, 1229, 1230, 1231, 1232, 1233, 1234, 1235, 1236, 1237, 1238, 1239, 1240, 1241, 1242, 1243, 1244, 1245, 1246, 1247, 1248, 1249, 1250, 1251, 1252, 1253, 1254, 1255, 1256, 1257, 1258, 1259, 1260, 1261, 1262, 1263, 1264, 1265, 1266, 1267, 1268, 1269, 1270, 1271, 1272, 1273, 1274, 1275, 1276, 1277, 1278, 1279, 1280, 1281, 1282, 1283, 1284, 1285, 1286, 1287, 1288, 1289, 1290, 1291, 1292, 1293, 1294, 1295, 1296, 1297, 1298, 1299, 1300, 1301, 1302, 1303, 1304, 1305, 1306, 1307, 1308, 1309, 1310, 1311, 1312, 1313, 1314, 1315, 1316, 1317, 1318, 1319, 1320, 1321, 1322, 1323, 1324, 1325, 1326, 1327, 1328, 1329, 1330, 1331, 1332, 1333, 1334, 1335, 1336, 1337, 1338, 1339, 1340, 1341, 1342, 1343, 1344, 1345, 1346, 1347, 1348, 1349, 1350, 1351, 1352, 1353, 1354, 1355, 1356, 1357, 1358, 1359, 1360, 1361, 1362, 1363, 1364, 1365, 1366, 1367, 1368, 1369, 1370, 1371, 1372, 1373, 1374, 1375, 1376, 1377, 1378, 1379, 1380], ""field"": null, ""op"": ""count""}]",Reaggregation of retained AI labels and documented amendments; no new semantic validation.,
P_p0080,p0080,p0080 numeric claim,"{""additional_total"": 360, ""additional_U"": 7, ""additional_assessable"": 353}","{""additional_total"": 360, ""additional_U"": 7, ""additional_assessable"": 353}",MATCH_REPRODUCED,"[{""path"": ""audit/rule_compliance/data/core/07_semantic_validation_ledger.csv"", ""sha256"": ""1cb6a847887d91b903e047d37f32edd859a66908d1d5b9fb2e625e2e7e111ae7""}, {""path"": ""audit/rule_compliance/data/adjudication/patches.json"", ""sha256"": ""eafb2df6eba59d7b0aed12162fcab96ffea4d5c9f4824a11631b71251c72b3d1""}]","[""audit/rule_compliance/protocol/analysis_spec.json"", ""audit/rule_compliance/protocol/CRITERIA_CONTEXT_V1.md""]","[""audit/rule_compliance/code/reproduce.py"", ""audit/rule_compliance/code/recheck_criteria.py"", ""audit/rule_compliance/code/reproduce_revision17.py""]",python audit/rule_compliance/code/reproduce_revision17.py --out reproduced,conservative,Explicitly named result rows and prespecified algebra; repeated prose targets are not new observations,"[{""scope"": ""results"", ""file"": ""table4.csv"", ""selector"": {""domain"": ""local_branch""}, ""csv_rows"": [3], ""field"": ""assessability_denominator"", ""op"": ""field""}, {""scope"": ""results"", ""file"": ""table4.csv"", ""selector"": {""domain"": ""local_branch""}, ""csv_rows"": [3], ""field"": ""U"", ""op"": ""field""}, {""scope"": ""results"", ""file"": ""table4.csv"", ""selector"": {""domain"": ""local_branch""}, ""csv_rows"": [3], ""field"": ""compliance_denominator"", ""op"": ""field""}]",Reaggregation of retained AI labels and documented amendments; no new semantic validation.,
P_p0091,p0091,p0091 numeric claim,"{""initial_C"": 222, ""initial_assessable"": 232, ""initial_V"": 10, ""initial_U"": 8, ""initial_total"": 240, ""event_C"": 316, ""event_assessable"": 333, ""additional_C"": 180, ""additional_V"": 173, ""additional_U"": 7}","{""initial_C"": 222, ""initial_assessable"": 232, ""initial_V"": 10, ""initial_U"": 8, ""initial_total"": 240, ""event_C"": 316, ""event_assessable"": 333, ""additional_C"": 180, ""additional_V"": 173, ""additional_U"": 7}",MATCH_REPRODUCED,"[{""path"": ""audit/rule_compliance/data/core/07_semantic_validation_ledger.csv"", ""sha256"": ""1cb6a847887d91b903e047d37f32edd859a66908d1d5b9fb2e625e2e7e111ae7""}, {""path"": ""audit/rule_compliance/data/adjudication/patches.json"", ""sha256"": ""eafb2df6eba59d7b0aed12162fcab96ffea4d5c9f4824a11631b71251c72b3d1""}]","[""audit/rule_compliance/protocol/analysis_spec.json"", ""audit/rule_compliance/protocol/CRITERIA_CONTEXT_V1.md""]","[""audit/rule_compliance/code/reproduce.py"", ""audit/rule_compliance/code/recheck_criteria.py"", ""audit/rule_compliance/code/reproduce_revision17.py""]",python audit/rule_compliance/code/reproduce_revision17.py --out reproduced,conservative,Explicitly named result rows and prespecified algebra; repeated prose targets are not new observations,"[{""scope"": ""results"", ""file"": ""table4.csv"", ""selector"": {""domain"": ""initial_role""}, ""csv_rows"": [2], ""field"": ""C"", ""op"": ""field""}, {""scope"": ""results"", ""file"": ""table4.csv"", ""selector"": {""domain"": ""initial_role""}, ""csv_rows"": [2], ""field"": ""compliance_denominator"", ""op"": ""field""}, {""scope"": ""results"", ""file"": ""table4.csv"", ""selector"": {""domain"": ""initial_role""}, ""csv_rows"": [2], ""field"": ""V"", ""op"": ""field""}, {""scope"": ""results"", ""file"": ""table4.csv"", ""selector"": {""domain"": ""initial_role""}, ""csv_rows"": [2], ""field"": ""U"", ""op"": ""field""}, {""scope"": ""results"", ""file"": ""table4.csv"", ""selector"": {""domain"": ""initial_role""}, ""csv_rows"": [2], ""field"": ""assessability_denominator"", ""op"": ""field""}, {""scope"": ""results"", ""file"": ""table4.csv"", ""selector"": {""domain"": ""event_condition""}, ""csv_rows"": [4], ""field"": ""C"", ""op"": ""field""}, {""scope"": ""results"", ""file"": ""table4.csv"", ""selector"": {""domain"": ""event_condition""}, ""csv_rows"": [4], ""field"": ""compliance_denominator"", ""op"": ""field""}, {""scope"": ""results"", ""file"": ""table4.csv"", ""selector"": {""domain"": ""local_branch""}, ""csv_rows"": [3], ""field"": ""C"", ""op"": ""field""}, {""scope"": ""results"", ""file"": ""table4.csv"", ""selector"": {""domain"": ""local_branch""}, ""csv_rows"": [3], ""field"": ""V"", ""op"": ""field""}, {""scope"": ""results"", ""file"": ""table4.csv"", ""selector"": {""domain"": ""local_branch""}, ""csv_rows"": [3], ""field"": ""U"", ""op"": ""field""}]",Reaggregation of retained AI labels and documented amendments; no new semantic validation.,
P_p0094,p0094,p0094 numeric claim,"{""continuation_assessable"": 200, ""continuation_n"": 360, ""C"": 180, ""V"": 20, ""U"": 160, ""conditional_percent"": 90.0, ""assessable_percent"": 55.56, ""initial_clear_C"": 230, ""initial_clear_n"": 240, ""initial_clear_percent"": 95.83, ""initial_conservative_C"": 222, ""initial_conservative_assessable"": 232, ""initial_conservative_percent"": 95.69, ""initial_original_C"": 233, ""initial_original_n"": 240, ""initial_original_percent"": 97.08}","{""continuation_assessable"": 200, ""continuation_n"": 360, ""C"": 180, ""V"": 20, ""U"": 160, ""conditional_percent"": 90.0, ""assessable_percent"": 55.56, ""initial_clear_C"": 230, ""initial_clear_n"": 240, ""initial_clear_percent"": 95.83, ""initial_conservative_C"": 222, ""initial_conservative_assessable"": 232, ""initial_conservative_percent"": 95.69, ""initial_original_C"": 233, ""initial_original_n"": 240, ""initial_original_percent"": 97.08}",MATCH_REPRODUCED,"[{""path"": ""audit/rule_compliance/data/core/07_semantic_validation_ledger.csv"", ""sha256"": ""1cb6a847887d91b903e047d37f32edd859a66908d1d5b9fb2e625e2e7e111ae7""}, {""path"": ""audit/rule_compliance/data/adjudication/patches.json"", ""sha256"": ""eafb2df6eba59d7b0aed12162fcab96ffea4d5c9f4824a11631b71251c72b3d1""}]","[""audit/rule_compliance/protocol/analysis_spec.json"", ""audit/rule_compliance/protocol/CRITERIA_CONTEXT_V1.md""]","[""audit/rule_compliance/code/reproduce.py"", ""audit/rule_compliance/code/recheck_criteria.py"", ""audit/rule_compliance/code/reproduce_revision17.py""]",python audit/rule_compliance/code/reproduce_revision17.py --out reproduced,sensitivity,Explicitly named result rows and prespecified algebra; repeated prose targets are not new observations,"[{""scope"": ""results"", ""file"": ""table4.csv"", ""selector"": {""domain"": ""parent_coverage""}, ""csv_rows"": [5], ""field"": ""compliance_denominator"", ""op"": ""field""}, {""scope"": ""results"", ""file"": ""table4.csv"", ""selector"": {""domain"": ""parent_coverage""}, ""csv_rows"": [5], ""field"": ""assessability_denominator"", ""op"": ""field""}, {""scope"": ""results"", ""file"": ""table4.csv"", ""selector"": {""domain"": ""parent_coverage""}, ""csv_rows"": [5], ""field"": ""C"", ""op"": ""field""}, {""scope"": ""results"", ""file"": ""table4.csv"", ""selector"": {""domain"": ""parent_coverage""}, ""csv_rows"": [5], ""field"": ""V"", ""op"": ""field""}, {""scope"": ""results"", ""file"": ""table4.csv"", ""selector"": {""domain"": ""parent_coverage""}, ""csv_rows"": [5], ""field"": ""U"", ""op"": ""field""}, {""scope"": ""results"", ""file"": ""table4.csv"", ""selector"": {""domain"": ""parent_coverage""}, ""csv_rows"": [5], ""field"": ""conditional_compliance_percent"", ""op"": ""field""}, {""scope"": ""results"", ""file"": ""table4.csv"", ""selector"": {""domain"": ""parent_coverage""}, ""csv_rows"": [5], ""field"": ""assessable_percent"", ""op"": ""field""}, {""scope"": ""results"", ""file"": ""criteria/criteria_comparison.csv"", ""selector"": {""scenario"": ""clear_corrections"", ""domain"": ""initial_role""}, ""csv_rows"": [6], ""field"": ""C"", ""op"": ""field""}, {""scope"": ""results"", ""file"": ""criteria/criteria_comparison.csv"", ""selector"": {""scenario"": ""clear_corrections"", ""domain"": ""initial_role""}, ""csv_rows"": [6], ""field"": ""assessability_denominator"", ""op"": ""field""}, {""scope"": ""results"", ""file"": ""criteria/criteria_comparison.csv"", ""selector"": {""scenario"": ""clear_corrections"", ""domain"": ""initial_role""}, ""csv_rows"": [6], ""field"": ""conditional_compliance_percent"", ""op"": ""field""}, {""scope"": ""results"", ""file"": ""criteria/criteria_comparison.csv"", ""selector"": {""scenario"": ""conservative_boundaries"", ""domain"": ""initial_role""}, ""csv_rows"": [10], ""field"": ""C"", ""op"": ""field""}, {""scope"": ""results"", ""file"": ""criteria/criteria_comparison.csv"", ""selector"": {""scenario"": ""conservative_boundaries"", ""domain"": ""initial_role""}, ""csv_rows"": [10], ""field"": ""compliance_denominator"", ""op"": ""field""}, {""scope"": ""results"", ""file"": ""criteria/criteria_comparison.csv"", ""selector"": {""scenario"": ""conservative_boundaries"", ""domain"": ""initial_role""}, ""csv_rows"": [10], ""field"": ""conditional_compliance_percent"", ""op"": ""field""}, {""scope"": ""results"", ""file"": ""criteria/criteria_comparison.csv"", ""selector"": {""scenario"": ""legacy_frozen"", ""domain"": ""initial_role""}, ""csv_rows"": [2], ""field"": ""C"", ""op"": ""field""}, {""scope"": ""results"", ""file"": ""criteria/criteria_comparison.csv"", ""selector"": {""scenario"": ""legacy_frozen"", ""domain"": ""initial_role""}, ""csv_rows"": [2], ""field"": ""assessability_denominator"", ""op"": ""field""}, {""scope"": ""results"", ""file"": ""criteria/criteria_comparison.csv"", ""selector"": {""scenario"": ""legacy_frozen"", ""domain"": ""initial_role""}, ""csv_rows"": [2], ""field"": ""conditional_compliance_percent"", ""op"": ""field""}]",Reaggregation of retained AI labels and documented amendments; no new semantic validation.,
P_p0095,p0095,p0095 numeric claim,"{""combination_T2"": [67, 119, 56.3], ""combination_T3"": [59, 118, 50.0], ""combination_T4"": [54, 116, 46.55], ""combination_violations"": [52, 59, 62], ""turn_n"": 120, ""event_compliance_percent"": [90.99, 98.26, 95.33]}","{""combination_T2"": [67, 119, 56.3], ""combination_T3"": [59, 118, 50.0], ""combination_T4"": [54, 116, 46.55], ""combination_violations"": [52, 59, 62], ""turn_n"": 120, ""event_compliance_percent"": [90.99, 98.26, 95.33]}",MATCH_REPRODUCED,"[{""path"": ""audit/rule_compliance/data/core/07_semantic_validation_ledger.csv"", ""sha256"": ""1cb6a847887d91b903e047d37f32edd859a66908d1d5b9fb2e625e2e7e111ae7""}, {""path"": ""audit/rule_compliance/data/adjudication/patches.json"", ""sha256"": ""eafb2df6eba59d7b0aed12162fcab96ffea4d5c9f4824a11631b71251c72b3d1""}]","[""audit/rule_compliance/protocol/analysis_spec.json"", ""audit/rule_compliance/protocol/CRITERIA_CONTEXT_V1.md""]","[""audit/rule_compliance/code/reproduce.py"", ""audit/rule_compliance/code/recheck_criteria.py"", ""audit/rule_compliance/code/reproduce_revision17.py""]",python audit/rule_compliance/code/reproduce_revision17.py --out reproduced,conservative_by_turn,Explicitly named result rows and prespecified algebra; repeated prose targets are not new observations,"[{""scope"": ""results"", ""file"": ""turn_summary.csv"", ""selector"": {""domain"": ""local_branch"", ""turn"": ""2""}, ""csv_rows"": [3], ""field"": ""C"", ""op"": ""field""}, {""scope"": ""results"", ""file"": ""turn_summary.csv"", ""selector"": {""domain"": ""local_branch"", ""turn"": ""2""}, ""csv_rows"": [3], ""field"": ""compliance_denominator"", ""op"": ""field""}, {""scope"": ""results"", ""file"": ""turn_summary.csv"", ""selector"": {""domain"": ""local_branch"", ""turn"": ""2""}, ""csv_rows"": [3], ""field"": ""conditional_compliance_percent"", ""op"": ""field""}, {""scope"": ""results"", ""file"": ""turn_summary.csv"", ""selector"": {""domain"": ""local_branch"", ""turn"": ""3""}, ""csv_rows"": [4], ""field"": ""C"", ""op"": ""field""}, {""scope"": ""results"", ""file"": ""turn_summary.csv"", ""selector"": {""domain"": ""local_branch"", ""turn"": ""3""}, ""csv_rows"": [4], ""field"": ""compliance_denominator"", ""op"": ""field""}, {""scope"": ""results"", ""file"": ""turn_summary.csv"", ""selector"": {""domain"": ""local_branch"", ""turn"": ""3""}, ""csv_rows"": [4], ""field"": ""conditional_compliance_percent"", ""op"": ""field""}, {""scope"": ""results"", ""file"": ""turn_summary.csv"", ""selector"": {""domain"": ""local_branch"", ""turn"": ""4""}, ""csv_rows"": [5], ""field"": ""C"", ""op"": ""field""}, {""scope"": ""results"", ""file"": ""turn_summary.csv"", ""selector"": {""domain"": ""local_branch"", ""turn"": ""4""}, ""csv_rows"": [5], ""field"": ""compliance_denominator"", ""op"": ""field""}, {""scope"": ""results"", ""file"": ""turn_summary.csv"", ""selector"": {""domain"": ""local_branch"", ""turn"": ""4""}, ""csv_rows"": [5], ""field"": ""conditional_compliance_percent"", ""op"": ""field""}, {""scope"": ""results"", ""file"": ""turn_summary.csv"", ""selector"": {""domain"": ""local_branch"", ""turn"": ""2""}, ""csv_rows"": [3], ""field"": ""V"", ""op"": ""field""}, {""scope"": ""results"", ""file"": ""turn_summary.csv"", ""selector"": {""domain"": ""local_branch"", ""turn"": ""3""}, ""csv_rows"": [4], ""field"": ""V"", ""op"": ""field""}, {""scope"": ""results"", ""file"": ""turn_summary.csv"", ""selector"": {""domain"": ""local_branch"", ""turn"": ""4""}, ""csv_rows"": [5], ""field"": ""V"", ""op"": ""field""}, {""scope"": ""results"", ""file"": ""turn_summary.csv"", ""selector"": {""domain"": ""local_branch"", ""turn"": ""2""}, ""csv_rows"": [3], ""field"": ""assessability_denominator"", ""op"": ""field""}, {""scope"": ""results"", ""file"": ""turn_summary.csv"", ""selector"": {""domain"": ""event_condition"", ""turn"": ""2""}, ""csv_rows"": [6], ""field"": ""conditional_compliance_percent"", ""op"": ""field""}, {""scope"": ""results"", ""file"": ""turn_summary.csv"", ""selector"": {""domain"": ""event_condition"", ""turn"": ""3""}, ""csv_rows"": [7], ""field"": ""conditional_compliance_percent"", ""op"": ""field""}, {""scope"": ""results"", ""file"": ""turn_summary.csv"", ""selector"": {""domain"": ""event_condition"", ""turn"": ""4""}, ""csv_rows"": [8], ""field"": ""conditional_compliance_percent"", ""op"": ""field""}]",Reaggregation of retained AI labels and documented amendments; no new semantic validation.,
P_p0096,p0096,p0096 numeric claim,"{""continuation_assessable"": [116, 39, 45], ""turn_n"": 120, ""U"": [4, 81, 75]}","{""continuation_assessable"": [116, 39, 45], ""turn_n"": 120, ""U"": [4, 81, 75]}",MATCH_REPRODUCED,"[{""path"": ""audit/rule_compliance/data/core/07_semantic_validation_ledger.csv"", ""sha256"": ""1cb6a847887d91b903e047d37f32edd859a66908d1d5b9fb2e625e2e7e111ae7""}, {""path"": ""audit/rule_compliance/data/adjudication/patches.json"", ""sha256"": ""eafb2df6eba59d7b0aed12162fcab96ffea4d5c9f4824a11631b71251c72b3d1""}]","[""audit/rule_compliance/protocol/analysis_spec.json"", ""audit/rule_compliance/protocol/CRITERIA_CONTEXT_V1.md""]","[""audit/rule_compliance/code/reproduce.py"", ""audit/rule_compliance/code/recheck_criteria.py"", ""audit/rule_compliance/code/reproduce_revision17.py""]",python audit/rule_compliance/code/reproduce_revision17.py --out reproduced,conservative_by_turn,Explicitly named result rows and prespecified algebra; repeated prose targets are not new observations,"[{""scope"": ""results"", ""file"": ""turn_summary.csv"", ""selector"": {""domain"": ""parent_coverage"", ""turn"": ""2""}, ""csv_rows"": [9], ""field"": ""compliance_denominator"", ""op"": ""field""}, {""scope"": ""results"", ""file"": ""turn_summary.csv"", ""selector"": {""domain"": ""parent_coverage"", ""turn"": ""3""}, ""csv_rows"": [10], ""field"": ""compliance_denominator"", ""op"": ""field""}, {""scope"": ""results"", ""file"": ""turn_summary.csv"", ""selector"": {""domain"": ""parent_coverage"", ""turn"": ""4""}, ""csv_rows"": [11], ""field"": ""compliance_denominator"", ""op"": ""field""}, {""scope"": ""results"", ""file"": ""turn_summary.csv"", ""selector"": {""domain"": ""parent_coverage"", ""turn"": ""2""}, ""csv_rows"": [9], ""field"": ""assessability_denominator"", ""op"": ""field""}, {""scope"": ""results"", ""file"": ""turn_summary.csv"", ""selector"": {""domain"": ""parent_coverage"", ""turn"": ""2""}, ""csv_rows"": [9], ""field"": ""U"", ""op"": ""field""}, {""scope"": ""results"", ""file"": ""turn_summary.csv"", ""selector"": {""domain"": ""parent_coverage"", ""turn"": ""3""}, ""csv_rows"": [10], ""field"": ""U"", ""op"": ""field""}, {""scope"": ""results"", ""file"": ""turn_summary.csv"", ""selector"": {""domain"": ""parent_coverage"", ""turn"": ""4""}, ""csv_rows"": [11], ""field"": ""U"", ""op"": ""field""}]",Reaggregation of retained AI labels and documented amendments; no new semantic validation.,
P_p0087,p0087,p0087 numeric claim,"{""reported_prior_tension"": 0.75, ""reported_prior_support"": 0.7, ""threshold"": 0.8, ""reported_post_tension"": 0.65, ""reported_post_support"": 0.8}",,NOT_REPRODUCED,"[{""path"": ""audit/rule_compliance/source_assets.csv"", ""sha256"": ""36eee80d3ce950afff8cc8a824ad83dce5083cf870b1bc3f74c28c41c5f8bf4a""}, {""path"": ""audit/rule_compliance/protocol/control_requirements.csv"", ""sha256"": ""59bddbd663c1a234b69794f45d6e2ddf7f701eb598dff2e42c1a59e11657cf47""}]","[""audit/rule_compliance/protocol/control_requirements.csv""]","[""audit/rule_compliance/code/reproduce.py"", ""audit/rule_compliance/code/recheck_criteria.py"", ""audit/rule_compliance/code/reproduce_revision17.py""]",python audit/rule_compliance/code/reproduce_revision17.py --out reproduced,case_Claude01_T3,Explicitly named result rows and prespecified algebra; repeated prose targets are not new observations,[],Reaggregation of retained AI labels and documented amendments; no new semantic validation.,Claude01 Turn3 illustrative source values require the cited preserved output passages; no equivalent structured public numerical case input was identified.
P_p0099,p0099,p0099 numeric claim,"{""checked_state"": [0.75, 0.8, 0.85, 1.0], ""reported_public_opinion"": 0.8, ""other_matching_components"": 3}","{""checked_state"": [0.75, 0.8, 0.85, 1.0], ""reported_public_opinion"": 0.8, ""other_matching_components"": 3}",MATCH_REPRODUCED,"[{""path"": ""audit/rule_compliance/annotations/local_case_inputs.json"", ""sha256"": ""2fce0cf8691c3542b6ba4a4ef4d46042d5eb0f9529cfd0d58954353b7474b928""}, {""path"": ""audit/rule_compliance/protocol/control_requirements.csv"", ""sha256"": ""59bddbd663c1a234b69794f45d6e2ddf7f701eb598dff2e42c1a59e11657cf47""}]","[""audit/rule_compliance/protocol/control_requirements.csv"", ""audit/rule_compliance/protocol/analysis_spec.json""]","[""audit/rule_compliance/code/reproduce.py"", ""audit/rule_compliance/code/recheck_criteria.py"", ""audit/rule_compliance/code/reproduce_revision17.py""]",python audit/rule_compliance/code/reproduce_revision17.py --out reproduced,conditional_arithmetic,Explicitly named result rows and prespecified algebra; repeated prose targets are not new observations,"[{""scope"": ""results"", ""file"": ""legacy_fixed/local_case_calculations.csv"", ""selector"": {""case_id"": ""CLA01_T4_Tension""}, ""csv_rows"": [2], ""field"": ""computed"", ""op"": ""field""}, {""scope"": ""results"", ""file"": ""legacy_fixed/local_case_calculations.csv"", ""selector"": {""case_id"": ""CLA01_T4_Diplomatic_Support""}, ""csv_rows"": [3], ""field"": ""computed"", ""op"": ""field""}, {""scope"": ""results"", ""file"": ""legacy_fixed/local_case_calculations.csv"", ""selector"": {""case_id"": ""CLA01_T4_Public_Opinion""}, ""csv_rows"": [4], ""field"": ""computed"", ""op"": ""field""}, {""scope"": ""results"", ""file"": ""legacy_fixed/local_case_calculations.csv"", ""selector"": {""case_id"": ""CLA01_T4_Leadership_Unity""}, ""csv_rows"": [5], ""field"": ""computed"", ""op"": ""field""}, {""scope"": ""results"", ""file"": ""legacy_fixed/local_case_calculations.csv"", ""selector"": {""case_id"": ""CLA01_T4_Public_Opinion""}, ""csv_rows"": [4], ""field"": ""reported"", ""op"": ""field""}, {""scope"": ""results"", ""file"": ""legacy_fixed/local_case_calculations.csv"", ""selector"": {""numeric_correspondence"": ""준수""}, ""csv_rows"": [2, 3, 5], ""field"": null, ""op"": ""count""}]",Reaggregation of retained AI labels and documented amendments; no new semantic validation.,
P_p0100,p0100,p0100 numeric claim,"{""selected_weight_quotes"": 27, ""matching"": 16, ""differing"": 1, ""absent_field"": 10}","{""selected_weight_quotes"": 27, ""matching"": 16, ""differing"": 1, ""absent_field"": 10}",MATCH_REPRODUCED,"[{""path"": ""audit/rule_compliance/data/supplemental_partial/actor_weight_value_checks.csv"", ""sha256"": ""ab8c2a9ea79bcf921f85309c4bbe69b269fb902f8d349624238b5f748980210d""}, {""path"": ""audit/rule_compliance/protocol/control_requirements.csv"", ""sha256"": ""59bddbd663c1a234b69794f45d6e2ddf7f701eb598dff2e42c1a59e11657cf47""}]","[""audit/rule_compliance/protocol/control_requirements.csv"", ""audit/rule_compliance/protocol/analysis_spec.json""]","[""audit/rule_compliance/code/reproduce.py"", ""audit/rule_compliance/code/recheck_criteria.py"", ""audit/rule_compliance/code/reproduce_revision17.py""]",python audit/rule_compliance/code/reproduce_revision17.py --out reproduced,completed_partial,Explicitly named result rows and prespecified algebra; repeated prose targets are not new observations,"[{""scope"": ""repo"", ""file"": ""audit/rule_compliance/data/supplemental_partial/actor_weight_value_checks.csv"", ""selector"": {}, ""csv_rows"": [2, 3, 4, 5, 6, 7, 8, 9, 10, 11, 12, 13, 14, 15, 16, 17, 18, 19, 20, 21, 22, 23, 24, 25, 26, 27, 28], ""field"": null, ""op"": ""count""}, {""scope"": ""results"", ""file"": ""legacy_fixed/technical_results.json"", ""json_path"": [""weight_quote_distribution"", ""numeric_match""]}, {""scope"": ""results"", ""file"": ""legacy_fixed/technical_results.json"", ""json_path"": [""weight_quote_distribution"", ""numeric_mismatch""]}, {""scope"": ""results"", ""file"": ""legacy_fixed/technical_results.json"", ""json_path"": [""weight_quote_distribution"", ""missing_attributed_path""]}]",Reaggregation of retained AI labels and documented amendments; no new semantic validation.,
P_p0101,p0101,p0101 numeric claim,"{""narrative_claim"": 0, ""logged_US_states"": [0.3, 0.3, 0.1], ""reviewed_runs"": 41, ""archive_runs"": 120}",,NOT_REPRODUCED,"[{""path"": ""audit/rule_compliance/annotations/narrative_anchors.json"", ""sha256"": ""237ae07c33c096e21804715067fca7b216b4e8211821a6e994b74895df9e2d5f""}, {""path"": ""audit/rule_compliance/data/supplemental_partial/narrative_ledger.csv"", ""sha256"": ""cb9de25b97446dafe0679f8d1a4ef9376f16f412c7299245b7b2fa298cfd5d4b""}]","[""audit/rule_compliance/protocol/analysis_spec.json""]","[""audit/rule_compliance/code/reproduce.py"", ""audit/rule_compliance/code/recheck_criteria.py"", ""audit/rule_compliance/code/reproduce_revision17.py""]",python audit/rule_compliance/code/reproduce_revision17.py --out reproduced,Gemini28_narrative,Explicitly named result rows and prespecified algebra; repeated prose targets are not new observations,[],Reaggregation of retained AI labels and documented amendments; no new semantic validation.,Gemini28 narrative/log numerical claim has source-linked narrative evidence but no separate structured numerical case calculation in this module.
P_p0104,p0104,p0104 numeric claim,"{""total"": 40, ""C"": 15, ""V"": 13, ""U"": 12, ""common_frame"": 38, ""examples"": 2, ""already_reflected_changes"": 3}","{""total"": 40, ""C"": 15, ""V"": 13, ""U"": 12, ""common_frame"": 38, ""examples"": 2, ""already_reflected_changes"": 3}",MATCH_REPRODUCED,"[{""path"": ""audit/rule_compliance/data/diagnostic/ai_review_40.csv"", ""sha256"": ""c5041678eb850be3f6787d3d8c4d86929a834c2935a19087f6287f10dc80c575""}, {""path"": ""audit/rule_compliance/data/adjudication/patches.json"", ""sha256"": ""eafb2df6eba59d7b0aed12162fcab96ffea4d5c9f4824a11631b71251c72b3d1""}]","[""audit/rule_compliance/data/diagnostic/README.md"", ""audit/rule_compliance/protocol/CRITERIA_CONTEXT_V1.md""]","[""audit/rule_compliance/code/reproduce_diagnostic.py"", ""audit/rule_compliance/code/recheck_criteria.py""]",python audit/rule_compliance/code/reproduce_revision17.py --out reproduced,AI_diagnostic_40,Explicitly named result rows and prespecified algebra; repeated prose targets are not new observations,"[{""scope"": ""results"", ""file"": ""diagnostic/diagnostic_counts.csv"", ""selector"": {""scope"": ""all_diagnostic""}, ""csv_rows"": [4], ""field"": ""items"", ""op"": ""field""}, {""scope"": ""results"", ""file"": ""diagnostic/diagnostic_counts.csv"", ""selector"": {""scope"": ""all_diagnostic""}, ""csv_rows"": [4], ""field"": ""C"", ""op"": ""field""}, {""scope"": ""results"", ""file"": ""diagnostic/diagnostic_counts.csv"", ""selector"": {""scope"": ""all_diagnostic""}, ""csv_rows"": [4], ""field"": ""V"", ""op"": ""field""}, {""scope"": ""results"", ""file"": ""diagnostic/diagnostic_counts.csv"", ""selector"": {""scope"": ""all_diagnostic""}, ""csv_rows"": [4], ""field"": ""U"", ""op"": ""field""}, {""scope"": ""results"", ""file"": ""diagnostic/diagnostic_counts.csv"", ""selector"": {""scope"": ""common_selected""}, ""csv_rows"": [2], ""field"": ""items"", ""op"": ""field""}, {""scope"": ""results"", ""file"": ""diagnostic/diagnostic_counts.csv"", ""selector"": {""scope"": ""representative_discrepancy""}, ""csv_rows"": [3], ""field"": ""items"", ""op"": ""field""}, {""scope"": ""results"", ""file"": ""diagnostic/diagnostic_core_linkage.csv"", ""selector"": {""case_id"": [""HR-011"", ""HR-037"", ""HR-038""]}, ""csv_rows"": [12, 38, 39], ""field"": null, ""op"": ""count""}]",Selected diagnostic AI labels; not pooled with common judgments or human review,
P_p0105,p0105,p0105 numeric claim,"{""missing_checks"": 4, ""missing_responses"": 2, ""active_path"": 3, ""termination"": 2, ""certainty"": 1, ""compound_event"": 2}","{""missing_checks"": 4, ""missing_responses"": 2, ""active_path"": 3, ""termination"": 2, ""certainty"": 1, ""compound_event"": 2}",MATCH_REPRODUCED,"[{""path"": ""audit/rule_compliance/data/diagnostic/ai_review_40.csv"", ""sha256"": ""c5041678eb850be3f6787d3d8c4d86929a834c2935a19087f6287f10dc80c575""}, {""path"": ""audit/rule_compliance/data/diagnostic/u_reason_assignments.csv"", ""sha256"": ""58b2eadb797e438d2e86108f3ecf196db8f56941ca1af1bc2adeba23e2061ed8""}]","[""audit/rule_compliance/data/diagnostic/README.md"", ""audit/rule_compliance/protocol/CRITERIA_CONTEXT_V1.md""]","[""audit/rule_compliance/code/reproduce_diagnostic.py"", ""audit/rule_compliance/code/recheck_criteria.py""]",python audit/rule_compliance/code/reproduce_revision17.py --out reproduced,AI_diagnostic_40,Explicitly named result rows and prespecified algebra; repeated prose targets are not new observations,"[{""scope"": ""results"", ""file"": ""diagnostic/diagnostic_u_reason_counts.csv"", ""selector"": {""reason_code"": ""missing_turn_response""}, ""csv_rows"": [2], ""field"": ""items"", ""op"": ""field""}, {""scope"": ""repo"", ""file"": ""audit/rule_compliance/data/diagnostic/u_reason_assignments.csv"", ""selector"": {""reason_code"": ""missing_turn_response""}, ""csv_rows"": [2, 3, 4, 5], ""field"": ""dependency_group"", ""op"": ""distinct_count""}, {""scope"": ""results"", ""file"": ""diagnostic/diagnostic_u_reason_counts.csv"", ""selector"": {""reason_code"": ""unclear_active_parent_set""}, ""csv_rows"": [3], ""field"": ""items"", ""op"": ""field""}, {""scope"": ""results"", ""file"": ""diagnostic/diagnostic_u_reason_counts.csv"", ""selector"": {""reason_code"": ""termination_applicability""}, ""csv_rows"": [4], ""field"": ""items"", ""op"": ""field""}, {""scope"": ""results"", ""file"": ""diagnostic/diagnostic_u_reason_counts.csv"", ""selector"": {""reason_code"": ""certainty_language""}, ""csv_rows"": [5], ""field"": ""items"", ""op"": ""field""}, {""scope"": ""results"", ""file"": ""diagnostic/diagnostic_u_reason_counts.csv"", ""selector"": {""reason_code"": ""compound_event_linkage""}, ""csv_rows"": [6], ""field"": ""items"", ""op"": ""field""}]",Selected diagnostic AI labels; not pooled with common judgments or human review,
P_p0106,p0106,p0106 numeric claim,"{""CLA19_turn"": 3, ""paths"": 3, ""main_pairs_per_path"": 1, ""additional_pairs_per_path"": 2}",,NOT_REPRODUCED,"[{""path"": ""audit/rule_compliance/data/diagnostic/ai_review_40.csv"", ""sha256"": ""c5041678eb850be3f6787d3d8c4d86929a834c2935a19087f6287f10dc80c575""}]","[""audit/rule_compliance/data/diagnostic/README.md"", ""audit/rule_compliance/protocol/CRITERIA_CONTEXT_V1.md""]","[""audit/rule_compliance/code/reproduce_diagnostic.py"", ""audit/rule_compliance/code/recheck_criteria.py""]",python audit/rule_compliance/code/reproduce_revision17.py --out reproduced,HR003_case,Explicitly named result rows and prespecified algebra; repeated prose targets are not new observations,[],Selected diagnostic AI labels; not pooled with common judgments or human review,HR003 source passage supports a semantic account of paired alternatives; no new passage recoding is performed.
P_p0175,p0175,p0175 numeric claim,"{""readable"": 120, ""reference"": 120, ""state_markers"": 120, ""threshold_markers"": 120, ""result_log"": 119, ""result_log_percent"": 99.2, ""variable_status"": 113, ""variable_status_percent"": 94.2, ""reconfirm"": 111, ""reconfirm_percent"": 92.5, ""full_metadata"": 0, ""checker_phrases"": 0}","{""readable"": 120, ""reference"": 120, ""state_markers"": 120, ""threshold_markers"": 120, ""result_log"": 119, ""result_log_percent"": 99.2, ""variable_status"": 113, ""variable_status_percent"": 94.2, ""reconfirm"": 111, ""reconfirm_percent"": 92.5, ""full_metadata"": 0, ""checker_phrases"": 0}",MATCH_REPRODUCED,"[{""path"": ""audit/rule_compliance/data/supplemental_partial/fresh_marker_results_120.csv"", ""sha256"": ""6b035893af8d24bca8530135a2b9525b3a50f5b83b30a0abbecf6e658e57208b""}]","[""audit/rule_compliance/protocol/analysis_spec.json"", ""audit/rule_compliance/protocol/CRITERIA_CONTEXT_V1.md""]","[""audit/rule_compliance/code/reproduce.py"", ""audit/rule_compliance/code/recheck_criteria.py"", ""audit/rule_compliance/code/reproduce_revision17.py""]",python audit/rule_compliance/code/reproduce_revision17.py --out reproduced,legacy_document_search,Explicitly named result rows and prespecified algebra; repeated prose targets are not new observations,"[{""scope"": ""results"", ""file"": ""marker_summary.csv"", ""selector"": {""marker"": ""readable_text""}, ""csv_rows"": [2], ""field"": ""found"", ""op"": ""field""}, {""scope"": ""results"", ""file"": ""marker_summary.csv"", ""selector"": {""marker"": ""artifact_reference""}, ""csv_rows"": [3], ""field"": ""found"", ""op"": ""field""}, {""scope"": ""results"", ""file"": ""marker_summary.csv"", ""selector"": {""marker"": ""all_four_state_dimensions""}, ""csv_rows"": [5], ""field"": ""found"", ""op"": ""field""}, {""scope"": ""results"", ""file"": ""marker_summary.csv"", ""selector"": {""marker"": ""trigger_or_threshold""}, ""csv_rows"": [6], ""field"": ""found"", ""op"": ""field""}, {""scope"": ""results"", ""file"": ""marker_summary.csv"", ""selector"": {""marker"": ""explicit_result_log_label""}, ""csv_rows"": [4], ""field"": ""found"", ""op"": ""field""}, {""scope"": ""results"", ""file"": ""marker_summary.csv"", ""selector"": {""marker"": ""explicit_result_log_label""}, ""csv_rows"": [4], ""field"": ""found"", ""op"": ""field""}, {""scope"": ""results"", ""file"": ""marker_summary.csv"", ""selector"": {""marker"": ""explicit_result_log_label""}, ""csv_rows"": [4], ""field"": ""n"", ""op"": ""field""}, {""scope"": ""results"", ""file"": ""marker_summary.csv"", ""selector"": {""marker"": ""variable_status_label""}, ""csv_rows"": [7], ""field"": ""found"", ""op"": ""field""}, {""scope"": ""results"", ""file"": ""marker_summary.csv"", ""selector"": {""marker"": ""variable_status_label""}, ""csv_rows"": [7], ""field"": ""found"", ""op"": ""field""}, {""scope"": ""results"", ""file"": ""marker_summary.csv"", ""selector"": {""marker"": ""variable_status_label""}, ""csv_rows"": [7], ""field"": ""n"", ""op"": ""field""}, {""scope"": ""results"", ""file"": ""marker_summary.csv"", ""selector"": {""marker"": ""explicit_reconfirm_variable_status""}, ""csv_rows"": [8], ""field"": ""found"", ""op"": ""field""}, {""scope"": ""results"", ""file"": ""marker_summary.csv"", ""selector"": {""marker"": ""explicit_reconfirm_variable_status""}, ""csv_rows"": [8], ""field"": ""found"", ""op"": ""field""}, {""scope"": ""results"", ""file"": ""marker_summary.csv"", ""selector"": {""marker"": ""explicit_reconfirm_variable_status""}, ""csv_rows"": [8], ""field"": ""n"", ""op"": ""field""}, {""scope"": ""results"", ""file"": ""marker_summary.csv"", ""selector"": {""marker"": ""metadata_labels_present""}, ""csv_rows"": [9], ""field"": ""found"", ""op"": ""field""}, {""scope"": ""results"", ""file"": ""marker_summary.csv"", ""selector"": {""marker"": ""independent_checker_phrase""}, ""csv_rows"": [10], ""field"": ""found"", ""op"": ""field""}]","Fixed document-marker observations reaggregated, not fresh PDF search or actual model performance",
P_p0187,p0187,p0187 numeric claim,"{""unclipped_unity"": 1.15, ""clipped_unity"": 1.0}","{""unclipped_unity"": 1.15, ""clipped_unity"": 1.0}",MATCH_REPRODUCED,"[{""path"": ""audit/rule_compliance/annotations/local_case_inputs.json"", ""sha256"": ""2fce0cf8691c3542b6ba4a4ef4d46042d5eb0f9529cfd0d58954353b7474b928""}, {""path"": ""audit/rule_compliance/protocol/control_requirements.csv"", ""sha256"": ""59bddbd663c1a234b69794f45d6e2ddf7f701eb598dff2e42c1a59e11657cf47""}]","[""audit/rule_compliance/protocol/control_requirements.csv"", ""audit/rule_compliance/protocol/analysis_spec.json""]","[""audit/rule_compliance/code/reproduce.py"", ""audit/rule_compliance/code/recheck_criteria.py"", ""audit/rule_compliance/code/reproduce_revision17.py""]",python audit/rule_compliance/code/reproduce_revision17.py --out reproduced,conditional_arithmetic,Explicitly named result rows and prespecified algebra; repeated prose targets are not new observations,"[{""scope"": ""results"", ""file"": ""legacy_fixed/local_case_calculations.csv"", ""selector"": {""case_id"": ""CLA01_T4_Leadership_Unity""}, ""csv_rows"": [5], ""field"": ""prior"", ""op"": ""field""}, {""scope"": ""repo"", ""file"": ""audit/rule_compliance/protocol/control_requirements.csv"", ""selector"": {""json_path_or_page"": ""$.event_driven_adjustments.Strong_Leadership.Leadership_Unity""}, ""csv_rows"": [190], ""field"": ""original_requirement"", ""op"": ""field""}, {""scope"": ""repo"", ""file"": ""audit/rule_compliance/protocol/control_requirements.csv"", ""selector"": {""json_path_or_page"": ""$.event_driven_adjustments.Diplomatic_Success.Leadership_Unity""}, ""csv_rows"": [178], ""field"": ""original_requirement"", ""op"": ""field""}, {""scope"": ""results"", ""file"": ""legacy_fixed/local_case_calculations.csv"", ""selector"": {""case_id"": ""CLA01_T4_Leadership_Unity""}, ""csv_rows"": [5], ""field"": ""computed"", ""op"": ""field""}]",Reaggregation of retained AI labels and documented amendments; no new semantic validation.,
P_p0188,p0188,p0188 numeric claim,"{""prior_tension"": 0.85, ""effect1"": -0.05, ""effect2"": -0.05, ""result_tension"": 0.75, ""threshold"": 0.8, ""checked_opinion"": 0.85, ""reported_opinion"": 0.8}","{""prior_tension"": 0.85, ""effect1"": -0.05, ""effect2"": -0.05, ""result_tension"": 0.75, ""threshold"": 0.8, ""checked_opinion"": 0.85, ""reported_opinion"": 0.8}",MATCH_REPRODUCED,"[{""path"": ""audit/rule_compliance/annotations/local_case_inputs.json"", ""sha256"": ""2fce0cf8691c3542b6ba4a4ef4d46042d5eb0f9529cfd0d58954353b7474b928""}, {""path"": ""audit/rule_compliance/protocol/control_requirements.csv"", ""sha256"": ""59bddbd663c1a234b69794f45d6e2ddf7f701eb598dff2e42c1a59e11657cf47""}]","[""audit/rule_compliance/protocol/control_requirements.csv"", ""audit/rule_compliance/protocol/analysis_spec.json""]","[""audit/rule_compliance/code/reproduce.py"", ""audit/rule_compliance/code/recheck_criteria.py"", ""audit/rule_compliance/code/reproduce_revision17.py""]",python audit/rule_compliance/code/reproduce_revision17.py --out reproduced,conditional_arithmetic,Explicitly named result rows and prespecified algebra; repeated prose targets are not new observations,"[{""scope"": ""results"", ""file"": ""legacy_fixed/local_case_calculations.csv"", ""selector"": {""case_id"": ""CLA01_T4_Tension""}, ""csv_rows"": [2], ""field"": ""prior"", ""op"": ""field""}, {""scope"": ""repo"", ""file"": ""audit/rule_compliance/protocol/control_requirements.csv"", ""selector"": {""json_path_or_page"": ""$.event_driven_adjustments.Strong_Leadership.Tension""}, ""csv_rows"": [187], ""field"": ""original_requirement"", ""op"": ""field""}, {""scope"": ""repo"", ""file"": ""audit/rule_compliance/protocol/control_requirements.csv"", ""selector"": {""json_path_or_page"": ""$.event_driven_adjustments.Diplomatic_Success.Tension""}, ""csv_rows"": [175], ""field"": ""original_requirement"", ""op"": ""field""}, {""scope"": ""results"", ""file"": ""legacy_fixed/local_case_calculations.csv"", ""selector"": {""case_id"": ""CLA01_T4_Tension""}, ""csv_rows"": [2], ""field"": ""computed"", ""op"": ""field""}, {""scope"": ""repo"", ""file"": ""audit/rule_compliance/protocol/control_requirements.csv"", ""selector"": {""requirement_id"": ""VDM-OPTION-Tension-LT0.8-Diplomatic_Negotiation""}, ""csv_rows"": [203], ""field"": ""json_path_or_page"", ""op"": ""field""}, {""scope"": ""results"", ""file"": ""legacy_fixed/local_case_calculations.csv"", ""selector"": {""case_id"": ""CLA01_T4_Public_Opinion""}, ""csv_rows"": [4], ""field"": ""computed"", ""op"": ""field""}, {""scope"": ""results"", ""file"": ""legacy_fixed/local_case_calculations.csv"", ""selector"": {""case_id"": ""CLA01_T4_Public_Opinion""}, ""csv_rows"": [4], ""field"": ""reported"", ""op"": ""field""}]",Reaggregation of retained AI labels and documented amendments; no new semantic validation.,
P_p0191,p0191,p0191 numeric claim,"{""followup_actor_runs"": 95, ""followup_actor_turns"": 285, ""possible_actor_turns"": 360, ""narrative_runs"": 41, ""archive_runs"": 120}","{""followup_actor_runs"": 95, ""followup_actor_turns"": 285, ""possible_actor_turns"": 360, ""narrative_runs"": 41, ""archive_runs"": 120}",MATCH_REPRODUCED,"[{""path"": ""audit/rule_compliance/data/supplemental_partial/actor_later_360_scope.csv"", ""sha256"": ""1255172be754bba6490118c59b5d7bc4a78b4b3d4efd9f680ad058e07f768857""}, {""path"": ""audit/rule_compliance/data/supplemental_partial/actor_later_ledger.csv"", ""sha256"": ""e81d6e12ef2632d73a7b6c31fdb9cd7111d5c385326dad7dc63e06ab46c23aae""}, {""path"": ""audit/rule_compliance/data/supplemental_partial/narrative_ledger.csv"", ""sha256"": ""cb9de25b97446dafe0679f8d1a4ef9376f16f412c7299245b7b2fa298cfd5d4b""}, {""path"": ""audit/rule_compliance/source_assets.csv"", ""sha256"": ""36eee80d3ce950afff8cc8a824ad83dce5083cf870b1bc3f74c28c41c5f8bf4a""}]","[""audit/rule_compliance/protocol/analysis_spec.json"", ""audit/rule_compliance/protocol/CRITERIA_CONTEXT_V1.md""]","[""audit/rule_compliance/code/reproduce.py"", ""audit/rule_compliance/code/recheck_criteria.py"", ""audit/rule_compliance/code/reproduce_revision17.py""]",python audit/rule_compliance/code/reproduce_revision17.py --out reproduced,completed_partial,Explicitly named result rows and prespecified algebra; repeated prose targets are not new observations,"[{""scope"": ""results"", ""file"": ""legacy_fixed/domain_results.csv"", ""selector"": {""domain_id"": ""ACTOR_ACTIONSET""}, ""csv_rows"": [6], ""field"": ""runs_reviewed"", ""op"": ""field""}, {""scope"": ""repo"", ""file"": ""audit/rule_compliance/data/supplemental_partial/actor_later_360_scope.csv"", ""selector"": {""review_completed"": ""True""}, ""csv_rows"": [2, 3, 4, 5, 6, 7, 8, 9, 10, 11, 12, 13, 14, 15, 16, 17, 18, 19, 20, 21, 22, 23, 24, 25, 26, 27, 28, 29, 30, 31, 32, 33, 34, 35, 36, 37, 38, 39, 40, 41, 42, 43, 44, 45, 46, 47, 48, 49, 50, 51, 52, 53, 54, 55, 56, 57, 58, 59, 60, 61, 62, 63, 64, 65, 66, 67, 68, 69, 70, 71, 72, 73, 74, 75, 76, 77, 78, 79, 80, 81, 82, 83, 84, 85, 86, 87, 88, 89, 90, 91, 92, 93, 94, 95, 96, 97, 98, 99, 100, 101, 102, 103, 104, 105, 106, 107, 108, 109, 110, 111, 112, 113, 114, 115, 116, 117, 118, 119, 120, 121, 122, 123, 124, 125, 126, 127, 128, 129, 130, 131, 132, 133, 134, 135, 136, 137, 138, 139, 140, 141, 142, 143, 144, 145, 146, 147, 148, 149, 150, 151, 152, 153, 154, 155, 156, 157, 158, 159, 160, 161, 162, 163, 164, 165, 166, 167, 168, 169, 170, 171, 172, 173, 174, 175, 176, 177, 178, 179, 180, 181, 182, 183, 184, 185, 186, 187, 188, 189, 190, 191, 192, 193, 194, 195, 196, 197, 198, 199, 200, 201, 202, 203, 204, 205, 206, 207, 208, 209, 210, 211, 212, 213, 214, 215, 216, 217, 218, 219, 220, 221, 222, 223, 224, 225, 226, 227, 228, 229, 230, 231, 232, 233, 234, 235, 236, 237, 238, 239, 240, 241, 242, 243, 244, 245, 246, 247, 248, 249, 250, 251, 252, 253, 254, 255, 256, 257, 258, 259, 260, 261, 262, 263, 264, 265, 266, 267, 268, 269, 270, 271, 272, 273, 274, 275, 276, 277, 278, 279, 280, 281, 282, 283, 284, 285, 286], ""field"": null, ""op"": ""count""}, {""scope"": ""repo"", ""file"": ""audit/rule_compliance/data/supplemental_partial/actor_later_360_scope.csv"", ""selector"": {}, ""csv_rows"": [2, 3, 4, 5, 6, 7, 8, 9, 10, 11, 12, 13, 14, 15, 16, 17, 18, 19, 20, 21, 22, 23, 24, 25, 26, 27, 28, 29, 30, 31, 32, 33, 34, 35, 36, 37, 38, 39, 40, 41, 42, 43, 44, 45, 46, 47, 48, 49, 50, 51, 52, 53, 54, 55, 56, 57, 58, 59, 60, 61, 62, 63, 64, 65, 66, 67, 68, 69, 70, 71, 72, 73, 74, 75, 76, 77, 78, 79, 80, 81, 82, 83, 84, 85, 86, 87, 88, 89, 90, 91, 92, 93, 94, 95, 96, 97, 98, 99, 100, 101, 102, 103, 104, 105, 106, 107, 108, 109, 110, 111, 112, 113, 114, 115, 116, 117, 118, 119, 120, 121, 122, 123, 124, 125, 126, 127, 128, 129, 130, 131, 132, 133, 134, 135, 136, 137, 138, 139, 140, 141, 142, 143, 144, 145, 146, 147, 148, 149, 150, 151, 152, 153, 154, 155, 156, 157, 158, 159, 160, 161, 162, 163, 164, 165, 166, 167, 168, 169, 170, 171, 172, 173, 174, 175, 176, 177, 178, 179, 180, 181, 182, 183, 184, 185, 186, 187, 188, 189, 190, 191, 192, 193, 194, 195, 196, 197, 198, 199, 200, 201, 202, 203, 204, 205, 206, 207, 208, 209, 210, 211, 212, 213, 214, 215, 216, 217, 218, 219, 220, 221, 222, 223, 224, 225, 226, 227, 228, 229, 230, 231, 232, 233, 234, 235, 236, 237, 238, 239, 240, 241, 242, 243, 244, 245, 246, 247, 248, 249, 250, 251, 252, 253, 254, 255, 256, 257, 258, 259, 260, 261, 262, 263, 264, 265, 266, 267, 268, 269, 270, 271, 272, 273, 274, 275, 276, 277, 278, 279, 280, 281, 282, 283, 284, 285, 286, 287, 288, 289, 290, 291, 292, 293, 294, 295, 296, 297, 298, 299, 300, 301, 302, 303, 304, 305, 306, 307, 308, 309, 310, 311, 312, 313, 314, 315, 316, 317, 318, 319, 320, 321, 322, 323, 324, 325, 326, 327, 328, 329, 330, 331, 332, 333, 334, 335, 336, 337, 338, 339, 340, 341, 342, 343, 344, 345, 346, 347, 348, 349, 350, 351, 352, 353, 354, 355, 356, 357, 358, 359, 360, 361], ""field"": null, ""op"": ""count""}, {""scope"": ""results"", ""file"": ""legacy_fixed/domain_results.csv"", ""selector"": {""domain_id"": ""NARRATIVE_REPORT""}, ""csv_rows"": [14], ""field"": ""runs_reviewed"", ""op"": ""field""}, {""scope"": ""repo"", ""file"": ""audit/rule_compliance/source_assets.csv"", ""selector"": {}, ""csv_rows"": [2, 3, 4, 5, 6, 7, 8, 9, 10, 11, 12, 13, 14, 15, 16, 17, 18, 19, 20, 21, 22, 23, 24, 25, 26, 27, 28, 29, 30, 31, 32, 33, 34, 35, 36, 37, 38, 39, 40, 41, 42, 43, 44, 45, 46, 47, 48, 49, 50, 51, 52, 53, 54, 55, 56, 57, 58, 59, 60, 61, 62, 63, 64, 65, 66, 67, 68, 69, 70, 71, 72, 73, 74, 75, 76, 77, 78, 79, 80, 81, 82, 83, 84, 85, 86, 87, 88, 89, 90, 91, 92, 93, 94, 95, 96, 97, 98, 99, 100, 101, 102, 103, 104, 105, 106, 107, 108, 109, 110, 111, 112, 113, 114, 115, 116, 117, 118, 119, 120, 121], ""field"": ""run_id"", ""op"": ""distinct_count""}]",Reaggregation of retained AI labels and documented amendments; no new semantic validation.,
P_p0192,p0192,p0192 numeric claim,"{""annotation_inventory_runs"": 120, ""judged_runs"": 79}","{""annotation_inventory_runs"": 120, ""judged_runs"": 79}",MATCH_REPRODUCED,"[{""path"": ""audit/rule_compliance/annotations/effect_semantics.json"", ""sha256"": ""4326f9cfdd4977ef691fe60bb10e9de48e8deda8bbdd5082eff2b84608d6897a""}, {""path"": ""audit/rule_compliance/data/supplemental_partial/effect_semantics_ledger.csv"", ""sha256"": ""46a98a8a9d96e2d40aa7e16a1542818c214007f1c8e9382114af3cd8011b86ac""}]","[""audit/rule_compliance/protocol/analysis_spec.json"", ""audit/rule_compliance/protocol/CRITERIA_CONTEXT_V1.md""]","[""audit/rule_compliance/code/reproduce.py"", ""audit/rule_compliance/code/recheck_criteria.py"", ""audit/rule_compliance/code/reproduce_revision17.py""]",python audit/rule_compliance/code/reproduce_revision17.py --out reproduced,completed_partial,Explicitly named result rows and prespecified algebra; repeated prose targets are not new observations,"[{""scope"": ""repo"", ""file"": ""audit/rule_compliance/annotations/effect_semantics.json"", ""json_path"": [""runs""]}, {""scope"": ""results"", ""file"": ""legacy_fixed/domain_results.csv"", ""selector"": {""domain_id"": ""EFFECT_BLOCK""}, ""csv_rows"": [8], ""field"": ""runs_reviewed"", ""op"": ""field""}]",Reaggregation of retained AI labels and documented amendments; no new semantic validation.,
P_p0194,p0194,p0194 numeric claim,"{""inheritance_inventory"": 5059, ""excluded_unreviewed"": 1}","{""inheritance_inventory"": 5059, ""excluded_unreviewed"": 1}",MATCH_REPRODUCED,"[{""path"": ""audit/rule_compliance/data/supplemental_partial/inheritance_ledger.csv"", ""sha256"": ""6c51c48399e08335e0b050d8c80beef32237d142b1f99818fc66a4b839a39576""}]","[""audit/rule_compliance/protocol/analysis_spec.json"", ""audit/rule_compliance/protocol/CRITERIA_CONTEXT_V1.md""]","[""audit/rule_compliance/code/reproduce.py"", ""audit/rule_compliance/code/recheck_criteria.py"", ""audit/rule_compliance/code/reproduce_revision17.py""]",python audit/rule_compliance/code/reproduce_revision17.py --out reproduced,completed_partial,Explicitly named result rows and prespecified algebra; repeated prose targets are not new observations,"[{""scope"": ""results"", ""file"": ""legacy_fixed/domain_results.csv"", ""selector"": {""domain_id"": ""INHERITANCE""}, ""csv_rows"": [13], ""field"": ""inventory_rows"", ""op"": ""field""}, {""scope"": ""results"", ""file"": ""legacy_fixed/domain_results.csv"", ""selector"": {""domain_id"": ""INHERITANCE""}, ""csv_rows"": [13], ""field"": ""unreviewed_or_candidate_rows"", ""op"": ""field""}]",Reaggregation of retained AI labels and documented amendments; no new semantic validation.,
P_p0195,p0195,p0195 numeric claim,"{""negotiation_observations"": 273, ""C"": 163, ""C_non_negotiation"": 133, ""weight_quotes"": 27, ""matches"": 16, ""differs"": 1, ""missing_field"": 10}","{""negotiation_observations"": 273, ""C"": 163, ""C_non_negotiation"": 133, ""weight_quotes"": 27, ""matches"": 16, ""differs"": 1, ""missing_field"": 10}",MATCH_REPRODUCED,"[{""path"": ""audit/rule_compliance/data/supplemental_partial/threshold_action_ledger.csv"", ""sha256"": ""bcf10161f1de0bce455982f0d7a4c74d4042c6882e79b6aec416d41b7d484f4f""}, {""path"": ""audit/rule_compliance/data/supplemental_partial/actor_weight_value_checks.csv"", ""sha256"": ""ab8c2a9ea79bcf921f85309c4bbe69b269fb902f8d349624238b5f748980210d""}, {""path"": ""audit/rule_compliance/protocol/control_requirements.csv"", ""sha256"": ""59bddbd663c1a234b69794f45d6e2ddf7f701eb598dff2e42c1a59e11657cf47""}]","[""audit/rule_compliance/protocol/control_requirements.csv"", ""audit/rule_compliance/protocol/analysis_spec.json""]","[""audit/rule_compliance/code/reproduce.py"", ""audit/rule_compliance/code/recheck_criteria.py"", ""audit/rule_compliance/code/reproduce_revision17.py""]",python audit/rule_compliance/code/reproduce_revision17.py --out reproduced,completed_partial,Explicitly named result rows and prespecified algebra; repeated prose targets are not new observations,"[{""scope"": ""results"", ""file"": ""legacy_fixed/technical_results.json"", ""json_path"": [""threshold_comparisons""]}, {""scope"": ""results"", ""file"": ""legacy_fixed/domain_results.csv"", ""selector"": {""domain_id"": ""THRESHOLD_PAIR""}, ""csv_rows"": [10], ""field"": ""C"", ""op"": ""field""}, {""scope"": ""results"", ""file"": ""legacy_fixed/domain_results.csv"", ""selector"": {""domain_id"": ""THRESHOLD_ACTOR""}, ""csv_rows"": [11], ""field"": ""C"", ""op"": ""field""}, {""scope"": ""results"", ""file"": ""legacy_fixed/domain_results.csv"", ""selector"": {""domain_id"": ""THRESHOLD_NARRATIVE""}, ""csv_rows"": [12], ""field"": ""C"", ""op"": ""field""}, {""scope"": ""repo"", ""file"": ""audit/rule_compliance/data/supplemental_partial/threshold_action_ledger.csv"", ""selector"": {""negotiation_semantic_class"": ""no"", ""status"": ""준수""}, ""csv_rows"": [2, 3, 5, 6, 8, 12, 14, 15, 20, 21, 24, 26, 27, 30, 31, 33, 34, 38, 39, 44, 45, 47, 49, 50, 51, 55, 56, 58, 59, 62, 64, 66, 67, 87, 88, 91, 92, 95, 96, 101, 103, 112, 113, 116, 118, 120, 121, 123, 124, 125, 126, 127, 128, 130, 132, 133, 134, 137, 138, 141, 142, 143, 146, 147, 151, 153, 154, 155, 158, 159, 163, 164, 166, 169, 173, 174, 175, 178, 180, 181, 183, 184, 188, 190, 191, 192, 193, 194, 196, 201, 202, 203, 204, 206, 207, 209, 210, 214, 215, 216, 220, 221, 222, 225, 228, 229, 232, 233, 234, 235, 236, 237, 238, 239, 241, 243, 244, 245, 246, 248, 249, 252, 254, 256, 258, 259, 260, 264, 265, 269, 270, 273, 274], ""field"": null, ""op"": ""count""}, {""scope"": ""repo"", ""file"": ""audit/rule_compliance/data/supplemental_partial/actor_weight_value_checks.csv"", ""selector"": {}, ""csv_rows"": [2, 3, 4, 5, 6, 7, 8, 9, 10, 11, 12, 13, 14, 15, 16, 17, 18, 19, 20, 21, 22, 23, 24, 25, 26, 27, 28], ""field"": null, ""op"": ""count""}, {""scope"": ""results"", ""file"": ""legacy_fixed/technical_results.json"", ""json_path"": [""weight_quote_distribution"", ""numeric_match""]}, {""scope"": ""results"", ""file"": ""legacy_fixed/technical_results.json"", ""json_path"": [""weight_quote_distribution"", ""numeric_mismatch""]}, {""scope"": ""results"", ""file"": ""legacy_fixed/technical_results.json"", ""json_path"": [""weight_quote_distribution"", ""missing_attributed_path""]}]",Reaggregation of retained AI labels and documented amendments; no new semantic validation.,
P_p0196,p0196,p0196 numeric claim,"{""matched_one_to_one_arithmetic_pairs"": 1385}","{""matched_one_to_one_arithmetic_pairs"": 1385}",MATCH_REPRODUCED,"[{""path"": ""audit/rule_compliance/data/diagnostic_only/v1_arithmetic_subset.csv"", ""sha256"": ""0ff0c7901e28b633a719029fac2f51a9f4af12b8f24b12e8659f8e86baa6a011""}, {""path"": ""audit/rule_compliance/data/diagnostic_only/v3_arithmetic_candidates_subset.csv"", ""sha256"": ""3b89159b92958b40e3039858529d1d934c0a7a4eb7066557c1ae6a62e5edf7d0""}]","[""audit/rule_compliance/protocol/analysis_spec.json"", ""audit/rule_compliance/protocol/CRITERIA_CONTEXT_V1.md""]","[""audit/rule_compliance/code/reproduce.py"", ""audit/rule_compliance/code/recheck_criteria.py"", ""audit/rule_compliance/code/reproduce_revision17.py""]",python audit/rule_compliance/code/reproduce_revision17.py --out reproduced,reconciled_partial,Explicitly named result rows and prespecified algebra; repeated prose targets are not new observations,"[{""scope"": ""results"", ""file"": ""legacy_fixed/reconciliation_summary.json"", ""json_path"": [""one_to_one_identical""]}]",Only matched1:1 source-key pairs; no inference for unmatched or multiple matches,
P_p0201,p0201,p0201 numeric claim,"{""clear_amendments"": 6, ""boundary_cases"": 8}","{""clear_amendments"": 6, ""boundary_cases"": 8}",MATCH_REPRODUCED,"[{""path"": ""audit/rule_compliance/data/adjudication/decisions.csv"", ""sha256"": ""86bb3471f3a8180a15ac804e1b2d9b6c01804c54c9c33895cad41867ecf2ec92""}, {""path"": ""audit/rule_compliance/data/adjudication/patches.json"", ""sha256"": ""eafb2df6eba59d7b0aed12162fcab96ffea4d5c9f4824a11631b71251c72b3d1""}]","[""audit/rule_compliance/protocol/analysis_spec.json"", ""audit/rule_compliance/protocol/CRITERIA_CONTEXT_V1.md""]","[""audit/rule_compliance/code/reproduce.py"", ""audit/rule_compliance/code/recheck_criteria.py"", ""audit/rule_compliance/code/reproduce_revision17.py""]",python audit/rule_compliance/code/reproduce_revision17.py --out reproduced,sensitivity,Explicitly named result rows and prespecified algebra; repeated prose targets are not new observations,"[{""scope"": ""repo"", ""file"": ""audit/rule_compliance/data/adjudication/decisions.csv"", ""selector"": {""tier"": ""clear""}, ""csv_rows"": [2, 3, 4, 21, 22, 23], ""field"": null, ""op"": ""count""}, {""scope"": ""repo"", ""file"": ""audit/rule_compliance/data/adjudication/decisions.csv"", ""selector"": {""tier"": ""boundary""}, ""csv_rows"": [5, 6, 7, 8, 9, 10, 11, 12], ""field"": null, ""op"": ""count""}]",Reaggregation of retained AI labels and documented amendments; no new semantic validation.,
P_p0203,p0203,p0203 numeric claim,"{""initial_n"": 240, ""continuation_n"": 360, ""additional"": [180, 173, 7], ""events"": [316, 17, 27], ""common_n"": 1320}","{""initial_n"": 240, ""continuation_n"": 360, ""additional"": [180, 173, 7], ""events"": [316, 17, 27], ""common_n"": 1320}",MATCH_REPRODUCED,"[{""path"": ""audit/rule_compliance/data/core/07_semantic_validation_ledger.csv"", ""sha256"": ""1cb6a847887d91b903e047d37f32edd859a66908d1d5b9fb2e625e2e7e111ae7""}, {""path"": ""audit/rule_compliance/data/adjudication/patches.json"", ""sha256"": ""eafb2df6eba59d7b0aed12162fcab96ffea4d5c9f4824a11631b71251c72b3d1""}]","[""audit/rule_compliance/protocol/analysis_spec.json"", ""audit/rule_compliance/protocol/CRITERIA_CONTEXT_V1.md""]","[""audit/rule_compliance/code/reproduce.py"", ""audit/rule_compliance/code/recheck_criteria.py"", ""audit/rule_compliance/code/reproduce_revision17.py""]",python audit/rule_compliance/code/reproduce_revision17.py --out reproduced,sensitivity,Explicitly named result rows and prespecified algebra; repeated prose targets are not new observations,"[{""scope"": ""results"", ""file"": ""table4.csv"", ""selector"": {""domain"": ""initial_role""}, ""csv_rows"": [2], ""field"": ""assessability_denominator"", ""op"": ""field""}, {""scope"": ""results"", ""file"": ""table4.csv"", ""selector"": {""domain"": ""parent_coverage""}, ""csv_rows"": [5], ""field"": ""assessability_denominator"", ""op"": ""field""}, {""scope"": ""results"", ""file"": ""table4.csv"", ""selector"": {""domain"": ""local_branch""}, ""csv_rows"": [3], ""field"": ""C"", ""op"": ""field""}, {""scope"": ""results"", ""file"": ""table4.csv"", ""selector"": {""domain"": ""local_branch""}, ""csv_rows"": [3], ""field"": ""V"", ""op"": ""field""}, {""scope"": ""results"", ""file"": ""table4.csv"", ""selector"": {""domain"": ""local_branch""}, ""csv_rows"": [3], ""field"": ""U"", ""op"": ""field""}, {""scope"": ""results"", ""file"": ""table4.csv"", ""selector"": {""domain"": ""event_condition""}, ""csv_rows"": [4], ""field"": ""C"", ""op"": ""field""}, {""scope"": ""results"", ""file"": ""table4.csv"", ""selector"": {""domain"": ""event_condition""}, ""csv_rows"": [4], ""field"": ""V"", ""op"": ""field""}, {""scope"": ""results"", ""file"": ""table4.csv"", ""selector"": {""domain"": ""event_condition""}, ""csv_rows"": [4], ""field"": ""U"", ""op"": ""field""}, {""scope"": ""repo"", ""file"": ""audit/rule_compliance/data/core/07_semantic_validation_ledger.csv"", ""selector"": {""metric_key"": [""T1_US_ROLE"", ""T1_SU_ROLE"", ""T2_BRANCH"", ""T3_BRANCH"", ""T4_BRANCH"", ""T2_EVENT"", ""T3_EVENT"", ""T4_EVENT"", ""T2_PARENT_COVERAGE"", ""T3_PARENT_COVERAGE"", ""T4_PARENT_COVERAGE""]}, ""csv_rows"": [2, 3, 4, 5, 6, 7, 8, 9, 10, 11, 12, 13, 14, 15, 16, 17, 18, 19, 20, 21, 22, 23, 24, 25, 26, 27, 28, 29, 30, 31, 32, 33, 34, 35, 36, 37, 38, 39, 40, 41, 42, 43, 44, 45, 47, 48, 49, 50, 51, 52, 53, 54, 55, 56, 57, 58, 59, 60, 61, 62, 63, 64, 65, 66, 67, 68, 69, 70, 71, 72, 73, 74, 75, 76, 77, 78, 79, 80, 81, 82, 83, 84, 85, 86, 87, 88, 89, 90, 91, 92, 93, 94, 95, 96, 97, 98, 99, 100, 101, 102, 103, 104, 105, 106, 107, 108, 109, 110, 111, 112, 113, 114, 115, 116, 117, 118, 119, 120, 121, 122, 123, 124, 125, 126, 127, 128, 129, 130, 131, 132, 133, 134, 135, 136, 137, 138, 139, 140, 141, 142, 143, 144, 145, 146, 147, 148, 149, 150, 151, 152, 153, 154, 155, 156, 157, 158, 159, 160, 161, 162, 163, 164, 165, 166, 167, 168, 169, 170, 171, 172, 173, 174, 175, 176, 177, 178, 179, 180, 181, 182, 183, 184, 185, 186, 187, 188, 189, 191, 192, 193, 194, 195, 196, 197, 198, 199, 200, 201, 202, 203, 204, 205, 206, 207, 208, 209, 210, 211, 212, 214, 215, 216, 217, 218, 219, 220, 221, 222, 223, 224, 225, 226, 227, 228, 229, 230, 231, 232, 233, 234, 235, 236, 237, 238, 239, 240, 241, 242, 243, 244, 245, 246, 247, 248, 249, 250, 251, 252, 253, 254, 255, 256, 257, 258, 259, 260, 261, 262, 263, 264, 265, 266, 267, 268, 269, 270, 271, 272, 273, 274, 275, 276, 277, 278, 279, 280, 281, 282, 283, 284, 285, 286, 287, 288, 289, 290, 291, 292, 293, 294, 295, 296, 297, 298, 299, 300, 301, 302, 303, 304, 305, 306, 307, 308, 309, 310, 311, 312, 313, 314, 315, 316, 317, 318, 319, 320, 321, 322, 323, 324, 325, 326, 327, 328, 329, 330, 331, 332, 333, 334, 335, 336, 337, 338, 339, 340, 341, 342, 343, 344, 345, 348, 349, 350, 351, 352, 353, 354, 355, 356, 357, 358, 359, 360, 361, 362, 363, 364, 365, 366, 367, 368, 369, 370, 371, 372, 373, 374, 375, 376, 377, 378, 379, 380, 383, 384, 385, 386, 387, 388, 389, 390, 391, 392, 393, 395, 396, 397, 398, 399, 400, 401, 402, 403, 404, 405, 407, 408, 409, 410, 411, 412, 413, 414, 415, 416, 417, 418, 419, 420, 421, 422, 423, 424, 425, 426, 427, 428, 429, 430, 431, 432, 433, 434, 435, 436, 437, 438, 439, 440, 441, 442, 443, 444, 445, 446, 447, 448, 449, 450, 451, 452, 453, 454, 455, 456, 457, 458, 459, 460, 461, 462, 463, 464, 465, 466, 467, 468, 469, 470, 471, 472, 473, 474, 475, 476, 477, 478, 479, 480, 481, 482, 483, 484, 485, 486, 487, 488, 489, 490, 491, 492, 493, 494, 495, 496, 497, 498, 499, 500, 501, 502, 503, 504, 505, 506, 507, 508, 509, 510, 511, 512, 513, 514, 515, 516, 517, 518, 519, 520, 521, 522, 523, 524, 525, 526, 527, 528, 529, 530, 531, 532, 533, 534, 535, 536, 537, 538, 539, 540, 541, 542, 543, 544, 545, 546, 547, 548, 549, 550, 551, 552, 553, 554, 555, 556, 557, 558, 559, 560, 561, 562, 563, 564, 565, 566, 567, 568, 569, 570, 571, 572, 573, 574, 575, 576, 577, 578, 579, 580, 581, 582, 583, 584, 585, 586, 587, 588, 589, 590, 591, 592, 593, 594, 595, 596, 597, 598, 599, 600, 601, 602, 603, 604, 605, 606, 607, 608, 609, 610, 611, 612, 613, 614, 615, 616, 617, 618, 619, 620, 621, 622, 623, 624, 625, 626, 627, 628, 629, 630, 631, 632, 633, 634, 635, 636, 637, 638, 639, 640, 641, 642, 643, 644, 645, 646, 647, 648, 649, 650, 651, 652, 653, 654, 655, 656, 657, 658, 659, 660, 661, 662, 663, 664, 665, 666, 667, 668, 669, 670, 671, 672, 673, 674, 675, 676, 677, 678, 679, 680, 681, 682, 683, 684, 685, 686, 687, 688, 689, 690, 691, 692, 693, 694, 695, 696, 697, 698, 699, 700, 701, 702, 703, 704, 705, 706, 707, 708, 709, 710, 711, 712, 713, 714, 715, 716, 717, 718, 719, 720, 721, 722, 723, 724, 725, 726, 727, 728, 729, 730, 731, 732, 733, 734, 735, 736, 737, 738, 739, 740, 741, 742, 743, 744, 745, 746, 747, 748, 749, 750, 751, 752, 753, 754, 755, 756, 757, 758, 759, 760, 761, 762, 763, 764, 765, 766, 767, 768, 769, 770, 771, 772, 773, 774, 775, 776, 777, 778, 779, 780, 781, 782, 783, 784, 785, 786, 787, 788, 789, 790, 791, 792, 793, 794, 795, 796, 797, 798, 799, 800, 801, 802, 803, 804, 805, 806, 807, 808, 809, 810, 811, 812, 813, 814, 815, 816, 817, 818, 819, 820, 821, 822, 823, 824, 825, 826, 827, 828, 829, 830, 831, 832, 833, 834, 835, 836, 837, 838, 839, 840, 841, 842, 843, 844, 845, 846, 847, 848, 849, 850, 851, 852, 853, 854, 855, 856, 857, 858, 859, 860, 861, 862, 863, 864, 865, 866, 867, 868, 869, 870, 871, 872, 873, 874, 875, 876, 877, 878, 879, 880, 881, 882, 883, 884, 885, 886, 887, 888, 889, 890, 941, 942, 943, 944, 945, 946, 947, 948, 949, 950, 951, 952, 953, 954, 955, 956, 957, 958, 959, 960, 961, 962, 963, 964, 965, 966, 967, 968, 969, 970, 971, 972, 973, 974, 975, 976, 977, 978, 979, 980, 981, 982, 983, 984, 985, 986, 987, 988, 989, 990, 991, 992, 993, 994, 995, 996, 997, 998, 999, 1000, 1001, 1002, 1003, 1004, 1005, 1006, 1007, 1008, 1009, 1010, 1011, 1012, 1013, 1014, 1015, 1016, 1017, 1018, 1019, 1020, 1021, 1022, 1023, 1024, 1025, 1026, 1027, 1028, 1029, 1030, 1031, 1032, 1033, 1034, 1035, 1036, 1037, 1038, 1039, 1040, 1041, 1042, 1043, 1044, 1045, 1046, 1047, 1048, 1049, 1050, 1051, 1052, 1053, 1054, 1055, 1056, 1057, 1058, 1059, 1060, 1061, 1062, 1063, 1064, 1065, 1066, 1067, 1068, 1069, 1070, 1071, 1072, 1073, 1074, 1075, 1076, 1077, 1078, 1079, 1080, 1081, 1082, 1083, 1084, 1085, 1086, 1087, 1088, 1089, 1090, 1091, 1092, 1093, 1094, 1095, 1096, 1097, 1098, 1099, 1100, 1101, 1102, 1103, 1104, 1105, 1106, 1107, 1108, 1109, 1110, 1111, 1112, 1113, 1114, 1115, 1116, 1117, 1118, 1119, 1120, 1121, 1122, 1123, 1124, 1125, 1126, 1127, 1128, 1129, 1130, 1131, 1132, 1133, 1134, 1135, 1136, 1137, 1138, 1139, 1140, 1141, 1142, 1143, 1144, 1145, 1146, 1147, 1148, 1149, 1150, 1151, 1152, 1153, 1154, 1155, 1156, 1157, 1158, 1159, 1160, 1161, 1162, 1163, 1164, 1165, 1166, 1167, 1168, 1169, 1170, 1171, 1172, 1173, 1174, 1175, 1176, 1177, 1178, 1179, 1180, 1181, 1182, 1183, 1184, 1185, 1186, 1187, 1188, 1189, 1190, 1191, 1192, 1193, 1194, 1195, 1196, 1197, 1198, 1199, 1200, 1201, 1202, 1203, 1204, 1205, 1206, 1207, 1208, 1209, 1210, 1211, 1212, 1213, 1214, 1215, 1216, 1217, 1218, 1219, 1220, 1221, 1222, 1223, 1224, 1225, 1226, 1227, 1228, 1229, 1230, 1231, 1232, 1233, 1234, 1235, 1236, 1237, 1238, 1239, 1240, 1241, 1242, 1243, 1244, 1245, 1246, 1247, 1248, 1249, 1250, 1251, 1252, 1253, 1254, 1255, 1256, 1257, 1258, 1259, 1260, 1261, 1262, 1263, 1264, 1265, 1266, 1267, 1268, 1269, 1270, 1271, 1272, 1273, 1274, 1275, 1276, 1277, 1278, 1279, 1280, 1281, 1282, 1283, 1284, 1285, 1286, 1287, 1288, 1289, 1290, 1291, 1292, 1293, 1294, 1295, 1296, 1297, 1298, 1299, 1300, 1301, 1302, 1303, 1304, 1305, 1306, 1307, 1308, 1309, 1310, 1311, 1312, 1313, 1314, 1315, 1316, 1317, 1318, 1319, 1320, 1321, 1322, 1323, 1324, 1325, 1326, 1327, 1328, 1329, 1330, 1331, 1332, 1333, 1334, 1335, 1336, 1337, 1338, 1339, 1340, 1341, 1342, 1343, 1344, 1345, 1346, 1347, 1348, 1349, 1350, 1351, 1352, 1353, 1354, 1355, 1356, 1357, 1358, 1359, 1360, 1361, 1362, 1363, 1364, 1365, 1366, 1367, 1368, 1369, 1370, 1371, 1372, 1373, 1374, 1375, 1376, 1377, 1378, 1379, 1380], ""field"": null, ""op"": ""count""}]",Reaggregation of retained AI labels and documented amendments; no new semantic validation.,
P_p0204,p0204,p0204 numeric claim,"{""initial_context"": 19, ""continuation_context"": 3, ""screening"": 120, ""PDFs"": 6, ""later_diagnostic"": 40}",,NOT_REPRODUCED,"[{""path"": ""audit/rule_compliance/data/adjudication/initial_screen_coverage.csv"", ""sha256"": ""f048911af649f3003f1b559477ee9555f4d6428cdbd713b49e94b1399bc2a6d7""}, {""path"": ""audit/rule_compliance/data/adjudication/decisions.csv"", ""sha256"": ""86bb3471f3a8180a15ac804e1b2d9b6c01804c54c9c33895cad41867ecf2ec92""}, {""path"": ""audit/rule_compliance/data/diagnostic/ai_review_40.csv"", ""sha256"": ""c5041678eb850be3f6787d3d8c4d86929a834c2935a19087f6287f10dc80c575""}]","[""audit/rule_compliance/data/diagnostic/README.md"", ""audit/rule_compliance/protocol/CRITERIA_CONTEXT_V1.md""]","[""audit/rule_compliance/code/reproduce_diagnostic.py"", ""audit/rule_compliance/code/recheck_criteria.py""]",python audit/rule_compliance/code/reproduce_revision17.py --out reproduced,focused_reassessment,Explicitly named result rows and prespecified algebra; repeated prose targets are not new observations,"[{""scope"": ""repo"", ""file"": ""audit/rule_compliance/data/adjudication/decisions.csv"", ""selector"": {""metric_key"": ""T1_US_ROLE""}, ""csv_rows"": [2, 3, 4, 5, 6, 7, 8, 9, 10, 11, 12, 13, 14, 15, 16, 17, 18, 19, 20], ""field"": null, ""op"": ""count""}, {""scope"": ""repo"", ""file"": ""audit/rule_compliance/data/adjudication/decisions.csv"", ""selector"": {""metric_key"": [""T3_PARENT_COVERAGE"", ""T4_PARENT_COVERAGE""]}, ""csv_rows"": [21, 22, 23], ""field"": null, ""op"": ""count""}, {""scope"": ""repo"", ""file"": ""audit/rule_compliance/data/adjudication/initial_screen_coverage.csv"", ""selector"": {}, ""csv_rows"": [2, 3, 4, 5, 6, 7, 8, 9, 10, 11, 12, 13, 14, 15, 16, 17, 18, 19, 20, 21, 22, 23, 24, 25, 26, 27, 28, 29, 30, 31, 32, 33, 34, 35, 36, 37, 38, 39, 40, 41, 42, 43, 44, 45, 46, 47, 48, 49, 50, 51, 52, 53, 54, 55, 56, 57, 58, 59, 60, 61, 62, 63, 64, 65, 66, 67, 68, 69, 70, 71, 72, 73, 74, 75, 76, 77, 78, 79, 80, 81, 82, 83, 84, 85, 86, 87, 88, 89, 90, 91, 92, 93, 94, 95, 96, 97, 98, 99, 100, 101, 102, 103, 104, 105, 106, 107, 108, 109, 110, 111, 112, 113, 114, 115, 116, 117, 118, 119, 120, 121], ""field"": null, ""op"": ""count""}]",Selected diagnostic AI labels; not pooled with common judgments or human review,The six-PDF historical retrieval and hash-match operation is documented in preserved review text but is not certified by the public aggregation replay.
P_p0206,p0206,p0206 numeric claim,"{""total"": 40, ""common_n"": 38, ""common_C"": 15, ""common_V"": 11, ""common_U"": 12, ""examples_V"": 2}","{""total"": 40, ""common_n"": 38, ""common_C"": 15, ""common_V"": 11, ""common_U"": 12, ""examples_V"": 2}",MATCH_REPRODUCED,"[{""path"": ""audit/rule_compliance/data/diagnostic/ai_review_40.csv"", ""sha256"": ""c5041678eb850be3f6787d3d8c4d86929a834c2935a19087f6287f10dc80c575""}]","[""audit/rule_compliance/data/diagnostic/README.md"", ""audit/rule_compliance/protocol/CRITERIA_CONTEXT_V1.md""]","[""audit/rule_compliance/code/reproduce_diagnostic.py"", ""audit/rule_compliance/code/recheck_criteria.py""]",python audit/rule_compliance/code/reproduce_revision17.py --out reproduced,AI_diagnostic_40,Explicitly named result rows and prespecified algebra; repeated prose targets are not new observations,"[{""scope"": ""results"", ""file"": ""diagnostic/diagnostic_counts.csv"", ""selector"": {""scope"": ""all_diagnostic""}, ""csv_rows"": [4], ""field"": ""items"", ""op"": ""field""}, {""scope"": ""results"", ""file"": ""diagnostic/diagnostic_counts.csv"", ""selector"": {""scope"": ""common_selected""}, ""csv_rows"": [2], ""field"": ""items"", ""op"": ""field""}, {""scope"": ""results"", ""file"": ""diagnostic/diagnostic_counts.csv"", ""selector"": {""scope"": ""common_selected""}, ""csv_rows"": [2], ""field"": ""C"", ""op"": ""field""}, {""scope"": ""results"", ""file"": ""diagnostic/diagnostic_counts.csv"", ""selector"": {""scope"": ""common_selected""}, ""csv_rows"": [2], ""field"": ""V"", ""op"": ""field""}, {""scope"": ""results"", ""file"": ""diagnostic/diagnostic_counts.csv"", ""selector"": {""scope"": ""common_selected""}, ""csv_rows"": [2], ""field"": ""U"", ""op"": ""field""}, {""scope"": ""results"", ""file"": ""diagnostic/diagnostic_counts.csv"", ""selector"": {""scope"": ""representative_discrepancy""}, ""csv_rows"": [3], ""field"": ""V"", ""op"": ""field""}]",Selected diagnostic AI labels; not pooled with common judgments or human review,
P_p0208,p0208,p0208 numeric claim,"{""U_judgments"": 12}","{""U_judgments"": 12}",MATCH_REPRODUCED,"[{""path"": ""audit/rule_compliance/data/diagnostic/ai_review_40.csv"", ""sha256"": ""c5041678eb850be3f6787d3d8c4d86929a834c2935a19087f6287f10dc80c575""}]","[""audit/rule_compliance/data/diagnostic/README.md"", ""audit/rule_compliance/protocol/CRITERIA_CONTEXT_V1.md""]","[""audit/rule_compliance/code/reproduce_diagnostic.py"", ""audit/rule_compliance/code/recheck_criteria.py""]",python audit/rule_compliance/code/reproduce_revision17.py --out reproduced,AI_diagnostic_40,Explicitly named result rows and prespecified algebra; repeated prose targets are not new observations,"[{""scope"": ""results"", ""file"": ""diagnostic/diagnostic_counts.csv"", ""selector"": {""scope"": ""all_diagnostic""}, ""csv_rows"": [4], ""field"": ""U"", ""op"": ""field""}]",Selected diagnostic AI labels; not pooled with common judgments or human review,
P_p0209,p0209,p0209 numeric claim,"{""HR-011"": [""C"", ""U""], ""HR-037"": [""V"", ""U""], ""HR-038"": [""U"", ""V""]}","{""HR-011"": [""C"", ""U""], ""HR-037"": [""V"", ""U""], ""HR-038"": [""U"", ""V""]}",MATCH_REPRODUCED,"[{""path"": ""audit/rule_compliance/data/diagnostic/ai_review_40.csv"", ""sha256"": ""c5041678eb850be3f6787d3d8c4d86929a834c2935a19087f6287f10dc80c575""}, {""path"": ""audit/rule_compliance/data/adjudication/patches.json"", ""sha256"": ""eafb2df6eba59d7b0aed12162fcab96ffea4d5c9f4824a11631b71251c72b3d1""}]","[""audit/rule_compliance/data/diagnostic/README.md"", ""audit/rule_compliance/protocol/CRITERIA_CONTEXT_V1.md""]","[""audit/rule_compliance/code/reproduce_diagnostic.py"", ""audit/rule_compliance/code/recheck_criteria.py""]",python audit/rule_compliance/code/reproduce_revision17.py --out reproduced,AI_diagnostic_40,Explicitly named result rows and prespecified algebra; repeated prose targets are not new observations,"[{""scope"": ""repo"", ""file"": ""audit/rule_compliance/data/diagnostic/ai_review_40.csv"", ""selector"": {""case_id"": ""HR-011""}, ""csv_rows"": [12], ""field"": ""old_card_ai_status"", ""op"": ""field""}, {""scope"": ""repo"", ""file"": ""audit/rule_compliance/data/diagnostic/ai_review_40.csv"", ""selector"": {""case_id"": ""HR-011""}, ""csv_rows"": [12], ""field"": ""ai_status"", ""op"": ""field""}, {""scope"": ""repo"", ""file"": ""audit/rule_compliance/data/diagnostic/ai_review_40.csv"", ""selector"": {""case_id"": ""HR-037""}, ""csv_rows"": [38], ""field"": ""old_card_ai_status"", ""op"": ""field""}, {""scope"": ""repo"", ""file"": ""audit/rule_compliance/data/diagnostic/ai_review_40.csv"", ""selector"": {""case_id"": ""HR-037""}, ""csv_rows"": [38], ""field"": ""ai_status"", ""op"": ""field""}, {""scope"": ""repo"", ""file"": ""audit/rule_compliance/data/diagnostic/ai_review_40.csv"", ""selector"": {""case_id"": ""HR-038""}, ""csv_rows"": [39], ""field"": ""old_card_ai_status"", ""op"": ""field""}, {""scope"": ""repo"", ""file"": ""audit/rule_compliance/data/diagnostic/ai_review_40.csv"", ""selector"": {""case_id"": ""HR-038""}, ""csv_rows"": [39], ""field"": ""ai_status"", ""op"": ""field""}]",Selected diagnostic AI labels; not pooled with common judgments or human review,
P_p0211,p0211,p0211 numeric claim,"{""later_domain_turn_n"": 120, ""initial_country_n"": 240}","{""later_domain_turn_n"": 120, ""initial_country_n"": 240}",MATCH_REPRODUCED,"[{""path"": ""audit/rule_compliance/data/core/07_semantic_validation_ledger.csv"", ""sha256"": ""1cb6a847887d91b903e047d37f32edd859a66908d1d5b9fb2e625e2e7e111ae7""}, {""path"": ""audit/rule_compliance/data/adjudication/patches.json"", ""sha256"": ""eafb2df6eba59d7b0aed12162fcab96ffea4d5c9f4824a11631b71251c72b3d1""}]","[""audit/rule_compliance/protocol/analysis_spec.json"", ""audit/rule_compliance/protocol/CRITERIA_CONTEXT_V1.md""]","[""audit/rule_compliance/code/reproduce.py"", ""audit/rule_compliance/code/recheck_criteria.py"", ""audit/rule_compliance/code/reproduce_revision17.py""]",python audit/rule_compliance/code/reproduce_revision17.py --out reproduced,conservative_by_turn,Explicitly named result rows and prespecified algebra; repeated prose targets are not new observations,"[{""scope"": ""results"", ""file"": ""turn_summary.csv"", ""selector"": {""domain"": ""local_branch"", ""turn"": ""2""}, ""csv_rows"": [3], ""field"": ""assessability_denominator"", ""op"": ""field""}, {""scope"": ""results"", ""file"": ""turn_summary.csv"", ""selector"": {""domain"": ""initial_role"", ""turn"": ""1""}, ""csv_rows"": [2], ""field"": ""assessability_denominator"", ""op"": ""field""}]",Reaggregation of retained AI labels and documented amendments; no new semantic validation.,
P_p0214,p0214,p0214 numeric claim,"{""initial_n"": 240, ""later_n"": 120, ""NA"": 0}","{""initial_n"": 240, ""later_n"": 120, ""NA"": 0}",MATCH_REPRODUCED,"[{""path"": ""audit/rule_compliance/data/core/07_semantic_validation_ledger.csv"", ""sha256"": ""1cb6a847887d91b903e047d37f32edd859a66908d1d5b9fb2e625e2e7e111ae7""}, {""path"": ""audit/rule_compliance/data/adjudication/patches.json"", ""sha256"": ""eafb2df6eba59d7b0aed12162fcab96ffea4d5c9f4824a11631b71251c72b3d1""}]","[""audit/rule_compliance/protocol/analysis_spec.json"", ""audit/rule_compliance/protocol/CRITERIA_CONTEXT_V1.md""]","[""audit/rule_compliance/code/reproduce.py"", ""audit/rule_compliance/code/recheck_criteria.py"", ""audit/rule_compliance/code/reproduce_revision17.py""]",python audit/rule_compliance/code/reproduce_revision17.py --out reproduced,conservative_by_turn,Explicitly named result rows and prespecified algebra; repeated prose targets are not new observations,"[{""scope"": ""results"", ""file"": ""turn_summary.csv"", ""selector"": {""domain"": ""initial_role"", ""turn"": ""1""}, ""csv_rows"": [2], ""field"": ""assessability_denominator"", ""op"": ""field""}, {""scope"": ""results"", ""file"": ""turn_summary.csv"", ""selector"": {""domain"": ""local_branch"", ""turn"": ""2""}, ""csv_rows"": [3], ""field"": ""assessability_denominator"", ""op"": ""field""}, {""scope"": ""results"", ""file"": ""table4.csv"", ""selector"": {""domain"": ""initial_role""}, ""csv_rows"": [2], ""field"": ""NA"", ""op"": ""field""}, {""scope"": ""results"", ""file"": ""table4.csv"", ""selector"": {""domain"": ""local_branch""}, ""csv_rows"": [3], ""field"": ""NA"", ""op"": ""field""}, {""scope"": ""results"", ""file"": ""table4.csv"", ""selector"": {""domain"": ""event_condition""}, ""csv_rows"": [4], ""field"": ""NA"", ""op"": ""field""}, {""scope"": ""results"", ""file"": ""table4.csv"", ""selector"": {""domain"": ""parent_coverage""}, ""csv_rows"": [5], ""field"": ""NA"", ""op"": ""field""}]",Reaggregation of retained AI labels and documented amendments; no new semantic validation.,
P_p0216,p0216,p0216 numeric claim,"{""system_denominator"": 30, ""total_denominator"": 120}","{""system_denominator"": 30, ""total_denominator"": 120}",MATCH_REPRODUCED,"[{""path"": ""coding/top1_reanalysis/data/top1_source_recoding.csv"", ""sha256"": ""71722afb2faff08f3e8ed7e647c3304a401aec46d723f7490f8e2a558f077efa""}]","[""coding/top1_reanalysis/RECODING_PROTOCOL.md""]","[""coding/top1_reanalysis/code/reproduce_top1.py""]",python audit/rule_compliance/code/reproduce_revision17.py --out reproduced,source_linked_top1,Explicitly named result rows and prespecified algebra; repeated prose targets are not new observations,"[{""scope"": ""results"", ""file"": ""top1/table_b1_counts.csv"", ""selector"": {""System"": ""GPT-4o""}, ""csv_rows"": [2], ""field"": ""Denominator"", ""op"": ""field""}, {""scope"": ""results"", ""file"": ""top1/table_b1_counts.csv"", ""selector"": {""System"": ""Total""}, ""csv_rows"": [6], ""field"": ""Denominator"", ""op"": ""field""}]",Retained Top-1 classification aggregation; no new source coding,
P_p0217,p0217,p0217 numeric claim,"{""stalemate"": 61, ""diplomatic_resolution"": 38, ""full_scale_war"": 5, ""withheld"": 16, ""internal_collapse"": 0, ""limited_conflict"": 0}","{""stalemate"": 61, ""diplomatic_resolution"": 38, ""full_scale_war"": 5, ""withheld"": 16, ""internal_collapse"": 0, ""limited_conflict"": 0}",MATCH_REPRODUCED,"[{""path"": ""coding/top1_reanalysis/data/top1_source_recoding.csv"", ""sha256"": ""71722afb2faff08f3e8ed7e647c3304a401aec46d723f7490f8e2a558f077efa""}]","[""coding/top1_reanalysis/RECODING_PROTOCOL.md""]","[""coding/top1_reanalysis/code/reproduce_top1.py""]",python audit/rule_compliance/code/reproduce_revision17.py --out reproduced,source_linked_top1,Explicitly named result rows and prespecified algebra; repeated prose targets are not new observations,"[{""scope"": ""results"", ""file"": ""top1/table_b1_counts.csv"", ""selector"": {""System"": ""Total""}, ""csv_rows"": [6], ""field"": ""Protracted stalemate"", ""op"": ""field""}, {""scope"": ""results"", ""file"": ""top1/table_b1_counts.csv"", ""selector"": {""System"": ""Total""}, ""csv_rows"": [6], ""field"": ""Diplomatic resolution"", ""op"": ""field""}, {""scope"": ""results"", ""file"": ""top1/table_b1_counts.csv"", ""selector"": {""System"": ""Total""}, ""csv_rows"": [6], ""field"": ""Full-scale war"", ""op"": ""field""}, {""scope"": ""results"", ""file"": ""top1/table_b1_counts.csv"", ""selector"": {""System"": ""Total""}, ""csv_rows"": [6], ""field"": ""Withheld"", ""op"": ""field""}, {""scope"": ""results"", ""file"": ""top1/table_b1_counts.csv"", ""selector"": {""System"": ""Total""}, ""csv_rows"": [6], ""field"": ""Internal collapse"", ""op"": ""field""}, {""scope"": ""results"", ""file"": ""top1/table_b1_counts.csv"", ""selector"": {""System"": ""Total""}, ""csv_rows"": [6], ""field"": ""Limited conflict"", ""op"": ""field""}]",Retained Top-1 classification aggregation; no new source coding,
P_p0221,p0221,p0221 numeric claim,"{""experts"": 18, ""experience_eligibility_years"": 10, ""selected_scenarios"": 3, ""rating_items"": 6, ""rating_scale"": 5, ""open_items"": 1}",,NOT_REPRODUCED,"[{""path"": ""docs/survey_summary/data/survey_context.json"", ""sha256"": ""6dedade8b217289a977b88c0bdff0c51e423dfd8fad1a16a552cd7022b03cba9""}]","[""docs/survey_summary/README.md""]","[""docs/survey_summary/code/reproduce_survey.py""]",python audit/rule_compliance/code/reproduce_revision17.py --out reproduced,earlier_expert_survey,Explicitly named result rows and prespecified algebra; repeated prose targets are not new observations,[],Public aggregate calculation plus documented survey context; underlying private participant source is outside public replay,Survey recruitment eligibility and administration design cannot be independently reconstructed from public item aggregates.
P_p0222,p0222,p0222 numeric claim,"{""Q1_n"": 17, ""Q2_n"": 17, ""Q4_n"": 17, ""Q3_n"": 18, ""Q5_n"": 18, ""Q6_n"": 18, ""open_responses"": 8}","{""Q1_n"": 17, ""Q2_n"": 17, ""Q3_n"": 18, ""Q4_n"": 17, ""Q5_n"": 18, ""Q6_n"": 18, ""open_responses"": 8}",MATCH_REPRODUCED,"[{""path"": ""docs/survey_summary/data/survey_sufficient_statistics.csv"", ""sha256"": ""c517279e4acf280eb9ad189878d1d19e21d8172e30b7c34e8c7e99d9bfbb3deb""}, {""path"": ""docs/survey_summary/data/survey_context.json"", ""sha256"": ""6dedade8b217289a977b88c0bdff0c51e423dfd8fad1a16a552cd7022b03cba9""}]","[""docs/survey_summary/README.md""]","[""docs/survey_summary/code/reproduce_survey.py""]",python audit/rule_compliance/code/reproduce_revision17.py --out reproduced,earlier_expert_survey,Explicitly named result rows and prespecified algebra; repeated prose targets are not new observations,"[{""scope"": ""results"", ""file"": ""survey/table_c1_reproduced.csv"", ""selector"": {""item"": ""Q1""}, ""csv_rows"": [2], ""field"": ""valid_n"", ""op"": ""field""}, {""scope"": ""results"", ""file"": ""survey/table_c1_reproduced.csv"", ""selector"": {""item"": ""Q2""}, ""csv_rows"": [3], ""field"": ""valid_n"", ""op"": ""field""}, {""scope"": ""results"", ""file"": ""survey/table_c1_reproduced.csv"", ""selector"": {""item"": ""Q3""}, ""csv_rows"": [4], ""field"": ""valid_n"", ""op"": ""field""}, {""scope"": ""results"", ""file"": ""survey/table_c1_reproduced.csv"", ""selector"": {""item"": ""Q4""}, ""csv_rows"": [5], ""field"": ""valid_n"", ""op"": ""field""}, {""scope"": ""results"", ""file"": ""survey/table_c1_reproduced.csv"", ""selector"": {""item"": ""Q5""}, ""csv_rows"": [6], ""field"": ""valid_n"", ""op"": ""field""}, {""scope"": ""results"", ""file"": ""survey/table_c1_reproduced.csv"", ""selector"": {""item"": ""Q6""}, ""csv_rows"": [7], ""field"": ""valid_n"", ""op"": ""field""}, {""scope"": ""results"", ""file"": ""survey/survey_summary_reproduced.json"", ""json_path"": [""open_ended_response_count""]}]",Public aggregate calculation plus documented survey context; underlying private participant source is outside public replay,
P_p0225,p0225,p0225 numeric claim,"{""unweighted_item_mean"": 3.96, ""scale"": 5, ""Q5_mean"": 4.11, ""Q5_SD"": 0.58, ""Q6_mean"": 3.83, ""Q6_SD"": 0.62, ""open_responses"": 8}","{""unweighted_item_mean"": 3.96, ""scale"": 5, ""Q5_mean"": 4.11, ""Q5_SD"": 0.58, ""Q6_mean"": 3.83, ""Q6_SD"": 0.62, ""open_responses"": 8}",MATCH_REPRODUCED,"[{""path"": ""docs/survey_summary/data/survey_sufficient_statistics.csv"", ""sha256"": ""c517279e4acf280eb9ad189878d1d19e21d8172e30b7c34e8c7e99d9bfbb3deb""}, {""path"": ""docs/survey_summary/data/survey_context.json"", ""sha256"": ""6dedade8b217289a977b88c0bdff0c51e423dfd8fad1a16a552cd7022b03cba9""}]","[""docs/survey_summary/README.md""]","[""docs/survey_summary/code/reproduce_survey.py""]",python audit/rule_compliance/code/reproduce_revision17.py --out reproduced,earlier_expert_survey,Explicitly named result rows and prespecified algebra; repeated prose targets are not new observations,"[{""scope"": ""results"", ""file"": ""survey/table_c1_reproduced.csv"", ""selector"": {""item"": ""Q1""}, ""csv_rows"": [2], ""field"": ""mean"", ""op"": ""field""}, {""scope"": ""results"", ""file"": ""survey/table_c1_reproduced.csv"", ""selector"": {""item"": ""Q2""}, ""csv_rows"": [3], ""field"": ""mean"", ""op"": ""field""}, {""scope"": ""results"", ""file"": ""survey/table_c1_reproduced.csv"", ""selector"": {""item"": ""Q3""}, ""csv_rows"": [4], ""field"": ""mean"", ""op"": ""field""}, {""scope"": ""results"", ""file"": ""survey/table_c1_reproduced.csv"", ""selector"": {""item"": ""Q4""}, ""csv_rows"": [5], ""field"": ""mean"", ""op"": ""field""}, {""scope"": ""results"", ""file"": ""survey/table_c1_reproduced.csv"", ""selector"": {""item"": ""Q5""}, ""csv_rows"": [6], ""field"": ""mean"", ""op"": ""field""}, {""scope"": ""results"", ""file"": ""survey/table_c1_reproduced.csv"", ""selector"": {""item"": ""Q6""}, ""csv_rows"": [7], ""field"": ""mean"", ""op"": ""field""}, {""scope"": ""repo"", ""file"": ""docs/survey_summary/data/survey_context.json"", ""json_path"": [""rating_scale_max""]}, {""scope"": ""results"", ""file"": ""survey/table_c1_reproduced.csv"", ""selector"": {""item"": ""Q5""}, ""csv_rows"": [6], ""field"": ""mean"", ""op"": ""field""}, {""scope"": ""results"", ""file"": ""survey/table_c1_reproduced.csv"", ""selector"": {""item"": ""Q5""}, ""csv_rows"": [6], ""field"": ""sample_sd"", ""op"": ""field""}, {""scope"": ""results"", ""file"": ""survey/table_c1_reproduced.csv"", ""selector"": {""item"": ""Q6""}, ""csv_rows"": [7], ""field"": ""mean"", ""op"": ""field""}, {""scope"": ""results"", ""file"": ""survey/table_c1_reproduced.csv"", ""selector"": {""item"": ""Q6""}, ""csv_rows"": [7], ""field"": ""sample_sd"", ""op"": ""field""}, {""scope"": ""results"", ""file"": ""survey/survey_summary_reproduced.json"", ""json_path"": [""open_ended_response_count""]}]",Public aggregate calculation plus documented survey context; underlying private participant source is outside public replay,
P_p0227,p0227,p0227 numeric claim,"{""rating_scale"": 5, ""unweighted_item_mean"": 3.96, ""scenario_set_n"": 3}","{""rating_scale"": 5, ""unweighted_item_mean"": 3.96, ""scenario_set_n"": 3}",MATCH_REPRODUCED,"[{""path"": ""docs/survey_summary/data/survey_sufficient_statistics.csv"", ""sha256"": ""c517279e4acf280eb9ad189878d1d19e21d8172e30b7c34e8c7e99d9bfbb3deb""}, {""path"": ""docs/survey_summary/data/survey_context.json"", ""sha256"": ""6dedade8b217289a977b88c0bdff0c51e423dfd8fad1a16a552cd7022b03cba9""}]","[""docs/survey_summary/README.md""]","[""docs/survey_summary/code/reproduce_survey.py""]",python audit/rule_compliance/code/reproduce_revision17.py --out reproduced,earlier_expert_survey,Explicitly named result rows and prespecified algebra; repeated prose targets are not new observations,"[{""scope"": ""repo"", ""file"": ""docs/survey_summary/data/survey_context.json"", ""json_path"": [""rating_scale_max""]}, {""scope"": ""results"", ""file"": ""survey/table_c1_reproduced.csv"", ""selector"": {""item"": ""Q1""}, ""csv_rows"": [2], ""field"": ""mean"", ""op"": ""field""}, {""scope"": ""results"", ""file"": ""survey/table_c1_reproduced.csv"", ""selector"": {""item"": ""Q2""}, ""csv_rows"": [3], ""field"": ""mean"", ""op"": ""field""}, {""scope"": ""results"", ""file"": ""survey/table_c1_reproduced.csv"", ""selector"": {""item"": ""Q3""}, ""csv_rows"": [4], ""field"": ""mean"", ""op"": ""field""}, {""scope"": ""results"", ""file"": ""survey/table_c1_reproduced.csv"", ""selector"": {""item"": ""Q4""}, ""csv_rows"": [5], ""field"": ""mean"", ""op"": ""field""}, {""scope"": ""results"", ""file"": ""survey/table_c1_reproduced.csv"", ""selector"": {""item"": ""Q5""}, ""csv_rows"": [6], ""field"": ""mean"", ""op"": ""field""}, {""scope"": ""results"", ""file"": ""survey/table_c1_reproduced.csv"", ""selector"": {""item"": ""Q6""}, ""csv_rows"": [7], ""field"": ""mean"", ""op"": ""field""}, {""scope"": ""repo"", ""file"": ""docs/survey_summary/data/survey_context.json"", ""json_path"": [""selected_scenarios""]}]",Public aggregate calculation plus documented survey context; underlying private participant source is outside public replay,
