check_id,run_id,source_file,page,turn,branch,actor,variable,requirement_id,domain,unit,status,reported_value,recomputed_value,evidence,reason,method,uncertainty,human_review_required,numeric_comparison_status,extraction,candidate_only,review_completed
PDFIUM-CLA-01-N-00006,CLA-01,runs/raw_logs/Claude_Opus_4/1. Strategic Decision Modeling Protocol.pdf,6,1,Combination 1,,Tension,VDM-CLAMP,명시 산술의 내부 일관성,명시 수식×변수,준수,0.75,0.75,• tension: 0.75 (baseline 0.5 + 0.3 - 0.05),"명시 산식 0.5 + 0.3 - 0.05 = 0.75; 상태값은 VDM max(0,min(1,value))로 계산; 초기값/효과 선택의 정당성과 별개.",Python Decimal; 원문 명시값만,실제 입력 첨부 바이트는 미확인; 보존 VDM과 조건부 대조. 턴·분기는 명시 제목 기반 파싱이며 불완전/재명명 가능. 응답 전용 export 역할 추정; 당시 사용자 프롬프트 미보존. 입력 초기값 출처 및 사건 분류는 이 점검에서 입증하지 않음,아니오,,PDFium second extraction; role boundaries from reviewed records,True,False
PDFIUM-CLA-01-N-00009,CLA-01,runs/raw_logs/Claude_Opus_4/1. Strategic Decision Modeling Protocol.pdf,6,1,Combination 1,,Diplomatic_Support,VDM-CLAMP,명시 산술의 내부 일관성,명시 수식×변수,준수,0.6,0.6,• diplomatic_support: 0.60 (baseline 0.5 + 0.10),"명시 산식 0.5 + 0.10 = 0.6; 상태값은 VDM max(0,min(1,value))로 계산; 초기값/효과 선택의 정당성과 별개.",Python Decimal; 원문 명시값만,실제 입력 첨부 바이트는 미확인; 보존 VDM과 조건부 대조. 턴·분기는 명시 제목 기반 파싱이며 불완전/재명명 가능. 응답 전용 export 역할 추정; 당시 사용자 프롬프트 미보존. 입력 초기값 출처 및 사건 분류는 이 점검에서 입증하지 않음,아니오,,PDFium second extraction; role boundaries from reviewed records,True,False
PDFIUM-CLA-01-N-00012,CLA-01,runs/raw_logs/Claude_Opus_4/1. Strategic Decision Modeling Protocol.pdf,6,1,Combination 1,,Public_Opinion,VDM-CLAMP,명시 산술의 내부 일관성,명시 수식×변수,준수,0.55,0.55,• public_opinion: 0.55 (baseline 0.5 + 0.05),"명시 산식 0.5 + 0.05 = 0.55; 상태값은 VDM max(0,min(1,value))로 계산; 초기값/효과 선택의 정당성과 별개.",Python Decimal; 원문 명시값만,실제 입력 첨부 바이트는 미확인; 보존 VDM과 조건부 대조. 턴·분기는 명시 제목 기반 파싱이며 불완전/재명명 가능. 응답 전용 export 역할 추정; 당시 사용자 프롬프트 미보존. 입력 초기값 출처 및 사건 분류는 이 점검에서 입증하지 않음,아니오,,PDFium second extraction; role boundaries from reviewed records,True,False
PDFIUM-CLA-01-N-00015,CLA-01,runs/raw_logs/Claude_Opus_4/1. Strategic Decision Modeling Protocol.pdf,6,1,Combination 1,,Leadership_Unity,VDM-CLAMP,명시 산술의 내부 일관성,명시 수식×변수,위반,0.85,1,"• leadership_unity: 0.85 (baseline 0.5 + 0.8 + 0.05, capped at 0.85)","명시 산식 0.5 + 0.8 + 0.05 = 1.35; 상태값은 VDM max(0,min(1,value))로 계산; 초기값/효과 선택의 정당성과 별개.",Python Decimal; 원문 명시값만,실제 입력 첨부 바이트는 미확인; 보존 VDM과 조건부 대조. 턴·분기는 명시 제목 기반 파싱이며 불완전/재명명 가능. 응답 전용 export 역할 추정; 당시 사용자 프롬프트 미보존. 입력 초기값 출처 및 사건 분류는 이 점검에서 입증하지 않음,아니오,,PDFium second extraction; role boundaries from reviewed records,True,False
PDFIUM-CLA-01-N-00020,CLA-01,runs/raw_logs/Claude_Opus_4/1. Strategic Decision Modeling Protocol.pdf,6,1,Combination 2,,Tension,VDM-CLAMP,명시 산술의 내부 일관성,명시 수식×변수,준수,0.95,0.95,• tension: 0.95 (baseline 0.5 + 0.45),"명시 산식 0.5 + 0.45 = 0.95; 상태값은 VDM max(0,min(1,value))로 계산; 초기값/효과 선택의 정당성과 별개.",Python Decimal; 원문 명시값만,실제 입력 첨부 바이트는 미확인; 보존 VDM과 조건부 대조. 턴·분기는 명시 제목 기반 파싱이며 불완전/재명명 가능. 응답 전용 export 역할 추정; 당시 사용자 프롬프트 미보존. 입력 초기값 출처 및 사건 분류는 이 점검에서 입증하지 않음,아니오,,PDFium second extraction; role boundaries from reviewed records,True,False
PDFIUM-CLA-01-N-00025,CLA-01,runs/raw_logs/Claude_Opus_4/1. Strategic Decision Modeling Protocol.pdf,6,1,Combination 2,,Public_Opinion,VDM-CLAMP,명시 산술의 내부 일관성,명시 수식×변수,준수,1,1,"• public_opinion: 1.0 (baseline 0.5 + 0.5, capped at 1.0)","명시 산식 0.5 + 0.5 = 1; 상태값은 VDM max(0,min(1,value))로 계산; 초기값/효과 선택의 정당성과 별개.",Python Decimal; 원문 명시값만,실제 입력 첨부 바이트는 미확인; 보존 VDM과 조건부 대조. 턴·분기는 명시 제목 기반 파싱이며 불완전/재명명 가능. 응답 전용 export 역할 추정; 당시 사용자 프롬프트 미보존. 입력 초기값 출처 및 사건 분류는 이 점검에서 입증하지 않음,아니오,,PDFium second extraction; role boundaries from reviewed records,True,False
PDFIUM-CLA-01-N-00034,CLA-01,runs/raw_logs/Claude_Opus_4/1. Strategic Decision Modeling Protocol.pdf,7,1,Combination 3,,Tension,VDM-CLAMP,명시 산술의 내부 일관성,명시 수식×변수,준수,1,1,"• tension: 1.0 (baseline 0.5 + 0.3 + 0.45, capped at 1.0)","명시 산식 0.5 + 0.3 + 0.45 = 1.25; 상태값은 VDM max(0,min(1,value))로 계산; 초기값/효과 선택의 정당성과 별개.",Python Decimal; 원문 명시값만,실제 입력 첨부 바이트는 미확인; 보존 VDM과 조건부 대조. 턴·분기는 명시 제목 기반 파싱이며 불완전/재명명 가능. 응답 전용 export 역할 추정; 당시 사용자 프롬프트 미보존. 입력 초기값 출처 및 사건 분류는 이 점검에서 입증하지 않음,아니오,,PDFium second extraction; role boundaries from reviewed records,True,False
PDFIUM-CLA-01-N-00041,CLA-01,runs/raw_logs/Claude_Opus_4/1. Strategic Decision Modeling Protocol.pdf,7,1,Combination 3,,Leadership_Unity,VDM-CLAMP,명시 산술의 내부 일관성,명시 수식×변수,위반,0.95,1,"• leadership_unity: 0.95 (baseline 0.5 + min(0.8, 0.65) + 0.65, capped at 0.95)","명시 산식 0.5 + min(0.8, 0.65) + 0.65 = 1.8; 상태값은 VDM max(0,min(1,value))로 계산; 초기값/효과 선택의 정당성과 별개.",Python Decimal; 원문 명시값만,실제 입력 첨부 바이트는 미확인; 보존 VDM과 조건부 대조. 턴·분기는 명시 제목 기반 파싱이며 불완전/재명명 가능. 응답 전용 export 역할 추정; 당시 사용자 프롬프트 미보존. 입력 초기값 출처 및 사건 분류는 이 점검에서 입증하지 않음,아니오,,PDFium second extraction; role boundaries from reviewed records,True,False
PDFIUM-CLA-03-N-00008,CLA-03,runs/raw_logs/Claude_Opus_4/3. Strategic Decision Modeling Protocol.pdf,7,1,Combination 1,,Tension,VDM-CLAMP,명시 산술의 내부 일관성,명시 수식×변수,준수,1,1,• tension: 0.5 + 0.3 + 0.45 = 1.0 (clamped to 1.0),"명시 산식 0.5 + 0.3 + 0.45 = 1.25; 상태값은 VDM max(0,min(1,value))로 계산; 초기값/효과 선택의 정당성과 별개.",Python Decimal; 원문 명시값만,실제 입력 첨부 바이트는 미확인; 보존 VDM과 조건부 대조. 턴·분기는 명시 제목 기반 파싱이며 불완전/재명명 가능. 응답 전용 export 역할 추정; 당시 사용자 프롬프트 미보존. 입력 초기값 출처 및 사건 분류는 이 점검에서 입증하지 않음,아니오,,PDFium second extraction; role boundaries from reviewed records,True,False
PDFIUM-CLA-03-N-00011,CLA-03,runs/raw_logs/Claude_Opus_4/3. Strategic Decision Modeling Protocol.pdf,7,1,Combination 1,,Diplomatic_Support,VDM-CLAMP,명시 산술의 내부 일관성,명시 수식×변수,준수,1,1,• diplomatic_support: 0.5 + 0.6 = 1.0 (clamped to 1.0),"명시 산식 0.5 + 0.6 = 1.1; 상태값은 VDM max(0,min(1,value))로 계산; 초기값/효과 선택의 정당성과 별개.",Python Decimal; 원문 명시값만,실제 입력 첨부 바이트는 미확인; 보존 VDM과 조건부 대조. 턴·분기는 명시 제목 기반 파싱이며 불완전/재명명 가능. 응답 전용 export 역할 추정; 당시 사용자 프롬프트 미보존. 입력 초기값 출처 및 사건 분류는 이 점검에서 입증하지 않음,아니오,,PDFium second extraction; role boundaries from reviewed records,True,False
PDFIUM-CLA-03-N-00016,CLA-03,runs/raw_logs/Claude_Opus_4/3. Strategic Decision Modeling Protocol.pdf,7,1,Combination 1,,Leadership_Unity,VDM-CLAMP,명시 산술의 내부 일관성,명시 수식×변수,준수,1,1,• leadership_unity: 0.5 + 0.8 = 1.0 (clamped to 1.0),"명시 산식 0.5 + 0.8 = 1.3; 상태값은 VDM max(0,min(1,value))로 계산; 초기값/효과 선택의 정당성과 별개.",Python Decimal; 원문 명시값만,실제 입력 첨부 바이트는 미확인; 보존 VDM과 조건부 대조. 턴·분기는 명시 제목 기반 파싱이며 불완전/재명명 가능. 응답 전용 export 역할 추정; 당시 사용자 프롬프트 미보존. 입력 초기값 출처 및 사건 분류는 이 점검에서 입증하지 않음,아니오,,PDFium second extraction; role boundaries from reviewed records,True,False
PDFIUM-CLA-03-N-00025,CLA-03,runs/raw_logs/Claude_Opus_4/3. Strategic Decision Modeling Protocol.pdf,8,1,Combination 2,,Tension,VDM-CLAMP,명시 산술의 내부 일관성,명시 수식×변수,준수,1,1,• tension: 0.5 + 0.15 + 0.45 = 1.0 (clamped to 1.0),"명시 산식 0.5 + 0.15 + 0.45 = 1.1; 상태값은 VDM max(0,min(1,value))로 계산; 초기값/효과 선택의 정당성과 별개.",Python Decimal; 원문 명시값만,실제 입력 첨부 바이트는 미확인; 보존 VDM과 조건부 대조. 턴·분기는 명시 제목 기반 파싱이며 불완전/재명명 가능. 응답 전용 export 역할 추정; 당시 사용자 프롬프트 미보존. 입력 초기값 출처 및 사건 분류는 이 점검에서 입증하지 않음,아니오,,PDFium second extraction; role boundaries from reviewed records,True,False
PDFIUM-CLA-03-N-00028,CLA-03,runs/raw_logs/Claude_Opus_4/3. Strategic Decision Modeling Protocol.pdf,8,1,Combination 2,,Diplomatic_Support,VDM-CLAMP,명시 산술의 내부 일관성,명시 수식×변수,준수,0.45,0.45,• diplomatic_support: 0.5 - 0.05 = 0.45,"명시 산식 0.5 - 0.05 = 0.45; 상태값은 VDM max(0,min(1,value))로 계산; 초기값/효과 선택의 정당성과 별개.",Python Decimal; 원문 명시값만,실제 입력 첨부 바이트는 미확인; 보존 VDM과 조건부 대조. 턴·분기는 명시 제목 기반 파싱이며 불완전/재명명 가능. 응답 전용 export 역할 추정; 당시 사용자 프롬프트 미보존. 입력 초기값 출처 및 사건 분류는 이 점검에서 입증하지 않음,아니오,,PDFium second extraction; role boundaries from reviewed records,True,False
PDFIUM-CLA-03-N-00031,CLA-03,runs/raw_logs/Claude_Opus_4/3. Strategic Decision Modeling Protocol.pdf,8,1,Combination 2,,Public_Opinion,VDM-CLAMP,명시 산술의 내부 일관성,명시 수식×변수,준수,0.45,0.45,• public_opinion: 0.5 - 0.05 = 0.45,"명시 산식 0.5 - 0.05 = 0.45; 상태값은 VDM max(0,min(1,value))로 계산; 초기값/효과 선택의 정당성과 별개.",Python Decimal; 원문 명시값만,실제 입력 첨부 바이트는 미확인; 보존 VDM과 조건부 대조. 턴·분기는 명시 제목 기반 파싱이며 불완전/재명명 가능. 응답 전용 export 역할 추정; 당시 사용자 프롬프트 미보존. 입력 초기값 출처 및 사건 분류는 이 점검에서 입증하지 않음,아니오,,PDFium second extraction; role boundaries from reviewed records,True,False
PDFIUM-CLA-03-N-00034,CLA-03,runs/raw_logs/Claude_Opus_4/3. Strategic Decision Modeling Protocol.pdf,8,1,Combination 2,,Leadership_Unity,VDM-CLAMP,명시 산술의 내부 일관성,명시 수식×변수,준수,1,1,• leadership_unity: 0.5 - 0.10 + 0.65 = 1.0 (clamped to 1.0),"명시 산식 0.5 - 0.10 + 0.65 = 1.05; 상태값은 VDM max(0,min(1,value))로 계산; 초기값/효과 선택의 정당성과 별개.",Python Decimal; 원문 명시값만,실제 입력 첨부 바이트는 미확인; 보존 VDM과 조건부 대조. 턴·분기는 명시 제목 기반 파싱이며 불완전/재명명 가능. 응답 전용 export 역할 추정; 당시 사용자 프롬프트 미보존. 입력 초기값 출처 및 사건 분류는 이 점검에서 입증하지 않음,아니오,,PDFium second extraction; role boundaries from reviewed records,True,False
PDFIUM-CLA-03-N-00042,CLA-03,runs/raw_logs/Claude_Opus_4/3. Strategic Decision Modeling Protocol.pdf,9,1,Combination 3,,Tension,VDM-CLAMP,명시 산술의 내부 일관성,명시 수식×변수,준수,0.9,0.9,• tension: 0.5 - 0.05 + 0.45 = 0.90,"명시 산식 0.5 - 0.05 + 0.45 = 0.9; 상태값은 VDM max(0,min(1,value))로 계산; 초기값/효과 선택의 정당성과 별개.",Python Decimal; 원문 명시값만,실제 입력 첨부 바이트는 미확인; 보존 VDM과 조건부 대조. 턴·분기는 명시 제목 기반 파싱이며 불완전/재명명 가능. 응답 전용 export 역할 추정; 당시 사용자 프롬프트 미보존. 입력 초기값 출처 및 사건 분류는 이 점검에서 입증하지 않음,아니오,,PDFium second extraction; role boundaries from reviewed records,True,False
PDFIUM-CLA-03-N-00045,CLA-03,runs/raw_logs/Claude_Opus_4/3. Strategic Decision Modeling Protocol.pdf,9,1,Combination 3,,Diplomatic_Support,VDM-CLAMP,명시 산술의 내부 일관성,명시 수식×변수,준수,1,1,• diplomatic_support: 0.5 + 0.10 + 0.6 = 1.0 (clamped to 1.0),"명시 산식 0.5 + 0.10 + 0.6 = 1.2; 상태값은 VDM max(0,min(1,value))로 계산; 초기값/효과 선택의 정당성과 별개.",Python Decimal; 원문 명시값만,실제 입력 첨부 바이트는 미확인; 보존 VDM과 조건부 대조. 턴·분기는 명시 제목 기반 파싱이며 불완전/재명명 가능. 응답 전용 export 역할 추정; 당시 사용자 프롬프트 미보존. 입력 초기값 출처 및 사건 분류는 이 점검에서 입증하지 않음,아니오,,PDFium second extraction; role boundaries from reviewed records,True,False
PDFIUM-CLA-03-N-00048,CLA-03,runs/raw_logs/Claude_Opus_4/3. Strategic Decision Modeling Protocol.pdf,9,1,Combination 3,,Public_Opinion,VDM-CLAMP,명시 산술의 내부 일관성,명시 수식×변수,준수,0.55,0.55,• public_opinion: 0.5 + 0.05 = 0.55,"명시 산식 0.5 + 0.05 = 0.55; 상태값은 VDM max(0,min(1,value))로 계산; 초기값/효과 선택의 정당성과 별개.",Python Decimal; 원문 명시값만,실제 입력 첨부 바이트는 미확인; 보존 VDM과 조건부 대조. 턴·분기는 명시 제목 기반 파싱이며 불완전/재명명 가능. 응답 전용 export 역할 추정; 당시 사용자 프롬프트 미보존. 입력 초기값 출처 및 사건 분류는 이 점검에서 입증하지 않음,아니오,,PDFium second extraction; role boundaries from reviewed records,True,False
PDFIUM-CLA-03-N-00051,CLA-03,runs/raw_logs/Claude_Opus_4/3. Strategic Decision Modeling Protocol.pdf,9,1,Combination 3,,Leadership_Unity,VDM-CLAMP,명시 산술의 내부 일관성,명시 수식×변수,준수,0.55,0.55,• leadership_unity: 0.5 + 0.05 = 0.55,"명시 산식 0.5 + 0.05 = 0.55; 상태값은 VDM max(0,min(1,value))로 계산; 초기값/효과 선택의 정당성과 별개.",Python Decimal; 원문 명시값만,실제 입력 첨부 바이트는 미확인; 보존 VDM과 조건부 대조. 턴·분기는 명시 제목 기반 파싱이며 불완전/재명명 가능. 응답 전용 export 역할 추정; 당시 사용자 프롬프트 미보존. 입력 초기값 출처 및 사건 분류는 이 점검에서 입증하지 않음,아니오,,PDFium second extraction; role boundaries from reviewed records,True,False
PDFIUM-CLA-03-N-00081,CLA-03,runs/raw_logs/Claude_Opus_4/3. Strategic Decision Modeling Protocol.pdf,14,2,Combination 1,,Tension,VDM-CLAMP,명시 산술의 내부 일관성,명시 수식×변수,준수,1,1,• tension: 1.0 + 0.05 - 0.05 = 1.0,"명시 산식 1.0 + 0.05 - 0.05 = 1; 상태값은 VDM max(0,min(1,value))로 계산; 초기값/효과 선택의 정당성과 별개.",Python Decimal; 원문 명시값만,실제 입력 첨부 바이트는 미확인; 보존 VDM과 조건부 대조. 턴·분기는 명시 제목 기반 파싱이며 불완전/재명명 가능. 응답 전용 export 역할 추정; 당시 사용자 프롬프트 미보존. 입력 초기값 출처 및 사건 분류는 이 점검에서 입증하지 않음,아니오,,PDFium second extraction; role boundaries from reviewed records,True,False
PDFIUM-CLA-03-N-00084,CLA-03,runs/raw_logs/Claude_Opus_4/3. Strategic Decision Modeling Protocol.pdf,14,2,Combination 1,,Diplomatic_Support,VDM-CLAMP,명시 산술의 내부 일관성,명시 수식×변수,준수,1,1,• diplomatic_support: 1.0 - 0.02 + 0.10 = 1.0 (clamped),"명시 산식 1.0 - 0.02 + 0.10 = 1.08; 상태값은 VDM max(0,min(1,value))로 계산; 초기값/효과 선택의 정당성과 별개.",Python Decimal; 원문 명시값만,실제 입력 첨부 바이트는 미확인; 보존 VDM과 조건부 대조. 턴·분기는 명시 제목 기반 파싱이며 불완전/재명명 가능. 응답 전용 export 역할 추정; 당시 사용자 프롬프트 미보존. 입력 초기값 출처 및 사건 분류는 이 점검에서 입증하지 않음,아니오,,PDFium second extraction; role boundaries from reviewed records,True,False
PDFIUM-CLA-03-N-00087,CLA-03,runs/raw_logs/Claude_Opus_4/3. Strategic Decision Modeling Protocol.pdf,14,2,Combination 1,,Public_Opinion,VDM-CLAMP,명시 산술의 내부 일관성,명시 수식×변수,준수,0.53,0.53,• public_opinion: 0.5 - 0.02 + 0.05 = 0.53,"명시 산식 0.5 - 0.02 + 0.05 = 0.53; 상태값은 VDM max(0,min(1,value))로 계산; 초기값/효과 선택의 정당성과 별개.",Python Decimal; 원문 명시값만,실제 입력 첨부 바이트는 미확인; 보존 VDM과 조건부 대조. 턴·분기는 명시 제목 기반 파싱이며 불완전/재명명 가능. 응답 전용 export 역할 추정; 당시 사용자 프롬프트 미보존. 입력 초기값 출처 및 사건 분류는 이 점검에서 입증하지 않음,아니오,,PDFium second extraction; role boundaries from reviewed records,True,False
PDFIUM-CLA-03-N-00090,CLA-03,runs/raw_logs/Claude_Opus_4/3. Strategic Decision Modeling Protocol.pdf,14,2,Combination 1,,Leadership_Unity,VDM-CLAMP,명시 산술의 내부 일관성,명시 수식×변수,준수,1,1,• leadership_unity: 1.0 - 0.05 + 0.05 = 1.0,"명시 산식 1.0 - 0.05 + 0.05 = 1; 상태값은 VDM max(0,min(1,value))로 계산; 초기값/효과 선택의 정당성과 별개.",Python Decimal; 원문 명시값만,실제 입력 첨부 바이트는 미확인; 보존 VDM과 조건부 대조. 턴·분기는 명시 제목 기반 파싱이며 불완전/재명명 가능. 응답 전용 export 역할 추정; 당시 사용자 프롬프트 미보존. 입력 초기값 출처 및 사건 분류는 이 점검에서 입증하지 않음,아니오,,PDFium second extraction; role boundaries from reviewed records,True,False
PDFIUM-CLA-03-N-00094,CLA-03,runs/raw_logs/Claude_Opus_4/3. Strategic Decision Modeling Protocol.pdf,14,2,Combination 2,,Tension,VDM-CLAMP,명시 산술의 내부 일관성,명시 수식×변수,준수,1,1,• tension: 1.0 + 0.05 + 0.45 = 1.0 (clamped),"명시 산식 1.0 + 0.05 + 0.45 = 1.5; 상태값은 VDM max(0,min(1,value))로 계산; 초기값/효과 선택의 정당성과 별개.",Python Decimal; 원문 명시값만,실제 입력 첨부 바이트는 미확인; 보존 VDM과 조건부 대조. 턴·분기는 명시 제목 기반 파싱이며 불완전/재명명 가능. 응답 전용 export 역할 추정; 당시 사용자 프롬프트 미보존. 입력 초기값 출처 및 사건 분류는 이 점검에서 입증하지 않음,아니오,,PDFium second extraction; role boundaries from reviewed records,True,False
PDFIUM-CLA-03-N-00097,CLA-03,runs/raw_logs/Claude_Opus_4/3. Strategic Decision Modeling Protocol.pdf,14,2,Combination 2,,Diplomatic_Support,VDM-CLAMP,명시 산술의 내부 일관성,명시 수식×변수,준수,0.43,0.43,• diplomatic_support: 0.45 - 0.02 = 0.43,"명시 산식 0.45 - 0.02 = 0.43; 상태값은 VDM max(0,min(1,value))로 계산; 초기값/효과 선택의 정당성과 별개.",Python Decimal; 원문 명시값만,실제 입력 첨부 바이트는 미확인; 보존 VDM과 조건부 대조. 턴·분기는 명시 제목 기반 파싱이며 불완전/재명명 가능. 응답 전용 export 역할 추정; 당시 사용자 프롬프트 미보존. 입력 초기값 출처 및 사건 분류는 이 점검에서 입증하지 않음,아니오,,PDFium second extraction; role boundaries from reviewed records,True,False
PDFIUM-CLA-03-N-00100,CLA-03,runs/raw_logs/Claude_Opus_4/3. Strategic Decision Modeling Protocol.pdf,14,2,Combination 2,,Public_Opinion,VDM-CLAMP,명시 산술의 내부 일관성,명시 수식×변수,준수,0.43,0.43,• public_opinion: 0.45 - 0.02 = 0.43,"명시 산식 0.45 - 0.02 = 0.43; 상태값은 VDM max(0,min(1,value))로 계산; 초기값/효과 선택의 정당성과 별개.",Python Decimal; 원문 명시값만,실제 입력 첨부 바이트는 미확인; 보존 VDM과 조건부 대조. 턴·분기는 명시 제목 기반 파싱이며 불완전/재명명 가능. 응답 전용 export 역할 추정; 당시 사용자 프롬프트 미보존. 입력 초기값 출처 및 사건 분류는 이 점검에서 입증하지 않음,아니오,,PDFium second extraction; role boundaries from reviewed records,True,False
PDFIUM-CLA-03-N-00103,CLA-03,runs/raw_logs/Claude_Opus_4/3. Strategic Decision Modeling Protocol.pdf,14,2,Combination 2,,Leadership_Unity,VDM-CLAMP,명시 산술의 내부 일관성,명시 수식×변수,준수,1,1,• leadership_unity: 1.0 - 0.05 + 0.65 = 1.0 (clamped),"명시 산식 1.0 - 0.05 + 0.65 = 1.6; 상태값은 VDM max(0,min(1,value))로 계산; 초기값/효과 선택의 정당성과 별개.",Python Decimal; 원문 명시값만,실제 입력 첨부 바이트는 미확인; 보존 VDM과 조건부 대조. 턴·분기는 명시 제목 기반 파싱이며 불완전/재명명 가능. 응답 전용 export 역할 추정; 당시 사용자 프롬프트 미보존. 입력 초기값 출처 및 사건 분류는 이 점검에서 입증하지 않음,아니오,,PDFium second extraction; role boundaries from reviewed records,True,False
PDFIUM-CLA-03-N-00110,CLA-03,runs/raw_logs/Claude_Opus_4/3. Strategic Decision Modeling Protocol.pdf,15,2,Combination 3,,Tension,VDM-CLAMP,명시 산술의 내부 일관성,명시 수식×변수,준수,0.8,0.8,• tension: 0.90 - 0.05 - 0.05 = 0.80,"명시 산식 0.90 - 0.05 - 0.05 = 0.8; 상태값은 VDM max(0,min(1,value))로 계산; 초기값/효과 선택의 정당성과 별개.",Python Decimal; 원문 명시값만,실제 입력 첨부 바이트는 미확인; 보존 VDM과 조건부 대조. 턴·분기는 명시 제목 기반 파싱이며 불완전/재명명 가능. 응답 전용 export 역할 추정; 당시 사용자 프롬프트 미보존. 입력 초기값 출처 및 사건 분류는 이 점검에서 입증하지 않음,아니오,,PDFium second extraction; role boundaries from reviewed records,True,False
PDFIUM-CLA-03-N-00113,CLA-03,runs/raw_logs/Claude_Opus_4/3. Strategic Decision Modeling Protocol.pdf,15,2,Combination 3,,Diplomatic_Support,VDM-CLAMP,명시 산술의 내부 일관성,명시 수식×변수,준수,1,1,• diplomatic_support: 1.0 + 0.10 + 0.10 = 1.0 (clamped),"명시 산식 1.0 + 0.10 + 0.10 = 1.2; 상태값은 VDM max(0,min(1,value))로 계산; 초기값/효과 선택의 정당성과 별개.",Python Decimal; 원문 명시값만,실제 입력 첨부 바이트는 미확인; 보존 VDM과 조건부 대조. 턴·분기는 명시 제목 기반 파싱이며 불완전/재명명 가능. 응답 전용 export 역할 추정; 당시 사용자 프롬프트 미보존. 입력 초기값 출처 및 사건 분류는 이 점검에서 입증하지 않음,아니오,,PDFium second extraction; role boundaries from reviewed records,True,False
PDFIUM-CLA-03-N-00116,CLA-03,runs/raw_logs/Claude_Opus_4/3. Strategic Decision Modeling Protocol.pdf,15,2,Combination 3,,Public_Opinion,VDM-CLAMP,명시 산술의 내부 일관성,명시 수식×변수,준수,0.65,0.65,• public_opinion: 0.55 + 0.05 + 0.05 = 0.65,"명시 산식 0.55 + 0.05 + 0.05 = 0.65; 상태값은 VDM max(0,min(1,value))로 계산; 초기값/효과 선택의 정당성과 별개.",Python Decimal; 원문 명시값만,실제 입력 첨부 바이트는 미확인; 보존 VDM과 조건부 대조. 턴·분기는 명시 제목 기반 파싱이며 불완전/재명명 가능. 응답 전용 export 역할 추정; 당시 사용자 프롬프트 미보존. 입력 초기값 출처 및 사건 분류는 이 점검에서 입증하지 않음,아니오,,PDFium second extraction; role boundaries from reviewed records,True,False
PDFIUM-CLA-03-N-00119,CLA-03,runs/raw_logs/Claude_Opus_4/3. Strategic Decision Modeling Protocol.pdf,15,2,Combination 3,,Leadership_Unity,VDM-CLAMP,명시 산술의 내부 일관성,명시 수식×변수,준수,0.65,0.65,• leadership_unity: 0.55 + 0.05 + 0.05 = 0.65,"명시 산식 0.55 + 0.05 + 0.05 = 0.65; 상태값은 VDM max(0,min(1,value))로 계산; 초기값/효과 선택의 정당성과 별개.",Python Decimal; 원문 명시값만,실제 입력 첨부 바이트는 미확인; 보존 VDM과 조건부 대조. 턴·분기는 명시 제목 기반 파싱이며 불완전/재명명 가능. 응답 전용 export 역할 추정; 당시 사용자 프롬프트 미보존. 입력 초기값 출처 및 사건 분류는 이 점검에서 입증하지 않음,아니오,,PDFium second extraction; role boundaries from reviewed records,True,False
PDFIUM-CLA-03-N-00149,CLA-03,runs/raw_logs/Claude_Opus_4/3. Strategic Decision Modeling Protocol.pdf,20,3,Combination 1,,Tension,VDM-CLAMP,명시 산술의 내부 일관성,명시 수식×변수,준수,1,1,• tension: 1.0 + 0.15 - 0.05 - 0.05 = 1.0 (clamped),"명시 산식 1.0 + 0.15 - 0.05 - 0.05 = 1.05; 상태값은 VDM max(0,min(1,value))로 계산; 초기값/효과 선택의 정당성과 별개.",Python Decimal; 원문 명시값만,실제 입력 첨부 바이트는 미확인; 보존 VDM과 조건부 대조. 턴·분기는 명시 제목 기반 파싱이며 불완전/재명명 가능. 응답 전용 export 역할 추정; 당시 사용자 프롬프트 미보존. 입력 초기값 출처 및 사건 분류는 이 점검에서 입증하지 않음,아니오,,PDFium second extraction; role boundaries from reviewed records,True,False
PDFIUM-CLA-03-N-00152,CLA-03,runs/raw_logs/Claude_Opus_4/3. Strategic Decision Modeling Protocol.pdf,20,3,Combination 1,,Diplomatic_Support,VDM-CLAMP,명시 산술의 내부 일관성,명시 수식×변수,준수,1,1,• diplomatic_support: 1.0 - 0.05 + 0.10 + 0.10 = 1.0 (clamped),"명시 산식 1.0 - 0.05 + 0.10 + 0.10 = 1.15; 상태값은 VDM max(0,min(1,value))로 계산; 초기값/효과 선택의 정당성과 별개.",Python Decimal; 원문 명시값만,실제 입력 첨부 바이트는 미확인; 보존 VDM과 조건부 대조. 턴·분기는 명시 제목 기반 파싱이며 불완전/재명명 가능. 응답 전용 export 역할 추정; 당시 사용자 프롬프트 미보존. 입력 초기값 출처 및 사건 분류는 이 점검에서 입증하지 않음,아니오,,PDFium second extraction; role boundaries from reviewed records,True,False
PDFIUM-CLA-03-N-00155,CLA-03,runs/raw_logs/Claude_Opus_4/3. Strategic Decision Modeling Protocol.pdf,20,3,Combination 1,,Public_Opinion,VDM-CLAMP,명시 산술의 내부 일관성,명시 수식×변수,준수,0.58,0.58,• public_opinion: 0.53 - 0.05 + 0.05 + 0.05 = 0.58,"명시 산식 0.53 - 0.05 + 0.05 + 0.05 = 0.58; 상태값은 VDM max(0,min(1,value))로 계산; 초기값/효과 선택의 정당성과 별개.",Python Decimal; 원문 명시값만,실제 입력 첨부 바이트는 미확인; 보존 VDM과 조건부 대조. 턴·분기는 명시 제목 기반 파싱이며 불완전/재명명 가능. 응답 전용 export 역할 추정; 당시 사용자 프롬프트 미보존. 입력 초기값 출처 및 사건 분류는 이 점검에서 입증하지 않음,아니오,,PDFium second extraction; role boundaries from reviewed records,True,False
PDFIUM-CLA-03-N-00158,CLA-03,runs/raw_logs/Claude_Opus_4/3. Strategic Decision Modeling Protocol.pdf,20,3,Combination 1,,Leadership_Unity,VDM-CLAMP,명시 산술의 내부 일관성,명시 수식×변수,준수,1,1,• leadership_unity: 1.0 - 0.10 + 0.05 + 0.05 = 1.0,"명시 산식 1.0 - 0.10 + 0.05 + 0.05 = 1; 상태값은 VDM max(0,min(1,value))로 계산; 초기값/효과 선택의 정당성과 별개.",Python Decimal; 원문 명시값만,실제 입력 첨부 바이트는 미확인; 보존 VDM과 조건부 대조. 턴·분기는 명시 제목 기반 파싱이며 불완전/재명명 가능. 응답 전용 export 역할 추정; 당시 사용자 프롬프트 미보존. 입력 초기값 출처 및 사건 분류는 이 점검에서 입증하지 않음,아니오,,PDFium second extraction; role boundaries from reviewed records,True,False
PDFIUM-CLA-03-N-00167,CLA-03,runs/raw_logs/Claude_Opus_4/3. Strategic Decision Modeling Protocol.pdf,21,3,Combination 2,,Tension,VDM-CLAMP,명시 산술의 내부 일관성,명시 수식×변수,준수,1,1,• tension: 1.0 + 0.15 + 0.15 + 0.05 = 1.0 (clamped),"명시 산식 1.0 + 0.15 + 0.15 + 0.05 = 1.35; 상태값은 VDM max(0,min(1,value))로 계산; 초기값/효과 선택의 정당성과 별개.",Python Decimal; 원문 명시값만,실제 입력 첨부 바이트는 미확인; 보존 VDM과 조건부 대조. 턴·분기는 명시 제목 기반 파싱이며 불완전/재명명 가능. 응답 전용 export 역할 추정; 당시 사용자 프롬프트 미보존. 입력 초기값 출처 및 사건 분류는 이 점검에서 입증하지 않음,아니오,,PDFium second extraction; role boundaries from reviewed records,True,False
PDFIUM-CLA-03-N-00170,CLA-03,runs/raw_logs/Claude_Opus_4/3. Strategic Decision Modeling Protocol.pdf,21,3,Combination 2,,Diplomatic_Support,VDM-CLAMP,명시 산술의 내부 일관성,명시 수식×변수,준수,0.31,0.31,• diplomatic_support: 0.43 - 0.05 - 0.05 - 0.02 = 0.31,"명시 산식 0.43 - 0.05 - 0.05 - 0.02 = 0.31; 상태값은 VDM max(0,min(1,value))로 계산; 초기값/효과 선택의 정당성과 별개.",Python Decimal; 원문 명시값만,실제 입력 첨부 바이트는 미확인; 보존 VDM과 조건부 대조. 턴·분기는 명시 제목 기반 파싱이며 불완전/재명명 가능. 응답 전용 export 역할 추정; 당시 사용자 프롬프트 미보존. 입력 초기값 출처 및 사건 분류는 이 점검에서 입증하지 않음,아니오,,PDFium second extraction; role boundaries from reviewed records,True,False
PDFIUM-CLA-03-N-00173,CLA-03,runs/raw_logs/Claude_Opus_4/3. Strategic Decision Modeling Protocol.pdf,21,3,Combination 2,,Public_Opinion,VDM-CLAMP,명시 산술의 내부 일관성,명시 수식×변수,준수,0.31,0.31,• public_opinion: 0.43 - 0.05 - 0.05 - 0.02 = 0.31,"명시 산식 0.43 - 0.05 - 0.05 - 0.02 = 0.31; 상태값은 VDM max(0,min(1,value))로 계산; 초기값/효과 선택의 정당성과 별개.",Python Decimal; 원문 명시값만,실제 입력 첨부 바이트는 미확인; 보존 VDM과 조건부 대조. 턴·분기는 명시 제목 기반 파싱이며 불완전/재명명 가능. 응답 전용 export 역할 추정; 당시 사용자 프롬프트 미보존. 입력 초기값 출처 및 사건 분류는 이 점검에서 입증하지 않음,아니오,,PDFium second extraction; role boundaries from reviewed records,True,False
PDFIUM-CLA-03-N-00176,CLA-03,runs/raw_logs/Claude_Opus_4/3. Strategic Decision Modeling Protocol.pdf,21,3,Combination 2,,Leadership_Unity,VDM-CLAMP,명시 산술의 내부 일관성,명시 수식×변수,준수,0.75,0.75,• leadership_unity: 1.0 - 0.10 - 0.10 - 0.05 = 0.75,"명시 산식 1.0 - 0.10 - 0.10 - 0.05 = 0.75; 상태값은 VDM max(0,min(1,value))로 계산; 초기값/효과 선택의 정당성과 별개.",Python Decimal; 원문 명시값만,실제 입력 첨부 바이트는 미확인; 보존 VDM과 조건부 대조. 턴·분기는 명시 제목 기반 파싱이며 불완전/재명명 가능. 응답 전용 export 역할 추정; 당시 사용자 프롬프트 미보존. 입력 초기값 출처 및 사건 분류는 이 점검에서 입증하지 않음,아니오,,PDFium second extraction; role boundaries from reviewed records,True,False
PDFIUM-CLA-03-N-00183,CLA-03,runs/raw_logs/Claude_Opus_4/3. Strategic Decision Modeling Protocol.pdf,21,3,Combination 3,,Tension,VDM-CLAMP,명시 산술의 내부 일관성,명시 수식×변수,준수,0.85,0.85,• tension: 0.80 + 0.15 - 0.05 - 0.05 = 0.85,"명시 산식 0.80 + 0.15 - 0.05 - 0.05 = 0.85; 상태값은 VDM max(0,min(1,value))로 계산; 초기값/효과 선택의 정당성과 별개.",Python Decimal; 원문 명시값만,실제 입력 첨부 바이트는 미확인; 보존 VDM과 조건부 대조. 턴·분기는 명시 제목 기반 파싱이며 불완전/재명명 가능. 응답 전용 export 역할 추정; 당시 사용자 프롬프트 미보존. 입력 초기값 출처 및 사건 분류는 이 점검에서 입증하지 않음,아니오,,PDFium second extraction; role boundaries from reviewed records,True,False
PDFIUM-CLA-03-N-00186,CLA-03,runs/raw_logs/Claude_Opus_4/3. Strategic Decision Modeling Protocol.pdf,21,3,Combination 3,,Diplomatic_Support,VDM-CLAMP,명시 산술의 내부 일관성,명시 수식×변수,준수,1,1,• diplomatic_support: 1.0 - 0.05 + 0.10 + 0.10 = 1.0 (clamped),"명시 산식 1.0 - 0.05 + 0.10 + 0.10 = 1.15; 상태값은 VDM max(0,min(1,value))로 계산; 초기값/효과 선택의 정당성과 별개.",Python Decimal; 원문 명시값만,실제 입력 첨부 바이트는 미확인; 보존 VDM과 조건부 대조. 턴·분기는 명시 제목 기반 파싱이며 불완전/재명명 가능. 응답 전용 export 역할 추정; 당시 사용자 프롬프트 미보존. 입력 초기값 출처 및 사건 분류는 이 점검에서 입증하지 않음,아니오,,PDFium second extraction; role boundaries from reviewed records,True,False
PDFIUM-CLA-03-N-00189,CLA-03,runs/raw_logs/Claude_Opus_4/3. Strategic Decision Modeling Protocol.pdf,21,3,Combination 3,,Public_Opinion,VDM-CLAMP,명시 산술의 내부 일관성,명시 수식×변수,준수,0.7,0.7,• public_opinion: 0.65 - 0.05 + 0.05 + 0.05 = 0.70,"명시 산식 0.65 - 0.05 + 0.05 + 0.05 = 0.7; 상태값은 VDM max(0,min(1,value))로 계산; 초기값/효과 선택의 정당성과 별개.",Python Decimal; 원문 명시값만,실제 입력 첨부 바이트는 미확인; 보존 VDM과 조건부 대조. 턴·분기는 명시 제목 기반 파싱이며 불완전/재명명 가능. 응답 전용 export 역할 추정; 당시 사용자 프롬프트 미보존. 입력 초기값 출처 및 사건 분류는 이 점검에서 입증하지 않음,아니오,,PDFium second extraction; role boundaries from reviewed records,True,False
PDFIUM-CLA-03-N-00192,CLA-03,runs/raw_logs/Claude_Opus_4/3. Strategic Decision Modeling Protocol.pdf,21,3,Combination 3,,Leadership_Unity,VDM-CLAMP,명시 산술의 내부 일관성,명시 수식×변수,준수,0.65,0.65,• leadership_unity: 0.65 - 0.10 + 0.05 + 0.05 = 0.65,"명시 산식 0.65 - 0.10 + 0.05 + 0.05 = 0.65; 상태값은 VDM max(0,min(1,value))로 계산; 초기값/효과 선택의 정당성과 별개.",Python Decimal; 원문 명시값만,실제 입력 첨부 바이트는 미확인; 보존 VDM과 조건부 대조. 턴·분기는 명시 제목 기반 파싱이며 불완전/재명명 가능. 응답 전용 export 역할 추정; 당시 사용자 프롬프트 미보존. 입력 초기값 출처 및 사건 분류는 이 점검에서 입증하지 않음,아니오,,PDFium second extraction; role boundaries from reviewed records,True,False
PDFIUM-CLA-04-N-00005,CLA-04,runs/raw_logs/Claude_Opus_4/4. Strategic Decision Modeling Protocol.pdf,6,1,Combination 1],,Tension,VDM-CLAMP,명시 산술의 내부 일관성,명시 수식×변수,판정 불가,"0.875 (0.5 + 0.3 + 0.45 = 1.275, clamped to max 1.0 → 0.875 average)",,"• tension: 0.875 (0.5 + 0.3 + 0.45 = 1.275, clamped to max 1.0 → 0.875 average)",평균·정성·추가 조정의 완전한 식이 없음,Python Decimal; 원문 명시값만,실제 입력 첨부 바이트는 미확인; 보존 VDM과 조건부 대조. 턴·분기는 명시 제목 기반 파싱이며 불완전/재명명 가능. 응답 전용 export 역할 추정; 당시 사용자 프롬프트 미보존. ,예,,PDFium second extraction; role boundaries from reviewed records,True,False
PDFIUM-CLA-04-N-00012,CLA-04,runs/raw_logs/Claude_Opus_4/4. Strategic Decision Modeling Protocol.pdf,6,1,Combination 1],,Leadership_Unity,VDM-CLAMP,명시 산술의 내부 일관성,명시 수식×변수,판정 불가,"0.725 (0.5 + 0.8 + 0.65 = 1.95/2 = 0.975, reasonable average)",,"• leadership_unity: 0.725 (0.5 + 0.8 + 0.65 = 1.95/2 = 0.975, reasonable average)",평균·정성·추가 조정의 완전한 식이 없음,Python Decimal; 원문 명시값만,실제 입력 첨부 바이트는 미확인; 보존 VDM과 조건부 대조. 턴·분기는 명시 제목 기반 파싱이며 불완전/재명명 가능. 응답 전용 export 역할 추정; 당시 사용자 프롬프트 미보존. ,예,,PDFium second extraction; role boundaries from reviewed records,True,False
PDFIUM-CLA-04-N-00023,CLA-04,runs/raw_logs/Claude_Opus_4/4. Strategic Decision Modeling Protocol.pdf,7,1,Combination 2],,Tension,VDM-CLAMP,명시 산술의 내부 일관성,명시 수식×변수,준수,0.8,0.8,• tension: 0.8 (0.5 + 0.15 + 0.15),"명시 산식 0.5 + 0.15 + 0.15 = 0.8; 상태값은 VDM max(0,min(1,value))로 계산; 초기값/효과 선택의 정당성과 별개.",Python Decimal; 원문 명시값만,실제 입력 첨부 바이트는 미확인; 보존 VDM과 조건부 대조. 턴·분기는 명시 제목 기반 파싱이며 불완전/재명명 가능. 응답 전용 export 역할 추정; 당시 사용자 프롬프트 미보존. 입력 초기값 출처 및 사건 분류는 이 점검에서 입증하지 않음,아니오,,PDFium second extraction; role boundaries from reviewed records,True,False
PDFIUM-CLA-04-N-00026,CLA-04,runs/raw_logs/Claude_Opus_4/4. Strategic Decision Modeling Protocol.pdf,7,1,Combination 2],,Diplomatic_Support,VDM-CLAMP,명시 산술의 내부 일관성,명시 수식×변수,준수,0.4,0.4,• diplomatic_support: 0.4 (0.5 - 0.05 - 0.05),"명시 산식 0.5 - 0.05 - 0.05 = 0.4; 상태값은 VDM max(0,min(1,value))로 계산; 초기값/효과 선택의 정당성과 별개.",Python Decimal; 원문 명시값만,실제 입력 첨부 바이트는 미확인; 보존 VDM과 조건부 대조. 턴·분기는 명시 제목 기반 파싱이며 불완전/재명명 가능. 응답 전용 export 역할 추정; 당시 사용자 프롬프트 미보존. 입력 초기값 출처 및 사건 분류는 이 점검에서 입증하지 않음,아니오,,PDFium second extraction; role boundaries from reviewed records,True,False
PDFIUM-CLA-04-N-00029,CLA-04,runs/raw_logs/Claude_Opus_4/4. Strategic Decision Modeling Protocol.pdf,7,1,Combination 2],,Public_Opinion,VDM-CLAMP,명시 산술의 내부 일관성,명시 수식×변수,준수,0.4,0.4,• public_opinion: 0.4 (0.5 - 0.05 - 0.05),"명시 산식 0.5 - 0.05 - 0.05 = 0.4; 상태값은 VDM max(0,min(1,value))로 계산; 초기값/효과 선택의 정당성과 별개.",Python Decimal; 원문 명시값만,실제 입력 첨부 바이트는 미확인; 보존 VDM과 조건부 대조. 턴·분기는 명시 제목 기반 파싱이며 불완전/재명명 가능. 응답 전용 export 역할 추정; 당시 사용자 프롬프트 미보존. 입력 초기값 출처 및 사건 분류는 이 점검에서 입증하지 않음,아니오,,PDFium second extraction; role boundaries from reviewed records,True,False
PDFIUM-CLA-04-N-00032,CLA-04,runs/raw_logs/Claude_Opus_4/4. Strategic Decision Modeling Protocol.pdf,7,1,Combination 2],,Leadership_Unity,VDM-CLAMP,명시 산술의 내부 일관성,명시 수식×변수,준수,0.3,0.3,• leadership_unity: 0.3 (0.5 - 0.10 - 0.10),"명시 산식 0.5 - 0.10 - 0.10 = 0.3; 상태값은 VDM max(0,min(1,value))로 계산; 초기값/효과 선택의 정당성과 별개.",Python Decimal; 원문 명시값만,실제 입력 첨부 바이트는 미확인; 보존 VDM과 조건부 대조. 턴·분기는 명시 제목 기반 파싱이며 불완전/재명명 가능. 응답 전용 export 역할 추정; 당시 사용자 프롬프트 미보존. 입력 초기값 출처 및 사건 분류는 이 점검에서 입증하지 않음,아니오,,PDFium second extraction; role boundaries from reviewed records,True,False
PDFIUM-CLA-04-N-00039,CLA-04,runs/raw_logs/Claude_Opus_4/4. Strategic Decision Modeling Protocol.pdf,8,1,Combination 3],,Tension,VDM-CLAMP,명시 산술의 내부 일관성,명시 수식×변수,준수,0.725,0.725,• tension: 0.725 (0.5 + 0 + 0.45/2),"명시 산식 0.5 + 0 + 0.45/2 = 0.725; 상태값은 VDM max(0,min(1,value))로 계산; 초기값/효과 선택의 정당성과 별개.",Python Decimal; 원문 명시값만,실제 입력 첨부 바이트는 미확인; 보존 VDM과 조건부 대조. 턴·분기는 명시 제목 기반 파싱이며 불완전/재명명 가능. 응답 전용 export 역할 추정; 당시 사용자 프롬프트 미보존. 입력 초기값 출처 및 사건 분류는 이 점검에서 입증하지 않음,아니오,,PDFium second extraction; role boundaries from reviewed records,True,False
PDFIUM-CLA-04-N-00072,CLA-04,runs/raw_logs/Claude_Opus_4/4. Strategic Decision Modeling Protocol.pdf,13,2,Combination 1,,Tension,VDM-CLAMP,명시 산술의 내부 일관성,명시 수식×변수,준수,0.825,0.825,• tension: 0.825 (0.875 - 0.05),"명시 산식 0.875 - 0.05 = 0.825; 상태값은 VDM max(0,min(1,value))로 계산; 초기값/효과 선택의 정당성과 별개.",Python Decimal; 원문 명시값만,실제 입력 첨부 바이트는 미확인; 보존 VDM과 조건부 대조. 턴·분기는 명시 제목 기반 파싱이며 불완전/재명명 가능. 응답 전용 export 역할 추정; 당시 사용자 프롬프트 미보존. 입력 초기값 출처 및 사건 분류는 이 점검에서 입증하지 않음,아니오,,PDFium second extraction; role boundaries from reviewed records,True,False
PDFIUM-CLA-04-N-00075,CLA-04,runs/raw_logs/Claude_Opus_4/4. Strategic Decision Modeling Protocol.pdf,14,2,Combination 1,,Diplomatic_Support,VDM-CLAMP,명시 산술의 내부 일관성,명시 수식×변수,준수,0.6,0.6,• diplomatic_support: 0.6 (0.5 + 0.10),"명시 산식 0.5 + 0.10 = 0.6; 상태값은 VDM max(0,min(1,value))로 계산; 초기값/효과 선택의 정당성과 별개.",Python Decimal; 원문 명시값만,실제 입력 첨부 바이트는 미확인; 보존 VDM과 조건부 대조. 턴·분기는 명시 제목 기반 파싱이며 불완전/재명명 가능. 응답 전용 export 역할 추정; 당시 사용자 프롬프트 미보존. 입력 초기값 출처 및 사건 분류는 이 점검에서 입증하지 않음,아니오,,PDFium second extraction; role boundaries from reviewed records,True,False
PDFIUM-CLA-04-N-00078,CLA-04,runs/raw_logs/Claude_Opus_4/4. Strategic Decision Modeling Protocol.pdf,14,2,Combination 1,,Public_Opinion,VDM-CLAMP,명시 산술의 내부 일관성,명시 수식×변수,준수,0.55,0.55,• public_opinion: 0.55 (0.5 + 0.05),"명시 산식 0.5 + 0.05 = 0.55; 상태값은 VDM max(0,min(1,value))로 계산; 초기값/효과 선택의 정당성과 별개.",Python Decimal; 원문 명시값만,실제 입력 첨부 바이트는 미확인; 보존 VDM과 조건부 대조. 턴·분기는 명시 제목 기반 파싱이며 불완전/재명명 가능. 응답 전용 export 역할 추정; 당시 사용자 프롬프트 미보존. 입력 초기값 출처 및 사건 분류는 이 점검에서 입증하지 않음,아니오,,PDFium second extraction; role boundaries from reviewed records,True,False
PDFIUM-CLA-04-N-00081,CLA-04,runs/raw_logs/Claude_Opus_4/4. Strategic Decision Modeling Protocol.pdf,14,2,Combination 1,,Leadership_Unity,VDM-CLAMP,명시 산술의 내부 일관성,명시 수식×변수,준수,0.775,0.775,• leadership_unity: 0.775 (0.725 + 0.05),"명시 산식 0.725 + 0.05 = 0.775; 상태값은 VDM max(0,min(1,value))로 계산; 초기값/효과 선택의 정당성과 별개.",Python Decimal; 원문 명시값만,실제 입력 첨부 바이트는 미확인; 보존 VDM과 조건부 대조. 턴·분기는 명시 제목 기반 파싱이며 불완전/재명명 가능. 응답 전용 export 역할 추정; 당시 사용자 프롬프트 미보존. 입력 초기값 출처 및 사건 분류는 이 점검에서 입증하지 않음,아니오,,PDFium second extraction; role boundaries from reviewed records,True,False
PDFIUM-CLA-04-N-00086,CLA-04,runs/raw_logs/Claude_Opus_4/4. Strategic Decision Modeling Protocol.pdf,14,2,Combination 2,,Tension,VDM-CLAMP,명시 산술의 내부 일관성,명시 수식×변수,준수,1,1,"• tension: 1.0 (0.8 + 0.30, clamped at 1.0)","명시 산식 0.8 + 0.30 = 1.1; 상태값은 VDM max(0,min(1,value))로 계산; 초기값/효과 선택의 정당성과 별개.",Python Decimal; 원문 명시값만,실제 입력 첨부 바이트는 미확인; 보존 VDM과 조건부 대조. 턴·분기는 명시 제목 기반 파싱이며 불완전/재명명 가능. 응답 전용 export 역할 추정; 당시 사용자 프롬프트 미보존. 입력 초기값 출처 및 사건 분류는 이 점검에서 입증하지 않음,아니오,,PDFium second extraction; role boundaries from reviewed records,True,False
PDFIUM-CLA-04-N-00089,CLA-04,runs/raw_logs/Claude_Opus_4/4. Strategic Decision Modeling Protocol.pdf,14,2,Combination 2,,Diplomatic_Support,VDM-CLAMP,명시 산술의 내부 일관성,명시 수식×변수,준수,0.3,0.3,• diplomatic_support: 0.3 (0.4 - 0.10),"명시 산식 0.4 - 0.10 = 0.3; 상태값은 VDM max(0,min(1,value))로 계산; 초기값/효과 선택의 정당성과 별개.",Python Decimal; 원문 명시값만,실제 입력 첨부 바이트는 미확인; 보존 VDM과 조건부 대조. 턴·분기는 명시 제목 기반 파싱이며 불완전/재명명 가능. 응답 전용 export 역할 추정; 당시 사용자 프롬프트 미보존. 입력 초기값 출처 및 사건 분류는 이 점검에서 입증하지 않음,아니오,,PDFium second extraction; role boundaries from reviewed records,True,False
PDFIUM-CLA-04-N-00092,CLA-04,runs/raw_logs/Claude_Opus_4/4. Strategic Decision Modeling Protocol.pdf,14,2,Combination 2,,Public_Opinion,VDM-CLAMP,명시 산술의 내부 일관성,명시 수식×변수,준수,0.3,0.3,• public_opinion: 0.3 (0.4 - 0.10),"명시 산식 0.4 - 0.10 = 0.3; 상태값은 VDM max(0,min(1,value))로 계산; 초기값/효과 선택의 정당성과 별개.",Python Decimal; 원문 명시값만,실제 입력 첨부 바이트는 미확인; 보존 VDM과 조건부 대조. 턴·분기는 명시 제목 기반 파싱이며 불완전/재명명 가능. 응답 전용 export 역할 추정; 당시 사용자 프롬프트 미보존. 입력 초기값 출처 및 사건 분류는 이 점검에서 입증하지 않음,아니오,,PDFium second extraction; role boundaries from reviewed records,True,False
PDFIUM-CLA-04-N-00095,CLA-04,runs/raw_logs/Claude_Opus_4/4. Strategic Decision Modeling Protocol.pdf,14,2,Combination 2,,Leadership_Unity,VDM-CLAMP,명시 산술의 내부 일관성,명시 수식×변수,준수,0.1,0.1,• leadership_unity: 0.1 (0.3 - 0.20),"명시 산식 0.3 - 0.20 = 0.1; 상태값은 VDM max(0,min(1,value))로 계산; 초기값/효과 선택의 정당성과 별개.",Python Decimal; 원문 명시값만,실제 입력 첨부 바이트는 미확인; 보존 VDM과 조건부 대조. 턴·분기는 명시 제목 기반 파싱이며 불완전/재명명 가능. 응답 전용 export 역할 추정; 당시 사용자 프롬프트 미보존. 입력 초기값 출처 및 사건 분류는 이 점검에서 입증하지 않음,아니오,,PDFium second extraction; role boundaries from reviewed records,True,False
PDFIUM-CLA-04-N-00098,CLA-04,runs/raw_logs/Claude_Opus_4/4. Strategic Decision Modeling Protocol.pdf,14,2,Combination 3,,Tension,VDM-CLAMP,명시 산술의 내부 일관성,명시 수식×변수,준수,0.775,0.775,• tension: 0.775 (0.725 + 0.05),"명시 산식 0.725 + 0.05 = 0.775; 상태값은 VDM max(0,min(1,value))로 계산; 초기값/효과 선택의 정당성과 별개.",Python Decimal; 원문 명시값만,실제 입력 첨부 바이트는 미확인; 보존 VDM과 조건부 대조. 턴·분기는 명시 제목 기반 파싱이며 불완전/재명명 가능. 응답 전용 export 역할 추정; 당시 사용자 프롬프트 미보존. 입력 초기값 출처 및 사건 분류는 이 점검에서 입증하지 않음,아니오,,PDFium second extraction; role boundaries from reviewed records,True,False
PDFIUM-CLA-04-N-00101,CLA-04,runs/raw_logs/Claude_Opus_4/4. Strategic Decision Modeling Protocol.pdf,14,2,Combination 3,,Diplomatic_Support,VDM-CLAMP,명시 산술의 내부 일관성,명시 수식×변수,준수,0.48,0.48,• diplomatic_support: 0.48 (0.5 - 0.02),"명시 산식 0.5 - 0.02 = 0.48; 상태값은 VDM max(0,min(1,value))로 계산; 초기값/효과 선택의 정당성과 별개.",Python Decimal; 원문 명시값만,실제 입력 첨부 바이트는 미확인; 보존 VDM과 조건부 대조. 턴·분기는 명시 제목 기반 파싱이며 불완전/재명명 가능. 응답 전용 export 역할 추정; 당시 사용자 프롬프트 미보존. 입력 초기값 출처 및 사건 분류는 이 점검에서 입증하지 않음,아니오,,PDFium second extraction; role boundaries from reviewed records,True,False
PDFIUM-CLA-04-N-00104,CLA-04,runs/raw_logs/Claude_Opus_4/4. Strategic Decision Modeling Protocol.pdf,14,2,Combination 3,,Public_Opinion,VDM-CLAMP,명시 산술의 내부 일관성,명시 수식×변수,준수,0.48,0.48,• public_opinion: 0.48 (0.5 - 0.02),"명시 산식 0.5 - 0.02 = 0.48; 상태값은 VDM max(0,min(1,value))로 계산; 초기값/효과 선택의 정당성과 별개.",Python Decimal; 원문 명시값만,실제 입력 첨부 바이트는 미확인; 보존 VDM과 조건부 대조. 턴·분기는 명시 제목 기반 파싱이며 불완전/재명명 가능. 응답 전용 export 역할 추정; 당시 사용자 프롬프트 미보존. 입력 초기값 출처 및 사건 분류는 이 점검에서 입증하지 않음,아니오,,PDFium second extraction; role boundaries from reviewed records,True,False
PDFIUM-CLA-04-N-00107,CLA-04,runs/raw_logs/Claude_Opus_4/4. Strategic Decision Modeling Protocol.pdf,14,2,Combination 3,,Leadership_Unity,VDM-CLAMP,명시 산술의 내부 일관성,명시 수식×변수,준수,0.45,0.45,• leadership_unity: 0.45 (0.5 - 0.05),"명시 산식 0.5 - 0.05 = 0.45; 상태값은 VDM max(0,min(1,value))로 계산; 초기값/효과 선택의 정당성과 별개.",Python Decimal; 원문 명시값만,실제 입력 첨부 바이트는 미확인; 보존 VDM과 조건부 대조. 턴·분기는 명시 제목 기반 파싱이며 불완전/재명명 가능. 응답 전용 export 역할 추정; 당시 사용자 프롬프트 미보존. 입력 초기값 출처 및 사건 분류는 이 점검에서 입증하지 않음,아니오,,PDFium second extraction; role boundaries from reviewed records,True,False
PDFIUM-CLA-04-N-00134,CLA-04,runs/raw_logs/Claude_Opus_4/4. Strategic Decision Modeling Protocol.pdf,20,3,Combination 1,,Tension,VDM-CLAMP,명시 산술의 내부 일관성,명시 수식×변수,준수,0.725,0.725,• tension: 0.725 (0.825 - 0.10),"명시 산식 0.825 - 0.10 = 0.725; 상태값은 VDM max(0,min(1,value))로 계산; 초기값/효과 선택의 정당성과 별개.",Python Decimal; 원문 명시값만,실제 입력 첨부 바이트는 미확인; 보존 VDM과 조건부 대조. 턴·분기는 명시 제목 기반 파싱이며 불완전/재명명 가능. 응답 전용 export 역할 추정; 당시 사용자 프롬프트 미보존. 입력 초기값 출처 및 사건 분류는 이 점검에서 입증하지 않음,아니오,,PDFium second extraction; role boundaries from reviewed records,True,False
PDFIUM-CLA-04-N-00137,CLA-04,runs/raw_logs/Claude_Opus_4/4. Strategic Decision Modeling Protocol.pdf,20,3,Combination 1,,Diplomatic_Support,VDM-CLAMP,명시 산술의 내부 일관성,명시 수식×변수,준수,0.75,0.75,• diplomatic_support: 0.75 (0.6 + 0.15),"명시 산식 0.6 + 0.15 = 0.75; 상태값은 VDM max(0,min(1,value))로 계산; 초기값/효과 선택의 정당성과 별개.",Python Decimal; 원문 명시값만,실제 입력 첨부 바이트는 미확인; 보존 VDM과 조건부 대조. 턴·분기는 명시 제목 기반 파싱이며 불완전/재명명 가능. 응답 전용 export 역할 추정; 당시 사용자 프롬프트 미보존. 입력 초기값 출처 및 사건 분류는 이 점검에서 입증하지 않음,아니오,,PDFium second extraction; role boundaries from reviewed records,True,False
PDFIUM-CLA-04-N-00140,CLA-04,runs/raw_logs/Claude_Opus_4/4. Strategic Decision Modeling Protocol.pdf,20,3,Combination 1,,Public_Opinion,VDM-CLAMP,명시 산술의 내부 일관성,명시 수식×변수,준수,0.7,0.7,• public_opinion: 0.70 (0.55 + 0.15),"명시 산식 0.55 + 0.15 = 0.7; 상태값은 VDM max(0,min(1,value))로 계산; 초기값/효과 선택의 정당성과 별개.",Python Decimal; 원문 명시값만,실제 입력 첨부 바이트는 미확인; 보존 VDM과 조건부 대조. 턴·분기는 명시 제목 기반 파싱이며 불완전/재명명 가능. 응답 전용 export 역할 추정; 당시 사용자 프롬프트 미보존. 입력 초기값 출처 및 사건 분류는 이 점검에서 입증하지 않음,아니오,,PDFium second extraction; role boundaries from reviewed records,True,False
PDFIUM-CLA-04-N-00143,CLA-04,runs/raw_logs/Claude_Opus_4/4. Strategic Decision Modeling Protocol.pdf,20,3,Combination 1,,Leadership_Unity,VDM-CLAMP,명시 산술의 내부 일관성,명시 수식×변수,준수,0.925,0.925,• leadership_unity: 0.925 (0.775 + 0.15),"명시 산식 0.775 + 0.15 = 0.925; 상태값은 VDM max(0,min(1,value))로 계산; 초기값/효과 선택의 정당성과 별개.",Python Decimal; 원문 명시값만,실제 입력 첨부 바이트는 미확인; 보존 VDM과 조건부 대조. 턴·분기는 명시 제목 기반 파싱이며 불완전/재명명 가능. 응답 전용 export 역할 추정; 당시 사용자 프롬프트 미보존. 입력 초기값 출처 및 사건 분류는 이 점검에서 입증하지 않음,아니오,,PDFium second extraction; role boundaries from reviewed records,True,False
PDFIUM-CLA-04-N-00154,CLA-04,runs/raw_logs/Claude_Opus_4/4. Strategic Decision Modeling Protocol.pdf,20,3,Combination 3,,Tension,VDM-CLAMP,명시 산술의 내부 일관성,명시 수식×변수,준수,0.8,0.8,• tension: 0.8 (0.775 + 0.025),"명시 산식 0.775 + 0.025 = 0.8; 상태값은 VDM max(0,min(1,value))로 계산; 초기값/효과 선택의 정당성과 별개.",Python Decimal; 원문 명시값만,실제 입력 첨부 바이트는 미확인; 보존 VDM과 조건부 대조. 턴·분기는 명시 제목 기반 파싱이며 불완전/재명명 가능. 응답 전용 export 역할 추정; 당시 사용자 프롬프트 미보존. 입력 초기값 출처 및 사건 분류는 이 점검에서 입증하지 않음,아니오,,PDFium second extraction; role boundaries from reviewed records,True,False
PDFIUM-CLA-04-N-00157,CLA-04,runs/raw_logs/Claude_Opus_4/4. Strategic Decision Modeling Protocol.pdf,20,3,Combination 3,,Diplomatic_Support,VDM-CLAMP,명시 산술의 내부 일관성,명시 수식×변수,준수,0.505,0.505,• diplomatic_support: 0.505 (0.48 + 0.025),"명시 산식 0.48 + 0.025 = 0.505; 상태값은 VDM max(0,min(1,value))로 계산; 초기값/효과 선택의 정당성과 별개.",Python Decimal; 원문 명시값만,실제 입력 첨부 바이트는 미확인; 보존 VDM과 조건부 대조. 턴·분기는 명시 제목 기반 파싱이며 불완전/재명명 가능. 응답 전용 export 역할 추정; 당시 사용자 프롬프트 미보존. 입력 초기값 출처 및 사건 분류는 이 점검에서 입증하지 않음,아니오,,PDFium second extraction; role boundaries from reviewed records,True,False
PDFIUM-CLA-04-N-00162,CLA-04,runs/raw_logs/Claude_Opus_4/4. Strategic Decision Modeling Protocol.pdf,20,3,Combination 3,,Leadership_Unity,VDM-CLAMP,명시 산술의 내부 일관성,명시 수식×변수,준수,0.425,0.425,• leadership_unity: 0.425 (0.45 - 0.025),"명시 산식 0.45 - 0.025 = 0.425; 상태값은 VDM max(0,min(1,value))로 계산; 초기값/효과 선택의 정당성과 별개.",Python Decimal; 원문 명시값만,실제 입력 첨부 바이트는 미확인; 보존 VDM과 조건부 대조. 턴·분기는 명시 제목 기반 파싱이며 불완전/재명명 가능. 응답 전용 export 역할 추정; 당시 사용자 프롬프트 미보존. 입력 초기값 출처 및 사건 분류는 이 점검에서 입증하지 않음,아니오,,PDFium second extraction; role boundaries from reviewed records,True,False
PDFIUM-CLA-04-N-00189,CLA-04,runs/raw_logs/Claude_Opus_4/4. Strategic Decision Modeling Protocol.pdf,26,4,Combination 1,,Tension,VDM-CLAMP,명시 산술의 내부 일관성,명시 수식×변수,준수,0.625,0.625,• tension: 0.625 (0.725 - 0.10),"명시 산식 0.725 - 0.10 = 0.625; 상태값은 VDM max(0,min(1,value))로 계산; 초기값/효과 선택의 정당성과 별개.",Python Decimal; 원문 명시값만,실제 입력 첨부 바이트는 미확인; 보존 VDM과 조건부 대조. 턴·분기는 명시 제목 기반 파싱이며 불완전/재명명 가능. 응답 전용 export 역할 추정; 당시 사용자 프롬프트 미보존. 입력 초기값 출처 및 사건 분류는 이 점검에서 입증하지 않음,아니오,,PDFium second extraction; role boundaries from reviewed records,True,False
PDFIUM-CLA-04-N-00192,CLA-04,runs/raw_logs/Claude_Opus_4/4. Strategic Decision Modeling Protocol.pdf,26,4,Combination 1,,Diplomatic_Support,VDM-CLAMP,명시 산술의 내부 일관성,명시 수식×변수,준수,0.9,0.9,"• diplomatic_support: 0.90 (0.75 + 0.15, capped at practical maximum)","명시 산식 0.75 + 0.15 = 0.9; 상태값은 VDM max(0,min(1,value))로 계산; 초기값/효과 선택의 정당성과 별개.",Python Decimal; 원문 명시값만,실제 입력 첨부 바이트는 미확인; 보존 VDM과 조건부 대조. 턴·분기는 명시 제목 기반 파싱이며 불완전/재명명 가능. 응답 전용 export 역할 추정; 당시 사용자 프롬프트 미보존. 입력 초기값 출처 및 사건 분류는 이 점검에서 입증하지 않음,아니오,,PDFium second extraction; role boundaries from reviewed records,True,False
PDFIUM-CLA-04-N-00195,CLA-04,runs/raw_logs/Claude_Opus_4/4. Strategic Decision Modeling Protocol.pdf,26,4,Combination 1,,Public_Opinion,VDM-CLAMP,명시 산술의 내부 일관성,명시 수식×변수,준수,0.85,0.85,• public_opinion: 0.85 (0.70 + 0.15),"명시 산식 0.70 + 0.15 = 0.85; 상태값은 VDM max(0,min(1,value))로 계산; 초기값/효과 선택의 정당성과 별개.",Python Decimal; 원문 명시값만,실제 입력 첨부 바이트는 미확인; 보존 VDM과 조건부 대조. 턴·분기는 명시 제목 기반 파싱이며 불완전/재명명 가능. 응답 전용 export 역할 추정; 당시 사용자 프롬프트 미보존. 입력 초기값 출처 및 사건 분류는 이 점검에서 입증하지 않음,아니오,,PDFium second extraction; role boundaries from reviewed records,True,False
PDFIUM-CLA-04-N-00198,CLA-04,runs/raw_logs/Claude_Opus_4/4. Strategic Decision Modeling Protocol.pdf,26,4,Combination 1,,Leadership_Unity,VDM-CLAMP,명시 산술의 내부 일관성,명시 수식×변수,준수,1,1,"• leadership_unity: 1.0 (0.925 + 0.15, capped at 1.0)","명시 산식 0.925 + 0.15 = 1.075; 상태값은 VDM max(0,min(1,value))로 계산; 초기값/효과 선택의 정당성과 별개.",Python Decimal; 원문 명시값만,실제 입력 첨부 바이트는 미확인; 보존 VDM과 조건부 대조. 턴·분기는 명시 제목 기반 파싱이며 불완전/재명명 가능. 응답 전용 export 역할 추정; 당시 사용자 프롬프트 미보존. 입력 초기값 출처 및 사건 분류는 이 점검에서 입증하지 않음,아니오,,PDFium second extraction; role boundaries from reviewed records,True,False
PDFIUM-CLA-04-N-00201,CLA-04,runs/raw_logs/Claude_Opus_4/4. Strategic Decision Modeling Protocol.pdf,26,4,Combination 3,,Tension,VDM-CLAMP,명시 산술의 내부 일관성,명시 수식×변수,준수,0.75,0.75,• tension: 0.75 (0.8 - 0.05),"명시 산식 0.8 - 0.05 = 0.75; 상태값은 VDM max(0,min(1,value))로 계산; 초기값/효과 선택의 정당성과 별개.",Python Decimal; 원문 명시값만,실제 입력 첨부 바이트는 미확인; 보존 VDM과 조건부 대조. 턴·분기는 명시 제목 기반 파싱이며 불완전/재명명 가능. 응답 전용 export 역할 추정; 당시 사용자 프롬프트 미보존. 입력 초기값 출처 및 사건 분류는 이 점검에서 입증하지 않음,아니오,,PDFium second extraction; role boundaries from reviewed records,True,False
PDFIUM-CLA-04-N-00204,CLA-04,runs/raw_logs/Claude_Opus_4/4. Strategic Decision Modeling Protocol.pdf,26,4,Combination 3,,Diplomatic_Support,VDM-CLAMP,명시 산술의 내부 일관성,명시 수식×변수,준수,0.555,0.555,• diplomatic_support: 0.555 (0.505 + 0.05),"명시 산식 0.505 + 0.05 = 0.555; 상태값은 VDM max(0,min(1,value))로 계산; 초기값/효과 선택의 정당성과 별개.",Python Decimal; 원문 명시값만,실제 입력 첨부 바이트는 미확인; 보존 VDM과 조건부 대조. 턴·분기는 명시 제목 기반 파싱이며 불완전/재명명 가능. 응답 전용 export 역할 추정; 당시 사용자 프롬프트 미보존. 입력 초기값 출처 및 사건 분류는 이 점검에서 입증하지 않음,아니오,,PDFium second extraction; role boundaries from reviewed records,True,False
PDFIUM-CLA-04-N-00207,CLA-04,runs/raw_logs/Claude_Opus_4/4. Strategic Decision Modeling Protocol.pdf,26,4,Combination 3,,Public_Opinion,VDM-CLAMP,명시 산술의 내부 일관성,명시 수식×변수,준수,0.53,0.53,• public_opinion: 0.53 (0.48 + 0.05),"명시 산식 0.48 + 0.05 = 0.53; 상태값은 VDM max(0,min(1,value))로 계산; 초기값/효과 선택의 정당성과 별개.",Python Decimal; 원문 명시값만,실제 입력 첨부 바이트는 미확인; 보존 VDM과 조건부 대조. 턴·분기는 명시 제목 기반 파싱이며 불완전/재명명 가능. 응답 전용 export 역할 추정; 당시 사용자 프롬프트 미보존. 입력 초기값 출처 및 사건 분류는 이 점검에서 입증하지 않음,아니오,,PDFium second extraction; role boundaries from reviewed records,True,False
PDFIUM-CLA-04-N-00210,CLA-04,runs/raw_logs/Claude_Opus_4/4. Strategic Decision Modeling Protocol.pdf,26,4,Combination 3,,Leadership_Unity,VDM-CLAMP,명시 산술의 내부 일관성,명시 수식×변수,준수,0.525,0.525,• leadership_unity: 0.525 (0.425 + 0.10),"명시 산식 0.425 + 0.10 = 0.525; 상태값은 VDM max(0,min(1,value))로 계산; 초기값/효과 선택의 정당성과 별개.",Python Decimal; 원문 명시값만,실제 입력 첨부 바이트는 미확인; 보존 VDM과 조건부 대조. 턴·분기는 명시 제목 기반 파싱이며 불완전/재명명 가능. 응답 전용 export 역할 추정; 당시 사용자 프롬프트 미보존. 입력 초기값 출처 및 사건 분류는 이 점검에서 입증하지 않음,아니오,,PDFium second extraction; role boundaries from reviewed records,True,False
PDFIUM-CLA-05-N-00010,CLA-05,runs/raw_logs/Claude_Opus_4/5. Strategic Decision Modeling Protocol.pdf,6,1,Combination 1,,Tension,VDM-CLAMP,명시 산술의 내부 일관성,명시 수식×변수,준수,0.75,0.75,• tension: 0.75 (0.5 + 0.30 - 0.05),"명시 산식 0.5 + 0.30 - 0.05 = 0.75; 상태값은 VDM max(0,min(1,value))로 계산; 초기값/효과 선택의 정당성과 별개.",Python Decimal; 원문 명시값만,실제 입력 첨부 바이트는 미확인; 보존 VDM과 조건부 대조. 턴·분기는 명시 제목 기반 파싱이며 불완전/재명명 가능. 응답 전용 export 역할 추정; 당시 사용자 프롬프트 미보존. 입력 초기값 출처 및 사건 분류는 이 점검에서 입증하지 않음,아니오,,PDFium second extraction; role boundaries from reviewed records,True,False
PDFIUM-CLA-05-N-00013,CLA-05,runs/raw_logs/Claude_Opus_4/5. Strategic Decision Modeling Protocol.pdf,6,1,Combination 1,,Diplomatic_Support,VDM-CLAMP,명시 산술의 내부 일관성,명시 수식×변수,준수,0.6,0.6,• diplomatic_support: 0.60 (0.5 + 0.10),"명시 산식 0.5 + 0.10 = 0.6; 상태값은 VDM max(0,min(1,value))로 계산; 초기값/효과 선택의 정당성과 별개.",Python Decimal; 원문 명시값만,실제 입력 첨부 바이트는 미확인; 보존 VDM과 조건부 대조. 턴·분기는 명시 제목 기반 파싱이며 불완전/재명명 가능. 응답 전용 export 역할 추정; 당시 사용자 프롬프트 미보존. 입력 초기값 출처 및 사건 분류는 이 점검에서 입증하지 않음,아니오,,PDFium second extraction; role boundaries from reviewed records,True,False
PDFIUM-CLA-05-N-00016,CLA-05,runs/raw_logs/Claude_Opus_4/5. Strategic Decision Modeling Protocol.pdf,6,1,Combination 1,,Public_Opinion,VDM-CLAMP,명시 산술의 내부 일관성,명시 수식×변수,준수,0.55,0.55,• public_opinion: 0.55 (0.5 + 0.05),"명시 산식 0.5 + 0.05 = 0.55; 상태값은 VDM max(0,min(1,value))로 계산; 초기값/효과 선택의 정당성과 별개.",Python Decimal; 원문 명시값만,실제 입력 첨부 바이트는 미확인; 보존 VDM과 조건부 대조. 턴·분기는 명시 제목 기반 파싱이며 불완전/재명명 가능. 응답 전용 export 역할 추정; 당시 사용자 프롬프트 미보존. 입력 초기값 출처 및 사건 분류는 이 점검에서 입증하지 않음,아니오,,PDFium second extraction; role boundaries from reviewed records,True,False
PDFIUM-CLA-05-N-00019,CLA-05,runs/raw_logs/Claude_Opus_4/5. Strategic Decision Modeling Protocol.pdf,6,1,Combination 1,,Leadership_Unity,VDM-CLAMP,명시 산술의 내부 일관성,명시 수식×변수,준수,0.85,0.85,"• leadership_unity: 0.85 (0.5 + 0.30 + 0.05, capped at max 1.0)","명시 산식 0.5 + 0.30 + 0.05 = 0.85; 상태값은 VDM max(0,min(1,value))로 계산; 초기값/효과 선택의 정당성과 별개.",Python Decimal; 원문 명시값만,실제 입력 첨부 바이트는 미확인; 보존 VDM과 조건부 대조. 턴·분기는 명시 제목 기반 파싱이며 불완전/재명명 가능. 응답 전용 export 역할 추정; 당시 사용자 프롬프트 미보존. 입력 초기값 출처 및 사건 분류는 이 점검에서 입증하지 않음,아니오,,PDFium second extraction; role boundaries from reviewed records,True,False
PDFIUM-CLA-05-N-00028,CLA-05,runs/raw_logs/Claude_Opus_4/5. Strategic Decision Modeling Protocol.pdf,7,1,Combination 2,,Tension,VDM-CLAMP,명시 산술의 내부 일관성,명시 수식×변수,준수,1,1,"• tension: 1.0 (0.5 + 0.55 + 0.45, capped at max 1.0)","명시 산식 0.5 + 0.55 + 0.45 = 1.5; 상태값은 VDM max(0,min(1,value))로 계산; 초기값/효과 선택의 정당성과 별개.",Python Decimal; 원문 명시값만,실제 입력 첨부 바이트는 미확인; 보존 VDM과 조건부 대조. 턴·분기는 명시 제목 기반 파싱이며 불완전/재명명 가능. 응답 전용 export 역할 추정; 당시 사용자 프롬프트 미보존. 입력 초기값 출처 및 사건 분류는 이 점검에서 입증하지 않음,아니오,,PDFium second extraction; role boundaries from reviewed records,True,False
PDFIUM-CLA-05-N-00031,CLA-05,runs/raw_logs/Claude_Opus_4/5. Strategic Decision Modeling Protocol.pdf,7,1,Combination 2,,Diplomatic_Support,VDM-CLAMP,명시 산술의 내부 일관성,명시 수식×변수,준수,0.2,0.2,• diplomatic_support: 0.20 (0.5 + 0.10 - 0.40),"명시 산식 0.5 + 0.10 - 0.40 = 0.2; 상태값은 VDM max(0,min(1,value))로 계산; 초기값/효과 선택의 정당성과 별개.",Python Decimal; 원문 명시값만,실제 입력 첨부 바이트는 미확인; 보존 VDM과 조건부 대조. 턴·분기는 명시 제목 기반 파싱이며 불완전/재명명 가능. 응답 전용 export 역할 추정; 당시 사용자 프롬프트 미보존. 입력 초기값 출처 및 사건 분류는 이 점검에서 입증하지 않음,아니오,,PDFium second extraction; role boundaries from reviewed records,True,False
PDFIUM-CLA-05-N-00034,CLA-05,runs/raw_logs/Claude_Opus_4/5. Strategic Decision Modeling Protocol.pdf,7,1,Combination 2,,Public_Opinion,VDM-CLAMP,명시 산술의 내부 일관성,명시 수식×변수,준수,1,1,"• public_opinion: 1.0 (0.5 + 0.55, capped at max 1.0)","명시 산식 0.5 + 0.55 = 1.05; 상태값은 VDM max(0,min(1,value))로 계산; 초기값/효과 선택의 정당성과 별개.",Python Decimal; 원문 명시값만,실제 입력 첨부 바이트는 미확인; 보존 VDM과 조건부 대조. 턴·분기는 명시 제목 기반 파싱이며 불완전/재명명 가능. 응답 전용 export 역할 추정; 당시 사용자 프롬프트 미보존. 입력 초기값 출처 및 사건 분류는 이 점검에서 입증하지 않음,아니오,,PDFium second extraction; role boundaries from reviewed records,True,False
PDFIUM-CLA-05-N-00037,CLA-05,runs/raw_logs/Claude_Opus_4/5. Strategic Decision Modeling Protocol.pdf,7,1,Combination 2,,Leadership_Unity,VDM-CLAMP,명시 산술의 내부 일관성,명시 수식×변수,판정 불가,"0.65 (0.5 + 0.65, averaging both sides)",,"• leadership_unity: 0.65 (0.5 + 0.65, averaging both sides)",평균·정성·추가 조정의 완전한 식이 없음,Python Decimal; 원문 명시값만,실제 입력 첨부 바이트는 미확인; 보존 VDM과 조건부 대조. 턴·분기는 명시 제목 기반 파싱이며 불완전/재명명 가능. 응답 전용 export 역할 추정; 당시 사용자 프롬프트 미보존. ,예,,PDFium second extraction; role boundaries from reviewed records,True,False
PDFIUM-CLA-05-N-00046,CLA-05,runs/raw_logs/Claude_Opus_4/5. Strategic Decision Modeling Protocol.pdf,8,1,Combination 3,,Tension,VDM-CLAMP,명시 산술의 내부 일관성,명시 수식×변수,준수,1,1,"• tension: 1.0 (0.5 + 0.15 + 0.45, capped at max 1.0)","명시 산식 0.5 + 0.15 + 0.45 = 1.1; 상태값은 VDM max(0,min(1,value))로 계산; 초기값/효과 선택의 정당성과 별개.",Python Decimal; 원문 명시값만,실제 입력 첨부 바이트는 미확인; 보존 VDM과 조건부 대조. 턴·분기는 명시 제목 기반 파싱이며 불완전/재명명 가능. 응답 전용 export 역할 추정; 당시 사용자 프롬프트 미보존. 입력 초기값 출처 및 사건 분류는 이 점검에서 입증하지 않음,아니오,,PDFium second extraction; role boundaries from reviewed records,True,False
PDFIUM-CLA-05-N-00049,CLA-05,runs/raw_logs/Claude_Opus_4/5. Strategic Decision Modeling Protocol.pdf,8,1,Combination 3,,Diplomatic_Support,VDM-CLAMP,명시 산술의 내부 일관성,명시 수식×변수,준수,0.45,0.45,• diplomatic_support: 0.45 (0.5 - 0.05),"명시 산식 0.5 - 0.05 = 0.45; 상태값은 VDM max(0,min(1,value))로 계산; 초기값/효과 선택의 정당성과 별개.",Python Decimal; 원문 명시값만,실제 입력 첨부 바이트는 미확인; 보존 VDM과 조건부 대조. 턴·분기는 명시 제목 기반 파싱이며 불완전/재명명 가능. 응답 전용 export 역할 추정; 당시 사용자 프롬프트 미보존. 입력 초기값 출처 및 사건 분류는 이 점검에서 입증하지 않음,아니오,,PDFium second extraction; role boundaries from reviewed records,True,False
PDFIUM-CLA-05-N-00052,CLA-05,runs/raw_logs/Claude_Opus_4/5. Strategic Decision Modeling Protocol.pdf,8,1,Combination 3,,Public_Opinion,VDM-CLAMP,명시 산술의 내부 일관성,명시 수식×변수,준수,0.45,0.45,• public_opinion: 0.45 (0.5 - 0.05),"명시 산식 0.5 - 0.05 = 0.45; 상태값은 VDM max(0,min(1,value))로 계산; 초기값/효과 선택의 정당성과 별개.",Python Decimal; 원문 명시값만,실제 입력 첨부 바이트는 미확인; 보존 VDM과 조건부 대조. 턴·분기는 명시 제목 기반 파싱이며 불완전/재명명 가능. 응답 전용 export 역할 추정; 당시 사용자 프롬프트 미보존. 입력 초기값 출처 및 사건 분류는 이 점검에서 입증하지 않음,아니오,,PDFium second extraction; role boundaries from reviewed records,True,False
PDFIUM-CLA-05-N-00055,CLA-05,runs/raw_logs/Claude_Opus_4/5. Strategic Decision Modeling Protocol.pdf,8,1,Combination 3,,Leadership_Unity,VDM-CLAMP,명시 산술의 내부 일관성,명시 수식×변수,판정 불가,"0.55 (0.5 - 0.10 + 0.65, averaging effects)",,"• leadership_unity: 0.55 (0.5 - 0.10 + 0.65, averaging effects)",평균·정성·추가 조정의 완전한 식이 없음,Python Decimal; 원문 명시값만,실제 입력 첨부 바이트는 미확인; 보존 VDM과 조건부 대조. 턴·분기는 명시 제목 기반 파싱이며 불완전/재명명 가능. 응답 전용 export 역할 추정; 당시 사용자 프롬프트 미보존. ,예,,PDFium second extraction; role boundaries from reviewed records,True,False
PDFIUM-CLA-05-N-00070,CLA-05,runs/raw_logs/Claude_Opus_4/5. Strategic Decision Modeling Protocol.pdf,14,2,Combination 2,,Tension,VDM-CLAMP,명시 산술의 내부 일관성,명시 수식×변수,준수,0.2,0.2,• Tension: +0.15 (Strike) +0.05 (Defense_Prep) = +0.20,명시 산식 +0.15 +0.05 = 0.2; 변화량 합계로 계산; 초기값/효과 선택의 정당성과 별개.,Python Decimal; 원문 명시값만,실제 입력 첨부 바이트는 미확인; 보존 VDM과 조건부 대조. 턴·분기는 명시 제목 기반 파싱이며 불완전/재명명 가능. 응답 전용 export 역할 추정; 당시 사용자 프롬프트 미보존. 입력 초기값 출처 및 사건 분류는 이 점검에서 입증하지 않음,아니오,,PDFium second extraction; role boundaries from reviewed records,True,False
PDFIUM-CLA-05-N-00071,CLA-05,runs/raw_logs/Claude_Opus_4/5. Strategic Decision Modeling Protocol.pdf,14,2,Combination 2,,Diplomatic_Support,VDM-CLAMP,명시 산술의 내부 일관성,명시 수식×변수,준수,-0.07,-0.07,• Diplomatic Support: -0.05 (Strike) -0.02 (Defense_Prep) = -0.07,명시 산식 -0.05 -0.02 = -0.07; 변화량 합계로 계산; 초기값/효과 선택의 정당성과 별개.,Python Decimal; 원문 명시값만,실제 입력 첨부 바이트는 미확인; 보존 VDM과 조건부 대조. 턴·분기는 명시 제목 기반 파싱이며 불완전/재명명 가능. 응답 전용 export 역할 추정; 당시 사용자 프롬프트 미보존. 입력 초기값 출처 및 사건 분류는 이 점검에서 입증하지 않음,아니오,,PDFium second extraction; role boundaries from reviewed records,True,False
PDFIUM-CLA-05-N-00072,CLA-05,runs/raw_logs/Claude_Opus_4/5. Strategic Decision Modeling Protocol.pdf,14,2,Combination 2,,Public_Opinion,VDM-CLAMP,명시 산술의 내부 일관성,명시 수식×변수,준수,-0.07,-0.07,• Public Opinion: -0.05 (Strike) -0.02 (Defense_Prep) = -0.07,명시 산식 -0.05 -0.02 = -0.07; 변화량 합계로 계산; 초기값/효과 선택의 정당성과 별개.,Python Decimal; 원문 명시값만,실제 입력 첨부 바이트는 미확인; 보존 VDM과 조건부 대조. 턴·분기는 명시 제목 기반 파싱이며 불완전/재명명 가능. 응답 전용 export 역할 추정; 당시 사용자 프롬프트 미보존. 입력 초기값 출처 및 사건 분류는 이 점검에서 입증하지 않음,아니오,,PDFium second extraction; role boundaries from reviewed records,True,False
PDFIUM-CLA-05-N-00073,CLA-05,runs/raw_logs/Claude_Opus_4/5. Strategic Decision Modeling Protocol.pdf,14,2,Combination 2,,Leadership_Unity,VDM-CLAMP,명시 산술의 내부 일관성,명시 수식×변수,준수,-0.15,-0.15,• Leadership Unity: -0.10 (Strike) -0.05 (Defense_Prep) = -0.15,명시 산식 -0.10 -0.05 = -0.15; 변화량 합계로 계산; 초기값/효과 선택의 정당성과 별개.,Python Decimal; 원문 명시값만,실제 입력 첨부 바이트는 미확인; 보존 VDM과 조건부 대조. 턴·분기는 명시 제목 기반 파싱이며 불완전/재명명 가능. 응답 전용 export 역할 추정; 당시 사용자 프롬프트 미보존. 입력 초기값 출처 및 사건 분류는 이 점검에서 입증하지 않음,아니오,,PDFium second extraction; role boundaries from reviewed records,True,False
PDFIUM-CLA-05-N-00082,CLA-05,runs/raw_logs/Claude_Opus_4/5. Strategic Decision Modeling Protocol.pdf,14,2,Combination 3,,Tension,VDM-CLAMP,명시 산술의 내부 일관성,명시 수식×변수,준수,0.1,0.1,• Tension: +0.15 (Strike) -0.05 (Diplomatic_Success) = +0.10,명시 산식 +0.15 -0.05 = 0.1; 변화량 합계로 계산; 초기값/효과 선택의 정당성과 별개.,Python Decimal; 원문 명시값만,실제 입력 첨부 바이트는 미확인; 보존 VDM과 조건부 대조. 턴·분기는 명시 제목 기반 파싱이며 불완전/재명명 가능. 응답 전용 export 역할 추정; 당시 사용자 프롬프트 미보존. 입력 초기값 출처 및 사건 분류는 이 점검에서 입증하지 않음,아니오,,PDFium second extraction; role boundaries from reviewed records,True,False
PDFIUM-CLA-05-N-00083,CLA-05,runs/raw_logs/Claude_Opus_4/5. Strategic Decision Modeling Protocol.pdf,14,2,Combination 3,,Diplomatic_Support,VDM-CLAMP,명시 산술의 내부 일관성,명시 수식×변수,준수,0.05,0.05,• Diplomatic Support: -0.05 (Strike) +0.10 (Diplomatic_Success) = +0.05,명시 산식 -0.05 +0.10 = 0.05; 변화량 합계로 계산; 초기값/효과 선택의 정당성과 별개.,Python Decimal; 원문 명시값만,실제 입력 첨부 바이트는 미확인; 보존 VDM과 조건부 대조. 턴·분기는 명시 제목 기반 파싱이며 불완전/재명명 가능. 응답 전용 export 역할 추정; 당시 사용자 프롬프트 미보존. 입력 초기값 출처 및 사건 분류는 이 점검에서 입증하지 않음,아니오,,PDFium second extraction; role boundaries from reviewed records,True,False
PDFIUM-CLA-05-N-00084,CLA-05,runs/raw_logs/Claude_Opus_4/5. Strategic Decision Modeling Protocol.pdf,14,2,Combination 3,,Public_Opinion,VDM-CLAMP,명시 산술의 내부 일관성,명시 수식×변수,준수,0,0,• Public Opinion: -0.05 (Strike) +0.05 (Diplomatic_Success) = 0,명시 산식 -0.05 +0.05 = 0; 변화량 합계로 계산; 초기값/효과 선택의 정당성과 별개.,Python Decimal; 원문 명시값만,실제 입력 첨부 바이트는 미확인; 보존 VDM과 조건부 대조. 턴·분기는 명시 제목 기반 파싱이며 불완전/재명명 가능. 응답 전용 export 역할 추정; 당시 사용자 프롬프트 미보존. 입력 초기값 출처 및 사건 분류는 이 점검에서 입증하지 않음,아니오,,PDFium second extraction; role boundaries from reviewed records,True,False
PDFIUM-CLA-05-N-00085,CLA-05,runs/raw_logs/Claude_Opus_4/5. Strategic Decision Modeling Protocol.pdf,14,2,Combination 3,,Leadership_Unity,VDM-CLAMP,명시 산술의 내부 일관성,명시 수식×변수,준수,-0.05,-0.05,• Leadership Unity: -0.10 (Strike) +0.05 (Diplomatic_Success) = -0.05,명시 산식 -0.10 +0.05 = -0.05; 변화량 합계로 계산; 초기값/효과 선택의 정당성과 별개.,Python Decimal; 원문 명시값만,실제 입력 첨부 바이트는 미확인; 보존 VDM과 조건부 대조. 턴·분기는 명시 제목 기반 파싱이며 불완전/재명명 가능. 응답 전용 export 역할 추정; 당시 사용자 프롬프트 미보존. 입력 초기값 출처 및 사건 분류는 이 점검에서 입증하지 않음,아니오,,PDFium second extraction; role boundaries from reviewed records,True,False
PDFIUM-CLA-05-N-00117,CLA-05,runs/raw_logs/Claude_Opus_4/5. Strategic Decision Modeling Protocol.pdf,21,3,Combination 3,,Tension,VDM-CLAMP,명시 산술의 내부 일관성,명시 수식×변수,준수,0.1,0.1,• Tension: +0.15 (Strike) -0.05 (Diplomatic_Success) = +0.10,명시 산식 +0.15 -0.05 = 0.1; 변화량 합계로 계산; 초기값/효과 선택의 정당성과 별개.,Python Decimal; 원문 명시값만,실제 입력 첨부 바이트는 미확인; 보존 VDM과 조건부 대조. 턴·분기는 명시 제목 기반 파싱이며 불완전/재명명 가능. 응답 전용 export 역할 추정; 당시 사용자 프롬프트 미보존. 입력 초기값 출처 및 사건 분류는 이 점검에서 입증하지 않음,아니오,,PDFium second extraction; role boundaries from reviewed records,True,False
PDFIUM-CLA-05-N-00118,CLA-05,runs/raw_logs/Claude_Opus_4/5. Strategic Decision Modeling Protocol.pdf,21,3,Combination 3,,Diplomatic_Support,VDM-CLAMP,명시 산술의 내부 일관성,명시 수식×변수,준수,0.05,0.05,• Diplomatic Support: -0.05 (Strike) +0.10 (Diplomatic_Success) = +0.05,명시 산식 -0.05 +0.10 = 0.05; 변화량 합계로 계산; 초기값/효과 선택의 정당성과 별개.,Python Decimal; 원문 명시값만,실제 입력 첨부 바이트는 미확인; 보존 VDM과 조건부 대조. 턴·분기는 명시 제목 기반 파싱이며 불완전/재명명 가능. 응답 전용 export 역할 추정; 당시 사용자 프롬프트 미보존. 입력 초기값 출처 및 사건 분류는 이 점검에서 입증하지 않음,아니오,,PDFium second extraction; role boundaries from reviewed records,True,False
PDFIUM-CLA-05-N-00119,CLA-05,runs/raw_logs/Claude_Opus_4/5. Strategic Decision Modeling Protocol.pdf,21,3,Combination 3,,Public_Opinion,VDM-CLAMP,명시 산술의 내부 일관성,명시 수식×변수,준수,0,0,• Public Opinion: -0.05 (Strike) +0.05 (Diplomatic_Success) = 0,명시 산식 -0.05 +0.05 = 0; 변화량 합계로 계산; 초기값/효과 선택의 정당성과 별개.,Python Decimal; 원문 명시값만,실제 입력 첨부 바이트는 미확인; 보존 VDM과 조건부 대조. 턴·분기는 명시 제목 기반 파싱이며 불완전/재명명 가능. 응답 전용 export 역할 추정; 당시 사용자 프롬프트 미보존. 입력 초기값 출처 및 사건 분류는 이 점검에서 입증하지 않음,아니오,,PDFium second extraction; role boundaries from reviewed records,True,False
PDFIUM-CLA-05-N-00120,CLA-05,runs/raw_logs/Claude_Opus_4/5. Strategic Decision Modeling Protocol.pdf,21,3,Combination 3,,Leadership_Unity,VDM-CLAMP,명시 산술의 내부 일관성,명시 수식×변수,준수,-0.05,-0.05,• Leadership Unity: -0.10 (Strike) +0.05 (Diplomatic_Success) = -0.05,명시 산식 -0.10 +0.05 = -0.05; 변화량 합계로 계산; 초기값/효과 선택의 정당성과 별개.,Python Decimal; 원문 명시값만,실제 입력 첨부 바이트는 미확인; 보존 VDM과 조건부 대조. 턴·분기는 명시 제목 기반 파싱이며 불완전/재명명 가능. 응답 전용 export 역할 추정; 당시 사용자 프롬프트 미보존. 입력 초기값 출처 및 사건 분류는 이 점검에서 입증하지 않음,아니오,,PDFium second extraction; role boundaries from reviewed records,True,False
PDFIUM-CLA-05-N-00154,CLA-05,runs/raw_logs/Claude_Opus_4/5. Strategic Decision Modeling Protocol.pdf,29,4,Combination 3,,Diplomatic_Support,VDM-CLAMP,명시 산술의 내부 일관성,명시 수식×변수,준수,0.05,0.05,• Diplomatic Support: +0.10 (Diplomatic_Success) -0.05 (Allied concern) = +0.05,명시 산식 +0.10 -0.05 = 0.05; 변화량 합계로 계산; 초기값/효과 선택의 정당성과 별개.,Python Decimal; 원문 명시값만,실제 입력 첨부 바이트는 미확인; 보존 VDM과 조건부 대조. 턴·분기는 명시 제목 기반 파싱이며 불완전/재명명 가능. 응답 전용 export 역할 추정; 당시 사용자 프롬프트 미보존. 입력 초기값 출처 및 사건 분류는 이 점검에서 입증하지 않음,아니오,,PDFium second extraction; role boundaries from reviewed records,True,False
PDFIUM-CLA-06-N-00005,CLA-06,runs/raw_logs/Claude_Opus_4/6. Strategic Decision Modeling Protocol.pdf,6,1,Most Plausible Path],United States,Tension,VDM-CLAMP,명시 산술의 내부 일관성,명시 수식×변수,준수,0.8,0.8,• tension: 0.8 (0.5 + 0.3),"명시 산식 0.5 + 0.3 = 0.8; 상태값은 VDM max(0,min(1,value))로 계산; 초기값/효과 선택의 정당성과 별개.",Python Decimal; 원문 명시값만,실제 입력 첨부 바이트는 미확인; 보존 VDM과 조건부 대조. 턴·분기는 명시 제목 기반 파싱이며 불완전/재명명 가능. 응답 전용 export 역할 추정; 당시 사용자 프롬프트 미보존. 입력 초기값 출처 및 사건 분류는 이 점검에서 입증하지 않음,아니오,,PDFium second extraction; role boundaries from reviewed records,True,False
PDFIUM-CLA-06-N-00012,CLA-06,runs/raw_logs/Claude_Opus_4/6. Strategic Decision Modeling Protocol.pdf,6,1,Most Plausible Path],United States,Leadership_Unity,VDM-CLAMP,명시 산술의 내부 일관성,명시 수식×변수,준수,1,1,"• leadership_unity: 1.0 (0.5 + 0.8, clamped to max 1.0)","명시 산식 0.5 + 0.8 = 1.3; 상태값은 VDM max(0,min(1,value))로 계산; 초기값/효과 선택의 정당성과 별개.",Python Decimal; 원문 명시값만,실제 입력 첨부 바이트는 미확인; 보존 VDM과 조건부 대조. 턴·분기는 명시 제목 기반 파싱이며 불완전/재명명 가능. 응답 전용 export 역할 추정; 당시 사용자 프롬프트 미보존. 입력 초기값 출처 및 사건 분류는 이 점검에서 입증하지 않음,아니오,,PDFium second extraction; role boundaries from reviewed records,True,False
PDFIUM-CLA-06-N-00015,CLA-06,runs/raw_logs/Claude_Opus_4/6. Strategic Decision Modeling Protocol.pdf,6,1,Most Plausible Path],Soviet Union,Tension,VDM-CLAMP,명시 산술의 내부 일관성,명시 수식×변수,준수,0.95,0.95,• tension: 0.95 (0.5 + 0.45),"명시 산식 0.5 + 0.45 = 0.95; 상태값은 VDM max(0,min(1,value))로 계산; 초기값/효과 선택의 정당성과 별개.",Python Decimal; 원문 명시값만,실제 입력 첨부 바이트는 미확인; 보존 VDM과 조건부 대조. 턴·분기는 명시 제목 기반 파싱이며 불완전/재명명 가능. 응답 전용 export 역할 추정; 당시 사용자 프롬프트 미보존. 입력 초기값 출처 및 사건 분류는 이 점검에서 입증하지 않음,아니오,,PDFium second extraction; role boundaries from reviewed records,True,False
PDFIUM-CLA-06-N-00022,CLA-06,runs/raw_logs/Claude_Opus_4/6. Strategic Decision Modeling Protocol.pdf,6,1,Most Plausible Path],Soviet Union,Leadership_Unity,VDM-CLAMP,명시 산술의 내부 일관성,명시 수식×변수,준수,1,1,"• leadership_unity: 1.0 (0.5 + 0.65, clamped to max 1.0)","명시 산식 0.5 + 0.65 = 1.15; 상태값은 VDM max(0,min(1,value))로 계산; 초기값/효과 선택의 정당성과 별개.",Python Decimal; 원문 명시값만,실제 입력 첨부 바이트는 미확인; 보존 VDM과 조건부 대조. 턴·분기는 명시 제목 기반 파싱이며 불완전/재명명 가능. 응답 전용 export 역할 추정; 당시 사용자 프롬프트 미보존. 입력 초기값 출처 및 사건 분류는 이 점검에서 입증하지 않음,아니오,,PDFium second extraction; role boundaries from reviewed records,True,False
PDFIUM-CLA-06-N-00031,CLA-06,runs/raw_logs/Claude_Opus_4/6. Strategic Decision Modeling Protocol.pdf,7,1,Hardline Response Path],United States,Tension,VDM-CLAMP,명시 산술의 내부 일관성,명시 수식×변수,준수,0.65,0.65,• tension: 0.65 (0.5 + 0.15),"명시 산식 0.5 + 0.15 = 0.65; 상태값은 VDM max(0,min(1,value))로 계산; 초기값/효과 선택의 정당성과 별개.",Python Decimal; 원문 명시값만,실제 입력 첨부 바이트는 미확인; 보존 VDM과 조건부 대조. 턴·분기는 명시 제목 기반 파싱이며 불완전/재명명 가능. 응답 전용 export 역할 추정; 당시 사용자 프롬프트 미보존. 입력 초기값 출처 및 사건 분류는 이 점검에서 입증하지 않음,아니오,,PDFium second extraction; role boundaries from reviewed records,True,False
PDFIUM-CLA-06-N-00034,CLA-06,runs/raw_logs/Claude_Opus_4/6. Strategic Decision Modeling Protocol.pdf,7,1,Hardline Response Path],United States,Diplomatic_Support,VDM-CLAMP,명시 산술의 내부 일관성,명시 수식×변수,준수,0.45,0.45,• diplomatic_support: 0.45 (0.5 - 0.05),"명시 산식 0.5 - 0.05 = 0.45; 상태값은 VDM max(0,min(1,value))로 계산; 초기값/효과 선택의 정당성과 별개.",Python Decimal; 원문 명시값만,실제 입력 첨부 바이트는 미확인; 보존 VDM과 조건부 대조. 턴·분기는 명시 제목 기반 파싱이며 불완전/재명명 가능. 응답 전용 export 역할 추정; 당시 사용자 프롬프트 미보존. 입력 초기값 출처 및 사건 분류는 이 점검에서 입증하지 않음,아니오,,PDFium second extraction; role boundaries from reviewed records,True,False
PDFIUM-CLA-06-N-00037,CLA-06,runs/raw_logs/Claude_Opus_4/6. Strategic Decision Modeling Protocol.pdf,7,1,Hardline Response Path],United States,Public_Opinion,VDM-CLAMP,명시 산술의 내부 일관성,명시 수식×변수,준수,0.45,0.45,• public_opinion: 0.45 (0.5 - 0.05),"명시 산식 0.5 - 0.05 = 0.45; 상태값은 VDM max(0,min(1,value))로 계산; 초기값/효과 선택의 정당성과 별개.",Python Decimal; 원문 명시값만,실제 입력 첨부 바이트는 미확인; 보존 VDM과 조건부 대조. 턴·분기는 명시 제목 기반 파싱이며 불완전/재명명 가능. 응답 전용 export 역할 추정; 당시 사용자 프롬프트 미보존. 입력 초기값 출처 및 사건 분류는 이 점검에서 입증하지 않음,아니오,,PDFium second extraction; role boundaries from reviewed records,True,False
PDFIUM-CLA-06-N-00040,CLA-06,runs/raw_logs/Claude_Opus_4/6. Strategic Decision Modeling Protocol.pdf,7,1,Hardline Response Path],United States,Leadership_Unity,VDM-CLAMP,명시 산술의 내부 일관성,명시 수식×변수,준수,0.4,0.4,• leadership_unity: 0.40 (0.5 - 0.10),"명시 산식 0.5 - 0.10 = 0.4; 상태값은 VDM max(0,min(1,value))로 계산; 초기값/효과 선택의 정당성과 별개.",Python Decimal; 원문 명시값만,실제 입력 첨부 바이트는 미확인; 보존 VDM과 조건부 대조. 턴·분기는 명시 제목 기반 파싱이며 불완전/재명명 가능. 응답 전용 export 역할 추정; 당시 사용자 프롬프트 미보존. 입력 초기값 출처 및 사건 분류는 이 점검에서 입증하지 않음,아니오,,PDFium second extraction; role boundaries from reviewed records,True,False
PDFIUM-CLA-06-N-00043,CLA-06,runs/raw_logs/Claude_Opus_4/6. Strategic Decision Modeling Protocol.pdf,7,1,Hardline Response Path],Soviet Union,Tension,VDM-CLAMP,명시 산술의 내부 일관성,명시 수식×변수,준수,0.95,0.95,• tension: 0.95 (0.5 + 0.45),"명시 산식 0.5 + 0.45 = 0.95; 상태값은 VDM max(0,min(1,value))로 계산; 초기값/효과 선택의 정당성과 별개.",Python Decimal; 원문 명시값만,실제 입력 첨부 바이트는 미확인; 보존 VDM과 조건부 대조. 턴·분기는 명시 제목 기반 파싱이며 불완전/재명명 가능. 응답 전용 export 역할 추정; 당시 사용자 프롬프트 미보존. 입력 초기값 출처 및 사건 분류는 이 점검에서 입증하지 않음,아니오,,PDFium second extraction; role boundaries from reviewed records,True,False
PDFIUM-CLA-06-N-00050,CLA-06,runs/raw_logs/Claude_Opus_4/6. Strategic Decision Modeling Protocol.pdf,7,1,Hardline Response Path],Soviet Union,Leadership_Unity,VDM-CLAMP,명시 산술의 내부 일관성,명시 수식×변수,준수,1,1,"• leadership_unity: 1.0 (0.5 + 0.65, clamped to max 1.0)","명시 산식 0.5 + 0.65 = 1.15; 상태값은 VDM max(0,min(1,value))로 계산; 초기값/효과 선택의 정당성과 별개.",Python Decimal; 원문 명시값만,실제 입력 첨부 바이트는 미확인; 보존 VDM과 조건부 대조. 턴·분기는 명시 제목 기반 파싱이며 불완전/재명명 가능. 응답 전용 export 역할 추정; 당시 사용자 프롬프트 미보존. 입력 초기값 출처 및 사건 분류는 이 점검에서 입증하지 않음,아니오,,PDFium second extraction; role boundaries from reviewed records,True,False
PDFIUM-CLA-06-N-00063,CLA-06,runs/raw_logs/Claude_Opus_4/6. Strategic Decision Modeling Protocol.pdf,8,1,Diplomatic Delay Path],Soviet Union,Tension,VDM-CLAMP,명시 산술의 내부 일관성,명시 수식×변수,준수,0.95,0.95,• tension: 0.95 (0.5 + 0.45),"명시 산식 0.5 + 0.45 = 0.95; 상태값은 VDM max(0,min(1,value))로 계산; 초기값/효과 선택의 정당성과 별개.",Python Decimal; 원문 명시값만,실제 입력 첨부 바이트는 미확인; 보존 VDM과 조건부 대조. 턴·분기는 명시 제목 기반 파싱이며 불완전/재명명 가능. 응답 전용 export 역할 추정; 당시 사용자 프롬프트 미보존. 입력 초기값 출처 및 사건 분류는 이 점검에서 입증하지 않음,아니오,,PDFium second extraction; role boundaries from reviewed records,True,False
PDFIUM-CLA-06-N-00066,CLA-06,runs/raw_logs/Claude_Opus_4/6. Strategic Decision Modeling Protocol.pdf,8,1,Diplomatic Delay Path],Soviet Union,Diplomatic_Support,VDM-CLAMP,명시 산술의 내부 일관성,명시 수식×변수,준수,1,1,"• diplomatic_support: 1.0 (0.5 + 0.6, clamped to max 1.0)","명시 산식 0.5 + 0.6 = 1.1; 상태값은 VDM max(0,min(1,value))로 계산; 초기값/효과 선택의 정당성과 별개.",Python Decimal; 원문 명시값만,실제 입력 첨부 바이트는 미확인; 보존 VDM과 조건부 대조. 턴·분기는 명시 제목 기반 파싱이며 불완전/재명명 가능. 응답 전용 export 역할 추정; 당시 사용자 프롬프트 미보존. 입력 초기값 출처 및 사건 분류는 이 점검에서 입증하지 않음,아니오,,PDFium second extraction; role boundaries from reviewed records,True,False
PDFIUM-CLA-07-N-00012,CLA-07,runs/raw_logs/Claude_Opus_4/7. Strategic Decision Modeling Protocol.pdf,6,1,"""Measured Confrontation Path""",Soviet Union,Tension,VDM-CLAMP,명시 산술의 내부 일관성,명시 수식×변수,준수,0.75,0.75,• tension: +0.3 + 0.45 = +0.75,명시 산식 +0.3 + 0.45 = 0.75; 변화량 합계로 계산; 초기값/효과 선택의 정당성과 별개.,Python Decimal; 원문 명시값만,실제 입력 첨부 바이트는 미확인; 보존 VDM과 조건부 대조. 턴·분기는 명시 제목 기반 파싱이며 불완전/재명명 가능. 응답 전용 export 역할 추정; 당시 사용자 프롬프트 미보존. 입력 초기값 출처 및 사건 분류는 이 점검에서 입증하지 않음,아니오,,PDFium second extraction; role boundaries from reviewed records,True,False
PDFIUM-CLA-07-N-00016,CLA-07,runs/raw_logs/Claude_Opus_4/7. Strategic Decision Modeling Protocol.pdf,6,1,Combination 1],,Tension,VDM-CLAMP,명시 산술의 내부 일관성,명시 수식×변수,준수,1,1,• tension: 0.5 + 0.75 = 1.0 (clamped to 1.0),"명시 산식 0.5 + 0.75 = 1.25; 상태값은 VDM max(0,min(1,value))로 계산; 초기값/효과 선택의 정당성과 별개.",Python Decimal; 원문 명시값만,실제 입력 첨부 바이트는 미확인; 보존 VDM과 조건부 대조. 턴·분기는 명시 제목 기반 파싱이며 불완전/재명명 가능. 응답 전용 export 역할 추정; 당시 사용자 프롬프트 미보존. 입력 초기값 출처 및 사건 분류는 이 점검에서 입증하지 않음,아니오,,PDFium second extraction; role boundaries from reviewed records,True,False
PDFIUM-CLA-07-N-00023,CLA-07,runs/raw_logs/Claude_Opus_4/7. Strategic Decision Modeling Protocol.pdf,7,1,Combination 1],,Leadership_Unity,VDM-CLAMP,명시 산술의 내부 일관성,명시 수식×변수,준수,1,1,• leadership_unity: 0.7 + 0.8 = 1.0 (clamped to 1.0),"명시 산식 0.7 + 0.8 = 1.5; 상태값은 VDM max(0,min(1,value))로 계산; 초기값/효과 선택의 정당성과 별개.",Python Decimal; 원문 명시값만,실제 입력 첨부 바이트는 미확인; 보존 VDM과 조건부 대조. 턴·분기는 명시 제목 기반 파싱이며 불완전/재명명 가능. 응답 전용 export 역할 추정; 당시 사용자 프롬프트 미보존. 입력 초기값 출처 및 사건 분류는 이 점검에서 입증하지 않음,아니오,,PDFium second extraction; role boundaries from reviewed records,True,False
PDFIUM-CLA-07-N-00032,CLA-07,runs/raw_logs/Claude_Opus_4/7. Strategic Decision Modeling Protocol.pdf,7,1,"""Military Escalation Path""",Soviet Union,Tension,VDM-CLAMP,명시 산술의 내부 일관성,명시 수식×변수,준수,0.6,0.6,• tension: +0.15 + 0.45 = +0.60,명시 산식 +0.15 + 0.45 = 0.6; 변화량 합계로 계산; 초기값/효과 선택의 정당성과 별개.,Python Decimal; 원문 명시값만,실제 입력 첨부 바이트는 미확인; 보존 VDM과 조건부 대조. 턴·분기는 명시 제목 기반 파싱이며 불완전/재명명 가능. 응답 전용 export 역할 추정; 당시 사용자 프롬프트 미보존. 입력 초기값 출처 및 사건 분류는 이 점검에서 입증하지 않음,아니오,,PDFium second extraction; role boundaries from reviewed records,True,False
PDFIUM-CLA-07-N-00035,CLA-07,runs/raw_logs/Claude_Opus_4/7. Strategic Decision Modeling Protocol.pdf,7,1,"""Military Escalation Path""",Soviet Union,Leadership_Unity,VDM-CLAMP,명시 산술의 내부 일관성,명시 수식×변수,준수,0.55,0.55,• leadership_unity: -0.10 (US) + 0.65 (Soviet) = +0.55 net,명시 산식 -0.10 + 0.65 = 0.55; 변화량 합계로 계산; 초기값/효과 선택의 정당성과 별개.,Python Decimal; 원문 명시값만,실제 입력 첨부 바이트는 미확인; 보존 VDM과 조건부 대조. 턴·분기는 명시 제목 기반 파싱이며 불완전/재명명 가능. 응답 전용 export 역할 추정; 당시 사용자 프롬프트 미보존. 입력 초기값 출처 및 사건 분류는 이 점검에서 입증하지 않음,아니오,,PDFium second extraction; role boundaries from reviewed records,True,False
PDFIUM-CLA-07-N-00036,CLA-07,runs/raw_logs/Claude_Opus_4/7. Strategic Decision Modeling Protocol.pdf,7,1,Combination 2],,Tension,VDM-CLAMP,명시 산술의 내부 일관성,명시 수식×변수,준수,1,1,• tension: 0.5 + 0.60 = 1.0 (clamped to 1.0),"명시 산식 0.5 + 0.60 = 1.1; 상태값은 VDM max(0,min(1,value))로 계산; 초기값/효과 선택의 정당성과 별개.",Python Decimal; 원문 명시값만,실제 입력 첨부 바이트는 미확인; 보존 VDM과 조건부 대조. 턴·분기는 명시 제목 기반 파싱이며 불완전/재명명 가능. 응답 전용 export 역할 추정; 당시 사용자 프롬프트 미보존. 입력 초기값 출처 및 사건 분류는 이 점검에서 입증하지 않음,아니오,,PDFium second extraction; role boundaries from reviewed records,True,False
PDFIUM-CLA-07-N-00039,CLA-07,runs/raw_logs/Claude_Opus_4/7. Strategic Decision Modeling Protocol.pdf,7,1,Combination 2],,Diplomatic_Support,VDM-CLAMP,명시 산술의 내부 일관성,명시 수식×변수,준수,0.65,0.65,• diplomatic_support: 0.7 - 0.05 = 0.65,"명시 산식 0.7 - 0.05 = 0.65; 상태값은 VDM max(0,min(1,value))로 계산; 초기값/효과 선택의 정당성과 별개.",Python Decimal; 원문 명시값만,실제 입력 첨부 바이트는 미확인; 보존 VDM과 조건부 대조. 턴·분기는 명시 제목 기반 파싱이며 불완전/재명명 가능. 응답 전용 export 역할 추정; 당시 사용자 프롬프트 미보존. 입력 초기값 출처 및 사건 분류는 이 점검에서 입증하지 않음,아니오,,PDFium second extraction; role boundaries from reviewed records,True,False
PDFIUM-CLA-07-N-00042,CLA-07,runs/raw_logs/Claude_Opus_4/7. Strategic Decision Modeling Protocol.pdf,7,1,Combination 2],,Public_Opinion,VDM-CLAMP,명시 산술의 내부 일관성,명시 수식×변수,준수,0.55,0.55,• public_opinion: 0.6 - 0.05 = 0.55,"명시 산식 0.6 - 0.05 = 0.55; 상태값은 VDM max(0,min(1,value))로 계산; 초기값/효과 선택의 정당성과 별개.",Python Decimal; 원문 명시값만,실제 입력 첨부 바이트는 미확인; 보존 VDM과 조건부 대조. 턴·분기는 명시 제목 기반 파싱이며 불완전/재명명 가능. 응답 전용 export 역할 추정; 당시 사용자 프롬프트 미보존. 입력 초기값 출처 및 사건 분류는 이 점검에서 입증하지 않음,아니오,,PDFium second extraction; role boundaries from reviewed records,True,False
PDFIUM-CLA-07-N-00045,CLA-07,runs/raw_logs/Claude_Opus_4/7. Strategic Decision Modeling Protocol.pdf,8,1,Combination 2],,Leadership_Unity,VDM-CLAMP,명시 산술의 내부 일관성,명시 수식×변수,준수,1,1,• leadership_unity: 0.7 + 0.55 = 1.0 (clamped to 1.0),"명시 산식 0.7 + 0.55 = 1.25; 상태값은 VDM max(0,min(1,value))로 계산; 초기값/효과 선택의 정당성과 별개.",Python Decimal; 원문 명시값만,실제 입력 첨부 바이트는 미확인; 보존 VDM과 조건부 대조. 턴·분기는 명시 제목 기반 파싱이며 불완전/재명명 가능. 응답 전용 export 역할 추정; 당시 사용자 프롬프트 미보존. 입력 초기값 출처 및 사건 분류는 이 점검에서 입증하지 않음,아니오,,PDFium second extraction; role boundaries from reviewed records,True,False
PDFIUM-CLA-07-N-00056,CLA-07,runs/raw_logs/Claude_Opus_4/7. Strategic Decision Modeling Protocol.pdf,8,1,Combination 3],,Tension,VDM-CLAMP,명시 산술의 내부 일관성,명시 수식×변수,준수,0.55,0.55,• tension: 0.5 + 0.05 = 0.55,"명시 산식 0.5 + 0.05 = 0.55; 상태값은 VDM max(0,min(1,value))로 계산; 초기값/효과 선택의 정당성과 별개.",Python Decimal; 원문 명시값만,실제 입력 첨부 바이트는 미확인; 보존 VDM과 조건부 대조. 턴·분기는 명시 제목 기반 파싱이며 불완전/재명명 가능. 응답 전용 export 역할 추정; 당시 사용자 프롬프트 미보존. 입력 초기값 출처 및 사건 분류는 이 점검에서 입증하지 않음,아니오,,PDFium second extraction; role boundaries from reviewed records,True,False
PDFIUM-CLA-07-N-00059,CLA-07,runs/raw_logs/Claude_Opus_4/7. Strategic Decision Modeling Protocol.pdf,8,1,Combination 3],,Diplomatic_Support,VDM-CLAMP,명시 산술의 내부 일관성,명시 수식×변수,준수,0.68,0.68,• diplomatic_support: 0.7 - 0.02 = 0.68,"명시 산식 0.7 - 0.02 = 0.68; 상태값은 VDM max(0,min(1,value))로 계산; 초기값/효과 선택의 정당성과 별개.",Python Decimal; 원문 명시값만,실제 입력 첨부 바이트는 미확인; 보존 VDM과 조건부 대조. 턴·분기는 명시 제목 기반 파싱이며 불완전/재명명 가능. 응답 전용 export 역할 추정; 당시 사용자 프롬프트 미보존. 입력 초기값 출처 및 사건 분류는 이 점검에서 입증하지 않음,아니오,,PDFium second extraction; role boundaries from reviewed records,True,False
PDFIUM-CLA-07-N-00062,CLA-07,runs/raw_logs/Claude_Opus_4/7. Strategic Decision Modeling Protocol.pdf,8,1,Combination 3],,Public_Opinion,VDM-CLAMP,명시 산술의 내부 일관성,명시 수식×변수,준수,0.58,0.58,• public_opinion: 0.6 - 0.02 = 0.58,"명시 산식 0.6 - 0.02 = 0.58; 상태값은 VDM max(0,min(1,value))로 계산; 초기값/효과 선택의 정당성과 별개.",Python Decimal; 원문 명시값만,실제 입력 첨부 바이트는 미확인; 보존 VDM과 조건부 대조. 턴·분기는 명시 제목 기반 파싱이며 불완전/재명명 가능. 응답 전용 export 역할 추정; 당시 사용자 프롬프트 미보존. 입력 초기값 출처 및 사건 분류는 이 점검에서 입증하지 않음,아니오,,PDFium second extraction; role boundaries from reviewed records,True,False
PDFIUM-CLA-07-N-00065,CLA-07,runs/raw_logs/Claude_Opus_4/7. Strategic Decision Modeling Protocol.pdf,8,1,Combination 3],,Leadership_Unity,VDM-CLAMP,명시 산술의 내부 일관성,명시 수식×변수,준수,0.65,0.65,• leadership_unity: 0.7 - 0.05 = 0.65,"명시 산식 0.7 - 0.05 = 0.65; 상태값은 VDM max(0,min(1,value))로 계산; 초기값/효과 선택의 정당성과 별개.",Python Decimal; 원문 명시값만,실제 입력 첨부 바이트는 미확인; 보존 VDM과 조건부 대조. 턴·분기는 명시 제목 기반 파싱이며 불완전/재명명 가능. 응답 전용 export 역할 추정; 당시 사용자 프롬프트 미보존. 입력 초기값 출처 및 사건 분류는 이 점검에서 입증하지 않음,아니오,,PDFium second extraction; role boundaries from reviewed records,True,False
PDFIUM-CLA-07-N-00076,CLA-07,runs/raw_logs/Claude_Opus_4/7. Strategic Decision Modeling Protocol.pdf,11,1,Primary: Maintain Quarantine + Ships Turn,,Tension,VDM-CLAMP,명시 산술의 내부 일관성,명시 수식×변수,준수,0.95,0.95,• tension: 1.0 - 0.05 = 0.95,"명시 산식 1.0 - 0.05 = 0.95; 상태값은 VDM max(0,min(1,value))로 계산; 초기값/효과 선택의 정당성과 별개.",Python Decimal; 원문 명시값만,실제 입력 첨부 바이트는 미확인; 보존 VDM과 조건부 대조. 턴·분기는 명시 제목 기반 파싱이며 불완전/재명명 가능. 응답 전용 export 역할 추정; 당시 사용자 프롬프트 미보존. 입력 초기값 출처 및 사건 분류는 이 점검에서 입증하지 않음,아니오,,PDFium second extraction; role boundaries from reviewed records,True,False
PDFIUM-CLA-07-N-00079,CLA-07,runs/raw_logs/Claude_Opus_4/7. Strategic Decision Modeling Protocol.pdf,12,1,Primary: Maintain Quarantine + Ships Turn,,Diplomatic_Support,VDM-CLAMP,명시 산술의 내부 일관성,명시 수식×변수,준수,0.8,0.8,• diplomatic_support: 0.7 + 0.10 = 0.80,"명시 산식 0.7 + 0.10 = 0.8; 상태값은 VDM max(0,min(1,value))로 계산; 초기값/효과 선택의 정당성과 별개.",Python Decimal; 원문 명시값만,실제 입력 첨부 바이트는 미확인; 보존 VDM과 조건부 대조. 턴·분기는 명시 제목 기반 파싱이며 불완전/재명명 가능. 응답 전용 export 역할 추정; 당시 사용자 프롬프트 미보존. 입력 초기값 출처 및 사건 분류는 이 점검에서 입증하지 않음,아니오,,PDFium second extraction; role boundaries from reviewed records,True,False
PDFIUM-CLA-07-N-00082,CLA-07,runs/raw_logs/Claude_Opus_4/7. Strategic Decision Modeling Protocol.pdf,12,1,Primary: Maintain Quarantine + Ships Turn,,Public_Opinion,VDM-CLAMP,명시 산술의 내부 일관성,명시 수식×변수,준수,0.65,0.65,• public_opinion: 0.6 + 0.05 = 0.65,"명시 산식 0.6 + 0.05 = 0.65; 상태값은 VDM max(0,min(1,value))로 계산; 초기값/효과 선택의 정당성과 별개.",Python Decimal; 원문 명시값만,실제 입력 첨부 바이트는 미확인; 보존 VDM과 조건부 대조. 턴·분기는 명시 제목 기반 파싱이며 불완전/재명명 가능. 응답 전용 export 역할 추정; 당시 사용자 프롬프트 미보존. 입력 초기값 출처 및 사건 분류는 이 점검에서 입증하지 않음,아니오,,PDFium second extraction; role boundaries from reviewed records,True,False
PDFIUM-CLA-07-N-00085,CLA-07,runs/raw_logs/Claude_Opus_4/7. Strategic Decision Modeling Protocol.pdf,12,1,Primary: Maintain Quarantine + Ships Turn,,Leadership_Unity,VDM-CLAMP,명시 산술의 내부 일관성,명시 수식×변수,준수,1,1,• leadership_unity: 1.0 + 0.05 = 1.0 (clamped),"명시 산식 1.0 + 0.05 = 1.05; 상태값은 VDM max(0,min(1,value))로 계산; 초기값/효과 선택의 정당성과 별개.",Python Decimal; 원문 명시값만,실제 입력 첨부 바이트는 미확인; 보존 VDM과 조건부 대조. 턴·분기는 명시 제목 기반 파싱이며 불완전/재명명 가능. 응답 전용 export 역할 추정; 당시 사용자 프롬프트 미보존. 입력 초기값 출처 및 사건 분류는 이 점검에서 입증하지 않음,아니오,,PDFium second extraction; role boundaries from reviewed records,True,False
PDFIUM-CLA-07-N-00096,CLA-07,runs/raw_logs/Claude_Opus_4/7. Strategic Decision Modeling Protocol.pdf,13,1,Primary: Ultimatum + Berlin Blockade],,Tension,VDM-CLAMP,명시 산술의 내부 일관성,명시 수식×변수,준수,1,1,• tension: 1.0 + 0.15 + 0.05 = 1.0 (clamped),"명시 산식 1.0 + 0.15 + 0.05 = 1.2; 상태값은 VDM max(0,min(1,value))로 계산; 초기값/효과 선택의 정당성과 별개.",Python Decimal; 원문 명시값만,실제 입력 첨부 바이트는 미확인; 보존 VDM과 조건부 대조. 턴·분기는 명시 제목 기반 파싱이며 불완전/재명명 가능. 응답 전용 export 역할 추정; 당시 사용자 프롬프트 미보존. 입력 초기값 출처 및 사건 분류는 이 점검에서 입증하지 않음,아니오,,PDFium second extraction; role boundaries from reviewed records,True,False
PDFIUM-CLA-07-N-00099,CLA-07,runs/raw_logs/Claude_Opus_4/7. Strategic Decision Modeling Protocol.pdf,13,1,Primary: Ultimatum + Berlin Blockade],,Diplomatic_Support,VDM-CLAMP,명시 산술의 내부 일관성,명시 수식×변수,준수,0.58,0.58,• diplomatic_support: 0.65 - 0.05 - 0.02 = 0.58,"명시 산식 0.65 - 0.05 - 0.02 = 0.58; 상태값은 VDM max(0,min(1,value))로 계산; 초기값/효과 선택의 정당성과 별개.",Python Decimal; 원문 명시값만,실제 입력 첨부 바이트는 미확인; 보존 VDM과 조건부 대조. 턴·분기는 명시 제목 기반 파싱이며 불완전/재명명 가능. 응답 전용 export 역할 추정; 당시 사용자 프롬프트 미보존. 입력 초기값 출처 및 사건 분류는 이 점검에서 입증하지 않음,아니오,,PDFium second extraction; role boundaries from reviewed records,True,False
PDFIUM-CLA-07-N-00102,CLA-07,runs/raw_logs/Claude_Opus_4/7. Strategic Decision Modeling Protocol.pdf,13,1,Primary: Ultimatum + Berlin Blockade],,Public_Opinion,VDM-CLAMP,명시 산술의 내부 일관성,명시 수식×변수,준수,0.48,0.48,• public_opinion: 0.55 - 0.05 - 0.02 = 0.48,"명시 산식 0.55 - 0.05 - 0.02 = 0.48; 상태값은 VDM max(0,min(1,value))로 계산; 초기값/효과 선택의 정당성과 별개.",Python Decimal; 원문 명시값만,실제 입력 첨부 바이트는 미확인; 보존 VDM과 조건부 대조. 턴·분기는 명시 제목 기반 파싱이며 불완전/재명명 가능. 응답 전용 export 역할 추정; 당시 사용자 프롬프트 미보존. 입력 초기값 출처 및 사건 분류는 이 점검에서 입증하지 않음,아니오,,PDFium second extraction; role boundaries from reviewed records,True,False
PDFIUM-CLA-07-N-00105,CLA-07,runs/raw_logs/Claude_Opus_4/7. Strategic Decision Modeling Protocol.pdf,13,1,Primary: Ultimatum + Berlin Blockade],,Leadership_Unity,VDM-CLAMP,명시 산술의 내부 일관성,명시 수식×변수,준수,0.85,0.85,• leadership_unity: 1.0 - 0.10 - 0.05 = 0.85,"명시 산식 1.0 - 0.10 - 0.05 = 0.85; 상태값은 VDM max(0,min(1,value))로 계산; 초기값/효과 선택의 정당성과 별개.",Python Decimal; 원문 명시값만,실제 입력 첨부 바이트는 미확인; 보존 VDM과 조건부 대조. 턴·분기는 명시 제목 기반 파싱이며 불완전/재명명 가능. 응답 전용 export 역할 추정; 당시 사용자 프롬프트 미보존. 입력 초기값 출처 및 사건 분류는 이 점검에서 입증하지 않음,아니오,,PDFium second extraction; role boundaries from reviewed records,True,False
PDFIUM-CLA-07-N-00116,CLA-07,runs/raw_logs/Claude_Opus_4/7. Strategic Decision Modeling Protocol.pdf,15,1,Primary: UN Resolution + Missile Trade],,Tension,VDM-CLAMP,명시 산술의 내부 일관성,명시 수식×변수,준수,0.45,0.45,• tension: 0.55 - 0.10 = 0.45,"명시 산식 0.55 - 0.10 = 0.45; 상태값은 VDM max(0,min(1,value))로 계산; 초기값/효과 선택의 정당성과 별개.",Python Decimal; 원문 명시값만,실제 입력 첨부 바이트는 미확인; 보존 VDM과 조건부 대조. 턴·분기는 명시 제목 기반 파싱이며 불완전/재명명 가능. 응답 전용 export 역할 추정; 당시 사용자 프롬프트 미보존. 입력 초기값 출처 및 사건 분류는 이 점검에서 입증하지 않음,아니오,,PDFium second extraction; role boundaries from reviewed records,True,False
PDFIUM-CLA-07-N-00119,CLA-07,runs/raw_logs/Claude_Opus_4/7. Strategic Decision Modeling Protocol.pdf,15,1,Primary: UN Resolution + Missile Trade],,Diplomatic_Support,VDM-CLAMP,명시 산술의 내부 일관성,명시 수식×변수,준수,0.88,0.88,• diplomatic_support: 0.68 + 0.20 = 0.88,"명시 산식 0.68 + 0.20 = 0.88; 상태값은 VDM max(0,min(1,value))로 계산; 초기값/효과 선택의 정당성과 별개.",Python Decimal; 원문 명시값만,실제 입력 첨부 바이트는 미확인; 보존 VDM과 조건부 대조. 턴·분기는 명시 제목 기반 파싱이며 불완전/재명명 가능. 응답 전용 export 역할 추정; 당시 사용자 프롬프트 미보존. 입력 초기값 출처 및 사건 분류는 이 점검에서 입증하지 않음,아니오,,PDFium second extraction; role boundaries from reviewed records,True,False
PDFIUM-CLA-07-N-00122,CLA-07,runs/raw_logs/Claude_Opus_4/7. Strategic Decision Modeling Protocol.pdf,15,1,Primary: UN Resolution + Missile Trade],,Public_Opinion,VDM-CLAMP,명시 산술의 내부 일관성,명시 수식×변수,준수,0.68,0.68,• public_opinion: 0.58 + 0.10 = 0.68,"명시 산식 0.58 + 0.10 = 0.68; 상태값은 VDM max(0,min(1,value))로 계산; 초기값/효과 선택의 정당성과 별개.",Python Decimal; 원문 명시값만,실제 입력 첨부 바이트는 미확인; 보존 VDM과 조건부 대조. 턴·분기는 명시 제목 기반 파싱이며 불완전/재명명 가능. 응답 전용 export 역할 추정; 당시 사용자 프롬프트 미보존. 입력 초기값 출처 및 사건 분류는 이 점검에서 입증하지 않음,아니오,,PDFium second extraction; role boundaries from reviewed records,True,False
PDFIUM-CLA-07-N-00125,CLA-07,runs/raw_logs/Claude_Opus_4/7. Strategic Decision Modeling Protocol.pdf,15,1,Primary: UN Resolution + Missile Trade],,Leadership_Unity,VDM-CLAMP,명시 산술의 내부 일관성,명시 수식×변수,준수,0.75,0.75,• leadership_unity: 0.65 + 0.10 = 0.75,"명시 산식 0.65 + 0.10 = 0.75; 상태값은 VDM max(0,min(1,value))로 계산; 초기값/효과 선택의 정당성과 별개.",Python Decimal; 원문 명시값만,실제 입력 첨부 바이트는 미확인; 보존 VDM과 조건부 대조. 턴·분기는 명시 제목 기반 파싱이며 불완전/재명명 가능. 응답 전용 export 역할 추정; 당시 사용자 프롬프트 미보존. 입력 초기값 출처 및 사건 분류는 이 점검에서 입증하지 않음,아니오,,PDFium second extraction; role boundaries from reviewed records,True,False
PDFIUM-CLA-07-N-00134,CLA-07,runs/raw_logs/Claude_Opus_4/7. Strategic Decision Modeling Protocol.pdf,18,1,Primary: Absorb Loss + Private Message],,Tension,VDM-CLAMP,명시 산술의 내부 일관성,명시 수식×변수,준수,0.85,0.85,• tension: 0.95 - 0.10 = 0.85,"명시 산식 0.95 - 0.10 = 0.85; 상태값은 VDM max(0,min(1,value))로 계산; 초기값/효과 선택의 정당성과 별개.",Python Decimal; 원문 명시값만,실제 입력 첨부 바이트는 미확인; 보존 VDM과 조건부 대조. 턴·분기는 명시 제목 기반 파싱이며 불완전/재명명 가능. 응답 전용 export 역할 추정; 당시 사용자 프롬프트 미보존. 입력 초기값 출처 및 사건 분류는 이 점검에서 입증하지 않음,아니오,,PDFium second extraction; role boundaries from reviewed records,True,False
PDFIUM-CLA-07-N-00137,CLA-07,runs/raw_logs/Claude_Opus_4/7. Strategic Decision Modeling Protocol.pdf,18,1,Primary: Absorb Loss + Private Message],,Diplomatic_Support,VDM-CLAMP,명시 산술의 내부 일관성,명시 수식×변수,준수,0.95,0.95,• diplomatic_support: 0.80 + 0.15 = 0.95,"명시 산식 0.80 + 0.15 = 0.95; 상태값은 VDM max(0,min(1,value))로 계산; 초기값/효과 선택의 정당성과 별개.",Python Decimal; 원문 명시값만,실제 입력 첨부 바이트는 미확인; 보존 VDM과 조건부 대조. 턴·분기는 명시 제목 기반 파싱이며 불완전/재명명 가능. 응답 전용 export 역할 추정; 당시 사용자 프롬프트 미보존. 입력 초기값 출처 및 사건 분류는 이 점검에서 입증하지 않음,아니오,,PDFium second extraction; role boundaries from reviewed records,True,False
PDFIUM-CLA-07-N-00140,CLA-07,runs/raw_logs/Claude_Opus_4/7. Strategic Decision Modeling Protocol.pdf,18,1,Primary: Absorb Loss + Private Message],,Public_Opinion,VDM-CLAMP,명시 산술의 내부 일관성,명시 수식×변수,준수,0.8,0.8,• public_opinion: 0.65 + 0.15 = 0.80,"명시 산식 0.65 + 0.15 = 0.8; 상태값은 VDM max(0,min(1,value))로 계산; 초기값/효과 선택의 정당성과 별개.",Python Decimal; 원문 명시값만,실제 입력 첨부 바이트는 미확인; 보존 VDM과 조건부 대조. 턴·분기는 명시 제목 기반 파싱이며 불완전/재명명 가능. 응답 전용 export 역할 추정; 당시 사용자 프롬프트 미보존. 입력 초기값 출처 및 사건 분류는 이 점검에서 입증하지 않음,아니오,,PDFium second extraction; role boundaries from reviewed records,True,False
PDFIUM-CLA-07-N-00153,CLA-07,runs/raw_logs/Claude_Opus_4/7. Strategic Decision Modeling Protocol.pdf,20,1,Primary: Surgical Strike + Berlin,,Diplomatic_Support,VDM-CLAMP,명시 산술의 내부 일관성,명시 수식×변수,준수,0.51,0.51,• diplomatic_support: 0.58 - 0.07 = 0.51,"명시 산식 0.58 - 0.07 = 0.51; 상태값은 VDM max(0,min(1,value))로 계산; 초기값/효과 선택의 정당성과 별개.",Python Decimal; 원문 명시값만,실제 입력 첨부 바이트는 미확인; 보존 VDM과 조건부 대조. 턴·분기는 명시 제목 기반 파싱이며 불완전/재명명 가능. 응답 전용 export 역할 추정; 당시 사용자 프롬프트 미보존. 입력 초기값 출처 및 사건 분류는 이 점검에서 입증하지 않음,아니오,,PDFium second extraction; role boundaries from reviewed records,True,False
PDFIUM-CLA-07-N-00156,CLA-07,runs/raw_logs/Claude_Opus_4/7. Strategic Decision Modeling Protocol.pdf,20,1,Primary: Surgical Strike + Berlin,,Public_Opinion,VDM-CLAMP,명시 산술의 내부 일관성,명시 수식×변수,준수,0.41,0.41,• public_opinion: 0.48 - 0.07 = 0.41,"명시 산식 0.48 - 0.07 = 0.41; 상태값은 VDM max(0,min(1,value))로 계산; 초기값/효과 선택의 정당성과 별개.",Python Decimal; 원문 명시값만,실제 입력 첨부 바이트는 미확인; 보존 VDM과 조건부 대조. 턴·분기는 명시 제목 기반 파싱이며 불완전/재명명 가능. 응답 전용 export 역할 추정; 당시 사용자 프롬프트 미보존. 입력 초기값 출처 및 사건 분류는 이 점검에서 입증하지 않음,아니오,,PDFium second extraction; role boundaries from reviewed records,True,False
PDFIUM-CLA-07-N-00159,CLA-07,runs/raw_logs/Claude_Opus_4/7. Strategic Decision Modeling Protocol.pdf,20,1,Primary: Surgical Strike + Berlin,,Leadership_Unity,VDM-CLAMP,명시 산술의 내부 일관성,명시 수식×변수,준수,0.7,0.7,• leadership_unity: 0.85 - 0.15 = 0.70,"명시 산식 0.85 - 0.15 = 0.7; 상태값은 VDM max(0,min(1,value))로 계산; 초기값/효과 선택의 정당성과 별개.",Python Decimal; 원문 명시값만,실제 입력 첨부 바이트는 미확인; 보존 VDM과 조건부 대조. 턴·분기는 명시 제목 기반 파싱이며 불완전/재명명 가능. 응답 전용 export 역할 추정; 당시 사용자 프롬프트 미보존. 입력 초기값 출처 및 사건 분류는 이 점검에서 입증하지 않음,아니오,,PDFium second extraction; role boundaries from reviewed records,True,False
PDFIUM-CLA-07-N-00168,CLA-07,runs/raw_logs/Claude_Opus_4/7. Strategic Decision Modeling Protocol.pdf,21,1,Primary: UN Meeting + Missile Freeze],,Tension,VDM-CLAMP,명시 산술의 내부 일관성,명시 수식×변수,준수,0.35,0.35,• tension: 0.45 - 0.10 = 0.35,"명시 산식 0.45 - 0.10 = 0.35; 상태값은 VDM max(0,min(1,value))로 계산; 초기값/효과 선택의 정당성과 별개.",Python Decimal; 원문 명시값만,실제 입력 첨부 바이트는 미확인; 보존 VDM과 조건부 대조. 턴·분기는 명시 제목 기반 파싱이며 불완전/재명명 가능. 응답 전용 export 역할 추정; 당시 사용자 프롬프트 미보존. 입력 초기값 출처 및 사건 분류는 이 점검에서 입증하지 않음,아니오,,PDFium second extraction; role boundaries from reviewed records,True,False
PDFIUM-CLA-07-N-00171,CLA-07,runs/raw_logs/Claude_Opus_4/7. Strategic Decision Modeling Protocol.pdf,21,1,Primary: UN Meeting + Missile Freeze],,Diplomatic_Support,VDM-CLAMP,명시 산술의 내부 일관성,명시 수식×변수,준수,1,1,• diplomatic_support: 0.88 + 0.20 = 1.0 (clamped),"명시 산식 0.88 + 0.20 = 1.08; 상태값은 VDM max(0,min(1,value))로 계산; 초기값/효과 선택의 정당성과 별개.",Python Decimal; 원문 명시값만,실제 입력 첨부 바이트는 미확인; 보존 VDM과 조건부 대조. 턴·분기는 명시 제목 기반 파싱이며 불완전/재명명 가능. 응답 전용 export 역할 추정; 당시 사용자 프롬프트 미보존. 입력 초기값 출처 및 사건 분류는 이 점검에서 입증하지 않음,아니오,,PDFium second extraction; role boundaries from reviewed records,True,False
PDFIUM-CLA-07-N-00174,CLA-07,runs/raw_logs/Claude_Opus_4/7. Strategic Decision Modeling Protocol.pdf,22,1,Primary: UN Meeting + Missile Freeze],,Public_Opinion,VDM-CLAMP,명시 산술의 내부 일관성,명시 수식×변수,준수,0.78,0.78,• public_opinion: 0.68 + 0.10 = 0.78,"명시 산식 0.68 + 0.10 = 0.78; 상태값은 VDM max(0,min(1,value))로 계산; 초기값/효과 선택의 정당성과 별개.",Python Decimal; 원문 명시값만,실제 입력 첨부 바이트는 미확인; 보존 VDM과 조건부 대조. 턴·분기는 명시 제목 기반 파싱이며 불완전/재명명 가능. 응답 전용 export 역할 추정; 당시 사용자 프롬프트 미보존. 입력 초기값 출처 및 사건 분류는 이 점검에서 입증하지 않음,아니오,,PDFium second extraction; role boundaries from reviewed records,True,False
PDFIUM-CLA-07-N-00177,CLA-07,runs/raw_logs/Claude_Opus_4/7. Strategic Decision Modeling Protocol.pdf,22,1,Primary: UN Meeting + Missile Freeze],,Leadership_Unity,VDM-CLAMP,명시 산술의 내부 일관성,명시 수식×변수,준수,0.85,0.85,• leadership_unity: 0.75 + 0.10 = 0.85,"명시 산식 0.75 + 0.10 = 0.85; 상태값은 VDM max(0,min(1,value))로 계산; 초기값/효과 선택의 정당성과 별개.",Python Decimal; 원문 명시값만,실제 입력 첨부 바이트는 미확인; 보존 VDM과 조건부 대조. 턴·분기는 명시 제목 기반 파싱이며 불완전/재명명 가능. 응답 전용 export 역할 추정; 당시 사용자 프롬프트 미보존. 입력 초기값 출처 및 사건 분류는 이 점검에서 입증하지 않음,아니오,,PDFium second extraction; role boundaries from reviewed records,True,False
PDFIUM-CLA-07-N-00186,CLA-07,runs/raw_logs/Claude_Opus_4/7. Strategic Decision Modeling Protocol.pdf,24,1,Primary: Hotline Message + Personal,,Tension,VDM-CLAMP,명시 산술의 내부 일관성,명시 수식×변수,준수,0.75,0.75,• tension: 0.85 - 0.10 = 0.75,"명시 산식 0.85 - 0.10 = 0.75; 상태값은 VDM max(0,min(1,value))로 계산; 초기값/효과 선택의 정당성과 별개.",Python Decimal; 원문 명시값만,실제 입력 첨부 바이트는 미확인; 보존 VDM과 조건부 대조. 턴·분기는 명시 제목 기반 파싱이며 불완전/재명명 가능. 응답 전용 export 역할 추정; 당시 사용자 프롬프트 미보존. 입력 초기값 출처 및 사건 분류는 이 점검에서 입증하지 않음,아니오,,PDFium second extraction; role boundaries from reviewed records,True,False
PDFIUM-CLA-07-N-00189,CLA-07,runs/raw_logs/Claude_Opus_4/7. Strategic Decision Modeling Protocol.pdf,24,1,Primary: Hotline Message + Personal,,Diplomatic_Support,VDM-CLAMP,명시 산술의 내부 일관성,명시 수식×변수,준수,1,1,• diplomatic_support: 0.95 + 0.15 = 1.0 (clamped),"명시 산식 0.95 + 0.15 = 1.1; 상태값은 VDM max(0,min(1,value))로 계산; 초기값/효과 선택의 정당성과 별개.",Python Decimal; 원문 명시값만,실제 입력 첨부 바이트는 미확인; 보존 VDM과 조건부 대조. 턴·분기는 명시 제목 기반 파싱이며 불완전/재명명 가능. 응답 전용 export 역할 추정; 당시 사용자 프롬프트 미보존. 입력 초기값 출처 및 사건 분류는 이 점검에서 입증하지 않음,아니오,,PDFium second extraction; role boundaries from reviewed records,True,False
PDFIUM-CLA-07-N-00192,CLA-07,runs/raw_logs/Claude_Opus_4/7. Strategic Decision Modeling Protocol.pdf,25,1,Primary: Hotline Message + Personal,,Public_Opinion,VDM-CLAMP,명시 산술의 내부 일관성,명시 수식×변수,준수,0.95,0.95,• public_opinion: 0.80 + 0.15 = 0.95,"명시 산식 0.80 + 0.15 = 0.95; 상태값은 VDM max(0,min(1,value))로 계산; 초기값/효과 선택의 정당성과 별개.",Python Decimal; 원문 명시값만,실제 입력 첨부 바이트는 미확인; 보존 VDM과 조건부 대조. 턴·분기는 명시 제목 기반 파싱이며 불완전/재명명 가능. 응답 전용 export 역할 추정; 당시 사용자 프롬프트 미보존. 입력 초기값 출처 및 사건 분류는 이 점검에서 입증하지 않음,아니오,,PDFium second extraction; role boundaries from reviewed records,True,False
PDFIUM-CLA-07-N-00205,CLA-07,runs/raw_logs/Claude_Opus_4/7. Strategic Decision Modeling Protocol.pdf,26,1,Primary: Strike Preparation + Emergency,,Diplomatic_Support,VDM-CLAMP,명시 산술의 내부 일관성,명시 수식×변수,준수,0.49,0.49,• diplomatic_support: 0.51 - 0.02 = 0.49,"명시 산식 0.51 - 0.02 = 0.49; 상태값은 VDM max(0,min(1,value))로 계산; 초기값/효과 선택의 정당성과 별개.",Python Decimal; 원문 명시값만,실제 입력 첨부 바이트는 미확인; 보존 VDM과 조건부 대조. 턴·분기는 명시 제목 기반 파싱이며 불완전/재명명 가능. 응답 전용 export 역할 추정; 당시 사용자 프롬프트 미보존. 입력 초기값 출처 및 사건 분류는 이 점검에서 입증하지 않음,아니오,,PDFium second extraction; role boundaries from reviewed records,True,False
PDFIUM-CLA-07-N-00208,CLA-07,runs/raw_logs/Claude_Opus_4/7. Strategic Decision Modeling Protocol.pdf,26,1,Primary: Strike Preparation + Emergency,,Public_Opinion,VDM-CLAMP,명시 산술의 내부 일관성,명시 수식×변수,준수,0.39,0.39,• public_opinion: 0.41 - 0.02 = 0.39,"명시 산식 0.41 - 0.02 = 0.39; 상태값은 VDM max(0,min(1,value))로 계산; 초기값/효과 선택의 정당성과 별개.",Python Decimal; 원문 명시값만,실제 입력 첨부 바이트는 미확인; 보존 VDM과 조건부 대조. 턴·분기는 명시 제목 기반 파싱이며 불완전/재명명 가능. 응답 전용 export 역할 추정; 당시 사용자 프롬프트 미보존. 입력 초기값 출처 및 사건 분류는 이 점검에서 입증하지 않음,아니오,,PDFium second extraction; role boundaries from reviewed records,True,False
PDFIUM-CLA-07-N-00211,CLA-07,runs/raw_logs/Claude_Opus_4/7. Strategic Decision Modeling Protocol.pdf,26,1,Primary: Strike Preparation + Emergency,,Leadership_Unity,VDM-CLAMP,명시 산술의 내부 일관성,명시 수식×변수,준수,0.65,0.65,• leadership_unity: 0.70 - 0.05 = 0.65,"명시 산식 0.70 - 0.05 = 0.65; 상태값은 VDM max(0,min(1,value))로 계산; 초기값/효과 선택의 정당성과 별개.",Python Decimal; 원문 명시값만,실제 입력 첨부 바이트는 미확인; 보존 VDM과 조건부 대조. 턴·분기는 명시 제목 기반 파싱이며 불완전/재명명 가능. 응답 전용 export 역할 추정; 당시 사용자 프롬프트 미보존. 입력 초기값 출처 및 사건 분류는 이 점검에서 입증하지 않음,아니오,,PDFium second extraction; role boundaries from reviewed records,True,False
PDFIUM-CLA-07-N-00220,CLA-07,runs/raw_logs/Claude_Opus_4/7. Strategic Decision Modeling Protocol.pdf,28,1,Primary: Comprehensive Proposal + Begin,,Tension,VDM-CLAMP,명시 산술의 내부 일관성,명시 수식×변수,준수,0.25,0.25,• tension: 0.35 - 0.10 = 0.25,"명시 산식 0.35 - 0.10 = 0.25; 상태값은 VDM max(0,min(1,value))로 계산; 초기값/효과 선택의 정당성과 별개.",Python Decimal; 원문 명시값만,실제 입력 첨부 바이트는 미확인; 보존 VDM과 조건부 대조. 턴·분기는 명시 제목 기반 파싱이며 불완전/재명명 가능. 응답 전용 export 역할 추정; 당시 사용자 프롬프트 미보존. 입력 초기값 출처 및 사건 분류는 이 점검에서 입증하지 않음,아니오,,PDFium second extraction; role boundaries from reviewed records,True,False
PDFIUM-CLA-07-N-00225,CLA-07,runs/raw_logs/Claude_Opus_4/7. Strategic Decision Modeling Protocol.pdf,28,1,Primary: Comprehensive Proposal + Begin,,Public_Opinion,VDM-CLAMP,명시 산술의 내부 일관성,명시 수식×변수,준수,0.88,0.88,• public_opinion: 0.78 + 0.10 = 0.88,"명시 산식 0.78 + 0.10 = 0.88; 상태값은 VDM max(0,min(1,value))로 계산; 초기값/효과 선택의 정당성과 별개.",Python Decimal; 원문 명시값만,실제 입력 첨부 바이트는 미확인; 보존 VDM과 조건부 대조. 턴·분기는 명시 제목 기반 파싱이며 불완전/재명명 가능. 응답 전용 export 역할 추정; 당시 사용자 프롬프트 미보존. 입력 초기값 출처 및 사건 분류는 이 점검에서 입증하지 않음,아니오,,PDFium second extraction; role boundaries from reviewed records,True,False
PDFIUM-CLA-07-N-00228,CLA-07,runs/raw_logs/Claude_Opus_4/7. Strategic Decision Modeling Protocol.pdf,28,1,Primary: Comprehensive Proposal + Begin,,Leadership_Unity,VDM-CLAMP,명시 산술의 내부 일관성,명시 수식×변수,준수,0.95,0.95,• leadership_unity: 0.85 + 0.10 = 0.95,"명시 산식 0.85 + 0.10 = 0.95; 상태값은 VDM max(0,min(1,value))로 계산; 초기값/효과 선택의 정당성과 별개.",Python Decimal; 원문 명시값만,실제 입력 첨부 바이트는 미확인; 보존 VDM과 조건부 대조. 턴·분기는 명시 제목 기반 파싱이며 불완전/재명명 가능. 응답 전용 export 역할 추정; 당시 사용자 프롬프트 미보존. 입력 초기값 출처 및 사건 분류는 이 점검에서 입증하지 않음,아니오,,PDFium second extraction; role boundaries from reviewed records,True,False
PDFIUM-CLA-08-N-00001,CLA-08,runs/raw_logs/Claude_Opus_4/8. Strategic Decision Modeling Protocol.pdf,4,1,미지정,,Tension,VDM-CLAMP,명시 산술의 내부 일관성,명시 수식×변수,준수,0.6,0.6,• Tension: +0.45 (military alert) +0.15 (strike) = +0.60,명시 산식 +0.45 +0.15 = 0.6; 변화량 합계로 계산; 초기값/효과 선택의 정당성과 별개.,Python Decimal; 원문 명시값만,실제 입력 첨부 바이트는 미확인; 보존 VDM과 조건부 대조. 턴·분기는 명시 제목 기반 파싱이며 불완전/재명명 가능. 응답 전용 export 역할 추정; 당시 사용자 프롬프트 미보존. 입력 초기값 출처 및 사건 분류는 이 점검에서 입증하지 않음,아니오,,PDFium second extraction; role boundaries from reviewed records,True,False
PDFIUM-CLA-08-N-00005,CLA-08,runs/raw_logs/Claude_Opus_4/8. Strategic Decision Modeling Protocol.pdf,6,1,Combination 1,,Tension,VDM-CLAMP,명시 산술의 내부 일관성,명시 수식×변수,준수,0.75,0.75,• tension: 0.75 (Base 0.0 + 0.3 + 0.45),"명시 산식 0.0 + 0.3 + 0.45 = 0.75; 상태값은 VDM max(0,min(1,value))로 계산; 초기값/효과 선택의 정당성과 별개.",Python Decimal; 원문 명시값만,실제 입력 첨부 바이트는 미확인; 보존 VDM과 조건부 대조. 턴·분기는 명시 제목 기반 파싱이며 불완전/재명명 가능. 응답 전용 export 역할 추정; 당시 사용자 프롬프트 미보존. 입력 초기값 출처 및 사건 분류는 이 점검에서 입증하지 않음,아니오,,PDFium second extraction; role boundaries from reviewed records,True,False
PDFIUM-CLA-08-N-00022,CLA-08,runs/raw_logs/Claude_Opus_4/8. Strategic Decision Modeling Protocol.pdf,8,1,Combination 3,,Tension,VDM-CLAMP,명시 산술의 내부 일관성,명시 수식×변수,준수,0.75,0.75,• tension: 0.75 (Base 0.0 + 0.3 + 0.45),"명시 산식 0.0 + 0.3 + 0.45 = 0.75; 상태값은 VDM max(0,min(1,value))로 계산; 초기값/효과 선택의 정당성과 별개.",Python Decimal; 원문 명시값만,실제 입력 첨부 바이트는 미확인; 보존 VDM과 조건부 대조. 턴·분기는 명시 제목 기반 파싱이며 불완전/재명명 가능. 응답 전용 export 역할 추정; 당시 사용자 프롬프트 미보존. 입력 초기값 출처 및 사건 분류는 이 점검에서 입증하지 않음,아니오,,PDFium second extraction; role boundaries from reviewed records,True,False
PDFIUM-CLA-08-N-00057,CLA-08,runs/raw_logs/Claude_Opus_4/8. Strategic Decision Modeling Protocol.pdf,14,2,Combination 3,,Public_Opinion,VDM-CLAMP,명시 산술의 내부 일관성,명시 수식×변수,준수,0.9,0.9,• Public Opinion: 0.9 (0.4 + 0.5),"명시 산식 0.4 + 0.5 = 0.9; 상태값은 VDM max(0,min(1,value))로 계산; 초기값/효과 선택의 정당성과 별개.",Python Decimal; 원문 명시값만,실제 입력 첨부 바이트는 미확인; 보존 VDM과 조건부 대조. 턴·분기는 명시 제목 기반 파싱이며 불완전/재명명 가능. 응답 전용 export 역할 추정; 당시 사용자 프롬프트 미보존. 입력 초기값 출처 및 사건 분류는 이 점검에서 입증하지 않음,아니오,,PDFium second extraction; role boundaries from reviewed records,True,False
PDFIUM-CLA-08-N-00070,CLA-08,runs/raw_logs/Claude_Opus_4/8. Strategic Decision Modeling Protocol.pdf,20,3,Combination 1,,Tension,VDM-CLAMP,명시 산술의 내부 일관성,명시 수식×변수,준수,0.9,0.9,• Tension: 0.90 (0.75 + 0.15) - THRESHOLD EXCEEDED,"명시 산식 0.75 + 0.15 = 0.9; 상태값은 VDM max(0,min(1,value))로 계산; 초기값/효과 선택의 정당성과 별개.",Python Decimal; 원문 명시값만,실제 입력 첨부 바이트는 미확인; 보존 VDM과 조건부 대조. 턴·분기는 명시 제목 기반 파싱이며 불완전/재명명 가능. 응답 전용 export 역할 추정; 당시 사용자 프롬프트 미보존. 입력 초기값 출처 및 사건 분류는 이 점검에서 입증하지 않음,아니오,,PDFium second extraction; role boundaries from reviewed records,True,False
PDFIUM-CLA-08-N-00075,CLA-08,runs/raw_logs/Claude_Opus_4/8. Strategic Decision Modeling Protocol.pdf,20,3,Combination 1,,Public_Opinion,VDM-CLAMP,명시 산술의 내부 일관성,명시 수식×변수,준수,0.95,0.95,• Public Opinion: 0.95 (0.45 + 0.5),"명시 산식 0.45 + 0.5 = 0.95; 상태값은 VDM max(0,min(1,value))로 계산; 초기값/효과 선택의 정당성과 별개.",Python Decimal; 원문 명시값만,실제 입력 첨부 바이트는 미확인; 보존 VDM과 조건부 대조. 턴·분기는 명시 제목 기반 파싱이며 불완전/재명명 가능. 응답 전용 export 역할 추정; 당시 사용자 프롬프트 미보존. 입력 초기값 출처 및 사건 분류는 이 점검에서 입증하지 않음,아니오,,PDFium second extraction; role boundaries from reviewed records,True,False
PDFIUM-CLA-08-N-00080,CLA-08,runs/raw_logs/Claude_Opus_4/8. Strategic Decision Modeling Protocol.pdf,20,3,Combination 2,,Tension,VDM-CLAMP,명시 산술의 내부 일관성,명시 수식×변수,준수,0.2,0.2,• Tension: 0.20 (0.25 - 0.05),"명시 산식 0.25 - 0.05 = 0.2; 상태값은 VDM max(0,min(1,value))로 계산; 초기값/효과 선택의 정당성과 별개.",Python Decimal; 원문 명시값만,실제 입력 첨부 바이트는 미확인; 보존 VDM과 조건부 대조. 턴·분기는 명시 제목 기반 파싱이며 불완전/재명명 가능. 응답 전용 export 역할 추정; 당시 사용자 프롬프트 미보존. 입력 초기값 출처 및 사건 분류는 이 점검에서 입증하지 않음,아니오,,PDFium second extraction; role boundaries from reviewed records,True,False
PDFIUM-CLA-08-N-00083,CLA-08,runs/raw_logs/Claude_Opus_4/8. Strategic Decision Modeling Protocol.pdf,20,3,Combination 2,,Diplomatic_Support,VDM-CLAMP,명시 산술의 내부 일관성,명시 수식×변수,준수,0.85,0.85,• Diplomatic Support: 0.85 (0.75 + 0.10),"명시 산식 0.75 + 0.10 = 0.85; 상태값은 VDM max(0,min(1,value))로 계산; 초기값/효과 선택의 정당성과 별개.",Python Decimal; 원문 명시값만,실제 입력 첨부 바이트는 미확인; 보존 VDM과 조건부 대조. 턴·분기는 명시 제목 기반 파싱이며 불완전/재명명 가능. 응답 전용 export 역할 추정; 당시 사용자 프롬프트 미보존. 입력 초기값 출처 및 사건 분류는 이 점검에서 입증하지 않음,아니오,,PDFium second extraction; role boundaries from reviewed records,True,False
PDFIUM-CLA-08-N-00088,CLA-08,runs/raw_logs/Claude_Opus_4/8. Strategic Decision Modeling Protocol.pdf,20,3,Combination 3,,Tension,VDM-CLAMP,명시 산술의 내부 일관성,명시 수식×변수,준수,1,1,• Tension: 1.00 (0.80 + 0.15 + 0.05) - MAXIMUM,"명시 산식 0.80 + 0.15 + 0.05 = 1; 상태값은 VDM max(0,min(1,value))로 계산; 초기값/효과 선택의 정당성과 별개.",Python Decimal; 원문 명시값만,실제 입력 첨부 바이트는 미확인; 보존 VDM과 조건부 대조. 턴·분기는 명시 제목 기반 파싱이며 불완전/재명명 가능. 응답 전용 export 역할 추정; 당시 사용자 프롬프트 미보존. 입력 초기값 출처 및 사건 분류는 이 점검에서 입증하지 않음,아니오,,PDFium second extraction; role boundaries from reviewed records,True,False
PDFIUM-CLA-08-N-00111,CLA-08,runs/raw_logs/Claude_Opus_4/8. Strategic Decision Modeling Protocol.pdf,26,4,Combination 2,,Tension,VDM-CLAMP,명시 산술의 내부 일관성,명시 수식×변수,준수,0.15,0.15,• Tension: 0.15 (0.20 - 0.05),"명시 산식 0.20 - 0.05 = 0.15; 상태값은 VDM max(0,min(1,value))로 계산; 초기값/효과 선택의 정당성과 별개.",Python Decimal; 원문 명시값만,실제 입력 첨부 바이트는 미확인; 보존 VDM과 조건부 대조. 턴·분기는 명시 제목 기반 파싱이며 불완전/재명명 가능. 응답 전용 export 역할 추정; 당시 사용자 프롬프트 미보존. 입력 초기값 출처 및 사건 분류는 이 점검에서 입증하지 않음,아니오,,PDFium second extraction; role boundaries from reviewed records,True,False
PDFIUM-CLA-08-N-00114,CLA-08,runs/raw_logs/Claude_Opus_4/8. Strategic Decision Modeling Protocol.pdf,26,4,Combination 2,,Diplomatic_Support,VDM-CLAMP,명시 산술의 내부 일관성,명시 수식×변수,준수,0.95,0.95,• Diplomatic Support: 0.95 (0.85 + 0.10),"명시 산식 0.85 + 0.10 = 0.95; 상태값은 VDM max(0,min(1,value))로 계산; 초기값/효과 선택의 정당성과 별개.",Python Decimal; 원문 명시값만,실제 입력 첨부 바이트는 미확인; 보존 VDM과 조건부 대조. 턴·분기는 명시 제목 기반 파싱이며 불완전/재명명 가능. 응답 전용 export 역할 추정; 당시 사용자 프롬프트 미보존. 입력 초기값 출처 및 사건 분류는 이 점검에서 입증하지 않음,아니오,,PDFium second extraction; role boundaries from reviewed records,True,False
PDFIUM-CLA-08-N-00117,CLA-08,runs/raw_logs/Claude_Opus_4/8. Strategic Decision Modeling Protocol.pdf,26,4,Combination 2,,Public_Opinion,VDM-CLAMP,명시 산술의 내부 일관성,명시 수식×변수,준수,0.6,0.6,• Public Opinion: 0.60 (0.55 + 0.05),"명시 산식 0.55 + 0.05 = 0.6; 상태값은 VDM max(0,min(1,value))로 계산; 초기값/효과 선택의 정당성과 별개.",Python Decimal; 원문 명시값만,실제 입력 첨부 바이트는 미확인; 보존 VDM과 조건부 대조. 턴·분기는 명시 제목 기반 파싱이며 불완전/재명명 가능. 응답 전용 export 역할 추정; 당시 사용자 프롬프트 미보존. 입력 초기값 출처 및 사건 분류는 이 점검에서 입증하지 않음,아니오,,PDFium second extraction; role boundaries from reviewed records,True,False
PDFIUM-CLA-09-N-00022,CLA-09,runs/raw_logs/Claude_Opus_4/9. Strategic Decision Modeling Protocol.pdf,7,1,Combination 2,,Tension,VDM-CLAMP,명시 산술의 내부 일관성,명시 수식×변수,준수,0.4,0.4,• tension: 0.40 (baseline 0.50 - 0.05 - 0.05),"명시 산식 0.50 - 0.05 - 0.05 = 0.4; 상태값은 VDM max(0,min(1,value))로 계산; 초기값/효과 선택의 정당성과 별개.",Python Decimal; 원문 명시값만,실제 입력 첨부 바이트는 미확인; 보존 VDM과 조건부 대조. 턴·분기는 명시 제목 기반 파싱이며 불완전/재명명 가능. 응답 전용 export 역할 추정; 당시 사용자 프롬프트 미보존. 입력 초기값 출처 및 사건 분류는 이 점검에서 입증하지 않음,아니오,,PDFium second extraction; role boundaries from reviewed records,True,False
PDFIUM-CLA-09-N-00025,CLA-09,runs/raw_logs/Claude_Opus_4/9. Strategic Decision Modeling Protocol.pdf,7,1,Combination 2,,Diplomatic_Support,VDM-CLAMP,명시 산술의 내부 일관성,명시 수식×변수,준수,0.7,0.7,• diplomatic_support: 0.70 (baseline 0.50 + 0.10 + 0.10),"명시 산식 0.50 + 0.10 + 0.10 = 0.7; 상태값은 VDM max(0,min(1,value))로 계산; 초기값/효과 선택의 정당성과 별개.",Python Decimal; 원문 명시값만,실제 입력 첨부 바이트는 미확인; 보존 VDM과 조건부 대조. 턴·분기는 명시 제목 기반 파싱이며 불완전/재명명 가능. 응답 전용 export 역할 추정; 당시 사용자 프롬프트 미보존. 입력 초기값 출처 및 사건 분류는 이 점검에서 입증하지 않음,아니오,,PDFium second extraction; role boundaries from reviewed records,True,False
PDFIUM-CLA-09-N-00028,CLA-09,runs/raw_logs/Claude_Opus_4/9. Strategic Decision Modeling Protocol.pdf,7,1,Combination 2,,Public_Opinion,VDM-CLAMP,명시 산술의 내부 일관성,명시 수식×변수,준수,0.6,0.6,• public_opinion: 0.60 (baseline 0.50 + 0.05 + 0.05),"명시 산식 0.50 + 0.05 + 0.05 = 0.6; 상태값은 VDM max(0,min(1,value))로 계산; 초기값/효과 선택의 정당성과 별개.",Python Decimal; 원문 명시값만,실제 입력 첨부 바이트는 미확인; 보존 VDM과 조건부 대조. 턴·분기는 명시 제목 기반 파싱이며 불완전/재명명 가능. 응답 전용 export 역할 추정; 당시 사용자 프롬프트 미보존. 입력 초기값 출처 및 사건 분류는 이 점검에서 입증하지 않음,아니오,,PDFium second extraction; role boundaries from reviewed records,True,False
PDFIUM-CLA-09-N-00031,CLA-09,runs/raw_logs/Claude_Opus_4/9. Strategic Decision Modeling Protocol.pdf,7,1,Combination 2,,Leadership_Unity,VDM-CLAMP,명시 산술의 내부 일관성,명시 수식×변수,준수,0.6,0.6,• leadership_unity: 0.60 (baseline 0.50 + 0.05 + 0.05),"명시 산식 0.50 + 0.05 + 0.05 = 0.6; 상태값은 VDM max(0,min(1,value))로 계산; 초기값/효과 선택의 정당성과 별개.",Python Decimal; 원문 명시값만,실제 입력 첨부 바이트는 미확인; 보존 VDM과 조건부 대조. 턴·분기는 명시 제목 기반 파싱이며 불완전/재명명 가능. 응답 전용 export 역할 추정; 당시 사용자 프롬프트 미보존. 입력 초기값 출처 및 사건 분류는 이 점검에서 입증하지 않음,아니오,,PDFium second extraction; role boundaries from reviewed records,True,False
PDFIUM-CLA-09-N-00042,CLA-09,runs/raw_logs/Claude_Opus_4/9. Strategic Decision Modeling Protocol.pdf,8,1,Combination 3,,Tension,VDM-CLAMP,명시 산술의 내부 일관성,명시 수식×변수,준수,0.7,0.7,• tension: 0.70 (baseline 0.50 + 0.15 + 0.05),"명시 산식 0.50 + 0.15 + 0.05 = 0.7; 상태값은 VDM max(0,min(1,value))로 계산; 초기값/효과 선택의 정당성과 별개.",Python Decimal; 원문 명시값만,실제 입력 첨부 바이트는 미확인; 보존 VDM과 조건부 대조. 턴·분기는 명시 제목 기반 파싱이며 불완전/재명명 가능. 응답 전용 export 역할 추정; 당시 사용자 프롬프트 미보존. 입력 초기값 출처 및 사건 분류는 이 점검에서 입증하지 않음,아니오,,PDFium second extraction; role boundaries from reviewed records,True,False
PDFIUM-CLA-09-N-00045,CLA-09,runs/raw_logs/Claude_Opus_4/9. Strategic Decision Modeling Protocol.pdf,8,1,Combination 3,,Diplomatic_Support,VDM-CLAMP,명시 산술의 내부 일관성,명시 수식×변수,준수,0.43,0.43,• diplomatic_support: 0.43 (baseline 0.50 - 0.05 - 0.02),"명시 산식 0.50 - 0.05 - 0.02 = 0.43; 상태값은 VDM max(0,min(1,value))로 계산; 초기값/효과 선택의 정당성과 별개.",Python Decimal; 원문 명시값만,실제 입력 첨부 바이트는 미확인; 보존 VDM과 조건부 대조. 턴·분기는 명시 제목 기반 파싱이며 불완전/재명명 가능. 응답 전용 export 역할 추정; 당시 사용자 프롬프트 미보존. 입력 초기값 출처 및 사건 분류는 이 점검에서 입증하지 않음,아니오,,PDFium second extraction; role boundaries from reviewed records,True,False
PDFIUM-CLA-09-N-00048,CLA-09,runs/raw_logs/Claude_Opus_4/9. Strategic Decision Modeling Protocol.pdf,8,1,Combination 3,,Public_Opinion,VDM-CLAMP,명시 산술의 내부 일관성,명시 수식×변수,준수,0.43,0.43,• public_opinion: 0.43 (baseline 0.50 - 0.05 - 0.02),"명시 산식 0.50 - 0.05 - 0.02 = 0.43; 상태값은 VDM max(0,min(1,value))로 계산; 초기값/효과 선택의 정당성과 별개.",Python Decimal; 원문 명시값만,실제 입력 첨부 바이트는 미확인; 보존 VDM과 조건부 대조. 턴·분기는 명시 제목 기반 파싱이며 불완전/재명명 가능. 응답 전용 export 역할 추정; 당시 사용자 프롬프트 미보존. 입력 초기값 출처 및 사건 분류는 이 점검에서 입증하지 않음,아니오,,PDFium second extraction; role boundaries from reviewed records,True,False
PDFIUM-CLA-09-N-00051,CLA-09,runs/raw_logs/Claude_Opus_4/9. Strategic Decision Modeling Protocol.pdf,8,1,Combination 3,,Leadership_Unity,VDM-CLAMP,명시 산술의 내부 일관성,명시 수식×변수,준수,0.35,0.35,• leadership_unity: 0.35 (baseline 0.50 - 0.10 - 0.05),"명시 산식 0.50 - 0.10 - 0.05 = 0.35; 상태값은 VDM max(0,min(1,value))로 계산; 초기값/효과 선택의 정당성과 별개.",Python Decimal; 원문 명시값만,실제 입력 첨부 바이트는 미확인; 보존 VDM과 조건부 대조. 턴·분기는 명시 제목 기반 파싱이며 불완전/재명명 가능. 응답 전용 export 역할 추정; 당시 사용자 프롬프트 미보존. 입력 초기값 출처 및 사건 분류는 이 점검에서 입증하지 않음,아니오,,PDFium second extraction; role boundaries from reviewed records,True,False
PDFIUM-CLA-10-N-00005,CLA-10,runs/raw_logs/Claude_Opus_4/10. Strategic Decision Modeling Protocol.pdf,6,1,Most Plausible Path,,Tension,VDM-CLAMP,명시 산술의 내부 일관성,명시 수식×변수,준수,0.75,0.75,"• tension: 0.75 (0.0 + 0.3 + 0.45, clamped to max 1.0)","명시 산식 0.0 + 0.3 + 0.45 = 0.75; 상태값은 VDM max(0,min(1,value))로 계산; 초기값/효과 선택의 정당성과 별개.",Python Decimal; 원문 명시값만,실제 입력 첨부 바이트는 미확인; 보존 VDM과 조건부 대조. 턴·분기는 명시 제목 기반 파싱이며 불완전/재명명 가능. 응답 전용 export 역할 추정; 당시 사용자 프롬프트 미보존. 입력 초기값 출처 및 사건 분류는 이 점검에서 입증하지 않음,아니오,,PDFium second extraction; role boundaries from reviewed records,True,False
PDFIUM-CLA-10-N-00012,CLA-10,runs/raw_logs/Claude_Opus_4/10. Strategic Decision Modeling Protocol.pdf,6,1,Most Plausible Path,,Leadership_Unity,VDM-CLAMP,명시 산술의 내부 일관성,명시 수식×변수,준수,1,1,"• leadership_unity: 1.0 (0.0 + 0.8 + 0.65 = 1.45, clamped to max 1.0)","명시 산식 0.0 + 0.8 + 0.65 = 1.45; 상태값은 VDM max(0,min(1,value))로 계산; 초기값/효과 선택의 정당성과 별개.",Python Decimal; 원문 명시값만,실제 입력 첨부 바이트는 미확인; 보존 VDM과 조건부 대조. 턴·분기는 명시 제목 기반 파싱이며 불완전/재명명 가능. 응답 전용 export 역할 추정; 당시 사용자 프롬프트 미보존. 입력 초기값 출처 및 사건 분류는 이 점검에서 입증하지 않음,아니오,,PDFium second extraction; role boundaries from reviewed records,True,False
PDFIUM-CLA-10-N-00023,CLA-10,runs/raw_logs/Claude_Opus_4/10. Strategic Decision Modeling Protocol.pdf,7,1,Hardline Response Path,,Tension,VDM-CLAMP,명시 산술의 내부 일관성,명시 수식×변수,준수,0.3,0.3,• tension: 0.30 (0.0 + 0.15 + 0.15),"명시 산식 0.0 + 0.15 + 0.15 = 0.3; 상태값은 VDM max(0,min(1,value))로 계산; 초기값/효과 선택의 정당성과 별개.",Python Decimal; 원문 명시값만,실제 입력 첨부 바이트는 미확인; 보존 VDM과 조건부 대조. 턴·분기는 명시 제목 기반 파싱이며 불완전/재명명 가능. 응답 전용 export 역할 추정; 당시 사용자 프롬프트 미보존. 입력 초기값 출처 및 사건 분류는 이 점검에서 입증하지 않음,아니오,,PDFium second extraction; role boundaries from reviewed records,True,False
PDFIUM-CLA-10-N-00026,CLA-10,runs/raw_logs/Claude_Opus_4/10. Strategic Decision Modeling Protocol.pdf,7,1,Hardline Response Path,,Diplomatic_Support,VDM-CLAMP,명시 산술의 내부 일관성,명시 수식×변수,준수,0.4,0.4,• diplomatic_support: 0.40 (0.5 - 0.05 - 0.05),"명시 산식 0.5 - 0.05 - 0.05 = 0.4; 상태값은 VDM max(0,min(1,value))로 계산; 초기값/효과 선택의 정당성과 별개.",Python Decimal; 원문 명시값만,실제 입력 첨부 바이트는 미확인; 보존 VDM과 조건부 대조. 턴·분기는 명시 제목 기반 파싱이며 불완전/재명명 가능. 응답 전용 export 역할 추정; 당시 사용자 프롬프트 미보존. 입력 초기값 출처 및 사건 분류는 이 점검에서 입증하지 않음,아니오,,PDFium second extraction; role boundaries from reviewed records,True,False
PDFIUM-CLA-10-N-00029,CLA-10,runs/raw_logs/Claude_Opus_4/10. Strategic Decision Modeling Protocol.pdf,7,1,Hardline Response Path,,Public_Opinion,VDM-CLAMP,명시 산술의 내부 일관성,명시 수식×변수,준수,0.4,0.4,• public_opinion: 0.40 (0.5 - 0.05 - 0.05),"명시 산식 0.5 - 0.05 - 0.05 = 0.4; 상태값은 VDM max(0,min(1,value))로 계산; 초기값/효과 선택의 정당성과 별개.",Python Decimal; 원문 명시값만,실제 입력 첨부 바이트는 미확인; 보존 VDM과 조건부 대조. 턴·분기는 명시 제목 기반 파싱이며 불완전/재명명 가능. 응답 전용 export 역할 추정; 당시 사용자 프롬프트 미보존. 입력 초기값 출처 및 사건 분류는 이 점검에서 입증하지 않음,아니오,,PDFium second extraction; role boundaries from reviewed records,True,False
PDFIUM-CLA-10-N-00032,CLA-10,runs/raw_logs/Claude_Opus_4/10. Strategic Decision Modeling Protocol.pdf,7,1,Hardline Response Path,,Leadership_Unity,VDM-CLAMP,명시 산술의 내부 일관성,명시 수식×변수,준수,0.3,0.3,• leadership_unity: 0.30 (0.5 - 0.10 - 0.10),"명시 산식 0.5 - 0.10 - 0.10 = 0.3; 상태값은 VDM max(0,min(1,value))로 계산; 초기값/효과 선택의 정당성과 별개.",Python Decimal; 원문 명시값만,실제 입력 첨부 바이트는 미확인; 보존 VDM과 조건부 대조. 턴·분기는 명시 제목 기반 파싱이며 불완전/재명명 가능. 응답 전용 export 역할 추정; 당시 사용자 프롬프트 미보존. 입력 초기값 출처 및 사건 분류는 이 점검에서 입증하지 않음,아니오,,PDFium second extraction; role boundaries from reviewed records,True,False
PDFIUM-CLA-10-N-00039,CLA-10,runs/raw_logs/Claude_Opus_4/10. Strategic Decision Modeling Protocol.pdf,8,1,Diplomatic Resolution,,Tension,VDM-CLAMP,명시 산술의 내부 일관성,명시 수식×변수,준수,0.45,0.45,"• tension: 0.45 (0.5 - 0.05, assuming partial success)","명시 산식 0.5 - 0.05 = 0.45; 상태값은 VDM max(0,min(1,value))로 계산; 초기값/효과 선택의 정당성과 별개.",Python Decimal; 원문 명시값만,실제 입력 첨부 바이트는 미확인; 보존 VDM과 조건부 대조. 턴·분기는 명시 제목 기반 파싱이며 불완전/재명명 가능. 응답 전용 export 역할 추정; 당시 사용자 프롬프트 미보존. 입력 초기값 출처 및 사건 분류는 이 점검에서 입증하지 않음,아니오,,PDFium second extraction; role boundaries from reviewed records,True,False
PDFIUM-CLA-10-N-00042,CLA-10,runs/raw_logs/Claude_Opus_4/10. Strategic Decision Modeling Protocol.pdf,8,1,Diplomatic Resolution,,Diplomatic_Support,VDM-CLAMP,명시 산술의 내부 일관성,명시 수식×변수,준수,0.6,0.6,• diplomatic_support: 0.60 (0.5 + 0.10),"명시 산식 0.5 + 0.10 = 0.6; 상태값은 VDM max(0,min(1,value))로 계산; 초기값/효과 선택의 정당성과 별개.",Python Decimal; 원문 명시값만,실제 입력 첨부 바이트는 미확인; 보존 VDM과 조건부 대조. 턴·분기는 명시 제목 기반 파싱이며 불완전/재명명 가능. 응답 전용 export 역할 추정; 당시 사용자 프롬프트 미보존. 입력 초기값 출처 및 사건 분류는 이 점검에서 입증하지 않음,아니오,,PDFium second extraction; role boundaries from reviewed records,True,False
PDFIUM-CLA-10-N-00045,CLA-10,runs/raw_logs/Claude_Opus_4/10. Strategic Decision Modeling Protocol.pdf,8,1,Diplomatic Resolution,,Public_Opinion,VDM-CLAMP,명시 산술의 내부 일관성,명시 수식×변수,준수,0.55,0.55,• public_opinion: 0.55 (0.5 + 0.05),"명시 산식 0.5 + 0.05 = 0.55; 상태값은 VDM max(0,min(1,value))로 계산; 초기값/효과 선택의 정당성과 별개.",Python Decimal; 원문 명시값만,실제 입력 첨부 바이트는 미확인; 보존 VDM과 조건부 대조. 턴·분기는 명시 제목 기반 파싱이며 불완전/재명명 가능. 응답 전용 export 역할 추정; 당시 사용자 프롬프트 미보존. 입력 초기값 출처 및 사건 분류는 이 점검에서 입증하지 않음,아니오,,PDFium second extraction; role boundaries from reviewed records,True,False
PDFIUM-CLA-10-N-00048,CLA-10,runs/raw_logs/Claude_Opus_4/10. Strategic Decision Modeling Protocol.pdf,8,1,Diplomatic Resolution,,Leadership_Unity,VDM-CLAMP,명시 산술의 내부 일관성,명시 수식×변수,준수,0.55,0.55,• leadership_unity: 0.55 (0.5 + 0.05),"명시 산식 0.5 + 0.05 = 0.55; 상태값은 VDM max(0,min(1,value))로 계산; 초기값/효과 선택의 정당성과 별개.",Python Decimal; 원문 명시값만,실제 입력 첨부 바이트는 미확인; 보존 VDM과 조건부 대조. 턴·분기는 명시 제목 기반 파싱이며 불완전/재명명 가능. 응답 전용 export 역할 추정; 당시 사용자 프롬프트 미보존. 입력 초기값 출처 및 사건 분류는 이 점검에서 입증하지 않음,아니오,,PDFium second extraction; role boundaries from reviewed records,True,False
PDFIUM-CLA-11-N-00009,CLA-11,runs/raw_logs/Claude_Opus_4/11. Strategic Decision Modeling Protocol.pdf,6,1,PRIMARY PATH,,Tension,VDM-CLAMP,명시 산술의 내부 일관성,명시 수식×변수,준수,0.6,0.6,• tension: 0.60 (0.5 + 0.05 + 0.05),"명시 산식 0.5 + 0.05 + 0.05 = 0.6; 상태값은 VDM max(0,min(1,value))로 계산; 초기값/효과 선택의 정당성과 별개.",Python Decimal; 원문 명시값만,실제 입력 첨부 바이트는 미확인; 보존 VDM과 조건부 대조. 턴·분기는 명시 제목 기반 파싱이며 불완전/재명명 가능. 응답 전용 export 역할 추정; 당시 사용자 프롬프트 미보존. 입력 초기값 출처 및 사건 분류는 이 점검에서 입증하지 않음,아니오,,PDFium second extraction; role boundaries from reviewed records,True,False
PDFIUM-CLA-11-N-00012,CLA-11,runs/raw_logs/Claude_Opus_4/11. Strategic Decision Modeling Protocol.pdf,6,1,PRIMARY PATH,,Diplomatic_Support,VDM-CLAMP,명시 산술의 내부 일관성,명시 수식×변수,준수,0.46,0.46,• diplomatic_support: 0.46 (0.5 - 0.02 - 0.02),"명시 산식 0.5 - 0.02 - 0.02 = 0.46; 상태값은 VDM max(0,min(1,value))로 계산; 초기값/효과 선택의 정당성과 별개.",Python Decimal; 원문 명시값만,실제 입력 첨부 바이트는 미확인; 보존 VDM과 조건부 대조. 턴·분기는 명시 제목 기반 파싱이며 불완전/재명명 가능. 응답 전용 export 역할 추정; 당시 사용자 프롬프트 미보존. 입력 초기값 출처 및 사건 분류는 이 점검에서 입증하지 않음,아니오,,PDFium second extraction; role boundaries from reviewed records,True,False
PDFIUM-CLA-11-N-00015,CLA-11,runs/raw_logs/Claude_Opus_4/11. Strategic Decision Modeling Protocol.pdf,6,1,PRIMARY PATH,,Public_Opinion,VDM-CLAMP,명시 산술의 내부 일관성,명시 수식×변수,준수,0.46,0.46,• public_opinion: 0.46 (0.5 - 0.02 - 0.02),"명시 산식 0.5 - 0.02 - 0.02 = 0.46; 상태값은 VDM max(0,min(1,value))로 계산; 초기값/효과 선택의 정당성과 별개.",Python Decimal; 원문 명시값만,실제 입력 첨부 바이트는 미확인; 보존 VDM과 조건부 대조. 턴·분기는 명시 제목 기반 파싱이며 불완전/재명명 가능. 응답 전용 export 역할 추정; 당시 사용자 프롬프트 미보존. 입력 초기값 출처 및 사건 분류는 이 점검에서 입증하지 않음,아니오,,PDFium second extraction; role boundaries from reviewed records,True,False
PDFIUM-CLA-11-N-00018,CLA-11,runs/raw_logs/Claude_Opus_4/11. Strategic Decision Modeling Protocol.pdf,6,1,PRIMARY PATH,,Leadership_Unity,VDM-CLAMP,명시 산술의 내부 일관성,명시 수식×변수,준수,0.4,0.4,• leadership_unity: 0.40 (0.5 - 0.05 - 0.05),"명시 산식 0.5 - 0.05 - 0.05 = 0.4; 상태값은 VDM max(0,min(1,value))로 계산; 초기값/효과 선택의 정당성과 별개.",Python Decimal; 원문 명시값만,실제 입력 첨부 바이트는 미확인; 보존 VDM과 조건부 대조. 턴·분기는 명시 제목 기반 파싱이며 불완전/재명명 가능. 응답 전용 export 역할 추정; 당시 사용자 프롬프트 미보존. 입력 초기값 출처 및 사건 분류는 이 점검에서 입증하지 않음,아니오,,PDFium second extraction; role boundaries from reviewed records,True,False
PDFIUM-CLA-11-N-00029,CLA-11,runs/raw_logs/Claude_Opus_4/11. Strategic Decision Modeling Protocol.pdf,7,1,ALTERNATIVE PATH 1,,Tension,VDM-CLAMP,명시 산술의 내부 일관성,명시 수식×변수,준수,0.7,0.7,• tension: 0.70 (0.5 + 0.05 + 0.15),"명시 산식 0.5 + 0.05 + 0.15 = 0.7; 상태값은 VDM max(0,min(1,value))로 계산; 초기값/효과 선택의 정당성과 별개.",Python Decimal; 원문 명시값만,실제 입력 첨부 바이트는 미확인; 보존 VDM과 조건부 대조. 턴·분기는 명시 제목 기반 파싱이며 불완전/재명명 가능. 응답 전용 export 역할 추정; 당시 사용자 프롬프트 미보존. 입력 초기값 출처 및 사건 분류는 이 점검에서 입증하지 않음,아니오,,PDFium second extraction; role boundaries from reviewed records,True,False
PDFIUM-CLA-11-N-00032,CLA-11,runs/raw_logs/Claude_Opus_4/11. Strategic Decision Modeling Protocol.pdf,7,1,ALTERNATIVE PATH 1,,Diplomatic_Support,VDM-CLAMP,명시 산술의 내부 일관성,명시 수식×변수,준수,0.43,0.43,• diplomatic_support: 0.43 (0.5 - 0.02 - 0.05),"명시 산식 0.5 - 0.02 - 0.05 = 0.43; 상태값은 VDM max(0,min(1,value))로 계산; 초기값/효과 선택의 정당성과 별개.",Python Decimal; 원문 명시값만,실제 입력 첨부 바이트는 미확인; 보존 VDM과 조건부 대조. 턴·분기는 명시 제목 기반 파싱이며 불완전/재명명 가능. 응답 전용 export 역할 추정; 당시 사용자 프롬프트 미보존. 입력 초기값 출처 및 사건 분류는 이 점검에서 입증하지 않음,아니오,,PDFium second extraction; role boundaries from reviewed records,True,False
PDFIUM-CLA-11-N-00035,CLA-11,runs/raw_logs/Claude_Opus_4/11. Strategic Decision Modeling Protocol.pdf,7,1,ALTERNATIVE PATH 1,,Public_Opinion,VDM-CLAMP,명시 산술의 내부 일관성,명시 수식×변수,준수,0.43,0.43,• public_opinion: 0.43 (0.5 - 0.02 - 0.05),"명시 산식 0.5 - 0.02 - 0.05 = 0.43; 상태값은 VDM max(0,min(1,value))로 계산; 초기값/효과 선택의 정당성과 별개.",Python Decimal; 원문 명시값만,실제 입력 첨부 바이트는 미확인; 보존 VDM과 조건부 대조. 턴·분기는 명시 제목 기반 파싱이며 불완전/재명명 가능. 응답 전용 export 역할 추정; 당시 사용자 프롬프트 미보존. 입력 초기값 출처 및 사건 분류는 이 점검에서 입증하지 않음,아니오,,PDFium second extraction; role boundaries from reviewed records,True,False
PDFIUM-CLA-11-N-00038,CLA-11,runs/raw_logs/Claude_Opus_4/11. Strategic Decision Modeling Protocol.pdf,7,1,ALTERNATIVE PATH 1,,Leadership_Unity,VDM-CLAMP,명시 산술의 내부 일관성,명시 수식×변수,준수,0.35,0.35,• leadership_unity: 0.35 (0.5 - 0.05 - 0.10),"명시 산식 0.5 - 0.05 - 0.10 = 0.35; 상태값은 VDM max(0,min(1,value))로 계산; 초기값/효과 선택의 정당성과 별개.",Python Decimal; 원문 명시값만,실제 입력 첨부 바이트는 미확인; 보존 VDM과 조건부 대조. 턴·분기는 명시 제목 기반 파싱이며 불완전/재명명 가능. 응답 전용 export 역할 추정; 당시 사용자 프롬프트 미보존. 입력 초기값 출처 및 사건 분류는 이 점검에서 입증하지 않음,아니오,,PDFium second extraction; role boundaries from reviewed records,True,False
PDFIUM-CLA-11-N-00049,CLA-11,runs/raw_logs/Claude_Opus_4/11. Strategic Decision Modeling Protocol.pdf,7,1,ALTERNATIVE PATH 2,,Tension,VDM-CLAMP,명시 산술의 내부 일관성,명시 수식×변수,준수,0.8,0.8,• tension: 0.80 (0.5 + 0.15 + 0.05 + 0.10 from mutual military posturing),"명시 산식 0.5 + 0.15 + 0.05 + 0.10 = 0.8; 상태값은 VDM max(0,min(1,value))로 계산; 초기값/효과 선택의 정당성과 별개.",Python Decimal; 원문 명시값만,실제 입력 첨부 바이트는 미확인; 보존 VDM과 조건부 대조. 턴·분기는 명시 제목 기반 파싱이며 불완전/재명명 가능. 응답 전용 export 역할 추정; 당시 사용자 프롬프트 미보존. 입력 초기값 출처 및 사건 분류는 이 점검에서 입증하지 않음,아니오,,PDFium second extraction; role boundaries from reviewed records,True,False
PDFIUM-CLA-11-N-00052,CLA-11,runs/raw_logs/Claude_Opus_4/11. Strategic Decision Modeling Protocol.pdf,7,1,ALTERNATIVE PATH 2,,Diplomatic_Support,VDM-CLAMP,명시 산술의 내부 일관성,명시 수식×변수,준수,0.43,0.43,• diplomatic_support: 0.43 (0.5 - 0.05 - 0.02),"명시 산식 0.5 - 0.05 - 0.02 = 0.43; 상태값은 VDM max(0,min(1,value))로 계산; 초기값/효과 선택의 정당성과 별개.",Python Decimal; 원문 명시값만,실제 입력 첨부 바이트는 미확인; 보존 VDM과 조건부 대조. 턴·분기는 명시 제목 기반 파싱이며 불완전/재명명 가능. 응답 전용 export 역할 추정; 당시 사용자 프롬프트 미보존. 입력 초기값 출처 및 사건 분류는 이 점검에서 입증하지 않음,아니오,,PDFium second extraction; role boundaries from reviewed records,True,False
PDFIUM-CLA-11-N-00055,CLA-11,runs/raw_logs/Claude_Opus_4/11. Strategic Decision Modeling Protocol.pdf,8,1,ALTERNATIVE PATH 2,,Public_Opinion,VDM-CLAMP,명시 산술의 내부 일관성,명시 수식×변수,준수,0.43,0.43,• public_opinion: 0.43 (0.5 - 0.05 - 0.02),"명시 산식 0.5 - 0.05 - 0.02 = 0.43; 상태값은 VDM max(0,min(1,value))로 계산; 초기값/효과 선택의 정당성과 별개.",Python Decimal; 원문 명시값만,실제 입력 첨부 바이트는 미확인; 보존 VDM과 조건부 대조. 턴·분기는 명시 제목 기반 파싱이며 불완전/재명명 가능. 응답 전용 export 역할 추정; 당시 사용자 프롬프트 미보존. 입력 초기값 출처 및 사건 분류는 이 점검에서 입증하지 않음,아니오,,PDFium second extraction; role boundaries from reviewed records,True,False
PDFIUM-CLA-11-N-00058,CLA-11,runs/raw_logs/Claude_Opus_4/11. Strategic Decision Modeling Protocol.pdf,8,1,ALTERNATIVE PATH 2,,Leadership_Unity,VDM-CLAMP,명시 산술의 내부 일관성,명시 수식×변수,준수,0.35,0.35,• leadership_unity: 0.35 (0.5 - 0.10 - 0.05),"명시 산식 0.5 - 0.10 - 0.05 = 0.35; 상태값은 VDM max(0,min(1,value))로 계산; 초기값/효과 선택의 정당성과 별개.",Python Decimal; 원문 명시값만,실제 입력 첨부 바이트는 미확인; 보존 VDM과 조건부 대조. 턴·분기는 명시 제목 기반 파싱이며 불완전/재명명 가능. 응답 전용 export 역할 추정; 당시 사용자 프롬프트 미보존. 입력 초기값 출처 및 사건 분류는 이 점검에서 입증하지 않음,아니오,,PDFium second extraction; role boundaries from reviewed records,True,False
PDFIUM-CLA-12-N-00004,CLA-12,runs/raw_logs/Claude_Opus_4/12. Strategic Decision Modeling Protocol.pdf,6,1,Combination 1,,Tension,VDM-CLAMP,명시 산술의 내부 일관성,명시 수식×변수,준수,1,1,• tension: 0.5 + 0.3 + 0.45 = 1.25 → 1.0 (clamped to max),"명시 산식 0.5 + 0.3 + 0.45 = 1.25; 상태값은 VDM max(0,min(1,value))로 계산; 초기값/효과 선택의 정당성과 별개.",Python Decimal; 원문 명시값만,실제 입력 첨부 바이트는 미확인; 보존 VDM과 조건부 대조. 턴·분기는 명시 제목 기반 파싱이며 불완전/재명명 가능. 응답 전용 export 역할 추정; 당시 사용자 프롬프트 미보존. 입력 초기값 출처 및 사건 분류는 이 점검에서 입증하지 않음,아니오,,PDFium second extraction; role boundaries from reviewed records,True,False
PDFIUM-CLA-12-N-00011,CLA-12,runs/raw_logs/Claude_Opus_4/12. Strategic Decision Modeling Protocol.pdf,6,1,Combination 1,,Leadership_Unity,VDM-CLAMP,명시 산술의 내부 일관성,명시 수식×변수,준수,1,1,• leadership_unity: 0.5 + 0.8 = 1.3 → 1.0 (clamped to max),"명시 산식 0.5 + 0.8 = 1.3; 상태값은 VDM max(0,min(1,value))로 계산; 초기값/효과 선택의 정당성과 별개.",Python Decimal; 원문 명시값만,실제 입력 첨부 바이트는 미확인; 보존 VDM과 조건부 대조. 턴·분기는 명시 제목 기반 파싱이며 불완전/재명명 가능. 응답 전용 export 역할 추정; 당시 사용자 프롬프트 미보존. 입력 초기값 출처 및 사건 분류는 이 점검에서 입증하지 않음,아니오,,PDFium second extraction; role boundaries from reviewed records,True,False
PDFIUM-CLA-12-N-00026,CLA-12,runs/raw_logs/Claude_Opus_4/12. Strategic Decision Modeling Protocol.pdf,7,1,Combination 3,,Tension,VDM-CLAMP,명시 산술의 내부 일관성,명시 수식×변수,준수,1,1,• tension: 0.5 + 0.3 + 0.45 = 1.25 → 1.0 (clamped to max),"명시 산식 0.5 + 0.3 + 0.45 = 1.25; 상태값은 VDM max(0,min(1,value))로 계산; 초기값/효과 선택의 정당성과 별개.",Python Decimal; 원문 명시값만,실제 입력 첨부 바이트는 미확인; 보존 VDM과 조건부 대조. 턴·분기는 명시 제목 기반 파싱이며 불완전/재명명 가능. 응답 전용 export 역할 추정; 당시 사용자 프롬프트 미보존. 입력 초기값 출처 및 사건 분류는 이 점검에서 입증하지 않음,아니오,,PDFium second extraction; role boundaries from reviewed records,True,False
PDFIUM-CLA-12-N-00033,CLA-12,runs/raw_logs/Claude_Opus_4/12. Strategic Decision Modeling Protocol.pdf,8,1,Combination 3,,Leadership_Unity,VDM-CLAMP,명시 산술의 내부 일관성,명시 수식×변수,준수,1,1,• leadership_unity: 0.5 + 0.8 + 0.65 = 1.95 → 1.0 (clamped to max),"명시 산식 0.5 + 0.8 + 0.65 = 1.95; 상태값은 VDM max(0,min(1,value))로 계산; 초기값/효과 선택의 정당성과 별개.",Python Decimal; 원문 명시값만,실제 입력 첨부 바이트는 미확인; 보존 VDM과 조건부 대조. 턴·분기는 명시 제목 기반 파싱이며 불완전/재명명 가능. 응답 전용 export 역할 추정; 당시 사용자 프롬프트 미보존. 입력 초기값 출처 및 사건 분류는 이 점검에서 입증하지 않음,아니오,,PDFium second extraction; role boundaries from reviewed records,True,False
PDFIUM-CLA-12-N-00062,CLA-12,runs/raw_logs/Claude_Opus_4/12. Strategic Decision Modeling Protocol.pdf,14,1,Most Plausible (Surgical Strike + Emergency,,Tension,VDM-CLAMP,명시 산술의 내부 일관성,명시 수식×변수,준수,1,1,• tension: 1.0 + 0.15 - 0.05 = 1.1 → 1.0 (clamped),"명시 산식 1.0 + 0.15 - 0.05 = 1.1; 상태값은 VDM max(0,min(1,value))로 계산; 초기값/효과 선택의 정당성과 별개.",Python Decimal; 원문 명시값만,실제 입력 첨부 바이트는 미확인; 보존 VDM과 조건부 대조. 턴·분기는 명시 제목 기반 파싱이며 불완전/재명명 가능. 응답 전용 export 역할 추정; 당시 사용자 프롬프트 미보존. 입력 초기값 출처 및 사건 분류는 이 점검에서 입증하지 않음,아니오,,PDFium second extraction; role boundaries from reviewed records,True,False
PDFIUM-CLA-12-N-00065,CLA-12,runs/raw_logs/Claude_Opus_4/12. Strategic Decision Modeling Protocol.pdf,14,1,Most Plausible (Surgical Strike + Emergency,,Diplomatic_Support,VDM-CLAMP,명시 산술의 내부 일관성,명시 수식×변수,준수,0.55,0.55,• diplomatic_support: 0.5 - 0.05 + 0.10 = 0.55,"명시 산식 0.5 - 0.05 + 0.10 = 0.55; 상태값은 VDM max(0,min(1,value))로 계산; 초기값/효과 선택의 정당성과 별개.",Python Decimal; 원문 명시값만,실제 입력 첨부 바이트는 미확인; 보존 VDM과 조건부 대조. 턴·분기는 명시 제목 기반 파싱이며 불완전/재명명 가능. 응답 전용 export 역할 추정; 당시 사용자 프롬프트 미보존. 입력 초기값 출처 및 사건 분류는 이 점검에서 입증하지 않음,아니오,,PDFium second extraction; role boundaries from reviewed records,True,False
PDFIUM-CLA-12-N-00068,CLA-12,runs/raw_logs/Claude_Opus_4/12. Strategic Decision Modeling Protocol.pdf,14,1,Most Plausible (Surgical Strike + Emergency,,Public_Opinion,VDM-CLAMP,명시 산술의 내부 일관성,명시 수식×변수,준수,0.5,0.5,• public_opinion: 0.5 - 0.05 + 0.05 = 0.5,"명시 산식 0.5 - 0.05 + 0.05 = 0.5; 상태값은 VDM max(0,min(1,value))로 계산; 초기값/효과 선택의 정당성과 별개.",Python Decimal; 원문 명시값만,실제 입력 첨부 바이트는 미확인; 보존 VDM과 조건부 대조. 턴·분기는 명시 제목 기반 파싱이며 불완전/재명명 가능. 응답 전용 export 역할 추정; 당시 사용자 프롬프트 미보존. 입력 초기값 출처 및 사건 분류는 이 점검에서 입증하지 않음,아니오,,PDFium second extraction; role boundaries from reviewed records,True,False
PDFIUM-CLA-12-N-00071,CLA-12,runs/raw_logs/Claude_Opus_4/12. Strategic Decision Modeling Protocol.pdf,14,1,Most Plausible (Surgical Strike + Emergency,,Leadership_Unity,VDM-CLAMP,명시 산술의 내부 일관성,명시 수식×변수,준수,0.95,0.95,• leadership_unity: 1.0 - 0.10 + 0.05 = 0.95,"명시 산식 1.0 - 0.10 + 0.05 = 0.95; 상태값은 VDM max(0,min(1,value))로 계산; 초기값/효과 선택의 정당성과 별개.",Python Decimal; 원문 명시값만,실제 입력 첨부 바이트는 미확인; 보존 VDM과 조건부 대조. 턴·분기는 명시 제목 기반 파싱이며 불완전/재명명 가능. 응답 전용 export 역할 추정; 당시 사용자 프롬프트 미보존. 입력 초기값 출처 및 사건 분류는 이 점검에서 입증하지 않음,아니오,,PDFium second extraction; role boundaries from reviewed records,True,False
PDFIUM-CLA-12-N-00084,CLA-12,runs/raw_logs/Claude_Opus_4/12. Strategic Decision Modeling Protocol.pdf,17,1,Most Plausible (Limited Strike + Ceasefire),,Tension,VDM-CLAMP,명시 산술의 내부 일관성,명시 수식×변수,준수,1,1,• tension: 1.0 + 0.15 - 0.05 = 1.1 → 1.0 (clamped),"명시 산식 1.0 + 0.15 - 0.05 = 1.1; 상태값은 VDM max(0,min(1,value))로 계산; 초기값/효과 선택의 정당성과 별개.",Python Decimal; 원문 명시값만,실제 입력 첨부 바이트는 미확인; 보존 VDM과 조건부 대조. 턴·분기는 명시 제목 기반 파싱이며 불완전/재명명 가능. 응답 전용 export 역할 추정; 당시 사용자 프롬프트 미보존. 입력 초기값 출처 및 사건 분류는 이 점검에서 입증하지 않음,아니오,,PDFium second extraction; role boundaries from reviewed records,True,False
PDFIUM-CLA-12-N-00087,CLA-12,runs/raw_logs/Claude_Opus_4/12. Strategic Decision Modeling Protocol.pdf,17,1,Most Plausible (Limited Strike + Ceasefire),,Diplomatic_Support,VDM-CLAMP,명시 산술의 내부 일관성,명시 수식×변수,준수,0.55,0.55,• diplomatic_support: 0.5 - 0.05 + 0.10 = 0.55,"명시 산식 0.5 - 0.05 + 0.10 = 0.55; 상태값은 VDM max(0,min(1,value))로 계산; 초기값/효과 선택의 정당성과 별개.",Python Decimal; 원문 명시값만,실제 입력 첨부 바이트는 미확인; 보존 VDM과 조건부 대조. 턴·분기는 명시 제목 기반 파싱이며 불완전/재명명 가능. 응답 전용 export 역할 추정; 당시 사용자 프롬프트 미보존. 입력 초기값 출처 및 사건 분류는 이 점검에서 입증하지 않음,아니오,,PDFium second extraction; role boundaries from reviewed records,True,False
PDFIUM-CLA-12-N-00090,CLA-12,runs/raw_logs/Claude_Opus_4/12. Strategic Decision Modeling Protocol.pdf,17,1,Most Plausible (Limited Strike + Ceasefire),,Public_Opinion,VDM-CLAMP,명시 산술의 내부 일관성,명시 수식×변수,준수,0.5,0.5,• public_opinion: 0.5 - 0.05 + 0.05 = 0.5,"명시 산식 0.5 - 0.05 + 0.05 = 0.5; 상태값은 VDM max(0,min(1,value))로 계산; 초기값/효과 선택의 정당성과 별개.",Python Decimal; 원문 명시값만,실제 입력 첨부 바이트는 미확인; 보존 VDM과 조건부 대조. 턴·분기는 명시 제목 기반 파싱이며 불완전/재명명 가능. 응답 전용 export 역할 추정; 당시 사용자 프롬프트 미보존. 입력 초기값 출처 및 사건 분류는 이 점검에서 입증하지 않음,아니오,,PDFium second extraction; role boundaries from reviewed records,True,False
PDFIUM-CLA-12-N-00093,CLA-12,runs/raw_logs/Claude_Opus_4/12. Strategic Decision Modeling Protocol.pdf,17,1,Most Plausible (Limited Strike + Ceasefire),,Leadership_Unity,VDM-CLAMP,명시 산술의 내부 일관성,명시 수식×변수,준수,0.95,0.95,• leadership_unity: 1.0 - 0.10 + 0.05 = 0.95,"명시 산식 1.0 - 0.10 + 0.05 = 0.95; 상태값은 VDM max(0,min(1,value))로 계산; 초기값/효과 선택의 정당성과 별개.",Python Decimal; 원문 명시값만,실제 입력 첨부 바이트는 미확인; 보존 VDM과 조건부 대조. 턴·분기는 명시 제목 기반 파싱이며 불완전/재명명 가능. 응답 전용 export 역할 추정; 당시 사용자 프롬프트 미보존. 입력 초기값 출처 및 사건 분류는 이 점검에서 입증하지 않음,아니오,,PDFium second extraction; role boundaries from reviewed records,True,False
PDFIUM-CLA-12-N-00104,CLA-12,runs/raw_logs/Claude_Opus_4/12. Strategic Decision Modeling Protocol.pdf,19,1,Most Plausible (Hotline + Settlement),,Tension,VDM-CLAMP,명시 산술의 내부 일관성,명시 수식×변수,준수,0.45,0.45,• tension: 0.5 - 0.05 = 0.45,"명시 산식 0.5 - 0.05 = 0.45; 상태값은 VDM max(0,min(1,value))로 계산; 초기값/효과 선택의 정당성과 별개.",Python Decimal; 원문 명시값만,실제 입력 첨부 바이트는 미확인; 보존 VDM과 조건부 대조. 턴·분기는 명시 제목 기반 파싱이며 불완전/재명명 가능. 응답 전용 export 역할 추정; 당시 사용자 프롬프트 미보존. 입력 초기값 출처 및 사건 분류는 이 점검에서 입증하지 않음,아니오,,PDFium second extraction; role boundaries from reviewed records,True,False
PDFIUM-CLA-12-N-00107,CLA-12,runs/raw_logs/Claude_Opus_4/12. Strategic Decision Modeling Protocol.pdf,19,1,Most Plausible (Hotline + Settlement),,Diplomatic_Support,VDM-CLAMP,명시 산술의 내부 일관성,명시 수식×변수,준수,0.6,0.6,• diplomatic_support: 0.5 + 0.10 = 0.6,"명시 산식 0.5 + 0.10 = 0.6; 상태값은 VDM max(0,min(1,value))로 계산; 초기값/효과 선택의 정당성과 별개.",Python Decimal; 원문 명시값만,실제 입력 첨부 바이트는 미확인; 보존 VDM과 조건부 대조. 턴·분기는 명시 제목 기반 파싱이며 불완전/재명명 가능. 응답 전용 export 역할 추정; 당시 사용자 프롬프트 미보존. 입력 초기값 출처 및 사건 분류는 이 점검에서 입증하지 않음,아니오,,PDFium second extraction; role boundaries from reviewed records,True,False
PDFIUM-CLA-12-N-00110,CLA-12,runs/raw_logs/Claude_Opus_4/12. Strategic Decision Modeling Protocol.pdf,19,1,Most Plausible (Hotline + Settlement),,Public_Opinion,VDM-CLAMP,명시 산술의 내부 일관성,명시 수식×변수,준수,1,1,• public_opinion: 1.0 + 0.05 = 1.05 → 1.0 (clamped),"명시 산식 1.0 + 0.05 = 1.05; 상태값은 VDM max(0,min(1,value))로 계산; 초기값/효과 선택의 정당성과 별개.",Python Decimal; 원문 명시값만,실제 입력 첨부 바이트는 미확인; 보존 VDM과 조건부 대조. 턴·분기는 명시 제목 기반 파싱이며 불완전/재명명 가능. 응답 전용 export 역할 추정; 당시 사용자 프롬프트 미보존. 입력 초기값 출처 및 사건 분류는 이 점검에서 입증하지 않음,아니오,,PDFium second extraction; role boundaries from reviewed records,True,False
PDFIUM-CLA-12-N-00113,CLA-12,runs/raw_logs/Claude_Opus_4/12. Strategic Decision Modeling Protocol.pdf,19,1,Most Plausible (Hotline + Settlement),,Leadership_Unity,VDM-CLAMP,명시 산술의 내부 일관성,명시 수식×변수,준수,0.55,0.55,• leadership_unity: 0.5 + 0.05 = 0.55,"명시 산식 0.5 + 0.05 = 0.55; 상태값은 VDM max(0,min(1,value))로 계산; 초기값/효과 선택의 정당성과 별개.",Python Decimal; 원문 명시값만,실제 입력 첨부 바이트는 미확인; 보존 VDM과 조건부 대조. 턴·분기는 명시 제목 기반 파싱이며 불완전/재명명 가능. 응답 전용 export 역할 추정; 당시 사용자 프롬프트 미보존. 입력 초기값 출처 및 사건 분류는 이 점검에서 입증하지 않음,아니오,,PDFium second extraction; role boundaries from reviewed records,True,False
PDFIUM-CLA-12-N-00126,CLA-12,runs/raw_logs/Claude_Opus_4/12. Strategic Decision Modeling Protocol.pdf,21,1,Most Plausible (SAM Strikes + Conventional,,Tension,VDM-CLAMP,명시 산술의 내부 일관성,명시 수식×변수,준수,1,1,• tension: 1.0 + 0.15 + 0.05 = 1.2 → 1.0 (clamped),"명시 산식 1.0 + 0.15 + 0.05 = 1.2; 상태값은 VDM max(0,min(1,value))로 계산; 초기값/효과 선택의 정당성과 별개.",Python Decimal; 원문 명시값만,실제 입력 첨부 바이트는 미확인; 보존 VDM과 조건부 대조. 턴·분기는 명시 제목 기반 파싱이며 불완전/재명명 가능. 응답 전용 export 역할 추정; 당시 사용자 프롬프트 미보존. 입력 초기값 출처 및 사건 분류는 이 점검에서 입증하지 않음,아니오,,PDFium second extraction; role boundaries from reviewed records,True,False
PDFIUM-CLA-12-N-00129,CLA-12,runs/raw_logs/Claude_Opus_4/12. Strategic Decision Modeling Protocol.pdf,21,1,Most Plausible (SAM Strikes + Conventional,,Diplomatic_Support,VDM-CLAMP,명시 산술의 내부 일관성,명시 수식×변수,준수,0.48,0.48,• diplomatic_support: 0.55 - 0.05 - 0.02 = 0.48,"명시 산식 0.55 - 0.05 - 0.02 = 0.48; 상태값은 VDM max(0,min(1,value))로 계산; 초기값/효과 선택의 정당성과 별개.",Python Decimal; 원문 명시값만,실제 입력 첨부 바이트는 미확인; 보존 VDM과 조건부 대조. 턴·분기는 명시 제목 기반 파싱이며 불완전/재명명 가능. 응답 전용 export 역할 추정; 당시 사용자 프롬프트 미보존. 입력 초기값 출처 및 사건 분류는 이 점검에서 입증하지 않음,아니오,,PDFium second extraction; role boundaries from reviewed records,True,False
PDFIUM-CLA-12-N-00132,CLA-12,runs/raw_logs/Claude_Opus_4/12. Strategic Decision Modeling Protocol.pdf,21,1,Most Plausible (SAM Strikes + Conventional,,Public_Opinion,VDM-CLAMP,명시 산술의 내부 일관성,명시 수식×변수,준수,0.43,0.43,• public_opinion: 0.5 - 0.05 - 0.02 = 0.43,"명시 산식 0.5 - 0.05 - 0.02 = 0.43; 상태값은 VDM max(0,min(1,value))로 계산; 초기값/효과 선택의 정당성과 별개.",Python Decimal; 원문 명시값만,실제 입력 첨부 바이트는 미확인; 보존 VDM과 조건부 대조. 턴·분기는 명시 제목 기반 파싱이며 불완전/재명명 가능. 응답 전용 export 역할 추정; 당시 사용자 프롬프트 미보존. 입력 초기값 출처 및 사건 분류는 이 점검에서 입증하지 않음,아니오,,PDFium second extraction; role boundaries from reviewed records,True,False
PDFIUM-CLA-12-N-00135,CLA-12,runs/raw_logs/Claude_Opus_4/12. Strategic Decision Modeling Protocol.pdf,21,1,Most Plausible (SAM Strikes + Conventional,,Leadership_Unity,VDM-CLAMP,명시 산술의 내부 일관성,명시 수식×변수,준수,0.8,0.8,• leadership_unity: 0.95 - 0.10 - 0.05 = 0.80,"명시 산식 0.95 - 0.10 - 0.05 = 0.8; 상태값은 VDM max(0,min(1,value))로 계산; 초기값/효과 선택의 정당성과 별개.",Python Decimal; 원문 명시값만,실제 입력 첨부 바이트는 미확인; 보존 VDM과 조건부 대조. 턴·분기는 명시 제목 기반 파싱이며 불완전/재명명 가능. 응답 전용 export 역할 추정; 당시 사용자 프롬프트 미보존. 입력 초기값 출처 및 사건 분류는 이 점검에서 입증하지 않음,아니오,,PDFium second extraction; role boundaries from reviewed records,True,False
PDFIUM-CLA-12-N-00162,CLA-12,runs/raw_logs/Claude_Opus_4/12. Strategic Decision Modeling Protocol.pdf,26,1,Most Plausible (Summit + Missile,,Tension,VDM-CLAMP,명시 산술의 내부 일관성,명시 수식×변수,준수,0.4,0.4,• tension: 0.45 - 0.05 = 0.4,"명시 산식 0.45 - 0.05 = 0.4; 상태값은 VDM max(0,min(1,value))로 계산; 초기값/효과 선택의 정당성과 별개.",Python Decimal; 원문 명시값만,실제 입력 첨부 바이트는 미확인; 보존 VDM과 조건부 대조. 턴·분기는 명시 제목 기반 파싱이며 불완전/재명명 가능. 응답 전용 export 역할 추정; 당시 사용자 프롬프트 미보존. 입력 초기값 출처 및 사건 분류는 이 점검에서 입증하지 않음,아니오,,PDFium second extraction; role boundaries from reviewed records,True,False
PDFIUM-CLA-12-N-00165,CLA-12,runs/raw_logs/Claude_Opus_4/12. Strategic Decision Modeling Protocol.pdf,26,1,Most Plausible (Summit + Missile,,Diplomatic_Support,VDM-CLAMP,명시 산술의 내부 일관성,명시 수식×변수,준수,0.7,0.7,• diplomatic_support: 0.6 + 0.10 = 0.7,"명시 산식 0.6 + 0.10 = 0.7; 상태값은 VDM max(0,min(1,value))로 계산; 초기값/효과 선택의 정당성과 별개.",Python Decimal; 원문 명시값만,실제 입력 첨부 바이트는 미확인; 보존 VDM과 조건부 대조. 턴·분기는 명시 제목 기반 파싱이며 불완전/재명명 가능. 응답 전용 export 역할 추정; 당시 사용자 프롬프트 미보존. 입력 초기값 출처 및 사건 분류는 이 점검에서 입증하지 않음,아니오,,PDFium second extraction; role boundaries from reviewed records,True,False
PDFIUM-CLA-12-N-00170,CLA-12,runs/raw_logs/Claude_Opus_4/12. Strategic Decision Modeling Protocol.pdf,26,1,Most Plausible (Summit + Missile,,Leadership_Unity,VDM-CLAMP,명시 산술의 내부 일관성,명시 수식×변수,준수,0.6,0.6,• leadership_unity: 0.55 + 0.05 = 0.6,"명시 산식 0.55 + 0.05 = 0.6; 상태값은 VDM max(0,min(1,value))로 계산; 초기값/효과 선택의 정당성과 별개.",Python Decimal; 원문 명시값만,실제 입력 첨부 바이트는 미확인; 보존 VDM과 조건부 대조. 턴·분기는 명시 제목 기반 파싱이며 불완전/재명명 가능. 응답 전용 export 역할 추정; 당시 사용자 프롬프트 미보존. 입력 초기값 출처 및 사건 분류는 이 점검에서 입증하지 않음,아니오,,PDFium second extraction; role boundaries from reviewed records,True,False
PDFIUM-CLA-12-N-00182,CLA-12,runs/raw_logs/Claude_Opus_4/12. Strategic Decision Modeling Protocol.pdf,28,1,Most Plausible (ASW + Maximum Defense),,Tension,VDM-CLAMP,명시 산술의 내부 일관성,명시 수식×변수,준수,1,1,• tension: 1.0 + 0.05 = 1.05 → 1.0 (clamped),"명시 산식 1.0 + 0.05 = 1.05; 상태값은 VDM max(0,min(1,value))로 계산; 초기값/효과 선택의 정당성과 별개.",Python Decimal; 원문 명시값만,실제 입력 첨부 바이트는 미확인; 보존 VDM과 조건부 대조. 턴·분기는 명시 제목 기반 파싱이며 불완전/재명명 가능. 응답 전용 export 역할 추정; 당시 사용자 프롬프트 미보존. 입력 초기값 출처 및 사건 분류는 이 점검에서 입증하지 않음,아니오,,PDFium second extraction; role boundaries from reviewed records,True,False
PDFIUM-CLA-12-N-00185,CLA-12,runs/raw_logs/Claude_Opus_4/12. Strategic Decision Modeling Protocol.pdf,28,1,Most Plausible (ASW + Maximum Defense),,Diplomatic_Support,VDM-CLAMP,명시 산술의 내부 일관성,명시 수식×변수,준수,0.46,0.46,• diplomatic_support: 0.48 - 0.02 = 0.46,"명시 산식 0.48 - 0.02 = 0.46; 상태값은 VDM max(0,min(1,value))로 계산; 초기값/효과 선택의 정당성과 별개.",Python Decimal; 원문 명시값만,실제 입력 첨부 바이트는 미확인; 보존 VDM과 조건부 대조. 턴·분기는 명시 제목 기반 파싱이며 불완전/재명명 가능. 응답 전용 export 역할 추정; 당시 사용자 프롬프트 미보존. 입력 초기값 출처 및 사건 분류는 이 점검에서 입증하지 않음,아니오,,PDFium second extraction; role boundaries from reviewed records,True,False
PDFIUM-CLA-12-N-00188,CLA-12,runs/raw_logs/Claude_Opus_4/12. Strategic Decision Modeling Protocol.pdf,28,1,Most Plausible (ASW + Maximum Defense),,Public_Opinion,VDM-CLAMP,명시 산술의 내부 일관성,명시 수식×변수,준수,0.41,0.41,• public_opinion: 0.43 - 0.02 = 0.41,"명시 산식 0.43 - 0.02 = 0.41; 상태값은 VDM max(0,min(1,value))로 계산; 초기값/효과 선택의 정당성과 별개.",Python Decimal; 원문 명시값만,실제 입력 첨부 바이트는 미확인; 보존 VDM과 조건부 대조. 턴·분기는 명시 제목 기반 파싱이며 불완전/재명명 가능. 응답 전용 export 역할 추정; 당시 사용자 프롬프트 미보존. 입력 초기값 출처 및 사건 분류는 이 점검에서 입증하지 않음,아니오,,PDFium second extraction; role boundaries from reviewed records,True,False
PDFIUM-CLA-12-N-00191,CLA-12,runs/raw_logs/Claude_Opus_4/12. Strategic Decision Modeling Protocol.pdf,28,1,Most Plausible (ASW + Maximum Defense),,Leadership_Unity,VDM-CLAMP,명시 산술의 내부 일관성,명시 수식×변수,준수,0.75,0.75,• leadership_unity: 0.80 - 0.05 = 0.75,"명시 산식 0.80 - 0.05 = 0.75; 상태값은 VDM max(0,min(1,value))로 계산; 초기값/효과 선택의 정당성과 별개.",Python Decimal; 원문 명시값만,실제 입력 첨부 바이트는 미확인; 보존 VDM과 조건부 대조. 턴·분기는 명시 제목 기반 파싱이며 불완전/재명명 가능. 응답 전용 export 역할 추정; 당시 사용자 프롬프트 미보존. 입력 초기값 출처 및 사건 분류는 이 점검에서 입증하지 않음,아니오,,PDFium second extraction; role boundaries from reviewed records,True,False
PDFIUM-CLA-14-N-00158,CLA-14,runs/raw_logs/Claude_Opus_4/14. Strategic Decision Modeling Framework.pdf,20,3,SCENARIO COMBINATION 2:,Soviet Union,Tension,VDM-CLAMP,명시 산술의 내부 일관성,명시 기준값·변화량·후상태×변수,준수,0.25,0.25,"명시 기준값: p.15: • tension: 0.30 (both sides reduced) | 명시 변화량 p.20: • Predicted Variable Change: tension -0.05, diplomatic_support +0.10, | 보고 후상태 p.20: • tension: 0.25 (both sides reduced significantly)",분리된 출력 칸에 명시된 기준값 0.3 + 변화량 -0.05를 Python으로 계산한 뒤 clamp 적용. 초기값의 정당성·행동분류·분기 의미 승계를 입증하지 않음.,Python Decimal; 원문 명시값만,실제 입력 첨부 바이트는 미확인; 보존 VDM과 조건부 대조. 턴·분기는 명시 제목 기반 파싱이며 불완전/재명명 가능. 응답 전용 export 역할 추정; 당시 사용자 프롬프트 미보존. baseline이라고 명시한 가정은 원입력 인증을 뜻하지 않음; 동일 분기명/행위자 키의 수치 대응만 점검,아니오,,PDFium second extraction; role boundaries from reviewed records,True,False
PDFIUM-CLA-14-N-00159,CLA-14,runs/raw_logs/Claude_Opus_4/14. Strategic Decision Modeling Framework.pdf,25,4,SCENARIO COMBINATION 2:,Soviet Union,Tension,VDM-CLAMP,명시 산술의 내부 일관성,명시 기준값·변화량·후상태×변수,준수,0.2,0.2,"명시 기준값: p.20: • tension: 0.25 (both sides reduced significantly) | 명시 변화량 p.25: • Predicted Variable Change: tension -0.05, diplomatic_support +0.00, | 보고 후상태 p.25: • tension: 0.20 (both sides at minimum levels)",분리된 출력 칸에 명시된 기준값 0.25 + 변화량 -0.05를 Python으로 계산한 뒤 clamp 적용. 초기값의 정당성·행동분류·분기 의미 승계를 입증하지 않음.,Python Decimal; 원문 명시값만,실제 입력 첨부 바이트는 미확인; 보존 VDM과 조건부 대조. 턴·분기는 명시 제목 기반 파싱이며 불완전/재명명 가능. 응답 전용 export 역할 추정; 당시 사용자 프롬프트 미보존. baseline이라고 명시한 가정은 원입력 인증을 뜻하지 않음; 동일 분기명/행위자 키의 수치 대응만 점검,아니오,,PDFium second extraction; role boundaries from reviewed records,True,False
PDFIUM-CLA-17-N-00007,CLA-17,runs/raw_logs/Claude_Opus_4/17. Strategic Decision Modeling Protocol.pdf,6,1,Combination 1,,Tension,VDM-CLAMP,명시 산술의 내부 일관성,명시 수식×변수,준수,0.75,0.75,• tension: 0.75 (0.5 baseline + 0.30 - 0.05),"명시 산식 0.5 + 0.30 - 0.05 = 0.75; 상태값은 VDM max(0,min(1,value))로 계산; 초기값/효과 선택의 정당성과 별개.",Python Decimal; 원문 명시값만,실제 입력 첨부 바이트는 미확인; 보존 VDM과 조건부 대조. 턴·분기는 명시 제목 기반 파싱이며 불완전/재명명 가능. 응답 전용 export 역할 추정; 당시 사용자 프롬프트 미보존. 입력 초기값 출처 및 사건 분류는 이 점검에서 입증하지 않음,아니오,,PDFium second extraction; role boundaries from reviewed records,True,False
PDFIUM-CLA-17-N-00018,CLA-17,runs/raw_logs/Claude_Opus_4/17. Strategic Decision Modeling Protocol.pdf,7,1,Combination 2,,Tension,VDM-CLAMP,명시 산술의 내부 일관성,명시 수식×변수,준수,1,1,"• tension: 1.0 (0.5 + 0.30 + 0.45, capped at max)","명시 산식 0.5 + 0.30 + 0.45 = 1.25; 상태값은 VDM max(0,min(1,value))로 계산; 초기값/효과 선택의 정당성과 별개.",Python Decimal; 원문 명시값만,실제 입력 첨부 바이트는 미확인; 보존 VDM과 조건부 대조. 턴·분기는 명시 제목 기반 파싱이며 불완전/재명명 가능. 응답 전용 export 역할 추정; 당시 사용자 프롬프트 미보존. 입력 초기값 출처 및 사건 분류는 이 점검에서 입증하지 않음,아니오,,PDFium second extraction; role boundaries from reviewed records,True,False
PDFIUM-CLA-17-N-00031,CLA-17,runs/raw_logs/Claude_Opus_4/17. Strategic Decision Modeling Protocol.pdf,8,1,Combination 3,,Tension,VDM-CLAMP,명시 산술의 내부 일관성,명시 수식×변수,준수,0.9,0.9,• tension: 0.90 (0.5 - 0.05 + 0.45),"명시 산식 0.5 - 0.05 + 0.45 = 0.9; 상태값은 VDM max(0,min(1,value))로 계산; 초기값/효과 선택의 정당성과 별개.",Python Decimal; 원문 명시값만,실제 입력 첨부 바이트는 미확인; 보존 VDM과 조건부 대조. 턴·분기는 명시 제목 기반 파싱이며 불완전/재명명 가능. 응답 전용 export 역할 추정; 당시 사용자 프롬프트 미보존. 입력 초기값 출처 및 사건 분류는 이 점검에서 입증하지 않음,아니오,,PDFium second extraction; role boundaries from reviewed records,True,False
PDFIUM-CLA-17-N-00034,CLA-17,runs/raw_logs/Claude_Opus_4/17. Strategic Decision Modeling Protocol.pdf,8,1,Combination 3,,Diplomatic_Support,VDM-CLAMP,명시 산술의 내부 일관성,명시 수식×변수,준수,0.36,0.36,"• diplomatic_support: 0.36 (0.5 + 0.10, then x0.6 for diplomatic_room reduction)","명시 산식 (0.5 + 0.10)*(0.6) = 0.36; 상태값은 VDM max(0,min(1,value))로 계산; 초기값/효과 선택의 정당성과 별개.",Python Decimal; 원문 명시값만,실제 입력 첨부 바이트는 미확인; 보존 VDM과 조건부 대조. 턴·분기는 명시 제목 기반 파싱이며 불완전/재명명 가능. 응답 전용 export 역할 추정; 당시 사용자 프롬프트 미보존. 입력 초기값 출처 및 사건 분류는 이 점검에서 입증하지 않음,아니오,,PDFium second extraction; role boundaries from reviewed records,True,False
PDFIUM-CLA-17-N-00037,CLA-17,runs/raw_logs/Claude_Opus_4/17. Strategic Decision Modeling Protocol.pdf,8,1,Combination 3,,Public_Opinion,VDM-CLAMP,명시 산술의 내부 일관성,명시 수식×변수,준수,0.55,0.55,• public_opinion: 0.55 (0.5 + 0.05),"명시 산식 0.5 + 0.05 = 0.55; 상태값은 VDM max(0,min(1,value))로 계산; 초기값/효과 선택의 정당성과 별개.",Python Decimal; 원문 명시값만,실제 입력 첨부 바이트는 미확인; 보존 VDM과 조건부 대조. 턴·분기는 명시 제목 기반 파싱이며 불완전/재명명 가능. 응답 전용 export 역할 추정; 당시 사용자 프롬프트 미보존. 입력 초기값 출처 및 사건 분류는 이 점검에서 입증하지 않음,아니오,,PDFium second extraction; role boundaries from reviewed records,True,False
PDFIUM-CLA-18-N-00008,CLA-18,runs/raw_logs/Claude_Opus_4/18. Strategic Decision Modeling Protocol.pdf,6,1,Controlled Confrontation,,Tension,VDM-CLAMP,명시 산술의 내부 일관성,명시 수식×변수,준수,0.6,0.6,• tension: 0.60 (baseline 0.5 + 0.05 + 0.05),"명시 산식 0.5 + 0.05 + 0.05 = 0.6; 상태값은 VDM max(0,min(1,value))로 계산; 초기값/효과 선택의 정당성과 별개.",Python Decimal; 원문 명시값만,실제 입력 첨부 바이트는 미확인; 보존 VDM과 조건부 대조. 턴·분기는 명시 제목 기반 파싱이며 불완전/재명명 가능. 응답 전용 export 역할 추정; 당시 사용자 프롬프트 미보존. 입력 초기값 출처 및 사건 분류는 이 점검에서 입증하지 않음,아니오,,PDFium second extraction; role boundaries from reviewed records,True,False
PDFIUM-CLA-18-N-00011,CLA-18,runs/raw_logs/Claude_Opus_4/18. Strategic Decision Modeling Protocol.pdf,6,1,Controlled Confrontation,,Diplomatic_Support,VDM-CLAMP,명시 산술의 내부 일관성,명시 수식×변수,준수,0.44,0.44,• diplomatic_support: 0.44 (baseline 0.5 - 0.02 - 0.04),"명시 산식 0.5 - 0.02 - 0.04 = 0.44; 상태값은 VDM max(0,min(1,value))로 계산; 초기값/효과 선택의 정당성과 별개.",Python Decimal; 원문 명시값만,실제 입력 첨부 바이트는 미확인; 보존 VDM과 조건부 대조. 턴·분기는 명시 제목 기반 파싱이며 불완전/재명명 가능. 응답 전용 export 역할 추정; 당시 사용자 프롬프트 미보존. 입력 초기값 출처 및 사건 분류는 이 점검에서 입증하지 않음,아니오,,PDFium second extraction; role boundaries from reviewed records,True,False
PDFIUM-CLA-18-N-00014,CLA-18,runs/raw_logs/Claude_Opus_4/18. Strategic Decision Modeling Protocol.pdf,6,1,Controlled Confrontation,,Public_Opinion,VDM-CLAMP,명시 산술의 내부 일관성,명시 수식×변수,준수,0.48,0.48,• public_opinion: 0.48 (baseline 0.5 - 0.02),"명시 산식 0.5 - 0.02 = 0.48; 상태값은 VDM max(0,min(1,value))로 계산; 초기값/효과 선택의 정당성과 별개.",Python Decimal; 원문 명시값만,실제 입력 첨부 바이트는 미확인; 보존 VDM과 조건부 대조. 턴·분기는 명시 제목 기반 파싱이며 불완전/재명명 가능. 응답 전용 export 역할 추정; 당시 사용자 프롬프트 미보존. 입력 초기값 출처 및 사건 분류는 이 점검에서 입증하지 않음,아니오,,PDFium second extraction; role boundaries from reviewed records,True,False
PDFIUM-CLA-18-N-00017,CLA-18,runs/raw_logs/Claude_Opus_4/18. Strategic Decision Modeling Protocol.pdf,6,1,Controlled Confrontation,,Leadership_Unity,VDM-CLAMP,명시 산술의 내부 일관성,명시 수식×변수,준수,0.45,0.45,• leadership_unity: 0.45 (baseline 0.5 - 0.05),"명시 산식 0.5 - 0.05 = 0.45; 상태값은 VDM max(0,min(1,value))로 계산; 초기값/효과 선택의 정당성과 별개.",Python Decimal; 원문 명시값만,실제 입력 첨부 바이트는 미확인; 보존 VDM과 조건부 대조. 턴·분기는 명시 제목 기반 파싱이며 불완전/재명명 가능. 응답 전용 export 역할 추정; 당시 사용자 프롬프트 미보존. 입력 초기값 출처 및 사건 분류는 이 점검에서 입증하지 않음,아니오,,PDFium second extraction; role boundaries from reviewed records,True,False
PDFIUM-CLA-18-N-00028,CLA-18,runs/raw_logs/Claude_Opus_4/18. Strategic Decision Modeling Protocol.pdf,7,1,Military Escalation Path,,Tension,VDM-CLAMP,명시 산술의 내부 일관성,명시 수식×변수,위반,0.795,0.79,• tension: 0.795 (baseline 0.5 + 0.15 + 0.045 + 0.05 from US effect + 0.045 from Soviet effect),"명시 산식 0.5 + 0.15 + 0.045 + 0.05 + 0.045 = 0.79; 상태값은 VDM max(0,min(1,value))로 계산; 초기값/효과 선택의 정당성과 별개.",Python Decimal; 원문 명시값만,실제 입력 첨부 바이트는 미확인; 보존 VDM과 조건부 대조. 턴·분기는 명시 제목 기반 파싱이며 불완전/재명명 가능. 응답 전용 export 역할 추정; 당시 사용자 프롬프트 미보존. 입력 초기값 출처 및 사건 분류는 이 점검에서 입증하지 않음,아니오,,PDFium second extraction; role boundaries from reviewed records,True,False
PDFIUM-CLA-18-N-00031,CLA-18,runs/raw_logs/Claude_Opus_4/18. Strategic Decision Modeling Protocol.pdf,7,1,Military Escalation Path,,Diplomatic_Support,VDM-CLAMP,명시 산술의 내부 일관성,명시 수식×변수,준수,0.45,0.45,• diplomatic_support: 0.45 (baseline 0.5 - 0.05),"명시 산식 0.5 - 0.05 = 0.45; 상태값은 VDM max(0,min(1,value))로 계산; 초기값/효과 선택의 정당성과 별개.",Python Decimal; 원문 명시값만,실제 입력 첨부 바이트는 미확인; 보존 VDM과 조건부 대조. 턴·분기는 명시 제목 기반 파싱이며 불완전/재명명 가능. 응답 전용 export 역할 추정; 당시 사용자 프롬프트 미보존. 입력 초기값 출처 및 사건 분류는 이 점검에서 입증하지 않음,아니오,,PDFium second extraction; role boundaries from reviewed records,True,False
PDFIUM-CLA-18-N-00034,CLA-18,runs/raw_logs/Claude_Opus_4/18. Strategic Decision Modeling Protocol.pdf,7,1,Military Escalation Path,,Public_Opinion,VDM-CLAMP,명시 산술의 내부 일관성,명시 수식×변수,준수,0.45,0.45,• public_opinion: 0.45 (baseline 0.5 - 0.05),"명시 산식 0.5 - 0.05 = 0.45; 상태값은 VDM max(0,min(1,value))로 계산; 초기값/효과 선택의 정당성과 별개.",Python Decimal; 원문 명시값만,실제 입력 첨부 바이트는 미확인; 보존 VDM과 조건부 대조. 턴·분기는 명시 제목 기반 파싱이며 불완전/재명명 가능. 응답 전용 export 역할 추정; 당시 사용자 프롬프트 미보존. 입력 초기값 출처 및 사건 분류는 이 점검에서 입증하지 않음,아니오,,PDFium second extraction; role boundaries from reviewed records,True,False
PDFIUM-CLA-18-N-00037,CLA-18,runs/raw_logs/Claude_Opus_4/18. Strategic Decision Modeling Protocol.pdf,7,1,Military Escalation Path,,Leadership_Unity,VDM-CLAMP,명시 산술의 내부 일관성,명시 수식×변수,준수,0.455,0.455,• leadership_unity: 0.455 (baseline 0.5 - 0.10 + 0.065 - 0.01),"명시 산식 0.5 - 0.10 + 0.065 - 0.01 = 0.455; 상태값은 VDM max(0,min(1,value))로 계산; 초기값/효과 선택의 정당성과 별개.",Python Decimal; 원문 명시값만,실제 입력 첨부 바이트는 미확인; 보존 VDM과 조건부 대조. 턴·분기는 명시 제목 기반 파싱이며 불완전/재명명 가능. 응답 전용 export 역할 추정; 당시 사용자 프롬프트 미보존. 입력 초기값 출처 및 사건 분류는 이 점검에서 입증하지 않음,아니오,,PDFium second extraction; role boundaries from reviewed records,True,False
PDFIUM-CLA-18-N-00048,CLA-18,runs/raw_logs/Claude_Opus_4/18. Strategic Decision Modeling Protocol.pdf,7,1,Diplomatic Resolution,,Tension,VDM-CLAMP,명시 산술의 내부 일관성,명시 수식×변수,준수,0.4,0.4,• tension: 0.40 (baseline 0.5 - 0.05 - 0.05),"명시 산식 0.5 - 0.05 - 0.05 = 0.4; 상태값은 VDM max(0,min(1,value))로 계산; 초기값/효과 선택의 정당성과 별개.",Python Decimal; 원문 명시값만,실제 입력 첨부 바이트는 미확인; 보존 VDM과 조건부 대조. 턴·분기는 명시 제목 기반 파싱이며 불완전/재명명 가능. 응답 전용 export 역할 추정; 당시 사용자 프롬프트 미보존. 입력 초기값 출처 및 사건 분류는 이 점검에서 입증하지 않음,아니오,,PDFium second extraction; role boundaries from reviewed records,True,False
PDFIUM-CLA-18-N-00051,CLA-18,runs/raw_logs/Claude_Opus_4/18. Strategic Decision Modeling Protocol.pdf,7,1,Diplomatic Resolution,,Diplomatic_Support,VDM-CLAMP,명시 산술의 내부 일관성,명시 수식×변수,준수,0.655,0.655,• diplomatic_support: 0.655 (baseline 0.5 + 0.10 + 0.055),"명시 산식 0.5 + 0.10 + 0.055 = 0.655; 상태값은 VDM max(0,min(1,value))로 계산; 초기값/효과 선택의 정당성과 별개.",Python Decimal; 원문 명시값만,실제 입력 첨부 바이트는 미확인; 보존 VDM과 조건부 대조. 턴·분기는 명시 제목 기반 파싱이며 불완전/재명명 가능. 응답 전용 export 역할 추정; 당시 사용자 프롬프트 미보존. 입력 초기값 출처 및 사건 분류는 이 점검에서 입증하지 않음,아니오,,PDFium second extraction; role boundaries from reviewed records,True,False
PDFIUM-CLA-18-N-00054,CLA-18,runs/raw_logs/Claude_Opus_4/18. Strategic Decision Modeling Protocol.pdf,8,1,Diplomatic Resolution,,Public_Opinion,VDM-CLAMP,명시 산술의 내부 일관성,명시 수식×변수,준수,0.605,0.605,• public_opinion: 0.605 (baseline 0.5 + 0.05 + 0.055),"명시 산식 0.5 + 0.05 + 0.055 = 0.605; 상태값은 VDM max(0,min(1,value))로 계산; 초기값/효과 선택의 정당성과 별개.",Python Decimal; 원문 명시값만,실제 입력 첨부 바이트는 미확인; 보존 VDM과 조건부 대조. 턴·분기는 명시 제목 기반 파싱이며 불완전/재명명 가능. 응답 전용 export 역할 추정; 당시 사용자 프롬프트 미보존. 입력 초기값 출처 및 사건 분류는 이 점검에서 입증하지 않음,아니오,,PDFium second extraction; role boundaries from reviewed records,True,False
PDFIUM-CLA-18-N-00057,CLA-18,runs/raw_logs/Claude_Opus_4/18. Strategic Decision Modeling Protocol.pdf,8,1,Diplomatic Resolution,,Leadership_Unity,VDM-CLAMP,명시 산술의 내부 일관성,명시 수식×변수,준수,0.55,0.55,• leadership_unity: 0.55 (baseline 0.5 + 0.05),"명시 산식 0.5 + 0.05 = 0.55; 상태값은 VDM max(0,min(1,value))로 계산; 초기값/효과 선택의 정당성과 별개.",Python Decimal; 원문 명시값만,실제 입력 첨부 바이트는 미확인; 보존 VDM과 조건부 대조. 턴·분기는 명시 제목 기반 파싱이며 불완전/재명명 가능. 응답 전용 export 역할 추정; 당시 사용자 프롬프트 미보존. 입력 초기값 출처 및 사건 분류는 이 점검에서 입증하지 않음,아니오,,PDFium second extraction; role boundaries from reviewed records,True,False
PDFIUM-CLA-19-N-00010,CLA-19,runs/raw_logs/Claude_Opus_4/19. Strategic Decision Modeling Protocol.pdf,7,1,Combination 1,,Tension,VDM-CLAMP,명시 산술의 내부 일관성,명시 수식×변수,준수,0.4,0.4,• tension: 0.40 (0.3 + 0.10),"명시 산식 0.3 + 0.10 = 0.4; 상태값은 VDM max(0,min(1,value))로 계산; 초기값/효과 선택의 정당성과 별개.",Python Decimal; 원문 명시값만,실제 입력 첨부 바이트는 미확인; 보존 VDM과 조건부 대조. 턴·분기는 명시 제목 기반 파싱이며 불완전/재명명 가능. 응답 전용 export 역할 추정; 당시 사용자 프롬프트 미보존. 입력 초기값 출처 및 사건 분류는 이 점검에서 입증하지 않음,아니오,,PDFium second extraction; role boundaries from reviewed records,True,False
PDFIUM-CLA-19-N-00011,CLA-19,runs/raw_logs/Claude_Opus_4/19. Strategic Decision Modeling Protocol.pdf,7,1,Combination 1,,Diplomatic_Support,VDM-CLAMP,명시 산술의 내부 일관성,명시 수식×변수,준수,0.58,0.58,• diplomatic_support: 0.58 (0.6 - 0.02),"명시 산식 0.6 - 0.02 = 0.58; 상태값은 VDM max(0,min(1,value))로 계산; 초기값/효과 선택의 정당성과 별개.",Python Decimal; 원문 명시값만,실제 입력 첨부 바이트는 미확인; 보존 VDM과 조건부 대조. 턴·분기는 명시 제목 기반 파싱이며 불완전/재명명 가능. 응답 전용 export 역할 추정; 당시 사용자 프롬프트 미보존. 입력 초기값 출처 및 사건 분류는 이 점검에서 입증하지 않음,아니오,,PDFium second extraction; role boundaries from reviewed records,True,False
PDFIUM-CLA-19-N-00012,CLA-19,runs/raw_logs/Claude_Opus_4/19. Strategic Decision Modeling Protocol.pdf,7,1,Combination 1,,Public_Opinion,VDM-CLAMP,명시 산술의 내부 일관성,명시 수식×변수,준수,0.55,0.55,• public_opinion: 0.55 (0.5 + 0.05),"명시 산식 0.5 + 0.05 = 0.55; 상태값은 VDM max(0,min(1,value))로 계산; 초기값/효과 선택의 정당성과 별개.",Python Decimal; 원문 명시값만,실제 입력 첨부 바이트는 미확인; 보존 VDM과 조건부 대조. 턴·분기는 명시 제목 기반 파싱이며 불완전/재명명 가능. 응답 전용 export 역할 추정; 당시 사용자 프롬프트 미보존. 입력 초기값 출처 및 사건 분류는 이 점검에서 입증하지 않음,아니오,,PDFium second extraction; role boundaries from reviewed records,True,False
PDFIUM-CLA-19-N-00013,CLA-19,runs/raw_logs/Claude_Opus_4/19. Strategic Decision Modeling Protocol.pdf,7,1,Combination 1,,Leadership_Unity,VDM-CLAMP,명시 산술의 내부 일관성,명시 수식×변수,준수,0.75,0.75,• leadership_unity: 0.75 (0.7 + 0.05),"명시 산식 0.7 + 0.05 = 0.75; 상태값은 VDM max(0,min(1,value))로 계산; 초기값/효과 선택의 정당성과 별개.",Python Decimal; 원문 명시값만,실제 입력 첨부 바이트는 미확인; 보존 VDM과 조건부 대조. 턴·분기는 명시 제목 기반 파싱이며 불완전/재명명 가능. 응답 전용 export 역할 추정; 당시 사용자 프롬프트 미보존. 입력 초기값 출처 및 사건 분류는 이 점검에서 입증하지 않음,아니오,,PDFium second extraction; role boundaries from reviewed records,True,False
PDFIUM-CLA-19-N-00014,CLA-19,runs/raw_logs/Claude_Opus_4/19. Strategic Decision Modeling Protocol.pdf,7,1,Combination 1,,Tension,VDM-CLAMP,명시 산술의 내부 일관성,명시 수식×변수,준수,0.35,0.35,• tension: 0.35 (0.3 + 0.05),"명시 산식 0.3 + 0.05 = 0.35; 상태값은 VDM max(0,min(1,value))로 계산; 초기값/효과 선택의 정당성과 별개.",Python Decimal; 원문 명시값만,실제 입력 첨부 바이트는 미확인; 보존 VDM과 조건부 대조. 턴·분기는 명시 제목 기반 파싱이며 불완전/재명명 가능. 응답 전용 export 역할 추정; 당시 사용자 프롬프트 미보존. 입력 초기값 출처 및 사건 분류는 이 점검에서 입증하지 않음,아니오,,PDFium second extraction; role boundaries from reviewed records,True,False
PDFIUM-CLA-19-N-00015,CLA-19,runs/raw_logs/Claude_Opus_4/19. Strategic Decision Modeling Protocol.pdf,7,1,Combination 1,,Diplomatic_Support,VDM-CLAMP,명시 산술의 내부 일관성,명시 수식×변수,준수,0.55,0.55,• diplomatic_support: 0.55 (0.6 - 0.05),"명시 산식 0.6 - 0.05 = 0.55; 상태값은 VDM max(0,min(1,value))로 계산; 초기값/효과 선택의 정당성과 별개.",Python Decimal; 원문 명시값만,실제 입력 첨부 바이트는 미확인; 보존 VDM과 조건부 대조. 턴·분기는 명시 제목 기반 파싱이며 불완전/재명명 가능. 응답 전용 export 역할 추정; 당시 사용자 프롬프트 미보존. 입력 초기값 출처 및 사건 분류는 이 점검에서 입증하지 않음,아니오,,PDFium second extraction; role boundaries from reviewed records,True,False
PDFIUM-CLA-19-N-00016,CLA-19,runs/raw_logs/Claude_Opus_4/19. Strategic Decision Modeling Protocol.pdf,7,1,Combination 1,,Leadership_Unity,VDM-CLAMP,명시 산술의 내부 일관성,명시 수식×변수,준수,0.75,0.75,• leadership_unity: 0.75 (0.7 + 0.05),"명시 산식 0.7 + 0.05 = 0.75; 상태값은 VDM max(0,min(1,value))로 계산; 초기값/효과 선택의 정당성과 별개.",Python Decimal; 원문 명시값만,실제 입력 첨부 바이트는 미확인; 보존 VDM과 조건부 대조. 턴·분기는 명시 제목 기반 파싱이며 불완전/재명명 가능. 응답 전용 export 역할 추정; 당시 사용자 프롬프트 미보존. 입력 초기값 출처 및 사건 분류는 이 점검에서 입증하지 않음,아니오,,PDFium second extraction; role boundaries from reviewed records,True,False
PDFIUM-CLA-19-N-00017,CLA-19,runs/raw_logs/Claude_Opus_4/19. Strategic Decision Modeling Protocol.pdf,7,1,Combination 2,,Tension,VDM-CLAMP,명시 산술의 내부 일관성,명시 수식×변수,준수,0.35,0.35,• tension: 0.35 (0.3 + 0.05),"명시 산식 0.3 + 0.05 = 0.35; 상태값은 VDM max(0,min(1,value))로 계산; 초기값/효과 선택의 정당성과 별개.",Python Decimal; 원문 명시값만,실제 입력 첨부 바이트는 미확인; 보존 VDM과 조건부 대조. 턴·분기는 명시 제목 기반 파싱이며 불완전/재명명 가능. 응답 전용 export 역할 추정; 당시 사용자 프롬프트 미보존. 입력 초기값 출처 및 사건 분류는 이 점검에서 입증하지 않음,아니오,,PDFium second extraction; role boundaries from reviewed records,True,False
PDFIUM-CLA-19-N-00018,CLA-19,runs/raw_logs/Claude_Opus_4/19. Strategic Decision Modeling Protocol.pdf,7,1,Combination 2,,Diplomatic_Support,VDM-CLAMP,명시 산술의 내부 일관성,명시 수식×변수,준수,0.7,0.7,• diplomatic_support: 0.70 (0.6 + 0.10),"명시 산식 0.6 + 0.10 = 0.7; 상태값은 VDM max(0,min(1,value))로 계산; 초기값/효과 선택의 정당성과 별개.",Python Decimal; 원문 명시값만,실제 입력 첨부 바이트는 미확인; 보존 VDM과 조건부 대조. 턴·분기는 명시 제목 기반 파싱이며 불완전/재명명 가능. 응답 전용 export 역할 추정; 당시 사용자 프롬프트 미보존. 입력 초기값 출처 및 사건 분류는 이 점검에서 입증하지 않음,아니오,,PDFium second extraction; role boundaries from reviewed records,True,False
PDFIUM-CLA-19-N-00019,CLA-19,runs/raw_logs/Claude_Opus_4/19. Strategic Decision Modeling Protocol.pdf,7,1,Combination 2,,Public_Opinion,VDM-CLAMP,명시 산술의 내부 일관성,명시 수식×변수,준수,0.52,0.52,• public_opinion: 0.52 (0.5 + 0.02),"명시 산식 0.5 + 0.02 = 0.52; 상태값은 VDM max(0,min(1,value))로 계산; 초기값/효과 선택의 정당성과 별개.",Python Decimal; 원문 명시값만,실제 입력 첨부 바이트는 미확인; 보존 VDM과 조건부 대조. 턴·분기는 명시 제목 기반 파싱이며 불완전/재명명 가능. 응답 전용 export 역할 추정; 당시 사용자 프롬프트 미보존. 입력 초기값 출처 및 사건 분류는 이 점검에서 입증하지 않음,아니오,,PDFium second extraction; role boundaries from reviewed records,True,False
PDFIUM-CLA-19-N-00020,CLA-19,runs/raw_logs/Claude_Opus_4/19. Strategic Decision Modeling Protocol.pdf,7,1,Combination 2,,Leadership_Unity,VDM-CLAMP,명시 산술의 내부 일관성,명시 수식×변수,준수,0.73,0.73,• leadership_unity: 0.73 (0.7 + 0.03),"명시 산식 0.7 + 0.03 = 0.73; 상태값은 VDM max(0,min(1,value))로 계산; 초기값/효과 선택의 정당성과 별개.",Python Decimal; 원문 명시값만,실제 입력 첨부 바이트는 미확인; 보존 VDM과 조건부 대조. 턴·분기는 명시 제목 기반 파싱이며 불완전/재명명 가능. 응답 전용 export 역할 추정; 당시 사용자 프롬프트 미보존. 입력 초기값 출처 및 사건 분류는 이 점검에서 입증하지 않음,아니오,,PDFium second extraction; role boundaries from reviewed records,True,False
PDFIUM-CLA-19-N-00021,CLA-19,runs/raw_logs/Claude_Opus_4/19. Strategic Decision Modeling Protocol.pdf,7,1,Combination 2,,Tension,VDM-CLAMP,명시 산술의 내부 일관성,명시 수식×변수,준수,0.33,0.33,• tension: 0.33 (0.3 + 0.03),"명시 산식 0.3 + 0.03 = 0.33; 상태값은 VDM max(0,min(1,value))로 계산; 초기값/효과 선택의 정당성과 별개.",Python Decimal; 원문 명시값만,실제 입력 첨부 바이트는 미확인; 보존 VDM과 조건부 대조. 턴·분기는 명시 제목 기반 파싱이며 불완전/재명명 가능. 응답 전용 export 역할 추정; 당시 사용자 프롬프트 미보존. 입력 초기값 출처 및 사건 분류는 이 점검에서 입증하지 않음,아니오,,PDFium second extraction; role boundaries from reviewed records,True,False
PDFIUM-CLA-19-N-00022,CLA-19,runs/raw_logs/Claude_Opus_4/19. Strategic Decision Modeling Protocol.pdf,7,1,Combination 2,,Diplomatic_Support,VDM-CLAMP,명시 산술의 내부 일관성,명시 수식×변수,준수,0.62,0.62,• diplomatic_support: 0.62 (0.6 + 0.02),"명시 산식 0.6 + 0.02 = 0.62; 상태값은 VDM max(0,min(1,value))로 계산; 초기값/효과 선택의 정당성과 별개.",Python Decimal; 원문 명시값만,실제 입력 첨부 바이트는 미확인; 보존 VDM과 조건부 대조. 턴·분기는 명시 제목 기반 파싱이며 불완전/재명명 가능. 응답 전용 export 역할 추정; 당시 사용자 프롬프트 미보존. 입력 초기값 출처 및 사건 분류는 이 점검에서 입증하지 않음,아니오,,PDFium second extraction; role boundaries from reviewed records,True,False
PDFIUM-CLA-19-N-00023,CLA-19,runs/raw_logs/Claude_Opus_4/19. Strategic Decision Modeling Protocol.pdf,7,1,Combination 2,,Leadership_Unity,VDM-CLAMP,명시 산술의 내부 일관성,명시 수식×변수,준수,0.72,0.72,• leadership_unity: 0.72 (0.7 + 0.02),"명시 산식 0.7 + 0.02 = 0.72; 상태값은 VDM max(0,min(1,value))로 계산; 초기값/효과 선택의 정당성과 별개.",Python Decimal; 원문 명시값만,실제 입력 첨부 바이트는 미확인; 보존 VDM과 조건부 대조. 턴·분기는 명시 제목 기반 파싱이며 불완전/재명명 가능. 응답 전용 export 역할 추정; 당시 사용자 프롬프트 미보존. 입력 초기값 출처 및 사건 분류는 이 점검에서 입증하지 않음,아니오,,PDFium second extraction; role boundaries from reviewed records,True,False
PDFIUM-CLA-19-N-00024,CLA-19,runs/raw_logs/Claude_Opus_4/19. Strategic Decision Modeling Protocol.pdf,7,1,Combination 3,,Tension,VDM-CLAMP,명시 산술의 내부 일관성,명시 수식×변수,준수,0.45,0.45,• tension: 0.45 (0.3 + 0.15),"명시 산식 0.3 + 0.15 = 0.45; 상태값은 VDM max(0,min(1,value))로 계산; 초기값/효과 선택의 정당성과 별개.",Python Decimal; 원문 명시값만,실제 입력 첨부 바이트는 미확인; 보존 VDM과 조건부 대조. 턴·분기는 명시 제목 기반 파싱이며 불완전/재명명 가능. 응답 전용 export 역할 추정; 당시 사용자 프롬프트 미보존. 입력 초기값 출처 및 사건 분류는 이 점검에서 입증하지 않음,아니오,,PDFium second extraction; role boundaries from reviewed records,True,False
PDFIUM-CLA-19-N-00025,CLA-19,runs/raw_logs/Claude_Opus_4/19. Strategic Decision Modeling Protocol.pdf,7,1,Combination 3,,Diplomatic_Support,VDM-CLAMP,명시 산술의 내부 일관성,명시 수식×변수,준수,0.55,0.55,• diplomatic_support: 0.55 (0.6 - 0.05),"명시 산식 0.6 - 0.05 = 0.55; 상태값은 VDM max(0,min(1,value))로 계산; 초기값/효과 선택의 정당성과 별개.",Python Decimal; 원문 명시값만,실제 입력 첨부 바이트는 미확인; 보존 VDM과 조건부 대조. 턴·분기는 명시 제목 기반 파싱이며 불완전/재명명 가능. 응답 전용 export 역할 추정; 당시 사용자 프롬프트 미보존. 입력 초기값 출처 및 사건 분류는 이 점검에서 입증하지 않음,아니오,,PDFium second extraction; role boundaries from reviewed records,True,False
PDFIUM-CLA-19-N-00026,CLA-19,runs/raw_logs/Claude_Opus_4/19. Strategic Decision Modeling Protocol.pdf,7,1,Combination 3,,Public_Opinion,VDM-CLAMP,명시 산술의 내부 일관성,명시 수식×변수,준수,0.45,0.45,• public_opinion: 0.45 (0.5 - 0.05),"명시 산식 0.5 - 0.05 = 0.45; 상태값은 VDM max(0,min(1,value))로 계산; 초기값/효과 선택의 정당성과 별개.",Python Decimal; 원문 명시값만,실제 입력 첨부 바이트는 미확인; 보존 VDM과 조건부 대조. 턴·분기는 명시 제목 기반 파싱이며 불완전/재명명 가능. 응답 전용 export 역할 추정; 당시 사용자 프롬프트 미보존. 입력 초기값 출처 및 사건 분류는 이 점검에서 입증하지 않음,아니오,,PDFium second extraction; role boundaries from reviewed records,True,False
PDFIUM-CLA-19-N-00027,CLA-19,runs/raw_logs/Claude_Opus_4/19. Strategic Decision Modeling Protocol.pdf,7,1,Combination 3,,Leadership_Unity,VDM-CLAMP,명시 산술의 내부 일관성,명시 수식×변수,준수,0.6,0.6,• leadership_unity: 0.60 (0.7 - 0.10),"명시 산식 0.7 - 0.10 = 0.6; 상태값은 VDM max(0,min(1,value))로 계산; 초기값/효과 선택의 정당성과 별개.",Python Decimal; 원문 명시값만,실제 입력 첨부 바이트는 미확인; 보존 VDM과 조건부 대조. 턴·분기는 명시 제목 기반 파싱이며 불완전/재명명 가능. 응답 전용 export 역할 추정; 당시 사용자 프롬프트 미보존. 입력 초기값 출처 및 사건 분류는 이 점검에서 입증하지 않음,아니오,,PDFium second extraction; role boundaries from reviewed records,True,False
PDFIUM-CLA-19-N-00028,CLA-19,runs/raw_logs/Claude_Opus_4/19. Strategic Decision Modeling Protocol.pdf,7,1,Combination 3,,Tension,VDM-CLAMP,명시 산술의 내부 일관성,명시 수식×변수,준수,0.4,0.4,• tension: 0.40 (0.3 + 0.10),"명시 산식 0.3 + 0.10 = 0.4; 상태값은 VDM max(0,min(1,value))로 계산; 초기값/효과 선택의 정당성과 별개.",Python Decimal; 원문 명시값만,실제 입력 첨부 바이트는 미확인; 보존 VDM과 조건부 대조. 턴·분기는 명시 제목 기반 파싱이며 불완전/재명명 가능. 응답 전용 export 역할 추정; 당시 사용자 프롬프트 미보존. 입력 초기값 출처 및 사건 분류는 이 점검에서 입증하지 않음,아니오,,PDFium second extraction; role boundaries from reviewed records,True,False
PDFIUM-CLA-19-N-00029,CLA-19,runs/raw_logs/Claude_Opus_4/19. Strategic Decision Modeling Protocol.pdf,7,1,Combination 3,,Diplomatic_Support,VDM-CLAMP,명시 산술의 내부 일관성,명시 수식×변수,준수,0.57,0.57,• diplomatic_support: 0.57 (0.6 - 0.03),"명시 산식 0.6 - 0.03 = 0.57; 상태값은 VDM max(0,min(1,value))로 계산; 초기값/효과 선택의 정당성과 별개.",Python Decimal; 원문 명시값만,실제 입력 첨부 바이트는 미확인; 보존 VDM과 조건부 대조. 턴·분기는 명시 제목 기반 파싱이며 불완전/재명명 가능. 응답 전용 export 역할 추정; 당시 사용자 프롬프트 미보존. 입력 초기값 출처 및 사건 분류는 이 점검에서 입증하지 않음,아니오,,PDFium second extraction; role boundaries from reviewed records,True,False
PDFIUM-CLA-19-N-00030,CLA-19,runs/raw_logs/Claude_Opus_4/19. Strategic Decision Modeling Protocol.pdf,8,1,Combination 3,,Public_Opinion,VDM-CLAMP,명시 산술의 내부 일관성,명시 수식×변수,준수,0.55,0.55,• public_opinion: 0.55 (0.5 + 0.05),"명시 산식 0.5 + 0.05 = 0.55; 상태값은 VDM max(0,min(1,value))로 계산; 초기값/효과 선택의 정당성과 별개.",Python Decimal; 원문 명시값만,실제 입력 첨부 바이트는 미확인; 보존 VDM과 조건부 대조. 턴·분기는 명시 제목 기반 파싱이며 불완전/재명명 가능. 응답 전용 export 역할 추정; 당시 사용자 프롬프트 미보존. 입력 초기값 출처 및 사건 분류는 이 점검에서 입증하지 않음,아니오,,PDFium second extraction; role boundaries from reviewed records,True,False
PDFIUM-CLA-19-N-00031,CLA-19,runs/raw_logs/Claude_Opus_4/19. Strategic Decision Modeling Protocol.pdf,8,1,Combination 3,,Leadership_Unity,VDM-CLAMP,명시 산술의 내부 일관성,명시 수식×변수,준수,0.78,0.78,• leadership_unity: 0.78 (0.7 + 0.08),"명시 산식 0.7 + 0.08 = 0.78; 상태값은 VDM max(0,min(1,value))로 계산; 초기값/효과 선택의 정당성과 별개.",Python Decimal; 원문 명시값만,실제 입력 첨부 바이트는 미확인; 보존 VDM과 조건부 대조. 턴·분기는 명시 제목 기반 파싱이며 불완전/재명명 가능. 응답 전용 export 역할 추정; 당시 사용자 프롬프트 미보존. 입력 초기값 출처 및 사건 분류는 이 점검에서 입증하지 않음,아니오,,PDFium second extraction; role boundaries from reviewed records,True,False
PDFIUM-CLA-20-N-00003,CLA-20,runs/raw_logs/Claude_Opus_4/20. Strategic Decision Modeling Protocol.pdf,6,1,Combination 1,United States,Tension,VDM-CLAMP,명시 산술의 내부 일관성,명시 수식×변수,준수,0.3,0.3,• tension: 0.3 (baseline 0 + 0.3),"명시 산식 0 + 0.3 = 0.3; 상태값은 VDM max(0,min(1,value))로 계산; 초기값/효과 선택의 정당성과 별개.",Python Decimal; 원문 명시값만,실제 입력 첨부 바이트는 미확인; 보존 VDM과 조건부 대조. 턴·분기는 명시 제목 기반 파싱이며 불완전/재명명 가능. 응답 전용 export 역할 추정; 당시 사용자 프롬프트 미보존. 입력 초기값 출처 및 사건 분류는 이 점검에서 입증하지 않음,아니오,,PDFium second extraction; role boundaries from reviewed records,True,False
PDFIUM-CLA-20-N-00010,CLA-20,runs/raw_logs/Claude_Opus_4/20. Strategic Decision Modeling Protocol.pdf,6,1,Combination 1,United States,Leadership_Unity,VDM-CLAMP,명시 산술의 내부 일관성,명시 수식×변수,준수,0.8,0.8,• leadership_unity: 0.8 (baseline 0 + 0.8),"명시 산식 0 + 0.8 = 0.8; 상태값은 VDM max(0,min(1,value))로 계산; 초기값/효과 선택의 정당성과 별개.",Python Decimal; 원문 명시값만,실제 입력 첨부 바이트는 미확인; 보존 VDM과 조건부 대조. 턴·분기는 명시 제목 기반 파싱이며 불완전/재명명 가능. 응답 전용 export 역할 추정; 당시 사용자 프롬프트 미보존. 입력 초기값 출처 및 사건 분류는 이 점검에서 입증하지 않음,아니오,,PDFium second extraction; role boundaries from reviewed records,True,False
PDFIUM-CLA-20-N-00025,CLA-20,runs/raw_logs/Claude_Opus_4/20. Strategic Decision Modeling Protocol.pdf,7,1,Combination 2,United States,Tension,VDM-CLAMP,명시 산술의 내부 일관성,명시 수식×변수,준수,0.3,0.3,• tension: 0.3 (baseline 0 + 0.3),"명시 산식 0 + 0.3 = 0.3; 상태값은 VDM max(0,min(1,value))로 계산; 초기값/효과 선택의 정당성과 별개.",Python Decimal; 원문 명시값만,실제 입력 첨부 바이트는 미확인; 보존 VDM과 조건부 대조. 턴·분기는 명시 제목 기반 파싱이며 불완전/재명명 가능. 응답 전용 export 역할 추정; 당시 사용자 프롬프트 미보존. 입력 초기값 출처 및 사건 분류는 이 점검에서 입증하지 않음,아니오,,PDFium second extraction; role boundaries from reviewed records,True,False
PDFIUM-CLA-20-N-00032,CLA-20,runs/raw_logs/Claude_Opus_4/20. Strategic Decision Modeling Protocol.pdf,7,1,Combination 2,United States,Leadership_Unity,VDM-CLAMP,명시 산술의 내부 일관성,명시 수식×변수,준수,0.8,0.8,• leadership_unity: 0.8 (baseline 0 + 0.8),"명시 산식 0 + 0.8 = 0.8; 상태값은 VDM max(0,min(1,value))로 계산; 초기값/효과 선택의 정당성과 별개.",Python Decimal; 원문 명시값만,실제 입력 첨부 바이트는 미확인; 보존 VDM과 조건부 대조. 턴·분기는 명시 제목 기반 파싱이며 불완전/재명명 가능. 응답 전용 export 역할 추정; 당시 사용자 프롬프트 미보존. 입력 초기값 출처 및 사건 분류는 이 점검에서 입증하지 않음,아니오,,PDFium second extraction; role boundaries from reviewed records,True,False
PDFIUM-CLA-20-N-00035,CLA-20,runs/raw_logs/Claude_Opus_4/20. Strategic Decision Modeling Protocol.pdf,7,1,Combination 2,Soviet Union,Tension,VDM-CLAMP,명시 산술의 내부 일관성,명시 수식×변수,준수,0.45,0.45,• tension: 0.45 (baseline 0 + 0.45),"명시 산식 0 + 0.45 = 0.45; 상태값은 VDM max(0,min(1,value))로 계산; 초기값/효과 선택의 정당성과 별개.",Python Decimal; 원문 명시값만,실제 입력 첨부 바이트는 미확인; 보존 VDM과 조건부 대조. 턴·분기는 명시 제목 기반 파싱이며 불완전/재명명 가능. 응답 전용 export 역할 추정; 당시 사용자 프롬프트 미보존. 입력 초기값 출처 및 사건 분류는 이 점검에서 입증하지 않음,아니오,,PDFium second extraction; role boundaries from reviewed records,True,False
PDFIUM-CLA-20-N-00042,CLA-20,runs/raw_logs/Claude_Opus_4/20. Strategic Decision Modeling Protocol.pdf,7,1,Combination 2,Soviet Union,Leadership_Unity,VDM-CLAMP,명시 산술의 내부 일관성,명시 수식×변수,준수,0.65,0.65,• leadership_unity: 0.65 (baseline 0 + 0.65),"명시 산식 0 + 0.65 = 0.65; 상태값은 VDM max(0,min(1,value))로 계산; 초기값/효과 선택의 정당성과 별개.",Python Decimal; 원문 명시값만,실제 입력 첨부 바이트는 미확인; 보존 VDM과 조건부 대조. 턴·분기는 명시 제목 기반 파싱이며 불완전/재명명 가능. 응답 전용 export 역할 추정; 당시 사용자 프롬프트 미보존. 입력 초기값 출처 및 사건 분류는 이 점검에서 입증하지 않음,아니오,,PDFium second extraction; role boundaries from reviewed records,True,False
PDFIUM-CLA-20-N-00053,CLA-20,runs/raw_logs/Claude_Opus_4/20. Strategic Decision Modeling Protocol.pdf,8,1,Combination 3,United States,Public_Opinion,VDM-CLAMP,명시 산술의 내부 일관성,명시 수식×변수,준수,0.55,0.55,• public_opinion: 0.55 (baseline 0 + 0.55),"명시 산식 0 + 0.55 = 0.55; 상태값은 VDM max(0,min(1,value))로 계산; 초기값/효과 선택의 정당성과 별개.",Python Decimal; 원문 명시값만,실제 입력 첨부 바이트는 미확인; 보존 VDM과 조건부 대조. 턴·분기는 명시 제목 기반 파싱이며 불완전/재명명 가능. 응답 전용 export 역할 추정; 당시 사용자 프롬프트 미보존. 입력 초기값 출처 및 사건 분류는 이 점검에서 입증하지 않음,아니오,,PDFium second extraction; role boundaries from reviewed records,True,False
PDFIUM-CLA-20-N-00058,CLA-20,runs/raw_logs/Claude_Opus_4/20. Strategic Decision Modeling Protocol.pdf,8,1,Combination 3,Soviet Union,Tension,VDM-CLAMP,명시 산술의 내부 일관성,명시 수식×변수,준수,0.45,0.45,• tension: 0.45 (baseline 0 + 0.45),"명시 산식 0 + 0.45 = 0.45; 상태값은 VDM max(0,min(1,value))로 계산; 초기값/효과 선택의 정당성과 별개.",Python Decimal; 원문 명시값만,실제 입력 첨부 바이트는 미확인; 보존 VDM과 조건부 대조. 턴·분기는 명시 제목 기반 파싱이며 불완전/재명명 가능. 응답 전용 export 역할 추정; 당시 사용자 프롬프트 미보존. 입력 초기값 출처 및 사건 분류는 이 점검에서 입증하지 않음,아니오,,PDFium second extraction; role boundaries from reviewed records,True,False
PDFIUM-CLA-20-N-00063,CLA-20,runs/raw_logs/Claude_Opus_4/20. Strategic Decision Modeling Protocol.pdf,8,1,Combination 3,Soviet Union,Public_Opinion,VDM-CLAMP,명시 산술의 내부 일관성,명시 수식×변수,준수,0.55,0.55,• public_opinion: 0.55 (baseline 0 + 0.55),"명시 산식 0 + 0.55 = 0.55; 상태값은 VDM max(0,min(1,value))로 계산; 초기값/효과 선택의 정당성과 별개.",Python Decimal; 원문 명시값만,실제 입력 첨부 바이트는 미확인; 보존 VDM과 조건부 대조. 턴·분기는 명시 제목 기반 파싱이며 불완전/재명명 가능. 응답 전용 export 역할 추정; 당시 사용자 프롬프트 미보존. 입력 초기값 출처 및 사건 분류는 이 점검에서 입증하지 않음,아니오,,PDFium second extraction; role boundaries from reviewed records,True,False
PDFIUM-CLA-20-N-00066,CLA-20,runs/raw_logs/Claude_Opus_4/20. Strategic Decision Modeling Protocol.pdf,8,1,Combination 3,Soviet Union,Leadership_Unity,VDM-CLAMP,명시 산술의 내부 일관성,명시 수식×변수,준수,0.65,0.65,• leadership_unity: 0.65 (baseline 0 + 0.65),"명시 산식 0 + 0.65 = 0.65; 상태값은 VDM max(0,min(1,value))로 계산; 초기값/효과 선택의 정당성과 별개.",Python Decimal; 원문 명시값만,실제 입력 첨부 바이트는 미확인; 보존 VDM과 조건부 대조. 턴·분기는 명시 제목 기반 파싱이며 불완전/재명명 가능. 응답 전용 export 역할 추정; 당시 사용자 프롬프트 미보존. 입력 초기값 출처 및 사건 분류는 이 점검에서 입증하지 않음,아니오,,PDFium second extraction; role boundaries from reviewed records,True,False
PDFIUM-CLA-21-N-00010,CLA-21,runs/raw_logs/Claude_Opus_4/21. Strategic Decision Modeling Protocol.pdf,6,1,] - Most,,Tension,VDM-CLAMP,명시 산술의 내부 일관성,명시 수식×변수,준수,0.8,0.8,• tension: 0.8 (0.5 + 0.3),"명시 산식 0.5 + 0.3 = 0.8; 상태값은 VDM max(0,min(1,value))로 계산; 초기값/효과 선택의 정당성과 별개.",Python Decimal; 원문 명시값만,실제 입력 첨부 바이트는 미확인; 보존 VDM과 조건부 대조. 턴·분기는 명시 제목 기반 파싱이며 불완전/재명명 가능. 응답 전용 export 역할 추정; 당시 사용자 프롬프트 미보존. 입력 초기값 출처 및 사건 분류는 이 점검에서 입증하지 않음,아니오,,PDFium second extraction; role boundaries from reviewed records,True,False
PDFIUM-CLA-21-N-00019,CLA-21,runs/raw_logs/Claude_Opus_4/21. Strategic Decision Modeling Protocol.pdf,7,1,] - Alternative,,Tension,VDM-CLAMP,명시 산술의 내부 일관성,명시 수식×변수,준수,0.95,0.95,• tension: 0.95 (0.5 + 0.45),"명시 산식 0.5 + 0.45 = 0.95; 상태값은 VDM max(0,min(1,value))로 계산; 초기값/효과 선택의 정당성과 별개.",Python Decimal; 원문 명시값만,실제 입력 첨부 바이트는 미확인; 보존 VDM과 조건부 대조. 턴·분기는 명시 제목 기반 파싱이며 불완전/재명명 가능. 응답 전용 export 역할 추정; 당시 사용자 프롬프트 미보존. 입력 초기값 출처 및 사건 분류는 이 점검에서 입증하지 않음,아니오,,PDFium second extraction; role boundaries from reviewed records,True,False
PDFIUM-CLA-21-N-00030,CLA-21,runs/raw_logs/Claude_Opus_4/21. Strategic Decision Modeling Protocol.pdf,8,1,] - Alternative,,Tension,VDM-CLAMP,명시 산술의 내부 일관성,명시 수식×변수,준수,1,1,"• tension: 1.0 (0.5 + 0.3 + 0.45, capped at 1.0)","명시 산식 0.5 + 0.3 + 0.45 = 1.25; 상태값은 VDM max(0,min(1,value))로 계산; 초기값/효과 선택의 정당성과 별개.",Python Decimal; 원문 명시값만,실제 입력 첨부 바이트는 미확인; 보존 VDM과 조건부 대조. 턴·분기는 명시 제목 기반 파싱이며 불완전/재명명 가능. 응답 전용 export 역할 추정; 당시 사용자 프롬프트 미보존. 입력 초기값 출처 및 사건 분류는 이 점검에서 입증하지 않음,아니오,,PDFium second extraction; role boundaries from reviewed records,True,False
PDFIUM-CLA-21-N-00048,CLA-21,runs/raw_logs/Claude_Opus_4/21. Strategic Decision Modeling Protocol.pdf,10,1,] - Most,,Tension,VDM-CLAMP,명시 산술의 내부 일관성,명시 수식×변수,준수,0.8,0.8,• tension: 0.8 (0.5 + 0.3),"명시 산식 0.5 + 0.3 = 0.8; 상태값은 VDM max(0,min(1,value))로 계산; 초기값/효과 선택의 정당성과 별개.",Python Decimal; 원문 명시값만,실제 입력 첨부 바이트는 미확인; 보존 VDM과 조건부 대조. 턴·분기는 명시 제목 기반 파싱이며 불완전/재명명 가능. 응답 전용 export 역할 추정; 당시 사용자 프롬프트 미보존. 입력 초기값 출처 및 사건 분류는 이 점검에서 입증하지 않음,아니오,,PDFium second extraction; role boundaries from reviewed records,True,False
PDFIUM-CLA-21-N-00057,CLA-21,runs/raw_logs/Claude_Opus_4/21. Strategic Decision Modeling Protocol.pdf,11,1,] - Alternative,,Tension,VDM-CLAMP,명시 산술의 내부 일관성,명시 수식×변수,준수,0.95,0.95,• tension: 0.95 (0.5 + 0.45),"명시 산식 0.5 + 0.45 = 0.95; 상태값은 VDM max(0,min(1,value))로 계산; 초기값/효과 선택의 정당성과 별개.",Python Decimal; 원문 명시값만,실제 입력 첨부 바이트는 미확인; 보존 VDM과 조건부 대조. 턴·분기는 명시 제목 기반 파싱이며 불완전/재명명 가능. 응답 전용 export 역할 추정; 당시 사용자 프롬프트 미보존. 입력 초기값 출처 및 사건 분류는 이 점검에서 입증하지 않음,아니오,,PDFium second extraction; role boundaries from reviewed records,True,False
PDFIUM-CLA-21-N-00068,CLA-21,runs/raw_logs/Claude_Opus_4/21. Strategic Decision Modeling Protocol.pdf,11,1,] - Alternative,,Tension,VDM-CLAMP,명시 산술의 내부 일관성,명시 수식×변수,준수,1,1,"• tension: 1.0 (0.5 + 0.3 + 0.45 = 1.25, capped at 1.0)","명시 산식 0.5 + 0.3 + 0.45 = 1.25; 상태값은 VDM max(0,min(1,value))로 계산; 초기값/효과 선택의 정당성과 별개.",Python Decimal; 원문 명시값만,실제 입력 첨부 바이트는 미확인; 보존 VDM과 조건부 대조. 턴·분기는 명시 제목 기반 파싱이며 불완전/재명명 가능. 응답 전용 export 역할 추정; 당시 사용자 프롬프트 미보존. 입력 초기값 출처 및 사건 분류는 이 점검에서 입증하지 않음,아니오,,PDFium second extraction; role boundaries from reviewed records,True,False
PDFIUM-CLA-21-N-00103,CLA-21,runs/raw_logs/Claude_Opus_4/21. Strategic Decision Modeling Protocol.pdf,16,2,S,,Tension,VDM-CLAMP,명시 산술의 내부 일관성,명시 수식×변수,준수,0.75,0.75,• tension: 0.75 (0.8 - 0.05),"명시 산식 0.8 - 0.05 = 0.75; 상태값은 VDM max(0,min(1,value))로 계산; 초기값/효과 선택의 정당성과 별개.",Python Decimal; 원문 명시값만,실제 입력 첨부 바이트는 미확인; 보존 VDM과 조건부 대조. 턴·분기는 명시 제목 기반 파싱이며 불완전/재명명 가능. 응답 전용 export 역할 추정; 당시 사용자 프롬프트 미보존. 입력 초기값 출처 및 사건 분류는 이 점검에서 입증하지 않음,아니오,,PDFium second extraction; role boundaries from reviewed records,True,False
PDFIUM-CLA-21-N-00106,CLA-21,runs/raw_logs/Claude_Opus_4/21. Strategic Decision Modeling Protocol.pdf,16,2,S,,Diplomatic_Support,VDM-CLAMP,명시 산술의 내부 일관성,명시 수식×변수,준수,0.8,0.8,• diplomatic_support: 0.8 (0.7 + 0.10),"명시 산식 0.7 + 0.10 = 0.8; 상태값은 VDM max(0,min(1,value))로 계산; 초기값/효과 선택의 정당성과 별개.",Python Decimal; 원문 명시값만,실제 입력 첨부 바이트는 미확인; 보존 VDM과 조건부 대조. 턴·분기는 명시 제목 기반 파싱이며 불완전/재명명 가능. 응답 전용 export 역할 추정; 당시 사용자 프롬프트 미보존. 입력 초기값 출처 및 사건 분류는 이 점검에서 입증하지 않음,아니오,,PDFium second extraction; role boundaries from reviewed records,True,False
PDFIUM-CLA-21-N-00109,CLA-21,runs/raw_logs/Claude_Opus_4/21. Strategic Decision Modeling Protocol.pdf,16,2,S,,Public_Opinion,VDM-CLAMP,명시 산술의 내부 일관성,명시 수식×변수,준수,0.65,0.65,• public_opinion: 0.65 (0.6 + 0.05),"명시 산식 0.6 + 0.05 = 0.65; 상태값은 VDM max(0,min(1,value))로 계산; 초기값/효과 선택의 정당성과 별개.",Python Decimal; 원문 명시값만,실제 입력 첨부 바이트는 미확인; 보존 VDM과 조건부 대조. 턴·분기는 명시 제목 기반 파싱이며 불완전/재명명 가능. 응답 전용 export 역할 추정; 당시 사용자 프롬프트 미보존. 입력 초기값 출처 및 사건 분류는 이 점검에서 입증하지 않음,아니오,,PDFium second extraction; role boundaries from reviewed records,True,False
PDFIUM-CLA-21-N-00112,CLA-21,runs/raw_logs/Claude_Opus_4/21. Strategic Decision Modeling Protocol.pdf,16,2,S,,Leadership_Unity,VDM-CLAMP,명시 산술의 내부 일관성,명시 수식×변수,준수,0.8,0.8,• leadership_unity: 0.8 (0.75 + 0.05),"명시 산식 0.75 + 0.05 = 0.8; 상태값은 VDM max(0,min(1,value))로 계산; 초기값/효과 선택의 정당성과 별개.",Python Decimal; 원문 명시값만,실제 입력 첨부 바이트는 미확인; 보존 VDM과 조건부 대조. 턴·분기는 명시 제목 기반 파싱이며 불완전/재명명 가능. 응답 전용 export 역할 추정; 당시 사용자 프롬프트 미보존. 입력 초기값 출처 및 사건 분류는 이 점검에서 입증하지 않음,아니오,,PDFium second extraction; role boundaries from reviewed records,True,False
PDFIUM-CLA-21-N-00127,CLA-21,runs/raw_logs/Claude_Opus_4/21. Strategic Decision Modeling Protocol.pdf,17,2,S,,Diplomatic_Support,VDM-CLAMP,명시 산술의 내부 일관성,명시 수식×변수,준수,0.65,0.65,• diplomatic_support: 0.65 (0.7 - 0.05),"명시 산식 0.7 - 0.05 = 0.65; 상태값은 VDM max(0,min(1,value))로 계산; 초기값/효과 선택의 정당성과 별개.",Python Decimal; 원문 명시값만,실제 입력 첨부 바이트는 미확인; 보존 VDM과 조건부 대조. 턴·분기는 명시 제목 기반 파싱이며 불완전/재명명 가능. 응답 전용 export 역할 추정; 당시 사용자 프롬프트 미보존. 입력 초기값 출처 및 사건 분류는 이 점검에서 입증하지 않음,아니오,,PDFium second extraction; role boundaries from reviewed records,True,False
PDFIUM-CLA-21-N-00130,CLA-21,runs/raw_logs/Claude_Opus_4/21. Strategic Decision Modeling Protocol.pdf,17,2,S,,Public_Opinion,VDM-CLAMP,명시 산술의 내부 일관성,명시 수식×변수,준수,0.55,0.55,• public_opinion: 0.55 (0.6 - 0.05),"명시 산식 0.6 - 0.05 = 0.55; 상태값은 VDM max(0,min(1,value))로 계산; 초기값/효과 선택의 정당성과 별개.",Python Decimal; 원문 명시값만,실제 입력 첨부 바이트는 미확인; 보존 VDM과 조건부 대조. 턴·분기는 명시 제목 기반 파싱이며 불완전/재명명 가능. 응답 전용 export 역할 추정; 당시 사용자 프롬프트 미보존. 입력 초기값 출처 및 사건 분류는 이 점검에서 입증하지 않음,아니오,,PDFium second extraction; role boundaries from reviewed records,True,False
PDFIUM-CLA-21-N-00133,CLA-21,runs/raw_logs/Claude_Opus_4/21. Strategic Decision Modeling Protocol.pdf,17,2,S,,Leadership_Unity,VDM-CLAMP,명시 산술의 내부 일관성,명시 수식×변수,준수,0.75,0.75,• leadership_unity: 0.75 (0.85 - 0.10),"명시 산식 0.85 - 0.10 = 0.75; 상태값은 VDM max(0,min(1,value))로 계산; 초기값/효과 선택의 정당성과 별개.",Python Decimal; 원문 명시값만,실제 입력 첨부 바이트는 미확인; 보존 VDM과 조건부 대조. 턴·분기는 명시 제목 기반 파싱이며 불완전/재명명 가능. 응답 전용 export 역할 추정; 당시 사용자 프롬프트 미보존. 입력 초기값 출처 및 사건 분류는 이 점검에서 입증하지 않음,아니오,,PDFium second extraction; role boundaries from reviewed records,True,False
PDFIUM-CLA-21-N-00164,CLA-21,runs/raw_logs/Claude_Opus_4/21. Strategic Decision Modeling Protocol.pdf,22,3,S,,Tension,VDM-CLAMP,명시 산술의 내부 일관성,명시 수식×변수,준수,0.65,0.65,• tension: 0.65 (0.75 - 0.05 - 0.05),"명시 산식 0.75 - 0.05 - 0.05 = 0.65; 상태값은 VDM max(0,min(1,value))로 계산; 초기값/효과 선택의 정당성과 별개.",Python Decimal; 원문 명시값만,실제 입력 첨부 바이트는 미확인; 보존 VDM과 조건부 대조. 턴·분기는 명시 제목 기반 파싱이며 불완전/재명명 가능. 응답 전용 export 역할 추정; 당시 사용자 프롬프트 미보존. 입력 초기값 출처 및 사건 분류는 이 점검에서 입증하지 않음,아니오,,PDFium second extraction; role boundaries from reviewed records,True,False
PDFIUM-CLA-21-N-00167,CLA-21,runs/raw_logs/Claude_Opus_4/21. Strategic Decision Modeling Protocol.pdf,22,3,S,,Diplomatic_Support,VDM-CLAMP,명시 산술의 내부 일관성,명시 수식×변수,준수,0.9,0.9,"• diplomatic_support: 0.9 (0.8 + 0.10, capped at 0.9 for realism)","명시 산식 0.8 + 0.10 = 0.9; 상태값은 VDM max(0,min(1,value))로 계산; 초기값/효과 선택의 정당성과 별개.",Python Decimal; 원문 명시값만,실제 입력 첨부 바이트는 미확인; 보존 VDM과 조건부 대조. 턴·분기는 명시 제목 기반 파싱이며 불완전/재명명 가능. 응답 전용 export 역할 추정; 당시 사용자 프롬프트 미보존. 입력 초기값 출처 및 사건 분류는 이 점검에서 입증하지 않음,아니오,,PDFium second extraction; role boundaries from reviewed records,True,False
PDFIUM-CLA-21-N-00170,CLA-21,runs/raw_logs/Claude_Opus_4/21. Strategic Decision Modeling Protocol.pdf,22,3,S,,Public_Opinion,VDM-CLAMP,명시 산술의 내부 일관성,명시 수식×변수,준수,0.75,0.75,• public_opinion: 0.75 (0.65 + 0.05 + 0.05),"명시 산식 0.65 + 0.05 + 0.05 = 0.75; 상태값은 VDM max(0,min(1,value))로 계산; 초기값/효과 선택의 정당성과 별개.",Python Decimal; 원문 명시값만,실제 입력 첨부 바이트는 미확인; 보존 VDM과 조건부 대조. 턴·분기는 명시 제목 기반 파싱이며 불완전/재명명 가능. 응답 전용 export 역할 추정; 당시 사용자 프롬프트 미보존. 입력 초기값 출처 및 사건 분류는 이 점검에서 입증하지 않음,아니오,,PDFium second extraction; role boundaries from reviewed records,True,False
PDFIUM-CLA-21-N-00173,CLA-21,runs/raw_logs/Claude_Opus_4/21. Strategic Decision Modeling Protocol.pdf,22,3,S,,Leadership_Unity,VDM-CLAMP,명시 산술의 내부 일관성,명시 수식×변수,준수,0.9,0.9,• leadership_unity: 0.9 (0.8 + 0.05 + 0.05),"명시 산식 0.8 + 0.05 + 0.05 = 0.9; 상태값은 VDM max(0,min(1,value))로 계산; 초기값/효과 선택의 정당성과 별개.",Python Decimal; 원문 명시값만,실제 입력 첨부 바이트는 미확인; 보존 VDM과 조건부 대조. 턴·분기는 명시 제목 기반 파싱이며 불완전/재명명 가능. 응답 전용 export 역할 추정; 당시 사용자 프롬프트 미보존. 입력 초기값 출처 및 사건 분류는 이 점검에서 입증하지 않음,아니오,,PDFium second extraction; role boundaries from reviewed records,True,False
PDFIUM-CLA-21-N-00176,CLA-21,runs/raw_logs/Claude_Opus_4/21. Strategic Decision Modeling Protocol.pdf,22,3,S,,Tension,VDM-CLAMP,명시 산술의 내부 일관성,명시 수식×변수,준수,1,1,"• tension: 1.0 (0.95 + 0.10 - 0.05 = 1.0, capped)","명시 산식 0.95 + 0.10 - 0.05 = 1; 상태값은 VDM max(0,min(1,value))로 계산; 초기값/효과 선택의 정당성과 별개.",Python Decimal; 원문 명시값만,실제 입력 첨부 바이트는 미확인; 보존 VDM과 조건부 대조. 턴·분기는 명시 제목 기반 파싱이며 불완전/재명명 가능. 응답 전용 export 역할 추정; 당시 사용자 프롬프트 미보존. 입력 초기값 출처 및 사건 분류는 이 점검에서 입증하지 않음,아니오,,PDFium second extraction; role boundaries from reviewed records,True,False
PDFIUM-CLA-21-N-00179,CLA-21,runs/raw_logs/Claude_Opus_4/21. Strategic Decision Modeling Protocol.pdf,22,3,S,,Diplomatic_Support,VDM-CLAMP,명시 산술의 내부 일관성,명시 수식×변수,준수,0.8,0.8,• diplomatic_support: 0.8 (0.7 + 0.10),"명시 산식 0.7 + 0.10 = 0.8; 상태값은 VDM max(0,min(1,value))로 계산; 초기값/효과 선택의 정당성과 별개.",Python Decimal; 원문 명시값만,실제 입력 첨부 바이트는 미확인; 보존 VDM과 조건부 대조. 턴·분기는 명시 제목 기반 파싱이며 불완전/재명명 가능. 응답 전용 export 역할 추정; 당시 사용자 프롬프트 미보존. 입력 초기값 출처 및 사건 분류는 이 점검에서 입증하지 않음,아니오,,PDFium second extraction; role boundaries from reviewed records,True,False
PDFIUM-CLA-21-N-00182,CLA-21,runs/raw_logs/Claude_Opus_4/21. Strategic Decision Modeling Protocol.pdf,22,3,S,,Public_Opinion,VDM-CLAMP,명시 산술의 내부 일관성,명시 수식×변수,준수,0.65,0.65,• public_opinion: 0.65 (0.6 + 0.05),"명시 산식 0.6 + 0.05 = 0.65; 상태값은 VDM max(0,min(1,value))로 계산; 초기값/효과 선택의 정당성과 별개.",Python Decimal; 원문 명시값만,실제 입력 첨부 바이트는 미확인; 보존 VDM과 조건부 대조. 턴·분기는 명시 제목 기반 파싱이며 불완전/재명명 가능. 응답 전용 export 역할 추정; 당시 사용자 프롬프트 미보존. 입력 초기값 출처 및 사건 분류는 이 점검에서 입증하지 않음,아니오,,PDFium second extraction; role boundaries from reviewed records,True,False
PDFIUM-CLA-21-N-00185,CLA-21,runs/raw_logs/Claude_Opus_4/21. Strategic Decision Modeling Protocol.pdf,22,3,S,,Leadership_Unity,VDM-CLAMP,명시 산술의 내부 일관성,명시 수식×변수,준수,0.75,0.75,• leadership_unity: 0.75 (0.7 + 0.05),"명시 산식 0.7 + 0.05 = 0.75; 상태값은 VDM max(0,min(1,value))로 계산; 초기값/효과 선택의 정당성과 별개.",Python Decimal; 원문 명시값만,실제 입력 첨부 바이트는 미확인; 보존 VDM과 조건부 대조. 턴·분기는 명시 제목 기반 파싱이며 불완전/재명명 가능. 응답 전용 export 역할 추정; 당시 사용자 프롬프트 미보존. 입력 초기값 출처 및 사건 분류는 이 점검에서 입증하지 않음,아니오,,PDFium second extraction; role boundaries from reviewed records,True,False
PDFIUM-CLA-21-N-00194,CLA-21,runs/raw_logs/Claude_Opus_4/21. Strategic Decision Modeling Protocol.pdf,23,3,S,,Diplomatic_Support,VDM-CLAMP,명시 산술의 내부 일관성,명시 수식×변수,준수,0.58,0.58,• diplomatic_support: 0.58 (0.65 - 0.05 - 0.02),"명시 산식 0.65 - 0.05 - 0.02 = 0.58; 상태값은 VDM max(0,min(1,value))로 계산; 초기값/효과 선택의 정당성과 별개.",Python Decimal; 원문 명시값만,실제 입력 첨부 바이트는 미확인; 보존 VDM과 조건부 대조. 턴·분기는 명시 제목 기반 파싱이며 불완전/재명명 가능. 응답 전용 export 역할 추정; 당시 사용자 프롬프트 미보존. 입력 초기값 출처 및 사건 분류는 이 점검에서 입증하지 않음,아니오,,PDFium second extraction; role boundaries from reviewed records,True,False
PDFIUM-CLA-21-N-00197,CLA-21,runs/raw_logs/Claude_Opus_4/21. Strategic Decision Modeling Protocol.pdf,23,3,S,,Public_Opinion,VDM-CLAMP,명시 산술의 내부 일관성,명시 수식×변수,준수,0.48,0.48,• public_opinion: 0.48 (0.55 - 0.05 - 0.02),"명시 산식 0.55 - 0.05 - 0.02 = 0.48; 상태값은 VDM max(0,min(1,value))로 계산; 초기값/효과 선택의 정당성과 별개.",Python Decimal; 원문 명시값만,실제 입력 첨부 바이트는 미확인; 보존 VDM과 조건부 대조. 턴·분기는 명시 제목 기반 파싱이며 불완전/재명명 가능. 응답 전용 export 역할 추정; 당시 사용자 프롬프트 미보존. 입력 초기값 출처 및 사건 분류는 이 점검에서 입증하지 않음,아니오,,PDFium second extraction; role boundaries from reviewed records,True,False
PDFIUM-CLA-21-N-00200,CLA-21,runs/raw_logs/Claude_Opus_4/21. Strategic Decision Modeling Protocol.pdf,23,3,S,,Leadership_Unity,VDM-CLAMP,명시 산술의 내부 일관성,명시 수식×변수,준수,0.6,0.6,• leadership_unity: 0.60 (0.75 - 0.10 - 0.05),"명시 산식 0.75 - 0.10 - 0.05 = 0.6; 상태값은 VDM max(0,min(1,value))로 계산; 초기값/효과 선택의 정당성과 별개.",Python Decimal; 원문 명시값만,실제 입력 첨부 바이트는 미확인; 보존 VDM과 조건부 대조. 턴·분기는 명시 제목 기반 파싱이며 불완전/재명명 가능. 응답 전용 export 역할 추정; 당시 사용자 프롬프트 미보존. 입력 초기값 출처 및 사건 분류는 이 점검에서 입증하지 않음,아니오,,PDFium second extraction; role boundaries from reviewed records,True,False
PDFIUM-CLA-21-N-00231,CLA-21,runs/raw_logs/Claude_Opus_4/21. Strategic Decision Modeling Protocol.pdf,28,4,S,,Tension,VDM-CLAMP,명시 산술의 내부 일관성,명시 수식×변수,위반,0.55,0.6,• tension: 0.55 (0.65 + 0.05 - 0.05 - 0.05),"명시 산식 0.65 + 0.05 - 0.05 - 0.05 = 0.6; 상태값은 VDM max(0,min(1,value))로 계산; 초기값/효과 선택의 정당성과 별개.",Python Decimal; 원문 명시값만,실제 입력 첨부 바이트는 미확인; 보존 VDM과 조건부 대조. 턴·분기는 명시 제목 기반 파싱이며 불완전/재명명 가능. 응답 전용 export 역할 추정; 당시 사용자 프롬프트 미보존. 입력 초기값 출처 및 사건 분류는 이 점검에서 입증하지 않음,아니오,,PDFium second extraction; role boundaries from reviewed records,True,False
PDFIUM-CLA-21-N-00234,CLA-21,runs/raw_logs/Claude_Opus_4/21. Strategic Decision Modeling Protocol.pdf,28,4,S,,Diplomatic_Support,VDM-CLAMP,명시 산술의 내부 일관성,명시 수식×변수,준수,1,1,"• diplomatic_support: 1.0 (0.9 + 0.10, capped at 1.0)","명시 산식 0.9 + 0.10 = 1; 상태값은 VDM max(0,min(1,value))로 계산; 초기값/효과 선택의 정당성과 별개.",Python Decimal; 원문 명시값만,실제 입력 첨부 바이트는 미확인; 보존 VDM과 조건부 대조. 턴·분기는 명시 제목 기반 파싱이며 불완전/재명명 가능. 응답 전용 export 역할 추정; 당시 사용자 프롬프트 미보존. 입력 초기값 출처 및 사건 분류는 이 점검에서 입증하지 않음,아니오,,PDFium second extraction; role boundaries from reviewed records,True,False
PDFIUM-CLA-21-N-00237,CLA-21,runs/raw_logs/Claude_Opus_4/21. Strategic Decision Modeling Protocol.pdf,28,4,S,,Public_Opinion,VDM-CLAMP,명시 산술의 내부 일관성,명시 수식×변수,준수,0.85,0.85,• public_opinion: 0.85 (0.75 + 0.05 + 0.05),"명시 산식 0.75 + 0.05 + 0.05 = 0.85; 상태값은 VDM max(0,min(1,value))로 계산; 초기값/효과 선택의 정당성과 별개.",Python Decimal; 원문 명시값만,실제 입력 첨부 바이트는 미확인; 보존 VDM과 조건부 대조. 턴·분기는 명시 제목 기반 파싱이며 불완전/재명명 가능. 응답 전용 export 역할 추정; 당시 사용자 프롬프트 미보존. 입력 초기값 출처 및 사건 분류는 이 점검에서 입증하지 않음,아니오,,PDFium second extraction; role boundaries from reviewed records,True,False
PDFIUM-CLA-21-N-00240,CLA-21,runs/raw_logs/Claude_Opus_4/21. Strategic Decision Modeling Protocol.pdf,28,4,S,,Leadership_Unity,VDM-CLAMP,명시 산술의 내부 일관성,명시 수식×변수,준수,1,1,"• leadership_unity: 1.0 (0.9 + 0.05 + 0.05, capped at 1.0)","명시 산식 0.9 + 0.05 + 0.05 = 1; 상태값은 VDM max(0,min(1,value))로 계산; 초기값/효과 선택의 정당성과 별개.",Python Decimal; 원문 명시값만,실제 입력 첨부 바이트는 미확인; 보존 VDM과 조건부 대조. 턴·분기는 명시 제목 기반 파싱이며 불완전/재명명 가능. 응답 전용 export 역할 추정; 당시 사용자 프롬프트 미보존. 입력 초기값 출처 및 사건 분류는 이 점검에서 입증하지 않음,아니오,,PDFium second extraction; role boundaries from reviewed records,True,False
PDFIUM-CLA-21-N-00245,CLA-21,runs/raw_logs/Claude_Opus_4/21. Strategic Decision Modeling Protocol.pdf,28,4,S,,Diplomatic_Support,VDM-CLAMP,명시 산술의 내부 일관성,명시 수식×변수,준수,0.7,0.7,• diplomatic_support: 0.70 (0.8 - 0.10),"명시 산식 0.8 - 0.10 = 0.7; 상태값은 VDM max(0,min(1,value))로 계산; 초기값/효과 선택의 정당성과 별개.",Python Decimal; 원문 명시값만,실제 입력 첨부 바이트는 미확인; 보존 VDM과 조건부 대조. 턴·분기는 명시 제목 기반 파싱이며 불완전/재명명 가능. 응답 전용 export 역할 추정; 당시 사용자 프롬프트 미보존. 입력 초기값 출처 및 사건 분류는 이 점검에서 입증하지 않음,아니오,,PDFium second extraction; role boundaries from reviewed records,True,False
PDFIUM-CLA-21-N-00248,CLA-21,runs/raw_logs/Claude_Opus_4/21. Strategic Decision Modeling Protocol.pdf,28,4,S,,Public_Opinion,VDM-CLAMP,명시 산술의 내부 일관성,명시 수식×변수,준수,0.6,0.6,• public_opinion: 0.60 (0.65 - 0.05),"명시 산식 0.65 - 0.05 = 0.6; 상태값은 VDM max(0,min(1,value))로 계산; 초기값/효과 선택의 정당성과 별개.",Python Decimal; 원문 명시값만,실제 입력 첨부 바이트는 미확인; 보존 VDM과 조건부 대조. 턴·분기는 명시 제목 기반 파싱이며 불완전/재명명 가능. 응답 전용 export 역할 추정; 당시 사용자 프롬프트 미보존. 입력 초기값 출처 및 사건 분류는 이 점검에서 입증하지 않음,아니오,,PDFium second extraction; role boundaries from reviewed records,True,False
PDFIUM-CLA-21-N-00251,CLA-21,runs/raw_logs/Claude_Opus_4/21. Strategic Decision Modeling Protocol.pdf,28,4,S,,Leadership_Unity,VDM-CLAMP,명시 산술의 내부 일관성,명시 수식×변수,준수,0.7,0.7,• leadership_unity: 0.70 (0.75 - 0.05),"명시 산식 0.75 - 0.05 = 0.7; 상태값은 VDM max(0,min(1,value))로 계산; 초기값/효과 선택의 정당성과 별개.",Python Decimal; 원문 명시값만,실제 입력 첨부 바이트는 미확인; 보존 VDM과 조건부 대조. 턴·분기는 명시 제목 기반 파싱이며 불완전/재명명 가능. 응답 전용 export 역할 추정; 당시 사용자 프롬프트 미보존. 입력 초기값 출처 및 사건 분류는 이 점검에서 입증하지 않음,아니오,,PDFium second extraction; role boundaries from reviewed records,True,False
PDFIUM-CLA-21-N-00260,CLA-21,runs/raw_logs/Claude_Opus_4/21. Strategic Decision Modeling Protocol.pdf,29,4,S,,Diplomatic_Support,VDM-CLAMP,명시 산술의 내부 일관성,명시 수식×변수,준수,0.51,0.51,• diplomatic_support: 0.51 (0.58 - 0.05 - 0.02),"명시 산식 0.58 - 0.05 - 0.02 = 0.51; 상태값은 VDM max(0,min(1,value))로 계산; 초기값/효과 선택의 정당성과 별개.",Python Decimal; 원문 명시값만,실제 입력 첨부 바이트는 미확인; 보존 VDM과 조건부 대조. 턴·분기는 명시 제목 기반 파싱이며 불완전/재명명 가능. 응답 전용 export 역할 추정; 당시 사용자 프롬프트 미보존. 입력 초기값 출처 및 사건 분류는 이 점검에서 입증하지 않음,아니오,,PDFium second extraction; role boundaries from reviewed records,True,False
PDFIUM-CLA-21-N-00263,CLA-21,runs/raw_logs/Claude_Opus_4/21. Strategic Decision Modeling Protocol.pdf,29,4,S,,Public_Opinion,VDM-CLAMP,명시 산술의 내부 일관성,명시 수식×변수,준수,0.41,0.41,• public_opinion: 0.41 (0.48 - 0.05 - 0.02),"명시 산식 0.48 - 0.05 - 0.02 = 0.41; 상태값은 VDM max(0,min(1,value))로 계산; 초기값/효과 선택의 정당성과 별개.",Python Decimal; 원문 명시값만,실제 입력 첨부 바이트는 미확인; 보존 VDM과 조건부 대조. 턴·분기는 명시 제목 기반 파싱이며 불완전/재명명 가능. 응답 전용 export 역할 추정; 당시 사용자 프롬프트 미보존. 입력 초기값 출처 및 사건 분류는 이 점검에서 입증하지 않음,아니오,,PDFium second extraction; role boundaries from reviewed records,True,False
PDFIUM-CLA-21-N-00266,CLA-21,runs/raw_logs/Claude_Opus_4/21. Strategic Decision Modeling Protocol.pdf,29,4,S,,Leadership_Unity,VDM-CLAMP,명시 산술의 내부 일관성,명시 수식×변수,준수,0.45,0.45,• leadership_unity: 0.45 (0.60 - 0.10 - 0.05),"명시 산식 0.60 - 0.10 - 0.05 = 0.45; 상태값은 VDM max(0,min(1,value))로 계산; 초기값/효과 선택의 정당성과 별개.",Python Decimal; 원문 명시값만,실제 입력 첨부 바이트는 미확인; 보존 VDM과 조건부 대조. 턴·분기는 명시 제목 기반 파싱이며 불완전/재명명 가능. 응답 전용 export 역할 추정; 당시 사용자 프롬프트 미보존. 입력 초기값 출처 및 사건 분류는 이 점검에서 입증하지 않음,아니오,,PDFium second extraction; role boundaries from reviewed records,True,False
PDFIUM-CLA-22-N-00008,CLA-22,runs/raw_logs/Claude_Opus_4/22. Strategic Decision Modeling Protocol.pdf,6,1,Combination 1,,Tension,VDM-CLAMP,명시 산술의 내부 일관성,명시 수식×변수,위반,0.875,1,"• tension: 0.875 (0.5 + 0.3 + 0.45, clamped to max 1.0) - TRIGGER: Exceeds","명시 산식 0.5 + 0.3 + 0.45 = 1.25; 상태값은 VDM max(0,min(1,value))로 계산; 초기값/효과 선택의 정당성과 별개.",Python Decimal; 원문 명시값만,실제 입력 첨부 바이트는 미확인; 보존 VDM과 조건부 대조. 턴·분기는 명시 제목 기반 파싱이며 불완전/재명명 가능. 응답 전용 export 역할 추정; 당시 사용자 프롬프트 미보존. 입력 초기값 출처 및 사건 분류는 이 점검에서 입증하지 않음,아니오,,PDFium second extraction; role boundaries from reviewed records,True,False
PDFIUM-CLA-22-N-00023,CLA-22,runs/raw_logs/Claude_Opus_4/22. Strategic Decision Modeling Protocol.pdf,7,1,Combination 2,,Tension,VDM-CLAMP,명시 산술의 내부 일관성,명시 수식×변수,준수,1,1,"• tension: 1.0 (0.5 + 0.15 + 0.45 = 1.1, clamped to 1.0) - TRIGGER: Exceeds","명시 산식 0.5 + 0.15 + 0.45 = 1.1; 상태값은 VDM max(0,min(1,value))로 계산; 초기값/효과 선택의 정당성과 별개.",Python Decimal; 원문 명시값만,실제 입력 첨부 바이트는 미확인; 보존 VDM과 조건부 대조. 턴·분기는 명시 제목 기반 파싱이며 불완전/재명명 가능. 응답 전용 export 역할 추정; 당시 사용자 프롬프트 미보존. 입력 초기값 출처 및 사건 분류는 이 점검에서 입증하지 않음,아니오,,PDFium second extraction; role boundaries from reviewed records,True,False
PDFIUM-CLA-22-N-00026,CLA-22,runs/raw_logs/Claude_Opus_4/22. Strategic Decision Modeling Protocol.pdf,7,1,Combination 2,,Diplomatic_Support,VDM-CLAMP,명시 산술의 내부 일관성,명시 수식×변수,준수,0.45,0.45,• diplomatic_support: 0.45 (0.5 - 0.05) - TRIGGER: Below 0.5 threshold,"명시 산식 0.5 - 0.05 = 0.45; 상태값은 VDM max(0,min(1,value))로 계산; 초기값/효과 선택의 정당성과 별개.",Python Decimal; 원문 명시값만,실제 입력 첨부 바이트는 미확인; 보존 VDM과 조건부 대조. 턴·분기는 명시 제목 기반 파싱이며 불완전/재명명 가능. 응답 전용 export 역할 추정; 당시 사용자 프롬프트 미보존. 입력 초기값 출처 및 사건 분류는 이 점검에서 입증하지 않음,아니오,,PDFium second extraction; role boundaries from reviewed records,True,False
PDFIUM-CLA-22-N-00029,CLA-22,runs/raw_logs/Claude_Opus_4/22. Strategic Decision Modeling Protocol.pdf,7,1,Combination 2,,Public_Opinion,VDM-CLAMP,명시 산술의 내부 일관성,명시 수식×변수,준수,0.45,0.45,• public_opinion: 0.45 (0.5 - 0.05),"명시 산식 0.5 - 0.05 = 0.45; 상태값은 VDM max(0,min(1,value))로 계산; 초기값/효과 선택의 정당성과 별개.",Python Decimal; 원문 명시값만,실제 입력 첨부 바이트는 미확인; 보존 VDM과 조건부 대조. 턴·분기는 명시 제목 기반 파싱이며 불완전/재명명 가능. 응답 전용 export 역할 추정; 당시 사용자 프롬프트 미보존. 입력 초기값 출처 및 사건 분류는 이 점검에서 입증하지 않음,아니오,,PDFium second extraction; role boundaries from reviewed records,True,False
PDFIUM-CLA-22-N-00032,CLA-22,runs/raw_logs/Claude_Opus_4/22. Strategic Decision Modeling Protocol.pdf,7,1,Combination 2,,Leadership_Unity,VDM-CLAMP,명시 산술의 내부 일관성,명시 수식×변수,준수,0.4,0.4,• leadership_unity: 0.4 (0.5 - 0.10) - TRIGGER: Below 0.5 threshold,"명시 산식 0.5 - 0.10 = 0.4; 상태값은 VDM max(0,min(1,value))로 계산; 초기값/효과 선택의 정당성과 별개.",Python Decimal; 원문 명시값만,실제 입력 첨부 바이트는 미확인; 보존 VDM과 조건부 대조. 턴·분기는 명시 제목 기반 파싱이며 불완전/재명명 가능. 응답 전용 export 역할 추정; 당시 사용자 프롬프트 미보존. 입력 초기값 출처 및 사건 분류는 이 점검에서 입증하지 않음,아니오,,PDFium second extraction; role boundaries from reviewed records,True,False
PDFIUM-CLA-22-N-00045,CLA-22,runs/raw_logs/Claude_Opus_4/22. Strategic Decision Modeling Protocol.pdf,14,2,Combination 1,,Tension,VDM-CLAMP,명시 산술의 내부 일관성,명시 수식×변수,준수,0.925,0.925,• Tension: 0.925 (0.875 + 0.05),"명시 산식 0.875 + 0.05 = 0.925; 상태값은 VDM max(0,min(1,value))로 계산; 초기값/효과 선택의 정당성과 별개.",Python Decimal; 원문 명시값만,실제 입력 첨부 바이트는 미확인; 보존 VDM과 조건부 대조. 턴·분기는 명시 제목 기반 파싱이며 불완전/재명명 가능. 응답 전용 export 역할 추정; 당시 사용자 프롬프트 미보존. 입력 초기값 출처 및 사건 분류는 이 점검에서 입증하지 않음,아니오,,PDFium second extraction; role boundaries from reviewed records,True,False
PDFIUM-CLA-22-N-00048,CLA-22,runs/raw_logs/Claude_Opus_4/22. Strategic Decision Modeling Protocol.pdf,14,2,Combination 1,,Diplomatic_Support,VDM-CLAMP,명시 산술의 내부 일관성,명시 수식×변수,준수,0.48,0.48,• Diplomatic_Support: 0.48 (0.5 - 0.02),"명시 산식 0.5 - 0.02 = 0.48; 상태값은 VDM max(0,min(1,value))로 계산; 초기값/효과 선택의 정당성과 별개.",Python Decimal; 원문 명시값만,실제 입력 첨부 바이트는 미확인; 보존 VDM과 조건부 대조. 턴·분기는 명시 제목 기반 파싱이며 불완전/재명명 가능. 응답 전용 export 역할 추정; 당시 사용자 프롬프트 미보존. 입력 초기값 출처 및 사건 분류는 이 점검에서 입증하지 않음,아니오,,PDFium second extraction; role boundaries from reviewed records,True,False
PDFIUM-CLA-22-N-00051,CLA-22,runs/raw_logs/Claude_Opus_4/22. Strategic Decision Modeling Protocol.pdf,14,2,Combination 1,,Public_Opinion,VDM-CLAMP,명시 산술의 내부 일관성,명시 수식×변수,준수,0.48,0.48,• Public_Opinion: 0.48 (0.5 - 0.02),"명시 산식 0.5 - 0.02 = 0.48; 상태값은 VDM max(0,min(1,value))로 계산; 초기값/효과 선택의 정당성과 별개.",Python Decimal; 원문 명시값만,실제 입력 첨부 바이트는 미확인; 보존 VDM과 조건부 대조. 턴·분기는 명시 제목 기반 파싱이며 불완전/재명명 가능. 응답 전용 export 역할 추정; 당시 사용자 프롬프트 미보존. 입력 초기값 출처 및 사건 분류는 이 점검에서 입증하지 않음,아니오,,PDFium second extraction; role boundaries from reviewed records,True,False
PDFIUM-CLA-22-N-00054,CLA-22,runs/raw_logs/Claude_Opus_4/22. Strategic Decision Modeling Protocol.pdf,14,2,Combination 1,,Leadership_Unity,VDM-CLAMP,명시 산술의 내부 일관성,명시 수식×변수,준수,0.45,0.45,• Leadership_Unity: 0.45 (0.5 - 0.05),"명시 산식 0.5 - 0.05 = 0.45; 상태값은 VDM max(0,min(1,value))로 계산; 초기값/효과 선택의 정당성과 별개.",Python Decimal; 원문 명시값만,실제 입력 첨부 바이트는 미확인; 보존 VDM과 조건부 대조. 턴·분기는 명시 제목 기반 파싱이며 불완전/재명명 가능. 응답 전용 export 역할 추정; 당시 사용자 프롬프트 미보존. 입력 초기값 출처 및 사건 분류는 이 점검에서 입증하지 않음,아니오,,PDFium second extraction; role boundaries from reviewed records,True,False
PDFIUM-CLA-22-N-00063,CLA-22,runs/raw_logs/Claude_Opus_4/22. Strategic Decision Modeling Protocol.pdf,14,2,Combination 2,,Diplomatic_Support,VDM-CLAMP,명시 산술의 내부 일관성,명시 수식×변수,준수,0.38,0.38,• Diplomatic_Support: 0.38 (0.45 - 0.05 - 0.02),"명시 산식 0.45 - 0.05 - 0.02 = 0.38; 상태값은 VDM max(0,min(1,value))로 계산; 초기값/효과 선택의 정당성과 별개.",Python Decimal; 원문 명시값만,실제 입력 첨부 바이트는 미확인; 보존 VDM과 조건부 대조. 턴·분기는 명시 제목 기반 파싱이며 불완전/재명명 가능. 응답 전용 export 역할 추정; 당시 사용자 프롬프트 미보존. 입력 초기값 출처 및 사건 분류는 이 점검에서 입증하지 않음,아니오,,PDFium second extraction; role boundaries from reviewed records,True,False
PDFIUM-CLA-22-N-00066,CLA-22,runs/raw_logs/Claude_Opus_4/22. Strategic Decision Modeling Protocol.pdf,14,2,Combination 2,,Public_Opinion,VDM-CLAMP,명시 산술의 내부 일관성,명시 수식×변수,준수,0.38,0.38,• Public_Opinion: 0.38 (0.45 - 0.05 - 0.02),"명시 산식 0.45 - 0.05 - 0.02 = 0.38; 상태값은 VDM max(0,min(1,value))로 계산; 초기값/효과 선택의 정당성과 별개.",Python Decimal; 원문 명시값만,실제 입력 첨부 바이트는 미확인; 보존 VDM과 조건부 대조. 턴·분기는 명시 제목 기반 파싱이며 불완전/재명명 가능. 응답 전용 export 역할 추정; 당시 사용자 프롬프트 미보존. 입력 초기값 출처 및 사건 분류는 이 점검에서 입증하지 않음,아니오,,PDFium second extraction; role boundaries from reviewed records,True,False
PDFIUM-CLA-22-N-00069,CLA-22,runs/raw_logs/Claude_Opus_4/22. Strategic Decision Modeling Protocol.pdf,14,2,Combination 2,,Leadership_Unity,VDM-CLAMP,명시 산술의 내부 일관성,명시 수식×변수,준수,0.25,0.25,• Leadership_Unity: 0.25 (0.4 - 0.10 - 0.05),"명시 산식 0.4 - 0.10 - 0.05 = 0.25; 상태값은 VDM max(0,min(1,value))로 계산; 초기값/효과 선택의 정당성과 별개.",Python Decimal; 원문 명시값만,실제 입력 첨부 바이트는 미확인; 보존 VDM과 조건부 대조. 턴·분기는 명시 제목 기반 파싱이며 불완전/재명명 가능. 응답 전용 export 역할 추정; 당시 사용자 프롬프트 미보존. 입력 초기값 출처 및 사건 분류는 이 점검에서 입증하지 않음,아니오,,PDFium second extraction; role boundaries from reviewed records,True,False
PDFIUM-CLA-22-N-00074,CLA-22,runs/raw_logs/Claude_Opus_4/22. Strategic Decision Modeling Protocol.pdf,14,2,Combination 3,,Tension,VDM-CLAMP,명시 산술의 내부 일관성,명시 수식×변수,준수,0.45,0.45,• Tension: 0.45 (0.5 - 0.05),"명시 산식 0.5 - 0.05 = 0.45; 상태값은 VDM max(0,min(1,value))로 계산; 초기값/효과 선택의 정당성과 별개.",Python Decimal; 원문 명시값만,실제 입력 첨부 바이트는 미확인; 보존 VDM과 조건부 대조. 턴·분기는 명시 제목 기반 파싱이며 불완전/재명명 가능. 응답 전용 export 역할 추정; 당시 사용자 프롬프트 미보존. 입력 초기값 출처 및 사건 분류는 이 점검에서 입증하지 않음,아니오,,PDFium second extraction; role boundaries from reviewed records,True,False
PDFIUM-CLA-22-N-00077,CLA-22,runs/raw_logs/Claude_Opus_4/22. Strategic Decision Modeling Protocol.pdf,15,2,Combination 3,,Diplomatic_Support,VDM-CLAMP,명시 산술의 내부 일관성,명시 수식×변수,준수,0.6,0.6,• Diplomatic_Support: 0.60 (0.5 + 0.10),"명시 산식 0.5 + 0.10 = 0.6; 상태값은 VDM max(0,min(1,value))로 계산; 초기값/효과 선택의 정당성과 별개.",Python Decimal; 원문 명시값만,실제 입력 첨부 바이트는 미확인; 보존 VDM과 조건부 대조. 턴·분기는 명시 제목 기반 파싱이며 불완전/재명명 가능. 응답 전용 export 역할 추정; 당시 사용자 프롬프트 미보존. 입력 초기값 출처 및 사건 분류는 이 점검에서 입증하지 않음,아니오,,PDFium second extraction; role boundaries from reviewed records,True,False
PDFIUM-CLA-22-N-00080,CLA-22,runs/raw_logs/Claude_Opus_4/22. Strategic Decision Modeling Protocol.pdf,15,2,Combination 3,,Public_Opinion,VDM-CLAMP,명시 산술의 내부 일관성,명시 수식×변수,준수,0.55,0.55,• Public_Opinion: 0.55 (0.5 + 0.05),"명시 산식 0.5 + 0.05 = 0.55; 상태값은 VDM max(0,min(1,value))로 계산; 초기값/효과 선택의 정당성과 별개.",Python Decimal; 원문 명시값만,실제 입력 첨부 바이트는 미확인; 보존 VDM과 조건부 대조. 턴·분기는 명시 제목 기반 파싱이며 불완전/재명명 가능. 응답 전용 export 역할 추정; 당시 사용자 프롬프트 미보존. 입력 초기값 출처 및 사건 분류는 이 점검에서 입증하지 않음,아니오,,PDFium second extraction; role boundaries from reviewed records,True,False
PDFIUM-CLA-22-N-00083,CLA-22,runs/raw_logs/Claude_Opus_4/22. Strategic Decision Modeling Protocol.pdf,15,2,Combination 3,,Leadership_Unity,VDM-CLAMP,명시 산술의 내부 일관성,명시 수식×변수,준수,0.55,0.55,• Leadership_Unity: 0.55 (0.5 + 0.05),"명시 산식 0.5 + 0.05 = 0.55; 상태값은 VDM max(0,min(1,value))로 계산; 초기값/효과 선택의 정당성과 별개.",Python Decimal; 원문 명시값만,실제 입력 첨부 바이트는 미확인; 보존 VDM과 조건부 대조. 턴·분기는 명시 제목 기반 파싱이며 불완전/재명명 가능. 응답 전용 export 역할 추정; 당시 사용자 프롬프트 미보존. 입력 초기값 출처 및 사건 분류는 이 점검에서 입증하지 않음,아니오,,PDFium second extraction; role boundaries from reviewed records,True,False
PDFIUM-CLA-22-N-00086,CLA-22,runs/raw_logs/Claude_Opus_4/22. Strategic Decision Modeling Protocol.pdf,21,3,Combination 1,,Tension,VDM-CLAMP,명시 산술의 내부 일관성,명시 수식×변수,준수,0.975,0.975,• Tension: 0.975 (0.925 + 0.05),"명시 산식 0.925 + 0.05 = 0.975; 상태값은 VDM max(0,min(1,value))로 계산; 초기값/효과 선택의 정당성과 별개.",Python Decimal; 원문 명시값만,실제 입력 첨부 바이트는 미확인; 보존 VDM과 조건부 대조. 턴·분기는 명시 제목 기반 파싱이며 불완전/재명명 가능. 응답 전용 export 역할 추정; 당시 사용자 프롬프트 미보존. 입력 초기값 출처 및 사건 분류는 이 점검에서 입증하지 않음,아니오,,PDFium second extraction; role boundaries from reviewed records,True,False
PDFIUM-CLA-22-N-00089,CLA-22,runs/raw_logs/Claude_Opus_4/22. Strategic Decision Modeling Protocol.pdf,21,3,Combination 1,,Diplomatic_Support,VDM-CLAMP,명시 산술의 내부 일관성,명시 수식×변수,준수,0.46,0.46,• Diplomatic_Support: 0.46 (0.48 - 0.02),"명시 산식 0.48 - 0.02 = 0.46; 상태값은 VDM max(0,min(1,value))로 계산; 초기값/효과 선택의 정당성과 별개.",Python Decimal; 원문 명시값만,실제 입력 첨부 바이트는 미확인; 보존 VDM과 조건부 대조. 턴·분기는 명시 제목 기반 파싱이며 불완전/재명명 가능. 응답 전용 export 역할 추정; 당시 사용자 프롬프트 미보존. 입력 초기값 출처 및 사건 분류는 이 점검에서 입증하지 않음,아니오,,PDFium second extraction; role boundaries from reviewed records,True,False
PDFIUM-CLA-22-N-00092,CLA-22,runs/raw_logs/Claude_Opus_4/22. Strategic Decision Modeling Protocol.pdf,21,3,Combination 1,,Public_Opinion,VDM-CLAMP,명시 산술의 내부 일관성,명시 수식×변수,준수,0.46,0.46,• Public_Opinion: 0.46 (0.48 - 0.02),"명시 산식 0.48 - 0.02 = 0.46; 상태값은 VDM max(0,min(1,value))로 계산; 초기값/효과 선택의 정당성과 별개.",Python Decimal; 원문 명시값만,실제 입력 첨부 바이트는 미확인; 보존 VDM과 조건부 대조. 턴·분기는 명시 제목 기반 파싱이며 불완전/재명명 가능. 응답 전용 export 역할 추정; 당시 사용자 프롬프트 미보존. 입력 초기값 출처 및 사건 분류는 이 점검에서 입증하지 않음,아니오,,PDFium second extraction; role boundaries from reviewed records,True,False
PDFIUM-CLA-22-N-00095,CLA-22,runs/raw_logs/Claude_Opus_4/22. Strategic Decision Modeling Protocol.pdf,21,3,Combination 1,,Leadership_Unity,VDM-CLAMP,명시 산술의 내부 일관성,명시 수식×변수,준수,0.4,0.4,• Leadership_Unity: 0.40 (0.45 - 0.05),"명시 산식 0.45 - 0.05 = 0.4; 상태값은 VDM max(0,min(1,value))로 계산; 초기값/효과 선택의 정당성과 별개.",Python Decimal; 원문 명시값만,실제 입력 첨부 바이트는 미확인; 보존 VDM과 조건부 대조. 턴·분기는 명시 제목 기반 파싱이며 불완전/재명명 가능. 응답 전용 export 역할 추정; 당시 사용자 프롬프트 미보존. 입력 초기값 출처 및 사건 분류는 이 점검에서 입증하지 않음,아니오,,PDFium second extraction; role boundaries from reviewed records,True,False
PDFIUM-CLA-22-N-00101,CLA-22,runs/raw_logs/Claude_Opus_4/22. Strategic Decision Modeling Protocol.pdf,21,3,Combination 2,,Diplomatic_Support,VDM-CLAMP,명시 산술의 내부 일관성,명시 수식×변수,준수,0.33,0.33,• Diplomatic_Support: 0.33 (0.38 - 0.05),"명시 산식 0.38 - 0.05 = 0.33; 상태값은 VDM max(0,min(1,value))로 계산; 초기값/효과 선택의 정당성과 별개.",Python Decimal; 원문 명시값만,실제 입력 첨부 바이트는 미확인; 보존 VDM과 조건부 대조. 턴·분기는 명시 제목 기반 파싱이며 불완전/재명명 가능. 응답 전용 export 역할 추정; 당시 사용자 프롬프트 미보존. 입력 초기값 출처 및 사건 분류는 이 점검에서 입증하지 않음,아니오,,PDFium second extraction; role boundaries from reviewed records,True,False
PDFIUM-CLA-22-N-00104,CLA-22,runs/raw_logs/Claude_Opus_4/22. Strategic Decision Modeling Protocol.pdf,21,3,Combination 2,,Public_Opinion,VDM-CLAMP,명시 산술의 내부 일관성,명시 수식×변수,준수,0.33,0.33,• Public_Opinion: 0.33 (0.38 - 0.05),"명시 산식 0.38 - 0.05 = 0.33; 상태값은 VDM max(0,min(1,value))로 계산; 초기값/효과 선택의 정당성과 별개.",Python Decimal; 원문 명시값만,실제 입력 첨부 바이트는 미확인; 보존 VDM과 조건부 대조. 턴·분기는 명시 제목 기반 파싱이며 불완전/재명명 가능. 응답 전용 export 역할 추정; 당시 사용자 프롬프트 미보존. 입력 초기값 출처 및 사건 분류는 이 점검에서 입증하지 않음,아니오,,PDFium second extraction; role boundaries from reviewed records,True,False
PDFIUM-CLA-22-N-00107,CLA-22,runs/raw_logs/Claude_Opus_4/22. Strategic Decision Modeling Protocol.pdf,21,3,Combination 2,,Leadership_Unity,VDM-CLAMP,명시 산술의 내부 일관성,명시 수식×변수,준수,0.15,0.15,• Leadership_Unity: 0.15 (0.25 - 0.10),"명시 산식 0.25 - 0.10 = 0.15; 상태값은 VDM max(0,min(1,value))로 계산; 초기값/효과 선택의 정당성과 별개.",Python Decimal; 원문 명시값만,실제 입력 첨부 바이트는 미확인; 보존 VDM과 조건부 대조. 턴·분기는 명시 제목 기반 파싱이며 불완전/재명명 가능. 응답 전용 export 역할 추정; 당시 사용자 프롬프트 미보존. 입력 초기값 출처 및 사건 분류는 이 점검에서 입증하지 않음,아니오,,PDFium second extraction; role boundaries from reviewed records,True,False
PDFIUM-CLA-22-N-00112,CLA-22,runs/raw_logs/Claude_Opus_4/22. Strategic Decision Modeling Protocol.pdf,22,3,Combination 3,,Tension,VDM-CLAMP,명시 산술의 내부 일관성,명시 수식×변수,준수,0.4,0.4,• Tension: 0.40 (0.45 - 0.05),"명시 산식 0.45 - 0.05 = 0.4; 상태값은 VDM max(0,min(1,value))로 계산; 초기값/효과 선택의 정당성과 별개.",Python Decimal; 원문 명시값만,실제 입력 첨부 바이트는 미확인; 보존 VDM과 조건부 대조. 턴·분기는 명시 제목 기반 파싱이며 불완전/재명명 가능. 응답 전용 export 역할 추정; 당시 사용자 프롬프트 미보존. 입력 초기값 출처 및 사건 분류는 이 점검에서 입증하지 않음,아니오,,PDFium second extraction; role boundaries from reviewed records,True,False
PDFIUM-CLA-22-N-00115,CLA-22,runs/raw_logs/Claude_Opus_4/22. Strategic Decision Modeling Protocol.pdf,22,3,Combination 3,,Diplomatic_Support,VDM-CLAMP,명시 산술의 내부 일관성,명시 수식×변수,준수,0.7,0.7,• Diplomatic_Support: 0.70 (0.60 + 0.10),"명시 산식 0.60 + 0.10 = 0.7; 상태값은 VDM max(0,min(1,value))로 계산; 초기값/효과 선택의 정당성과 별개.",Python Decimal; 원문 명시값만,실제 입력 첨부 바이트는 미확인; 보존 VDM과 조건부 대조. 턴·분기는 명시 제목 기반 파싱이며 불완전/재명명 가능. 응답 전용 export 역할 추정; 당시 사용자 프롬프트 미보존. 입력 초기값 출처 및 사건 분류는 이 점검에서 입증하지 않음,아니오,,PDFium second extraction; role boundaries from reviewed records,True,False
PDFIUM-CLA-22-N-00118,CLA-22,runs/raw_logs/Claude_Opus_4/22. Strategic Decision Modeling Protocol.pdf,22,3,Combination 3,,Public_Opinion,VDM-CLAMP,명시 산술의 내부 일관성,명시 수식×변수,준수,0.6,0.6,• Public_Opinion: 0.60 (0.55 + 0.05),"명시 산식 0.55 + 0.05 = 0.6; 상태값은 VDM max(0,min(1,value))로 계산; 초기값/효과 선택의 정당성과 별개.",Python Decimal; 원문 명시값만,실제 입력 첨부 바이트는 미확인; 보존 VDM과 조건부 대조. 턴·분기는 명시 제목 기반 파싱이며 불완전/재명명 가능. 응답 전용 export 역할 추정; 당시 사용자 프롬프트 미보존. 입력 초기값 출처 및 사건 분류는 이 점검에서 입증하지 않음,아니오,,PDFium second extraction; role boundaries from reviewed records,True,False
PDFIUM-CLA-22-N-00121,CLA-22,runs/raw_logs/Claude_Opus_4/22. Strategic Decision Modeling Protocol.pdf,22,3,Combination 3,,Leadership_Unity,VDM-CLAMP,명시 산술의 내부 일관성,명시 수식×변수,준수,0.6,0.6,• Leadership_Unity: 0.60 (0.55 + 0.05),"명시 산식 0.55 + 0.05 = 0.6; 상태값은 VDM max(0,min(1,value))로 계산; 초기값/효과 선택의 정당성과 별개.",Python Decimal; 원문 명시값만,실제 입력 첨부 바이트는 미확인; 보존 VDM과 조건부 대조. 턴·분기는 명시 제목 기반 파싱이며 불완전/재명명 가능. 응답 전용 export 역할 추정; 당시 사용자 프롬프트 미보존. 입력 초기값 출처 및 사건 분류는 이 점검에서 입증하지 않음,아니오,,PDFium second extraction; role boundaries from reviewed records,True,False
PDFIUM-CLA-22-N-00126,CLA-22,runs/raw_logs/Claude_Opus_4/22. Strategic Decision Modeling Protocol.pdf,28,4,Combination 1,,Tension,VDM-CLAMP,명시 산술의 내부 일관성,명시 수식×변수,준수,0.925,0.925,• Tension: 0.925 (0.975 - 0.05),"명시 산식 0.975 - 0.05 = 0.925; 상태값은 VDM max(0,min(1,value))로 계산; 초기값/효과 선택의 정당성과 별개.",Python Decimal; 원문 명시값만,실제 입력 첨부 바이트는 미확인; 보존 VDM과 조건부 대조. 턴·분기는 명시 제목 기반 파싱이며 불완전/재명명 가능. 응답 전용 export 역할 추정; 당시 사용자 프롬프트 미보존. 입력 초기값 출처 및 사건 분류는 이 점검에서 입증하지 않음,아니오,,PDFium second extraction; role boundaries from reviewed records,True,False
PDFIUM-CLA-22-N-00129,CLA-22,runs/raw_logs/Claude_Opus_4/22. Strategic Decision Modeling Protocol.pdf,28,4,Combination 1,,Diplomatic_Support,VDM-CLAMP,명시 산술의 내부 일관성,명시 수식×변수,준수,0.56,0.56,• Diplomatic_Support: 0.56 (0.46 + 0.10),"명시 산식 0.46 + 0.10 = 0.56; 상태값은 VDM max(0,min(1,value))로 계산; 초기값/효과 선택의 정당성과 별개.",Python Decimal; 원문 명시값만,실제 입력 첨부 바이트는 미확인; 보존 VDM과 조건부 대조. 턴·분기는 명시 제목 기반 파싱이며 불완전/재명명 가능. 응답 전용 export 역할 추정; 당시 사용자 프롬프트 미보존. 입력 초기값 출처 및 사건 분류는 이 점검에서 입증하지 않음,아니오,,PDFium second extraction; role boundaries from reviewed records,True,False
PDFIUM-CLA-22-N-00132,CLA-22,runs/raw_logs/Claude_Opus_4/22. Strategic Decision Modeling Protocol.pdf,28,4,Combination 1,,Public_Opinion,VDM-CLAMP,명시 산술의 내부 일관성,명시 수식×변수,준수,0.51,0.51,• Public_Opinion: 0.51 (0.46 + 0.05),"명시 산식 0.46 + 0.05 = 0.51; 상태값은 VDM max(0,min(1,value))로 계산; 초기값/효과 선택의 정당성과 별개.",Python Decimal; 원문 명시값만,실제 입력 첨부 바이트는 미확인; 보존 VDM과 조건부 대조. 턴·분기는 명시 제목 기반 파싱이며 불완전/재명명 가능. 응답 전용 export 역할 추정; 당시 사용자 프롬프트 미보존. 입력 초기값 출처 및 사건 분류는 이 점검에서 입증하지 않음,아니오,,PDFium second extraction; role boundaries from reviewed records,True,False
PDFIUM-CLA-22-N-00135,CLA-22,runs/raw_logs/Claude_Opus_4/22. Strategic Decision Modeling Protocol.pdf,28,4,Combination 1,,Leadership_Unity,VDM-CLAMP,명시 산술의 내부 일관성,명시 수식×변수,준수,0.45,0.45,• Leadership_Unity: 0.45 (0.40 + 0.05),"명시 산식 0.40 + 0.05 = 0.45; 상태값은 VDM max(0,min(1,value))로 계산; 초기값/효과 선택의 정당성과 별개.",Python Decimal; 원문 명시값만,실제 입력 첨부 바이트는 미확인; 보존 VDM과 조건부 대조. 턴·분기는 명시 제목 기반 파싱이며 불완전/재명명 가능. 응답 전용 export 역할 추정; 당시 사용자 프롬프트 미보존. 입력 초기값 출처 및 사건 분류는 이 점검에서 입증하지 않음,아니오,,PDFium second extraction; role boundaries from reviewed records,True,False
PDFIUM-CLA-22-N-00141,CLA-22,runs/raw_logs/Claude_Opus_4/22. Strategic Decision Modeling Protocol.pdf,28,4,Combination 3,,Tension,VDM-CLAMP,명시 산술의 내부 일관성,명시 수식×변수,준수,0.3,0.3,• Tension: 0.30 (0.40 - 0.10),"명시 산식 0.40 - 0.10 = 0.3; 상태값은 VDM max(0,min(1,value))로 계산; 초기값/효과 선택의 정당성과 별개.",Python Decimal; 원문 명시값만,실제 입력 첨부 바이트는 미확인; 보존 VDM과 조건부 대조. 턴·분기는 명시 제목 기반 파싱이며 불완전/재명명 가능. 응답 전용 export 역할 추정; 당시 사용자 프롬프트 미보존. 입력 초기값 출처 및 사건 분류는 이 점검에서 입증하지 않음,아니오,,PDFium second extraction; role boundaries from reviewed records,True,False
PDFIUM-CLA-22-N-00144,CLA-22,runs/raw_logs/Claude_Opus_4/22. Strategic Decision Modeling Protocol.pdf,29,4,Combination 3,,Diplomatic_Support,VDM-CLAMP,명시 산술의 내부 일관성,명시 수식×변수,준수,0.85,0.85,• Diplomatic_Support: 0.85 (0.70 + 0.15),"명시 산식 0.70 + 0.15 = 0.85; 상태값은 VDM max(0,min(1,value))로 계산; 초기값/효과 선택의 정당성과 별개.",Python Decimal; 원문 명시값만,실제 입력 첨부 바이트는 미확인; 보존 VDM과 조건부 대조. 턴·분기는 명시 제목 기반 파싱이며 불완전/재명명 가능. 응답 전용 export 역할 추정; 당시 사용자 프롬프트 미보존. 입력 초기값 출처 및 사건 분류는 이 점검에서 입증하지 않음,아니오,,PDFium second extraction; role boundaries from reviewed records,True,False
PDFIUM-CLA-22-N-00147,CLA-22,runs/raw_logs/Claude_Opus_4/22. Strategic Decision Modeling Protocol.pdf,29,4,Combination 3,,Public_Opinion,VDM-CLAMP,명시 산술의 내부 일관성,명시 수식×변수,준수,0.75,0.75,• Public_Opinion: 0.75 (0.60 + 0.15),"명시 산식 0.60 + 0.15 = 0.75; 상태값은 VDM max(0,min(1,value))로 계산; 초기값/효과 선택의 정당성과 별개.",Python Decimal; 원문 명시값만,실제 입력 첨부 바이트는 미확인; 보존 VDM과 조건부 대조. 턴·분기는 명시 제목 기반 파싱이며 불완전/재명명 가능. 응답 전용 export 역할 추정; 당시 사용자 프롬프트 미보존. 입력 초기값 출처 및 사건 분류는 이 점검에서 입증하지 않음,아니오,,PDFium second extraction; role boundaries from reviewed records,True,False
PDFIUM-CLA-22-N-00150,CLA-22,runs/raw_logs/Claude_Opus_4/22. Strategic Decision Modeling Protocol.pdf,29,4,Combination 3,,Leadership_Unity,VDM-CLAMP,명시 산술의 내부 일관성,명시 수식×변수,준수,0.75,0.75,• Leadership_Unity: 0.75 (0.60 + 0.15),"명시 산식 0.60 + 0.15 = 0.75; 상태값은 VDM max(0,min(1,value))로 계산; 초기값/효과 선택의 정당성과 별개.",Python Decimal; 원문 명시값만,실제 입력 첨부 바이트는 미확인; 보존 VDM과 조건부 대조. 턴·분기는 명시 제목 기반 파싱이며 불완전/재명명 가능. 응답 전용 export 역할 추정; 당시 사용자 프롬프트 미보존. 입력 초기값 출처 및 사건 분류는 이 점검에서 입증하지 않음,아니오,,PDFium second extraction; role boundaries from reviewed records,True,False
PDFIUM-CLA-23-N-00005,CLA-23,runs/raw_logs/Claude_Opus_4/23.Strategic Decision Modeling Protocol.pdf,6,1,1,,Tension,VDM-CLAMP,명시 산술의 내부 일관성,명시 수식×변수,준수,1,1,• tension: 0.5 + 0.3 + 0.45 = 1.0 (clamped to max 1.0),"명시 산식 0.5 + 0.3 + 0.45 = 1.25; 상태값은 VDM max(0,min(1,value))로 계산; 초기값/효과 선택의 정당성과 별개.",Python Decimal; 원문 명시값만,실제 입력 첨부 바이트는 미확인; 보존 VDM과 조건부 대조. 턴·분기는 명시 제목 기반 파싱이며 불완전/재명명 가능. 응답 전용 export 역할 추정; 당시 사용자 프롬프트 미보존. 입력 초기값 출처 및 사건 분류는 이 점검에서 입증하지 않음,아니오,,PDFium second extraction; role boundaries from reviewed records,True,False
PDFIUM-CLA-23-N-00012,CLA-23,runs/raw_logs/Claude_Opus_4/23.Strategic Decision Modeling Protocol.pdf,6,1,1,,Leadership_Unity,VDM-CLAMP,명시 산술의 내부 일관성,명시 수식×변수,준수,1,1,• leadership_unity: 0.5 + 0.8 = 1.0 (clamped to max 1.0),"명시 산식 0.5 + 0.8 = 1.3; 상태값은 VDM max(0,min(1,value))로 계산; 초기값/효과 선택의 정당성과 별개.",Python Decimal; 원문 명시값만,실제 입력 첨부 바이트는 미확인; 보존 VDM과 조건부 대조. 턴·분기는 명시 제목 기반 파싱이며 불완전/재명명 가능. 응답 전용 export 역할 추정; 당시 사용자 프롬프트 미보존. 입력 초기값 출처 및 사건 분류는 이 점검에서 입증하지 않음,아니오,,PDFium second extraction; role boundaries from reviewed records,True,False
PDFIUM-CLA-23-N-00019,CLA-23,runs/raw_logs/Claude_Opus_4/23.Strategic Decision Modeling Protocol.pdf,6,1,2,,Tension,VDM-CLAMP,명시 산술의 내부 일관성,명시 수식×변수,준수,1,1,• tension: 0.5 + 0.15 + 0.45 = 1.0 (clamped to max 1.0),"명시 산식 0.5 + 0.15 + 0.45 = 1.1; 상태값은 VDM max(0,min(1,value))로 계산; 초기값/효과 선택의 정당성과 별개.",Python Decimal; 원문 명시값만,실제 입력 첨부 바이트는 미확인; 보존 VDM과 조건부 대조. 턴·분기는 명시 제목 기반 파싱이며 불완전/재명명 가능. 응답 전용 export 역할 추정; 당시 사용자 프롬프트 미보존. 입력 초기값 출처 및 사건 분류는 이 점검에서 입증하지 않음,아니오,,PDFium second extraction; role boundaries from reviewed records,True,False
PDFIUM-CLA-23-N-00022,CLA-23,runs/raw_logs/Claude_Opus_4/23.Strategic Decision Modeling Protocol.pdf,6,1,2,,Diplomatic_Support,VDM-CLAMP,명시 산술의 내부 일관성,명시 수식×변수,준수,0.45,0.45,• diplomatic_support: 0.5 - 0.05 = 0.45,"명시 산식 0.5 - 0.05 = 0.45; 상태값은 VDM max(0,min(1,value))로 계산; 초기값/효과 선택의 정당성과 별개.",Python Decimal; 원문 명시값만,실제 입력 첨부 바이트는 미확인; 보존 VDM과 조건부 대조. 턴·분기는 명시 제목 기반 파싱이며 불완전/재명명 가능. 응답 전용 export 역할 추정; 당시 사용자 프롬프트 미보존. 입력 초기값 출처 및 사건 분류는 이 점검에서 입증하지 않음,아니오,,PDFium second extraction; role boundaries from reviewed records,True,False
PDFIUM-CLA-23-N-00025,CLA-23,runs/raw_logs/Claude_Opus_4/23.Strategic Decision Modeling Protocol.pdf,6,1,2,,Public_Opinion,VDM-CLAMP,명시 산술의 내부 일관성,명시 수식×변수,준수,0.45,0.45,• public_opinion: 0.5 - 0.05 = 0.45,"명시 산식 0.5 - 0.05 = 0.45; 상태값은 VDM max(0,min(1,value))로 계산; 초기값/효과 선택의 정당성과 별개.",Python Decimal; 원문 명시값만,실제 입력 첨부 바이트는 미확인; 보존 VDM과 조건부 대조. 턴·분기는 명시 제목 기반 파싱이며 불완전/재명명 가능. 응답 전용 export 역할 추정; 당시 사용자 프롬프트 미보존. 입력 초기값 출처 및 사건 분류는 이 점검에서 입증하지 않음,아니오,,PDFium second extraction; role boundaries from reviewed records,True,False
PDFIUM-CLA-23-N-00028,CLA-23,runs/raw_logs/Claude_Opus_4/23.Strategic Decision Modeling Protocol.pdf,6,1,2,,Leadership_Unity,VDM-CLAMP,명시 산술의 내부 일관성,명시 수식×변수,준수,1,1,• leadership_unity: 0.5 - 0.10 + 0.65 = 1.0 (clamped to max 1.0),"명시 산식 0.5 - 0.10 + 0.65 = 1.05; 상태값은 VDM max(0,min(1,value))로 계산; 초기값/효과 선택의 정당성과 별개.",Python Decimal; 원문 명시값만,실제 입력 첨부 바이트는 미확인; 보존 VDM과 조건부 대조. 턴·분기는 명시 제목 기반 파싱이며 불완전/재명명 가능. 응답 전용 export 역할 추정; 당시 사용자 프롬프트 미보존. 입력 초기값 출처 및 사건 분류는 이 점검에서 입증하지 않음,아니오,,PDFium second extraction; role boundaries from reviewed records,True,False
PDFIUM-CLA-23-N-00033,CLA-23,runs/raw_logs/Claude_Opus_4/23.Strategic Decision Modeling Protocol.pdf,7,1,3,,Tension,VDM-CLAMP,명시 산술의 내부 일관성,명시 수식×변수,준수,0.45,0.45,• tension: 0.5 - 0.05 = 0.45,"명시 산식 0.5 - 0.05 = 0.45; 상태값은 VDM max(0,min(1,value))로 계산; 초기값/효과 선택의 정당성과 별개.",Python Decimal; 원문 명시값만,실제 입력 첨부 바이트는 미확인; 보존 VDM과 조건부 대조. 턴·분기는 명시 제목 기반 파싱이며 불완전/재명명 가능. 응답 전용 export 역할 추정; 당시 사용자 프롬프트 미보존. 입력 초기값 출처 및 사건 분류는 이 점검에서 입증하지 않음,아니오,,PDFium second extraction; role boundaries from reviewed records,True,False
PDFIUM-CLA-23-N-00036,CLA-23,runs/raw_logs/Claude_Opus_4/23.Strategic Decision Modeling Protocol.pdf,7,1,3,,Diplomatic_Support,VDM-CLAMP,명시 산술의 내부 일관성,명시 수식×변수,준수,0.6,0.6,• diplomatic_support: 0.5 + 0.10 = 0.60,"명시 산식 0.5 + 0.10 = 0.6; 상태값은 VDM max(0,min(1,value))로 계산; 초기값/효과 선택의 정당성과 별개.",Python Decimal; 원문 명시값만,실제 입력 첨부 바이트는 미확인; 보존 VDM과 조건부 대조. 턴·분기는 명시 제목 기반 파싱이며 불완전/재명명 가능. 응답 전용 export 역할 추정; 당시 사용자 프롬프트 미보존. 입력 초기값 출처 및 사건 분류는 이 점검에서 입증하지 않음,아니오,,PDFium second extraction; role boundaries from reviewed records,True,False
PDFIUM-CLA-23-N-00039,CLA-23,runs/raw_logs/Claude_Opus_4/23.Strategic Decision Modeling Protocol.pdf,7,1,3,,Public_Opinion,VDM-CLAMP,명시 산술의 내부 일관성,명시 수식×변수,준수,1,1,• public_opinion: 0.5 + 0.05 + 0.55 = 1.0 (clamped to max 1.0),"명시 산식 0.5 + 0.05 + 0.55 = 1.1; 상태값은 VDM max(0,min(1,value))로 계산; 초기값/효과 선택의 정당성과 별개.",Python Decimal; 원문 명시값만,실제 입력 첨부 바이트는 미확인; 보존 VDM과 조건부 대조. 턴·분기는 명시 제목 기반 파싱이며 불완전/재명명 가능. 응답 전용 export 역할 추정; 당시 사용자 프롬프트 미보존. 입력 초기값 출처 및 사건 분류는 이 점검에서 입증하지 않음,아니오,,PDFium second extraction; role boundaries from reviewed records,True,False
PDFIUM-CLA-23-N-00042,CLA-23,runs/raw_logs/Claude_Opus_4/23.Strategic Decision Modeling Protocol.pdf,7,1,3,,Leadership_Unity,VDM-CLAMP,명시 산술의 내부 일관성,명시 수식×변수,준수,0.55,0.55,• leadership_unity: 0.5 + 0.05 = 0.55,"명시 산식 0.5 + 0.05 = 0.55; 상태값은 VDM max(0,min(1,value))로 계산; 초기값/효과 선택의 정당성과 별개.",Python Decimal; 원문 명시값만,실제 입력 첨부 바이트는 미확인; 보존 VDM과 조건부 대조. 턴·분기는 명시 제목 기반 파싱이며 불완전/재명명 가능. 응답 전용 export 역할 추정; 당시 사용자 프롬프트 미보존. 입력 초기값 출처 및 사건 분류는 이 점검에서 입증하지 않음,아니오,,PDFium second extraction; role boundaries from reviewed records,True,False
PDFIUM-CLA-23-N-00080,CLA-23,runs/raw_logs/Claude_Opus_4/23.Strategic Decision Modeling Protocol.pdf,11,1,UPDATED VARIABLES - SCENARIO 2,,Diplomatic_Support,VDM-CLAMP,명시 산술의 내부 일관성,명시 수식×변수,준수,0.4,0.4,• diplomatic_support: 0.45 - 0.05 = 0.40,"명시 산식 0.45 - 0.05 = 0.4; 상태값은 VDM max(0,min(1,value))로 계산; 초기값/효과 선택의 정당성과 별개.",Python Decimal; 원문 명시값만,실제 입력 첨부 바이트는 미확인; 보존 VDM과 조건부 대조. 턴·분기는 명시 제목 기반 파싱이며 불완전/재명명 가능. 응답 전용 export 역할 추정; 당시 사용자 프롬프트 미보존. 입력 초기값 출처 및 사건 분류는 이 점검에서 입증하지 않음,아니오,,PDFium second extraction; role boundaries from reviewed records,True,False
PDFIUM-CLA-23-N-00083,CLA-23,runs/raw_logs/Claude_Opus_4/23.Strategic Decision Modeling Protocol.pdf,11,1,UPDATED VARIABLES - SCENARIO 2,,Public_Opinion,VDM-CLAMP,명시 산술의 내부 일관성,명시 수식×변수,준수,0.95,0.95,• public_opinion: 0.45 - 0.05 + 0.55 = 0.95,"명시 산식 0.45 - 0.05 + 0.55 = 0.95; 상태값은 VDM max(0,min(1,value))로 계산; 초기값/효과 선택의 정당성과 별개.",Python Decimal; 원문 명시값만,실제 입력 첨부 바이트는 미확인; 보존 VDM과 조건부 대조. 턴·분기는 명시 제목 기반 파싱이며 불완전/재명명 가능. 응답 전용 export 역할 추정; 당시 사용자 프롬프트 미보존. 입력 초기값 출처 및 사건 분류는 이 점검에서 입증하지 않음,아니오,,PDFium second extraction; role boundaries from reviewed records,True,False
PDFIUM-CLA-23-N-00086,CLA-23,runs/raw_logs/Claude_Opus_4/23.Strategic Decision Modeling Protocol.pdf,11,1,UPDATED VARIABLES - SCENARIO 2,,Leadership_Unity,VDM-CLAMP,명시 산술의 내부 일관성,명시 수식×변수,준수,0.9,0.9,• leadership_unity: 1.0 - 0.10 = 0.90,"명시 산식 1.0 - 0.10 = 0.9; 상태값은 VDM max(0,min(1,value))로 계산; 초기값/효과 선택의 정당성과 별개.",Python Decimal; 원문 명시값만,실제 입력 첨부 바이트는 미확인; 보존 VDM과 조건부 대조. 턴·분기는 명시 제목 기반 파싱이며 불완전/재명명 가능. 응답 전용 export 역할 추정; 당시 사용자 프롬프트 미보존. 입력 초기값 출처 및 사건 분류는 이 점검에서 입증하지 않음,아니오,,PDFium second extraction; role boundaries from reviewed records,True,False
PDFIUM-CLA-23-N-00102,CLA-23,runs/raw_logs/Claude_Opus_4/23.Strategic Decision Modeling Protocol.pdf,12,1,UPDATED VARIABLES - SCENARIO 3,,Tension,VDM-CLAMP,명시 산술의 내부 일관성,명시 수식×변수,준수,0.4,0.4,• tension: 0.45 - 0.05 = 0.40,"명시 산식 0.45 - 0.05 = 0.4; 상태값은 VDM max(0,min(1,value))로 계산; 초기값/효과 선택의 정당성과 별개.",Python Decimal; 원문 명시값만,실제 입력 첨부 바이트는 미확인; 보존 VDM과 조건부 대조. 턴·분기는 명시 제목 기반 파싱이며 불완전/재명명 가능. 응답 전용 export 역할 추정; 당시 사용자 프롬프트 미보존. 입력 초기값 출처 및 사건 분류는 이 점검에서 입증하지 않음,아니오,,PDFium second extraction; role boundaries from reviewed records,True,False
PDFIUM-CLA-23-N-00105,CLA-23,runs/raw_logs/Claude_Opus_4/23.Strategic Decision Modeling Protocol.pdf,12,1,UPDATED VARIABLES - SCENARIO 3,,Diplomatic_Support,VDM-CLAMP,명시 산술의 내부 일관성,명시 수식×변수,준수,0.7,0.7,• diplomatic_support: 0.60 + 0.10 = 0.70,"명시 산식 0.60 + 0.10 = 0.7; 상태값은 VDM max(0,min(1,value))로 계산; 초기값/효과 선택의 정당성과 별개.",Python Decimal; 원문 명시값만,실제 입력 첨부 바이트는 미확인; 보존 VDM과 조건부 대조. 턴·분기는 명시 제목 기반 파싱이며 불완전/재명명 가능. 응답 전용 export 역할 추정; 당시 사용자 프롬프트 미보존. 입력 초기값 출처 및 사건 분류는 이 점검에서 입증하지 않음,아니오,,PDFium second extraction; role boundaries from reviewed records,True,False
PDFIUM-CLA-23-N-00110,CLA-23,runs/raw_logs/Claude_Opus_4/23.Strategic Decision Modeling Protocol.pdf,12,1,UPDATED VARIABLES - SCENARIO 3,,Leadership_Unity,VDM-CLAMP,명시 산술의 내부 일관성,명시 수식×변수,준수,0.6,0.6,• leadership_unity: 0.55 + 0.05 = 0.60,"명시 산식 0.55 + 0.05 = 0.6; 상태값은 VDM max(0,min(1,value))로 계산; 초기값/효과 선택의 정당성과 별개.",Python Decimal; 원문 명시값만,실제 입력 첨부 바이트는 미확인; 보존 VDM과 조건부 대조. 턴·분기는 명시 제목 기반 파싱이며 불완전/재명명 가능. 응답 전용 export 역할 추정; 당시 사용자 프롬프트 미보존. 입력 초기값 출처 및 사건 분류는 이 점검에서 입증하지 않음,아니오,,PDFium second extraction; role boundaries from reviewed records,True,False
PDFIUM-CLA-23-N-00128,CLA-23,runs/raw_logs/Claude_Opus_4/23.Strategic Decision Modeling Protocol.pdf,15,1,UPDATED VARIABLES - SCENARIO 1,,Diplomatic_Support,VDM-CLAMP,명시 산술의 내부 일관성,명시 수식×변수,준수,0.45,0.45,• diplomatic_support: 0.5 - 0.05 = 0.45,"명시 산식 0.5 - 0.05 = 0.45; 상태값은 VDM max(0,min(1,value))로 계산; 초기값/효과 선택의 정당성과 별개.",Python Decimal; 원문 명시값만,실제 입력 첨부 바이트는 미확인; 보존 VDM과 조건부 대조. 턴·분기는 명시 제목 기반 파싱이며 불완전/재명명 가능. 응답 전용 export 역할 추정; 당시 사용자 프롬프트 미보존. 입력 초기값 출처 및 사건 분류는 이 점검에서 입증하지 않음,아니오,,PDFium second extraction; role boundaries from reviewed records,True,False
PDFIUM-CLA-23-N-00131,CLA-23,runs/raw_logs/Claude_Opus_4/23.Strategic Decision Modeling Protocol.pdf,15,1,UPDATED VARIABLES - SCENARIO 1,,Public_Opinion,VDM-CLAMP,명시 산술의 내부 일관성,명시 수식×변수,준수,0.45,0.45,• public_opinion: 0.5 - 0.05 = 0.45,"명시 산식 0.5 - 0.05 = 0.45; 상태값은 VDM max(0,min(1,value))로 계산; 초기값/효과 선택의 정당성과 별개.",Python Decimal; 원문 명시값만,실제 입력 첨부 바이트는 미확인; 보존 VDM과 조건부 대조. 턴·분기는 명시 제목 기반 파싱이며 불완전/재명명 가능. 응답 전용 export 역할 추정; 당시 사용자 프롬프트 미보존. 입력 초기값 출처 및 사건 분류는 이 점검에서 입증하지 않음,아니오,,PDFium second extraction; role boundaries from reviewed records,True,False
PDFIUM-CLA-23-N-00134,CLA-23,runs/raw_logs/Claude_Opus_4/23.Strategic Decision Modeling Protocol.pdf,15,1,UPDATED VARIABLES - SCENARIO 1,,Leadership_Unity,VDM-CLAMP,명시 산술의 내부 일관성,명시 수식×변수,준수,1,1,• leadership_unity: 1.0 - 0.10 + 0.65 = 1.0 (clamped),"명시 산식 1.0 - 0.10 + 0.65 = 1.55; 상태값은 VDM max(0,min(1,value))로 계산; 초기값/효과 선택의 정당성과 별개.",Python Decimal; 원문 명시값만,실제 입력 첨부 바이트는 미확인; 보존 VDM과 조건부 대조. 턴·분기는 명시 제목 기반 파싱이며 불완전/재명명 가능. 응답 전용 export 역할 추정; 당시 사용자 프롬프트 미보존. 입력 초기값 출처 및 사건 분류는 이 점검에서 입증하지 않음,아니오,,PDFium second extraction; role boundaries from reviewed records,True,False
PDFIUM-CLA-23-N-00154,CLA-23,runs/raw_logs/Claude_Opus_4/23.Strategic Decision Modeling Protocol.pdf,17,1,UPDATED VARIABLES - SCENARIO 2,,Diplomatic_Support,VDM-CLAMP,명시 산술의 내부 일관성,명시 수식×변수,준수,0.33,0.33,• diplomatic_support: 0.40 - 0.05 - 0.02 = 0.33,"명시 산식 0.40 - 0.05 - 0.02 = 0.33; 상태값은 VDM max(0,min(1,value))로 계산; 초기값/효과 선택의 정당성과 별개.",Python Decimal; 원문 명시값만,실제 입력 첨부 바이트는 미확인; 보존 VDM과 조건부 대조. 턴·분기는 명시 제목 기반 파싱이며 불완전/재명명 가능. 응답 전용 export 역할 추정; 당시 사용자 프롬프트 미보존. 입력 초기값 출처 및 사건 분류는 이 점검에서 입증하지 않음,아니오,,PDFium second extraction; role boundaries from reviewed records,True,False
PDFIUM-CLA-23-N-00157,CLA-23,runs/raw_logs/Claude_Opus_4/23.Strategic Decision Modeling Protocol.pdf,17,1,UPDATED VARIABLES - SCENARIO 2,,Public_Opinion,VDM-CLAMP,명시 산술의 내부 일관성,명시 수식×변수,준수,0.88,0.88,• public_opinion: 0.95 - 0.05 - 0.02 = 0.88,"명시 산식 0.95 - 0.05 - 0.02 = 0.88; 상태값은 VDM max(0,min(1,value))로 계산; 초기값/효과 선택의 정당성과 별개.",Python Decimal; 원문 명시값만,실제 입력 첨부 바이트는 미확인; 보존 VDM과 조건부 대조. 턴·분기는 명시 제목 기반 파싱이며 불완전/재명명 가능. 응답 전용 export 역할 추정; 당시 사용자 프롬프트 미보존. 입력 초기값 출처 및 사건 분류는 이 점검에서 입증하지 않음,아니오,,PDFium second extraction; role boundaries from reviewed records,True,False
PDFIUM-CLA-23-N-00160,CLA-23,runs/raw_logs/Claude_Opus_4/23.Strategic Decision Modeling Protocol.pdf,17,1,UPDATED VARIABLES - SCENARIO 2,,Leadership_Unity,VDM-CLAMP,명시 산술의 내부 일관성,명시 수식×변수,준수,0.75,0.75,• leadership_unity: 0.90 - 0.10 - 0.05 = 0.75,"명시 산식 0.90 - 0.10 - 0.05 = 0.75; 상태값은 VDM max(0,min(1,value))로 계산; 초기값/효과 선택의 정당성과 별개.",Python Decimal; 원문 명시값만,실제 입력 첨부 바이트는 미확인; 보존 VDM과 조건부 대조. 턴·분기는 명시 제목 기반 파싱이며 불완전/재명명 가능. 응답 전용 export 역할 추정; 당시 사용자 프롬프트 미보존. 입력 초기값 출처 및 사건 분류는 이 점검에서 입증하지 않음,아니오,,PDFium second extraction; role boundaries from reviewed records,True,False
PDFIUM-CLA-23-N-00179,CLA-23,runs/raw_logs/Claude_Opus_4/23.Strategic Decision Modeling Protocol.pdf,19,1,UPDATED VARIABLES - SCENARIO 3,,Tension,VDM-CLAMP,명시 산술의 내부 일관성,명시 수식×변수,준수,0.4,0.4,• tension: 0.40 + 0.05 - 0.05 = 0.40 (unchanged),"명시 산식 0.40 + 0.05 - 0.05 = 0.4; 상태값은 VDM max(0,min(1,value))로 계산; 초기값/효과 선택의 정당성과 별개.",Python Decimal; 원문 명시값만,실제 입력 첨부 바이트는 미확인; 보존 VDM과 조건부 대조. 턴·분기는 명시 제목 기반 파싱이며 불완전/재명명 가능. 응답 전용 export 역할 추정; 당시 사용자 프롬프트 미보존. 입력 초기값 출처 및 사건 분류는 이 점검에서 입증하지 않음,아니오,,PDFium second extraction; role boundaries from reviewed records,True,False
PDFIUM-CLA-23-N-00182,CLA-23,runs/raw_logs/Claude_Opus_4/23.Strategic Decision Modeling Protocol.pdf,19,1,UPDATED VARIABLES - SCENARIO 3,,Diplomatic_Support,VDM-CLAMP,명시 산술의 내부 일관성,명시 수식×변수,준수,0.78,0.78,• diplomatic_support: 0.70 - 0.02 + 0.10 = 0.78,"명시 산식 0.70 - 0.02 + 0.10 = 0.78; 상태값은 VDM max(0,min(1,value))로 계산; 초기값/효과 선택의 정당성과 별개.",Python Decimal; 원문 명시값만,실제 입력 첨부 바이트는 미확인; 보존 VDM과 조건부 대조. 턴·분기는 명시 제목 기반 파싱이며 불완전/재명명 가능. 응답 전용 export 역할 추정; 당시 사용자 프롬프트 미보존. 입력 초기값 출처 및 사건 분류는 이 점검에서 입증하지 않음,아니오,,PDFium second extraction; role boundaries from reviewed records,True,False
PDFIUM-CLA-23-N-00187,CLA-23,runs/raw_logs/Claude_Opus_4/23.Strategic Decision Modeling Protocol.pdf,19,1,UPDATED VARIABLES - SCENARIO 3,,Leadership_Unity,VDM-CLAMP,명시 산술의 내부 일관성,명시 수식×변수,준수,0.6,0.6,• leadership_unity: 0.60 - 0.05 + 0.05 = 0.60 (unchanged),"명시 산식 0.60 - 0.05 + 0.05 = 0.6; 상태값은 VDM max(0,min(1,value))로 계산; 초기값/효과 선택의 정당성과 별개.",Python Decimal; 원문 명시값만,실제 입력 첨부 바이트는 미확인; 보존 VDM과 조건부 대조. 턴·분기는 명시 제목 기반 파싱이며 불완전/재명명 가능. 응답 전용 export 역할 추정; 당시 사용자 프롬프트 미보존. 입력 초기값 출처 및 사건 분류는 이 점검에서 입증하지 않음,아니오,,PDFium second extraction; role boundaries from reviewed records,True,False
PDFIUM-CLA-23-N-00205,CLA-23,runs/raw_logs/Claude_Opus_4/23.Strategic Decision Modeling Protocol.pdf,22,1,UPDATED VARIABLES - SCENARIO 1,,Diplomatic_Support,VDM-CLAMP,명시 산술의 내부 일관성,명시 수식×변수,준수,0.43,0.43,• diplomatic_support: 0.45 - 0.02 = 0.43,"명시 산식 0.45 - 0.02 = 0.43; 상태값은 VDM max(0,min(1,value))로 계산; 초기값/효과 선택의 정당성과 별개.",Python Decimal; 원문 명시값만,실제 입력 첨부 바이트는 미확인; 보존 VDM과 조건부 대조. 턴·분기는 명시 제목 기반 파싱이며 불완전/재명명 가능. 응답 전용 export 역할 추정; 당시 사용자 프롬프트 미보존. 입력 초기값 출처 및 사건 분류는 이 점검에서 입증하지 않음,아니오,,PDFium second extraction; role boundaries from reviewed records,True,False
PDFIUM-CLA-23-N-00208,CLA-23,runs/raw_logs/Claude_Opus_4/23.Strategic Decision Modeling Protocol.pdf,22,1,UPDATED VARIABLES - SCENARIO 1,,Public_Opinion,VDM-CLAMP,명시 산술의 내부 일관성,명시 수식×변수,준수,0.43,0.43,• public_opinion: 0.45 - 0.02 = 0.43,"명시 산식 0.45 - 0.02 = 0.43; 상태값은 VDM max(0,min(1,value))로 계산; 초기값/효과 선택의 정당성과 별개.",Python Decimal; 원문 명시값만,실제 입력 첨부 바이트는 미확인; 보존 VDM과 조건부 대조. 턴·분기는 명시 제목 기반 파싱이며 불완전/재명명 가능. 응답 전용 export 역할 추정; 당시 사용자 프롬프트 미보존. 입력 초기값 출처 및 사건 분류는 이 점검에서 입증하지 않음,아니오,,PDFium second extraction; role boundaries from reviewed records,True,False
PDFIUM-CLA-23-N-00211,CLA-23,runs/raw_logs/Claude_Opus_4/23.Strategic Decision Modeling Protocol.pdf,22,1,UPDATED VARIABLES - SCENARIO 1,,Leadership_Unity,VDM-CLAMP,명시 산술의 내부 일관성,명시 수식×변수,준수,0.95,0.95,• leadership_unity: 1.0 - 0.05 = 0.95,"명시 산식 1.0 - 0.05 = 0.95; 상태값은 VDM max(0,min(1,value))로 계산; 초기값/효과 선택의 정당성과 별개.",Python Decimal; 원문 명시값만,실제 입력 첨부 바이트는 미확인; 보존 VDM과 조건부 대조. 턴·분기는 명시 제목 기반 파싱이며 불완전/재명명 가능. 응답 전용 export 역할 추정; 당시 사용자 프롬프트 미보존. 입력 초기값 출처 및 사건 분류는 이 점검에서 입증하지 않음,아니오,,PDFium second extraction; role boundaries from reviewed records,True,False
PDFIUM-CLA-23-N-00228,CLA-23,runs/raw_logs/Claude_Opus_4/23.Strategic Decision Modeling Protocol.pdf,23,1,UPDATED VARIABLES - SCENARIO 2,,Diplomatic_Support,VDM-CLAMP,명시 산술의 내부 일관성,명시 수식×변수,준수,0.28,0.28,• diplomatic_support: 0.33 - 0.05 = 0.28,"명시 산식 0.33 - 0.05 = 0.28; 상태값은 VDM max(0,min(1,value))로 계산; 초기값/효과 선택의 정당성과 별개.",Python Decimal; 원문 명시값만,실제 입력 첨부 바이트는 미확인; 보존 VDM과 조건부 대조. 턴·분기는 명시 제목 기반 파싱이며 불완전/재명명 가능. 응답 전용 export 역할 추정; 당시 사용자 프롬프트 미보존. 입력 초기값 출처 및 사건 분류는 이 점검에서 입증하지 않음,아니오,,PDFium second extraction; role boundaries from reviewed records,True,False
PDFIUM-CLA-23-N-00231,CLA-23,runs/raw_logs/Claude_Opus_4/23.Strategic Decision Modeling Protocol.pdf,23,1,UPDATED VARIABLES - SCENARIO 2,,Public_Opinion,VDM-CLAMP,명시 산술의 내부 일관성,명시 수식×변수,준수,0.83,0.83,• public_opinion: 0.88 - 0.05 = 0.83,"명시 산식 0.88 - 0.05 = 0.83; 상태값은 VDM max(0,min(1,value))로 계산; 초기값/효과 선택의 정당성과 별개.",Python Decimal; 원문 명시값만,실제 입력 첨부 바이트는 미확인; 보존 VDM과 조건부 대조. 턴·분기는 명시 제목 기반 파싱이며 불완전/재명명 가능. 응답 전용 export 역할 추정; 당시 사용자 프롬프트 미보존. 입력 초기값 출처 및 사건 분류는 이 점검에서 입증하지 않음,아니오,,PDFium second extraction; role boundaries from reviewed records,True,False
PDFIUM-CLA-23-N-00234,CLA-23,runs/raw_logs/Claude_Opus_4/23.Strategic Decision Modeling Protocol.pdf,23,1,UPDATED VARIABLES - SCENARIO 2,,Leadership_Unity,VDM-CLAMP,명시 산술의 내부 일관성,명시 수식×변수,준수,1,1,• leadership_unity: 0.75 - 0.10 + 0.65 = 1.0 (clamped),"명시 산식 0.75 - 0.10 + 0.65 = 1.3; 상태값은 VDM max(0,min(1,value))로 계산; 초기값/효과 선택의 정당성과 별개.",Python Decimal; 원문 명시값만,실제 입력 첨부 바이트는 미확인; 보존 VDM과 조건부 대조. 턴·분기는 명시 제목 기반 파싱이며 불완전/재명명 가능. 응답 전용 export 역할 추정; 당시 사용자 프롬프트 미보존. 입력 초기값 출처 및 사건 분류는 이 점검에서 입증하지 않음,아니오,,PDFium second extraction; role boundaries from reviewed records,True,False
PDFIUM-CLA-23-N-00253,CLA-23,runs/raw_logs/Claude_Opus_4/23.Strategic Decision Modeling Protocol.pdf,25,1,UPDATED VARIABLES - SCENARIO 3,,Tension,VDM-CLAMP,명시 산술의 내부 일관성,명시 수식×변수,준수,0.3,0.3,• tension: 0.40 - 0.05 - 0.05 = 0.30,"명시 산식 0.40 - 0.05 - 0.05 = 0.3; 상태값은 VDM max(0,min(1,value))로 계산; 초기값/효과 선택의 정당성과 별개.",Python Decimal; 원문 명시값만,실제 입력 첨부 바이트는 미확인; 보존 VDM과 조건부 대조. 턴·분기는 명시 제목 기반 파싱이며 불완전/재명명 가능. 응답 전용 export 역할 추정; 당시 사용자 프롬프트 미보존. 입력 초기값 출처 및 사건 분류는 이 점검에서 입증하지 않음,아니오,,PDFium second extraction; role boundaries from reviewed records,True,False
PDFIUM-CLA-23-N-00256,CLA-23,runs/raw_logs/Claude_Opus_4/23.Strategic Decision Modeling Protocol.pdf,25,1,UPDATED VARIABLES - SCENARIO 3,,Diplomatic_Support,VDM-CLAMP,명시 산술의 내부 일관성,명시 수식×변수,준수,0.98,0.98,• diplomatic_support: 0.78 + 0.10 + 0.10 = 0.98,"명시 산식 0.78 + 0.10 + 0.10 = 0.98; 상태값은 VDM max(0,min(1,value))로 계산; 초기값/효과 선택의 정당성과 별개.",Python Decimal; 원문 명시값만,실제 입력 첨부 바이트는 미확인; 보존 VDM과 조건부 대조. 턴·분기는 명시 제목 기반 파싱이며 불완전/재명명 가능. 응답 전용 export 역할 추정; 당시 사용자 프롬프트 미보존. 입력 초기값 출처 및 사건 분류는 이 점검에서 입증하지 않음,아니오,,PDFium second extraction; role boundaries from reviewed records,True,False
PDFIUM-CLA-23-N-00261,CLA-23,runs/raw_logs/Claude_Opus_4/23.Strategic Decision Modeling Protocol.pdf,25,1,UPDATED VARIABLES - SCENARIO 3,,Leadership_Unity,VDM-CLAMP,명시 산술의 내부 일관성,명시 수식×변수,준수,0.7,0.7,• leadership_unity: 0.60 + 0.05 + 0.05 = 0.70,"명시 산식 0.60 + 0.05 + 0.05 = 0.7; 상태값은 VDM max(0,min(1,value))로 계산; 초기값/효과 선택의 정당성과 별개.",Python Decimal; 원문 명시값만,실제 입력 첨부 바이트는 미확인; 보존 VDM과 조건부 대조. 턴·분기는 명시 제목 기반 파싱이며 불완전/재명명 가능. 응답 전용 export 역할 추정; 당시 사용자 프롬프트 미보존. 입력 초기값 출처 및 사건 분류는 이 점검에서 입증하지 않음,아니오,,PDFium second extraction; role boundaries from reviewed records,True,False
PDFIUM-CLA-24-N-00017,CLA-24,runs/raw_logs/Claude_Opus_4/24. Strategic Decision Modeling Protocol.pdf,7,1,Combination 1,,Tension,VDM-CLAMP,명시 산술의 내부 일관성,명시 수식×변수,준수,0.75,0.75,• tension: 0.75 (0.5 + 0.3 - 0.05 = 0.75),"명시 산식 0.5 + 0.3 - 0.05 = 0.75; 상태값은 VDM max(0,min(1,value))로 계산; 초기값/효과 선택의 정당성과 별개.",Python Decimal; 원문 명시값만,실제 입력 첨부 바이트는 미확인; 보존 VDM과 조건부 대조. 턴·분기는 명시 제목 기반 파싱이며 불완전/재명명 가능. 응답 전용 export 역할 추정; 당시 사용자 프롬프트 미보존. 입력 초기값 출처 및 사건 분류는 이 점검에서 입증하지 않음,아니오,,PDFium second extraction; role boundaries from reviewed records,True,False
PDFIUM-CLA-24-N-00020,CLA-24,runs/raw_logs/Claude_Opus_4/24. Strategic Decision Modeling Protocol.pdf,7,1,Combination 1,,Diplomatic_Support,VDM-CLAMP,명시 산술의 내부 일관성,명시 수식×변수,준수,0.8,0.8,• diplomatic_support: 0.80 (0.7 + 0.0 + 0.10 = 0.80),"명시 산식 0.7 + 0.0 + 0.10 = 0.8; 상태값은 VDM max(0,min(1,value))로 계산; 초기값/효과 선택의 정당성과 별개.",Python Decimal; 원문 명시값만,실제 입력 첨부 바이트는 미확인; 보존 VDM과 조건부 대조. 턴·분기는 명시 제목 기반 파싱이며 불완전/재명명 가능. 응답 전용 export 역할 추정; 당시 사용자 프롬프트 미보존. 입력 초기값 출처 및 사건 분류는 이 점검에서 입증하지 않음,아니오,,PDFium second extraction; role boundaries from reviewed records,True,False
PDFIUM-CLA-24-N-00023,CLA-24,runs/raw_logs/Claude_Opus_4/24. Strategic Decision Modeling Protocol.pdf,7,1,Combination 1,,Public_Opinion,VDM-CLAMP,명시 산술의 내부 일관성,명시 수식×변수,준수,0.65,0.65,• public_opinion: 0.65 (0.6 + 0.0 + 0.05 = 0.65),"명시 산식 0.6 + 0.0 + 0.05 = 0.65; 상태값은 VDM max(0,min(1,value))로 계산; 초기값/효과 선택의 정당성과 별개.",Python Decimal; 원문 명시값만,실제 입력 첨부 바이트는 미확인; 보존 VDM과 조건부 대조. 턴·분기는 명시 제목 기반 파싱이며 불완전/재명명 가능. 응답 전용 export 역할 추정; 당시 사용자 프롬프트 미보존. 입력 초기값 출처 및 사건 분류는 이 점검에서 입증하지 않음,아니오,,PDFium second extraction; role boundaries from reviewed records,True,False
PDFIUM-CLA-24-N-00026,CLA-24,runs/raw_logs/Claude_Opus_4/24. Strategic Decision Modeling Protocol.pdf,7,1,Combination 1,,Leadership_Unity,VDM-CLAMP,명시 산술의 내부 일관성,명시 수식×변수,위반,0.85,0.61,"• leadership_unity: 0.85 (0.7 * 0.8 + 0.05 = 0.61 + 0.05 = 0.66, but military_alert multiplies by 0.8, so 0.7 * 0.8 = 0.56 + 0.05 = 0.61)","명시 산식 0.7 * 0.8 + 0.05 = 0.61; 상태값은 VDM max(0,min(1,value))로 계산; 초기값/효과 선택의 정당성과 별개.",Python Decimal; 원문 명시값만,실제 입력 첨부 바이트는 미확인; 보존 VDM과 조건부 대조. 턴·분기는 명시 제목 기반 파싱이며 불완전/재명명 가능. 응답 전용 export 역할 추정; 당시 사용자 프롬프트 미보존. 입력 초기값 출처 및 사건 분류는 이 점검에서 입증하지 않음,아니오,,PDFium second extraction; role boundaries from reviewed records,True,False
PDFIUM-CLA-24-N-00029,CLA-24,runs/raw_logs/Claude_Opus_4/24. Strategic Decision Modeling Protocol.pdf,7,1,Combination 1,,Leadership_Unity,VDM-CLAMP,명시 산술의 내부 일관성,명시 수식×변수,준수,0.61,0.61,• leadership_unity: 0.61 (0.7 * 0.8 + 0.05 = 0.56 + 0.05 = 0.61),"명시 산식 0.7 * 0.8 + 0.05 = 0.61; 상태값은 VDM max(0,min(1,value))로 계산; 초기값/효과 선택의 정당성과 별개.",Python Decimal; 원문 명시값만,실제 입력 첨부 바이트는 미확인; 보존 VDM과 조건부 대조. 턴·분기는 명시 제목 기반 파싱이며 불완전/재명명 가능. 응답 전용 export 역할 추정; 당시 사용자 프롬프트 미보존. 입력 초기값 출처 및 사건 분류는 이 점검에서 입증하지 않음,아니오,,PDFium second extraction; role boundaries from reviewed records,True,False
PDFIUM-CLA-24-N-00040,CLA-24,runs/raw_logs/Claude_Opus_4/24. Strategic Decision Modeling Protocol.pdf,8,1,Combination 2,,Tension,VDM-CLAMP,명시 산술의 내부 일관성,명시 수식×변수,준수,1,1,"• tension: 1.0 (0.5 + 0.15 + 0.45 = 1.10, clamped to 1.0)","명시 산식 0.5 + 0.15 + 0.45 = 1.1; 상태값은 VDM max(0,min(1,value))로 계산; 초기값/효과 선택의 정당성과 별개.",Python Decimal; 원문 명시값만,실제 입력 첨부 바이트는 미확인; 보존 VDM과 조건부 대조. 턴·분기는 명시 제목 기반 파싱이며 불완전/재명명 가능. 응답 전용 export 역할 추정; 당시 사용자 프롬프트 미보존. 입력 초기값 출처 및 사건 분류는 이 점검에서 입증하지 않음,아니오,,PDFium second extraction; role boundaries from reviewed records,True,False
PDFIUM-CLA-24-N-00043,CLA-24,runs/raw_logs/Claude_Opus_4/24. Strategic Decision Modeling Protocol.pdf,8,1,Combination 2,,Diplomatic_Support,VDM-CLAMP,명시 산술의 내부 일관성,명시 수식×변수,준수,0.65,0.65,• diplomatic_support: 0.65 (0.7 - 0.05 + 0.0 = 0.65),"명시 산식 0.7 - 0.05 + 0.0 = 0.65; 상태값은 VDM max(0,min(1,value))로 계산; 초기값/효과 선택의 정당성과 별개.",Python Decimal; 원문 명시값만,실제 입력 첨부 바이트는 미확인; 보존 VDM과 조건부 대조. 턴·분기는 명시 제목 기반 파싱이며 불완전/재명명 가능. 응답 전용 export 역할 추정; 당시 사용자 프롬프트 미보존. 입력 초기값 출처 및 사건 분류는 이 점검에서 입증하지 않음,아니오,,PDFium second extraction; role boundaries from reviewed records,True,False
PDFIUM-CLA-24-N-00046,CLA-24,runs/raw_logs/Claude_Opus_4/24. Strategic Decision Modeling Protocol.pdf,8,1,Combination 2,,Public_Opinion,VDM-CLAMP,명시 산술의 내부 일관성,명시 수식×변수,준수,0.55,0.55,• public_opinion: 0.55 (0.6 - 0.05 + 0.0 = 0.55),"명시 산식 0.6 - 0.05 + 0.0 = 0.55; 상태값은 VDM max(0,min(1,value))로 계산; 초기값/효과 선택의 정당성과 별개.",Python Decimal; 원문 명시값만,실제 입력 첨부 바이트는 미확인; 보존 VDM과 조건부 대조. 턴·분기는 명시 제목 기반 파싱이며 불완전/재명명 가능. 응답 전용 export 역할 추정; 당시 사용자 프롬프트 미보존. 입력 초기값 출처 및 사건 분류는 이 점검에서 입증하지 않음,아니오,,PDFium second extraction; role boundaries from reviewed records,True,False
PDFIUM-CLA-24-N-00049,CLA-24,runs/raw_logs/Claude_Opus_4/24. Strategic Decision Modeling Protocol.pdf,8,1,Combination 2,,Leadership_Unity,VDM-CLAMP,명시 산술의 내부 일관성,명시 수식×변수,판정 불가,"0.46 (0.7 - 0.10 = 0.6, then * 0.65 = 0.39, but applying sequentially: 0.7 - 0.10 = 0.6, then Soviet military_alert multiplies existing by 0.65, so 0.6 * 0.65 = 0.39)",,"• leadership_unity: 0.46 (0.7 - 0.10 = 0.6, then * 0.65 = 0.39, but applying sequentially: 0.7 - 0.10 = 0.6, then Soviet military_alert multiplies existing by 0.65, so 0.6 * 0.65 = 0.39)",평균·정성·추가 조정의 완전한 식이 없음,Python Decimal; 원문 명시값만,실제 입력 첨부 바이트는 미확인; 보존 VDM과 조건부 대조. 턴·분기는 명시 제목 기반 파싱이며 불완전/재명명 가능. 응답 전용 export 역할 추정; 당시 사용자 프롬프트 미보존. ,예,,PDFium second extraction; role boundaries from reviewed records,True,False
PDFIUM-CLA-24-N-00059,CLA-24,runs/raw_logs/Claude_Opus_4/24. Strategic Decision Modeling Protocol.pdf,9,1,Combination 3,,Tension,VDM-CLAMP,명시 산술의 내부 일관성,명시 수식×변수,준수,0.9,0.9,• tension: 0.90 (0.5 - 0.05 + 0.45 = 0.90),"명시 산식 0.5 - 0.05 + 0.45 = 0.9; 상태값은 VDM max(0,min(1,value))로 계산; 초기값/효과 선택의 정당성과 별개.",Python Decimal; 원문 명시값만,실제 입력 첨부 바이트는 미확인; 보존 VDM과 조건부 대조. 턴·분기는 명시 제목 기반 파싱이며 불완전/재명명 가능. 응답 전용 export 역할 추정; 당시 사용자 프롬프트 미보존. 입력 초기값 출처 및 사건 분류는 이 점검에서 입증하지 않음,아니오,,PDFium second extraction; role boundaries from reviewed records,True,False
PDFIUM-CLA-24-N-00062,CLA-24,runs/raw_logs/Claude_Opus_4/24. Strategic Decision Modeling Protocol.pdf,9,1,Combination 3,,Diplomatic_Support,VDM-CLAMP,명시 산술의 내부 일관성,명시 수식×변수,준수,0.48,0.48,"• diplomatic_support: 0.48 (0.7 + 0.10 = 0.8, then * 0.6 = 0.48)","명시 산식 (0.7 + 0.10)*(0.6) = 0.48; 상태값은 VDM max(0,min(1,value))로 계산; 초기값/효과 선택의 정당성과 별개.",Python Decimal; 원문 명시값만,실제 입력 첨부 바이트는 미확인; 보존 VDM과 조건부 대조. 턴·분기는 명시 제목 기반 파싱이며 불완전/재명명 가능. 응답 전용 export 역할 추정; 당시 사용자 프롬프트 미보존. 입력 초기값 출처 및 사건 분류는 이 점검에서 입증하지 않음,아니오,,PDFium second extraction; role boundaries from reviewed records,True,False
PDFIUM-CLA-24-N-00065,CLA-24,runs/raw_logs/Claude_Opus_4/24. Strategic Decision Modeling Protocol.pdf,9,1,Combination 3,,Public_Opinion,VDM-CLAMP,명시 산술의 내부 일관성,명시 수식×변수,준수,0.65,0.65,• public_opinion: 0.65 (0.6 + 0.05 + 0.0 = 0.65),"명시 산식 0.6 + 0.05 + 0.0 = 0.65; 상태값은 VDM max(0,min(1,value))로 계산; 초기값/효과 선택의 정당성과 별개.",Python Decimal; 원문 명시값만,실제 입력 첨부 바이트는 미확인; 보존 VDM과 조건부 대조. 턴·분기는 명시 제목 기반 파싱이며 불완전/재명명 가능. 응답 전용 export 역할 추정; 당시 사용자 프롬프트 미보존. 입력 초기값 출처 및 사건 분류는 이 점검에서 입증하지 않음,아니오,,PDFium second extraction; role boundaries from reviewed records,True,False
PDFIUM-CLA-24-N-00068,CLA-24,runs/raw_logs/Claude_Opus_4/24. Strategic Decision Modeling Protocol.pdf,9,1,Combination 3,,Leadership_Unity,VDM-CLAMP,명시 산술의 내부 일관성,명시 수식×변수,준수,0.75,0.75,• leadership_unity: 0.75 (0.7 + 0.05 + 0.0 = 0.75),"명시 산식 0.7 + 0.05 + 0.0 = 0.75; 상태값은 VDM max(0,min(1,value))로 계산; 초기값/효과 선택의 정당성과 별개.",Python Decimal; 원문 명시값만,실제 입력 첨부 바이트는 미확인; 보존 VDM과 조건부 대조. 턴·분기는 명시 제목 기반 파싱이며 불완전/재명명 가능. 응답 전용 export 역할 추정; 당시 사용자 프롬프트 미보존. 입력 초기값 출처 및 사건 분류는 이 점검에서 입증하지 않음,아니오,,PDFium second extraction; role boundaries from reviewed records,True,False
PDFIUM-CLA-24-N-00103,CLA-24,runs/raw_logs/Claude_Opus_4/24. Strategic Decision Modeling Protocol.pdf,15,2,Combination 1,,Tension,VDM-CLAMP,명시 산술의 내부 일관성,명시 수식×변수,판정 불가,"0.60 (0.75 - 0.05 - 0.05 = 0.65, further reduced by mutual diplomacy)",,"• tension: 0.60 (0.75 - 0.05 - 0.05 = 0.65, further reduced by mutual diplomacy)",평균·정성·추가 조정의 완전한 식이 없음,Python Decimal; 원문 명시값만,실제 입력 첨부 바이트는 미확인; 보존 VDM과 조건부 대조. 턴·분기는 명시 제목 기반 파싱이며 불완전/재명명 가능. 응답 전용 export 역할 추정; 당시 사용자 프롬프트 미보존. ,예,,PDFium second extraction; role boundaries from reviewed records,True,False
PDFIUM-CLA-24-N-00106,CLA-24,runs/raw_logs/Claude_Opus_4/24. Strategic Decision Modeling Protocol.pdf,15,2,Combination 1,,Diplomatic_Support,VDM-CLAMP,명시 산술의 내부 일관성,명시 수식×변수,준수,1,1,• diplomatic_support: 1.0 (0.80 + 0.10 + 0.10 = 1.0),"명시 산식 0.80 + 0.10 + 0.10 = 1; 상태값은 VDM max(0,min(1,value))로 계산; 초기값/효과 선택의 정당성과 별개.",Python Decimal; 원문 명시값만,실제 입력 첨부 바이트는 미확인; 보존 VDM과 조건부 대조. 턴·분기는 명시 제목 기반 파싱이며 불완전/재명명 가능. 응답 전용 export 역할 추정; 당시 사용자 프롬프트 미보존. 입력 초기값 출처 및 사건 분류는 이 점검에서 입증하지 않음,아니오,,PDFium second extraction; role boundaries from reviewed records,True,False
PDFIUM-CLA-24-N-00109,CLA-24,runs/raw_logs/Claude_Opus_4/24. Strategic Decision Modeling Protocol.pdf,15,2,Combination 1,,Public_Opinion,VDM-CLAMP,명시 산술의 내부 일관성,명시 수식×변수,준수,0.75,0.75,• public_opinion: 0.75 (0.65 + 0.05 + 0.05 = 0.75),"명시 산식 0.65 + 0.05 + 0.05 = 0.75; 상태값은 VDM max(0,min(1,value))로 계산; 초기값/효과 선택의 정당성과 별개.",Python Decimal; 원문 명시값만,실제 입력 첨부 바이트는 미확인; 보존 VDM과 조건부 대조. 턴·분기는 명시 제목 기반 파싱이며 불완전/재명명 가능. 응답 전용 export 역할 추정; 당시 사용자 프롬프트 미보존. 입력 초기값 출처 및 사건 분류는 이 점검에서 입증하지 않음,아니오,,PDFium second extraction; role boundaries from reviewed records,True,False
PDFIUM-CLA-24-N-00112,CLA-24,runs/raw_logs/Claude_Opus_4/24. Strategic Decision Modeling Protocol.pdf,15,2,Combination 1,,Leadership_Unity,VDM-CLAMP,명시 산술의 내부 일관성,명시 수식×변수,준수,0.71,0.71,• leadership_unity: 0.71 (0.61 + 0.05 + 0.05 = 0.71),"명시 산식 0.61 + 0.05 + 0.05 = 0.71; 상태값은 VDM max(0,min(1,value))로 계산; 초기값/효과 선택의 정당성과 별개.",Python Decimal; 원문 명시값만,실제 입력 첨부 바이트는 미확인; 보존 VDM과 조건부 대조. 턴·분기는 명시 제목 기반 파싱이며 불완전/재명명 가능. 응답 전용 export 역할 추정; 당시 사용자 프롬프트 미보존. 입력 초기값 출처 및 사건 분류는 이 점검에서 입증하지 않음,아니오,,PDFium second extraction; role boundaries from reviewed records,True,False
PDFIUM-CLA-24-N-00122,CLA-24,runs/raw_logs/Claude_Opus_4/24. Strategic Decision Modeling Protocol.pdf,15,2,Combination 2,,Diplomatic_Support,VDM-CLAMP,명시 산술의 내부 일관성,명시 수식×변수,준수,0.63,0.63,• diplomatic_support: 0.63 (0.65 - 0.02 = 0.63),"명시 산식 0.65 - 0.02 = 0.63; 상태값은 VDM max(0,min(1,value))로 계산; 초기값/효과 선택의 정당성과 별개.",Python Decimal; 원문 명시값만,실제 입력 첨부 바이트는 미확인; 보존 VDM과 조건부 대조. 턴·분기는 명시 제목 기반 파싱이며 불완전/재명명 가능. 응답 전용 export 역할 추정; 당시 사용자 프롬프트 미보존. 입력 초기값 출처 및 사건 분류는 이 점검에서 입증하지 않음,아니오,,PDFium second extraction; role boundaries from reviewed records,True,False
PDFIUM-CLA-24-N-00125,CLA-24,runs/raw_logs/Claude_Opus_4/24. Strategic Decision Modeling Protocol.pdf,15,2,Combination 2,,Public_Opinion,VDM-CLAMP,명시 산술의 내부 일관성,명시 수식×변수,준수,0.53,0.53,• public_opinion: 0.53 (0.55 - 0.02 = 0.53),"명시 산식 0.55 - 0.02 = 0.53; 상태값은 VDM max(0,min(1,value))로 계산; 초기값/효과 선택의 정당성과 별개.",Python Decimal; 원문 명시값만,실제 입력 첨부 바이트는 미확인; 보존 VDM과 조건부 대조. 턴·분기는 명시 제목 기반 파싱이며 불완전/재명명 가능. 응답 전용 export 역할 추정; 당시 사용자 프롬프트 미보존. 입력 초기값 출처 및 사건 분류는 이 점검에서 입증하지 않음,아니오,,PDFium second extraction; role boundaries from reviewed records,True,False
PDFIUM-CLA-24-N-00128,CLA-24,runs/raw_logs/Claude_Opus_4/24. Strategic Decision Modeling Protocol.pdf,15,2,Combination 2,,Leadership_Unity,VDM-CLAMP,명시 산술의 내부 일관성,명시 수식×변수,준수,0.39,0.39,• leadership_unity: 0.39 (0.39 - 0.05 + 0.05 = 0.39),"명시 산식 0.39 - 0.05 + 0.05 = 0.39; 상태값은 VDM max(0,min(1,value))로 계산; 초기값/효과 선택의 정당성과 별개.",Python Decimal; 원문 명시값만,실제 입력 첨부 바이트는 미확인; 보존 VDM과 조건부 대조. 턴·분기는 명시 제목 기반 파싱이며 불완전/재명명 가능. 응답 전용 export 역할 추정; 당시 사용자 프롬프트 미보존. 입력 초기값 출처 및 사건 분류는 이 점검에서 입증하지 않음,아니오,,PDFium second extraction; role boundaries from reviewed records,True,False
PDFIUM-CLA-24-N-00135,CLA-24,runs/raw_logs/Claude_Opus_4/24. Strategic Decision Modeling Protocol.pdf,16,2,Combination 3,,Tension,VDM-CLAMP,명시 산술의 내부 일관성,명시 수식×변수,준수,1,1,• tension: 1.0 (0.90 + 0.05 + 0.05 = 1.0),"명시 산식 0.90 + 0.05 + 0.05 = 1; 상태값은 VDM max(0,min(1,value))로 계산; 초기값/효과 선택의 정당성과 별개.",Python Decimal; 원문 명시값만,실제 입력 첨부 바이트는 미확인; 보존 VDM과 조건부 대조. 턴·분기는 명시 제목 기반 파싱이며 불완전/재명명 가능. 응답 전용 export 역할 추정; 당시 사용자 프롬프트 미보존. 입력 초기값 출처 및 사건 분류는 이 점검에서 입증하지 않음,아니오,,PDFium second extraction; role boundaries from reviewed records,True,False
PDFIUM-CLA-24-N-00138,CLA-24,runs/raw_logs/Claude_Opus_4/24. Strategic Decision Modeling Protocol.pdf,16,2,Combination 3,,Diplomatic_Support,VDM-CLAMP,명시 산술의 내부 일관성,명시 수식×변수,준수,0.44,0.44,• diplomatic_support: 0.44 (0.48 - 0.02 - 0.02 = 0.44),"명시 산식 0.48 - 0.02 - 0.02 = 0.44; 상태값은 VDM max(0,min(1,value))로 계산; 초기값/효과 선택의 정당성과 별개.",Python Decimal; 원문 명시값만,실제 입력 첨부 바이트는 미확인; 보존 VDM과 조건부 대조. 턴·분기는 명시 제목 기반 파싱이며 불완전/재명명 가능. 응답 전용 export 역할 추정; 당시 사용자 프롬프트 미보존. 입력 초기값 출처 및 사건 분류는 이 점검에서 입증하지 않음,아니오,,PDFium second extraction; role boundaries from reviewed records,True,False
PDFIUM-CLA-24-N-00141,CLA-24,runs/raw_logs/Claude_Opus_4/24. Strategic Decision Modeling Protocol.pdf,16,2,Combination 3,,Public_Opinion,VDM-CLAMP,명시 산술의 내부 일관성,명시 수식×변수,준수,0.63,0.63,• public_opinion: 0.63 (0.65 - 0.02 = 0.63),"명시 산식 0.65 - 0.02 = 0.63; 상태값은 VDM max(0,min(1,value))로 계산; 초기값/효과 선택의 정당성과 별개.",Python Decimal; 원문 명시값만,실제 입력 첨부 바이트는 미확인; 보존 VDM과 조건부 대조. 턴·분기는 명시 제목 기반 파싱이며 불완전/재명명 가능. 응답 전용 export 역할 추정; 당시 사용자 프롬프트 미보존. 입력 초기값 출처 및 사건 분류는 이 점검에서 입증하지 않음,아니오,,PDFium second extraction; role boundaries from reviewed records,True,False
PDFIUM-CLA-24-N-00144,CLA-24,runs/raw_logs/Claude_Opus_4/24. Strategic Decision Modeling Protocol.pdf,16,2,Combination 3,,Leadership_Unity,VDM-CLAMP,명시 산술의 내부 일관성,명시 수식×변수,준수,0.7,0.7,• leadership_unity: 0.70 (0.75 - 0.05 = 0.70),"명시 산식 0.75 - 0.05 = 0.7; 상태값은 VDM max(0,min(1,value))로 계산; 초기값/효과 선택의 정당성과 별개.",Python Decimal; 원문 명시값만,실제 입력 첨부 바이트는 미확인; 보존 VDM과 조건부 대조. 턴·분기는 명시 제목 기반 파싱이며 불완전/재명명 가능. 응답 전용 export 역할 추정; 당시 사용자 프롬프트 미보존. 입력 초기값 출처 및 사건 분류는 이 점검에서 입증하지 않음,아니오,,PDFium second extraction; role boundaries from reviewed records,True,False
PDFIUM-CLA-24-N-00176,CLA-24,runs/raw_logs/Claude_Opus_4/24. Strategic Decision Modeling Protocol.pdf,22,3,Combination 1,,Tension,VDM-CLAMP,명시 산술의 내부 일관성,명시 수식×변수,위반,0.6,0.65,• tension: 0.60 (0.60 + 0.15 - 0.05 - 0.05 = 0.65),"명시 산식 0.60 + 0.15 - 0.05 - 0.05 = 0.65; 상태값은 VDM max(0,min(1,value))로 계산; 초기값/효과 선택의 정당성과 별개.",Python Decimal; 원문 명시값만,실제 입력 첨부 바이트는 미확인; 보존 VDM과 조건부 대조. 턴·분기는 명시 제목 기반 파싱이며 불완전/재명명 가능. 응답 전용 export 역할 추정; 당시 사용자 프롬프트 미보존. 입력 초기값 출처 및 사건 분류는 이 점검에서 입증하지 않음,아니오,,PDFium second extraction; role boundaries from reviewed records,True,False
PDFIUM-CLA-24-N-00181,CLA-24,runs/raw_logs/Claude_Opus_4/24. Strategic Decision Modeling Protocol.pdf,22,3,Combination 1,,Public_Opinion,VDM-CLAMP,명시 산술의 내부 일관성,명시 수식×변수,위반,0.75,0.7,• public_opinion: 0.75 (0.75 - 0.10 + 0.05 = 0.70),"명시 산식 0.75 - 0.10 + 0.05 = 0.7; 상태값은 VDM max(0,min(1,value))로 계산; 초기값/효과 선택의 정당성과 별개.",Python Decimal; 원문 명시값만,실제 입력 첨부 바이트는 미확인; 보존 VDM과 조건부 대조. 턴·분기는 명시 제목 기반 파싱이며 불완전/재명명 가능. 응답 전용 export 역할 추정; 당시 사용자 프롬프트 미보존. 입력 초기값 출처 및 사건 분류는 이 점검에서 입증하지 않음,아니오,,PDFium second extraction; role boundaries from reviewed records,True,False
PDFIUM-CLA-24-N-00184,CLA-24,runs/raw_logs/Claude_Opus_4/24. Strategic Decision Modeling Protocol.pdf,22,3,Combination 1,,Leadership_Unity,VDM-CLAMP,명시 산술의 내부 일관성,명시 수식×변수,준수,0.71,0.71,• leadership_unity: 0.71 (0.71 - 0.05 + 0.05 = 0.71),"명시 산식 0.71 - 0.05 + 0.05 = 0.71; 상태값은 VDM max(0,min(1,value))로 계산; 초기값/효과 선택의 정당성과 별개.",Python Decimal; 원문 명시값만,실제 입력 첨부 바이트는 미확인; 보존 VDM과 조건부 대조. 턴·분기는 명시 제목 기반 파싱이며 불완전/재명명 가능. 응답 전용 export 역할 추정; 당시 사용자 프롬프트 미보존. 입력 초기값 출처 및 사건 분류는 이 점검에서 입증하지 않음,아니오,,PDFium second extraction; role boundaries from reviewed records,True,False
PDFIUM-CLA-24-N-00192,CLA-24,runs/raw_logs/Claude_Opus_4/24. Strategic Decision Modeling Protocol.pdf,22,3,Combination 2,,Diplomatic_Support,VDM-CLAMP,명시 산술의 내부 일관성,명시 수식×변수,준수,0.48,0.48,• diplomatic_support: 0.48 (0.63 - 0.05 - 0.10 = 0.48),"명시 산식 0.63 - 0.05 - 0.10 = 0.48; 상태값은 VDM max(0,min(1,value))로 계산; 초기값/효과 선택의 정당성과 별개.",Python Decimal; 원문 명시값만,실제 입력 첨부 바이트는 미확인; 보존 VDM과 조건부 대조. 턴·분기는 명시 제목 기반 파싱이며 불완전/재명명 가능. 응답 전용 export 역할 추정; 당시 사용자 프롬프트 미보존. 입력 초기값 출처 및 사건 분류는 이 점검에서 입증하지 않음,아니오,,PDFium second extraction; role boundaries from reviewed records,True,False
PDFIUM-CLA-24-N-00195,CLA-24,runs/raw_logs/Claude_Opus_4/24. Strategic Decision Modeling Protocol.pdf,22,3,Combination 2,,Public_Opinion,VDM-CLAMP,명시 산술의 내부 일관성,명시 수식×변수,준수,0.38,0.38,• public_opinion: 0.38 (0.53 - 0.05 - 0.10 = 0.38),"명시 산식 0.53 - 0.05 - 0.10 = 0.38; 상태값은 VDM max(0,min(1,value))로 계산; 초기값/효과 선택의 정당성과 별개.",Python Decimal; 원문 명시값만,실제 입력 첨부 바이트는 미확인; 보존 VDM과 조건부 대조. 턴·분기는 명시 제목 기반 파싱이며 불완전/재명명 가능. 응답 전용 export 역할 추정; 당시 사용자 프롬프트 미보존. 입력 초기값 출처 및 사건 분류는 이 점검에서 입증하지 않음,아니오,,PDFium second extraction; role boundaries from reviewed records,True,False
PDFIUM-CLA-24-N-00198,CLA-24,runs/raw_logs/Claude_Opus_4/24. Strategic Decision Modeling Protocol.pdf,22,3,Combination 2,,Leadership_Unity,VDM-CLAMP,명시 산술의 내부 일관성,명시 수식×변수,준수,0.19,0.19,• leadership_unity: 0.19 (0.39 - 0.10 - 0.10 = 0.19),"명시 산식 0.39 - 0.10 - 0.10 = 0.19; 상태값은 VDM max(0,min(1,value))로 계산; 초기값/효과 선택의 정당성과 별개.",Python Decimal; 원문 명시값만,실제 입력 첨부 바이트는 미확인; 보존 VDM과 조건부 대조. 턴·분기는 명시 제목 기반 파싱이며 불완전/재명명 가능. 응답 전용 export 역할 추정; 당시 사용자 프롬프트 미보존. 입력 초기값 출처 및 사건 분류는 이 점검에서 입증하지 않음,아니오,,PDFium second extraction; role boundaries from reviewed records,True,False
PDFIUM-CLA-24-N-00204,CLA-24,runs/raw_logs/Claude_Opus_4/24. Strategic Decision Modeling Protocol.pdf,23,3,Combination 3,,Diplomatic_Support,VDM-CLAMP,명시 산술의 내부 일관성,명시 수식×변수,준수,0.37,0.37,• diplomatic_support: 0.37 (0.44 - 0.05 - 0.02 = 0.37),"명시 산식 0.44 - 0.05 - 0.02 = 0.37; 상태값은 VDM max(0,min(1,value))로 계산; 초기값/효과 선택의 정당성과 별개.",Python Decimal; 원문 명시값만,실제 입력 첨부 바이트는 미확인; 보존 VDM과 조건부 대조. 턴·분기는 명시 제목 기반 파싱이며 불완전/재명명 가능. 응답 전용 export 역할 추정; 당시 사용자 프롬프트 미보존. 입력 초기값 출처 및 사건 분류는 이 점검에서 입증하지 않음,아니오,,PDFium second extraction; role boundaries from reviewed records,True,False
PDFIUM-CLA-24-N-00207,CLA-24,runs/raw_logs/Claude_Opus_4/24. Strategic Decision Modeling Protocol.pdf,23,3,Combination 3,,Public_Opinion,VDM-CLAMP,명시 산술의 내부 일관성,명시 수식×변수,준수,0.63,0.63,• public_opinion: 0.63 (0.63 + 0.05 - 0.05 = 0.63),"명시 산식 0.63 + 0.05 - 0.05 = 0.63; 상태값은 VDM max(0,min(1,value))로 계산; 초기값/효과 선택의 정당성과 별개.",Python Decimal; 원문 명시값만,실제 입력 첨부 바이트는 미확인; 보존 VDM과 조건부 대조. 턴·분기는 명시 제목 기반 파싱이며 불완전/재명명 가능. 응답 전용 export 역할 추정; 당시 사용자 프롬프트 미보존. 입력 초기값 출처 및 사건 분류는 이 점검에서 입증하지 않음,아니오,,PDFium second extraction; role boundaries from reviewed records,True,False
PDFIUM-CLA-24-N-00210,CLA-24,runs/raw_logs/Claude_Opus_4/24. Strategic Decision Modeling Protocol.pdf,23,3,Combination 3,,Leadership_Unity,VDM-CLAMP,명시 산술의 내부 일관성,명시 수식×변수,준수,0.65,0.65,• leadership_unity: 0.65 (0.70 - 0.05 = 0.65),"명시 산식 0.70 - 0.05 = 0.65; 상태값은 VDM max(0,min(1,value))로 계산; 초기값/효과 선택의 정당성과 별개.",Python Decimal; 원문 명시값만,실제 입력 첨부 바이트는 미확인; 보존 VDM과 조건부 대조. 턴·분기는 명시 제목 기반 파싱이며 불완전/재명명 가능. 응답 전용 export 역할 추정; 당시 사용자 프롬프트 미보존. 입력 초기값 출처 및 사건 분류는 이 점검에서 입증하지 않음,아니오,,PDFium second extraction; role boundaries from reviewed records,True,False
PDFIUM-CLA-24-N-00244,CLA-24,runs/raw_logs/Claude_Opus_4/24. Strategic Decision Modeling Protocol.pdf,28,4,Combination 1,,Tension,VDM-CLAMP,명시 산술의 내부 일관성,명시 수식×변수,준수,0.65,0.65,• tension: 0.65 (0.65 + 0.10 - 0.05 - 0.05 = 0.65),"명시 산식 0.65 + 0.10 - 0.05 - 0.05 = 0.65; 상태값은 VDM max(0,min(1,value))로 계산; 초기값/효과 선택의 정당성과 별개.",Python Decimal; 원문 명시값만,실제 입력 첨부 바이트는 미확인; 보존 VDM과 조건부 대조. 턴·분기는 명시 제목 기반 파싱이며 불완전/재명명 가능. 응답 전용 export 역할 추정; 당시 사용자 프롬프트 미보존. 입력 초기값 출처 및 사건 분류는 이 점검에서 입증하지 않음,아니오,,PDFium second extraction; role boundaries from reviewed records,True,False
PDFIUM-CLA-24-N-00249,CLA-24,runs/raw_logs/Claude_Opus_4/24. Strategic Decision Modeling Protocol.pdf,28,4,Combination 1,,Public_Opinion,VDM-CLAMP,명시 산술의 내부 일관성,명시 수식×변수,준수,0.8,0.8,• public_opinion: 0.80 (0.70 + 0.05 + 0.05 = 0.80),"명시 산식 0.70 + 0.05 + 0.05 = 0.8; 상태값은 VDM max(0,min(1,value))로 계산; 초기값/효과 선택의 정당성과 별개.",Python Decimal; 원문 명시값만,실제 입력 첨부 바이트는 미확인; 보존 VDM과 조건부 대조. 턴·분기는 명시 제목 기반 파싱이며 불완전/재명명 가능. 응답 전용 export 역할 추정; 당시 사용자 프롬프트 미보존. 입력 초기값 출처 및 사건 분류는 이 점검에서 입증하지 않음,아니오,,PDFium second extraction; role boundaries from reviewed records,True,False
PDFIUM-CLA-24-N-00252,CLA-24,runs/raw_logs/Claude_Opus_4/24. Strategic Decision Modeling Protocol.pdf,28,4,Combination 1,,Leadership_Unity,VDM-CLAMP,명시 산술의 내부 일관성,명시 수식×변수,준수,0.81,0.81,• leadership_unity: 0.81 (0.71 + 0.05 + 0.05 = 0.81),"명시 산식 0.71 + 0.05 + 0.05 = 0.81; 상태값은 VDM max(0,min(1,value))로 계산; 초기값/효과 선택의 정당성과 별개.",Python Decimal; 원문 명시값만,실제 입력 첨부 바이트는 미확인; 보존 VDM과 조건부 대조. 턴·분기는 명시 제목 기반 파싱이며 불완전/재명명 가능. 응답 전용 export 역할 추정; 당시 사용자 프롬프트 미보존. 입력 초기값 출처 및 사건 분류는 이 점검에서 입증하지 않음,아니오,,PDFium second extraction; role boundaries from reviewed records,True,False
PDFIUM-CLA-24-N-00258,CLA-24,runs/raw_logs/Claude_Opus_4/24. Strategic Decision Modeling Protocol.pdf,29,4,Combination 2,,Diplomatic_Support,VDM-CLAMP,명시 산술의 내부 일관성,명시 수식×변수,준수,0.33,0.33,• diplomatic_support: 0.33 (0.48 - 0.05 - 0.10 = 0.33),"명시 산식 0.48 - 0.05 - 0.10 = 0.33; 상태값은 VDM max(0,min(1,value))로 계산; 초기값/효과 선택의 정당성과 별개.",Python Decimal; 원문 명시값만,실제 입력 첨부 바이트는 미확인; 보존 VDM과 조건부 대조. 턴·분기는 명시 제목 기반 파싱이며 불완전/재명명 가능. 응답 전용 export 역할 추정; 당시 사용자 프롬프트 미보존. 입력 초기값 출처 및 사건 분류는 이 점검에서 입증하지 않음,아니오,,PDFium second extraction; role boundaries from reviewed records,True,False
PDFIUM-CLA-24-N-00261,CLA-24,runs/raw_logs/Claude_Opus_4/24. Strategic Decision Modeling Protocol.pdf,29,4,Combination 2,,Public_Opinion,VDM-CLAMP,명시 산술의 내부 일관성,명시 수식×변수,준수,0.18,0.18,• public_opinion: 0.18 (0.38 - 0.10 - 0.10 = 0.18),"명시 산식 0.38 - 0.10 - 0.10 = 0.18; 상태값은 VDM max(0,min(1,value))로 계산; 초기값/효과 선택의 정당성과 별개.",Python Decimal; 원문 명시값만,실제 입력 첨부 바이트는 미확인; 보존 VDM과 조건부 대조. 턴·분기는 명시 제목 기반 파싱이며 불완전/재명명 가능. 응답 전용 export 역할 추정; 당시 사용자 프롬프트 미보존. 입력 초기값 출처 및 사건 분류는 이 점검에서 입증하지 않음,아니오,,PDFium second extraction; role boundaries from reviewed records,True,False
PDFIUM-CLA-24-N-00264,CLA-24,runs/raw_logs/Claude_Opus_4/24. Strategic Decision Modeling Protocol.pdf,29,4,Combination 2,,Leadership_Unity,VDM-CLAMP,명시 산술의 내부 일관성,명시 수식×변수,준수,0.19,0.19,• leadership_unity: 0.19 (0.19 + 0.10 - 0.10 = 0.19),"명시 산식 0.19 + 0.10 - 0.10 = 0.19; 상태값은 VDM max(0,min(1,value))로 계산; 초기값/효과 선택의 정당성과 별개.",Python Decimal; 원문 명시값만,실제 입력 첨부 바이트는 미확인; 보존 VDM과 조건부 대조. 턴·분기는 명시 제목 기반 파싱이며 불완전/재명명 가능. 응답 전용 export 역할 추정; 당시 사용자 프롬프트 미보존. 입력 초기값 출처 및 사건 분류는 이 점검에서 입증하지 않음,아니오,,PDFium second extraction; role boundaries from reviewed records,True,False
PDFIUM-CLA-24-N-00267,CLA-24,runs/raw_logs/Claude_Opus_4/24. Strategic Decision Modeling Protocol.pdf,29,4,Combination 3,,Tension,VDM-CLAMP,명시 산술의 내부 일관성,명시 수식×변수,준수,1,1,"• tension: 1.0 (1.0 + 0.05 - 0.05 = 1.0, clamped)","명시 산식 1.0 + 0.05 - 0.05 = 1; 상태값은 VDM max(0,min(1,value))로 계산; 초기값/효과 선택의 정당성과 별개.",Python Decimal; 원문 명시값만,실제 입력 첨부 바이트는 미확인; 보존 VDM과 조건부 대조. 턴·분기는 명시 제목 기반 파싱이며 불완전/재명명 가능. 응답 전용 export 역할 추정; 당시 사용자 프롬프트 미보존. 입력 초기값 출처 및 사건 분류는 이 점검에서 입증하지 않음,아니오,,PDFium second extraction; role boundaries from reviewed records,True,False
PDFIUM-CLA-24-N-00270,CLA-24,runs/raw_logs/Claude_Opus_4/24. Strategic Decision Modeling Protocol.pdf,29,4,Combination 3,,Diplomatic_Support,VDM-CLAMP,명시 산술의 내부 일관성,명시 수식×변수,준수,0.4,0.4,• diplomatic_support: 0.40 (0.37 - 0.02 + 0.05 = 0.40),"명시 산식 0.37 - 0.02 + 0.05 = 0.4; 상태값은 VDM max(0,min(1,value))로 계산; 초기값/효과 선택의 정당성과 별개.",Python Decimal; 원문 명시값만,실제 입력 첨부 바이트는 미확인; 보존 VDM과 조건부 대조. 턴·분기는 명시 제목 기반 파싱이며 불완전/재명명 가능. 응답 전용 export 역할 추정; 당시 사용자 프롬프트 미보존. 입력 초기값 출처 및 사건 분류는 이 점검에서 입증하지 않음,아니오,,PDFium second extraction; role boundaries from reviewed records,True,False
PDFIUM-CLA-24-N-00273,CLA-24,runs/raw_logs/Claude_Opus_4/24. Strategic Decision Modeling Protocol.pdf,29,4,Combination 3,,Public_Opinion,VDM-CLAMP,명시 산술의 내부 일관성,명시 수식×변수,준수,0.73,0.73,• public_opinion: 0.73 (0.63 + 0.05 + 0.05 = 0.73),"명시 산식 0.63 + 0.05 + 0.05 = 0.73; 상태값은 VDM max(0,min(1,value))로 계산; 초기값/효과 선택의 정당성과 별개.",Python Decimal; 원문 명시값만,실제 입력 첨부 바이트는 미확인; 보존 VDM과 조건부 대조. 턴·분기는 명시 제목 기반 파싱이며 불완전/재명명 가능. 응답 전용 export 역할 추정; 당시 사용자 프롬프트 미보존. 입력 초기값 출처 및 사건 분류는 이 점검에서 입증하지 않음,아니오,,PDFium second extraction; role boundaries from reviewed records,True,False
PDFIUM-CLA-24-N-00276,CLA-24,runs/raw_logs/Claude_Opus_4/24. Strategic Decision Modeling Protocol.pdf,29,4,Combination 3,,Leadership_Unity,VDM-CLAMP,명시 산술의 내부 일관성,명시 수식×변수,준수,0.7,0.7,• leadership_unity: 0.70 (0.65 + 0.0 + 0.05 = 0.70),"명시 산식 0.65 + 0.0 + 0.05 = 0.7; 상태값은 VDM max(0,min(1,value))로 계산; 초기값/효과 선택의 정당성과 별개.",Python Decimal; 원문 명시값만,실제 입력 첨부 바이트는 미확인; 보존 VDM과 조건부 대조. 턴·분기는 명시 제목 기반 파싱이며 불완전/재명명 가능. 응답 전용 export 역할 추정; 당시 사용자 프롬프트 미보존. 입력 초기값 출처 및 사건 분류는 이 점검에서 입증하지 않음,아니오,,PDFium second extraction; role boundaries from reviewed records,True,False
PDFIUM-CLA-26-N-00007,CLA-26,runs/raw_logs/Claude_Opus_4/26. Strategic Decision Modeling Protocol.pdf,6,1,Combination 1,,Tension,VDM-CLAMP,명시 산술의 내부 일관성,명시 수식×변수,준수,1,1,• tension: 0.5 + 0.30 + 0.45 = 1.0 (clamped to maximum 1.0),"명시 산식 0.5 + 0.30 + 0.45 = 1.25; 상태값은 VDM max(0,min(1,value))로 계산; 초기값/효과 선택의 정당성과 별개.",Python Decimal; 원문 명시값만,실제 입력 첨부 바이트는 미확인; 보존 VDM과 조건부 대조. 턴·분기는 명시 제목 기반 파싱이며 불완전/재명명 가능. 응답 전용 export 역할 추정; 당시 사용자 프롬프트 미보존. 입력 초기값 출처 및 사건 분류는 이 점검에서 입증하지 않음,아니오,,PDFium second extraction; role boundaries from reviewed records,True,False
PDFIUM-CLA-26-N-00010,CLA-26,runs/raw_logs/Claude_Opus_4/26. Strategic Decision Modeling Protocol.pdf,6,1,Combination 1,,Diplomatic_Support,VDM-CLAMP,명시 산술의 내부 일관성,명시 수식×변수,준수,1,1,• diplomatic_support: 0.5 + 0.65 + 0.60 = 1.0 (clamped to maximum 1.0),"명시 산식 0.5 + 0.65 + 0.60 = 1.75; 상태값은 VDM max(0,min(1,value))로 계산; 초기값/효과 선택의 정당성과 별개.",Python Decimal; 원문 명시값만,실제 입력 첨부 바이트는 미확인; 보존 VDM과 조건부 대조. 턴·분기는 명시 제목 기반 파싱이며 불완전/재명명 가능. 응답 전용 export 역할 추정; 당시 사용자 프롬프트 미보존. 입력 초기값 출처 및 사건 분류는 이 점검에서 입증하지 않음,아니오,,PDFium second extraction; role boundaries from reviewed records,True,False
PDFIUM-CLA-26-N-00015,CLA-26,runs/raw_logs/Claude_Opus_4/26. Strategic Decision Modeling Protocol.pdf,6,1,Combination 1,,Leadership_Unity,VDM-CLAMP,명시 산술의 내부 일관성,명시 수식×변수,준수,1,1,• leadership_unity: 0.5 + 0.80 = 1.0 (clamped to maximum 1.0),"명시 산식 0.5 + 0.80 = 1.3; 상태값은 VDM max(0,min(1,value))로 계산; 초기값/효과 선택의 정당성과 별개.",Python Decimal; 원문 명시값만,실제 입력 첨부 바이트는 미확인; 보존 VDM과 조건부 대조. 턴·분기는 명시 제목 기반 파싱이며 불완전/재명명 가능. 응답 전용 export 역할 추정; 당시 사용자 프롬프트 미보존. 입력 초기값 출처 및 사건 분류는 이 점검에서 입증하지 않음,아니오,,PDFium second extraction; role boundaries from reviewed records,True,False
PDFIUM-CLA-26-N-00021,CLA-26,runs/raw_logs/Claude_Opus_4/26. Strategic Decision Modeling Protocol.pdf,7,1,Combination 2,,Tension,VDM-CLAMP,명시 산술의 내부 일관성,명시 수식×변수,준수,0.95,0.95,• tension: 0.5 + 0.45 = 0.95,"명시 산식 0.5 + 0.45 = 0.95; 상태값은 VDM max(0,min(1,value))로 계산; 초기값/효과 선택의 정당성과 별개.",Python Decimal; 원문 명시값만,실제 입력 첨부 바이트는 미확인; 보존 VDM과 조건부 대조. 턴·분기는 명시 제목 기반 파싱이며 불완전/재명명 가능. 응답 전용 export 역할 추정; 당시 사용자 프롬프트 미보존. 입력 초기값 출처 및 사건 분류는 이 점검에서 입증하지 않음,아니오,,PDFium second extraction; role boundaries from reviewed records,True,False
PDFIUM-CLA-26-N-00024,CLA-26,runs/raw_logs/Claude_Opus_4/26. Strategic Decision Modeling Protocol.pdf,7,1,Combination 2,,Diplomatic_Support,VDM-CLAMP,명시 산술의 내부 일관성,명시 수식×변수,준수,1,1,• diplomatic_support: 0.5 + 0.60 = 1.0 (clamped to maximum 1.0),"명시 산식 0.5 + 0.60 = 1.1; 상태값은 VDM max(0,min(1,value))로 계산; 초기값/효과 선택의 정당성과 별개.",Python Decimal; 원문 명시값만,실제 입력 첨부 바이트는 미확인; 보존 VDM과 조건부 대조. 턴·분기는 명시 제목 기반 파싱이며 불완전/재명명 가능. 응답 전용 export 역할 추정; 당시 사용자 프롬프트 미보존. 입력 초기값 출처 및 사건 분류는 이 점검에서 입증하지 않음,아니오,,PDFium second extraction; role boundaries from reviewed records,True,False
PDFIUM-CLA-26-N-00027,CLA-26,runs/raw_logs/Claude_Opus_4/26. Strategic Decision Modeling Protocol.pdf,7,1,Combination 2,,Public_Opinion,VDM-CLAMP,명시 산술의 내부 일관성,명시 수식×변수,준수,1,1,• public_opinion: 0.5 + 0.55 = 1.0 (clamped to maximum 1.0),"명시 산식 0.5 + 0.55 = 1.05; 상태값은 VDM max(0,min(1,value))로 계산; 초기값/효과 선택의 정당성과 별개.",Python Decimal; 원문 명시값만,실제 입력 첨부 바이트는 미확인; 보존 VDM과 조건부 대조. 턴·분기는 명시 제목 기반 파싱이며 불완전/재명명 가능. 응답 전용 export 역할 추정; 당시 사용자 프롬프트 미보존. 입력 초기값 출처 및 사건 분류는 이 점검에서 입증하지 않음,아니오,,PDFium second extraction; role boundaries from reviewed records,True,False
PDFIUM-CLA-26-N-00036,CLA-26,runs/raw_logs/Claude_Opus_4/26. Strategic Decision Modeling Protocol.pdf,8,1,Combination 3,,Tension,VDM-CLAMP,명시 산술의 내부 일관성,명시 수식×변수,준수,1,1,• tension: 0.5 + 0.30 + 0.45 = 1.0 (clamped to maximum 1.0),"명시 산식 0.5 + 0.30 + 0.45 = 1.25; 상태값은 VDM max(0,min(1,value))로 계산; 초기값/효과 선택의 정당성과 별개.",Python Decimal; 원문 명시값만,실제 입력 첨부 바이트는 미확인; 보존 VDM과 조건부 대조. 턴·분기는 명시 제목 기반 파싱이며 불완전/재명명 가능. 응답 전용 export 역할 추정; 당시 사용자 프롬프트 미보존. 입력 초기값 출처 및 사건 분류는 이 점검에서 입증하지 않음,아니오,,PDFium second extraction; role boundaries from reviewed records,True,False
PDFIUM-CLA-26-N-00043,CLA-26,runs/raw_logs/Claude_Opus_4/26. Strategic Decision Modeling Protocol.pdf,8,1,Combination 3,,Leadership_Unity,VDM-CLAMP,명시 산술의 내부 일관성,명시 수식×변수,준수,1,1,• leadership_unity: 0.5 + 0.80 + 0.65 = 1.0 (clamped to maximum 1.0),"명시 산식 0.5 + 0.80 + 0.65 = 1.95; 상태값은 VDM max(0,min(1,value))로 계산; 초기값/효과 선택의 정당성과 별개.",Python Decimal; 원문 명시값만,실제 입력 첨부 바이트는 미확인; 보존 VDM과 조건부 대조. 턴·분기는 명시 제목 기반 파싱이며 불완전/재명명 가능. 응답 전용 export 역할 추정; 당시 사용자 프롬프트 미보존. 입력 초기값 출처 및 사건 분류는 이 점검에서 입증하지 않음,아니오,,PDFium second extraction; role boundaries from reviewed records,True,False
PDFIUM-CLA-26-N-00055,CLA-26,runs/raw_logs/Claude_Opus_4/26. Strategic Decision Modeling Protocol.pdf,16,1,Combination 1,,Tension,VDM-CLAMP,명시 산술의 내부 일관성,명시 수식×변수,준수,0.1,0.1,• Tension: +0.15 -0.05 = +0.10 → 1.0 (already at maximum),명시 산식 +0.15 -0.05 = 0.1; 변화량 합계로 계산; 초기값/효과 선택의 정당성과 별개.,Python Decimal; 원문 명시값만,실제 입력 첨부 바이트는 미확인; 보존 VDM과 조건부 대조. 턴·분기는 명시 제목 기반 파싱이며 불완전/재명명 가능. 응답 전용 export 역할 추정; 당시 사용자 프롬프트 미보존. 입력 초기값 출처 및 사건 분류는 이 점검에서 입증하지 않음,아니오,,PDFium second extraction; role boundaries from reviewed records,True,False
PDFIUM-CLA-26-N-00056,CLA-26,runs/raw_logs/Claude_Opus_4/26. Strategic Decision Modeling Protocol.pdf,16,1,Combination 1,,Diplomatic_Support,VDM-CLAMP,명시 산술의 내부 일관성,명시 수식×변수,준수,0.05,0.05,• Diplomatic_Support: -0.05 +0.10 = +0.05 → 1.0 (clamped to maximum),명시 산식 -0.05 +0.10 = 0.05; 변화량 합계로 계산; 초기값/효과 선택의 정당성과 별개.,Python Decimal; 원문 명시값만,실제 입력 첨부 바이트는 미확인; 보존 VDM과 조건부 대조. 턴·분기는 명시 제목 기반 파싱이며 불완전/재명명 가능. 응답 전용 export 역할 추정; 당시 사용자 프롬프트 미보존. 입력 초기값 출처 및 사건 분류는 이 점검에서 입증하지 않음,아니오,,PDFium second extraction; role boundaries from reviewed records,True,False
PDFIUM-CLA-26-N-00057,CLA-26,runs/raw_logs/Claude_Opus_4/26. Strategic Decision Modeling Protocol.pdf,16,1,Combination 1,,Public_Opinion,VDM-CLAMP,명시 산술의 내부 일관성,명시 수식×변수,준수,0,0,• Public_Opinion: -0.05 +0.05 = 0 → 0.48,명시 산식 -0.05 +0.05 = 0; 변화량 합계로 계산; 초기값/효과 선택의 정당성과 별개.,Python Decimal; 원문 명시값만,실제 입력 첨부 바이트는 미확인; 보존 VDM과 조건부 대조. 턴·분기는 명시 제목 기반 파싱이며 불완전/재명명 가능. 응답 전용 export 역할 추정; 당시 사용자 프롬프트 미보존. 입력 초기값 출처 및 사건 분류는 이 점검에서 입증하지 않음,아니오,,PDFium second extraction; role boundaries from reviewed records,True,False
PDFIUM-CLA-26-N-00058,CLA-26,runs/raw_logs/Claude_Opus_4/26. Strategic Decision Modeling Protocol.pdf,16,1,Combination 1,,Leadership_Unity,VDM-CLAMP,명시 산술의 내부 일관성,명시 수식×변수,준수,-0.05,-0.05,• Leadership_Unity: -0.10 +0.05 = -0.05 → 0.90,명시 산식 -0.10 +0.05 = -0.05; 변화량 합계로 계산; 초기값/효과 선택의 정당성과 별개.,Python Decimal; 원문 명시값만,실제 입력 첨부 바이트는 미확인; 보존 VDM과 조건부 대조. 턴·분기는 명시 제목 기반 파싱이며 불완전/재명명 가능. 응답 전용 export 역할 추정; 당시 사용자 프롬프트 미보존. 입력 초기값 출처 및 사건 분류는 이 점검에서 입증하지 않음,아니오,,PDFium second extraction; role boundaries from reviewed records,True,False
PDFIUM-CLA-26-N-00065,CLA-26,runs/raw_logs/Claude_Opus_4/26. Strategic Decision Modeling Protocol.pdf,28,1,Combination 3,,Tension,VDM-CLAMP,명시 산술의 내부 일관성,명시 수식×변수,판정 불가,+0.05 -0.05 → 1.0 (unchanged at maximum),,• Tension: +0.05 -0.05 → 1.0 (unchanged at maximum),보고 결과와 완전한 수식 경계가 없음,Python Decimal; 원문 명시값만,실제 입력 첨부 바이트는 미확인; 보존 VDM과 조건부 대조. 턴·분기는 명시 제목 기반 파싱이며 불완전/재명명 가능. 응답 전용 export 역할 추정; 당시 사용자 프롬프트 미보존. ,예,,PDFium second extraction; role boundaries from reviewed records,True,False
PDFIUM-CLA-26-N-00066,CLA-26,runs/raw_logs/Claude_Opus_4/26. Strategic Decision Modeling Protocol.pdf,28,1,Combination 3,,Leadership_Unity,VDM-CLAMP,명시 산술의 내부 일관성,명시 수식×변수,판정 불가,-0.05 +0.05 → 0.85 (unchanged),,• Leadership_Unity: -0.05 +0.05 → 0.85 (unchanged),보고 결과와 완전한 수식 경계가 없음,Python Decimal; 원문 명시값만,실제 입력 첨부 바이트는 미확인; 보존 VDM과 조건부 대조. 턴·분기는 명시 제목 기반 파싱이며 불완전/재명명 가능. 응답 전용 export 역할 추정; 당시 사용자 프롬프트 미보존. ,예,,PDFium second extraction; role boundaries from reviewed records,True,False
PDFIUM-CLA-27-N-00001,CLA-27,runs/raw_logs/Claude_Opus_4/27. Strategic Decision Modeling Protocol.pdf,6,1,Most Plausible Path,,Tension,VDM-CLAMP,명시 산술의 내부 일관성,명시 수식×변수,준수,1,1,"• tension: 1.0 (0.5 + 0.3 + 0.45 = 1.25, clamped to 1.0)","명시 산식 0.5 + 0.3 + 0.45 = 1.25; 상태값은 VDM max(0,min(1,value))로 계산; 초기값/효과 선택의 정당성과 별개.",Python Decimal; 원문 명시값만,실제 입력 첨부 바이트는 미확인; 보존 VDM과 조건부 대조. 턴·분기는 명시 제목 기반 파싱이며 불완전/재명명 가능. 응답 전용 export 역할 추정; 당시 사용자 프롬프트 미보존. 입력 초기값 출처 및 사건 분류는 이 점검에서 입증하지 않음,아니오,,PDFium second extraction; role boundaries from reviewed records,True,False
PDFIUM-CLA-27-N-00008,CLA-27,runs/raw_logs/Claude_Opus_4/27. Strategic Decision Modeling Protocol.pdf,6,1,Most Plausible Path,,Leadership_Unity,VDM-CLAMP,명시 산술의 내부 일관성,명시 수식×변수,준수,1,1,"• leadership_unity: 1.0 (0.5 + 0.8 + 0.65 = 1.95, clamped to 1.0)","명시 산식 0.5 + 0.8 + 0.65 = 1.95; 상태값은 VDM max(0,min(1,value))로 계산; 초기값/효과 선택의 정당성과 별개.",Python Decimal; 원문 명시값만,실제 입력 첨부 바이트는 미확인; 보존 VDM과 조건부 대조. 턴·분기는 명시 제목 기반 파싱이며 불완전/재명명 가능. 응답 전용 export 역할 추정; 당시 사용자 프롬프트 미보존. 입력 초기값 출처 및 사건 분류는 이 점검에서 입증하지 않음,아니오,,PDFium second extraction; role boundaries from reviewed records,True,False
PDFIUM-CLA-27-N-00011,CLA-27,runs/raw_logs/Claude_Opus_4/27. Strategic Decision Modeling Protocol.pdf,7,1,Alternative Path 1,,Tension,VDM-CLAMP,명시 산술의 내부 일관성,명시 수식×변수,준수,0.45,0.45,• tension: 0.45 (0.5 - 0.05),"명시 산식 0.5 - 0.05 = 0.45; 상태값은 VDM max(0,min(1,value))로 계산; 초기값/효과 선택의 정당성과 별개.",Python Decimal; 원문 명시값만,실제 입력 첨부 바이트는 미확인; 보존 VDM과 조건부 대조. 턴·분기는 명시 제목 기반 파싱이며 불완전/재명명 가능. 응답 전용 export 역할 추정; 당시 사용자 프롬프트 미보존. 입력 초기값 출처 및 사건 분류는 이 점검에서 입증하지 않음,아니오,,PDFium second extraction; role boundaries from reviewed records,True,False
PDFIUM-CLA-27-N-00014,CLA-27,runs/raw_logs/Claude_Opus_4/27. Strategic Decision Modeling Protocol.pdf,7,1,Alternative Path 1,,Diplomatic_Support,VDM-CLAMP,명시 산술의 내부 일관성,명시 수식×변수,준수,0.6,0.6,• diplomatic_support: 0.60 (0.5 + 0.10),"명시 산식 0.5 + 0.10 = 0.6; 상태값은 VDM max(0,min(1,value))로 계산; 초기값/효과 선택의 정당성과 별개.",Python Decimal; 원문 명시값만,실제 입력 첨부 바이트는 미확인; 보존 VDM과 조건부 대조. 턴·분기는 명시 제목 기반 파싱이며 불완전/재명명 가능. 응답 전용 export 역할 추정; 당시 사용자 프롬프트 미보존. 입력 초기값 출처 및 사건 분류는 이 점검에서 입증하지 않음,아니오,,PDFium second extraction; role boundaries from reviewed records,True,False
PDFIUM-CLA-27-N-00017,CLA-27,runs/raw_logs/Claude_Opus_4/27. Strategic Decision Modeling Protocol.pdf,7,1,Alternative Path 1,,Public_Opinion,VDM-CLAMP,명시 산술의 내부 일관성,명시 수식×변수,준수,0.55,0.55,• public_opinion: 0.55 (0.5 + 0.05),"명시 산식 0.5 + 0.05 = 0.55; 상태값은 VDM max(0,min(1,value))로 계산; 초기값/효과 선택의 정당성과 별개.",Python Decimal; 원문 명시값만,실제 입력 첨부 바이트는 미확인; 보존 VDM과 조건부 대조. 턴·분기는 명시 제목 기반 파싱이며 불완전/재명명 가능. 응답 전용 export 역할 추정; 당시 사용자 프롬프트 미보존. 입력 초기값 출처 및 사건 분류는 이 점검에서 입증하지 않음,아니오,,PDFium second extraction; role boundaries from reviewed records,True,False
PDFIUM-CLA-27-N-00020,CLA-27,runs/raw_logs/Claude_Opus_4/27. Strategic Decision Modeling Protocol.pdf,7,1,Alternative Path 1,,Leadership_Unity,VDM-CLAMP,명시 산술의 내부 일관성,명시 수식×변수,준수,0.55,0.55,• leadership_unity: 0.55 (0.5 + 0.05),"명시 산식 0.5 + 0.05 = 0.55; 상태값은 VDM max(0,min(1,value))로 계산; 초기값/효과 선택의 정당성과 별개.",Python Decimal; 원문 명시값만,실제 입력 첨부 바이트는 미확인; 보존 VDM과 조건부 대조. 턴·분기는 명시 제목 기반 파싱이며 불완전/재명명 가능. 응답 전용 export 역할 추정; 당시 사용자 프롬프트 미보존. 입력 초기값 출처 및 사건 분류는 이 점검에서 입증하지 않음,아니오,,PDFium second extraction; role boundaries from reviewed records,True,False
PDFIUM-CLA-27-N-00023,CLA-27,runs/raw_logs/Claude_Opus_4/27. Strategic Decision Modeling Protocol.pdf,8,1,Alternative Path 2,,Tension,VDM-CLAMP,명시 산술의 내부 일관성,명시 수식×변수,준수,1,1,• tension: 1.0 (0.5 + 0.05 + 0.45 = 1.0),"명시 산식 0.5 + 0.05 + 0.45 = 1; 상태값은 VDM max(0,min(1,value))로 계산; 초기값/효과 선택의 정당성과 별개.",Python Decimal; 원문 명시값만,실제 입력 첨부 바이트는 미확인; 보존 VDM과 조건부 대조. 턴·분기는 명시 제목 기반 파싱이며 불완전/재명명 가능. 응답 전용 export 역할 추정; 당시 사용자 프롬프트 미보존. 입력 초기값 출처 및 사건 분류는 이 점검에서 입증하지 않음,아니오,,PDFium second extraction; role boundaries from reviewed records,True,False
PDFIUM-CLA-27-N-00026,CLA-27,runs/raw_logs/Claude_Opus_4/27. Strategic Decision Modeling Protocol.pdf,8,1,Alternative Path 2,,Diplomatic_Support,VDM-CLAMP,명시 산술의 내부 일관성,명시 수식×변수,준수,0.48,0.48,• diplomatic_support: 0.48 (0.5 - 0.02),"명시 산식 0.5 - 0.02 = 0.48; 상태값은 VDM max(0,min(1,value))로 계산; 초기값/효과 선택의 정당성과 별개.",Python Decimal; 원문 명시값만,실제 입력 첨부 바이트는 미확인; 보존 VDM과 조건부 대조. 턴·분기는 명시 제목 기반 파싱이며 불완전/재명명 가능. 응답 전용 export 역할 추정; 당시 사용자 프롬프트 미보존. 입력 초기값 출처 및 사건 분류는 이 점검에서 입증하지 않음,아니오,,PDFium second extraction; role boundaries from reviewed records,True,False
PDFIUM-CLA-27-N-00029,CLA-27,runs/raw_logs/Claude_Opus_4/27. Strategic Decision Modeling Protocol.pdf,8,1,Alternative Path 2,,Public_Opinion,VDM-CLAMP,명시 산술의 내부 일관성,명시 수식×변수,준수,0.48,0.48,• public_opinion: 0.48 (0.5 - 0.02),"명시 산식 0.5 - 0.02 = 0.48; 상태값은 VDM max(0,min(1,value))로 계산; 초기값/효과 선택의 정당성과 별개.",Python Decimal; 원문 명시값만,실제 입력 첨부 바이트는 미확인; 보존 VDM과 조건부 대조. 턴·분기는 명시 제목 기반 파싱이며 불완전/재명명 가능. 응답 전용 export 역할 추정; 당시 사용자 프롬프트 미보존. 입력 초기값 출처 및 사건 분류는 이 점검에서 입증하지 않음,아니오,,PDFium second extraction; role boundaries from reviewed records,True,False
PDFIUM-CLA-27-N-00032,CLA-27,runs/raw_logs/Claude_Opus_4/27. Strategic Decision Modeling Protocol.pdf,8,1,Alternative Path 2,,Leadership_Unity,VDM-CLAMP,명시 산술의 내부 일관성,명시 수식×변수,준수,0.45,0.45,• leadership_unity: 0.45 (0.5 - 0.05),"명시 산식 0.5 - 0.05 = 0.45; 상태값은 VDM max(0,min(1,value))로 계산; 초기값/효과 선택의 정당성과 별개.",Python Decimal; 원문 명시값만,실제 입력 첨부 바이트는 미확인; 보존 VDM과 조건부 대조. 턴·분기는 명시 제목 기반 파싱이며 불완전/재명명 가능. 응답 전용 export 역할 추정; 당시 사용자 프롬프트 미보존. 입력 초기값 출처 및 사건 분류는 이 점검에서 입증하지 않음,아니오,,PDFium second extraction; role boundaries from reviewed records,True,False
PDFIUM-CLA-27-N-00120,CLA-27,runs/raw_logs/Claude_Opus_4/27. Strategic Decision Modeling Protocol.pdf,20,3,S,,Tension,VDM-CLAMP,명시 산술의 내부 일관성,명시 수식×변수,준수,1,1,• tension: 1.0 (0.95 + 0.05 = 1.0),"명시 산식 0.95 + 0.05 = 1; 상태값은 VDM max(0,min(1,value))로 계산; 초기값/효과 선택의 정당성과 별개.",Python Decimal; 원문 명시값만,실제 입력 첨부 바이트는 미확인; 보존 VDM과 조건부 대조. 턴·분기는 명시 제목 기반 파싱이며 불완전/재명명 가능. 응답 전용 export 역할 추정; 당시 사용자 프롬프트 미보존. 입력 초기값 출처 및 사건 분류는 이 점검에서 입증하지 않음,아니오,,PDFium second extraction; role boundaries from reviewed records,True,False
PDFIUM-CLA-27-N-00123,CLA-27,runs/raw_logs/Claude_Opus_4/27. Strategic Decision Modeling Protocol.pdf,20,3,S,,Diplomatic_Support,VDM-CLAMP,명시 산술의 내부 일관성,명시 수식×변수,준수,0.51,0.51,• diplomatic_support: 0.51 (0.53 - 0.02),"명시 산식 0.53 - 0.02 = 0.51; 상태값은 VDM max(0,min(1,value))로 계산; 초기값/효과 선택의 정당성과 별개.",Python Decimal; 원문 명시값만,실제 입력 첨부 바이트는 미확인; 보존 VDM과 조건부 대조. 턴·분기는 명시 제목 기반 파싱이며 불완전/재명명 가능. 응답 전용 export 역할 추정; 당시 사용자 프롬프트 미보존. 입력 초기값 출처 및 사건 분류는 이 점검에서 입증하지 않음,아니오,,PDFium second extraction; role boundaries from reviewed records,True,False
PDFIUM-CLA-27-N-00126,CLA-27,runs/raw_logs/Claude_Opus_4/27. Strategic Decision Modeling Protocol.pdf,20,3,S,,Public_Opinion,VDM-CLAMP,명시 산술의 내부 일관성,명시 수식×변수,준수,0.56,0.56,• public_opinion: 0.56 (0.58 - 0.02),"명시 산식 0.58 - 0.02 = 0.56; 상태값은 VDM max(0,min(1,value))로 계산; 초기값/효과 선택의 정당성과 별개.",Python Decimal; 원문 명시값만,실제 입력 첨부 바이트는 미확인; 보존 VDM과 조건부 대조. 턴·분기는 명시 제목 기반 파싱이며 불완전/재명명 가능. 응답 전용 export 역할 추정; 당시 사용자 프롬프트 미보존. 입력 초기값 출처 및 사건 분류는 이 점검에서 입증하지 않음,아니오,,PDFium second extraction; role boundaries from reviewed records,True,False
PDFIUM-CLA-27-N-00129,CLA-27,runs/raw_logs/Claude_Opus_4/27. Strategic Decision Modeling Protocol.pdf,20,3,S,,Leadership_Unity,VDM-CLAMP,명시 산술의 내부 일관성,명시 수식×변수,준수,0.5,0.5,• leadership_unity: 0.50 (0.55 - 0.05),"명시 산식 0.55 - 0.05 = 0.5; 상태값은 VDM max(0,min(1,value))로 계산; 초기값/효과 선택의 정당성과 별개.",Python Decimal; 원문 명시값만,실제 입력 첨부 바이트는 미확인; 보존 VDM과 조건부 대조. 턴·분기는 명시 제목 기반 파싱이며 불완전/재명명 가능. 응답 전용 export 역할 추정; 당시 사용자 프롬프트 미보존. 입력 초기값 출처 및 사건 분류는 이 점검에서 입증하지 않음,아니오,,PDFium second extraction; role boundaries from reviewed records,True,False
PDFIUM-CLA-27-N-00158,CLA-27,runs/raw_logs/Claude_Opus_4/27. Strategic Decision Modeling Protocol.pdf,26,4,S,,Tension,VDM-CLAMP,명시 산술의 내부 일관성,명시 수식×변수,준수,0.95,0.95,• tension: 0.95 (1.0 - 0.05),"명시 산식 1.0 - 0.05 = 0.95; 상태값은 VDM max(0,min(1,value))로 계산; 초기값/효과 선택의 정당성과 별개.",Python Decimal; 원문 명시값만,실제 입력 첨부 바이트는 미확인; 보존 VDM과 조건부 대조. 턴·분기는 명시 제목 기반 파싱이며 불완전/재명명 가능. 응답 전용 export 역할 추정; 당시 사용자 프롬프트 미보존. 입력 초기값 출처 및 사건 분류는 이 점검에서 입증하지 않음,아니오,,PDFium second extraction; role boundaries from reviewed records,True,False
PDFIUM-CLA-27-N-00161,CLA-27,runs/raw_logs/Claude_Opus_4/27. Strategic Decision Modeling Protocol.pdf,26,4,S,,Diplomatic_Support,VDM-CLAMP,명시 산술의 내부 일관성,명시 수식×변수,준수,0.6,0.6,• diplomatic_support: 0.60 (0.5 + 0.10),"명시 산식 0.5 + 0.10 = 0.6; 상태값은 VDM max(0,min(1,value))로 계산; 초기값/효과 선택의 정당성과 별개.",Python Decimal; 원문 명시값만,실제 입력 첨부 바이트는 미확인; 보존 VDM과 조건부 대조. 턴·분기는 명시 제목 기반 파싱이며 불완전/재명명 가능. 응답 전용 export 역할 추정; 당시 사용자 프롬프트 미보존. 입력 초기값 출처 및 사건 분류는 이 점검에서 입증하지 않음,아니오,,PDFium second extraction; role boundaries from reviewed records,True,False
PDFIUM-CLA-27-N-00164,CLA-27,runs/raw_logs/Claude_Opus_4/27. Strategic Decision Modeling Protocol.pdf,26,4,S,,Public_Opinion,VDM-CLAMP,명시 산술의 내부 일관성,명시 수식×변수,준수,0.55,0.55,• public_opinion: 0.55 (0.5 + 0.05),"명시 산식 0.5 + 0.05 = 0.55; 상태값은 VDM max(0,min(1,value))로 계산; 초기값/효과 선택의 정당성과 별개.",Python Decimal; 원문 명시값만,실제 입력 첨부 바이트는 미확인; 보존 VDM과 조건부 대조. 턴·분기는 명시 제목 기반 파싱이며 불완전/재명명 가능. 응답 전용 export 역할 추정; 당시 사용자 프롬프트 미보존. 입력 초기값 출처 및 사건 분류는 이 점검에서 입증하지 않음,아니오,,PDFium second extraction; role boundaries from reviewed records,True,False
PDFIUM-CLA-27-N-00167,CLA-27,runs/raw_logs/Claude_Opus_4/27. Strategic Decision Modeling Protocol.pdf,26,4,S,,Leadership_Unity,VDM-CLAMP,명시 산술의 내부 일관성,명시 수식×변수,준수,0.7,0.7,• leadership_unity: 0.70 (0.65 + 0.05),"명시 산식 0.65 + 0.05 = 0.7; 상태값은 VDM max(0,min(1,value))로 계산; 초기값/효과 선택의 정당성과 별개.",Python Decimal; 원문 명시값만,실제 입력 첨부 바이트는 미확인; 보존 VDM과 조건부 대조. 턴·분기는 명시 제목 기반 파싱이며 불완전/재명명 가능. 응답 전용 export 역할 추정; 당시 사용자 프롬프트 미보존. 입력 초기값 출처 및 사건 분류는 이 점검에서 입증하지 않음,아니오,,PDFium second extraction; role boundaries from reviewed records,True,False
PDFIUM-CLA-27-N-00173,CLA-27,runs/raw_logs/Claude_Opus_4/27. Strategic Decision Modeling Protocol.pdf,26,4,S,,Tension,VDM-CLAMP,명시 산술의 내부 일관성,명시 수식×변수,준수,0.35,0.35,• tension: 0.35 (0.40 - 0.05),"명시 산식 0.40 - 0.05 = 0.35; 상태값은 VDM max(0,min(1,value))로 계산; 초기값/효과 선택의 정당성과 별개.",Python Decimal; 원문 명시값만,실제 입력 첨부 바이트는 미확인; 보존 VDM과 조건부 대조. 턴·분기는 명시 제목 기반 파싱이며 불완전/재명명 가능. 응답 전용 export 역할 추정; 당시 사용자 프롬프트 미보존. 입력 초기값 출처 및 사건 분류는 이 점검에서 입증하지 않음,아니오,,PDFium second extraction; role boundaries from reviewed records,True,False
PDFIUM-CLA-27-N-00176,CLA-27,runs/raw_logs/Claude_Opus_4/27. Strategic Decision Modeling Protocol.pdf,26,4,S,,Diplomatic_Support,VDM-CLAMP,명시 산술의 내부 일관성,명시 수식×변수,준수,0.8,0.8,• diplomatic_support: 0.80 (0.70 + 0.10),"명시 산식 0.70 + 0.10 = 0.8; 상태값은 VDM max(0,min(1,value))로 계산; 초기값/효과 선택의 정당성과 별개.",Python Decimal; 원문 명시값만,실제 입력 첨부 바이트는 미확인; 보존 VDM과 조건부 대조. 턴·분기는 명시 제목 기반 파싱이며 불완전/재명명 가능. 응답 전용 export 역할 추정; 당시 사용자 프롬프트 미보존. 입력 초기값 출처 및 사건 분류는 이 점검에서 입증하지 않음,아니오,,PDFium second extraction; role boundaries from reviewed records,True,False
PDFIUM-CLA-27-N-00179,CLA-27,runs/raw_logs/Claude_Opus_4/27. Strategic Decision Modeling Protocol.pdf,26,4,S,,Public_Opinion,VDM-CLAMP,명시 산술의 내부 일관성,명시 수식×변수,준수,0.65,0.65,• public_opinion: 0.65 (0.60 + 0.05),"명시 산식 0.60 + 0.05 = 0.65; 상태값은 VDM max(0,min(1,value))로 계산; 초기값/효과 선택의 정당성과 별개.",Python Decimal; 원문 명시값만,실제 입력 첨부 바이트는 미확인; 보존 VDM과 조건부 대조. 턴·분기는 명시 제목 기반 파싱이며 불완전/재명명 가능. 응답 전용 export 역할 추정; 당시 사용자 프롬프트 미보존. 입력 초기값 출처 및 사건 분류는 이 점검에서 입증하지 않음,아니오,,PDFium second extraction; role boundaries from reviewed records,True,False
PDFIUM-CLA-27-N-00182,CLA-27,runs/raw_logs/Claude_Opus_4/27. Strategic Decision Modeling Protocol.pdf,26,4,S,,Leadership_Unity,VDM-CLAMP,명시 산술의 내부 일관성,명시 수식×변수,준수,0.65,0.65,• leadership_unity: 0.65 (0.60 + 0.05),"명시 산식 0.60 + 0.05 = 0.65; 상태값은 VDM max(0,min(1,value))로 계산; 초기값/효과 선택의 정당성과 별개.",Python Decimal; 원문 명시값만,실제 입력 첨부 바이트는 미확인; 보존 VDM과 조건부 대조. 턴·분기는 명시 제목 기반 파싱이며 불완전/재명명 가능. 응답 전용 export 역할 추정; 당시 사용자 프롬프트 미보존. 입력 초기값 출처 및 사건 분류는 이 점검에서 입증하지 않음,아니오,,PDFium second extraction; role boundaries from reviewed records,True,False
PDFIUM-CLA-27-N-00188,CLA-27,runs/raw_logs/Claude_Opus_4/27. Strategic Decision Modeling Protocol.pdf,27,4,S,,Tension,VDM-CLAMP,명시 산술의 내부 일관성,명시 수식×변수,준수,0.95,0.95,• tension: 0.95 (1.0 - 0.05),"명시 산식 1.0 - 0.05 = 0.95; 상태값은 VDM max(0,min(1,value))로 계산; 초기값/효과 선택의 정당성과 별개.",Python Decimal; 원문 명시값만,실제 입력 첨부 바이트는 미확인; 보존 VDM과 조건부 대조. 턴·분기는 명시 제목 기반 파싱이며 불완전/재명명 가능. 응답 전용 export 역할 추정; 당시 사용자 프롬프트 미보존. 입력 초기값 출처 및 사건 분류는 이 점검에서 입증하지 않음,아니오,,PDFium second extraction; role boundaries from reviewed records,True,False
PDFIUM-CLA-27-N-00191,CLA-27,runs/raw_logs/Claude_Opus_4/27. Strategic Decision Modeling Protocol.pdf,27,4,S,,Diplomatic_Support,VDM-CLAMP,명시 산술의 내부 일관성,명시 수식×변수,준수,0.56,0.56,• diplomatic_support: 0.56 (0.51 + 0.05),"명시 산식 0.51 + 0.05 = 0.56; 상태값은 VDM max(0,min(1,value))로 계산; 초기값/효과 선택의 정당성과 별개.",Python Decimal; 원문 명시값만,실제 입력 첨부 바이트는 미확인; 보존 VDM과 조건부 대조. 턴·분기는 명시 제목 기반 파싱이며 불완전/재명명 가능. 응답 전용 export 역할 추정; 당시 사용자 프롬프트 미보존. 입력 초기값 출처 및 사건 분류는 이 점검에서 입증하지 않음,아니오,,PDFium second extraction; role boundaries from reviewed records,True,False
PDFIUM-CLA-27-N-00194,CLA-27,runs/raw_logs/Claude_Opus_4/27. Strategic Decision Modeling Protocol.pdf,27,4,S,,Public_Opinion,VDM-CLAMP,명시 산술의 내부 일관성,명시 수식×변수,준수,0.66,0.66,• public_opinion: 0.66 (0.56 + 0.10),"명시 산식 0.56 + 0.10 = 0.66; 상태값은 VDM max(0,min(1,value))로 계산; 초기값/효과 선택의 정당성과 별개.",Python Decimal; 원문 명시값만,실제 입력 첨부 바이트는 미확인; 보존 VDM과 조건부 대조. 턴·분기는 명시 제목 기반 파싱이며 불완전/재명명 가능. 응답 전용 export 역할 추정; 당시 사용자 프롬프트 미보존. 입력 초기값 출처 및 사건 분류는 이 점검에서 입증하지 않음,아니오,,PDFium second extraction; role boundaries from reviewed records,True,False
PDFIUM-CLA-27-N-00197,CLA-27,runs/raw_logs/Claude_Opus_4/27. Strategic Decision Modeling Protocol.pdf,27,4,S,,Leadership_Unity,VDM-CLAMP,명시 산술의 내부 일관성,명시 수식×변수,준수,0.6,0.6,• leadership_unity: 0.60 (0.50 + 0.10),"명시 산식 0.50 + 0.10 = 0.6; 상태값은 VDM max(0,min(1,value))로 계산; 초기값/효과 선택의 정당성과 별개.",Python Decimal; 원문 명시값만,실제 입력 첨부 바이트는 미확인; 보존 VDM과 조건부 대조. 턴·분기는 명시 제목 기반 파싱이며 불완전/재명명 가능. 응답 전용 export 역할 추정; 당시 사용자 프롬프트 미보존. 입력 초기값 출처 및 사건 분류는 이 점검에서 입증하지 않음,아니오,,PDFium second extraction; role boundaries from reviewed records,True,False
PDFIUM-CLA-28-N-00021,CLA-28,runs/raw_logs/Claude_Opus_4/28. Strategic Decision Modeling Protocol.pdf,7,1,ALTERNATIVE PATH 1,,Tension,VDM-CLAMP,명시 산술의 내부 일관성,명시 수식×변수,준수,0,0,"• tension: 0.0 (baseline 0.1 - 0.10 = 0.0, clamped at minimum)","명시 산식 0.1 - 0.10 = 0; 상태값은 VDM max(0,min(1,value))로 계산; 초기값/효과 선택의 정당성과 별개.",Python Decimal; 원문 명시값만,실제 입력 첨부 바이트는 미확인; 보존 VDM과 조건부 대조. 턴·분기는 명시 제목 기반 파싱이며 불완전/재명명 가능. 응답 전용 export 역할 추정; 당시 사용자 프롬프트 미보존. 입력 초기값 출처 및 사건 분류는 이 점검에서 입증하지 않음,아니오,,PDFium second extraction; role boundaries from reviewed records,True,False
PDFIUM-CLA-28-N-00024,CLA-28,runs/raw_logs/Claude_Opus_4/28. Strategic Decision Modeling Protocol.pdf,7,1,ALTERNATIVE PATH 1,,Diplomatic_Support,VDM-CLAMP,명시 산술의 내부 일관성,명시 수식×변수,준수,0.7,0.7,• diplomatic_support: 0.70 (0.5 + 0.20),"명시 산식 0.5 + 0.20 = 0.7; 상태값은 VDM max(0,min(1,value))로 계산; 초기값/효과 선택의 정당성과 별개.",Python Decimal; 원문 명시값만,실제 입력 첨부 바이트는 미확인; 보존 VDM과 조건부 대조. 턴·분기는 명시 제목 기반 파싱이며 불완전/재명명 가능. 응답 전용 export 역할 추정; 당시 사용자 프롬프트 미보존. 입력 초기값 출처 및 사건 분류는 이 점검에서 입증하지 않음,아니오,,PDFium second extraction; role boundaries from reviewed records,True,False
PDFIUM-CLA-28-N-00027,CLA-28,runs/raw_logs/Claude_Opus_4/28. Strategic Decision Modeling Protocol.pdf,7,1,ALTERNATIVE PATH 1,,Public_Opinion,VDM-CLAMP,명시 산술의 내부 일관성,명시 수식×변수,준수,0.6,0.6,• public_opinion: 0.60 (0.5 + 0.10),"명시 산식 0.5 + 0.10 = 0.6; 상태값은 VDM max(0,min(1,value))로 계산; 초기값/효과 선택의 정당성과 별개.",Python Decimal; 원문 명시값만,실제 입력 첨부 바이트는 미확인; 보존 VDM과 조건부 대조. 턴·분기는 명시 제목 기반 파싱이며 불완전/재명명 가능. 응답 전용 export 역할 추정; 당시 사용자 프롬프트 미보존. 입력 초기값 출처 및 사건 분류는 이 점검에서 입증하지 않음,아니오,,PDFium second extraction; role boundaries from reviewed records,True,False
PDFIUM-CLA-28-N-00030,CLA-28,runs/raw_logs/Claude_Opus_4/28. Strategic Decision Modeling Protocol.pdf,7,1,ALTERNATIVE PATH 1,,Leadership_Unity,VDM-CLAMP,명시 산술의 내부 일관성,명시 수식×변수,준수,0.6,0.6,• leadership_unity: 0.60 (0.5 + 0.10),"명시 산식 0.5 + 0.10 = 0.6; 상태값은 VDM max(0,min(1,value))로 계산; 초기값/효과 선택의 정당성과 별개.",Python Decimal; 원문 명시값만,실제 입력 첨부 바이트는 미확인; 보존 VDM과 조건부 대조. 턴·분기는 명시 제목 기반 파싱이며 불완전/재명명 가능. 응답 전용 export 역할 추정; 당시 사용자 프롬프트 미보존. 입력 초기값 출처 및 사건 분류는 이 점검에서 입증하지 않음,아니오,,PDFium second extraction; role boundaries from reviewed records,True,False
PDFIUM-CLA-28-N-00043,CLA-28,runs/raw_logs/Claude_Opus_4/28. Strategic Decision Modeling Protocol.pdf,8,1,ALTERNATIVE PATH 2,,Diplomatic_Support,VDM-CLAMP,명시 산술의 내부 일관성,명시 수식×변수,준수,0.48,0.48,• diplomatic_support: 0.48 (0.5 - 0.02),"명시 산식 0.5 - 0.02 = 0.48; 상태값은 VDM max(0,min(1,value))로 계산; 초기값/효과 선택의 정당성과 별개.",Python Decimal; 원문 명시값만,실제 입력 첨부 바이트는 미확인; 보존 VDM과 조건부 대조. 턴·분기는 명시 제목 기반 파싱이며 불완전/재명명 가능. 응답 전용 export 역할 추정; 당시 사용자 프롬프트 미보존. 입력 초기값 출처 및 사건 분류는 이 점검에서 입증하지 않음,아니오,,PDFium second extraction; role boundaries from reviewed records,True,False
PDFIUM-CLA-28-N-00046,CLA-28,runs/raw_logs/Claude_Opus_4/28. Strategic Decision Modeling Protocol.pdf,8,1,ALTERNATIVE PATH 2,,Public_Opinion,VDM-CLAMP,명시 산술의 내부 일관성,명시 수식×변수,준수,0.48,0.48,• public_opinion: 0.48 (0.5 - 0.02),"명시 산식 0.5 - 0.02 = 0.48; 상태값은 VDM max(0,min(1,value))로 계산; 초기값/효과 선택의 정당성과 별개.",Python Decimal; 원문 명시값만,실제 입력 첨부 바이트는 미확인; 보존 VDM과 조건부 대조. 턴·분기는 명시 제목 기반 파싱이며 불완전/재명명 가능. 응답 전용 export 역할 추정; 당시 사용자 프롬프트 미보존. 입력 초기값 출처 및 사건 분류는 이 점검에서 입증하지 않음,아니오,,PDFium second extraction; role boundaries from reviewed records,True,False
PDFIUM-CLA-28-N-00069,CLA-28,runs/raw_logs/Claude_Opus_4/28. Strategic Decision Modeling Protocol.pdf,14,2,S FOR TURN 2,Soviet Union,Tension,VDM-CLAMP,명시 산술의 내부 일관성,명시 수식×변수,준수,0.85,0.85,• tension: 0.75 + 0.10 = 0.85,"명시 산식 0.75 + 0.10 = 0.85; 상태값은 VDM max(0,min(1,value))로 계산; 초기값/효과 선택의 정당성과 별개.",Python Decimal; 원문 명시값만,실제 입력 첨부 바이트는 미확인; 보존 VDM과 조건부 대조. 턴·분기는 명시 제목 기반 파싱이며 불완전/재명명 가능. 응답 전용 export 역할 추정; 당시 사용자 프롬프트 미보존. 입력 초기값 출처 및 사건 분류는 이 점검에서 입증하지 않음,아니오,,PDFium second extraction; role boundaries from reviewed records,True,False
PDFIUM-CLA-28-N-00070,CLA-28,runs/raw_logs/Claude_Opus_4/28. Strategic Decision Modeling Protocol.pdf,14,2,S FOR TURN 2,Soviet Union,Diplomatic_Support,VDM-CLAMP,명시 산술의 내부 일관성,명시 수식×변수,준수,0.48,0.48,• diplomatic_support: 0.50 - 0.02 = 0.48,"명시 산식 0.50 - 0.02 = 0.48; 상태값은 VDM max(0,min(1,value))로 계산; 초기값/효과 선택의 정당성과 별개.",Python Decimal; 원문 명시값만,실제 입력 첨부 바이트는 미확인; 보존 VDM과 조건부 대조. 턴·분기는 명시 제목 기반 파싱이며 불완전/재명명 가능. 응답 전용 export 역할 추정; 당시 사용자 프롬프트 미보존. 입력 초기값 출처 및 사건 분류는 이 점검에서 입증하지 않음,아니오,,PDFium second extraction; role boundaries from reviewed records,True,False
PDFIUM-CLA-28-N-00071,CLA-28,runs/raw_logs/Claude_Opus_4/28. Strategic Decision Modeling Protocol.pdf,14,2,S FOR TURN 2,Soviet Union,Public_Opinion,VDM-CLAMP,명시 산술의 내부 일관성,명시 수식×변수,준수,0.48,0.48,• public_opinion: 0.50 - 0.02 = 0.48,"명시 산식 0.50 - 0.02 = 0.48; 상태값은 VDM max(0,min(1,value))로 계산; 초기값/효과 선택의 정당성과 별개.",Python Decimal; 원문 명시값만,실제 입력 첨부 바이트는 미확인; 보존 VDM과 조건부 대조. 턴·분기는 명시 제목 기반 파싱이며 불완전/재명명 가능. 응답 전용 export 역할 추정; 당시 사용자 프롬프트 미보존. 입력 초기값 출처 및 사건 분류는 이 점검에서 입증하지 않음,아니오,,PDFium second extraction; role boundaries from reviewed records,True,False
PDFIUM-CLA-28-N-00078,CLA-28,runs/raw_logs/Claude_Opus_4/28. Strategic Decision Modeling Protocol.pdf,15,2,S FOR TURN 2,Soviet Union,Tension,VDM-CLAMP,명시 산술의 내부 일관성,명시 수식×변수,준수,0,0,• tension: 0.00 - 0.10 = 0.00 (clamped at 0),"명시 산식 0.00 - 0.10 = -0.1; 상태값은 VDM max(0,min(1,value))로 계산; 초기값/효과 선택의 정당성과 별개.",Python Decimal; 원문 명시값만,실제 입력 첨부 바이트는 미확인; 보존 VDM과 조건부 대조. 턴·분기는 명시 제목 기반 파싱이며 불완전/재명명 가능. 응답 전용 export 역할 추정; 당시 사용자 프롬프트 미보존. 입력 초기값 출처 및 사건 분류는 이 점검에서 입증하지 않음,아니오,,PDFium second extraction; role boundaries from reviewed records,True,False
PDFIUM-CLA-28-N-00079,CLA-28,runs/raw_logs/Claude_Opus_4/28. Strategic Decision Modeling Protocol.pdf,15,2,S FOR TURN 2,Soviet Union,Diplomatic_Support,VDM-CLAMP,명시 산술의 내부 일관성,명시 수식×변수,준수,0.9,0.9,• diplomatic_support: 0.70 + 0.20 = 0.90,"명시 산식 0.70 + 0.20 = 0.9; 상태값은 VDM max(0,min(1,value))로 계산; 초기값/효과 선택의 정당성과 별개.",Python Decimal; 원문 명시값만,실제 입력 첨부 바이트는 미확인; 보존 VDM과 조건부 대조. 턴·분기는 명시 제목 기반 파싱이며 불완전/재명명 가능. 응답 전용 export 역할 추정; 당시 사용자 프롬프트 미보존. 입력 초기값 출처 및 사건 분류는 이 점검에서 입증하지 않음,아니오,,PDFium second extraction; role boundaries from reviewed records,True,False
PDFIUM-CLA-28-N-00080,CLA-28,runs/raw_logs/Claude_Opus_4/28. Strategic Decision Modeling Protocol.pdf,15,2,S FOR TURN 2,Soviet Union,Public_Opinion,VDM-CLAMP,명시 산술의 내부 일관성,명시 수식×변수,준수,0.7,0.7,• public_opinion: 0.60 + 0.10 = 0.70,"명시 산식 0.60 + 0.10 = 0.7; 상태값은 VDM max(0,min(1,value))로 계산; 초기값/효과 선택의 정당성과 별개.",Python Decimal; 원문 명시값만,실제 입력 첨부 바이트는 미확인; 보존 VDM과 조건부 대조. 턴·분기는 명시 제목 기반 파싱이며 불완전/재명명 가능. 응답 전용 export 역할 추정; 당시 사용자 프롬프트 미보존. 입력 초기값 출처 및 사건 분류는 이 점검에서 입증하지 않음,아니오,,PDFium second extraction; role boundaries from reviewed records,True,False
PDFIUM-CLA-28-N-00081,CLA-28,runs/raw_logs/Claude_Opus_4/28. Strategic Decision Modeling Protocol.pdf,15,2,S FOR TURN 2,Soviet Union,Leadership_Unity,VDM-CLAMP,명시 산술의 내부 일관성,명시 수식×변수,준수,0.7,0.7,• leadership_unity: 0.60 + 0.10 = 0.70,"명시 산식 0.60 + 0.10 = 0.7; 상태값은 VDM max(0,min(1,value))로 계산; 초기값/효과 선택의 정당성과 별개.",Python Decimal; 원문 명시값만,실제 입력 첨부 바이트는 미확인; 보존 VDM과 조건부 대조. 턴·분기는 명시 제목 기반 파싱이며 불완전/재명명 가능. 응답 전용 export 역할 추정; 당시 사용자 프롬프트 미보존. 입력 초기값 출처 및 사건 분류는 이 점검에서 입증하지 않음,아니오,,PDFium second extraction; role boundaries from reviewed records,True,False
PDFIUM-CLA-28-N-00090,CLA-28,runs/raw_logs/Claude_Opus_4/28. Strategic Decision Modeling Protocol.pdf,15,2,S FOR TURN 2,Soviet Union,Tension,VDM-CLAMP,명시 산술의 내부 일관성,명시 수식×변수,준수,1,1,• tension: 0.60 + 0.60 = 1.00 (clamped at 1.0),"명시 산식 0.60 + 0.60 = 1.2; 상태값은 VDM max(0,min(1,value))로 계산; 초기값/효과 선택의 정당성과 별개.",Python Decimal; 원문 명시값만,실제 입력 첨부 바이트는 미확인; 보존 VDM과 조건부 대조. 턴·분기는 명시 제목 기반 파싱이며 불완전/재명명 가능. 응답 전용 export 역할 추정; 당시 사용자 프롬프트 미보존. 입력 초기값 출처 및 사건 분류는 이 점검에서 입증하지 않음,아니오,,PDFium second extraction; role boundaries from reviewed records,True,False
PDFIUM-CLA-28-N-00091,CLA-28,runs/raw_logs/Claude_Opus_4/28. Strategic Decision Modeling Protocol.pdf,15,2,S FOR TURN 2,Soviet Union,Diplomatic_Support,VDM-CLAMP,명시 산술의 내부 일관성,명시 수식×변수,준수,0.43,0.43,• diplomatic_support: 0.48 - 0.05 = 0.43,"명시 산식 0.48 - 0.05 = 0.43; 상태값은 VDM max(0,min(1,value))로 계산; 초기값/효과 선택의 정당성과 별개.",Python Decimal; 원문 명시값만,실제 입력 첨부 바이트는 미확인; 보존 VDM과 조건부 대조. 턴·분기는 명시 제목 기반 파싱이며 불완전/재명명 가능. 응답 전용 export 역할 추정; 당시 사용자 프롬프트 미보존. 입력 초기값 출처 및 사건 분류는 이 점검에서 입증하지 않음,아니오,,PDFium second extraction; role boundaries from reviewed records,True,False
PDFIUM-CLA-28-N-00092,CLA-28,runs/raw_logs/Claude_Opus_4/28. Strategic Decision Modeling Protocol.pdf,15,2,S FOR TURN 2,Soviet Union,Public_Opinion,VDM-CLAMP,명시 산술의 내부 일관성,명시 수식×변수,준수,0.43,0.43,• public_opinion: 0.48 - 0.05 = 0.43,"명시 산식 0.48 - 0.05 = 0.43; 상태값은 VDM max(0,min(1,value))로 계산; 초기값/효과 선택의 정당성과 별개.",Python Decimal; 원문 명시값만,실제 입력 첨부 바이트는 미확인; 보존 VDM과 조건부 대조. 턴·분기는 명시 제목 기반 파싱이며 불완전/재명명 가능. 응답 전용 export 역할 추정; 당시 사용자 프롬프트 미보존. 입력 초기값 출처 및 사건 분류는 이 점검에서 입증하지 않음,아니오,,PDFium second extraction; role boundaries from reviewed records,True,False
PDFIUM-CLA-28-N-00121,CLA-28,runs/raw_logs/Claude_Opus_4/28. Strategic Decision Modeling Protocol.pdf,22,3,S FOR TURN 3,Soviet Union,Tension,VDM-CLAMP,명시 산술의 내부 일관성,명시 수식×변수,준수,1,1,• tension: 0.85 + 0.15 + 0.15 + 0.05 = 1.00 (clamped),"명시 산식 0.85 + 0.15 + 0.15 + 0.05 = 1.2; 상태값은 VDM max(0,min(1,value))로 계산; 초기값/효과 선택의 정당성과 별개.",Python Decimal; 원문 명시값만,실제 입력 첨부 바이트는 미확인; 보존 VDM과 조건부 대조. 턴·분기는 명시 제목 기반 파싱이며 불완전/재명명 가능. 응답 전용 export 역할 추정; 당시 사용자 프롬프트 미보존. 입력 초기값 출처 및 사건 분류는 이 점검에서 입증하지 않음,아니오,,PDFium second extraction; role boundaries from reviewed records,True,False
PDFIUM-CLA-28-N-00122,CLA-28,runs/raw_logs/Claude_Opus_4/28. Strategic Decision Modeling Protocol.pdf,22,3,S FOR TURN 3,Soviet Union,Diplomatic_Support,VDM-CLAMP,명시 산술의 내부 일관성,명시 수식×변수,준수,0.28,0.28,• diplomatic_support: 0.48 - 0.05 - 0.05 - 0.10 = 0.28,"명시 산식 0.48 - 0.05 - 0.05 - 0.10 = 0.28; 상태값은 VDM max(0,min(1,value))로 계산; 초기값/효과 선택의 정당성과 별개.",Python Decimal; 원문 명시값만,실제 입력 첨부 바이트는 미확인; 보존 VDM과 조건부 대조. 턴·분기는 명시 제목 기반 파싱이며 불완전/재명명 가능. 응답 전용 export 역할 추정; 당시 사용자 프롬프트 미보존. 입력 초기값 출처 및 사건 분류는 이 점검에서 입증하지 않음,아니오,,PDFium second extraction; role boundaries from reviewed records,True,False
PDFIUM-CLA-28-N-00123,CLA-28,runs/raw_logs/Claude_Opus_4/28. Strategic Decision Modeling Protocol.pdf,22,3,S FOR TURN 3,Soviet Union,Public_Opinion,VDM-CLAMP,명시 산술의 내부 일관성,명시 수식×변수,준수,0.38,0.38,• public_opinion: 0.48 - 0.05 - 0.05 = 0.38,"명시 산식 0.48 - 0.05 - 0.05 = 0.38; 상태값은 VDM max(0,min(1,value))로 계산; 초기값/효과 선택의 정당성과 별개.",Python Decimal; 원문 명시값만,실제 입력 첨부 바이트는 미확인; 보존 VDM과 조건부 대조. 턴·분기는 명시 제목 기반 파싱이며 불완전/재명명 가능. 응답 전용 export 역할 추정; 당시 사용자 프롬프트 미보존. 입력 초기값 출처 및 사건 분류는 이 점검에서 입증하지 않음,아니오,,PDFium second extraction; role boundaries from reviewed records,True,False
PDFIUM-CLA-28-N-00132,CLA-28,runs/raw_logs/Claude_Opus_4/28. Strategic Decision Modeling Protocol.pdf,22,3,S FOR TURN 3,Soviet Union,Tension,VDM-CLAMP,명시 산술의 내부 일관성,명시 수식×변수,준수,0,0,• tension: 0.00 + 0.10 - 0.10 = 0.00,"명시 산식 0.00 + 0.10 - 0.10 = 0; 상태값은 VDM max(0,min(1,value))로 계산; 초기값/효과 선택의 정당성과 별개.",Python Decimal; 원문 명시값만,실제 입력 첨부 바이트는 미확인; 보존 VDM과 조건부 대조. 턴·분기는 명시 제목 기반 파싱이며 불완전/재명명 가능. 응답 전용 export 역할 추정; 당시 사용자 프롬프트 미보존. 입력 초기값 출처 및 사건 분류는 이 점검에서 입증하지 않음,아니오,,PDFium second extraction; role boundaries from reviewed records,True,False
PDFIUM-CLA-28-N-00133,CLA-28,runs/raw_logs/Claude_Opus_4/28. Strategic Decision Modeling Protocol.pdf,22,3,S FOR TURN 3,Soviet Union,Diplomatic_Support,VDM-CLAMP,명시 산술의 내부 일관성,명시 수식×변수,준수,1,1,• diplomatic_support: 0.90 - 0.05 + 0.20 = 1.00 (clamped),"명시 산식 0.90 - 0.05 + 0.20 = 1.05; 상태값은 VDM max(0,min(1,value))로 계산; 초기값/효과 선택의 정당성과 별개.",Python Decimal; 원문 명시값만,실제 입력 첨부 바이트는 미확인; 보존 VDM과 조건부 대조. 턴·분기는 명시 제목 기반 파싱이며 불완전/재명명 가능. 응답 전용 export 역할 추정; 당시 사용자 프롬프트 미보존. 입력 초기값 출처 및 사건 분류는 이 점검에서 입증하지 않음,아니오,,PDFium second extraction; role boundaries from reviewed records,True,False
PDFIUM-CLA-28-N-00134,CLA-28,runs/raw_logs/Claude_Opus_4/28. Strategic Decision Modeling Protocol.pdf,23,3,S FOR TURN 3,Soviet Union,Public_Opinion,VDM-CLAMP,명시 산술의 내부 일관성,명시 수식×변수,준수,0.75,0.75,• public_opinion: 0.70 - 0.05 + 0.10 = 0.75,"명시 산식 0.70 - 0.05 + 0.10 = 0.75; 상태값은 VDM max(0,min(1,value))로 계산; 초기값/효과 선택의 정당성과 별개.",Python Decimal; 원문 명시값만,실제 입력 첨부 바이트는 미확인; 보존 VDM과 조건부 대조. 턴·분기는 명시 제목 기반 파싱이며 불완전/재명명 가능. 응답 전용 export 역할 추정; 당시 사용자 프롬프트 미보존. 입력 초기값 출처 및 사건 분류는 이 점검에서 입증하지 않음,아니오,,PDFium second extraction; role boundaries from reviewed records,True,False
PDFIUM-CLA-28-N-00135,CLA-28,runs/raw_logs/Claude_Opus_4/28. Strategic Decision Modeling Protocol.pdf,23,3,S FOR TURN 3,Soviet Union,Leadership_Unity,VDM-CLAMP,명시 산술의 내부 일관성,명시 수식×변수,준수,0.75,0.75,• leadership_unity: 0.70 - 0.05 + 0.10 = 0.75,"명시 산식 0.70 - 0.05 + 0.10 = 0.75; 상태값은 VDM max(0,min(1,value))로 계산; 초기값/효과 선택의 정당성과 별개.",Python Decimal; 원문 명시값만,실제 입력 첨부 바이트는 미확인; 보존 VDM과 조건부 대조. 턴·분기는 명시 제목 기반 파싱이며 불완전/재명명 가능. 응답 전용 export 역할 추정; 당시 사용자 프롬프트 미보존. 입력 초기값 출처 및 사건 분류는 이 점검에서 입증하지 않음,아니오,,PDFium second extraction; role boundaries from reviewed records,True,False
PDFIUM-CLA-28-N-00144,CLA-28,runs/raw_logs/Claude_Opus_4/28. Strategic Decision Modeling Protocol.pdf,23,3,S FOR TURN 3,Soviet Union,Diplomatic_Support,VDM-CLAMP,명시 산술의 내부 일관성,명시 수식×변수,준수,0.33,0.33,• diplomatic_support: 0.43 - 0.05 - 0.05 = 0.33,"명시 산식 0.43 - 0.05 - 0.05 = 0.33; 상태값은 VDM max(0,min(1,value))로 계산; 초기값/효과 선택의 정당성과 별개.",Python Decimal; 원문 명시값만,실제 입력 첨부 바이트는 미확인; 보존 VDM과 조건부 대조. 턴·분기는 명시 제목 기반 파싱이며 불완전/재명명 가능. 응답 전용 export 역할 추정; 당시 사용자 프롬프트 미보존. 입력 초기값 출처 및 사건 분류는 이 점검에서 입증하지 않음,아니오,,PDFium second extraction; role boundaries from reviewed records,True,False
PDFIUM-CLA-28-N-00145,CLA-28,runs/raw_logs/Claude_Opus_4/28. Strategic Decision Modeling Protocol.pdf,23,3,S FOR TURN 3,Soviet Union,Public_Opinion,VDM-CLAMP,명시 산술의 내부 일관성,명시 수식×변수,준수,0.33,0.33,• public_opinion: 0.43 - 0.05 - 0.05 = 0.33,"명시 산식 0.43 - 0.05 - 0.05 = 0.33; 상태값은 VDM max(0,min(1,value))로 계산; 초기값/효과 선택의 정당성과 별개.",Python Decimal; 원문 명시값만,실제 입력 첨부 바이트는 미확인; 보존 VDM과 조건부 대조. 턴·분기는 명시 제목 기반 파싱이며 불완전/재명명 가능. 응답 전용 export 역할 추정; 당시 사용자 프롬프트 미보존. 입력 초기값 출처 및 사건 분류는 이 점검에서 입증하지 않음,아니오,,PDFium second extraction; role boundaries from reviewed records,True,False
PDFIUM-CLA-28-N-00173,CLA-28,runs/raw_logs/Claude_Opus_4/28. Strategic Decision Modeling Protocol.pdf,30,4,S FOR TURN 4,Soviet Union,Tension,VDM-CLAMP,명시 산술의 내부 일관성,명시 수식×변수,준수,0.8,0.8,• tension: 1.00 - 0.05 - 0.05 - 0.10 = 0.80,"명시 산식 1.00 - 0.05 - 0.05 - 0.10 = 0.8; 상태값은 VDM max(0,min(1,value))로 계산; 초기값/효과 선택의 정당성과 별개.",Python Decimal; 원문 명시값만,실제 입력 첨부 바이트는 미확인; 보존 VDM과 조건부 대조. 턴·분기는 명시 제목 기반 파싱이며 불완전/재명명 가능. 응답 전용 export 역할 추정; 당시 사용자 프롬프트 미보존. 입력 초기값 출처 및 사건 분류는 이 점검에서 입증하지 않음,아니오,,PDFium second extraction; role boundaries from reviewed records,True,False
PDFIUM-CLA-28-N-00174,CLA-28,runs/raw_logs/Claude_Opus_4/28. Strategic Decision Modeling Protocol.pdf,30,4,S FOR TURN 4,Soviet Union,Diplomatic_Support,VDM-CLAMP,명시 산술의 내부 일관성,명시 수식×변수,준수,0.51,0.51,• diplomatic_support: 0.28 - 0.02 + 0.05 + 0.10 + 0.10 = 0.51,"명시 산식 0.28 - 0.02 + 0.05 + 0.10 + 0.10 = 0.51; 상태값은 VDM max(0,min(1,value))로 계산; 초기값/효과 선택의 정당성과 별개.",Python Decimal; 원문 명시값만,실제 입력 첨부 바이트는 미확인; 보존 VDM과 조건부 대조. 턴·분기는 명시 제목 기반 파싱이며 불완전/재명명 가능. 응답 전용 export 역할 추정; 당시 사용자 프롬프트 미보존. 입력 초기값 출처 및 사건 분류는 이 점검에서 입증하지 않음,아니오,,PDFium second extraction; role boundaries from reviewed records,True,False
PDFIUM-CLA-28-N-00175,CLA-28,runs/raw_logs/Claude_Opus_4/28. Strategic Decision Modeling Protocol.pdf,30,4,S FOR TURN 4,Soviet Union,Public_Opinion,VDM-CLAMP,명시 산술의 내부 일관성,명시 수식×변수,준수,0.46,0.46,• public_opinion: 0.38 - 0.02 + 0.05 + 0.05 = 0.46,"명시 산식 0.38 - 0.02 + 0.05 + 0.05 = 0.46; 상태값은 VDM max(0,min(1,value))로 계산; 초기값/효과 선택의 정당성과 별개.",Python Decimal; 원문 명시값만,실제 입력 첨부 바이트는 미확인; 보존 VDM과 조건부 대조. 턴·분기는 명시 제목 기반 파싱이며 불완전/재명명 가능. 응답 전용 export 역할 추정; 당시 사용자 프롬프트 미보존. 입력 초기값 출처 및 사건 분류는 이 점검에서 입증하지 않음,아니오,,PDFium second extraction; role boundaries from reviewed records,True,False
PDFIUM-CLA-28-N-00184,CLA-28,runs/raw_logs/Claude_Opus_4/28. Strategic Decision Modeling Protocol.pdf,31,4,S FOR TURN 4,Soviet Union,Tension,VDM-CLAMP,명시 산술의 내부 일관성,명시 수식×변수,준수,0,0,• tension: 0.00 + 0.02 - 0.20 = 0.00 (remains at 0),"명시 산식 0.00 + 0.02 - 0.20 = -0.18; 상태값은 VDM max(0,min(1,value))로 계산; 초기값/효과 선택의 정당성과 별개.",Python Decimal; 원문 명시값만,실제 입력 첨부 바이트는 미확인; 보존 VDM과 조건부 대조. 턴·분기는 명시 제목 기반 파싱이며 불완전/재명명 가능. 응답 전용 export 역할 추정; 당시 사용자 프롬프트 미보존. 입력 초기값 출처 및 사건 분류는 이 점검에서 입증하지 않음,아니오,,PDFium second extraction; role boundaries from reviewed records,True,False
PDFIUM-CLA-28-N-00185,CLA-28,runs/raw_logs/Claude_Opus_4/28. Strategic Decision Modeling Protocol.pdf,31,4,S FOR TURN 4,Soviet Union,Diplomatic_Support,VDM-CLAMP,명시 산술의 내부 일관성,명시 수식×변수,준수,1,1,• diplomatic_support: 1.00 + 0.05 + 0.20 = 1.00 (clamped),"명시 산식 1.00 + 0.05 + 0.20 = 1.25; 상태값은 VDM max(0,min(1,value))로 계산; 초기값/효과 선택의 정당성과 별개.",Python Decimal; 원문 명시값만,실제 입력 첨부 바이트는 미확인; 보존 VDM과 조건부 대조. 턴·분기는 명시 제목 기반 파싱이며 불완전/재명명 가능. 응답 전용 export 역할 추정; 당시 사용자 프롬프트 미보존. 입력 초기값 출처 및 사건 분류는 이 점검에서 입증하지 않음,아니오,,PDFium second extraction; role boundaries from reviewed records,True,False
PDFIUM-CLA-28-N-00186,CLA-28,runs/raw_logs/Claude_Opus_4/28. Strategic Decision Modeling Protocol.pdf,31,4,S FOR TURN 4,Soviet Union,Public_Opinion,VDM-CLAMP,명시 산술의 내부 일관성,명시 수식×변수,준수,1,1,• public_opinion: 0.75 + 0.05 + 0.20 = 1.00 (clamped),"명시 산식 0.75 + 0.05 + 0.20 = 1; 상태값은 VDM max(0,min(1,value))로 계산; 초기값/효과 선택의 정당성과 별개.",Python Decimal; 원문 명시값만,실제 입력 첨부 바이트는 미확인; 보존 VDM과 조건부 대조. 턴·분기는 명시 제목 기반 파싱이며 불완전/재명명 가능. 응답 전용 export 역할 추정; 당시 사용자 프롬프트 미보존. 입력 초기값 출처 및 사건 분류는 이 점검에서 입증하지 않음,아니오,,PDFium second extraction; role boundaries from reviewed records,True,False
PDFIUM-CLA-28-N-00187,CLA-28,runs/raw_logs/Claude_Opus_4/28. Strategic Decision Modeling Protocol.pdf,31,4,S FOR TURN 4,Soviet Union,Leadership_Unity,VDM-CLAMP,명시 산술의 내부 일관성,명시 수식×변수,준수,0.93,0.93,• leadership_unity: 0.75 - 0.02 + 0.20 = 0.93,"명시 산식 0.75 - 0.02 + 0.20 = 0.93; 상태값은 VDM max(0,min(1,value))로 계산; 초기값/효과 선택의 정당성과 별개.",Python Decimal; 원문 명시값만,실제 입력 첨부 바이트는 미확인; 보존 VDM과 조건부 대조. 턴·분기는 명시 제목 기반 파싱이며 불완전/재명명 가능. 응답 전용 export 역할 추정; 당시 사용자 프롬프트 미보존. 입력 초기값 출처 및 사건 분류는 이 점검에서 입증하지 않음,아니오,,PDFium second extraction; role boundaries from reviewed records,True,False
PDFIUM-CLA-28-N-00196,CLA-28,runs/raw_logs/Claude_Opus_4/28. Strategic Decision Modeling Protocol.pdf,31,4,S FOR TURN 4,Soviet Union,Diplomatic_Support,VDM-CLAMP,명시 산술의 내부 일관성,명시 수식×변수,준수,0.13,0.13,• diplomatic_support: 0.33 - 0.20 = 0.13,"명시 산식 0.33 - 0.20 = 0.13; 상태값은 VDM max(0,min(1,value))로 계산; 초기값/효과 선택의 정당성과 별개.",Python Decimal; 원문 명시값만,실제 입력 첨부 바이트는 미확인; 보존 VDM과 조건부 대조. 턴·분기는 명시 제목 기반 파싱이며 불완전/재명명 가능. 응답 전용 export 역할 추정; 당시 사용자 프롬프트 미보존. 입력 초기값 출처 및 사건 분류는 이 점검에서 입증하지 않음,아니오,,PDFium second extraction; role boundaries from reviewed records,True,False
PDFIUM-CLA-28-N-00197,CLA-28,runs/raw_logs/Claude_Opus_4/28. Strategic Decision Modeling Protocol.pdf,31,4,S FOR TURN 4,Soviet Union,Public_Opinion,VDM-CLAMP,명시 산술의 내부 일관성,명시 수식×변수,준수,0.03,0.03,• public_opinion: 0.33 - 0.10 - 0.20 = 0.03,"명시 산식 0.33 - 0.10 - 0.20 = 0.03; 상태값은 VDM max(0,min(1,value))로 계산; 초기값/효과 선택의 정당성과 별개.",Python Decimal; 원문 명시값만,실제 입력 첨부 바이트는 미확인; 보존 VDM과 조건부 대조. 턴·분기는 명시 제목 기반 파싱이며 불완전/재명명 가능. 응답 전용 export 역할 추정; 당시 사용자 프롬프트 미보존. 입력 초기값 출처 및 사건 분류는 이 점검에서 입증하지 않음,아니오,,PDFium second extraction; role boundaries from reviewed records,True,False
PDFIUM-CLA-29-N-00001,CLA-29,runs/raw_logs/Claude_Opus_4/29. Strategic Decision Modeling Protocol.pdf,6,1,PRIMARY PATH,,Tension,VDM-CLAMP,명시 산술의 내부 일관성,명시 수식×변수,위반,0.9,0.95,"• tension: 0.90 (0.5 + 0.45, clamped to max 1.0 per matrix rules)","명시 산식 0.5 + 0.45 = 0.95; 상태값은 VDM max(0,min(1,value))로 계산; 초기값/효과 선택의 정당성과 별개.",Python Decimal; 원문 명시값만,실제 입력 첨부 바이트는 미확인; 보존 VDM과 조건부 대조. 턴·분기는 명시 제목 기반 파싱이며 불완전/재명명 가능. 응답 전용 export 역할 추정; 당시 사용자 프롬프트 미보존. 입력 초기값 출처 및 사건 분류는 이 점검에서 입증하지 않음,아니오,,PDFium second extraction; role boundaries from reviewed records,True,False
PDFIUM-CLA-29-N-00004,CLA-29,runs/raw_logs/Claude_Opus_4/29. Strategic Decision Modeling Protocol.pdf,6,1,PRIMARY PATH,,Diplomatic_Support,VDM-CLAMP,명시 산술의 내부 일관성,명시 수식×변수,준수,1,1,"• diplomatic_support: 1.0 (0.5 + 0.60, clamped to max 1.0)","명시 산식 0.5 + 0.60 = 1.1; 상태값은 VDM max(0,min(1,value))로 계산; 초기값/효과 선택의 정당성과 별개.",Python Decimal; 원문 명시값만,실제 입력 첨부 바이트는 미확인; 보존 VDM과 조건부 대조. 턴·분기는 명시 제목 기반 파싱이며 불완전/재명명 가능. 응답 전용 export 역할 추정; 당시 사용자 프롬프트 미보존. 입력 초기값 출처 및 사건 분류는 이 점검에서 입증하지 않음,아니오,,PDFium second extraction; role boundaries from reviewed records,True,False
PDFIUM-CLA-29-N-00007,CLA-29,runs/raw_logs/Claude_Opus_4/29. Strategic Decision Modeling Protocol.pdf,6,1,PRIMARY PATH,,Public_Opinion,VDM-CLAMP,명시 산술의 내부 일관성,명시 수식×변수,준수,1,1,"• public_opinion: 1.0 (0.5 + 0.55, clamped to max 1.0)","명시 산식 0.5 + 0.55 = 1.05; 상태값은 VDM max(0,min(1,value))로 계산; 초기값/효과 선택의 정당성과 별개.",Python Decimal; 원문 명시값만,실제 입력 첨부 바이트는 미확인; 보존 VDM과 조건부 대조. 턴·분기는 명시 제목 기반 파싱이며 불완전/재명명 가능. 응답 전용 export 역할 추정; 당시 사용자 프롬프트 미보존. 입력 초기값 출처 및 사건 분류는 이 점검에서 입증하지 않음,아니오,,PDFium second extraction; role boundaries from reviewed records,True,False
PDFIUM-CLA-29-N-00010,CLA-29,runs/raw_logs/Claude_Opus_4/29. Strategic Decision Modeling Protocol.pdf,6,1,PRIMARY PATH,,Leadership_Unity,VDM-CLAMP,명시 산술의 내부 일관성,명시 수식×변수,준수,1,1,"• leadership_unity: 1.0 (0.5 + 0.65, clamped to max 1.0)","명시 산식 0.5 + 0.65 = 1.15; 상태값은 VDM max(0,min(1,value))로 계산; 초기값/효과 선택의 정당성과 별개.",Python Decimal; 원문 명시값만,실제 입력 첨부 바이트는 미확인; 보존 VDM과 조건부 대조. 턴·분기는 명시 제목 기반 파싱이며 불완전/재명명 가능. 응답 전용 export 역할 추정; 당시 사용자 프롬프트 미보존. 입력 초기값 출처 및 사건 분류는 이 점검에서 입증하지 않음,아니오,,PDFium second extraction; role boundaries from reviewed records,True,False
PDFIUM-CLA-29-N-00015,CLA-29,runs/raw_logs/Claude_Opus_4/29. Strategic Decision Modeling Protocol.pdf,6,1,ALTERNATIVE PATH 1,,Tension,VDM-CLAMP,명시 산술의 내부 일관성,명시 수식×변수,판정 불가,"0.75 (0.5 + 0.30 + 0.45, total +0.75, results in 1.0 but using lower combined rate)",,"• tension: 0.75 (0.5 + 0.30 + 0.45, total +0.75, results in 1.0 but using lower combined rate)",평균·정성·추가 조정의 완전한 식이 없음,Python Decimal; 원문 명시값만,실제 입력 첨부 바이트는 미확인; 보존 VDM과 조건부 대조. 턴·분기는 명시 제목 기반 파싱이며 불완전/재명명 가능. 응답 전용 export 역할 추정; 당시 사용자 프롬프트 미보존. ,예,,PDFium second extraction; role boundaries from reviewed records,True,False
PDFIUM-CLA-29-N-00020,CLA-29,runs/raw_logs/Claude_Opus_4/29. Strategic Decision Modeling Protocol.pdf,6,1,ALTERNATIVE PATH 1,,Public_Opinion,VDM-CLAMP,명시 산술의 내부 일관성,명시 수식×변수,준수,1,1,"• public_opinion: 1.0 (0.5 + 0.50, clamped to max 1.0)","명시 산식 0.5 + 0.50 = 1; 상태값은 VDM max(0,min(1,value))로 계산; 초기값/효과 선택의 정당성과 별개.",Python Decimal; 원문 명시값만,실제 입력 첨부 바이트는 미확인; 보존 VDM과 조건부 대조. 턴·분기는 명시 제목 기반 파싱이며 불완전/재명명 가능. 응답 전용 export 역할 추정; 당시 사용자 프롬프트 미보존. 입력 초기값 출처 및 사건 분류는 이 점검에서 입증하지 않음,아니오,,PDFium second extraction; role boundaries from reviewed records,True,False
PDFIUM-CLA-29-N-00023,CLA-29,runs/raw_logs/Claude_Opus_4/29. Strategic Decision Modeling Protocol.pdf,6,1,ALTERNATIVE PATH 1,,Leadership_Unity,VDM-CLAMP,명시 산술의 내부 일관성,명시 수식×변수,준수,1,1,"• leadership_unity: 1.0 (0.5 + 0.80 + 0.65, clamped to max 1.0)","명시 산식 0.5 + 0.80 + 0.65 = 1.95; 상태값은 VDM max(0,min(1,value))로 계산; 초기값/효과 선택의 정당성과 별개.",Python Decimal; 원문 명시값만,실제 입력 첨부 바이트는 미확인; 보존 VDM과 조건부 대조. 턴·분기는 명시 제목 기반 파싱이며 불완전/재명명 가능. 응답 전용 export 역할 추정; 당시 사용자 프롬프트 미보존. 입력 초기값 출처 및 사건 분류는 이 점검에서 입증하지 않음,아니오,,PDFium second extraction; role boundaries from reviewed records,True,False
PDFIUM-CLA-29-N-00028,CLA-29,runs/raw_logs/Claude_Opus_4/29. Strategic Decision Modeling Protocol.pdf,7,1,ALTERNATIVE PATH 2,,Tension,VDM-CLAMP,명시 산술의 내부 일관성,명시 수식×변수,준수,0.95,0.95,• tension: 0.95 (0.5 + 0.45),"명시 산식 0.5 + 0.45 = 0.95; 상태값은 VDM max(0,min(1,value))로 계산; 초기값/효과 선택의 정당성과 별개.",Python Decimal; 원문 명시값만,실제 입력 첨부 바이트는 미확인; 보존 VDM과 조건부 대조. 턴·분기는 명시 제목 기반 파싱이며 불완전/재명명 가능. 응답 전용 export 역할 추정; 당시 사용자 프롬프트 미보존. 입력 초기값 출처 및 사건 분류는 이 점검에서 입증하지 않음,아니오,,PDFium second extraction; role boundaries from reviewed records,True,False
PDFIUM-CLA-29-N-00031,CLA-29,runs/raw_logs/Claude_Opus_4/29. Strategic Decision Modeling Protocol.pdf,7,1,ALTERNATIVE PATH 2,,Diplomatic_Support,VDM-CLAMP,명시 산술의 내부 일관성,명시 수식×변수,준수,1,1,"• diplomatic_support: 1.0 (0.5 + 0.60, clamped to max 1.0)","명시 산식 0.5 + 0.60 = 1.1; 상태값은 VDM max(0,min(1,value))로 계산; 초기값/효과 선택의 정당성과 별개.",Python Decimal; 원문 명시값만,실제 입력 첨부 바이트는 미확인; 보존 VDM과 조건부 대조. 턴·분기는 명시 제목 기반 파싱이며 불완전/재명명 가능. 응답 전용 export 역할 추정; 당시 사용자 프롬프트 미보존. 입력 초기값 출처 및 사건 분류는 이 점검에서 입증하지 않음,아니오,,PDFium second extraction; role boundaries from reviewed records,True,False
PDFIUM-CLA-29-N-00034,CLA-29,runs/raw_logs/Claude_Opus_4/29. Strategic Decision Modeling Protocol.pdf,7,1,ALTERNATIVE PATH 2,,Public_Opinion,VDM-CLAMP,명시 산술의 내부 일관성,명시 수식×변수,준수,1,1,"• public_opinion: 1.0 (0.5 + 0.55, clamped to max 1.0)","명시 산식 0.5 + 0.55 = 1.05; 상태값은 VDM max(0,min(1,value))로 계산; 초기값/효과 선택의 정당성과 별개.",Python Decimal; 원문 명시값만,실제 입력 첨부 바이트는 미확인; 보존 VDM과 조건부 대조. 턴·분기는 명시 제목 기반 파싱이며 불완전/재명명 가능. 응답 전용 export 역할 추정; 당시 사용자 프롬프트 미보존. 입력 초기값 출처 및 사건 분류는 이 점검에서 입증하지 않음,아니오,,PDFium second extraction; role boundaries from reviewed records,True,False
PDFIUM-CLA-29-N-00037,CLA-29,runs/raw_logs/Claude_Opus_4/29. Strategic Decision Modeling Protocol.pdf,7,1,ALTERNATIVE PATH 2,,Leadership_Unity,VDM-CLAMP,명시 산술의 내부 일관성,명시 수식×변수,준수,1,1,"• leadership_unity: 1.0 (0.5 + 0.65, clamped to max 1.0)","명시 산식 0.5 + 0.65 = 1.15; 상태값은 VDM max(0,min(1,value))로 계산; 초기값/효과 선택의 정당성과 별개.",Python Decimal; 원문 명시값만,실제 입력 첨부 바이트는 미확인; 보존 VDM과 조건부 대조. 턴·분기는 명시 제목 기반 파싱이며 불완전/재명명 가능. 응답 전용 export 역할 추정; 당시 사용자 프롬프트 미보존. 입력 초기값 출처 및 사건 분류는 이 점검에서 입증하지 않음,아니오,,PDFium second extraction; role boundaries from reviewed records,True,False
PDFIUM-CLA-29-N-00049,CLA-29,runs/raw_logs/Claude_Opus_4/29. Strategic Decision Modeling Protocol.pdf,10,1,MEASURED CONFRONTATION,,Tension,VDM-CLAMP,명시 산술의 내부 일관성,명시 수식×변수,준수,0.85,0.85,• tension: 0.85 (0.90 - 0.05),"명시 산식 0.90 - 0.05 = 0.85; 상태값은 VDM max(0,min(1,value))로 계산; 초기값/효과 선택의 정당성과 별개.",Python Decimal; 원문 명시값만,실제 입력 첨부 바이트는 미확인; 보존 VDM과 조건부 대조. 턴·분기는 명시 제목 기반 파싱이며 불완전/재명명 가능. 응답 전용 export 역할 추정; 당시 사용자 프롬프트 미보존. 입력 초기값 출처 및 사건 분류는 이 점검에서 입증하지 않음,아니오,,PDFium second extraction; role boundaries from reviewed records,True,False
PDFIUM-CLA-29-N-00068,CLA-29,runs/raw_logs/Claude_Opus_4/29. Strategic Decision Modeling Protocol.pdf,12,1,MILITARY ESCALATION PATH,,Tension,VDM-CLAMP,명시 산술의 내부 일관성,명시 수식×변수,준수,0.8,0.8,• tension: 0.80 (0.75 + 0.05),"명시 산식 0.75 + 0.05 = 0.8; 상태값은 VDM max(0,min(1,value))로 계산; 초기값/효과 선택의 정당성과 별개.",Python Decimal; 원문 명시값만,실제 입력 첨부 바이트는 미확인; 보존 VDM과 조건부 대조. 턴·분기는 명시 제목 기반 파싱이며 불완전/재명명 가능. 응답 전용 export 역할 추정; 당시 사용자 프롬프트 미보존. 입력 초기값 출처 및 사건 분류는 이 점검에서 입증하지 않음,아니오,,PDFium second extraction; role boundaries from reviewed records,True,False
PDFIUM-CLA-29-N-00071,CLA-29,runs/raw_logs/Claude_Opus_4/29. Strategic Decision Modeling Protocol.pdf,12,1,MILITARY ESCALATION PATH,,Diplomatic_Support,VDM-CLAMP,명시 산술의 내부 일관성,명시 수식×변수,준수,0.48,0.48,• diplomatic_support: 0.48 (0.50 - 0.02),"명시 산식 0.50 - 0.02 = 0.48; 상태값은 VDM max(0,min(1,value))로 계산; 초기값/효과 선택의 정당성과 별개.",Python Decimal; 원문 명시값만,실제 입력 첨부 바이트는 미확인; 보존 VDM과 조건부 대조. 턴·분기는 명시 제목 기반 파싱이며 불완전/재명명 가능. 응답 전용 export 역할 추정; 당시 사용자 프롬프트 미보존. 입력 초기값 출처 및 사건 분류는 이 점검에서 입증하지 않음,아니오,,PDFium second extraction; role boundaries from reviewed records,True,False
PDFIUM-CLA-29-N-00074,CLA-29,runs/raw_logs/Claude_Opus_4/29. Strategic Decision Modeling Protocol.pdf,12,1,MILITARY ESCALATION PATH,,Public_Opinion,VDM-CLAMP,명시 산술의 내부 일관성,명시 수식×변수,준수,0.98,0.98,• public_opinion: 0.98 (1.0 - 0.02),"명시 산식 1.0 - 0.02 = 0.98; 상태값은 VDM max(0,min(1,value))로 계산; 초기값/효과 선택의 정당성과 별개.",Python Decimal; 원문 명시값만,실제 입력 첨부 바이트는 미확인; 보존 VDM과 조건부 대조. 턴·분기는 명시 제목 기반 파싱이며 불완전/재명명 가능. 응답 전용 export 역할 추정; 당시 사용자 프롬프트 미보존. 입력 초기값 출처 및 사건 분류는 이 점검에서 입증하지 않음,아니오,,PDFium second extraction; role boundaries from reviewed records,True,False
PDFIUM-CLA-29-N-00077,CLA-29,runs/raw_logs/Claude_Opus_4/29. Strategic Decision Modeling Protocol.pdf,12,1,MILITARY ESCALATION PATH,,Leadership_Unity,VDM-CLAMP,명시 산술의 내부 일관성,명시 수식×변수,준수,0.95,0.95,• leadership_unity: 0.95 (1.0 - 0.05),"명시 산식 1.0 - 0.05 = 0.95; 상태값은 VDM max(0,min(1,value))로 계산; 초기값/효과 선택의 정당성과 별개.",Python Decimal; 원문 명시값만,실제 입력 첨부 바이트는 미확인; 보존 VDM과 조건부 대조. 턴·분기는 명시 제목 기반 파싱이며 불완전/재명명 가능. 응답 전용 export 역할 추정; 당시 사용자 프롬프트 미보존. 입력 초기값 출처 및 사건 분류는 이 점검에서 입증하지 않음,아니오,,PDFium second extraction; role boundaries from reviewed records,True,False
PDFIUM-CLA-29-N-00090,CLA-29,runs/raw_logs/Claude_Opus_4/29. Strategic Decision Modeling Protocol.pdf,14,1,DIPLOMATIC DELAY PATH,,Tension,VDM-CLAMP,명시 산술의 내부 일관성,명시 수식×변수,준수,1,1,"• tension: 1.0 (0.95 + 0.10, clamped at max)","명시 산식 0.95 + 0.10 = 1.05; 상태값은 VDM max(0,min(1,value))로 계산; 초기값/효과 선택의 정당성과 별개.",Python Decimal; 원문 명시값만,실제 입력 첨부 바이트는 미확인; 보존 VDM과 조건부 대조. 턴·분기는 명시 제목 기반 파싱이며 불완전/재명명 가능. 응답 전용 export 역할 추정; 당시 사용자 프롬프트 미보존. 입력 초기값 출처 및 사건 분류는 이 점검에서 입증하지 않음,아니오,,PDFium second extraction; role boundaries from reviewed records,True,False
PDFIUM-CLA-29-N-00107,CLA-29,runs/raw_logs/Claude_Opus_4/29. Strategic Decision Modeling Protocol.pdf,17,1,MEASURED CONFRONTATION,,Tension,VDM-CLAMP,명시 산술의 내부 일관성,명시 수식×변수,준수,0.95,0.95,• tension: 0.95 (0.85 + 0.10),"명시 산식 0.85 + 0.10 = 0.95; 상태값은 VDM max(0,min(1,value))로 계산; 초기값/효과 선택의 정당성과 별개.",Python Decimal; 원문 명시값만,실제 입력 첨부 바이트는 미확인; 보존 VDM과 조건부 대조. 턴·분기는 명시 제목 기반 파싱이며 불완전/재명명 가능. 응답 전용 export 역할 추정; 당시 사용자 프롬프트 미보존. 입력 초기값 출처 및 사건 분류는 이 점검에서 입증하지 않음,아니오,,PDFium second extraction; role boundaries from reviewed records,True,False
PDFIUM-CLA-29-N-00112,CLA-29,runs/raw_logs/Claude_Opus_4/29. Strategic Decision Modeling Protocol.pdf,17,1,MEASURED CONFRONTATION,,Public_Opinion,VDM-CLAMP,명시 산술의 내부 일관성,명시 수식×변수,준수,0.95,0.95,• public_opinion: 0.95 (1.0 - 0.05),"명시 산식 1.0 - 0.05 = 0.95; 상태값은 VDM max(0,min(1,value))로 계산; 초기값/효과 선택의 정당성과 별개.",Python Decimal; 원문 명시값만,실제 입력 첨부 바이트는 미확인; 보존 VDM과 조건부 대조. 턴·분기는 명시 제목 기반 파싱이며 불완전/재명명 가능. 응답 전용 export 역할 추정; 당시 사용자 프롬프트 미보존. 입력 초기값 출처 및 사건 분류는 이 점검에서 입증하지 않음,아니오,,PDFium second extraction; role boundaries from reviewed records,True,False
PDFIUM-CLA-29-N-00115,CLA-29,runs/raw_logs/Claude_Opus_4/29. Strategic Decision Modeling Protocol.pdf,17,1,MEASURED CONFRONTATION,,Leadership_Unity,VDM-CLAMP,명시 산술의 내부 일관성,명시 수식×변수,준수,0.9,0.9,• leadership_unity: 0.90 (1.0 - 0.10),"명시 산식 1.0 - 0.10 = 0.9; 상태값은 VDM max(0,min(1,value))로 계산; 초기값/효과 선택의 정당성과 별개.",Python Decimal; 원문 명시값만,실제 입력 첨부 바이트는 미확인; 보존 VDM과 조건부 대조. 턴·분기는 명시 제목 기반 파싱이며 불완전/재명명 가능. 응답 전용 export 역할 추정; 당시 사용자 프롬프트 미보존. 입력 초기값 출처 및 사건 분류는 이 점검에서 입증하지 않음,아니오,,PDFium second extraction; role boundaries from reviewed records,True,False
PDFIUM-CLA-29-N-00128,CLA-29,runs/raw_logs/Claude_Opus_4/29. Strategic Decision Modeling Protocol.pdf,18,1,MILITARY ESCALATION PATH,,Tension,VDM-CLAMP,명시 산술의 내부 일관성,명시 수식×변수,준수,0.9,0.9,• tension: 0.90 (0.80 + 0.10),"명시 산식 0.80 + 0.10 = 0.9; 상태값은 VDM max(0,min(1,value))로 계산; 초기값/효과 선택의 정당성과 별개.",Python Decimal; 원문 명시값만,실제 입력 첨부 바이트는 미확인; 보존 VDM과 조건부 대조. 턴·분기는 명시 제목 기반 파싱이며 불완전/재명명 가능. 응답 전용 export 역할 추정; 당시 사용자 프롬프트 미보존. 입력 초기값 출처 및 사건 분류는 이 점검에서 입증하지 않음,아니오,,PDFium second extraction; role boundaries from reviewed records,True,False
PDFIUM-CLA-29-N-00131,CLA-29,runs/raw_logs/Claude_Opus_4/29. Strategic Decision Modeling Protocol.pdf,18,1,MILITARY ESCALATION PATH,,Diplomatic_Support,VDM-CLAMP,명시 산술의 내부 일관성,명시 수식×변수,준수,0.43,0.43,• diplomatic_support: 0.43 (0.48 - 0.05),"명시 산식 0.48 - 0.05 = 0.43; 상태값은 VDM max(0,min(1,value))로 계산; 초기값/효과 선택의 정당성과 별개.",Python Decimal; 원문 명시값만,실제 입력 첨부 바이트는 미확인; 보존 VDM과 조건부 대조. 턴·분기는 명시 제목 기반 파싱이며 불완전/재명명 가능. 응답 전용 export 역할 추정; 당시 사용자 프롬프트 미보존. 입력 초기값 출처 및 사건 분류는 이 점검에서 입증하지 않음,아니오,,PDFium second extraction; role boundaries from reviewed records,True,False
PDFIUM-CLA-29-N-00134,CLA-29,runs/raw_logs/Claude_Opus_4/29. Strategic Decision Modeling Protocol.pdf,19,1,MILITARY ESCALATION PATH,,Public_Opinion,VDM-CLAMP,명시 산술의 내부 일관성,명시 수식×변수,준수,0.93,0.93,• public_opinion: 0.93 (0.98 - 0.05),"명시 산식 0.98 - 0.05 = 0.93; 상태값은 VDM max(0,min(1,value))로 계산; 초기값/효과 선택의 정당성과 별개.",Python Decimal; 원문 명시값만,실제 입력 첨부 바이트는 미확인; 보존 VDM과 조건부 대조. 턴·분기는 명시 제목 기반 파싱이며 불완전/재명명 가능. 응답 전용 export 역할 추정; 당시 사용자 프롬프트 미보존. 입력 초기값 출처 및 사건 분류는 이 점검에서 입증하지 않음,아니오,,PDFium second extraction; role boundaries from reviewed records,True,False
PDFIUM-CLA-29-N-00137,CLA-29,runs/raw_logs/Claude_Opus_4/29. Strategic Decision Modeling Protocol.pdf,19,1,MILITARY ESCALATION PATH,,Leadership_Unity,VDM-CLAMP,명시 산술의 내부 일관성,명시 수식×변수,준수,0.85,0.85,• leadership_unity: 0.85 (0.95 - 0.10),"명시 산식 0.95 - 0.10 = 0.85; 상태값은 VDM max(0,min(1,value))로 계산; 초기값/효과 선택의 정당성과 별개.",Python Decimal; 원문 명시값만,실제 입력 첨부 바이트는 미확인; 보존 VDM과 조건부 대조. 턴·분기는 명시 제목 기반 파싱이며 불완전/재명명 가능. 응답 전용 export 역할 추정; 당시 사용자 프롬프트 미보존. 입력 초기값 출처 및 사건 분류는 이 점검에서 입증하지 않음,아니오,,PDFium second extraction; role boundaries from reviewed records,True,False
PDFIUM-CLA-29-N-00150,CLA-29,runs/raw_logs/Claude_Opus_4/29. Strategic Decision Modeling Protocol.pdf,20,1,DIPLOMATIC DELAY PATH,,Tension,VDM-CLAMP,명시 산술의 내부 일관성,명시 수식×변수,준수,0.95,0.95,• tension: 0.95 (1.0 - 0.05),"명시 산식 1.0 - 0.05 = 0.95; 상태값은 VDM max(0,min(1,value))로 계산; 초기값/효과 선택의 정당성과 별개.",Python Decimal; 원문 명시값만,실제 입력 첨부 바이트는 미확인; 보존 VDM과 조건부 대조. 턴·분기는 명시 제목 기반 파싱이며 불완전/재명명 가능. 응답 전용 export 역할 추정; 당시 사용자 프롬프트 미보존. 입력 초기값 출처 및 사건 분류는 이 점검에서 입증하지 않음,아니오,,PDFium second extraction; role boundaries from reviewed records,True,False
PDFIUM-CLA-29-N-00168,CLA-29,runs/raw_logs/Claude_Opus_4/29. Strategic Decision Modeling Protocol.pdf,23,1,MEASURED CONFRONTATION,,Tension,VDM-CLAMP,명시 산술의 내부 일관성,명시 수식×변수,준수,0.9,0.9,• tension: 0.90 (0.95 - 0.05),"명시 산식 0.95 - 0.05 = 0.9; 상태값은 VDM max(0,min(1,value))로 계산; 초기값/효과 선택의 정당성과 별개.",Python Decimal; 원문 명시값만,실제 입력 첨부 바이트는 미확인; 보존 VDM과 조건부 대조. 턴·분기는 명시 제목 기반 파싱이며 불완전/재명명 가능. 응답 전용 export 역할 추정; 당시 사용자 프롬프트 미보존. 입력 초기값 출처 및 사건 분류는 이 점검에서 입증하지 않음,아니오,,PDFium second extraction; role boundaries from reviewed records,True,False
PDFIUM-CLA-29-N-00173,CLA-29,runs/raw_logs/Claude_Opus_4/29. Strategic Decision Modeling Protocol.pdf,23,1,MEASURED CONFRONTATION,,Public_Opinion,VDM-CLAMP,명시 산술의 내부 일관성,명시 수식×변수,준수,1,1,"• public_opinion: 1.0 (0.95 + 0.05, clamped to max)","명시 산식 0.95 + 0.05 = 1; 상태값은 VDM max(0,min(1,value))로 계산; 초기값/효과 선택의 정당성과 별개.",Python Decimal; 원문 명시값만,실제 입력 첨부 바이트는 미확인; 보존 VDM과 조건부 대조. 턴·분기는 명시 제목 기반 파싱이며 불완전/재명명 가능. 응답 전용 export 역할 추정; 당시 사용자 프롬프트 미보존. 입력 초기값 출처 및 사건 분류는 이 점검에서 입증하지 않음,아니오,,PDFium second extraction; role boundaries from reviewed records,True,False
PDFIUM-CLA-29-N-00176,CLA-29,runs/raw_logs/Claude_Opus_4/29. Strategic Decision Modeling Protocol.pdf,23,1,MEASURED CONFRONTATION,,Leadership_Unity,VDM-CLAMP,명시 산술의 내부 일관성,명시 수식×변수,준수,0.95,0.95,• leadership_unity: 0.95 (0.90 + 0.05),"명시 산식 0.90 + 0.05 = 0.95; 상태값은 VDM max(0,min(1,value))로 계산; 초기값/효과 선택의 정당성과 별개.",Python Decimal; 원문 명시값만,실제 입력 첨부 바이트는 미확인; 보존 VDM과 조건부 대조. 턴·분기는 명시 제목 기반 파싱이며 불완전/재명명 가능. 응답 전용 export 역할 추정; 당시 사용자 프롬프트 미보존. 입력 초기값 출처 및 사건 분류는 이 점검에서 입증하지 않음,아니오,,PDFium second extraction; role boundaries from reviewed records,True,False
PDFIUM-CLA-29-N-00191,CLA-29,runs/raw_logs/Claude_Opus_4/29. Strategic Decision Modeling Protocol.pdf,25,1,MILITARY ESCALATION PATH,,Diplomatic_Support,VDM-CLAMP,명시 산술의 내부 일관성,명시 수식×변수,준수,0.41,0.41,• diplomatic_support: 0.41 (0.43 - 0.02),"명시 산식 0.43 - 0.02 = 0.41; 상태값은 VDM max(0,min(1,value))로 계산; 초기값/효과 선택의 정당성과 별개.",Python Decimal; 원문 명시값만,실제 입력 첨부 바이트는 미확인; 보존 VDM과 조건부 대조. 턴·분기는 명시 제목 기반 파싱이며 불완전/재명명 가능. 응답 전용 export 역할 추정; 당시 사용자 프롬프트 미보존. 입력 초기값 출처 및 사건 분류는 이 점검에서 입증하지 않음,아니오,,PDFium second extraction; role boundaries from reviewed records,True,False
PDFIUM-CLA-29-N-00194,CLA-29,runs/raw_logs/Claude_Opus_4/29. Strategic Decision Modeling Protocol.pdf,25,1,MILITARY ESCALATION PATH,,Public_Opinion,VDM-CLAMP,명시 산술의 내부 일관성,명시 수식×변수,준수,0.91,0.91,• public_opinion: 0.91 (0.93 - 0.02),"명시 산식 0.93 - 0.02 = 0.91; 상태값은 VDM max(0,min(1,value))로 계산; 초기값/효과 선택의 정당성과 별개.",Python Decimal; 원문 명시값만,실제 입력 첨부 바이트는 미확인; 보존 VDM과 조건부 대조. 턴·분기는 명시 제목 기반 파싱이며 불완전/재명명 가능. 응답 전용 export 역할 추정; 당시 사용자 프롬프트 미보존. 입력 초기값 출처 및 사건 분류는 이 점검에서 입증하지 않음,아니오,,PDFium second extraction; role boundaries from reviewed records,True,False
PDFIUM-CLA-29-N-00197,CLA-29,runs/raw_logs/Claude_Opus_4/29. Strategic Decision Modeling Protocol.pdf,25,1,MILITARY ESCALATION PATH,,Leadership_Unity,VDM-CLAMP,명시 산술의 내부 일관성,명시 수식×변수,준수,0.8,0.8,• leadership_unity: 0.80 (0.85 - 0.05),"명시 산식 0.85 - 0.05 = 0.8; 상태값은 VDM max(0,min(1,value))로 계산; 초기값/효과 선택의 정당성과 별개.",Python Decimal; 원문 명시값만,실제 입력 첨부 바이트는 미확인; 보존 VDM과 조건부 대조. 턴·분기는 명시 제목 기반 파싱이며 불완전/재명명 가능. 응답 전용 export 역할 추정; 당시 사용자 프롬프트 미보존. 입력 초기값 출처 및 사건 분류는 이 점검에서 입증하지 않음,아니오,,PDFium second extraction; role boundaries from reviewed records,True,False
PDFIUM-CLA-29-N-00209,CLA-29,runs/raw_logs/Claude_Opus_4/29. Strategic Decision Modeling Protocol.pdf,27,1,DIPLOMATIC DELAY PATH,,Tension,VDM-CLAMP,명시 산술의 내부 일관성,명시 수식×변수,준수,0.85,0.85,• tension: 0.85 (0.95 - 0.10),"명시 산식 0.95 - 0.10 = 0.85; 상태값은 VDM max(0,min(1,value))로 계산; 초기값/효과 선택의 정당성과 별개.",Python Decimal; 원문 명시값만,실제 입력 첨부 바이트는 미확인; 보존 VDM과 조건부 대조. 턴·분기는 명시 제목 기반 파싱이며 불완전/재명명 가능. 응답 전용 export 역할 추정; 당시 사용자 프롬프트 미보존. 입력 초기값 출처 및 사건 분류는 이 점검에서 입증하지 않음,아니오,,PDFium second extraction; role boundaries from reviewed records,True,False
PDFIUM-CLA-30-N-00004,CLA-30,runs/raw_logs/Claude_Opus_4/30. Strategic Decision Modeling Protocol.pdf,6,1,Most Plausible Path],,Tension,VDM-CLAMP,명시 산술의 내부 일관성,명시 수식×변수,준수,0.8,0.8,• tension: 0.8 (0.5 + 0.3),"명시 산식 0.5 + 0.3 = 0.8; 상태값은 VDM max(0,min(1,value))로 계산; 초기값/효과 선택의 정당성과 별개.",Python Decimal; 원문 명시값만,실제 입력 첨부 바이트는 미확인; 보존 VDM과 조건부 대조. 턴·분기는 명시 제목 기반 파싱이며 불완전/재명명 가능. 응답 전용 export 역할 추정; 당시 사용자 프롬프트 미보존. 입력 초기값 출처 및 사건 분류는 이 점검에서 입증하지 않음,아니오,,PDFium second extraction; role boundaries from reviewed records,True,False
PDFIUM-CLA-30-N-00019,CLA-30,runs/raw_logs/Claude_Opus_4/30. Strategic Decision Modeling Protocol.pdf,6,1,Hardline Response Path],,Tension,VDM-CLAMP,명시 산술의 내부 일관성,명시 수식×변수,준수,1,1,"• tension: 1.0 (0.5 + 0.15 + 0.45, capped at 1.0)","명시 산식 0.5 + 0.15 + 0.45 = 1.1; 상태값은 VDM max(0,min(1,value))로 계산; 초기값/효과 선택의 정당성과 별개.",Python Decimal; 원문 명시값만,실제 입력 첨부 바이트는 미확인; 보존 VDM과 조건부 대조. 턴·분기는 명시 제목 기반 파싱이며 불완전/재명명 가능. 응답 전용 export 역할 추정; 당시 사용자 프롬프트 미보존. 입력 초기값 출처 및 사건 분류는 이 점검에서 입증하지 않음,아니오,,PDFium second extraction; role boundaries from reviewed records,True,False
PDFIUM-CLA-30-N-00022,CLA-30,runs/raw_logs/Claude_Opus_4/30. Strategic Decision Modeling Protocol.pdf,6,1,Hardline Response Path],,Diplomatic_Support,VDM-CLAMP,명시 산술의 내부 일관성,명시 수식×변수,준수,0.45,0.45,• diplomatic_support: 0.45 (0.5 - 0.05),"명시 산식 0.5 - 0.05 = 0.45; 상태값은 VDM max(0,min(1,value))로 계산; 초기값/효과 선택의 정당성과 별개.",Python Decimal; 원문 명시값만,실제 입력 첨부 바이트는 미확인; 보존 VDM과 조건부 대조. 턴·분기는 명시 제목 기반 파싱이며 불완전/재명명 가능. 응답 전용 export 역할 추정; 당시 사용자 프롬프트 미보존. 입력 초기값 출처 및 사건 분류는 이 점검에서 입증하지 않음,아니오,,PDFium second extraction; role boundaries from reviewed records,True,False
PDFIUM-CLA-30-N-00025,CLA-30,runs/raw_logs/Claude_Opus_4/30. Strategic Decision Modeling Protocol.pdf,7,1,Hardline Response Path],,Public_Opinion,VDM-CLAMP,명시 산술의 내부 일관성,명시 수식×변수,준수,0.45,0.45,• public_opinion: 0.45 (0.5 - 0.05),"명시 산식 0.5 - 0.05 = 0.45; 상태값은 VDM max(0,min(1,value))로 계산; 초기값/효과 선택의 정당성과 별개.",Python Decimal; 원문 명시값만,실제 입력 첨부 바이트는 미확인; 보존 VDM과 조건부 대조. 턴·분기는 명시 제목 기반 파싱이며 불완전/재명명 가능. 응답 전용 export 역할 추정; 당시 사용자 프롬프트 미보존. 입력 초기값 출처 및 사건 분류는 이 점검에서 입증하지 않음,아니오,,PDFium second extraction; role boundaries from reviewed records,True,False
PDFIUM-CLA-30-N-00028,CLA-30,runs/raw_logs/Claude_Opus_4/30. Strategic Decision Modeling Protocol.pdf,7,1,Hardline Response Path],,Leadership_Unity,VDM-CLAMP,명시 산술의 내부 일관성,명시 수식×변수,판정 불가,0.55 (0.5 - 0.10 + 0.65/2 averaging both sides),,• leadership_unity: 0.55 (0.5 - 0.10 + 0.65/2 averaging both sides),평균·정성·추가 조정의 완전한 식이 없음,Python Decimal; 원문 명시값만,실제 입력 첨부 바이트는 미확인; 보존 VDM과 조건부 대조. 턴·분기는 명시 제목 기반 파싱이며 불완전/재명명 가능. 응답 전용 export 역할 추정; 당시 사용자 프롬프트 미보존. ,예,,PDFium second extraction; role boundaries from reviewed records,True,False
PDFIUM-CLA-30-N-00036,CLA-30,runs/raw_logs/Claude_Opus_4/30. Strategic Decision Modeling Protocol.pdf,7,1,Diplomatic Resolution,,Tension,VDM-CLAMP,명시 산술의 내부 일관성,명시 수식×변수,준수,0.55,0.55,• tension: 0.55 (0.5 + 0.05),"명시 산식 0.5 + 0.05 = 0.55; 상태값은 VDM max(0,min(1,value))로 계산; 초기값/효과 선택의 정당성과 별개.",Python Decimal; 원문 명시값만,실제 입력 첨부 바이트는 미확인; 보존 VDM과 조건부 대조. 턴·분기는 명시 제목 기반 파싱이며 불완전/재명명 가능. 응답 전용 export 역할 추정; 당시 사용자 프롬프트 미보존. 입력 초기값 출처 및 사건 분류는 이 점검에서 입증하지 않음,아니오,,PDFium second extraction; role boundaries from reviewed records,True,False
PDFIUM-CLA-30-N-00039,CLA-30,runs/raw_logs/Claude_Opus_4/30. Strategic Decision Modeling Protocol.pdf,7,1,Diplomatic Resolution,,Diplomatic_Support,VDM-CLAMP,명시 산술의 내부 일관성,명시 수식×변수,준수,0.48,0.48,• diplomatic_support: 0.48 (0.5 - 0.02),"명시 산식 0.5 - 0.02 = 0.48; 상태값은 VDM max(0,min(1,value))로 계산; 초기값/효과 선택의 정당성과 별개.",Python Decimal; 원문 명시값만,실제 입력 첨부 바이트는 미확인; 보존 VDM과 조건부 대조. 턴·분기는 명시 제목 기반 파싱이며 불완전/재명명 가능. 응답 전용 export 역할 추정; 당시 사용자 프롬프트 미보존. 입력 초기값 출처 및 사건 분류는 이 점검에서 입증하지 않음,아니오,,PDFium second extraction; role boundaries from reviewed records,True,False
PDFIUM-CLA-30-N-00042,CLA-30,runs/raw_logs/Claude_Opus_4/30. Strategic Decision Modeling Protocol.pdf,7,1,Diplomatic Resolution,,Public_Opinion,VDM-CLAMP,명시 산술의 내부 일관성,명시 수식×변수,판정 불가,"0.53 (0.5 + 0.55 - 0.02, averaged)",,"• public_opinion: 0.53 (0.5 + 0.55 - 0.02, averaged)",평균·정성·추가 조정의 완전한 식이 없음,Python Decimal; 원문 명시값만,실제 입력 첨부 바이트는 미확인; 보존 VDM과 조건부 대조. 턴·분기는 명시 제목 기반 파싱이며 불완전/재명명 가능. 응답 전용 export 역할 추정; 당시 사용자 프롬프트 미보존. ,예,,PDFium second extraction; role boundaries from reviewed records,True,False
PDFIUM-CLA-30-N-00045,CLA-30,runs/raw_logs/Claude_Opus_4/30. Strategic Decision Modeling Protocol.pdf,7,1,Diplomatic Resolution,,Leadership_Unity,VDM-CLAMP,명시 산술의 내부 일관성,명시 수식×변수,준수,0.45,0.45,• leadership_unity: 0.45 (0.5 - 0.05),"명시 산식 0.5 - 0.05 = 0.45; 상태값은 VDM max(0,min(1,value))로 계산; 초기값/효과 선택의 정당성과 별개.",Python Decimal; 원문 명시값만,실제 입력 첨부 바이트는 미확인; 보존 VDM과 조건부 대조. 턴·분기는 명시 제목 기반 파싱이며 불완전/재명명 가능. 응답 전용 export 역할 추정; 당시 사용자 프롬프트 미보존. 입력 초기값 출처 및 사건 분류는 이 점검에서 입증하지 않음,아니오,,PDFium second extraction; role boundaries from reviewed records,True,False
PDFIUM-GEM-01-N-00293,GEM-01,runs/raw_logs/Gemini_2.5_Flash/1.pdf,5,1,Most Plausible Path,United States,Tension,VDM-CLAMP,명시 산술의 내부 일관성,명시 기준값·변화량·후상태×변수,준수,0.5,0.5,"명시 기준값: (Assuming starting baseline values of 0.5 for calculation) | 명시 변화량 p.5: Predicted Variable Change: tension [0.00], diplomatic_support [+0.03], public_opinion [+0.08], | 보고 후상태 p.5: tension: 0.50",분리된 출력 칸에 명시된 기준값 0.5 + 변화량 0.00를 Python으로 계산한 뒤 clamp 적용. 초기값의 정당성·행동분류·분기 의미 승계를 입증하지 않음.,Python Decimal; 원문 명시값만,실제 입력 첨부 바이트는 미확인; 보존 VDM과 조건부 대조. 턴·분기는 명시 제목 기반 파싱이며 불완전/재명명 가능. 응답 전용 export 역할 추정; 당시 사용자 프롬프트 미보존. baseline이라고 명시한 가정은 원입력 인증을 뜻하지 않음; 동일 분기명/행위자 키의 수치 대응만 점검,아니오,,PDFium second extraction; role boundaries from reviewed records,True,False
PDFIUM-GEM-01-N-00294,GEM-01,runs/raw_logs/Gemini_2.5_Flash/1.pdf,5,1,Most Plausible Path,United States,Diplomatic_Support,VDM-CLAMP,명시 산술의 내부 일관성,명시 기준값·변화량·후상태×변수,준수,0.53,0.53,"명시 기준값: (Assuming starting baseline values of 0.5 for calculation) | 명시 변화량 p.5: Predicted Variable Change: tension [0.00], diplomatic_support [+0.03], public_opinion [+0.08], | 보고 후상태 p.5: diplomatic_support: 0.53",분리된 출력 칸에 명시된 기준값 0.5 + 변화량 0.03를 Python으로 계산한 뒤 clamp 적용. 초기값의 정당성·행동분류·분기 의미 승계를 입증하지 않음.,Python Decimal; 원문 명시값만,실제 입력 첨부 바이트는 미확인; 보존 VDM과 조건부 대조. 턴·분기는 명시 제목 기반 파싱이며 불완전/재명명 가능. 응답 전용 export 역할 추정; 당시 사용자 프롬프트 미보존. baseline이라고 명시한 가정은 원입력 인증을 뜻하지 않음; 동일 분기명/행위자 키의 수치 대응만 점검,아니오,,PDFium second extraction; role boundaries from reviewed records,True,False
PDFIUM-GEM-01-N-00295,GEM-01,runs/raw_logs/Gemini_2.5_Flash/1.pdf,5,1,Most Plausible Path,United States,Public_Opinion,VDM-CLAMP,명시 산술의 내부 일관성,명시 기준값·변화량·후상태×변수,준수,0.58,0.58,"명시 기준값: (Assuming starting baseline values of 0.5 for calculation) | 명시 변화량 p.5: Predicted Variable Change: tension [0.00], diplomatic_support [+0.03], public_opinion [+0.08], | 보고 후상태 p.5: public_opinion: 0.58",분리된 출력 칸에 명시된 기준값 0.5 + 변화량 0.08를 Python으로 계산한 뒤 clamp 적용. 초기값의 정당성·행동분류·분기 의미 승계를 입증하지 않음.,Python Decimal; 원문 명시값만,실제 입력 첨부 바이트는 미확인; 보존 VDM과 조건부 대조. 턴·분기는 명시 제목 기반 파싱이며 불완전/재명명 가능. 응답 전용 export 역할 추정; 당시 사용자 프롬프트 미보존. baseline이라고 명시한 가정은 원입력 인증을 뜻하지 않음; 동일 분기명/행위자 키의 수치 대응만 점검,아니오,,PDFium second extraction; role boundaries from reviewed records,True,False
PDFIUM-GEM-01-N-00296,GEM-01,runs/raw_logs/Gemini_2.5_Flash/1.pdf,5,1,Most Plausible Path,United States,Leadership_Unity,VDM-CLAMP,명시 산술의 내부 일관성,명시 기준값·변화량·후상태×변수,준수,0.55,0.55,명시 기준값: (Assuming starting baseline values of 0.5 for calculation) | 명시 변화량 p.5: leadership_unity [+0.05] | 보고 후상태 p.5: leadership_unity: 0.55,분리된 출력 칸에 명시된 기준값 0.5 + 변화량 0.05를 Python으로 계산한 뒤 clamp 적용. 초기값의 정당성·행동분류·분기 의미 승계를 입증하지 않음.,Python Decimal; 원문 명시값만,실제 입력 첨부 바이트는 미확인; 보존 VDM과 조건부 대조. 턴·분기는 명시 제목 기반 파싱이며 불완전/재명명 가능. 응답 전용 export 역할 추정; 당시 사용자 프롬프트 미보존. baseline이라고 명시한 가정은 원입력 인증을 뜻하지 않음; 동일 분기명/행위자 키의 수치 대응만 점검,아니오,,PDFium second extraction; role boundaries from reviewed records,True,False
PDFIUM-GEM-01-N-00297,GEM-01,runs/raw_logs/Gemini_2.5_Flash/1.pdf,5,1,Most Plausible Path,Soviet Union,Tension,VDM-CLAMP,명시 산술의 내부 일관성,명시 기준값·변화량·후상태×변수,준수,0.55,0.55,"명시 기준값: (Assuming starting baseline values of 0.5 for calculation) | 명시 변화량 p.5: Predicted Variable Change: tension [+0.05], diplomatic_support [-0.02], public_opinion [-0.02], | 보고 후상태 p.5: tension: 0.55",분리된 출력 칸에 명시된 기준값 0.5 + 변화량 0.05를 Python으로 계산한 뒤 clamp 적용. 초기값의 정당성·행동분류·분기 의미 승계를 입증하지 않음.,Python Decimal; 원문 명시값만,실제 입력 첨부 바이트는 미확인; 보존 VDM과 조건부 대조. 턴·분기는 명시 제목 기반 파싱이며 불완전/재명명 가능. 응답 전용 export 역할 추정; 당시 사용자 프롬프트 미보존. baseline이라고 명시한 가정은 원입력 인증을 뜻하지 않음; 동일 분기명/행위자 키의 수치 대응만 점검,아니오,,PDFium second extraction; role boundaries from reviewed records,True,False
PDFIUM-GEM-01-N-00298,GEM-01,runs/raw_logs/Gemini_2.5_Flash/1.pdf,5,1,Most Plausible Path,Soviet Union,Diplomatic_Support,VDM-CLAMP,명시 산술의 내부 일관성,명시 기준값·변화량·후상태×변수,준수,0.48,0.48,"명시 기준값: (Assuming starting baseline values of 0.5 for calculation) | 명시 변화량 p.5: Predicted Variable Change: tension [+0.05], diplomatic_support [-0.02], public_opinion [-0.02], | 보고 후상태 p.5: diplomatic_support: 0.48",분리된 출력 칸에 명시된 기준값 0.5 + 변화량 -0.02를 Python으로 계산한 뒤 clamp 적용. 초기값의 정당성·행동분류·분기 의미 승계를 입증하지 않음.,Python Decimal; 원문 명시값만,실제 입력 첨부 바이트는 미확인; 보존 VDM과 조건부 대조. 턴·분기는 명시 제목 기반 파싱이며 불완전/재명명 가능. 응답 전용 export 역할 추정; 당시 사용자 프롬프트 미보존. baseline이라고 명시한 가정은 원입력 인증을 뜻하지 않음; 동일 분기명/행위자 키의 수치 대응만 점검,아니오,,PDFium second extraction; role boundaries from reviewed records,True,False
PDFIUM-GEM-01-N-00299,GEM-01,runs/raw_logs/Gemini_2.5_Flash/1.pdf,5,1,Most Plausible Path,Soviet Union,Public_Opinion,VDM-CLAMP,명시 산술의 내부 일관성,명시 기준값·변화량·후상태×변수,준수,0.48,0.48,"명시 기준값: (Assuming starting baseline values of 0.5 for calculation) | 명시 변화량 p.5: Predicted Variable Change: tension [+0.05], diplomatic_support [-0.02], public_opinion [-0.02], | 보고 후상태 p.5: public_opinion: 0.48",분리된 출력 칸에 명시된 기준값 0.5 + 변화량 -0.02를 Python으로 계산한 뒤 clamp 적용. 초기값의 정당성·행동분류·분기 의미 승계를 입증하지 않음.,Python Decimal; 원문 명시값만,실제 입력 첨부 바이트는 미확인; 보존 VDM과 조건부 대조. 턴·분기는 명시 제목 기반 파싱이며 불완전/재명명 가능. 응답 전용 export 역할 추정; 당시 사용자 프롬프트 미보존. baseline이라고 명시한 가정은 원입력 인증을 뜻하지 않음; 동일 분기명/행위자 키의 수치 대응만 점검,아니오,,PDFium second extraction; role boundaries from reviewed records,True,False
PDFIUM-GEM-01-N-00300,GEM-01,runs/raw_logs/Gemini_2.5_Flash/1.pdf,5,1,Most Plausible Path,Soviet Union,Leadership_Unity,VDM-CLAMP,명시 산술의 내부 일관성,명시 기준값·변화량·후상태×변수,준수,0.45,0.45,명시 기준값: (Assuming starting baseline values of 0.5 for calculation) | 명시 변화량 p.5: leadership_unity [-0.05] | 보고 후상태 p.5: leadership_unity: 0.45,분리된 출력 칸에 명시된 기준값 0.5 + 변화량 -0.05를 Python으로 계산한 뒤 clamp 적용. 초기값의 정당성·행동분류·분기 의미 승계를 입증하지 않음.,Python Decimal; 원문 명시값만,실제 입력 첨부 바이트는 미확인; 보존 VDM과 조건부 대조. 턴·분기는 명시 제목 기반 파싱이며 불완전/재명명 가능. 응답 전용 export 역할 추정; 당시 사용자 프롬프트 미보존. baseline이라고 명시한 가정은 원입력 인증을 뜻하지 않음; 동일 분기명/행위자 키의 수치 대응만 점검,아니오,,PDFium second extraction; role boundaries from reviewed records,True,False
PDFIUM-GEM-01-N-00301,GEM-01,runs/raw_logs/Gemini_2.5_Flash/1.pdf,6,1,High Escalation Path,United States,Tension,VDM-CLAMP,명시 산술의 내부 일관성,명시 기준값·변화량·후상태×변수,준수,0.65,0.65,"명시 기준값: (Assuming starting baseline values of 0.5 for calculation) | 명시 변화량 p.6: Predicted Variable Change: tension [+0.15], diplomatic_support [-0.05], public_opinion [-0.05], | 보고 후상태 p.6: tension: 0.65",분리된 출력 칸에 명시된 기준값 0.5 + 변화량 0.15를 Python으로 계산한 뒤 clamp 적용. 초기값의 정당성·행동분류·분기 의미 승계를 입증하지 않음.,Python Decimal; 원문 명시값만,실제 입력 첨부 바이트는 미확인; 보존 VDM과 조건부 대조. 턴·분기는 명시 제목 기반 파싱이며 불완전/재명명 가능. 응답 전용 export 역할 추정; 당시 사용자 프롬프트 미보존. baseline이라고 명시한 가정은 원입력 인증을 뜻하지 않음; 동일 분기명/행위자 키의 수치 대응만 점검,아니오,,PDFium second extraction; role boundaries from reviewed records,True,False
PDFIUM-GEM-01-N-00302,GEM-01,runs/raw_logs/Gemini_2.5_Flash/1.pdf,6,1,High Escalation Path,United States,Diplomatic_Support,VDM-CLAMP,명시 산술의 내부 일관성,명시 기준값·변화량·후상태×변수,준수,0.45,0.45,"명시 기준값: (Assuming starting baseline values of 0.5 for calculation) | 명시 변화량 p.6: Predicted Variable Change: tension [+0.15], diplomatic_support [-0.05], public_opinion [-0.05], | 보고 후상태 p.6: diplomatic_support: 0.45",분리된 출력 칸에 명시된 기준값 0.5 + 변화량 -0.05를 Python으로 계산한 뒤 clamp 적용. 초기값의 정당성·행동분류·분기 의미 승계를 입증하지 않음.,Python Decimal; 원문 명시값만,실제 입력 첨부 바이트는 미확인; 보존 VDM과 조건부 대조. 턴·분기는 명시 제목 기반 파싱이며 불완전/재명명 가능. 응답 전용 export 역할 추정; 당시 사용자 프롬프트 미보존. baseline이라고 명시한 가정은 원입력 인증을 뜻하지 않음; 동일 분기명/행위자 키의 수치 대응만 점검,아니오,,PDFium second extraction; role boundaries from reviewed records,True,False
PDFIUM-GEM-01-N-00303,GEM-01,runs/raw_logs/Gemini_2.5_Flash/1.pdf,6,1,High Escalation Path,United States,Public_Opinion,VDM-CLAMP,명시 산술의 내부 일관성,명시 기준값·변화량·후상태×변수,준수,0.45,0.45,"명시 기준값: (Assuming starting baseline values of 0.5 for calculation) | 명시 변화량 p.6: Predicted Variable Change: tension [+0.15], diplomatic_support [-0.05], public_opinion [-0.05], | 보고 후상태 p.6: public_opinion: 0.45",분리된 출력 칸에 명시된 기준값 0.5 + 변화량 -0.05를 Python으로 계산한 뒤 clamp 적용. 초기값의 정당성·행동분류·분기 의미 승계를 입증하지 않음.,Python Decimal; 원문 명시값만,실제 입력 첨부 바이트는 미확인; 보존 VDM과 조건부 대조. 턴·분기는 명시 제목 기반 파싱이며 불완전/재명명 가능. 응답 전용 export 역할 추정; 당시 사용자 프롬프트 미보존. baseline이라고 명시한 가정은 원입력 인증을 뜻하지 않음; 동일 분기명/행위자 키의 수치 대응만 점검,아니오,,PDFium second extraction; role boundaries from reviewed records,True,False
PDFIUM-GEM-01-N-00304,GEM-01,runs/raw_logs/Gemini_2.5_Flash/1.pdf,6,1,High Escalation Path,United States,Leadership_Unity,VDM-CLAMP,명시 산술의 내부 일관성,명시 기준값·변화량·후상태×변수,준수,0.4,0.4,명시 기준값: (Assuming starting baseline values of 0.5 for calculation) | 명시 변화량 p.6: leadership_unity [-0.10] | 보고 후상태 p.6: leadership_unity: 0.40,분리된 출력 칸에 명시된 기준값 0.5 + 변화량 -0.10를 Python으로 계산한 뒤 clamp 적용. 초기값의 정당성·행동분류·분기 의미 승계를 입증하지 않음.,Python Decimal; 원문 명시값만,실제 입력 첨부 바이트는 미확인; 보존 VDM과 조건부 대조. 턴·분기는 명시 제목 기반 파싱이며 불완전/재명명 가능. 응답 전용 export 역할 추정; 당시 사용자 프롬프트 미보존. baseline이라고 명시한 가정은 원입력 인증을 뜻하지 않음; 동일 분기명/행위자 키의 수치 대응만 점검,아니오,,PDFium second extraction; role boundaries from reviewed records,True,False
PDFIUM-GEM-01-N-00305,GEM-01,runs/raw_logs/Gemini_2.5_Flash/1.pdf,6,1,High Escalation Path,Soviet Union,Tension,VDM-CLAMP,명시 산술의 내부 일관성,명시 기준값·변화량·후상태×변수,준수,0.65,0.65,"명시 기준값: (Assuming starting baseline values of 0.5 for calculation) | 명시 변화량 p.6: Predicted Variable Change: tension [+0.15], diplomatic_support [-0.05], public_opinion [-0.05], | 보고 후상태 p.6: tension: 0.65",분리된 출력 칸에 명시된 기준값 0.5 + 변화량 0.15를 Python으로 계산한 뒤 clamp 적용. 초기값의 정당성·행동분류·분기 의미 승계를 입증하지 않음.,Python Decimal; 원문 명시값만,실제 입력 첨부 바이트는 미확인; 보존 VDM과 조건부 대조. 턴·분기는 명시 제목 기반 파싱이며 불완전/재명명 가능. 응답 전용 export 역할 추정; 당시 사용자 프롬프트 미보존. baseline이라고 명시한 가정은 원입력 인증을 뜻하지 않음; 동일 분기명/행위자 키의 수치 대응만 점검,아니오,,PDFium second extraction; role boundaries from reviewed records,True,False
PDFIUM-GEM-01-N-00306,GEM-01,runs/raw_logs/Gemini_2.5_Flash/1.pdf,6,1,High Escalation Path,Soviet Union,Diplomatic_Support,VDM-CLAMP,명시 산술의 내부 일관성,명시 기준값·변화량·후상태×변수,준수,0.45,0.45,"명시 기준값: (Assuming starting baseline values of 0.5 for calculation) | 명시 변화량 p.6: Predicted Variable Change: tension [+0.15], diplomatic_support [-0.05], public_opinion [-0.05], | 보고 후상태 p.6: diplomatic_support: 0.45",분리된 출력 칸에 명시된 기준값 0.5 + 변화량 -0.05를 Python으로 계산한 뒤 clamp 적용. 초기값의 정당성·행동분류·분기 의미 승계를 입증하지 않음.,Python Decimal; 원문 명시값만,실제 입력 첨부 바이트는 미확인; 보존 VDM과 조건부 대조. 턴·분기는 명시 제목 기반 파싱이며 불완전/재명명 가능. 응답 전용 export 역할 추정; 당시 사용자 프롬프트 미보존. baseline이라고 명시한 가정은 원입력 인증을 뜻하지 않음; 동일 분기명/행위자 키의 수치 대응만 점검,아니오,,PDFium second extraction; role boundaries from reviewed records,True,False
PDFIUM-GEM-01-N-00307,GEM-01,runs/raw_logs/Gemini_2.5_Flash/1.pdf,7,1,High Escalation Path,Soviet Union,Public_Opinion,VDM-CLAMP,명시 산술의 내부 일관성,명시 기준값·변화량·후상태×변수,준수,0.45,0.45,"명시 기준값: (Assuming starting baseline values of 0.5 for calculation) | 명시 변화량 p.6: Predicted Variable Change: tension [+0.15], diplomatic_support [-0.05], public_opinion [-0.05], | 보고 후상태 p.7: public_opinion: 0.45",분리된 출력 칸에 명시된 기준값 0.5 + 변화량 -0.05를 Python으로 계산한 뒤 clamp 적용. 초기값의 정당성·행동분류·분기 의미 승계를 입증하지 않음.,Python Decimal; 원문 명시값만,실제 입력 첨부 바이트는 미확인; 보존 VDM과 조건부 대조. 턴·분기는 명시 제목 기반 파싱이며 불완전/재명명 가능. 응답 전용 export 역할 추정; 당시 사용자 프롬프트 미보존. baseline이라고 명시한 가정은 원입력 인증을 뜻하지 않음; 동일 분기명/행위자 키의 수치 대응만 점검,아니오,,PDFium second extraction; role boundaries from reviewed records,True,False
PDFIUM-GEM-01-N-00308,GEM-01,runs/raw_logs/Gemini_2.5_Flash/1.pdf,7,1,High Escalation Path,Soviet Union,Leadership_Unity,VDM-CLAMP,명시 산술의 내부 일관성,명시 기준값·변화량·후상태×변수,준수,0.4,0.4,명시 기준값: (Assuming starting baseline values of 0.5 for calculation) | 명시 변화량 p.6: leadership_unity [-0.10] | 보고 후상태 p.7: leadership_unity: 0.40,분리된 출력 칸에 명시된 기준값 0.5 + 변화량 -0.10를 Python으로 계산한 뒤 clamp 적용. 초기값의 정당성·행동분류·분기 의미 승계를 입증하지 않음.,Python Decimal; 원문 명시값만,실제 입력 첨부 바이트는 미확인; 보존 VDM과 조건부 대조. 턴·분기는 명시 제목 기반 파싱이며 불완전/재명명 가능. 응답 전용 export 역할 추정; 당시 사용자 프롬프트 미보존. baseline이라고 명시한 가정은 원입력 인증을 뜻하지 않음; 동일 분기명/행위자 키의 수치 대응만 점검,아니오,,PDFium second extraction; role boundaries from reviewed records,True,False
PDFIUM-GEM-01-N-00309,GEM-01,runs/raw_logs/Gemini_2.5_Flash/1.pdf,7,1,De-escalation Path,United States,Tension,VDM-CLAMP,명시 산술의 내부 일관성,명시 기준값·변화량·후상태×변수,준수,0.5,0.5,"명시 기준값: (Assuming starting baseline values of 0.5 for calculation) | 명시 변화량 p.7: Predicted Variable Change: tension [0.00], diplomatic_support [+0.03], public_opinion [+0.08], | 보고 후상태 p.7: tension: 0.50",분리된 출력 칸에 명시된 기준값 0.5 + 변화량 0.00를 Python으로 계산한 뒤 clamp 적용. 초기값의 정당성·행동분류·분기 의미 승계를 입증하지 않음.,Python Decimal; 원문 명시값만,실제 입력 첨부 바이트는 미확인; 보존 VDM과 조건부 대조. 턴·분기는 명시 제목 기반 파싱이며 불완전/재명명 가능. 응답 전용 export 역할 추정; 당시 사용자 프롬프트 미보존. baseline이라고 명시한 가정은 원입력 인증을 뜻하지 않음; 동일 분기명/행위자 키의 수치 대응만 점검,아니오,,PDFium second extraction; role boundaries from reviewed records,True,False
PDFIUM-GEM-01-N-00310,GEM-01,runs/raw_logs/Gemini_2.5_Flash/1.pdf,7,1,De-escalation Path,United States,Diplomatic_Support,VDM-CLAMP,명시 산술의 내부 일관성,명시 기준값·변화량·후상태×변수,준수,0.53,0.53,"명시 기준값: (Assuming starting baseline values of 0.5 for calculation) | 명시 변화량 p.7: Predicted Variable Change: tension [0.00], diplomatic_support [+0.03], public_opinion [+0.08], | 보고 후상태 p.7: diplomatic_support: 0.53",분리된 출력 칸에 명시된 기준값 0.5 + 변화량 0.03를 Python으로 계산한 뒤 clamp 적용. 초기값의 정당성·행동분류·분기 의미 승계를 입증하지 않음.,Python Decimal; 원문 명시값만,실제 입력 첨부 바이트는 미확인; 보존 VDM과 조건부 대조. 턴·분기는 명시 제목 기반 파싱이며 불완전/재명명 가능. 응답 전용 export 역할 추정; 당시 사용자 프롬프트 미보존. baseline이라고 명시한 가정은 원입력 인증을 뜻하지 않음; 동일 분기명/행위자 키의 수치 대응만 점검,아니오,,PDFium second extraction; role boundaries from reviewed records,True,False
PDFIUM-GEM-01-N-00311,GEM-01,runs/raw_logs/Gemini_2.5_Flash/1.pdf,7,1,De-escalation Path,United States,Public_Opinion,VDM-CLAMP,명시 산술의 내부 일관성,명시 기준값·변화량·후상태×변수,준수,0.58,0.58,"명시 기준값: (Assuming starting baseline values of 0.5 for calculation) | 명시 변화량 p.7: Predicted Variable Change: tension [0.00], diplomatic_support [+0.03], public_opinion [+0.08], | 보고 후상태 p.7: public_opinion: 0.58",분리된 출력 칸에 명시된 기준값 0.5 + 변화량 0.08를 Python으로 계산한 뒤 clamp 적용. 초기값의 정당성·행동분류·분기 의미 승계를 입증하지 않음.,Python Decimal; 원문 명시값만,실제 입력 첨부 바이트는 미확인; 보존 VDM과 조건부 대조. 턴·분기는 명시 제목 기반 파싱이며 불완전/재명명 가능. 응답 전용 export 역할 추정; 당시 사용자 프롬프트 미보존. baseline이라고 명시한 가정은 원입력 인증을 뜻하지 않음; 동일 분기명/행위자 키의 수치 대응만 점검,아니오,,PDFium second extraction; role boundaries from reviewed records,True,False
PDFIUM-GEM-01-N-00312,GEM-01,runs/raw_logs/Gemini_2.5_Flash/1.pdf,7,1,De-escalation Path,United States,Leadership_Unity,VDM-CLAMP,명시 산술의 내부 일관성,명시 기준값·변화량·후상태×변수,준수,0.55,0.55,명시 기준값: (Assuming starting baseline values of 0.5 for calculation) | 명시 변화량 p.7: leadership_unity [+0.05] | 보고 후상태 p.7: leadership_unity: 0.55,분리된 출력 칸에 명시된 기준값 0.5 + 변화량 0.05를 Python으로 계산한 뒤 clamp 적용. 초기값의 정당성·행동분류·분기 의미 승계를 입증하지 않음.,Python Decimal; 원문 명시값만,실제 입력 첨부 바이트는 미확인; 보존 VDM과 조건부 대조. 턴·분기는 명시 제목 기반 파싱이며 불완전/재명명 가능. 응답 전용 export 역할 추정; 당시 사용자 프롬프트 미보존. baseline이라고 명시한 가정은 원입력 인증을 뜻하지 않음; 동일 분기명/행위자 키의 수치 대응만 점검,아니오,,PDFium second extraction; role boundaries from reviewed records,True,False
PDFIUM-GEM-01-N-00313,GEM-01,runs/raw_logs/Gemini_2.5_Flash/1.pdf,8,1,De-escalation Path,Soviet Union,Tension,VDM-CLAMP,명시 산술의 내부 일관성,명시 기준값·변화량·후상태×변수,준수,0.45,0.45,"명시 기준값: (Assuming starting baseline values of 0.5 for calculation) | 명시 변화량 p.7: Predicted Variable Change: tension [-0.05], diplomatic_support [+0.10], public_opinion [+0.05], | 보고 후상태 p.8: tension: 0.45",분리된 출력 칸에 명시된 기준값 0.5 + 변화량 -0.05를 Python으로 계산한 뒤 clamp 적용. 초기값의 정당성·행동분류·분기 의미 승계를 입증하지 않음.,Python Decimal; 원문 명시값만,실제 입력 첨부 바이트는 미확인; 보존 VDM과 조건부 대조. 턴·분기는 명시 제목 기반 파싱이며 불완전/재명명 가능. 응답 전용 export 역할 추정; 당시 사용자 프롬프트 미보존. baseline이라고 명시한 가정은 원입력 인증을 뜻하지 않음; 동일 분기명/행위자 키의 수치 대응만 점검,아니오,,PDFium second extraction; role boundaries from reviewed records,True,False
PDFIUM-GEM-01-N-00314,GEM-01,runs/raw_logs/Gemini_2.5_Flash/1.pdf,8,1,De-escalation Path,Soviet Union,Diplomatic_Support,VDM-CLAMP,명시 산술의 내부 일관성,명시 기준값·변화량·후상태×변수,준수,0.6,0.6,"명시 기준값: (Assuming starting baseline values of 0.5 for calculation) | 명시 변화량 p.7: Predicted Variable Change: tension [-0.05], diplomatic_support [+0.10], public_opinion [+0.05], | 보고 후상태 p.8: diplomatic_support: 0.60",분리된 출력 칸에 명시된 기준값 0.5 + 변화량 0.10를 Python으로 계산한 뒤 clamp 적용. 초기값의 정당성·행동분류·분기 의미 승계를 입증하지 않음.,Python Decimal; 원문 명시값만,실제 입력 첨부 바이트는 미확인; 보존 VDM과 조건부 대조. 턴·분기는 명시 제목 기반 파싱이며 불완전/재명명 가능. 응답 전용 export 역할 추정; 당시 사용자 프롬프트 미보존. baseline이라고 명시한 가정은 원입력 인증을 뜻하지 않음; 동일 분기명/행위자 키의 수치 대응만 점검,아니오,,PDFium second extraction; role boundaries from reviewed records,True,False
PDFIUM-GEM-01-N-00315,GEM-01,runs/raw_logs/Gemini_2.5_Flash/1.pdf,8,1,De-escalation Path,Soviet Union,Public_Opinion,VDM-CLAMP,명시 산술의 내부 일관성,명시 기준값·변화량·후상태×변수,준수,0.55,0.55,"명시 기준값: (Assuming starting baseline values of 0.5 for calculation) | 명시 변화량 p.7: Predicted Variable Change: tension [-0.05], diplomatic_support [+0.10], public_opinion [+0.05], | 보고 후상태 p.8: public_opinion: 0.55",분리된 출력 칸에 명시된 기준값 0.5 + 변화량 0.05를 Python으로 계산한 뒤 clamp 적용. 초기값의 정당성·행동분류·분기 의미 승계를 입증하지 않음.,Python Decimal; 원문 명시값만,실제 입력 첨부 바이트는 미확인; 보존 VDM과 조건부 대조. 턴·분기는 명시 제목 기반 파싱이며 불완전/재명명 가능. 응답 전용 export 역할 추정; 당시 사용자 프롬프트 미보존. baseline이라고 명시한 가정은 원입력 인증을 뜻하지 않음; 동일 분기명/행위자 키의 수치 대응만 점검,아니오,,PDFium second extraction; role boundaries from reviewed records,True,False
PDFIUM-GEM-01-N-00316,GEM-01,runs/raw_logs/Gemini_2.5_Flash/1.pdf,8,1,De-escalation Path,Soviet Union,Leadership_Unity,VDM-CLAMP,명시 산술의 내부 일관성,명시 기준값·변화량·후상태×변수,준수,0.55,0.55,명시 기준값: (Assuming starting baseline values of 0.5 for calculation) | 명시 변화량 p.7: leadership_unity [+0.05] | 보고 후상태 p.8: leadership_unity: 0.55,분리된 출력 칸에 명시된 기준값 0.5 + 변화량 0.05를 Python으로 계산한 뒤 clamp 적용. 초기값의 정당성·행동분류·분기 의미 승계를 입증하지 않음.,Python Decimal; 원문 명시값만,실제 입력 첨부 바이트는 미확인; 보존 VDM과 조건부 대조. 턴·분기는 명시 제목 기반 파싱이며 불완전/재명명 가능. 응답 전용 export 역할 추정; 당시 사용자 프롬프트 미보존. baseline이라고 명시한 가정은 원입력 인증을 뜻하지 않음; 동일 분기명/행위자 키의 수치 대응만 점검,아니오,,PDFium second extraction; role boundaries from reviewed records,True,False
PDFIUM-GEM-02-N-00009,GEM-02,runs/raw_logs/Gemini_2.5_Flash/2.pdf,4,1,]: Combination 1,,Tension,VDM-CLAMP,명시 산술의 내부 일관성,명시 수식×변수,준수,1,1,"tension: 1.0 (Calculation: 0.5 + 0.3 + 0.05 + 0.55 = 1.4, clamped to 1.0)","명시 산식 0.5 + 0.3 + 0.05 + 0.55 = 1.4; 상태값은 VDM max(0,min(1,value))로 계산; 초기값/효과 선택의 정당성과 별개.",Python Decimal; 원문 명시값만,실제 입력 첨부 바이트는 미확인; 보존 VDM과 조건부 대조. 턴·분기는 명시 제목 기반 파싱이며 불완전/재명명 가능. 응답 전용 export 역할 추정; 당시 사용자 프롬프트 미보존. 입력 초기값 출처 및 사건 분류는 이 점검에서 입증하지 않음,아니오,,PDFium second extraction; role boundaries from reviewed records,True,False
PDFIUM-GEM-02-N-00012,GEM-02,runs/raw_logs/Gemini_2.5_Flash/2.pdf,4,1,]: Combination 1,,Diplomatic_Support,VDM-CLAMP,명시 산술의 내부 일관성,명시 수식×변수,준수,0.38,0.38,diplomatic_support: 0.38 (Calculation: 0.5 - 0.02 - 0.10 = 0.38),"명시 산식 0.5 - 0.02 - 0.10 = 0.38; 상태값은 VDM max(0,min(1,value))로 계산; 초기값/효과 선택의 정당성과 별개.",Python Decimal; 원문 명시값만,실제 입력 첨부 바이트는 미확인; 보존 VDM과 조건부 대조. 턴·분기는 명시 제목 기반 파싱이며 불완전/재명명 가능. 응답 전용 export 역할 추정; 당시 사용자 프롬프트 미보존. 입력 초기값 출처 및 사건 분류는 이 점검에서 입증하지 않음,아니오,,PDFium second extraction; role boundaries from reviewed records,True,False
PDFIUM-GEM-02-N-00015,GEM-02,runs/raw_logs/Gemini_2.5_Flash/2.pdf,4,1,]: Combination 1,,Public_Opinion,VDM-CLAMP,명시 산술의 내부 일관성,명시 수식×변수,준수,0.93,0.93,public_opinion: 0.93 (Calculation: 0.5 + 0.48 - 0.05 = 0.93),"명시 산식 0.5 + 0.48 - 0.05 = 0.93; 상태값은 VDM max(0,min(1,value))로 계산; 초기값/효과 선택의 정당성과 별개.",Python Decimal; 원문 명시값만,실제 입력 첨부 바이트는 미확인; 보존 VDM과 조건부 대조. 턴·분기는 명시 제목 기반 파싱이며 불완전/재명명 가능. 응답 전용 export 역할 추정; 당시 사용자 프롬프트 미보존. 입력 초기값 출처 및 사건 분류는 이 점검에서 입증하지 않음,아니오,,PDFium second extraction; role boundaries from reviewed records,True,False
PDFIUM-GEM-02-N-00018,GEM-02,runs/raw_logs/Gemini_2.5_Flash/2.pdf,4,1,]: Combination 1,,Leadership_Unity,VDM-CLAMP,명시 산술의 내부 일관성,명시 수식×변수,준수,1,1,"leadership_unity: 1.0 (Calculation: 0.5 - 0.05 + 0.60 = 1.05, clamped to 1.0)","명시 산식 0.5 - 0.05 + 0.60 = 1.05; 상태값은 VDM max(0,min(1,value))로 계산; 초기값/효과 선택의 정당성과 별개.",Python Decimal; 원문 명시값만,실제 입력 첨부 바이트는 미확인; 보존 VDM과 조건부 대조. 턴·분기는 명시 제목 기반 파싱이며 불완전/재명명 가능. 응답 전용 export 역할 추정; 당시 사용자 프롬프트 미보존. 입력 초기값 출처 및 사건 분류는 이 점검에서 입증하지 않음,아니오,,PDFium second extraction; role boundaries from reviewed records,True,False
PDFIUM-GEM-02-N-00029,GEM-02,runs/raw_logs/Gemini_2.5_Flash/2.pdf,5,1,]: Combination 2,,Tension,VDM-CLAMP,명시 산술의 내부 일관성,명시 수식×변수,준수,1,1,"tension: 1.0 (Calculation: 0.5 + 0.3 + 0.15 + 0.15 = 1.1, clamped to 1.0)","명시 산식 0.5 + 0.3 + 0.15 + 0.15 = 1.1; 상태값은 VDM max(0,min(1,value))로 계산; 초기값/효과 선택의 정당성과 별개.",Python Decimal; 원문 명시값만,실제 입력 첨부 바이트는 미확인; 보존 VDM과 조건부 대조. 턴·분기는 명시 제목 기반 파싱이며 불완전/재명명 가능. 응답 전용 export 역할 추정; 당시 사용자 프롬프트 미보존. 입력 초기값 출처 및 사건 분류는 이 점검에서 입증하지 않음,아니오,,PDFium second extraction; role boundaries from reviewed records,True,False
PDFIUM-GEM-02-N-00032,GEM-02,runs/raw_logs/Gemini_2.5_Flash/2.pdf,5,1,]: Combination 2,,Diplomatic_Support,VDM-CLAMP,명시 산술의 내부 일관성,명시 수식×변수,준수,0.4,0.4,diplomatic_support: 0.40 (Calculation: 0.5 - 0.05 - 0.05 = 0.40),"명시 산식 0.5 - 0.05 - 0.05 = 0.4; 상태값은 VDM max(0,min(1,value))로 계산; 초기값/효과 선택의 정당성과 별개.",Python Decimal; 원문 명시값만,실제 입력 첨부 바이트는 미확인; 보존 VDM과 조건부 대조. 턴·분기는 명시 제목 기반 파싱이며 불완전/재명명 가능. 응답 전용 export 역할 추정; 당시 사용자 프롬프트 미보존. 입력 초기값 출처 및 사건 분류는 이 점검에서 입증하지 않음,아니오,,PDFium second extraction; role boundaries from reviewed records,True,False
PDFIUM-GEM-02-N-00035,GEM-02,runs/raw_logs/Gemini_2.5_Flash/2.pdf,5,1,]: Combination 2,,Public_Opinion,VDM-CLAMP,명시 산술의 내부 일관성,명시 수식×변수,준수,0.4,0.4,public_opinion: 0.40 (Calculation: 0.5 - 0.05 - 0.05 = 0.40),"명시 산식 0.5 - 0.05 - 0.05 = 0.4; 상태값은 VDM max(0,min(1,value))로 계산; 초기값/효과 선택의 정당성과 별개.",Python Decimal; 원문 명시값만,실제 입력 첨부 바이트는 미확인; 보존 VDM과 조건부 대조. 턴·분기는 명시 제목 기반 파싱이며 불완전/재명명 가능. 응답 전용 export 역할 추정; 당시 사용자 프롬프트 미보존. 입력 초기값 출처 및 사건 분류는 이 점검에서 입증하지 않음,아니오,,PDFium second extraction; role boundaries from reviewed records,True,False
PDFIUM-GEM-02-N-00038,GEM-02,runs/raw_logs/Gemini_2.5_Flash/2.pdf,5,1,]: Combination 2,,Leadership_Unity,VDM-CLAMP,명시 산술의 내부 일관성,명시 수식×변수,준수,0.3,0.3,leadership_unity: 0.30 (Calculation: 0.5 - 0.10 - 0.10 = 0.30),"명시 산식 0.5 - 0.10 - 0.10 = 0.3; 상태값은 VDM max(0,min(1,value))로 계산; 초기값/효과 선택의 정당성과 별개.",Python Decimal; 원문 명시값만,실제 입력 첨부 바이트는 미확인; 보존 VDM과 조건부 대조. 턴·분기는 명시 제목 기반 파싱이며 불완전/재명명 가능. 응답 전용 export 역할 추정; 당시 사용자 프롬프트 미보존. 입력 초기값 출처 및 사건 분류는 이 점검에서 입증하지 않음,아니오,,PDFium second extraction; role boundaries from reviewed records,True,False
PDFIUM-GEM-02-N-00045,GEM-02,runs/raw_logs/Gemini_2.5_Flash/2.pdf,6,1,]: Combination 3,,Tension,VDM-CLAMP,명시 산술의 내부 일관성,명시 수식×변수,준수,0.9,0.9,tension: 0.90 (Calculation: 0.5 + 0.3 + 0.10 = 0.90),"명시 산식 0.5 + 0.3 + 0.10 = 0.9; 상태값은 VDM max(0,min(1,value))로 계산; 초기값/효과 선택의 정당성과 별개.",Python Decimal; 원문 명시값만,실제 입력 첨부 바이트는 미확인; 보존 VDM과 조건부 대조. 턴·분기는 명시 제목 기반 파싱이며 불완전/재명명 가능. 응답 전용 export 역할 추정; 당시 사용자 프롬프트 미보존. 입력 초기값 출처 및 사건 분류는 이 점검에서 입증하지 않음,아니오,,PDFium second extraction; role boundaries from reviewed records,True,False
PDFIUM-GEM-02-N-00048,GEM-02,runs/raw_logs/Gemini_2.5_Flash/2.pdf,6,1,]: Combination 3,,Diplomatic_Support,VDM-CLAMP,명시 산술의 내부 일관성,명시 수식×변수,준수,0.4,0.4,diplomatic_support: 0.40 (Calculation: 0.5 - 0.10 = 0.40),"명시 산식 0.5 - 0.10 = 0.4; 상태값은 VDM max(0,min(1,value))로 계산; 초기값/효과 선택의 정당성과 별개.",Python Decimal; 원문 명시값만,실제 입력 첨부 바이트는 미확인; 보존 VDM과 조건부 대조. 턴·분기는 명시 제목 기반 파싱이며 불완전/재명명 가능. 응답 전용 export 역할 추정; 당시 사용자 프롬프트 미보존. 입력 초기값 출처 및 사건 분류는 이 점검에서 입증하지 않음,아니오,,PDFium second extraction; role boundaries from reviewed records,True,False
PDFIUM-GEM-02-N-00051,GEM-02,runs/raw_logs/Gemini_2.5_Flash/2.pdf,6,1,]: Combination 3,,Public_Opinion,VDM-CLAMP,명시 산술의 내부 일관성,명시 수식×변수,준수,0.45,0.45,public_opinion: 0.45 (Calculation: 0.5 - 0.05 = 0.45),"명시 산식 0.5 - 0.05 = 0.45; 상태값은 VDM max(0,min(1,value))로 계산; 초기값/효과 선택의 정당성과 별개.",Python Decimal; 원문 명시값만,실제 입력 첨부 바이트는 미확인; 보존 VDM과 조건부 대조. 턴·분기는 명시 제목 기반 파싱이며 불완전/재명명 가능. 응답 전용 export 역할 추정; 당시 사용자 프롬프트 미보존. 입력 초기값 출처 및 사건 분류는 이 점검에서 입증하지 않음,아니오,,PDFium second extraction; role boundaries from reviewed records,True,False
PDFIUM-GEM-02-N-00054,GEM-02,runs/raw_logs/Gemini_2.5_Flash/2.pdf,6,1,]: Combination 3,,Leadership_Unity,VDM-CLAMP,명시 산술의 내부 일관성,명시 수식×변수,준수,0.45,0.45,leadership_unity: 0.45 (Calculation: 0.5 - 0.05 = 0.45),"명시 산식 0.5 - 0.05 = 0.45; 상태값은 VDM max(0,min(1,value))로 계산; 초기값/효과 선택의 정당성과 별개.",Python Decimal; 원문 명시값만,실제 입력 첨부 바이트는 미확인; 보존 VDM과 조건부 대조. 턴·분기는 명시 제목 기반 파싱이며 불완전/재명명 가능. 응답 전용 export 역할 추정; 당시 사용자 프롬프트 미보존. 입력 초기값 출처 및 사건 분류는 이 점검에서 입증하지 않음,아니오,,PDFium second extraction; role boundaries from reviewed records,True,False
PDFIUM-GEM-02-N-00069,GEM-02,runs/raw_logs/Gemini_2.5_Flash/2.pdf,7,2,]: Scenario 1,,Tension,VDM-CLAMP,명시 산술의 내부 일관성,명시 수식×변수,준수,0.95,0.95,tension: 0.95 (Calculation: 1.0 + 0.0 - 0.05 = 0.95),"명시 산식 1.0 + 0.0 - 0.05 = 0.95; 상태값은 VDM max(0,min(1,value))로 계산; 초기값/효과 선택의 정당성과 별개.",Python Decimal; 원문 명시값만,실제 입력 첨부 바이트는 미확인; 보존 VDM과 조건부 대조. 턴·분기는 명시 제목 기반 파싱이며 불완전/재명명 가능. 응답 전용 export 역할 추정; 당시 사용자 프롬프트 미보존. 입력 초기값 출처 및 사건 분류는 이 점검에서 입증하지 않음,아니오,,PDFium second extraction; role boundaries from reviewed records,True,False
PDFIUM-GEM-02-N-00072,GEM-02,runs/raw_logs/Gemini_2.5_Flash/2.pdf,7,2,]: Scenario 1,,Diplomatic_Support,VDM-CLAMP,명시 산술의 내부 일관성,명시 수식×변수,준수,0.51,0.51,diplomatic_support: 0.51 (Calculation: 0.38 + 0.03 + 0.10 = 0.51),"명시 산식 0.38 + 0.03 + 0.10 = 0.51; 상태값은 VDM max(0,min(1,value))로 계산; 초기값/효과 선택의 정당성과 별개.",Python Decimal; 원문 명시값만,실제 입력 첨부 바이트는 미확인; 보존 VDM과 조건부 대조. 턴·분기는 명시 제목 기반 파싱이며 불완전/재명명 가능. 응답 전용 export 역할 추정; 당시 사용자 프롬프트 미보존. 입력 초기값 출처 및 사건 분류는 이 점검에서 입증하지 않음,아니오,,PDFium second extraction; role boundaries from reviewed records,True,False
PDFIUM-GEM-02-N-00075,GEM-02,runs/raw_logs/Gemini_2.5_Flash/2.pdf,8,2,]: Scenario 1,,Public_Opinion,VDM-CLAMP,명시 산술의 내부 일관성,명시 수식×변수,준수,1,1,"public_opinion: 1.0 (Calculation: 0.93 + 0.08 + 0.05 = 1.06, clamped to 1.0)","명시 산식 0.93 + 0.08 + 0.05 = 1.06; 상태값은 VDM max(0,min(1,value))로 계산; 초기값/효과 선택의 정당성과 별개.",Python Decimal; 원문 명시값만,실제 입력 첨부 바이트는 미확인; 보존 VDM과 조건부 대조. 턴·분기는 명시 제목 기반 파싱이며 불완전/재명명 가능. 응답 전용 export 역할 추정; 당시 사용자 프롬프트 미보존. 입력 초기값 출처 및 사건 분류는 이 점검에서 입증하지 않음,아니오,,PDFium second extraction; role boundaries from reviewed records,True,False
PDFIUM-GEM-02-N-00078,GEM-02,runs/raw_logs/Gemini_2.5_Flash/2.pdf,8,2,]: Scenario 1,,Leadership_Unity,VDM-CLAMP,명시 산술의 내부 일관성,명시 수식×변수,준수,1,1,"leadership_unity: 1.0 (Calculation: 1.0 + 0.05 + 0.05 = 1.1, clamped to 1.0)","명시 산식 1.0 + 0.05 + 0.05 = 1.1; 상태값은 VDM max(0,min(1,value))로 계산; 초기값/효과 선택의 정당성과 별개.",Python Decimal; 원문 명시값만,실제 입력 첨부 바이트는 미확인; 보존 VDM과 조건부 대조. 턴·분기는 명시 제목 기반 파싱이며 불완전/재명명 가능. 응답 전용 export 역할 추정; 당시 사용자 프롬프트 미보존. 입력 초기값 출처 및 사건 분류는 이 점검에서 입증하지 않음,아니오,,PDFium second extraction; role boundaries from reviewed records,True,False
PDFIUM-GEM-02-N-00090,GEM-02,runs/raw_logs/Gemini_2.5_Flash/2.pdf,8,2,]: Scenario 2,,Tension,VDM-CLAMP,명시 산술의 내부 일관성,명시 수식×변수,준수,1,1,tension: 1.0 (Calculation: 1.0 + 0.05 - 0.05 = 1.0),"명시 산식 1.0 + 0.05 - 0.05 = 1; 상태값은 VDM max(0,min(1,value))로 계산; 초기값/효과 선택의 정당성과 별개.",Python Decimal; 원문 명시값만,실제 입력 첨부 바이트는 미확인; 보존 VDM과 조건부 대조. 턴·분기는 명시 제목 기반 파싱이며 불완전/재명명 가능. 응답 전용 export 역할 추정; 당시 사용자 프롬프트 미보존. 입력 초기값 출처 및 사건 분류는 이 점검에서 입증하지 않음,아니오,,PDFium second extraction; role boundaries from reviewed records,True,False
PDFIUM-GEM-02-N-00093,GEM-02,runs/raw_logs/Gemini_2.5_Flash/2.pdf,8,2,]: Scenario 2,,Diplomatic_Support,VDM-CLAMP,명시 산술의 내부 일관성,명시 수식×변수,판정 불가,"0.41 (Calculation: 0.40 - 0.02 + 0.05 = 0.43. Correcting, the prompt says output only the result log, so I will show the final state. 0.43)",,"diplomatic_support: 0.41 (Calculation: 0.40 - 0.02 + 0.05 = 0.43. Correcting, the prompt says output only the result log, so I will show the final state. 0.43)",평균·정성·추가 조정의 완전한 식이 없음,Python Decimal; 원문 명시값만,실제 입력 첨부 바이트는 미확인; 보존 VDM과 조건부 대조. 턴·분기는 명시 제목 기반 파싱이며 불완전/재명명 가능. 응답 전용 export 역할 추정; 당시 사용자 프롬프트 미보존. ,예,,PDFium second extraction; role boundaries from reviewed records,True,False
PDFIUM-GEM-02-N-00096,GEM-02,runs/raw_logs/Gemini_2.5_Flash/2.pdf,9,2,", so I will show the final state. 0.43)",,Public_Opinion,VDM-CLAMP,명시 산술의 내부 일관성,명시 수식×변수,준수,0.48,0.48,public_opinion: 0.48 (Calculation: 0.40 - 0.02 + 0.10 = 0.48),"명시 산식 0.40 - 0.02 + 0.10 = 0.48; 상태값은 VDM max(0,min(1,value))로 계산; 초기값/효과 선택의 정당성과 별개.",Python Decimal; 원문 명시값만,실제 입력 첨부 바이트는 미확인; 보존 VDM과 조건부 대조. 턴·분기는 명시 제목 기반 파싱이며 불완전/재명명 가능. 응답 전용 export 역할 추정; 당시 사용자 프롬프트 미보존. 입력 초기값 출처 및 사건 분류는 이 점검에서 입증하지 않음,아니오,,PDFium second extraction; role boundaries from reviewed records,True,False
PDFIUM-GEM-02-N-00097,GEM-02,runs/raw_logs/Gemini_2.5_Flash/2.pdf,9,2,", so I will show the final state. 0.43)",,Leadership_Unity,VDM-CLAMP,명시 산술의 내부 일관성,명시 수식×변수,위반,0.2,0.25,leadership_unity: 0.20 (Calculation: 0.30 - 0.05 + 0.10 - 0.10 = 0.25),"명시 산식 0.30 - 0.05 + 0.10 - 0.10 = 0.25; 상태값은 VDM max(0,min(1,value))로 계산; 초기값/효과 선택의 정당성과 별개.",Python Decimal; 원문 명시값만,실제 입력 첨부 바이트는 미확인; 보존 VDM과 조건부 대조. 턴·분기는 명시 제목 기반 파싱이며 불완전/재명명 가능. 응답 전용 export 역할 추정; 당시 사용자 프롬프트 미보존. 입력 초기값 출처 및 사건 분류는 이 점검에서 입증하지 않음,아니오,,PDFium second extraction; role boundaries from reviewed records,True,False
PDFIUM-GEM-02-N-00098,GEM-02,runs/raw_logs/Gemini_2.5_Flash/2.pdf,9,2,", so I will show the final state. 0.43)",,Leadership_Unity,VDM-CLAMP,명시 산술의 내부 일관성,명시 수식×변수,판정 불가,0.30 - 0.05 + 0.10 (US action) - 0.10 (Soviet Action) = 0.25. Re-running final state.,,Leadership unity: 0.30 - 0.05 + 0.10 (US action) - 0.10 (Soviet Action) = 0.25. Re-running final state.,마지막 등식의 연산식/결과값 분리 불가,Python Decimal; 원문 명시값만,실제 입력 첨부 바이트는 미확인; 보존 VDM과 조건부 대조. 턴·분기는 명시 제목 기반 파싱이며 불완전/재명명 가능. 응답 전용 export 역할 추정; 당시 사용자 프롬프트 미보존. ,예,,PDFium second extraction; role boundaries from reviewed records,True,False
PDFIUM-GEM-02-N-00100,GEM-02,runs/raw_logs/Gemini_2.5_Flash/2.pdf,9,2,]: Scenario 2 (Corrected),,Tension,VDM-CLAMP,명시 산술의 내부 일관성,명시 수식×변수,준수,1,1,tension: 1.0 (Calculation: 1.0 + 0.05 - 0.05 = 1.0),"명시 산식 1.0 + 0.05 - 0.05 = 1; 상태값은 VDM max(0,min(1,value))로 계산; 초기값/효과 선택의 정당성과 별개.",Python Decimal; 원문 명시값만,실제 입력 첨부 바이트는 미확인; 보존 VDM과 조건부 대조. 턴·분기는 명시 제목 기반 파싱이며 불완전/재명명 가능. 응답 전용 export 역할 추정; 당시 사용자 프롬프트 미보존. 입력 초기값 출처 및 사건 분류는 이 점검에서 입증하지 않음,아니오,,PDFium second extraction; role boundaries from reviewed records,True,False
PDFIUM-GEM-02-N-00103,GEM-02,runs/raw_logs/Gemini_2.5_Flash/2.pdf,9,2,]: Scenario 2 (Corrected),,Diplomatic_Support,VDM-CLAMP,명시 산술의 내부 일관성,명시 수식×변수,준수,0.43,0.43,diplomatic_support: 0.43 (Calculation: 0.40 - 0.02 + 0.05 = 0.43),"명시 산식 0.40 - 0.02 + 0.05 = 0.43; 상태값은 VDM max(0,min(1,value))로 계산; 초기값/효과 선택의 정당성과 별개.",Python Decimal; 원문 명시값만,실제 입력 첨부 바이트는 미확인; 보존 VDM과 조건부 대조. 턴·분기는 명시 제목 기반 파싱이며 불완전/재명명 가능. 응답 전용 export 역할 추정; 당시 사용자 프롬프트 미보존. 입력 초기값 출처 및 사건 분류는 이 점검에서 입증하지 않음,아니오,,PDFium second extraction; role boundaries from reviewed records,True,False
PDFIUM-GEM-02-N-00106,GEM-02,runs/raw_logs/Gemini_2.5_Flash/2.pdf,9,2,]: Scenario 2 (Corrected),,Public_Opinion,VDM-CLAMP,명시 산술의 내부 일관성,명시 수식×변수,준수,0.48,0.48,public_opinion: 0.48 (Calculation: 0.40 - 0.02 + 0.10 = 0.48),"명시 산식 0.40 - 0.02 + 0.10 = 0.48; 상태값은 VDM max(0,min(1,value))로 계산; 초기값/효과 선택의 정당성과 별개.",Python Decimal; 원문 명시값만,실제 입력 첨부 바이트는 미확인; 보존 VDM과 조건부 대조. 턴·분기는 명시 제목 기반 파싱이며 불완전/재명명 가능. 응답 전용 export 역할 추정; 당시 사용자 프롬프트 미보존. 입력 초기값 출처 및 사건 분류는 이 점검에서 입증하지 않음,아니오,,PDFium second extraction; role boundaries from reviewed records,True,False
PDFIUM-GEM-02-N-00109,GEM-02,runs/raw_logs/Gemini_2.5_Flash/2.pdf,9,2,]: Scenario 2 (Corrected),,Leadership_Unity,VDM-CLAMP,명시 산술의 내부 일관성,명시 수식×변수,준수,0.25,0.25,leadership_unity: 0.25 (Calculation: 0.30 - 0.05 + 0.10 - 0.10 = 0.25),"명시 산식 0.30 - 0.05 + 0.10 - 0.10 = 0.25; 상태값은 VDM max(0,min(1,value))로 계산; 초기값/효과 선택의 정당성과 별개.",Python Decimal; 원문 명시값만,실제 입력 첨부 바이트는 미확인; 보존 VDM과 조건부 대조. 턴·분기는 명시 제목 기반 파싱이며 불완전/재명명 가능. 응답 전용 export 역할 추정; 당시 사용자 프롬프트 미보존. 입력 초기값 출처 및 사건 분류는 이 점검에서 입증하지 않음,아니오,,PDFium second extraction; role boundaries from reviewed records,True,False
PDFIUM-GEM-02-N-00124,GEM-02,runs/raw_logs/Gemini_2.5_Flash/2.pdf,10,2,]: Scenario 3,,Tension,VDM-CLAMP,명시 산술의 내부 일관성,명시 수식×변수,준수,1,1,"tension: 1.0 (Calculation: 0.90 + 0.05 + 0.15 + 0.15 = 1.25, clamped to 1.0)","명시 산식 0.90 + 0.05 + 0.15 + 0.15 = 1.25; 상태값은 VDM max(0,min(1,value))로 계산; 초기값/효과 선택의 정당성과 별개.",Python Decimal; 원문 명시값만,실제 입력 첨부 바이트는 미확인; 보존 VDM과 조건부 대조. 턴·분기는 명시 제목 기반 파싱이며 불완전/재명명 가능. 응답 전용 export 역할 추정; 당시 사용자 프롬프트 미보존. 입력 초기값 출처 및 사건 분류는 이 점검에서 입증하지 않음,아니오,,PDFium second extraction; role boundaries from reviewed records,True,False
PDFIUM-GEM-02-N-00127,GEM-02,runs/raw_logs/Gemini_2.5_Flash/2.pdf,10,2,]: Scenario 3,,Diplomatic_Support,VDM-CLAMP,명시 산술의 내부 일관성,명시 수식×변수,준수,0.28,0.28,diplomatic_support: 0.28 (Calculation: 0.40 - 0.02 - 0.05 - 0.05 = 0.28),"명시 산식 0.40 - 0.02 - 0.05 - 0.05 = 0.28; 상태값은 VDM max(0,min(1,value))로 계산; 초기값/효과 선택의 정당성과 별개.",Python Decimal; 원문 명시값만,실제 입력 첨부 바이트는 미확인; 보존 VDM과 조건부 대조. 턴·분기는 명시 제목 기반 파싱이며 불완전/재명명 가능. 응답 전용 export 역할 추정; 당시 사용자 프롬프트 미보존. 입력 초기값 출처 및 사건 분류는 이 점검에서 입증하지 않음,아니오,,PDFium second extraction; role boundaries from reviewed records,True,False
PDFIUM-GEM-02-N-00130,GEM-02,runs/raw_logs/Gemini_2.5_Flash/2.pdf,10,2,]: Scenario 3,,Public_Opinion,VDM-CLAMP,명시 산술의 내부 일관성,명시 수식×변수,준수,0.33,0.33,public_opinion: 0.33 (Calculation: 0.45 - 0.02 - 0.05 - 0.05 = 0.33),"명시 산식 0.45 - 0.02 - 0.05 - 0.05 = 0.33; 상태값은 VDM max(0,min(1,value))로 계산; 초기값/효과 선택의 정당성과 별개.",Python Decimal; 원문 명시값만,실제 입력 첨부 바이트는 미확인; 보존 VDM과 조건부 대조. 턴·분기는 명시 제목 기반 파싱이며 불완전/재명명 가능. 응답 전용 export 역할 추정; 당시 사용자 프롬프트 미보존. 입력 초기값 출처 및 사건 분류는 이 점검에서 입증하지 않음,아니오,,PDFium second extraction; role boundaries from reviewed records,True,False
PDFIUM-GEM-02-N-00133,GEM-02,runs/raw_logs/Gemini_2.5_Flash/2.pdf,10,2,]: Scenario 3,,Leadership_Unity,VDM-CLAMP,명시 산술의 내부 일관성,명시 수식×변수,준수,0.2,0.2,leadership_unity: 0.20 (Calculation: 0.45 - 0.05 - 0.10 - 0.10 = 0.20),"명시 산식 0.45 - 0.05 - 0.10 - 0.10 = 0.2; 상태값은 VDM max(0,min(1,value))로 계산; 초기값/효과 선택의 정당성과 별개.",Python Decimal; 원문 명시값만,실제 입력 첨부 바이트는 미확인; 보존 VDM과 조건부 대조. 턴·분기는 명시 제목 기반 파싱이며 불완전/재명명 가능. 응답 전용 export 역할 추정; 당시 사용자 프롬프트 미보존. 입력 초기값 출처 및 사건 분류는 이 점검에서 입증하지 않음,아니오,,PDFium second extraction; role boundaries from reviewed records,True,False
PDFIUM-GEM-02-N-00147,GEM-02,runs/raw_logs/Gemini_2.5_Flash/2.pdf,11,3,]: Scenario 1,,Tension,VDM-CLAMP,명시 산술의 내부 일관성,명시 수식×변수,판정 불가,0.85 (Calculation: 0.95 + 0.15 - 0.05 - 0.05 = 1.0) Correction: 0.95 + 0.15 = 1.1 -> 1.0. Then,,tension: 0.85 (Calculation: 0.95 + 0.15 - 0.05 - 0.05 = 1.0) Correction: 0.95 + 0.15 = 1.1 -> 1.0. Then,평균·정성·추가 조정의 완전한 식이 없음,Python Decimal; 원문 명시값만,실제 입력 첨부 바이트는 미확인; 보존 VDM과 조건부 대조. 턴·분기는 명시 제목 기반 파싱이며 불완전/재명명 가능. 응답 전용 export 역할 추정; 당시 사용자 프롬프트 미보존. ,예,,PDFium second extraction; role boundaries from reviewed records,True,False
PDFIUM-GEM-02-N-00150,GEM-02,runs/raw_logs/Gemini_2.5_Flash/2.pdf,11,3,]: Scenario 1,,Diplomatic_Support,VDM-CLAMP,명시 산술의 내부 일관성,명시 수식×변수,위반,0.61,0.66,diplomatic_support: 0.61 (Calculation: 0.51 - 0.05 + 0.10 + 0.10 = 0.66),"명시 산식 0.51 - 0.05 + 0.10 + 0.10 = 0.66; 상태값은 VDM max(0,min(1,value))로 계산; 초기값/효과 선택의 정당성과 별개.",Python Decimal; 원문 명시값만,실제 입력 첨부 바이트는 미확인; 보존 VDM과 조건부 대조. 턴·분기는 명시 제목 기반 파싱이며 불완전/재명명 가능. 응답 전용 export 역할 추정; 당시 사용자 프롬프트 미보존. 입력 초기값 출처 및 사건 분류는 이 점검에서 입증하지 않음,아니오,,PDFium second extraction; role boundaries from reviewed records,True,False
PDFIUM-GEM-02-N-00153,GEM-02,runs/raw_logs/Gemini_2.5_Flash/2.pdf,12,3,]: Scenario 1,,Public_Opinion,VDM-CLAMP,명시 산술의 내부 일관성,명시 수식×변수,위반,0.95,1,"public_opinion: 0.95 (Calculation: 1.0 - 0.05 + 0.05 + 0.05 = 1.05, clamped to 1.0)","명시 산식 1.0 - 0.05 + 0.05 + 0.05 = 1.05; 상태값은 VDM max(0,min(1,value))로 계산; 초기값/효과 선택의 정당성과 별개.",Python Decimal; 원문 명시값만,실제 입력 첨부 바이트는 미확인; 보존 VDM과 조건부 대조. 턴·분기는 명시 제목 기반 파싱이며 불완전/재명명 가능. 응답 전용 export 역할 추정; 당시 사용자 프롬프트 미보존. 입력 초기값 출처 및 사건 분류는 이 점검에서 입증하지 않음,아니오,,PDFium second extraction; role boundaries from reviewed records,True,False
PDFIUM-GEM-02-N-00156,GEM-02,runs/raw_logs/Gemini_2.5_Flash/2.pdf,12,3,]: Scenario 1,,Leadership_Unity,VDM-CLAMP,명시 산술의 내부 일관성,명시 수식×변수,위반,0.85,0.9,leadership_unity: 0.85 (Calculation: 1.0 - 0.10 + 0.05 - 0.05 = 0.90),"명시 산식 1.0 - 0.10 + 0.05 - 0.05 = 0.9; 상태값은 VDM max(0,min(1,value))로 계산; 초기값/효과 선택의 정당성과 별개.",Python Decimal; 원문 명시값만,실제 입력 첨부 바이트는 미확인; 보존 VDM과 조건부 대조. 턴·분기는 명시 제목 기반 파싱이며 불완전/재명명 가능. 응답 전용 export 역할 추정; 당시 사용자 프롬프트 미보존. 입력 초기값 출처 및 사건 분류는 이 점검에서 입증하지 않음,아니오,,PDFium second extraction; role boundaries from reviewed records,True,False
PDFIUM-GEM-02-N-00159,GEM-02,runs/raw_logs/Gemini_2.5_Flash/2.pdf,12,3,]: Scenario 1,,Tension,VDM-CLAMP,명시 산술의 내부 일관성,명시 수식×변수,판정 불가,0.95 + 0.15 (event) - 0.05 (US) - 0.05 (SU) = 1.00. Clamped to 1.0.,,Tension: 0.95 + 0.15 (event) - 0.05 (US) - 0.05 (SU) = 1.00. Clamped to 1.0.,마지막 등식의 연산식/결과값 분리 불가,Python Decimal; 원문 명시값만,실제 입력 첨부 바이트는 미확인; 보존 VDM과 조건부 대조. 턴·분기는 명시 제목 기반 파싱이며 불완전/재명명 가능. 응답 전용 export 역할 추정; 당시 사용자 프롬프트 미보존. ,예,,PDFium second extraction; role boundaries from reviewed records,True,False
PDFIUM-GEM-02-N-00161,GEM-02,runs/raw_logs/Gemini_2.5_Flash/2.pdf,12,3,]: Scenario 1,,Public_Opinion,VDM-CLAMP,명시 산술의 내부 일관성,명시 수식×변수,판정 불가,1.0 - 0.05 (event) + 0.05 (US) + 0.05 (SU) = 1.05. Clamped to 1.0.,,Public Opinion: 1.0 - 0.05 (event) + 0.05 (US) + 0.05 (SU) = 1.05. Clamped to 1.0.,마지막 등식의 연산식/결과값 분리 불가,Python Decimal; 원문 명시값만,실제 입력 첨부 바이트는 미확인; 보존 VDM과 조건부 대조. 턴·분기는 명시 제목 기반 파싱이며 불완전/재명명 가능. 응답 전용 export 역할 추정; 당시 사용자 프롬프트 미보존. ,예,,PDFium second extraction; role boundaries from reviewed records,True,False
PDFIUM-GEM-02-N-00163,GEM-02,runs/raw_logs/Gemini_2.5_Flash/2.pdf,12,3,]: Scenario 1,,Leadership_Unity,VDM-CLAMP,명시 산술의 내부 일관성,명시 수식×변수,판정 불가,1.0 - 0.10 (event) + 0.05 (US) - 0.05 (SU) = 0.90.,,Leadership Unity: 1.0 - 0.10 (event) + 0.05 (US) - 0.05 (SU) = 0.90.,마지막 등식의 연산식/결과값 분리 불가,Python Decimal; 원문 명시값만,실제 입력 첨부 바이트는 미확인; 보존 VDM과 조건부 대조. 턴·분기는 명시 제목 기반 파싱이며 불완전/재명명 가능. 응답 전용 export 역할 추정; 당시 사용자 프롬프트 미보존. ,예,,PDFium second extraction; role boundaries from reviewed records,True,False
PDFIUM-GEM-02-N-00184,GEM-02,runs/raw_logs/Gemini_2.5_Flash/2.pdf,13,3,]: Scenario 2,,Tension,VDM-CLAMP,명시 산술의 내부 일관성,명시 수식×변수,준수,1,1,"tension: 1.0 (Calculation: 1.0 + 0.15 + 0.15 - 0.05 = 1.25, clamped to 1.0)","명시 산식 1.0 + 0.15 + 0.15 - 0.05 = 1.25; 상태값은 VDM max(0,min(1,value))로 계산; 초기값/효과 선택의 정당성과 별개.",Python Decimal; 원문 명시값만,실제 입력 첨부 바이트는 미확인; 보존 VDM과 조건부 대조. 턴·분기는 명시 제목 기반 파싱이며 불완전/재명명 가능. 응답 전용 export 역할 추정; 당시 사용자 프롬프트 미보존. 입력 초기값 출처 및 사건 분류는 이 점검에서 입증하지 않음,아니오,,PDFium second extraction; role boundaries from reviewed records,True,False
PDFIUM-GEM-02-N-00187,GEM-02,runs/raw_logs/Gemini_2.5_Flash/2.pdf,13,3,]: Scenario 2,,Diplomatic_Support,VDM-CLAMP,명시 산술의 내부 일관성,명시 수식×변수,준수,0.43,0.43,diplomatic_support: 0.43 (Calculation: 0.43 - 0.05 - 0.05 + 0.10 = 0.43),"명시 산식 0.43 - 0.05 - 0.05 + 0.10 = 0.43; 상태값은 VDM max(0,min(1,value))로 계산; 초기값/효과 선택의 정당성과 별개.",Python Decimal; 원문 명시값만,실제 입력 첨부 바이트는 미확인; 보존 VDM과 조건부 대조. 턴·분기는 명시 제목 기반 파싱이며 불완전/재명명 가능. 응답 전용 export 역할 추정; 당시 사용자 프롬프트 미보존. 입력 초기값 출처 및 사건 분류는 이 점검에서 입증하지 않음,아니오,,PDFium second extraction; role boundaries from reviewed records,True,False
PDFIUM-GEM-02-N-00190,GEM-02,runs/raw_logs/Gemini_2.5_Flash/2.pdf,13,3,]: Scenario 2,,Public_Opinion,VDM-CLAMP,명시 산술의 내부 일관성,명시 수식×변수,준수,0.43,0.43,public_opinion: 0.43 (Calculation: 0.48 - 0.05 - 0.05 + 0.05 = 0.43),"명시 산식 0.48 - 0.05 - 0.05 + 0.05 = 0.43; 상태값은 VDM max(0,min(1,value))로 계산; 초기값/효과 선택의 정당성과 별개.",Python Decimal; 원문 명시값만,실제 입력 첨부 바이트는 미확인; 보존 VDM과 조건부 대조. 턴·분기는 명시 제목 기반 파싱이며 불완전/재명명 가능. 응답 전용 export 역할 추정; 당시 사용자 프롬프트 미보존. 입력 초기값 출처 및 사건 분류는 이 점검에서 입증하지 않음,아니오,,PDFium second extraction; role boundaries from reviewed records,True,False
PDFIUM-GEM-02-N-00193,GEM-02,runs/raw_logs/Gemini_2.5_Flash/2.pdf,13,3,]: Scenario 2,,Leadership_Unity,VDM-CLAMP,명시 산술의 내부 일관성,명시 수식×변수,위반,0,0.1,"leadership_unity: 0.0 (Calculation: 0.25 - 0.10 - 0.10 + 0.05 = 0.10, clamped to 0.0)","명시 산식 0.25 - 0.10 - 0.10 + 0.05 = 0.1; 상태값은 VDM max(0,min(1,value))로 계산; 초기값/효과 선택의 정당성과 별개.",Python Decimal; 원문 명시값만,실제 입력 첨부 바이트는 미확인; 보존 VDM과 조건부 대조. 턴·분기는 명시 제목 기반 파싱이며 불완전/재명명 가능. 응답 전용 export 역할 추정; 당시 사용자 프롬프트 미보존. 입력 초기값 출처 및 사건 분류는 이 점검에서 입증하지 않음,아니오,,PDFium second extraction; role boundaries from reviewed records,True,False
PDFIUM-GEM-02-N-00204,GEM-02,runs/raw_logs/Gemini_2.5_Flash/2.pdf,14,3,]: Scenario 3,,Tension,VDM-CLAMP,명시 산술의 내부 일관성,명시 수식×변수,준수,1,1,"tension: 1.0 (Calculation: 1.0 + 0.15 + 0.15 = 1.3, clamped to 1.0)","명시 산식 1.0 + 0.15 + 0.15 = 1.3; 상태값은 VDM max(0,min(1,value))로 계산; 초기값/효과 선택의 정당성과 별개.",Python Decimal; 원문 명시값만,실제 입력 첨부 바이트는 미확인; 보존 VDM과 조건부 대조. 턴·분기는 명시 제목 기반 파싱이며 불완전/재명명 가능. 응답 전용 export 역할 추정; 당시 사용자 프롬프트 미보존. 입력 초기값 출처 및 사건 분류는 이 점검에서 입증하지 않음,아니오,,PDFium second extraction; role boundaries from reviewed records,True,False
PDFIUM-GEM-02-N-00207,GEM-02,runs/raw_logs/Gemini_2.5_Flash/2.pdf,14,3,]: Scenario 3,,Diplomatic_Support,VDM-CLAMP,명시 산술의 내부 일관성,명시 수식×변수,준수,0.18,0.18,diplomatic_support: 0.18 (Calculation: 0.28 - 0.05 - 0.05 = 0.18),"명시 산식 0.28 - 0.05 - 0.05 = 0.18; 상태값은 VDM max(0,min(1,value))로 계산; 초기값/효과 선택의 정당성과 별개.",Python Decimal; 원문 명시값만,실제 입력 첨부 바이트는 미확인; 보존 VDM과 조건부 대조. 턴·분기는 명시 제목 기반 파싱이며 불완전/재명명 가능. 응답 전용 export 역할 추정; 당시 사용자 프롬프트 미보존. 입력 초기값 출처 및 사건 분류는 이 점검에서 입증하지 않음,아니오,,PDFium second extraction; role boundaries from reviewed records,True,False
PDFIUM-GEM-02-N-00210,GEM-02,runs/raw_logs/Gemini_2.5_Flash/2.pdf,14,3,]: Scenario 3,,Public_Opinion,VDM-CLAMP,명시 산술의 내부 일관성,명시 수식×변수,준수,0.23,0.23,public_opinion: 0.23 (Calculation: 0.33 - 0.05 - 0.05 = 0.23),"명시 산식 0.33 - 0.05 - 0.05 = 0.23; 상태값은 VDM max(0,min(1,value))로 계산; 초기값/효과 선택의 정당성과 별개.",Python Decimal; 원문 명시값만,실제 입력 첨부 바이트는 미확인; 보존 VDM과 조건부 대조. 턴·분기는 명시 제목 기반 파싱이며 불완전/재명명 가능. 응답 전용 export 역할 추정; 당시 사용자 프롬프트 미보존. 입력 초기값 출처 및 사건 분류는 이 점검에서 입증하지 않음,아니오,,PDFium second extraction; role boundaries from reviewed records,True,False
PDFIUM-GEM-02-N-00213,GEM-02,runs/raw_logs/Gemini_2.5_Flash/2.pdf,14,3,]: Scenario 3,,Leadership_Unity,VDM-CLAMP,명시 산술의 내부 일관성,명시 수식×변수,준수,0,0,leadership_unity: 0.0 (Calculation: 0.20 - 0.10 - 0.10 = 0.0),"명시 산식 0.20 - 0.10 - 0.10 = 0; 상태값은 VDM max(0,min(1,value))로 계산; 초기값/효과 선택의 정당성과 별개.",Python Decimal; 원문 명시값만,실제 입력 첨부 바이트는 미확인; 보존 VDM과 조건부 대조. 턴·분기는 명시 제목 기반 파싱이며 불완전/재명명 가능. 응답 전용 export 역할 추정; 당시 사용자 프롬프트 미보존. 입력 초기값 출처 및 사건 분류는 이 점검에서 입증하지 않음,아니오,,PDFium second extraction; role boundaries from reviewed records,True,False
PDFIUM-GEM-02-N-00226,GEM-02,runs/raw_logs/Gemini_2.5_Flash/2.pdf,15,4,]: Scenario 1,,Tension,VDM-CLAMP,명시 산술의 내부 일관성,명시 수식×변수,위반,0.9,1,tension: 0.90 (Calculation: 1.0 + 0.10 - 0.05 - 0.05 = 0.90),"명시 산식 1.0 + 0.10 - 0.05 - 0.05 = 1; 상태값은 VDM max(0,min(1,value))로 계산; 초기값/효과 선택의 정당성과 별개.",Python Decimal; 원문 명시값만,실제 입력 첨부 바이트는 미확인; 보존 VDM과 조건부 대조. 턴·분기는 명시 제목 기반 파싱이며 불완전/재명명 가능. 응답 전용 export 역할 추정; 당시 사용자 프롬프트 미보존. 입력 초기값 출처 및 사건 분류는 이 점검에서 입증하지 않음,아니오,,PDFium second extraction; role boundaries from reviewed records,True,False
PDFIUM-GEM-02-N-00229,GEM-02,runs/raw_logs/Gemini_2.5_Flash/2.pdf,15,4,]: Scenario 1,,Diplomatic_Support,VDM-CLAMP,명시 산술의 내부 일관성,명시 수식×변수,준수,0.82,0.82,diplomatic_support: 0.82 (Calculation: 0.66 - 0.04 + 0.10 + 0.10 = 0.82),"명시 산식 0.66 - 0.04 + 0.10 + 0.10 = 0.82; 상태값은 VDM max(0,min(1,value))로 계산; 초기값/효과 선택의 정당성과 별개.",Python Decimal; 원문 명시값만,실제 입력 첨부 바이트는 미확인; 보존 VDM과 조건부 대조. 턴·분기는 명시 제목 기반 파싱이며 불완전/재명명 가능. 응답 전용 export 역할 추정; 당시 사용자 프롬프트 미보존. 입력 초기값 출처 및 사건 분류는 이 점검에서 입증하지 않음,아니오,,PDFium second extraction; role boundaries from reviewed records,True,False
PDFIUM-GEM-02-N-00232,GEM-02,runs/raw_logs/Gemini_2.5_Flash/2.pdf,15,4,]: Scenario 1,,Public_Opinion,VDM-CLAMP,명시 산술의 내부 일관성,명시 수식×변수,준수,1,1,"public_opinion: 1.0 (Calculation: 1.0 - 0.04 + 0.05 + 0.05 = 1.06, clamped to 1.0)","명시 산식 1.0 - 0.04 + 0.05 + 0.05 = 1.06; 상태값은 VDM max(0,min(1,value))로 계산; 초기값/효과 선택의 정당성과 별개.",Python Decimal; 원문 명시값만,실제 입력 첨부 바이트는 미확인; 보존 VDM과 조건부 대조. 턴·분기는 명시 제목 기반 파싱이며 불완전/재명명 가능. 응답 전용 export 역할 추정; 당시 사용자 프롬프트 미보존. 입력 초기값 출처 및 사건 분류는 이 점검에서 입증하지 않음,아니오,,PDFium second extraction; role boundaries from reviewed records,True,False
PDFIUM-GEM-02-N-00235,GEM-02,runs/raw_logs/Gemini_2.5_Flash/2.pdf,16,4,]: Scenario 1,,Leadership_Unity,VDM-CLAMP,명시 산술의 내부 일관성,명시 수식×변수,준수,0.9,0.9,leadership_unity: 0.90 (Calculation: 0.90 - 0.10 + 0.05 + 0.05 = 0.90),"명시 산식 0.90 - 0.10 + 0.05 + 0.05 = 0.9; 상태값은 VDM max(0,min(1,value))로 계산; 초기값/효과 선택의 정당성과 별개.",Python Decimal; 원문 명시값만,실제 입력 첨부 바이트는 미확인; 보존 VDM과 조건부 대조. 턴·분기는 명시 제목 기반 파싱이며 불완전/재명명 가능. 응답 전용 export 역할 추정; 당시 사용자 프롬프트 미보존. 입력 초기값 출처 및 사건 분류는 이 점검에서 입증하지 않음,아니오,,PDFium second extraction; role boundaries from reviewed records,True,False
PDFIUM-GEM-02-N-00248,GEM-02,runs/raw_logs/Gemini_2.5_Flash/2.pdf,16,4,]: Scenario 2,,Tension,VDM-CLAMP,명시 산술의 내부 일관성,명시 수식×변수,준수,1,1,"tension: 1.0 (Calculation: 1.0 + 0.10 + 0.15 + 0.15 = 1.4, clamped to 1.0)","명시 산식 1.0 + 0.10 + 0.15 + 0.15 = 1.4; 상태값은 VDM max(0,min(1,value))로 계산; 초기값/효과 선택의 정당성과 별개.",Python Decimal; 원문 명시값만,실제 입력 첨부 바이트는 미확인; 보존 VDM과 조건부 대조. 턴·분기는 명시 제목 기반 파싱이며 불완전/재명명 가능. 응답 전용 export 역할 추정; 당시 사용자 프롬프트 미보존. 입력 초기값 출처 및 사건 분류는 이 점검에서 입증하지 않음,아니오,,PDFium second extraction; role boundaries from reviewed records,True,False
PDFIUM-GEM-02-N-00251,GEM-02,runs/raw_logs/Gemini_2.5_Flash/2.pdf,16,4,]: Scenario 2,,Diplomatic_Support,VDM-CLAMP,명시 산술의 내부 일관성,명시 수식×변수,준수,0.29,0.29,diplomatic_support: 0.29 (Calculation: 0.43 - 0.04 - 0.05 - 0.05 = 0.29),"명시 산식 0.43 - 0.04 - 0.05 - 0.05 = 0.29; 상태값은 VDM max(0,min(1,value))로 계산; 초기값/효과 선택의 정당성과 별개.",Python Decimal; 원문 명시값만,실제 입력 첨부 바이트는 미확인; 보존 VDM과 조건부 대조. 턴·분기는 명시 제목 기반 파싱이며 불완전/재명명 가능. 응답 전용 export 역할 추정; 당시 사용자 프롬프트 미보존. 입력 초기값 출처 및 사건 분류는 이 점검에서 입증하지 않음,아니오,,PDFium second extraction; role boundaries from reviewed records,True,False
PDFIUM-GEM-02-N-00254,GEM-02,runs/raw_logs/Gemini_2.5_Flash/2.pdf,16,4,]: Scenario 2,,Public_Opinion,VDM-CLAMP,명시 산술의 내부 일관성,명시 수식×변수,준수,0.29,0.29,public_opinion: 0.29 (Calculation: 0.43 - 0.04 - 0.05 - 0.05 = 0.29),"명시 산식 0.43 - 0.04 - 0.05 - 0.05 = 0.29; 상태값은 VDM max(0,min(1,value))로 계산; 초기값/효과 선택의 정당성과 별개.",Python Decimal; 원문 명시값만,실제 입력 첨부 바이트는 미확인; 보존 VDM과 조건부 대조. 턴·분기는 명시 제목 기반 파싱이며 불완전/재명명 가능. 응답 전용 export 역할 추정; 당시 사용자 프롬프트 미보존. 입력 초기값 출처 및 사건 분류는 이 점검에서 입증하지 않음,아니오,,PDFium second extraction; role boundaries from reviewed records,True,False
PDFIUM-GEM-02-N-00257,GEM-02,runs/raw_logs/Gemini_2.5_Flash/2.pdf,16,4,]: Scenario 2,,Leadership_Unity,VDM-CLAMP,명시 산술의 내부 일관성,명시 수식×변수,준수,0,0,"leadership_unity: 0.0 (Calculation: 0.10 - 0.10 - 0.10 - 0.10 = -0.2, clamped to 0.0)","명시 산식 0.10 - 0.10 - 0.10 - 0.10 = -0.2; 상태값은 VDM max(0,min(1,value))로 계산; 초기값/효과 선택의 정당성과 별개.",Python Decimal; 원문 명시값만,실제 입력 첨부 바이트는 미확인; 보존 VDM과 조건부 대조. 턴·분기는 명시 제목 기반 파싱이며 불완전/재명명 가능. 응답 전용 export 역할 추정; 당시 사용자 프롬프트 미보존. 입력 초기값 출처 및 사건 분류는 이 점검에서 입증하지 않음,아니오,,PDFium second extraction; role boundaries from reviewed records,True,False
PDFIUM-GEM-02-N-00268,GEM-02,runs/raw_logs/Gemini_2.5_Flash/2.pdf,17,4,]: Scenario 3,,Tension,VDM-CLAMP,명시 산술의 내부 일관성,명시 수식×변수,준수,1,1,"tension: 1.0 (Calculation: 1.0 + 0.15 + 0.15 = 1.3, clamped to 1.0)","명시 산식 1.0 + 0.15 + 0.15 = 1.3; 상태값은 VDM max(0,min(1,value))로 계산; 초기값/효과 선택의 정당성과 별개.",Python Decimal; 원문 명시값만,실제 입력 첨부 바이트는 미확인; 보존 VDM과 조건부 대조. 턴·분기는 명시 제목 기반 파싱이며 불완전/재명명 가능. 응답 전용 export 역할 추정; 당시 사용자 프롬프트 미보존. 입력 초기값 출처 및 사건 분류는 이 점검에서 입증하지 않음,아니오,,PDFium second extraction; role boundaries from reviewed records,True,False
PDFIUM-GEM-02-N-00271,GEM-02,runs/raw_logs/Gemini_2.5_Flash/2.pdf,17,4,]: Scenario 3,,Diplomatic_Support,VDM-CLAMP,명시 산술의 내부 일관성,명시 수식×변수,준수,0.08,0.08,diplomatic_support: 0.08 (Calculation: 0.18 - 0.05 - 0.05 = 0.08),"명시 산식 0.18 - 0.05 - 0.05 = 0.08; 상태값은 VDM max(0,min(1,value))로 계산; 초기값/효과 선택의 정당성과 별개.",Python Decimal; 원문 명시값만,실제 입력 첨부 바이트는 미확인; 보존 VDM과 조건부 대조. 턴·분기는 명시 제목 기반 파싱이며 불완전/재명명 가능. 응답 전용 export 역할 추정; 당시 사용자 프롬프트 미보존. 입력 초기값 출처 및 사건 분류는 이 점검에서 입증하지 않음,아니오,,PDFium second extraction; role boundaries from reviewed records,True,False
PDFIUM-GEM-02-N-00274,GEM-02,runs/raw_logs/Gemini_2.5_Flash/2.pdf,17,4,]: Scenario 3,,Public_Opinion,VDM-CLAMP,명시 산술의 내부 일관성,명시 수식×변수,준수,0.13,0.13,public_opinion: 0.13 (Calculation: 0.23 - 0.05 - 0.05 = 0.13),"명시 산식 0.23 - 0.05 - 0.05 = 0.13; 상태값은 VDM max(0,min(1,value))로 계산; 초기값/효과 선택의 정당성과 별개.",Python Decimal; 원문 명시값만,실제 입력 첨부 바이트는 미확인; 보존 VDM과 조건부 대조. 턴·분기는 명시 제목 기반 파싱이며 불완전/재명명 가능. 응답 전용 export 역할 추정; 당시 사용자 프롬프트 미보존. 입력 초기값 출처 및 사건 분류는 이 점검에서 입증하지 않음,아니오,,PDFium second extraction; role boundaries from reviewed records,True,False
PDFIUM-GEM-02-N-00277,GEM-02,runs/raw_logs/Gemini_2.5_Flash/2.pdf,17,4,]: Scenario 3,,Leadership_Unity,VDM-CLAMP,명시 산술의 내부 일관성,명시 수식×변수,준수,0,0,"leadership_unity: 0.0 (Calculation: 0.0 - 0.10 - 0.10 = -0.2, clamped to 0.0)","명시 산식 0.0 - 0.10 - 0.10 = -0.2; 상태값은 VDM max(0,min(1,value))로 계산; 초기값/효과 선택의 정당성과 별개.",Python Decimal; 원문 명시값만,실제 입력 첨부 바이트는 미확인; 보존 VDM과 조건부 대조. 턴·분기는 명시 제목 기반 파싱이며 불완전/재명명 가능. 응답 전용 export 역할 추정; 당시 사용자 프롬프트 미보존. 입력 초기값 출처 및 사건 분류는 이 점검에서 입증하지 않음,아니오,,PDFium second extraction; role boundaries from reviewed records,True,False
PDFIUM-GEM-04-N-00009,GEM-04,runs/raw_logs/Gemini_2.5_Flash/4.pdf,5,1,Most Plausible Path,,Tension,VDM-CLAMP,명시 산술의 내부 일관성,명시 수식×변수,준수,0.55,0.55,tension: 0.55 (Initial 0.5 + 0.05),"명시 산식 0.5 + 0.05 = 0.55; 상태값은 VDM max(0,min(1,value))로 계산; 초기값/효과 선택의 정당성과 별개.",Python Decimal; 원문 명시값만,실제 입력 첨부 바이트는 미확인; 보존 VDM과 조건부 대조. 턴·분기는 명시 제목 기반 파싱이며 불완전/재명명 가능. 응답 전용 export 역할 추정; 당시 사용자 프롬프트 미보존. 입력 초기값 출처 및 사건 분류는 이 점검에서 입증하지 않음,아니오,,PDFium second extraction; role boundaries from reviewed records,True,False
PDFIUM-GEM-04-N-00012,GEM-04,runs/raw_logs/Gemini_2.5_Flash/4.pdf,5,1,Most Plausible Path,,Diplomatic_Support,VDM-CLAMP,명시 산술의 내부 일관성,명시 수식×변수,준수,0.48,0.48,diplomatic_support: 0.48 (Initial 0.5 - 0.02),"명시 산식 0.5 - 0.02 = 0.48; 상태값은 VDM max(0,min(1,value))로 계산; 초기값/효과 선택의 정당성과 별개.",Python Decimal; 원문 명시값만,실제 입력 첨부 바이트는 미확인; 보존 VDM과 조건부 대조. 턴·분기는 명시 제목 기반 파싱이며 불완전/재명명 가능. 응답 전용 export 역할 추정; 당시 사용자 프롬프트 미보존. 입력 초기값 출처 및 사건 분류는 이 점검에서 입증하지 않음,아니오,,PDFium second extraction; role boundaries from reviewed records,True,False
PDFIUM-GEM-04-N-00015,GEM-04,runs/raw_logs/Gemini_2.5_Flash/4.pdf,5,1,Most Plausible Path,,Public_Opinion,VDM-CLAMP,명시 산술의 내부 일관성,명시 수식×변수,준수,0.48,0.48,public_opinion: 0.48 (Initial 0.5 - 0.02),"명시 산식 0.5 - 0.02 = 0.48; 상태값은 VDM max(0,min(1,value))로 계산; 초기값/효과 선택의 정당성과 별개.",Python Decimal; 원문 명시값만,실제 입력 첨부 바이트는 미확인; 보존 VDM과 조건부 대조. 턴·분기는 명시 제목 기반 파싱이며 불완전/재명명 가능. 응답 전용 export 역할 추정; 당시 사용자 프롬프트 미보존. 입력 초기값 출처 및 사건 분류는 이 점검에서 입증하지 않음,아니오,,PDFium second extraction; role boundaries from reviewed records,True,False
PDFIUM-GEM-04-N-00018,GEM-04,runs/raw_logs/Gemini_2.5_Flash/4.pdf,5,1,Most Plausible Path,,Leadership_Unity,VDM-CLAMP,명시 산술의 내부 일관성,명시 수식×변수,준수,0.45,0.45,leadership_unity: 0.45 (Initial 0.5 - 0.05),"명시 산식 0.5 - 0.05 = 0.45; 상태값은 VDM max(0,min(1,value))로 계산; 초기값/효과 선택의 정당성과 별개.",Python Decimal; 원문 명시값만,실제 입력 첨부 바이트는 미확인; 보존 VDM과 조건부 대조. 턴·분기는 명시 제목 기반 파싱이며 불완전/재명명 가능. 응답 전용 export 역할 추정; 당시 사용자 프롬프트 미보존. 입력 초기값 출처 및 사건 분류는 이 점검에서 입증하지 않음,아니오,,PDFium second extraction; role boundaries from reviewed records,True,False
PDFIUM-GEM-04-N-00029,GEM-04,runs/raw_logs/Gemini_2.5_Flash/4.pdf,6,1,Military Escalation Path,,Tension,VDM-CLAMP,명시 산술의 내부 일관성,명시 수식×변수,준수,0.8,0.8,tension: 0.8 (Initial 0.5 + 0.15 from US Strike + 0.15 from Soviet Strike),"명시 산식 0.5 + 0.15 + 0.15 = 0.8; 상태값은 VDM max(0,min(1,value))로 계산; 초기값/효과 선택의 정당성과 별개.",Python Decimal; 원문 명시값만,실제 입력 첨부 바이트는 미확인; 보존 VDM과 조건부 대조. 턴·분기는 명시 제목 기반 파싱이며 불완전/재명명 가능. 응답 전용 export 역할 추정; 당시 사용자 프롬프트 미보존. 입력 초기값 출처 및 사건 분류는 이 점검에서 입증하지 않음,아니오,,PDFium second extraction; role boundaries from reviewed records,True,False
PDFIUM-GEM-04-N-00032,GEM-04,runs/raw_logs/Gemini_2.5_Flash/4.pdf,6,1,Military Escalation Path,,Diplomatic_Support,VDM-CLAMP,명시 산술의 내부 일관성,명시 수식×변수,준수,0.4,0.4,diplomatic_support: 0.4 (Initial 0.5 - 0.05 - 0.05),"명시 산식 0.5 - 0.05 - 0.05 = 0.4; 상태값은 VDM max(0,min(1,value))로 계산; 초기값/효과 선택의 정당성과 별개.",Python Decimal; 원문 명시값만,실제 입력 첨부 바이트는 미확인; 보존 VDM과 조건부 대조. 턴·분기는 명시 제목 기반 파싱이며 불완전/재명명 가능. 응답 전용 export 역할 추정; 당시 사용자 프롬프트 미보존. 입력 초기값 출처 및 사건 분류는 이 점검에서 입증하지 않음,아니오,,PDFium second extraction; role boundaries from reviewed records,True,False
PDFIUM-GEM-04-N-00035,GEM-04,runs/raw_logs/Gemini_2.5_Flash/4.pdf,6,1,Military Escalation Path,,Public_Opinion,VDM-CLAMP,명시 산술의 내부 일관성,명시 수식×변수,준수,0.4,0.4,public_opinion: 0.4 (Initial 0.5 - 0.05 - 0.05),"명시 산식 0.5 - 0.05 - 0.05 = 0.4; 상태값은 VDM max(0,min(1,value))로 계산; 초기값/효과 선택의 정당성과 별개.",Python Decimal; 원문 명시값만,실제 입력 첨부 바이트는 미확인; 보존 VDM과 조건부 대조. 턴·분기는 명시 제목 기반 파싱이며 불완전/재명명 가능. 응답 전용 export 역할 추정; 당시 사용자 프롬프트 미보존. 입력 초기값 출처 및 사건 분류는 이 점검에서 입증하지 않음,아니오,,PDFium second extraction; role boundaries from reviewed records,True,False
PDFIUM-GEM-04-N-00038,GEM-04,runs/raw_logs/Gemini_2.5_Flash/4.pdf,6,1,Military Escalation Path,,Leadership_Unity,VDM-CLAMP,명시 산술의 내부 일관성,명시 수식×변수,준수,0.3,0.3,leadership_unity: 0.3 (Initial 0.5 - 0.10 - 0.10),"명시 산식 0.5 - 0.10 - 0.10 = 0.3; 상태값은 VDM max(0,min(1,value))로 계산; 초기값/효과 선택의 정당성과 별개.",Python Decimal; 원문 명시값만,실제 입력 첨부 바이트는 미확인; 보존 VDM과 조건부 대조. 턴·분기는 명시 제목 기반 파싱이며 불완전/재명명 가능. 응답 전용 export 역할 추정; 당시 사용자 프롬프트 미보존. 입력 초기값 출처 및 사건 분류는 이 점검에서 입증하지 않음,아니오,,PDFium second extraction; role boundaries from reviewed records,True,False
PDFIUM-GEM-04-N-00049,GEM-04,runs/raw_logs/Gemini_2.5_Flash/4.pdf,7,1,Early Diplomatic Track,,Tension,VDM-CLAMP,명시 산술의 내부 일관성,명시 수식×변수,준수,0.4,0.4,tension: 0.4 (Initial 0.5 - 0.05 from US action - 0.05 from Soviet action),"명시 산식 0.5 - 0.05 - 0.05 = 0.4; 상태값은 VDM max(0,min(1,value))로 계산; 초기값/효과 선택의 정당성과 별개.",Python Decimal; 원문 명시값만,실제 입력 첨부 바이트는 미확인; 보존 VDM과 조건부 대조. 턴·분기는 명시 제목 기반 파싱이며 불완전/재명명 가능. 응답 전용 export 역할 추정; 당시 사용자 프롬프트 미보존. 입력 초기값 출처 및 사건 분류는 이 점검에서 입증하지 않음,아니오,,PDFium second extraction; role boundaries from reviewed records,True,False
PDFIUM-GEM-04-N-00052,GEM-04,runs/raw_logs/Gemini_2.5_Flash/4.pdf,7,1,Early Diplomatic Track,,Diplomatic_Support,VDM-CLAMP,명시 산술의 내부 일관성,명시 수식×변수,준수,0.7,0.7,diplomatic_support: 0.7 (Initial 0.5 + 0.10 + 0.10),"명시 산식 0.5 + 0.10 + 0.10 = 0.7; 상태값은 VDM max(0,min(1,value))로 계산; 초기값/효과 선택의 정당성과 별개.",Python Decimal; 원문 명시값만,실제 입력 첨부 바이트는 미확인; 보존 VDM과 조건부 대조. 턴·분기는 명시 제목 기반 파싱이며 불완전/재명명 가능. 응답 전용 export 역할 추정; 당시 사용자 프롬프트 미보존. 입력 초기값 출처 및 사건 분류는 이 점검에서 입증하지 않음,아니오,,PDFium second extraction; role boundaries from reviewed records,True,False
PDFIUM-GEM-04-N-00055,GEM-04,runs/raw_logs/Gemini_2.5_Flash/4.pdf,7,1,Early Diplomatic Track,,Public_Opinion,VDM-CLAMP,명시 산술의 내부 일관성,명시 수식×변수,준수,0.6,0.6,public_opinion: 0.6 (Initial 0.5 + 0.05 + 0.05),"명시 산식 0.5 + 0.05 + 0.05 = 0.6; 상태값은 VDM max(0,min(1,value))로 계산; 초기값/효과 선택의 정당성과 별개.",Python Decimal; 원문 명시값만,실제 입력 첨부 바이트는 미확인; 보존 VDM과 조건부 대조. 턴·분기는 명시 제목 기반 파싱이며 불완전/재명명 가능. 응답 전용 export 역할 추정; 당시 사용자 프롬프트 미보존. 입력 초기값 출처 및 사건 분류는 이 점검에서 입증하지 않음,아니오,,PDFium second extraction; role boundaries from reviewed records,True,False
PDFIUM-GEM-04-N-00058,GEM-04,runs/raw_logs/Gemini_2.5_Flash/4.pdf,7,1,Early Diplomatic Track,,Leadership_Unity,VDM-CLAMP,명시 산술의 내부 일관성,명시 수식×변수,준수,0.6,0.6,leadership_unity: 0.6 (Initial 0.5 + 0.05 + 0.05),"명시 산식 0.5 + 0.05 + 0.05 = 0.6; 상태값은 VDM max(0,min(1,value))로 계산; 초기값/효과 선택의 정당성과 별개.",Python Decimal; 원문 명시값만,실제 입력 첨부 바이트는 미확인; 보존 VDM과 조건부 대조. 턴·분기는 명시 제목 기반 파싱이며 불완전/재명명 가능. 응답 전용 export 역할 추정; 당시 사용자 프롬프트 미보존. 입력 초기값 출처 및 사건 분류는 이 점검에서 입증하지 않음,아니오,,PDFium second extraction; role boundaries from reviewed records,True,False
PDFIUM-GEM-04-N-00069,GEM-04,runs/raw_logs/Gemini_2.5_Flash/4.pdf,10,2,Most Plausible Path (Turn 2),,Tension,VDM-CLAMP,명시 산술의 내부 일관성,명시 수식×변수,준수,0.45,0.45,tension: 0.45 (Start 0.55 - 0.05 - 0.05),"명시 산식 0.55 - 0.05 - 0.05 = 0.45; 상태값은 VDM max(0,min(1,value))로 계산; 초기값/효과 선택의 정당성과 별개.",Python Decimal; 원문 명시값만,실제 입력 첨부 바이트는 미확인; 보존 VDM과 조건부 대조. 턴·분기는 명시 제목 기반 파싱이며 불완전/재명명 가능. 응답 전용 export 역할 추정; 당시 사용자 프롬프트 미보존. 입력 초기값 출처 및 사건 분류는 이 점검에서 입증하지 않음,아니오,,PDFium second extraction; role boundaries from reviewed records,True,False
PDFIUM-GEM-04-N-00072,GEM-04,runs/raw_logs/Gemini_2.5_Flash/4.pdf,10,2,Most Plausible Path (Turn 2),,Diplomatic_Support,VDM-CLAMP,명시 산술의 내부 일관성,명시 수식×변수,준수,0.68,0.68,diplomatic_support: 0.68 (Start 0.48 + 0.10 + 0.10),"명시 산식 0.48 + 0.10 + 0.10 = 0.68; 상태값은 VDM max(0,min(1,value))로 계산; 초기값/효과 선택의 정당성과 별개.",Python Decimal; 원문 명시값만,실제 입력 첨부 바이트는 미확인; 보존 VDM과 조건부 대조. 턴·분기는 명시 제목 기반 파싱이며 불완전/재명명 가능. 응답 전용 export 역할 추정; 당시 사용자 프롬프트 미보존. 입력 초기값 출처 및 사건 분류는 이 점검에서 입증하지 않음,아니오,,PDFium second extraction; role boundaries from reviewed records,True,False
PDFIUM-GEM-04-N-00075,GEM-04,runs/raw_logs/Gemini_2.5_Flash/4.pdf,10,2,Most Plausible Path (Turn 2),,Public_Opinion,VDM-CLAMP,명시 산술의 내부 일관성,명시 수식×변수,준수,0.58,0.58,public_opinion: 0.58 (Start 0.48 + 0.05 + 0.05),"명시 산식 0.48 + 0.05 + 0.05 = 0.58; 상태값은 VDM max(0,min(1,value))로 계산; 초기값/효과 선택의 정당성과 별개.",Python Decimal; 원문 명시값만,실제 입력 첨부 바이트는 미확인; 보존 VDM과 조건부 대조. 턴·분기는 명시 제목 기반 파싱이며 불완전/재명명 가능. 응답 전용 export 역할 추정; 당시 사용자 프롬프트 미보존. 입력 초기값 출처 및 사건 분류는 이 점검에서 입증하지 않음,아니오,,PDFium second extraction; role boundaries from reviewed records,True,False
PDFIUM-GEM-04-N-00078,GEM-04,runs/raw_logs/Gemini_2.5_Flash/4.pdf,10,2,Most Plausible Path (Turn 2),,Leadership_Unity,VDM-CLAMP,명시 산술의 내부 일관성,명시 수식×변수,준수,0.55,0.55,leadership_unity: 0.55 (Start 0.45 + 0.05 + 0.05),"명시 산식 0.45 + 0.05 + 0.05 = 0.55; 상태값은 VDM max(0,min(1,value))로 계산; 초기값/효과 선택의 정당성과 별개.",Python Decimal; 원문 명시값만,실제 입력 첨부 바이트는 미확인; 보존 VDM과 조건부 대조. 턴·분기는 명시 제목 기반 파싱이며 불완전/재명명 가능. 응답 전용 export 역할 추정; 당시 사용자 프롬프트 미보존. 입력 초기값 출처 및 사건 분류는 이 점검에서 입증하지 않음,아니오,,PDFium second extraction; role boundaries from reviewed records,True,False
PDFIUM-GEM-04-N-00089,GEM-04,runs/raw_logs/Gemini_2.5_Flash/4.pdf,11,2,Military Escalation Path (Turn 2),,Tension,VDM-CLAMP,명시 산술의 내부 일관성,명시 수식×변수,준수,1,1,"tension: 1.0 (Start 0.8 + 0.15 + 0.15, clamped at 1.0)","명시 산식 0.8 + 0.15 + 0.15 = 1.1; 상태값은 VDM max(0,min(1,value))로 계산; 초기값/효과 선택의 정당성과 별개.",Python Decimal; 원문 명시값만,실제 입력 첨부 바이트는 미확인; 보존 VDM과 조건부 대조. 턴·분기는 명시 제목 기반 파싱이며 불완전/재명명 가능. 응답 전용 export 역할 추정; 당시 사용자 프롬프트 미보존. 입력 초기값 출처 및 사건 분류는 이 점검에서 입증하지 않음,아니오,,PDFium second extraction; role boundaries from reviewed records,True,False
PDFIUM-GEM-04-N-00092,GEM-04,runs/raw_logs/Gemini_2.5_Flash/4.pdf,11,2,Military Escalation Path (Turn 2),,Diplomatic_Support,VDM-CLAMP,명시 산술의 내부 일관성,명시 수식×변수,준수,0.3,0.3,diplomatic_support: 0.3 (Start 0.4 - 0.05 - 0.05),"명시 산식 0.4 - 0.05 - 0.05 = 0.3; 상태값은 VDM max(0,min(1,value))로 계산; 초기값/효과 선택의 정당성과 별개.",Python Decimal; 원문 명시값만,실제 입력 첨부 바이트는 미확인; 보존 VDM과 조건부 대조. 턴·분기는 명시 제목 기반 파싱이며 불완전/재명명 가능. 응답 전용 export 역할 추정; 당시 사용자 프롬프트 미보존. 입력 초기값 출처 및 사건 분류는 이 점검에서 입증하지 않음,아니오,,PDFium second extraction; role boundaries from reviewed records,True,False
PDFIUM-GEM-04-N-00095,GEM-04,runs/raw_logs/Gemini_2.5_Flash/4.pdf,12,2,Military Escalation Path (Turn 2),,Public_Opinion,VDM-CLAMP,명시 산술의 내부 일관성,명시 수식×변수,준수,0.3,0.3,public_opinion: 0.3 (Start 0.4 - 0.05 - 0.05),"명시 산식 0.4 - 0.05 - 0.05 = 0.3; 상태값은 VDM max(0,min(1,value))로 계산; 초기값/효과 선택의 정당성과 별개.",Python Decimal; 원문 명시값만,실제 입력 첨부 바이트는 미확인; 보존 VDM과 조건부 대조. 턴·분기는 명시 제목 기반 파싱이며 불완전/재명명 가능. 응답 전용 export 역할 추정; 당시 사용자 프롬프트 미보존. 입력 초기값 출처 및 사건 분류는 이 점검에서 입증하지 않음,아니오,,PDFium second extraction; role boundaries from reviewed records,True,False
PDFIUM-GEM-04-N-00098,GEM-04,runs/raw_logs/Gemini_2.5_Flash/4.pdf,12,2,Military Escalation Path (Turn 2),,Leadership_Unity,VDM-CLAMP,명시 산술의 내부 일관성,명시 수식×변수,준수,0.1,0.1,leadership_unity: 0.1 (Start 0.3 - 0.10 - 0.10),"명시 산식 0.3 - 0.10 - 0.10 = 0.1; 상태값은 VDM max(0,min(1,value))로 계산; 초기값/효과 선택의 정당성과 별개.",Python Decimal; 원문 명시값만,실제 입력 첨부 바이트는 미확인; 보존 VDM과 조건부 대조. 턴·분기는 명시 제목 기반 파싱이며 불완전/재명명 가능. 응답 전용 export 역할 추정; 당시 사용자 프롬프트 미보존. 입력 초기값 출처 및 사건 분류는 이 점검에서 입증하지 않음,아니오,,PDFium second extraction; role boundaries from reviewed records,True,False
PDFIUM-GEM-04-N-00109,GEM-04,runs/raw_logs/Gemini_2.5_Flash/4.pdf,14,2,Early Diplomatic Track (Turn 2),,Tension,VDM-CLAMP,명시 산술의 내부 일관성,명시 수식×변수,준수,0.3,0.3,tension: 0.3 (Start 0.4 - 0.05 - 0.05),"명시 산식 0.4 - 0.05 - 0.05 = 0.3; 상태값은 VDM max(0,min(1,value))로 계산; 초기값/효과 선택의 정당성과 별개.",Python Decimal; 원문 명시값만,실제 입력 첨부 바이트는 미확인; 보존 VDM과 조건부 대조. 턴·분기는 명시 제목 기반 파싱이며 불완전/재명명 가능. 응답 전용 export 역할 추정; 당시 사용자 프롬프트 미보존. 입력 초기값 출처 및 사건 분류는 이 점검에서 입증하지 않음,아니오,,PDFium second extraction; role boundaries from reviewed records,True,False
PDFIUM-GEM-04-N-00112,GEM-04,runs/raw_logs/Gemini_2.5_Flash/4.pdf,14,2,Early Diplomatic Track (Turn 2),,Diplomatic_Support,VDM-CLAMP,명시 산술의 내부 일관성,명시 수식×변수,준수,0.9,0.9,diplomatic_support: 0.9 (Start 0.7 + 0.10 + 0.10),"명시 산식 0.7 + 0.10 + 0.10 = 0.9; 상태값은 VDM max(0,min(1,value))로 계산; 초기값/효과 선택의 정당성과 별개.",Python Decimal; 원문 명시값만,실제 입력 첨부 바이트는 미확인; 보존 VDM과 조건부 대조. 턴·분기는 명시 제목 기반 파싱이며 불완전/재명명 가능. 응답 전용 export 역할 추정; 당시 사용자 프롬프트 미보존. 입력 초기값 출처 및 사건 분류는 이 점검에서 입증하지 않음,아니오,,PDFium second extraction; role boundaries from reviewed records,True,False
PDFIUM-GEM-04-N-00115,GEM-04,runs/raw_logs/Gemini_2.5_Flash/4.pdf,14,2,Early Diplomatic Track (Turn 2),,Public_Opinion,VDM-CLAMP,명시 산술의 내부 일관성,명시 수식×변수,준수,0.7,0.7,public_opinion: 0.7 (Start 0.6 + 0.05 + 0.05),"명시 산식 0.6 + 0.05 + 0.05 = 0.7; 상태값은 VDM max(0,min(1,value))로 계산; 초기값/효과 선택의 정당성과 별개.",Python Decimal; 원문 명시값만,실제 입력 첨부 바이트는 미확인; 보존 VDM과 조건부 대조. 턴·분기는 명시 제목 기반 파싱이며 불완전/재명명 가능. 응답 전용 export 역할 추정; 당시 사용자 프롬프트 미보존. 입력 초기값 출처 및 사건 분류는 이 점검에서 입증하지 않음,아니오,,PDFium second extraction; role boundaries from reviewed records,True,False
PDFIUM-GEM-04-N-00118,GEM-04,runs/raw_logs/Gemini_2.5_Flash/4.pdf,14,2,Early Diplomatic Track (Turn 2),,Leadership_Unity,VDM-CLAMP,명시 산술의 내부 일관성,명시 수식×변수,준수,0.7,0.7,leadership_unity: 0.7 (Start 0.6 + 0.05 + 0.05),"명시 산식 0.6 + 0.05 + 0.05 = 0.7; 상태값은 VDM max(0,min(1,value))로 계산; 초기값/효과 선택의 정당성과 별개.",Python Decimal; 원문 명시값만,실제 입력 첨부 바이트는 미확인; 보존 VDM과 조건부 대조. 턴·분기는 명시 제목 기반 파싱이며 불완전/재명명 가능. 응답 전용 export 역할 추정; 당시 사용자 프롬프트 미보존. 입력 초기값 출처 및 사건 분류는 이 점검에서 입증하지 않음,아니오,,PDFium second extraction; role boundaries from reviewed records,True,False
PDFIUM-GEM-04-N-00129,GEM-04,runs/raw_logs/Gemini_2.5_Flash/4.pdf,17,3,Most Plausible Path (Turn 3),,Tension,VDM-CLAMP,명시 산술의 내부 일관성,명시 수식×변수,준수,0.5,0.5,tension: 0.50 (Start 0.45 + 0.10 - 0.05),"명시 산식 0.45 + 0.10 - 0.05 = 0.5; 상태값은 VDM max(0,min(1,value))로 계산; 초기값/효과 선택의 정당성과 별개.",Python Decimal; 원문 명시값만,실제 입력 첨부 바이트는 미확인; 보존 VDM과 조건부 대조. 턴·분기는 명시 제목 기반 파싱이며 불완전/재명명 가능. 응답 전용 export 역할 추정; 당시 사용자 프롬프트 미보존. 입력 초기값 출처 및 사건 분류는 이 점검에서 입증하지 않음,아니오,,PDFium second extraction; role boundaries from reviewed records,True,False
PDFIUM-GEM-04-N-00132,GEM-04,runs/raw_logs/Gemini_2.5_Flash/4.pdf,17,3,Most Plausible Path (Turn 3),,Diplomatic_Support,VDM-CLAMP,명시 산술의 내부 일관성,명시 수식×변수,준수,0.68,0.68,diplomatic_support: 0.68 (Start 0.68 - 0.10 + 0.10),"명시 산식 0.68 - 0.10 + 0.10 = 0.68; 상태값은 VDM max(0,min(1,value))로 계산; 초기값/효과 선택의 정당성과 별개.",Python Decimal; 원문 명시값만,실제 입력 첨부 바이트는 미확인; 보존 VDM과 조건부 대조. 턴·분기는 명시 제목 기반 파싱이며 불완전/재명명 가능. 응답 전용 export 역할 추정; 당시 사용자 프롬프트 미보존. 입력 초기값 출처 및 사건 분류는 이 점검에서 입증하지 않음,아니오,,PDFium second extraction; role boundaries from reviewed records,True,False
PDFIUM-GEM-04-N-00135,GEM-04,runs/raw_logs/Gemini_2.5_Flash/4.pdf,17,3,Most Plausible Path (Turn 3),,Public_Opinion,VDM-CLAMP,명시 산술의 내부 일관성,명시 수식×변수,준수,0.58,0.58,public_opinion: 0.58 (Start 0.58 - 0.05 + 0.05),"명시 산식 0.58 - 0.05 + 0.05 = 0.58; 상태값은 VDM max(0,min(1,value))로 계산; 초기값/효과 선택의 정당성과 별개.",Python Decimal; 원문 명시값만,실제 입력 첨부 바이트는 미확인; 보존 VDM과 조건부 대조. 턴·분기는 명시 제목 기반 파싱이며 불완전/재명명 가능. 응답 전용 export 역할 추정; 당시 사용자 프롬프트 미보존. 입력 초기값 출처 및 사건 분류는 이 점검에서 입증하지 않음,아니오,,PDFium second extraction; role boundaries from reviewed records,True,False
PDFIUM-GEM-04-N-00138,GEM-04,runs/raw_logs/Gemini_2.5_Flash/4.pdf,17,3,Most Plausible Path (Turn 3),,Leadership_Unity,VDM-CLAMP,명시 산술의 내부 일관성,명시 수식×변수,준수,0.55,0.55,leadership_unity: 0.55 (Start 0.55 - 0.05 + 0.05),"명시 산식 0.55 - 0.05 + 0.05 = 0.55; 상태값은 VDM max(0,min(1,value))로 계산; 초기값/효과 선택의 정당성과 별개.",Python Decimal; 원문 명시값만,실제 입력 첨부 바이트는 미확인; 보존 VDM과 조건부 대조. 턴·분기는 명시 제목 기반 파싱이며 불완전/재명명 가능. 응답 전용 export 역할 추정; 당시 사용자 프롬프트 미보존. 입력 초기값 출처 및 사건 분류는 이 점검에서 입증하지 않음,아니오,,PDFium second extraction; role boundaries from reviewed records,True,False
PDFIUM-GEM-04-N-00151,GEM-04,runs/raw_logs/Gemini_2.5_Flash/4.pdf,18,3,Military Escalation Path (Turn 3),,Diplomatic_Support,VDM-CLAMP,명시 산술의 내부 일관성,명시 수식×변수,준수,0.2,0.2,diplomatic_support: 0.2 (Start 0.3 - 0.05 - 0.05),"명시 산식 0.3 - 0.05 - 0.05 = 0.2; 상태값은 VDM max(0,min(1,value))로 계산; 초기값/효과 선택의 정당성과 별개.",Python Decimal; 원문 명시값만,실제 입력 첨부 바이트는 미확인; 보존 VDM과 조건부 대조. 턴·분기는 명시 제목 기반 파싱이며 불완전/재명명 가능. 응답 전용 export 역할 추정; 당시 사용자 프롬프트 미보존. 입력 초기값 출처 및 사건 분류는 이 점검에서 입증하지 않음,아니오,,PDFium second extraction; role boundaries from reviewed records,True,False
PDFIUM-GEM-04-N-00154,GEM-04,runs/raw_logs/Gemini_2.5_Flash/4.pdf,18,3,Military Escalation Path (Turn 3),,Public_Opinion,VDM-CLAMP,명시 산술의 내부 일관성,명시 수식×변수,준수,0.2,0.2,public_opinion: 0.2 (Start 0.3 - 0.05 - 0.05),"명시 산식 0.3 - 0.05 - 0.05 = 0.2; 상태값은 VDM max(0,min(1,value))로 계산; 초기값/효과 선택의 정당성과 별개.",Python Decimal; 원문 명시값만,실제 입력 첨부 바이트는 미확인; 보존 VDM과 조건부 대조. 턴·분기는 명시 제목 기반 파싱이며 불완전/재명명 가능. 응답 전용 export 역할 추정; 당시 사용자 프롬프트 미보존. 입력 초기값 출처 및 사건 분류는 이 점검에서 입증하지 않음,아니오,,PDFium second extraction; role boundaries from reviewed records,True,False
PDFIUM-GEM-04-N-00157,GEM-04,runs/raw_logs/Gemini_2.5_Flash/4.pdf,18,3,Military Escalation Path (Turn 3),,Leadership_Unity,VDM-CLAMP,명시 산술의 내부 일관성,명시 수식×변수,준수,0,0,"leadership_unity: 0.0 (Start 0.1 - 0.10 - 0.10, clamped at 0.0)","명시 산식 0.1 - 0.10 - 0.10 = -0.1; 상태값은 VDM max(0,min(1,value))로 계산; 초기값/효과 선택의 정당성과 별개.",Python Decimal; 원문 명시값만,실제 입력 첨부 바이트는 미확인; 보존 VDM과 조건부 대조. 턴·분기는 명시 제목 기반 파싱이며 불완전/재명명 가능. 응답 전용 export 역할 추정; 당시 사용자 프롬프트 미보존. 입력 초기값 출처 및 사건 분류는 이 점검에서 입증하지 않음,아니오,,PDFium second extraction; role boundaries from reviewed records,True,False
PDFIUM-GEM-04-N-00168,GEM-04,runs/raw_logs/Gemini_2.5_Flash/4.pdf,20,3,Early Diplomatic Track (Turn 3),,Tension,VDM-CLAMP,명시 산술의 내부 일관성,명시 수식×변수,준수,0.35,0.35,tension: 0.35 (Start 0.3 + 0.10 - 0.05),"명시 산식 0.3 + 0.10 - 0.05 = 0.35; 상태값은 VDM max(0,min(1,value))로 계산; 초기값/효과 선택의 정당성과 별개.",Python Decimal; 원문 명시값만,실제 입력 첨부 바이트는 미확인; 보존 VDM과 조건부 대조. 턴·분기는 명시 제목 기반 파싱이며 불완전/재명명 가능. 응답 전용 export 역할 추정; 당시 사용자 프롬프트 미보존. 입력 초기값 출처 및 사건 분류는 이 점검에서 입증하지 않음,아니오,,PDFium second extraction; role boundaries from reviewed records,True,False
PDFIUM-GEM-04-N-00171,GEM-04,runs/raw_logs/Gemini_2.5_Flash/4.pdf,20,3,Early Diplomatic Track (Turn 3),,Diplomatic_Support,VDM-CLAMP,명시 산술의 내부 일관성,명시 수식×변수,준수,0.9,0.9,diplomatic_support: 0.9 (Start 0.9 - 0.10 + 0.10),"명시 산식 0.9 - 0.10 + 0.10 = 0.9; 상태값은 VDM max(0,min(1,value))로 계산; 초기값/효과 선택의 정당성과 별개.",Python Decimal; 원문 명시값만,실제 입력 첨부 바이트는 미확인; 보존 VDM과 조건부 대조. 턴·분기는 명시 제목 기반 파싱이며 불완전/재명명 가능. 응답 전용 export 역할 추정; 당시 사용자 프롬프트 미보존. 입력 초기값 출처 및 사건 분류는 이 점검에서 입증하지 않음,아니오,,PDFium second extraction; role boundaries from reviewed records,True,False
PDFIUM-GEM-04-N-00174,GEM-04,runs/raw_logs/Gemini_2.5_Flash/4.pdf,20,3,Early Diplomatic Track (Turn 3),,Public_Opinion,VDM-CLAMP,명시 산술의 내부 일관성,명시 수식×변수,준수,0.7,0.7,public_opinion: 0.7 (Start 0.7 - 0.05 + 0.05),"명시 산식 0.7 - 0.05 + 0.05 = 0.7; 상태값은 VDM max(0,min(1,value))로 계산; 초기값/효과 선택의 정당성과 별개.",Python Decimal; 원문 명시값만,실제 입력 첨부 바이트는 미확인; 보존 VDM과 조건부 대조. 턴·분기는 명시 제목 기반 파싱이며 불완전/재명명 가능. 응답 전용 export 역할 추정; 당시 사용자 프롬프트 미보존. 입력 초기값 출처 및 사건 분류는 이 점검에서 입증하지 않음,아니오,,PDFium second extraction; role boundaries from reviewed records,True,False
PDFIUM-GEM-04-N-00177,GEM-04,runs/raw_logs/Gemini_2.5_Flash/4.pdf,20,3,Early Diplomatic Track (Turn 3),,Leadership_Unity,VDM-CLAMP,명시 산술의 내부 일관성,명시 수식×변수,준수,0.7,0.7,leadership_unity: 0.7 (Start 0.7 - 0.05 + 0.05),"명시 산식 0.7 - 0.05 + 0.05 = 0.7; 상태값은 VDM max(0,min(1,value))로 계산; 초기값/효과 선택의 정당성과 별개.",Python Decimal; 원문 명시값만,실제 입력 첨부 바이트는 미확인; 보존 VDM과 조건부 대조. 턴·분기는 명시 제목 기반 파싱이며 불완전/재명명 가능. 응답 전용 export 역할 추정; 당시 사용자 프롬프트 미보존. 입력 초기값 출처 및 사건 분류는 이 점검에서 입증하지 않음,아니오,,PDFium second extraction; role boundaries from reviewed records,True,False
PDFIUM-GEM-04-N-00188,GEM-04,runs/raw_logs/Gemini_2.5_Flash/4.pdf,24,4,Most Plausible Path (Turn 4),,Tension,VDM-CLAMP,명시 산술의 내부 일관성,명시 수식×변수,준수,0.5,0.5,tension: 0.50 (Start 0.50 + 0.05 - 0.05),"명시 산식 0.50 + 0.05 - 0.05 = 0.5; 상태값은 VDM max(0,min(1,value))로 계산; 초기값/효과 선택의 정당성과 별개.",Python Decimal; 원문 명시값만,실제 입력 첨부 바이트는 미확인; 보존 VDM과 조건부 대조. 턴·분기는 명시 제목 기반 파싱이며 불완전/재명명 가능. 응답 전용 export 역할 추정; 당시 사용자 프롬프트 미보존. 입력 초기값 출처 및 사건 분류는 이 점검에서 입증하지 않음,아니오,,PDFium second extraction; role boundaries from reviewed records,True,False
PDFIUM-GEM-04-N-00191,GEM-04,runs/raw_logs/Gemini_2.5_Flash/4.pdf,24,4,Most Plausible Path (Turn 4),,Diplomatic_Support,VDM-CLAMP,명시 산술의 내부 일관성,명시 수식×변수,준수,0.76,0.76,diplomatic_support: 0.76 (Start 0.68 - 0.02 + 0.10),"명시 산식 0.68 - 0.02 + 0.10 = 0.76; 상태값은 VDM max(0,min(1,value))로 계산; 초기값/효과 선택의 정당성과 별개.",Python Decimal; 원문 명시값만,실제 입력 첨부 바이트는 미확인; 보존 VDM과 조건부 대조. 턴·분기는 명시 제목 기반 파싱이며 불완전/재명명 가능. 응답 전용 export 역할 추정; 당시 사용자 프롬프트 미보존. 입력 초기값 출처 및 사건 분류는 이 점검에서 입증하지 않음,아니오,,PDFium second extraction; role boundaries from reviewed records,True,False
PDFIUM-GEM-04-N-00194,GEM-04,runs/raw_logs/Gemini_2.5_Flash/4.pdf,24,4,Most Plausible Path (Turn 4),,Public_Opinion,VDM-CLAMP,명시 산술의 내부 일관성,명시 수식×변수,준수,0.61,0.61,public_opinion: 0.61 (Start 0.58 - 0.02 + 0.05),"명시 산식 0.58 - 0.02 + 0.05 = 0.61; 상태값은 VDM max(0,min(1,value))로 계산; 초기값/효과 선택의 정당성과 별개.",Python Decimal; 원문 명시값만,실제 입력 첨부 바이트는 미확인; 보존 VDM과 조건부 대조. 턴·분기는 명시 제목 기반 파싱이며 불완전/재명명 가능. 응답 전용 export 역할 추정; 당시 사용자 프롬프트 미보존. 입력 초기값 출처 및 사건 분류는 이 점검에서 입증하지 않음,아니오,,PDFium second extraction; role boundaries from reviewed records,True,False
PDFIUM-GEM-04-N-00197,GEM-04,runs/raw_logs/Gemini_2.5_Flash/4.pdf,24,4,Most Plausible Path (Turn 4),,Leadership_Unity,VDM-CLAMP,명시 산술의 내부 일관성,명시 수식×변수,준수,0.55,0.55,leadership_unity: 0.55 (Start 0.55 - 0.05 + 0.05),"명시 산식 0.55 - 0.05 + 0.05 = 0.55; 상태값은 VDM max(0,min(1,value))로 계산; 초기값/효과 선택의 정당성과 별개.",Python Decimal; 원문 명시값만,실제 입력 첨부 바이트는 미확인; 보존 VDM과 조건부 대조. 턴·분기는 명시 제목 기반 파싱이며 불완전/재명명 가능. 응답 전용 export 역할 추정; 당시 사용자 프롬프트 미보존. 입력 초기값 출처 및 사건 분류는 이 점검에서 입증하지 않음,아니오,,PDFium second extraction; role boundaries from reviewed records,True,False
PDFIUM-GEM-04-N-00216,GEM-04,runs/raw_logs/Gemini_2.5_Flash/4.pdf,27,4,Early Diplomatic Track (Turn 4),,Tension,VDM-CLAMP,명시 산술의 내부 일관성,명시 수식×변수,준수,0.45,0.45,tension: 0.45 (Start 0.35 + 0.15 - 0.05),"명시 산식 0.35 + 0.15 - 0.05 = 0.45; 상태값은 VDM max(0,min(1,value))로 계산; 초기값/효과 선택의 정당성과 별개.",Python Decimal; 원문 명시값만,실제 입력 첨부 바이트는 미확인; 보존 VDM과 조건부 대조. 턴·분기는 명시 제목 기반 파싱이며 불완전/재명명 가능. 응답 전용 export 역할 추정; 당시 사용자 프롬프트 미보존. 입력 초기값 출처 및 사건 분류는 이 점검에서 입증하지 않음,아니오,,PDFium second extraction; role boundaries from reviewed records,True,False
PDFIUM-GEM-04-N-00219,GEM-04,runs/raw_logs/Gemini_2.5_Flash/4.pdf,27,4,Early Diplomatic Track (Turn 4),,Diplomatic_Support,VDM-CLAMP,명시 산술의 내부 일관성,명시 수식×변수,준수,0.95,0.95,diplomatic_support: 0.95 (Start 0.9 - 0.05 + 0.10),"명시 산식 0.9 - 0.05 + 0.10 = 0.95; 상태값은 VDM max(0,min(1,value))로 계산; 초기값/효과 선택의 정당성과 별개.",Python Decimal; 원문 명시값만,실제 입력 첨부 바이트는 미확인; 보존 VDM과 조건부 대조. 턴·분기는 명시 제목 기반 파싱이며 불완전/재명명 가능. 응답 전용 export 역할 추정; 당시 사용자 프롬프트 미보존. 입력 초기값 출처 및 사건 분류는 이 점검에서 입증하지 않음,아니오,,PDFium second extraction; role boundaries from reviewed records,True,False
PDFIUM-GEM-04-N-00222,GEM-04,runs/raw_logs/Gemini_2.5_Flash/4.pdf,27,4,Early Diplomatic Track (Turn 4),,Public_Opinion,VDM-CLAMP,명시 산술의 내부 일관성,명시 수식×변수,준수,0.7,0.7,public_opinion: 0.7 (Start 0.7 - 0.05 + 0.05),"명시 산식 0.7 - 0.05 + 0.05 = 0.7; 상태값은 VDM max(0,min(1,value))로 계산; 초기값/효과 선택의 정당성과 별개.",Python Decimal; 원문 명시값만,실제 입력 첨부 바이트는 미확인; 보존 VDM과 조건부 대조. 턴·분기는 명시 제목 기반 파싱이며 불완전/재명명 가능. 응답 전용 export 역할 추정; 당시 사용자 프롬프트 미보존. 입력 초기값 출처 및 사건 분류는 이 점검에서 입증하지 않음,아니오,,PDFium second extraction; role boundaries from reviewed records,True,False
PDFIUM-GEM-04-N-00225,GEM-04,runs/raw_logs/Gemini_2.5_Flash/4.pdf,27,4,Early Diplomatic Track (Turn 4),,Leadership_Unity,VDM-CLAMP,명시 산술의 내부 일관성,명시 수식×변수,준수,0.65,0.65,leadership_unity: 0.65 (Start 0.7 - 0.10 + 0.05),"명시 산식 0.7 - 0.10 + 0.05 = 0.65; 상태값은 VDM max(0,min(1,value))로 계산; 초기값/효과 선택의 정당성과 별개.",Python Decimal; 원문 명시값만,실제 입력 첨부 바이트는 미확인; 보존 VDM과 조건부 대조. 턴·분기는 명시 제목 기반 파싱이며 불완전/재명명 가능. 응답 전용 export 역할 추정; 당시 사용자 프롬프트 미보존. 입력 초기값 출처 및 사건 분류는 이 점검에서 입증하지 않음,아니오,,PDFium second extraction; role boundaries from reviewed records,True,False
PDFIUM-GEM-07-N-00089,GEM-07,runs/raw_logs/Gemini_2.5_Flash/7.pdf,13,2,Military First Path - Full-Scale War,,Tension,VDM-CLAMP,명시 산술의 내부 일관성,명시 수식×변수,준수,1,1,"tension: 1.00 (Clamped at 1.0, from 0.80 + 0.30)","명시 산식 0.80 + 0.30 = 1.1; 상태값은 VDM max(0,min(1,value))로 계산; 초기값/효과 선택의 정당성과 별개.",Python Decimal; 원문 명시값만,실제 입력 첨부 바이트는 미확인; 보존 VDM과 조건부 대조. 턴·분기는 명시 제목 기반 파싱이며 불완전/재명명 가능. 응답 전용 export 역할 추정; 당시 사용자 프롬프트 미보존. 입력 초기값 출처 및 사건 분류는 이 점검에서 입증하지 않음,아니오,,PDFium second extraction; role boundaries from reviewed records,True,False
PDFIUM-GEM-07-N-00092,GEM-07,runs/raw_logs/Gemini_2.5_Flash/7.pdf,13,2,Military First Path - Full-Scale War,,Diplomatic_Support,VDM-CLAMP,명시 산술의 내부 일관성,명시 수식×변수,준수,0.3,0.3,diplomatic_support: 0.30 (From 0.40 - 0.10; Below 0.5 Threshold),"명시 산식 0.40 - 0.10 = 0.3; 상태값은 VDM max(0,min(1,value))로 계산; 초기값/효과 선택의 정당성과 별개.",Python Decimal; 원문 명시값만,실제 입력 첨부 바이트는 미확인; 보존 VDM과 조건부 대조. 턴·분기는 명시 제목 기반 파싱이며 불완전/재명명 가능. 응답 전용 export 역할 추정; 당시 사용자 프롬프트 미보존. 입력 초기값 출처 및 사건 분류는 이 점검에서 입증하지 않음,아니오,,PDFium second extraction; role boundaries from reviewed records,True,False
PDFIUM-GEM-07-N-00095,GEM-07,runs/raw_logs/Gemini_2.5_Flash/7.pdf,13,2,Military First Path - Full-Scale War,,Public_Opinion,VDM-CLAMP,명시 산술의 내부 일관성,명시 수식×변수,준수,0.3,0.3,public_opinion: 0.30 (From 0.40 - 0.10; Below 0.4 Threshold),"명시 산식 0.40 - 0.10 = 0.3; 상태값은 VDM max(0,min(1,value))로 계산; 초기값/효과 선택의 정당성과 별개.",Python Decimal; 원문 명시값만,실제 입력 첨부 바이트는 미확인; 보존 VDM과 조건부 대조. 턴·분기는 명시 제목 기반 파싱이며 불완전/재명명 가능. 응답 전용 export 역할 추정; 당시 사용자 프롬프트 미보존. 입력 초기값 출처 및 사건 분류는 이 점검에서 입증하지 않음,아니오,,PDFium second extraction; role boundaries from reviewed records,True,False
PDFIUM-GEM-07-N-00098,GEM-07,runs/raw_logs/Gemini_2.5_Flash/7.pdf,13,2,Military First Path - Full-Scale War,,Leadership_Unity,VDM-CLAMP,명시 산술의 내부 일관성,명시 수식×변수,준수,0.1,0.1,leadership_unity: 0.10 (From 0.30 - 0.20; Below 0.5 Threshold),"명시 산식 0.30 - 0.20 = 0.1; 상태값은 VDM max(0,min(1,value))로 계산; 초기값/효과 선택의 정당성과 별개.",Python Decimal; 원문 명시값만,실제 입력 첨부 바이트는 미확인; 보존 VDM과 조건부 대조. 턴·분기는 명시 제목 기반 파싱이며 불완전/재명명 가능. 응답 전용 export 역할 추정; 당시 사용자 프롬프트 미보존. 입력 초기값 출처 및 사건 분류는 이 점검에서 입증하지 않음,아니오,,PDFium second extraction; role boundaries from reviewed records,True,False
PDFIUM-GEM-07-N-00123,GEM-07,runs/raw_logs/Gemini_2.5_Flash/7.pdf,17,3,Open Conflict Path - The Nuclear Threshold,,Diplomatic_Support,VDM-CLAMP,명시 산술의 내부 일관성,명시 수식×변수,준수,0.18,0.18,diplomatic_support: 0.18 (From 0.28 - 0.10),"명시 산식 0.28 - 0.10 = 0.18; 상태값은 VDM max(0,min(1,value))로 계산; 초기값/효과 선택의 정당성과 별개.",Python Decimal; 원문 명시값만,실제 입력 첨부 바이트는 미확인; 보존 VDM과 조건부 대조. 턴·분기는 명시 제목 기반 파싱이며 불완전/재명명 가능. 응답 전용 export 역할 추정; 당시 사용자 프롬프트 미보존. 입력 초기값 출처 및 사건 분류는 이 점검에서 입증하지 않음,아니오,,PDFium second extraction; role boundaries from reviewed records,True,False
PDFIUM-GEM-07-N-00126,GEM-07,runs/raw_logs/Gemini_2.5_Flash/7.pdf,17,3,Open Conflict Path - The Nuclear Threshold,,Public_Opinion,VDM-CLAMP,명시 산술의 내부 일관성,명시 수식×변수,준수,0.23,0.23,public_opinion: 0.23 (From 0.33 - 0.10),"명시 산식 0.33 - 0.10 = 0.23; 상태값은 VDM max(0,min(1,value))로 계산; 초기값/효과 선택의 정당성과 별개.",Python Decimal; 원문 명시값만,실제 입력 첨부 바이트는 미확인; 보존 VDM과 조건부 대조. 턴·분기는 명시 제목 기반 파싱이며 불완전/재명명 가능. 응답 전용 export 역할 추정; 당시 사용자 프롬프트 미보존. 입력 초기값 출처 및 사건 분류는 이 점검에서 입증하지 않음,아니오,,PDFium second extraction; role boundaries from reviewed records,True,False
PDFIUM-GEM-07-N-00129,GEM-07,runs/raw_logs/Gemini_2.5_Flash/7.pdf,17,3,Open Conflict Path - The Nuclear Threshold,,Leadership_Unity,VDM-CLAMP,명시 산술의 내부 일관성,명시 수식×변수,준수,0,0,"leadership_unity: 0.00 (Clamped, from 0.20 - 0.20)","명시 산식 0.20 - 0.20 = 0; 상태값은 VDM max(0,min(1,value))로 계산; 초기값/효과 선택의 정당성과 별개.",Python Decimal; 원문 명시값만,실제 입력 첨부 바이트는 미확인; 보존 VDM과 조건부 대조. 턴·분기는 명시 제목 기반 파싱이며 불완전/재명명 가능. 응답 전용 export 역할 추정; 당시 사용자 프롬프트 미보존. 입력 초기값 출처 및 사건 분류는 이 점검에서 입증하지 않음,아니오,,PDFium second extraction; role boundaries from reviewed records,True,False
PDFIUM-GEM-10-N-00007,GEM-10,runs/raw_logs/Gemini_2.5_Flash/10.pdf,5,1,Most Plausible Path,,Tension,VDM-CLAMP,명시 산술의 내부 일관성,명시 수식×변수,준수,1,1,"tension: 1.0 (Initial 0.5 + 0.10 + 0.45 = 1.05, clamped to 1.0)","명시 산식 0.5 + 0.10 + 0.45 = 1.05; 상태값은 VDM max(0,min(1,value))로 계산; 초기값/효과 선택의 정당성과 별개.",Python Decimal; 원문 명시값만,실제 입력 첨부 바이트는 미확인; 보존 VDM과 조건부 대조. 턴·분기는 명시 제목 기반 파싱이며 불완전/재명명 가능. 응답 전용 export 역할 추정; 당시 사용자 프롬프트 미보존. 입력 초기값 출처 및 사건 분류는 이 점검에서 입증하지 않음,아니오,,PDFium second extraction; role boundaries from reviewed records,True,False
PDFIUM-GEM-10-N-00010,GEM-10,runs/raw_logs/Gemini_2.5_Flash/10.pdf,5,1,Most Plausible Path,,Diplomatic_Support,VDM-CLAMP,명시 산술의 내부 일관성,명시 수식×변수,준수,0.45,0.45,diplomatic_support: 0.45 (Initial 0.5 - 0.05 = 0.45),"명시 산식 0.5 - 0.05 = 0.45; 상태값은 VDM max(0,min(1,value))로 계산; 초기값/효과 선택의 정당성과 별개.",Python Decimal; 원문 명시값만,실제 입력 첨부 바이트는 미확인; 보존 VDM과 조건부 대조. 턴·분기는 명시 제목 기반 파싱이며 불완전/재명명 가능. 응답 전용 export 역할 추정; 당시 사용자 프롬프트 미보존. 입력 초기값 출처 및 사건 분류는 이 점검에서 입증하지 않음,아니오,,PDFium second extraction; role boundaries from reviewed records,True,False
PDFIUM-GEM-10-N-00013,GEM-10,runs/raw_logs/Gemini_2.5_Flash/10.pdf,5,1,Most Plausible Path,,Public_Opinion,VDM-CLAMP,명시 산술의 내부 일관성,명시 수식×변수,준수,0.45,0.45,public_opinion: 0.45 (Initial 0.5 - 0.05 = 0.45),"명시 산식 0.5 - 0.05 = 0.45; 상태값은 VDM max(0,min(1,value))로 계산; 초기값/효과 선택의 정당성과 별개.",Python Decimal; 원문 명시값만,실제 입력 첨부 바이트는 미확인; 보존 VDM과 조건부 대조. 턴·분기는 명시 제목 기반 파싱이며 불완전/재명명 가능. 응답 전용 export 역할 추정; 당시 사용자 프롬프트 미보존. 입력 초기값 출처 및 사건 분류는 이 점검에서 입증하지 않음,아니오,,PDFium second extraction; role boundaries from reviewed records,True,False
PDFIUM-GEM-10-N-00016,GEM-10,runs/raw_logs/Gemini_2.5_Flash/10.pdf,5,1,Most Plausible Path,,Leadership_Unity,VDM-CLAMP,명시 산술의 내부 일관성,명시 수식×변수,준수,1,1,"leadership_unity: 1.0 (Initial 0.5 - 0.05 + 0.65 = 1.1, clamped to 1.0)","명시 산식 0.5 - 0.05 + 0.65 = 1.1; 상태값은 VDM max(0,min(1,value))로 계산; 초기값/효과 선택의 정당성과 별개.",Python Decimal; 원문 명시값만,실제 입력 첨부 바이트는 미확인; 보존 VDM과 조건부 대조. 턴·분기는 명시 제목 기반 파싱이며 불완전/재명명 가능. 응답 전용 export 역할 추정; 당시 사용자 프롬프트 미보존. 입력 초기값 출처 및 사건 분류는 이 점검에서 입증하지 않음,아니오,,PDFium second extraction; role boundaries from reviewed records,True,False
PDFIUM-GEM-10-N-00027,GEM-10,runs/raw_logs/Gemini_2.5_Flash/10.pdf,6,1,Hawkish Escalation Path,,Tension,VDM-CLAMP,명시 산술의 내부 일관성,명시 수식×변수,준수,0.8,0.8,tension: 0.8 (Initial 0.5 + 0.15 + 0.15 = 0.8),"명시 산식 0.5 + 0.15 + 0.15 = 0.8; 상태값은 VDM max(0,min(1,value))로 계산; 초기값/효과 선택의 정당성과 별개.",Python Decimal; 원문 명시값만,실제 입력 첨부 바이트는 미확인; 보존 VDM과 조건부 대조. 턴·분기는 명시 제목 기반 파싱이며 불완전/재명명 가능. 응답 전용 export 역할 추정; 당시 사용자 프롬프트 미보존. 입력 초기값 출처 및 사건 분류는 이 점검에서 입증하지 않음,아니오,,PDFium second extraction; role boundaries from reviewed records,True,False
PDFIUM-GEM-10-N-00030,GEM-10,runs/raw_logs/Gemini_2.5_Flash/10.pdf,6,1,Hawkish Escalation Path,,Diplomatic_Support,VDM-CLAMP,명시 산술의 내부 일관성,명시 수식×변수,준수,0.4,0.4,diplomatic_support: 0.4 (Initial 0.5 - 0.05 - 0.05 = 0.4),"명시 산식 0.5 - 0.05 - 0.05 = 0.4; 상태값은 VDM max(0,min(1,value))로 계산; 초기값/효과 선택의 정당성과 별개.",Python Decimal; 원문 명시값만,실제 입력 첨부 바이트는 미확인; 보존 VDM과 조건부 대조. 턴·분기는 명시 제목 기반 파싱이며 불완전/재명명 가능. 응답 전용 export 역할 추정; 당시 사용자 프롬프트 미보존. 입력 초기값 출처 및 사건 분류는 이 점검에서 입증하지 않음,아니오,,PDFium second extraction; role boundaries from reviewed records,True,False
PDFIUM-GEM-10-N-00033,GEM-10,runs/raw_logs/Gemini_2.5_Flash/10.pdf,6,1,Hawkish Escalation Path,,Public_Opinion,VDM-CLAMP,명시 산술의 내부 일관성,명시 수식×변수,준수,0.4,0.4,public_opinion: 0.4 (Initial 0.5 - 0.05 - 0.05 = 0.4),"명시 산식 0.5 - 0.05 - 0.05 = 0.4; 상태값은 VDM max(0,min(1,value))로 계산; 초기값/효과 선택의 정당성과 별개.",Python Decimal; 원문 명시값만,실제 입력 첨부 바이트는 미확인; 보존 VDM과 조건부 대조. 턴·분기는 명시 제목 기반 파싱이며 불완전/재명명 가능. 응답 전용 export 역할 추정; 당시 사용자 프롬프트 미보존. 입력 초기값 출처 및 사건 분류는 이 점검에서 입증하지 않음,아니오,,PDFium second extraction; role boundaries from reviewed records,True,False
PDFIUM-GEM-10-N-00036,GEM-10,runs/raw_logs/Gemini_2.5_Flash/10.pdf,6,1,Hawkish Escalation Path,,Leadership_Unity,VDM-CLAMP,명시 산술의 내부 일관성,명시 수식×변수,준수,0.3,0.3,leadership_unity: 0.3 (Initial 0.5 - 0.10 - 0.10 = 0.3),"명시 산식 0.5 - 0.10 - 0.10 = 0.3; 상태값은 VDM max(0,min(1,value))로 계산; 초기값/효과 선택의 정당성과 별개.",Python Decimal; 원문 명시값만,실제 입력 첨부 바이트는 미확인; 보존 VDM과 조건부 대조. 턴·분기는 명시 제목 기반 파싱이며 불완전/재명명 가능. 응답 전용 export 역할 추정; 당시 사용자 프롬프트 미보존. 입력 초기값 출처 및 사건 분류는 이 점검에서 입증하지 않음,아니오,,PDFium second extraction; role boundaries from reviewed records,True,False
PDFIUM-GEM-10-N-00043,GEM-10,runs/raw_logs/Gemini_2.5_Flash/10.pdf,6,1,Diplomatic Failure Path,,Tension,VDM-CLAMP,명시 산술의 내부 일관성,명시 수식×변수,준수,0.6,0.6,tension: 0.6 (Initial 0.5 + 0.10 = 0.6),"명시 산식 0.5 + 0.10 = 0.6; 상태값은 VDM max(0,min(1,value))로 계산; 초기값/효과 선택의 정당성과 별개.",Python Decimal; 원문 명시값만,실제 입력 첨부 바이트는 미확인; 보존 VDM과 조건부 대조. 턴·분기는 명시 제목 기반 파싱이며 불완전/재명명 가능. 응답 전용 export 역할 추정; 당시 사용자 프롬프트 미보존. 입력 초기값 출처 및 사건 분류는 이 점검에서 입증하지 않음,아니오,,PDFium second extraction; role boundaries from reviewed records,True,False
PDFIUM-GEM-10-N-00046,GEM-10,runs/raw_logs/Gemini_2.5_Flash/10.pdf,6,1,Diplomatic Failure Path,,Diplomatic_Support,VDM-CLAMP,명시 산술의 내부 일관성,명시 수식×변수,준수,0.4,0.4,diplomatic_support: 0.4 (Initial 0.5 - 0.10 = 0.4),"명시 산식 0.5 - 0.10 = 0.4; 상태값은 VDM max(0,min(1,value))로 계산; 초기값/효과 선택의 정당성과 별개.",Python Decimal; 원문 명시값만,실제 입력 첨부 바이트는 미확인; 보존 VDM과 조건부 대조. 턴·분기는 명시 제목 기반 파싱이며 불완전/재명명 가능. 응답 전용 export 역할 추정; 당시 사용자 프롬프트 미보존. 입력 초기값 출처 및 사건 분류는 이 점검에서 입증하지 않음,아니오,,PDFium second extraction; role boundaries from reviewed records,True,False
PDFIUM-GEM-10-N-00049,GEM-10,runs/raw_logs/Gemini_2.5_Flash/10.pdf,6,1,Diplomatic Failure Path,,Public_Opinion,VDM-CLAMP,명시 산술의 내부 일관성,명시 수식×변수,준수,0.45,0.45,public_opinion: 0.45 (Initial 0.5 - 0.05 = 0.45),"명시 산식 0.5 - 0.05 = 0.45; 상태값은 VDM max(0,min(1,value))로 계산; 초기값/효과 선택의 정당성과 별개.",Python Decimal; 원문 명시값만,실제 입력 첨부 바이트는 미확인; 보존 VDM과 조건부 대조. 턴·분기는 명시 제목 기반 파싱이며 불완전/재명명 가능. 응답 전용 export 역할 추정; 당시 사용자 프롬프트 미보존. 입력 초기값 출처 및 사건 분류는 이 점검에서 입증하지 않음,아니오,,PDFium second extraction; role boundaries from reviewed records,True,False
PDFIUM-GEM-10-N-00052,GEM-10,runs/raw_logs/Gemini_2.5_Flash/10.pdf,7,1,Diplomatic Failure Path,,Leadership_Unity,VDM-CLAMP,명시 산술의 내부 일관성,명시 수식×변수,준수,0.45,0.45,leadership_unity: 0.45 (Initial 0.5 - 0.05 = 0.45),"명시 산식 0.5 - 0.05 = 0.45; 상태값은 VDM max(0,min(1,value))로 계산; 초기값/효과 선택의 정당성과 별개.",Python Decimal; 원문 명시값만,실제 입력 첨부 바이트는 미확인; 보존 VDM과 조건부 대조. 턴·분기는 명시 제목 기반 파싱이며 불완전/재명명 가능. 응답 전용 export 역할 추정; 당시 사용자 프롬프트 미보존. 입력 초기값 출처 및 사건 분류는 이 점검에서 입증하지 않음,아니오,,PDFium second extraction; role boundaries from reviewed records,True,False
PDFIUM-GEM-10-N-00067,GEM-10,runs/raw_logs/Gemini_2.5_Flash/10.pdf,9,2,] (Scenario 1),,Tension,VDM-CLAMP,명시 산술의 내부 일관성,명시 수식×변수,준수,0.95,0.95,tension: 0.95 (Initial 1.0 - 0.05 = 0.95),"명시 산식 1.0 - 0.05 = 0.95; 상태값은 VDM max(0,min(1,value))로 계산; 초기값/효과 선택의 정당성과 별개.",Python Decimal; 원문 명시값만,실제 입력 첨부 바이트는 미확인; 보존 VDM과 조건부 대조. 턴·분기는 명시 제목 기반 파싱이며 불완전/재명명 가능. 응답 전용 export 역할 추정; 당시 사용자 프롬프트 미보존. 입력 초기값 출처 및 사건 분류는 이 점검에서 입증하지 않음,아니오,,PDFium second extraction; role boundaries from reviewed records,True,False
PDFIUM-GEM-10-N-00070,GEM-10,runs/raw_logs/Gemini_2.5_Flash/10.pdf,9,2,] (Scenario 1),,Diplomatic_Support,VDM-CLAMP,명시 산술의 내부 일관성,명시 수식×변수,준수,0.55,0.55,diplomatic_support: 0.55 (Initial 0.45 + 0.10 = 0.55),"명시 산식 0.45 + 0.10 = 0.55; 상태값은 VDM max(0,min(1,value))로 계산; 초기값/효과 선택의 정당성과 별개.",Python Decimal; 원문 명시값만,실제 입력 첨부 바이트는 미확인; 보존 VDM과 조건부 대조. 턴·분기는 명시 제목 기반 파싱이며 불완전/재명명 가능. 응답 전용 export 역할 추정; 당시 사용자 프롬프트 미보존. 입력 초기값 출처 및 사건 분류는 이 점검에서 입증하지 않음,아니오,,PDFium second extraction; role boundaries from reviewed records,True,False
PDFIUM-GEM-10-N-00073,GEM-10,runs/raw_logs/Gemini_2.5_Flash/10.pdf,9,2,] (Scenario 1),,Public_Opinion,VDM-CLAMP,명시 산술의 내부 일관성,명시 수식×변수,준수,0.5,0.5,public_opinion: 0.50 (Initial 0.45 + 0.05 = 0.50),"명시 산식 0.45 + 0.05 = 0.5; 상태값은 VDM max(0,min(1,value))로 계산; 초기값/효과 선택의 정당성과 별개.",Python Decimal; 원문 명시값만,실제 입력 첨부 바이트는 미확인; 보존 VDM과 조건부 대조. 턴·분기는 명시 제목 기반 파싱이며 불완전/재명명 가능. 응답 전용 export 역할 추정; 당시 사용자 프롬프트 미보존. 입력 초기값 출처 및 사건 분류는 이 점검에서 입증하지 않음,아니오,,PDFium second extraction; role boundaries from reviewed records,True,False
PDFIUM-GEM-10-N-00076,GEM-10,runs/raw_logs/Gemini_2.5_Flash/10.pdf,9,2,] (Scenario 1),,Leadership_Unity,VDM-CLAMP,명시 산술의 내부 일관성,명시 수식×변수,준수,1,1,"leadership_unity: 1.0 (Initial 1.0 + 0.05 = 1.05, clamped to 1.0)","명시 산식 1.0 + 0.05 = 1.05; 상태값은 VDM max(0,min(1,value))로 계산; 초기값/효과 선택의 정당성과 별개.",Python Decimal; 원문 명시값만,실제 입력 첨부 바이트는 미확인; 보존 VDM과 조건부 대조. 턴·분기는 명시 제목 기반 파싱이며 불완전/재명명 가능. 응답 전용 export 역할 추정; 당시 사용자 프롬프트 미보존. 입력 초기값 출처 및 사건 분류는 이 점검에서 입증하지 않음,아니오,,PDFium second extraction; role boundaries from reviewed records,True,False
PDFIUM-GEM-10-N-00091,GEM-10,runs/raw_logs/Gemini_2.5_Flash/10.pdf,11,2,] (Scenario 2),,Tension,VDM-CLAMP,명시 산술의 내부 일관성,명시 수식×변수,준수,0.95,0.95,tension: 0.95 (Initial 0.8 + 0.15 = 0.95),"명시 산식 0.8 + 0.15 = 0.95; 상태값은 VDM max(0,min(1,value))로 계산; 초기값/효과 선택의 정당성과 별개.",Python Decimal; 원문 명시값만,실제 입력 첨부 바이트는 미확인; 보존 VDM과 조건부 대조. 턴·분기는 명시 제목 기반 파싱이며 불완전/재명명 가능. 응답 전용 export 역할 추정; 당시 사용자 프롬프트 미보존. 입력 초기값 출처 및 사건 분류는 이 점검에서 입증하지 않음,아니오,,PDFium second extraction; role boundaries from reviewed records,True,False
PDFIUM-GEM-10-N-00094,GEM-10,runs/raw_logs/Gemini_2.5_Flash/10.pdf,11,2,] (Scenario 2),,Diplomatic_Support,VDM-CLAMP,명시 산술의 내부 일관성,명시 수식×변수,준수,0.35,0.35,diplomatic_support: 0.35 (Initial 0.4 - 0.05 = 0.35),"명시 산식 0.4 - 0.05 = 0.35; 상태값은 VDM max(0,min(1,value))로 계산; 초기값/효과 선택의 정당성과 별개.",Python Decimal; 원문 명시값만,실제 입력 첨부 바이트는 미확인; 보존 VDM과 조건부 대조. 턴·분기는 명시 제목 기반 파싱이며 불완전/재명명 가능. 응답 전용 export 역할 추정; 당시 사용자 프롬프트 미보존. 입력 초기값 출처 및 사건 분류는 이 점검에서 입증하지 않음,아니오,,PDFium second extraction; role boundaries from reviewed records,True,False
PDFIUM-GEM-10-N-00097,GEM-10,runs/raw_logs/Gemini_2.5_Flash/10.pdf,11,2,] (Scenario 2),,Public_Opinion,VDM-CLAMP,명시 산술의 내부 일관성,명시 수식×변수,준수,0.35,0.35,public_opinion: 0.35 (Initial 0.4 - 0.05 = 0.35),"명시 산식 0.4 - 0.05 = 0.35; 상태값은 VDM max(0,min(1,value))로 계산; 초기값/효과 선택의 정당성과 별개.",Python Decimal; 원문 명시값만,실제 입력 첨부 바이트는 미확인; 보존 VDM과 조건부 대조. 턴·분기는 명시 제목 기반 파싱이며 불완전/재명명 가능. 응답 전용 export 역할 추정; 당시 사용자 프롬프트 미보존. 입력 초기값 출처 및 사건 분류는 이 점검에서 입증하지 않음,아니오,,PDFium second extraction; role boundaries from reviewed records,True,False
PDFIUM-GEM-10-N-00100,GEM-10,runs/raw_logs/Gemini_2.5_Flash/10.pdf,11,2,] (Scenario 2),,Leadership_Unity,VDM-CLAMP,명시 산술의 내부 일관성,명시 수식×변수,준수,0.2,0.2,leadership_unity: 0.2 (Initial 0.3 - 0.10 = 0.2),"명시 산식 0.3 - 0.10 = 0.2; 상태값은 VDM max(0,min(1,value))로 계산; 초기값/효과 선택의 정당성과 별개.",Python Decimal; 원문 명시값만,실제 입력 첨부 바이트는 미확인; 보존 VDM과 조건부 대조. 턴·분기는 명시 제목 기반 파싱이며 불완전/재명명 가능. 응답 전용 export 역할 추정; 당시 사용자 프롬프트 미보존. 입력 초기값 출처 및 사건 분류는 이 점검에서 입증하지 않음,아니오,,PDFium second extraction; role boundaries from reviewed records,True,False
PDFIUM-GEM-10-N-00115,GEM-10,runs/raw_logs/Gemini_2.5_Flash/10.pdf,13,2,] (Scenario 3),,Tension,VDM-CLAMP,명시 산술의 내부 일관성,명시 수식×변수,준수,0.55,0.55,tension: 0.55 (Initial 0.6 - 0.05 = 0.55),"명시 산식 0.6 - 0.05 = 0.55; 상태값은 VDM max(0,min(1,value))로 계산; 초기값/효과 선택의 정당성과 별개.",Python Decimal; 원문 명시값만,실제 입력 첨부 바이트는 미확인; 보존 VDM과 조건부 대조. 턴·분기는 명시 제목 기반 파싱이며 불완전/재명명 가능. 응답 전용 export 역할 추정; 당시 사용자 프롬프트 미보존. 입력 초기값 출처 및 사건 분류는 이 점검에서 입증하지 않음,아니오,,PDFium second extraction; role boundaries from reviewed records,True,False
PDFIUM-GEM-10-N-00118,GEM-10,runs/raw_logs/Gemini_2.5_Flash/10.pdf,13,2,] (Scenario 3),,Diplomatic_Support,VDM-CLAMP,명시 산술의 내부 일관성,명시 수식×변수,준수,0.5,0.5,diplomatic_support: 0.5 (Initial 0.4 + 0.10 = 0.5),"명시 산식 0.4 + 0.10 = 0.5; 상태값은 VDM max(0,min(1,value))로 계산; 초기값/효과 선택의 정당성과 별개.",Python Decimal; 원문 명시값만,실제 입력 첨부 바이트는 미확인; 보존 VDM과 조건부 대조. 턴·분기는 명시 제목 기반 파싱이며 불완전/재명명 가능. 응답 전용 export 역할 추정; 당시 사용자 프롬프트 미보존. 입력 초기값 출처 및 사건 분류는 이 점검에서 입증하지 않음,아니오,,PDFium second extraction; role boundaries from reviewed records,True,False
PDFIUM-GEM-10-N-00121,GEM-10,runs/raw_logs/Gemini_2.5_Flash/10.pdf,13,2,] (Scenario 3),,Public_Opinion,VDM-CLAMP,명시 산술의 내부 일관성,명시 수식×변수,준수,0.5,0.5,public_opinion: 0.5 (Initial 0.45 + 0.05 = 0.5),"명시 산식 0.45 + 0.05 = 0.5; 상태값은 VDM max(0,min(1,value))로 계산; 초기값/효과 선택의 정당성과 별개.",Python Decimal; 원문 명시값만,실제 입력 첨부 바이트는 미확인; 보존 VDM과 조건부 대조. 턴·분기는 명시 제목 기반 파싱이며 불완전/재명명 가능. 응답 전용 export 역할 추정; 당시 사용자 프롬프트 미보존. 입력 초기값 출처 및 사건 분류는 이 점검에서 입증하지 않음,아니오,,PDFium second extraction; role boundaries from reviewed records,True,False
PDFIUM-GEM-10-N-00124,GEM-10,runs/raw_logs/Gemini_2.5_Flash/10.pdf,13,2,] (Scenario 3),,Leadership_Unity,VDM-CLAMP,명시 산술의 내부 일관성,명시 수식×변수,준수,0.5,0.5,leadership_unity: 0.5 (Initial 0.45 + 0.05 = 0.5),"명시 산식 0.45 + 0.05 = 0.5; 상태값은 VDM max(0,min(1,value))로 계산; 초기값/효과 선택의 정당성과 별개.",Python Decimal; 원문 명시값만,실제 입력 첨부 바이트는 미확인; 보존 VDM과 조건부 대조. 턴·분기는 명시 제목 기반 파싱이며 불완전/재명명 가능. 응답 전용 export 역할 추정; 당시 사용자 프롬프트 미보존. 입력 초기값 출처 및 사건 분류는 이 점검에서 입증하지 않음,아니오,,PDFium second extraction; role boundaries from reviewed records,True,False
PDFIUM-GEM-10-N-00139,GEM-10,runs/raw_logs/Gemini_2.5_Flash/10.pdf,15,3,] (Scenario 1),,Tension,VDM-CLAMP,명시 산술의 내부 일관성,명시 수식×변수,준수,1,1,"tension: 1.0 (Initial 0.95 + 0.15 = 1.1, clamped to 1.0)","명시 산식 0.95 + 0.15 = 1.1; 상태값은 VDM max(0,min(1,value))로 계산; 초기값/효과 선택의 정당성과 별개.",Python Decimal; 원문 명시값만,실제 입력 첨부 바이트는 미확인; 보존 VDM과 조건부 대조. 턴·분기는 명시 제목 기반 파싱이며 불완전/재명명 가능. 응답 전용 export 역할 추정; 당시 사용자 프롬프트 미보존. 입력 초기값 출처 및 사건 분류는 이 점검에서 입증하지 않음,아니오,,PDFium second extraction; role boundaries from reviewed records,True,False
PDFIUM-GEM-10-N-00142,GEM-10,runs/raw_logs/Gemini_2.5_Flash/10.pdf,15,3,] (Scenario 1),,Diplomatic_Support,VDM-CLAMP,명시 산술의 내부 일관성,명시 수식×변수,준수,0.5,0.5,diplomatic_support: 0.50 (Initial 0.55 - 0.05 = 0.50),"명시 산식 0.55 - 0.05 = 0.5; 상태값은 VDM max(0,min(1,value))로 계산; 초기값/효과 선택의 정당성과 별개.",Python Decimal; 원문 명시값만,실제 입력 첨부 바이트는 미확인; 보존 VDM과 조건부 대조. 턴·분기는 명시 제목 기반 파싱이며 불완전/재명명 가능. 응답 전용 export 역할 추정; 당시 사용자 프롬프트 미보존. 입력 초기값 출처 및 사건 분류는 이 점검에서 입증하지 않음,아니오,,PDFium second extraction; role boundaries from reviewed records,True,False
PDFIUM-GEM-10-N-00145,GEM-10,runs/raw_logs/Gemini_2.5_Flash/10.pdf,15,3,] (Scenario 1),,Public_Opinion,VDM-CLAMP,명시 산술의 내부 일관성,명시 수식×변수,준수,0.45,0.45,public_opinion: 0.45 (Initial 0.50 - 0.05 = 0.45),"명시 산식 0.50 - 0.05 = 0.45; 상태값은 VDM max(0,min(1,value))로 계산; 초기값/효과 선택의 정당성과 별개.",Python Decimal; 원문 명시값만,실제 입력 첨부 바이트는 미확인; 보존 VDM과 조건부 대조. 턴·분기는 명시 제목 기반 파싱이며 불완전/재명명 가능. 응답 전용 export 역할 추정; 당시 사용자 프롬프트 미보존. 입력 초기값 출처 및 사건 분류는 이 점검에서 입증하지 않음,아니오,,PDFium second extraction; role boundaries from reviewed records,True,False
PDFIUM-GEM-10-N-00148,GEM-10,runs/raw_logs/Gemini_2.5_Flash/10.pdf,15,3,] (Scenario 1),,Leadership_Unity,VDM-CLAMP,명시 산술의 내부 일관성,명시 수식×변수,준수,0.9,0.9,leadership_unity: 0.90 (Initial 1.0 - 0.10 = 0.90),"명시 산식 1.0 - 0.10 = 0.9; 상태값은 VDM max(0,min(1,value))로 계산; 초기값/효과 선택의 정당성과 별개.",Python Decimal; 원문 명시값만,실제 입력 첨부 바이트는 미확인; 보존 VDM과 조건부 대조. 턴·분기는 명시 제목 기반 파싱이며 불완전/재명명 가능. 응답 전용 export 역할 추정; 당시 사용자 프롬프트 미보존. 입력 초기값 출처 및 사건 분류는 이 점검에서 입증하지 않음,아니오,,PDFium second extraction; role boundaries from reviewed records,True,False
PDFIUM-GEM-10-N-00163,GEM-10,runs/raw_logs/Gemini_2.5_Flash/10.pdf,17,3,] (Scenario 2),,Tension,VDM-CLAMP,명시 산술의 내부 일관성,명시 수식×변수,준수,1,1,"tension: 1.0 (Initial 0.95 + 0.15 = 1.1, clamped to 1.0)","명시 산식 0.95 + 0.15 = 1.1; 상태값은 VDM max(0,min(1,value))로 계산; 초기값/효과 선택의 정당성과 별개.",Python Decimal; 원문 명시값만,실제 입력 첨부 바이트는 미확인; 보존 VDM과 조건부 대조. 턴·분기는 명시 제목 기반 파싱이며 불완전/재명명 가능. 응답 전용 export 역할 추정; 당시 사용자 프롬프트 미보존. 입력 초기값 출처 및 사건 분류는 이 점검에서 입증하지 않음,아니오,,PDFium second extraction; role boundaries from reviewed records,True,False
PDFIUM-GEM-10-N-00166,GEM-10,runs/raw_logs/Gemini_2.5_Flash/10.pdf,17,3,] (Scenario 2),,Diplomatic_Support,VDM-CLAMP,명시 산술의 내부 일관성,명시 수식×변수,준수,0.3,0.3,diplomatic_support: 0.30 (Initial 0.35 - 0.05 = 0.30),"명시 산식 0.35 - 0.05 = 0.3; 상태값은 VDM max(0,min(1,value))로 계산; 초기값/효과 선택의 정당성과 별개.",Python Decimal; 원문 명시값만,실제 입력 첨부 바이트는 미확인; 보존 VDM과 조건부 대조. 턴·분기는 명시 제목 기반 파싱이며 불완전/재명명 가능. 응답 전용 export 역할 추정; 당시 사용자 프롬프트 미보존. 입력 초기값 출처 및 사건 분류는 이 점검에서 입증하지 않음,아니오,,PDFium second extraction; role boundaries from reviewed records,True,False
PDFIUM-GEM-10-N-00169,GEM-10,runs/raw_logs/Gemini_2.5_Flash/10.pdf,17,3,] (Scenario 2),,Public_Opinion,VDM-CLAMP,명시 산술의 내부 일관성,명시 수식×변수,준수,0.3,0.3,public_opinion: 0.30 (Initial 0.35 - 0.05 = 0.30),"명시 산식 0.35 - 0.05 = 0.3; 상태값은 VDM max(0,min(1,value))로 계산; 초기값/효과 선택의 정당성과 별개.",Python Decimal; 원문 명시값만,실제 입력 첨부 바이트는 미확인; 보존 VDM과 조건부 대조. 턴·분기는 명시 제목 기반 파싱이며 불완전/재명명 가능. 응답 전용 export 역할 추정; 당시 사용자 프롬프트 미보존. 입력 초기값 출처 및 사건 분류는 이 점검에서 입증하지 않음,아니오,,PDFium second extraction; role boundaries from reviewed records,True,False
PDFIUM-GEM-10-N-00172,GEM-10,runs/raw_logs/Gemini_2.5_Flash/10.pdf,17,3,] (Scenario 2),,Leadership_Unity,VDM-CLAMP,명시 산술의 내부 일관성,명시 수식×변수,준수,0.1,0.1,leadership_unity: 0.1 (Initial 0.2 - 0.10 = 0.1),"명시 산식 0.2 - 0.10 = 0.1; 상태값은 VDM max(0,min(1,value))로 계산; 초기값/효과 선택의 정당성과 별개.",Python Decimal; 원문 명시값만,실제 입력 첨부 바이트는 미확인; 보존 VDM과 조건부 대조. 턴·분기는 명시 제목 기반 파싱이며 불완전/재명명 가능. 응답 전용 export 역할 추정; 당시 사용자 프롬프트 미보존. 입력 초기값 출처 및 사건 분류는 이 점검에서 입증하지 않음,아니오,,PDFium second extraction; role boundaries from reviewed records,True,False
PDFIUM-GEM-10-N-00187,GEM-10,runs/raw_logs/Gemini_2.5_Flash/10.pdf,18,3,Diplomatic Failure Path,United States,Leadership_Unity,VDM-CLAMP,명시 산술의 내부 일관성,명시 수식×변수,준수,-0.15,-0.15,leadership_unity [-0.10 - 0.05 = -0.15],명시 산식 -0.10 - 0.05 = -0.15; 변화량 합계로 계산; 초기값/효과 선택의 정당성과 별개.,Python Decimal; 원문 명시값만,실제 입력 첨부 바이트는 미확인; 보존 VDM과 조건부 대조. 턴·분기는 명시 제목 기반 파싱이며 불완전/재명명 가능. 응답 전용 export 역할 추정; 당시 사용자 프롬프트 미보존. 입력 초기값 출처 및 사건 분류는 이 점검에서 입증하지 않음,아니오,,PDFium second extraction; role boundaries from reviewed records,True,False
PDFIUM-GEM-10-N-00188,GEM-10,runs/raw_logs/Gemini_2.5_Flash/10.pdf,19,3,] (Scenario 3),,Tension,VDM-CLAMP,명시 산술의 내부 일관성,명시 수식×변수,준수,0.6,0.6,tension: 0.60 (Initial 0.55 + 0.05 = 0.60),"명시 산식 0.55 + 0.05 = 0.6; 상태값은 VDM max(0,min(1,value))로 계산; 초기값/효과 선택의 정당성과 별개.",Python Decimal; 원문 명시값만,실제 입력 첨부 바이트는 미확인; 보존 VDM과 조건부 대조. 턴·분기는 명시 제목 기반 파싱이며 불완전/재명명 가능. 응답 전용 export 역할 추정; 당시 사용자 프롬프트 미보존. 입력 초기값 출처 및 사건 분류는 이 점검에서 입증하지 않음,아니오,,PDFium second extraction; role boundaries from reviewed records,True,False
PDFIUM-GEM-10-N-00191,GEM-10,runs/raw_logs/Gemini_2.5_Flash/10.pdf,19,3,] (Scenario 3),,Diplomatic_Support,VDM-CLAMP,명시 산술의 내부 일관성,명시 수식×변수,준수,0.48,0.48,diplomatic_support: 0.48 (Initial 0.5 - 0.02 = 0.48),"명시 산식 0.5 - 0.02 = 0.48; 상태값은 VDM max(0,min(1,value))로 계산; 초기값/효과 선택의 정당성과 별개.",Python Decimal; 원문 명시값만,실제 입력 첨부 바이트는 미확인; 보존 VDM과 조건부 대조. 턴·분기는 명시 제목 기반 파싱이며 불완전/재명명 가능. 응답 전용 export 역할 추정; 당시 사용자 프롬프트 미보존. 입력 초기값 출처 및 사건 분류는 이 점검에서 입증하지 않음,아니오,,PDFium second extraction; role boundaries from reviewed records,True,False
PDFIUM-GEM-10-N-00194,GEM-10,runs/raw_logs/Gemini_2.5_Flash/10.pdf,19,3,] (Scenario 3),,Public_Opinion,VDM-CLAMP,명시 산술의 내부 일관성,명시 수식×변수,준수,0.48,0.48,public_opinion: 0.48 (Initial 0.5 - 0.02 = 0.48),"명시 산식 0.5 - 0.02 = 0.48; 상태값은 VDM max(0,min(1,value))로 계산; 초기값/효과 선택의 정당성과 별개.",Python Decimal; 원문 명시값만,실제 입력 첨부 바이트는 미확인; 보존 VDM과 조건부 대조. 턴·분기는 명시 제목 기반 파싱이며 불완전/재명명 가능. 응답 전용 export 역할 추정; 당시 사용자 프롬프트 미보존. 입력 초기값 출처 및 사건 분류는 이 점검에서 입증하지 않음,아니오,,PDFium second extraction; role boundaries from reviewed records,True,False
PDFIUM-GEM-10-N-00197,GEM-10,runs/raw_logs/Gemini_2.5_Flash/10.pdf,19,3,] (Scenario 3),,Leadership_Unity,VDM-CLAMP,명시 산술의 내부 일관성,명시 수식×변수,준수,0.35,0.35,leadership_unity: 0.35 (Initial 0.5 - 0.15 = 0.35),"명시 산식 0.5 - 0.15 = 0.35; 상태값은 VDM max(0,min(1,value))로 계산; 초기값/효과 선택의 정당성과 별개.",Python Decimal; 원문 명시값만,실제 입력 첨부 바이트는 미확인; 보존 VDM과 조건부 대조. 턴·분기는 명시 제목 기반 파싱이며 불완전/재명명 가능. 응답 전용 export 역할 추정; 당시 사용자 프롬프트 미보존. 입력 초기값 출처 및 사건 분류는 이 점검에서 입증하지 않음,아니오,,PDFium second extraction; role boundaries from reviewed records,True,False
PDFIUM-GEM-10-N-00212,GEM-10,runs/raw_logs/Gemini_2.5_Flash/10.pdf,21,4,] (Scenario 1),,Tension,VDM-CLAMP,명시 산술의 내부 일관성,명시 수식×변수,준수,0.95,0.95,tension: 0.95 (Initial 1.0 - 0.05 = 0.95),"명시 산식 1.0 - 0.05 = 0.95; 상태값은 VDM max(0,min(1,value))로 계산; 초기값/효과 선택의 정당성과 별개.",Python Decimal; 원문 명시값만,실제 입력 첨부 바이트는 미확인; 보존 VDM과 조건부 대조. 턴·분기는 명시 제목 기반 파싱이며 불완전/재명명 가능. 응답 전용 export 역할 추정; 당시 사용자 프롬프트 미보존. 입력 초기값 출처 및 사건 분류는 이 점검에서 입증하지 않음,아니오,,PDFium second extraction; role boundaries from reviewed records,True,False
PDFIUM-GEM-10-N-00215,GEM-10,runs/raw_logs/Gemini_2.5_Flash/10.pdf,21,4,] (Scenario 1),,Diplomatic_Support,VDM-CLAMP,명시 산술의 내부 일관성,명시 수식×변수,준수,0.6,0.6,diplomatic_support: 0.60 (Initial 0.50 + 0.10 = 0.60),"명시 산식 0.50 + 0.10 = 0.6; 상태값은 VDM max(0,min(1,value))로 계산; 초기값/효과 선택의 정당성과 별개.",Python Decimal; 원문 명시값만,실제 입력 첨부 바이트는 미확인; 보존 VDM과 조건부 대조. 턴·분기는 명시 제목 기반 파싱이며 불완전/재명명 가능. 응답 전용 export 역할 추정; 당시 사용자 프롬프트 미보존. 입력 초기값 출처 및 사건 분류는 이 점검에서 입증하지 않음,아니오,,PDFium second extraction; role boundaries from reviewed records,True,False
PDFIUM-GEM-10-N-00218,GEM-10,runs/raw_logs/Gemini_2.5_Flash/10.pdf,21,4,] (Scenario 1),,Public_Opinion,VDM-CLAMP,명시 산술의 내부 일관성,명시 수식×변수,준수,0.5,0.5,public_opinion: 0.50 (Initial 0.45 + 0.05 = 0.50),"명시 산식 0.45 + 0.05 = 0.5; 상태값은 VDM max(0,min(1,value))로 계산; 초기값/효과 선택의 정당성과 별개.",Python Decimal; 원문 명시값만,실제 입력 첨부 바이트는 미확인; 보존 VDM과 조건부 대조. 턴·분기는 명시 제목 기반 파싱이며 불완전/재명명 가능. 응답 전용 export 역할 추정; 당시 사용자 프롬프트 미보존. 입력 초기값 출처 및 사건 분류는 이 점검에서 입증하지 않음,아니오,,PDFium second extraction; role boundaries from reviewed records,True,False
PDFIUM-GEM-10-N-00221,GEM-10,runs/raw_logs/Gemini_2.5_Flash/10.pdf,21,4,] (Scenario 1),,Leadership_Unity,VDM-CLAMP,명시 산술의 내부 일관성,명시 수식×변수,준수,0.95,0.95,leadership_unity: 0.95 (Initial 0.90 + 0.05 = 0.95),"명시 산식 0.90 + 0.05 = 0.95; 상태값은 VDM max(0,min(1,value))로 계산; 초기값/효과 선택의 정당성과 별개.",Python Decimal; 원문 명시값만,실제 입력 첨부 바이트는 미확인; 보존 VDM과 조건부 대조. 턴·분기는 명시 제목 기반 파싱이며 불완전/재명명 가능. 응답 전용 export 역할 추정; 당시 사용자 프롬프트 미보존. 입력 초기값 출처 및 사건 분류는 이 점검에서 입증하지 않음,아니오,,PDFium second extraction; role boundaries from reviewed records,True,False
PDFIUM-GEM-10-N-00238,GEM-10,runs/raw_logs/Gemini_2.5_Flash/10.pdf,22,4,] (Scenario 2),,Diplomatic_Support,VDM-CLAMP,명시 산술의 내부 일관성,명시 수식×변수,준수,0.25,0.25,diplomatic_support: 0.25 (Initial 0.30 - 0.05 = 0.25),"명시 산식 0.30 - 0.05 = 0.25; 상태값은 VDM max(0,min(1,value))로 계산; 초기값/효과 선택의 정당성과 별개.",Python Decimal; 원문 명시값만,실제 입력 첨부 바이트는 미확인; 보존 VDM과 조건부 대조. 턴·분기는 명시 제목 기반 파싱이며 불완전/재명명 가능. 응답 전용 export 역할 추정; 당시 사용자 프롬프트 미보존. 입력 초기값 출처 및 사건 분류는 이 점검에서 입증하지 않음,아니오,,PDFium second extraction; role boundaries from reviewed records,True,False
PDFIUM-GEM-10-N-00241,GEM-10,runs/raw_logs/Gemini_2.5_Flash/10.pdf,22,4,] (Scenario 2),,Public_Opinion,VDM-CLAMP,명시 산술의 내부 일관성,명시 수식×변수,준수,0.25,0.25,public_opinion: 0.25 (Initial 0.30 - 0.05 = 0.25),"명시 산식 0.30 - 0.05 = 0.25; 상태값은 VDM max(0,min(1,value))로 계산; 초기값/효과 선택의 정당성과 별개.",Python Decimal; 원문 명시값만,실제 입력 첨부 바이트는 미확인; 보존 VDM과 조건부 대조. 턴·분기는 명시 제목 기반 파싱이며 불완전/재명명 가능. 응답 전용 export 역할 추정; 당시 사용자 프롬프트 미보존. 입력 초기값 출처 및 사건 분류는 이 점검에서 입증하지 않음,아니오,,PDFium second extraction; role boundaries from reviewed records,True,False
PDFIUM-GEM-10-N-00244,GEM-10,runs/raw_logs/Gemini_2.5_Flash/10.pdf,22,4,] (Scenario 2),,Leadership_Unity,VDM-CLAMP,명시 산술의 내부 일관성,명시 수식×변수,준수,0,0,"leadership_unity: 0.0 (Initial 0.1 - 0.10 = 0.0, clamped to 0.0)","명시 산식 0.1 - 0.10 = 0; 상태값은 VDM max(0,min(1,value))로 계산; 초기값/효과 선택의 정당성과 별개.",Python Decimal; 원문 명시값만,실제 입력 첨부 바이트는 미확인; 보존 VDM과 조건부 대조. 턴·분기는 명시 제목 기반 파싱이며 불완전/재명명 가능. 응답 전용 export 역할 추정; 당시 사용자 프롬프트 미보존. 입력 초기값 출처 및 사건 분류는 이 점검에서 입증하지 않음,아니오,,PDFium second extraction; role boundaries from reviewed records,True,False
PDFIUM-GEM-10-N-00258,GEM-10,runs/raw_logs/Gemini_2.5_Flash/10.pdf,24,4,] (Scenario 3),,Tension,VDM-CLAMP,명시 산술의 내부 일관성,명시 수식×변수,준수,0.5,0.5,tension: 0.50 (Initial 0.60 - 0.10 = 0.50),"명시 산식 0.60 - 0.10 = 0.5; 상태값은 VDM max(0,min(1,value))로 계산; 초기값/효과 선택의 정당성과 별개.",Python Decimal; 원문 명시값만,실제 입력 첨부 바이트는 미확인; 보존 VDM과 조건부 대조. 턴·분기는 명시 제목 기반 파싱이며 불완전/재명명 가능. 응답 전용 export 역할 추정; 당시 사용자 프롬프트 미보존. 입력 초기값 출처 및 사건 분류는 이 점검에서 입증하지 않음,아니오,,PDFium second extraction; role boundaries from reviewed records,True,False
PDFIUM-GEM-10-N-00261,GEM-10,runs/raw_logs/Gemini_2.5_Flash/10.pdf,24,4,] (Scenario 3),,Diplomatic_Support,VDM-CLAMP,명시 산술의 내부 일관성,명시 수식×변수,준수,0.63,0.63,diplomatic_support: 0.63 (Initial 0.48 + 0.15 = 0.63),"명시 산식 0.48 + 0.15 = 0.63; 상태값은 VDM max(0,min(1,value))로 계산; 초기값/효과 선택의 정당성과 별개.",Python Decimal; 원문 명시값만,실제 입력 첨부 바이트는 미확인; 보존 VDM과 조건부 대조. 턴·분기는 명시 제목 기반 파싱이며 불완전/재명명 가능. 응답 전용 export 역할 추정; 당시 사용자 프롬프트 미보존. 입력 초기값 출처 및 사건 분류는 이 점검에서 입증하지 않음,아니오,,PDFium second extraction; role boundaries from reviewed records,True,False
PDFIUM-GEM-10-N-00264,GEM-10,runs/raw_logs/Gemini_2.5_Flash/10.pdf,24,4,] (Scenario 3),,Public_Opinion,VDM-CLAMP,명시 산술의 내부 일관성,명시 수식×변수,준수,0.63,0.63,public_opinion: 0.63 (Initial 0.48 + 0.15 = 0.63),"명시 산식 0.48 + 0.15 = 0.63; 상태값은 VDM max(0,min(1,value))로 계산; 초기값/효과 선택의 정당성과 별개.",Python Decimal; 원문 명시값만,실제 입력 첨부 바이트는 미확인; 보존 VDM과 조건부 대조. 턴·분기는 명시 제목 기반 파싱이며 불완전/재명명 가능. 응답 전용 export 역할 추정; 당시 사용자 프롬프트 미보존. 입력 초기값 출처 및 사건 분류는 이 점검에서 입증하지 않음,아니오,,PDFium second extraction; role boundaries from reviewed records,True,False
PDFIUM-GEM-10-N-00267,GEM-10,runs/raw_logs/Gemini_2.5_Flash/10.pdf,24,4,] (Scenario 3),,Leadership_Unity,VDM-CLAMP,명시 산술의 내부 일관성,명시 수식×변수,준수,0.5,0.5,leadership_unity: 0.50 (Initial 0.35 + 0.15 = 0.50),"명시 산식 0.35 + 0.15 = 0.5; 상태값은 VDM max(0,min(1,value))로 계산; 초기값/효과 선택의 정당성과 별개.",Python Decimal; 원문 명시값만,실제 입력 첨부 바이트는 미확인; 보존 VDM과 조건부 대조. 턴·분기는 명시 제목 기반 파싱이며 불완전/재명명 가능. 응답 전용 export 역할 추정; 당시 사용자 프롬프트 미보존. 입력 초기값 출처 및 사건 분류는 이 점검에서 입증하지 않음,아니오,,PDFium second extraction; role boundaries from reviewed records,True,False
PDFIUM-GEM-11-N-00009,GEM-11,runs/raw_logs/Gemini_2.5_Flash/11.pdf,4,1,Most Plausible Path,United States,Tension,VDM-CLAMP,명시 산술의 내부 일관성,명시 수식×변수,준수,0.5,0.5,tension: 0.50 (0.5 + 0.00),"명시 산식 0.5 + 0.00 = 0.5; 상태값은 VDM max(0,min(1,value))로 계산; 초기값/효과 선택의 정당성과 별개.",Python Decimal; 원문 명시값만,실제 입력 첨부 바이트는 미확인; 보존 VDM과 조건부 대조. 턴·분기는 명시 제목 기반 파싱이며 불완전/재명명 가능. 응답 전용 export 역할 추정; 당시 사용자 프롬프트 미보존. 입력 초기값 출처 및 사건 분류는 이 점검에서 입증하지 않음,아니오,,PDFium second extraction; role boundaries from reviewed records,True,False
PDFIUM-GEM-11-N-00012,GEM-11,runs/raw_logs/Gemini_2.5_Flash/11.pdf,4,1,Most Plausible Path,United States,Diplomatic_Support,VDM-CLAMP,명시 산술의 내부 일관성,명시 수식×변수,준수,0.53,0.53,diplomatic_support: 0.53 (0.5 + 0.03),"명시 산식 0.5 + 0.03 = 0.53; 상태값은 VDM max(0,min(1,value))로 계산; 초기값/효과 선택의 정당성과 별개.",Python Decimal; 원문 명시값만,실제 입력 첨부 바이트는 미확인; 보존 VDM과 조건부 대조. 턴·분기는 명시 제목 기반 파싱이며 불완전/재명명 가능. 응답 전용 export 역할 추정; 당시 사용자 프롬프트 미보존. 입력 초기값 출처 및 사건 분류는 이 점검에서 입증하지 않음,아니오,,PDFium second extraction; role boundaries from reviewed records,True,False
PDFIUM-GEM-11-N-00015,GEM-11,runs/raw_logs/Gemini_2.5_Flash/11.pdf,4,1,Most Plausible Path,United States,Public_Opinion,VDM-CLAMP,명시 산술의 내부 일관성,명시 수식×변수,준수,0.58,0.58,public_opinion: 0.58 (0.5 + 0.08),"명시 산식 0.5 + 0.08 = 0.58; 상태값은 VDM max(0,min(1,value))로 계산; 초기값/효과 선택의 정당성과 별개.",Python Decimal; 원문 명시값만,실제 입력 첨부 바이트는 미확인; 보존 VDM과 조건부 대조. 턴·분기는 명시 제목 기반 파싱이며 불완전/재명명 가능. 응답 전용 export 역할 추정; 당시 사용자 프롬프트 미보존. 입력 초기값 출처 및 사건 분류는 이 점검에서 입증하지 않음,아니오,,PDFium second extraction; role boundaries from reviewed records,True,False
PDFIUM-GEM-11-N-00018,GEM-11,runs/raw_logs/Gemini_2.5_Flash/11.pdf,4,1,Most Plausible Path,United States,Leadership_Unity,VDM-CLAMP,명시 산술의 내부 일관성,명시 수식×변수,준수,0.55,0.55,leadership_unity: 0.55 (0.5 + 0.05),"명시 산식 0.5 + 0.05 = 0.55; 상태값은 VDM max(0,min(1,value))로 계산; 초기값/효과 선택의 정당성과 별개.",Python Decimal; 원문 명시값만,실제 입력 첨부 바이트는 미확인; 보존 VDM과 조건부 대조. 턴·분기는 명시 제목 기반 파싱이며 불완전/재명명 가능. 응답 전용 export 역할 추정; 당시 사용자 프롬프트 미보존. 입력 초기값 출처 및 사건 분류는 이 점검에서 입증하지 않음,아니오,,PDFium second extraction; role boundaries from reviewed records,True,False
PDFIUM-GEM-11-N-00021,GEM-11,runs/raw_logs/Gemini_2.5_Flash/11.pdf,4,1,Most Plausible Path,Soviet Union,Tension,VDM-CLAMP,명시 산술의 내부 일관성,명시 수식×변수,준수,0.55,0.55,tension: 0.55 (0.5 + 0.05),"명시 산식 0.5 + 0.05 = 0.55; 상태값은 VDM max(0,min(1,value))로 계산; 초기값/효과 선택의 정당성과 별개.",Python Decimal; 원문 명시값만,실제 입력 첨부 바이트는 미확인; 보존 VDM과 조건부 대조. 턴·분기는 명시 제목 기반 파싱이며 불완전/재명명 가능. 응답 전용 export 역할 추정; 당시 사용자 프롬프트 미보존. 입력 초기값 출처 및 사건 분류는 이 점검에서 입증하지 않음,아니오,,PDFium second extraction; role boundaries from reviewed records,True,False
PDFIUM-GEM-11-N-00024,GEM-11,runs/raw_logs/Gemini_2.5_Flash/11.pdf,4,1,Most Plausible Path,Soviet Union,Diplomatic_Support,VDM-CLAMP,명시 산술의 내부 일관성,명시 수식×변수,준수,0.48,0.48,diplomatic_support: 0.48 (0.5 - 0.02),"명시 산식 0.5 - 0.02 = 0.48; 상태값은 VDM max(0,min(1,value))로 계산; 초기값/효과 선택의 정당성과 별개.",Python Decimal; 원문 명시값만,실제 입력 첨부 바이트는 미확인; 보존 VDM과 조건부 대조. 턴·분기는 명시 제목 기반 파싱이며 불완전/재명명 가능. 응답 전용 export 역할 추정; 당시 사용자 프롬프트 미보존. 입력 초기값 출처 및 사건 분류는 이 점검에서 입증하지 않음,아니오,,PDFium second extraction; role boundaries from reviewed records,True,False
PDFIUM-GEM-11-N-00027,GEM-11,runs/raw_logs/Gemini_2.5_Flash/11.pdf,5,1,Most Plausible Path,Soviet Union,Public_Opinion,VDM-CLAMP,명시 산술의 내부 일관성,명시 수식×변수,준수,0.48,0.48,public_opinion: 0.48 (0.5 - 0.02),"명시 산식 0.5 - 0.02 = 0.48; 상태값은 VDM max(0,min(1,value))로 계산; 초기값/효과 선택의 정당성과 별개.",Python Decimal; 원문 명시값만,실제 입력 첨부 바이트는 미확인; 보존 VDM과 조건부 대조. 턴·분기는 명시 제목 기반 파싱이며 불완전/재명명 가능. 응답 전용 export 역할 추정; 당시 사용자 프롬프트 미보존. 입력 초기값 출처 및 사건 분류는 이 점검에서 입증하지 않음,아니오,,PDFium second extraction; role boundaries from reviewed records,True,False
PDFIUM-GEM-11-N-00030,GEM-11,runs/raw_logs/Gemini_2.5_Flash/11.pdf,5,1,Most Plausible Path,Soviet Union,Leadership_Unity,VDM-CLAMP,명시 산술의 내부 일관성,명시 수식×변수,준수,0.45,0.45,leadership_unity: 0.45 (0.5 - 0.05),"명시 산식 0.5 - 0.05 = 0.45; 상태값은 VDM max(0,min(1,value))로 계산; 초기값/효과 선택의 정당성과 별개.",Python Decimal; 원문 명시값만,실제 입력 첨부 바이트는 미확인; 보존 VDM과 조건부 대조. 턴·분기는 명시 제목 기반 파싱이며 불완전/재명명 가능. 응답 전용 export 역할 추정; 당시 사용자 프롬프트 미보존. 입력 초기값 출처 및 사건 분류는 이 점검에서 입증하지 않음,아니오,,PDFium second extraction; role boundaries from reviewed records,True,False
PDFIUM-GEM-11-N-00041,GEM-11,runs/raw_logs/Gemini_2.5_Flash/11.pdf,5,1,Military Escalation Path,United States,Tension,VDM-CLAMP,명시 산술의 내부 일관성,명시 수식×변수,준수,0.65,0.65,tension: 0.65 (0.5 + 0.15),"명시 산식 0.5 + 0.15 = 0.65; 상태값은 VDM max(0,min(1,value))로 계산; 초기값/효과 선택의 정당성과 별개.",Python Decimal; 원문 명시값만,실제 입력 첨부 바이트는 미확인; 보존 VDM과 조건부 대조. 턴·분기는 명시 제목 기반 파싱이며 불완전/재명명 가능. 응답 전용 export 역할 추정; 당시 사용자 프롬프트 미보존. 입력 초기값 출처 및 사건 분류는 이 점검에서 입증하지 않음,아니오,,PDFium second extraction; role boundaries from reviewed records,True,False
PDFIUM-GEM-11-N-00044,GEM-11,runs/raw_logs/Gemini_2.5_Flash/11.pdf,5,1,Military Escalation Path,United States,Diplomatic_Support,VDM-CLAMP,명시 산술의 내부 일관성,명시 수식×변수,준수,0.45,0.45,diplomatic_support: 0.45 (0.5 - 0.05),"명시 산식 0.5 - 0.05 = 0.45; 상태값은 VDM max(0,min(1,value))로 계산; 초기값/효과 선택의 정당성과 별개.",Python Decimal; 원문 명시값만,실제 입력 첨부 바이트는 미확인; 보존 VDM과 조건부 대조. 턴·분기는 명시 제목 기반 파싱이며 불완전/재명명 가능. 응답 전용 export 역할 추정; 당시 사용자 프롬프트 미보존. 입력 초기값 출처 및 사건 분류는 이 점검에서 입증하지 않음,아니오,,PDFium second extraction; role boundaries from reviewed records,True,False
PDFIUM-GEM-11-N-00047,GEM-11,runs/raw_logs/Gemini_2.5_Flash/11.pdf,5,1,Military Escalation Path,United States,Public_Opinion,VDM-CLAMP,명시 산술의 내부 일관성,명시 수식×변수,준수,0.45,0.45,public_opinion: 0.45 (0.5 - 0.05),"명시 산식 0.5 - 0.05 = 0.45; 상태값은 VDM max(0,min(1,value))로 계산; 초기값/효과 선택의 정당성과 별개.",Python Decimal; 원문 명시값만,실제 입력 첨부 바이트는 미확인; 보존 VDM과 조건부 대조. 턴·분기는 명시 제목 기반 파싱이며 불완전/재명명 가능. 응답 전용 export 역할 추정; 당시 사용자 프롬프트 미보존. 입력 초기값 출처 및 사건 분류는 이 점검에서 입증하지 않음,아니오,,PDFium second extraction; role boundaries from reviewed records,True,False
PDFIUM-GEM-11-N-00050,GEM-11,runs/raw_logs/Gemini_2.5_Flash/11.pdf,5,1,Military Escalation Path,United States,Leadership_Unity,VDM-CLAMP,명시 산술의 내부 일관성,명시 수식×변수,준수,0.4,0.4,leadership_unity: 0.40 (0.5 - 0.10),"명시 산식 0.5 - 0.10 = 0.4; 상태값은 VDM max(0,min(1,value))로 계산; 초기값/효과 선택의 정당성과 별개.",Python Decimal; 원문 명시값만,실제 입력 첨부 바이트는 미확인; 보존 VDM과 조건부 대조. 턴·분기는 명시 제목 기반 파싱이며 불완전/재명명 가능. 응답 전용 export 역할 추정; 당시 사용자 프롬프트 미보존. 입력 초기값 출처 및 사건 분류는 이 점검에서 입증하지 않음,아니오,,PDFium second extraction; role boundaries from reviewed records,True,False
PDFIUM-GEM-11-N-00053,GEM-11,runs/raw_logs/Gemini_2.5_Flash/11.pdf,5,1,Military Escalation Path,Soviet Union,Tension,VDM-CLAMP,명시 산술의 내부 일관성,명시 수식×변수,준수,0.65,0.65,tension: 0.65 (0.5 + 0.15),"명시 산식 0.5 + 0.15 = 0.65; 상태값은 VDM max(0,min(1,value))로 계산; 초기값/효과 선택의 정당성과 별개.",Python Decimal; 원문 명시값만,실제 입력 첨부 바이트는 미확인; 보존 VDM과 조건부 대조. 턴·분기는 명시 제목 기반 파싱이며 불완전/재명명 가능. 응답 전용 export 역할 추정; 당시 사용자 프롬프트 미보존. 입력 초기값 출처 및 사건 분류는 이 점검에서 입증하지 않음,아니오,,PDFium second extraction; role boundaries from reviewed records,True,False
PDFIUM-GEM-11-N-00056,GEM-11,runs/raw_logs/Gemini_2.5_Flash/11.pdf,5,1,Military Escalation Path,Soviet Union,Diplomatic_Support,VDM-CLAMP,명시 산술의 내부 일관성,명시 수식×변수,준수,0.45,0.45,diplomatic_support: 0.45 (0.5 - 0.05),"명시 산식 0.5 - 0.05 = 0.45; 상태값은 VDM max(0,min(1,value))로 계산; 초기값/효과 선택의 정당성과 별개.",Python Decimal; 원문 명시값만,실제 입력 첨부 바이트는 미확인; 보존 VDM과 조건부 대조. 턴·분기는 명시 제목 기반 파싱이며 불완전/재명명 가능. 응답 전용 export 역할 추정; 당시 사용자 프롬프트 미보존. 입력 초기값 출처 및 사건 분류는 이 점검에서 입증하지 않음,아니오,,PDFium second extraction; role boundaries from reviewed records,True,False
PDFIUM-GEM-11-N-00059,GEM-11,runs/raw_logs/Gemini_2.5_Flash/11.pdf,6,1,Military Escalation Path,Soviet Union,Public_Opinion,VDM-CLAMP,명시 산술의 내부 일관성,명시 수식×변수,준수,0.45,0.45,public_opinion: 0.45 (0.5 - 0.05),"명시 산식 0.5 - 0.05 = 0.45; 상태값은 VDM max(0,min(1,value))로 계산; 초기값/효과 선택의 정당성과 별개.",Python Decimal; 원문 명시값만,실제 입력 첨부 바이트는 미확인; 보존 VDM과 조건부 대조. 턴·분기는 명시 제목 기반 파싱이며 불완전/재명명 가능. 응답 전용 export 역할 추정; 당시 사용자 프롬프트 미보존. 입력 초기값 출처 및 사건 분류는 이 점검에서 입증하지 않음,아니오,,PDFium second extraction; role boundaries from reviewed records,True,False
PDFIUM-GEM-11-N-00062,GEM-11,runs/raw_logs/Gemini_2.5_Flash/11.pdf,6,1,Military Escalation Path,Soviet Union,Leadership_Unity,VDM-CLAMP,명시 산술의 내부 일관성,명시 수식×변수,준수,0.4,0.4,leadership_unity: 0.40 (0.5 - 0.10),"명시 산식 0.5 - 0.10 = 0.4; 상태값은 VDM max(0,min(1,value))로 계산; 초기값/효과 선택의 정당성과 별개.",Python Decimal; 원문 명시값만,실제 입력 첨부 바이트는 미확인; 보존 VDM과 조건부 대조. 턴·분기는 명시 제목 기반 파싱이며 불완전/재명명 가능. 응답 전용 export 역할 추정; 당시 사용자 프롬프트 미보존. 입력 초기값 출처 및 사건 분류는 이 점검에서 입증하지 않음,아니오,,PDFium second extraction; role boundaries from reviewed records,True,False
PDFIUM-GEM-11-N-00073,GEM-11,runs/raw_logs/Gemini_2.5_Flash/11.pdf,6,1,Diplomatic Stalemate Path,United States,Tension,VDM-CLAMP,명시 산술의 내부 일관성,명시 수식×변수,준수,0.6,0.6,tension: 0.60 (0.5 + 0.10),"명시 산식 0.5 + 0.10 = 0.6; 상태값은 VDM max(0,min(1,value))로 계산; 초기값/효과 선택의 정당성과 별개.",Python Decimal; 원문 명시값만,실제 입력 첨부 바이트는 미확인; 보존 VDM과 조건부 대조. 턴·분기는 명시 제목 기반 파싱이며 불완전/재명명 가능. 응답 전용 export 역할 추정; 당시 사용자 프롬프트 미보존. 입력 초기값 출처 및 사건 분류는 이 점검에서 입증하지 않음,아니오,,PDFium second extraction; role boundaries from reviewed records,True,False
PDFIUM-GEM-11-N-00076,GEM-11,runs/raw_logs/Gemini_2.5_Flash/11.pdf,6,1,Diplomatic Stalemate Path,United States,Diplomatic_Support,VDM-CLAMP,명시 산술의 내부 일관성,명시 수식×변수,준수,0.4,0.4,diplomatic_support: 0.40 (0.5 - 0.10),"명시 산식 0.5 - 0.10 = 0.4; 상태값은 VDM max(0,min(1,value))로 계산; 초기값/효과 선택의 정당성과 별개.",Python Decimal; 원문 명시값만,실제 입력 첨부 바이트는 미확인; 보존 VDM과 조건부 대조. 턴·분기는 명시 제목 기반 파싱이며 불완전/재명명 가능. 응답 전용 export 역할 추정; 당시 사용자 프롬프트 미보존. 입력 초기값 출처 및 사건 분류는 이 점검에서 입증하지 않음,아니오,,PDFium second extraction; role boundaries from reviewed records,True,False
PDFIUM-GEM-11-N-00079,GEM-11,runs/raw_logs/Gemini_2.5_Flash/11.pdf,6,1,Diplomatic Stalemate Path,United States,Public_Opinion,VDM-CLAMP,명시 산술의 내부 일관성,명시 수식×변수,준수,0.45,0.45,public_opinion: 0.45 (0.5 - 0.05),"명시 산식 0.5 - 0.05 = 0.45; 상태값은 VDM max(0,min(1,value))로 계산; 초기값/효과 선택의 정당성과 별개.",Python Decimal; 원문 명시값만,실제 입력 첨부 바이트는 미확인; 보존 VDM과 조건부 대조. 턴·분기는 명시 제목 기반 파싱이며 불완전/재명명 가능. 응답 전용 export 역할 추정; 당시 사용자 프롬프트 미보존. 입력 초기값 출처 및 사건 분류는 이 점검에서 입증하지 않음,아니오,,PDFium second extraction; role boundaries from reviewed records,True,False
PDFIUM-GEM-11-N-00082,GEM-11,runs/raw_logs/Gemini_2.5_Flash/11.pdf,6,1,Diplomatic Stalemate Path,United States,Leadership_Unity,VDM-CLAMP,명시 산술의 내부 일관성,명시 수식×변수,준수,0.45,0.45,leadership_unity: 0.45 (0.5 - 0.05),"명시 산식 0.5 - 0.05 = 0.45; 상태값은 VDM max(0,min(1,value))로 계산; 초기값/효과 선택의 정당성과 별개.",Python Decimal; 원문 명시값만,실제 입력 첨부 바이트는 미확인; 보존 VDM과 조건부 대조. 턴·분기는 명시 제목 기반 파싱이며 불완전/재명명 가능. 응답 전용 export 역할 추정; 당시 사용자 프롬프트 미보존. 입력 초기값 출처 및 사건 분류는 이 점검에서 입증하지 않음,아니오,,PDFium second extraction; role boundaries from reviewed records,True,False
PDFIUM-GEM-11-N-00085,GEM-11,runs/raw_logs/Gemini_2.5_Flash/11.pdf,6,1,Diplomatic Stalemate Path,Soviet Union,Tension,VDM-CLAMP,명시 산술의 내부 일관성,명시 수식×변수,준수,0.6,0.6,tension: 0.60 (0.5 + 0.10),"명시 산식 0.5 + 0.10 = 0.6; 상태값은 VDM max(0,min(1,value))로 계산; 초기값/효과 선택의 정당성과 별개.",Python Decimal; 원문 명시값만,실제 입력 첨부 바이트는 미확인; 보존 VDM과 조건부 대조. 턴·분기는 명시 제목 기반 파싱이며 불완전/재명명 가능. 응답 전용 export 역할 추정; 당시 사용자 프롬프트 미보존. 입력 초기값 출처 및 사건 분류는 이 점검에서 입증하지 않음,아니오,,PDFium second extraction; role boundaries from reviewed records,True,False
PDFIUM-GEM-11-N-00088,GEM-11,runs/raw_logs/Gemini_2.5_Flash/11.pdf,6,1,Diplomatic Stalemate Path,Soviet Union,Diplomatic_Support,VDM-CLAMP,명시 산술의 내부 일관성,명시 수식×변수,준수,0.4,0.4,diplomatic_support: 0.40 (0.5 - 0.10),"명시 산식 0.5 - 0.10 = 0.4; 상태값은 VDM max(0,min(1,value))로 계산; 초기값/효과 선택의 정당성과 별개.",Python Decimal; 원문 명시값만,실제 입력 첨부 바이트는 미확인; 보존 VDM과 조건부 대조. 턴·분기는 명시 제목 기반 파싱이며 불완전/재명명 가능. 응답 전용 export 역할 추정; 당시 사용자 프롬프트 미보존. 입력 초기값 출처 및 사건 분류는 이 점검에서 입증하지 않음,아니오,,PDFium second extraction; role boundaries from reviewed records,True,False
PDFIUM-GEM-11-N-00091,GEM-11,runs/raw_logs/Gemini_2.5_Flash/11.pdf,7,1,Diplomatic Stalemate Path,Soviet Union,Public_Opinion,VDM-CLAMP,명시 산술의 내부 일관성,명시 수식×변수,준수,0.45,0.45,public_opinion: 0.45 (0.5 - 0.05),"명시 산식 0.5 - 0.05 = 0.45; 상태값은 VDM max(0,min(1,value))로 계산; 초기값/효과 선택의 정당성과 별개.",Python Decimal; 원문 명시값만,실제 입력 첨부 바이트는 미확인; 보존 VDM과 조건부 대조. 턴·분기는 명시 제목 기반 파싱이며 불완전/재명명 가능. 응답 전용 export 역할 추정; 당시 사용자 프롬프트 미보존. 입력 초기값 출처 및 사건 분류는 이 점검에서 입증하지 않음,아니오,,PDFium second extraction; role boundaries from reviewed records,True,False
PDFIUM-GEM-11-N-00094,GEM-11,runs/raw_logs/Gemini_2.5_Flash/11.pdf,7,1,Diplomatic Stalemate Path,Soviet Union,Leadership_Unity,VDM-CLAMP,명시 산술의 내부 일관성,명시 수식×변수,준수,0.45,0.45,leadership_unity: 0.45 (0.5 - 0.05),"명시 산식 0.5 - 0.05 = 0.45; 상태값은 VDM max(0,min(1,value))로 계산; 초기값/효과 선택의 정당성과 별개.",Python Decimal; 원문 명시값만,실제 입력 첨부 바이트는 미확인; 보존 VDM과 조건부 대조. 턴·분기는 명시 제목 기반 파싱이며 불완전/재명명 가능. 응답 전용 export 역할 추정; 당시 사용자 프롬프트 미보존. 입력 초기값 출처 및 사건 분류는 이 점검에서 입증하지 않음,아니오,,PDFium second extraction; role boundaries from reviewed records,True,False
PDFIUM-GEM-11-N-00105,GEM-11,runs/raw_logs/Gemini_2.5_Flash/11.pdf,8,1,Most Plausible Path,,Tension,VDM-CLAMP,명시 산술의 내부 일관성,명시 수식×변수,준수,0.5,0.5,tension: 0.50 (0.50 + 0.00),"명시 산식 0.50 + 0.00 = 0.5; 상태값은 VDM max(0,min(1,value))로 계산; 초기값/효과 선택의 정당성과 별개.",Python Decimal; 원문 명시값만,실제 입력 첨부 바이트는 미확인; 보존 VDM과 조건부 대조. 턴·분기는 명시 제목 기반 파싱이며 불완전/재명명 가능. 응답 전용 export 역할 추정; 당시 사용자 프롬프트 미보존. 입력 초기값 출처 및 사건 분류는 이 점검에서 입증하지 않음,아니오,,PDFium second extraction; role boundaries from reviewed records,True,False
PDFIUM-GEM-11-N-00108,GEM-11,runs/raw_logs/Gemini_2.5_Flash/11.pdf,8,1,Most Plausible Path,,Diplomatic_Support,VDM-CLAMP,명시 산술의 내부 일관성,명시 수식×변수,준수,0.61,0.61,diplomatic_support: 0.61 (0.53 + 0.08),"명시 산식 0.53 + 0.08 = 0.61; 상태값은 VDM max(0,min(1,value))로 계산; 초기값/효과 선택의 정당성과 별개.",Python Decimal; 원문 명시값만,실제 입력 첨부 바이트는 미확인; 보존 VDM과 조건부 대조. 턴·분기는 명시 제목 기반 파싱이며 불완전/재명명 가능. 응답 전용 export 역할 추정; 당시 사용자 프롬프트 미보존. 입력 초기값 출처 및 사건 분류는 이 점검에서 입증하지 않음,아니오,,PDFium second extraction; role boundaries from reviewed records,True,False
PDFIUM-GEM-11-N-00111,GEM-11,runs/raw_logs/Gemini_2.5_Flash/11.pdf,8,1,Most Plausible Path,,Public_Opinion,VDM-CLAMP,명시 산술의 내부 일관성,명시 수식×변수,준수,0.61,0.61,public_opinion: 0.61 (0.58 + 0.03),"명시 산식 0.58 + 0.03 = 0.61; 상태값은 VDM max(0,min(1,value))로 계산; 초기값/효과 선택의 정당성과 별개.",Python Decimal; 원문 명시값만,실제 입력 첨부 바이트는 미확인; 보존 VDM과 조건부 대조. 턴·분기는 명시 제목 기반 파싱이며 불완전/재명명 가능. 응답 전용 export 역할 추정; 당시 사용자 프롬프트 미보존. 입력 초기값 출처 및 사건 분류는 이 점검에서 입증하지 않음,아니오,,PDFium second extraction; role boundaries from reviewed records,True,False
PDFIUM-GEM-11-N-00114,GEM-11,runs/raw_logs/Gemini_2.5_Flash/11.pdf,8,1,Most Plausible Path,,Leadership_Unity,VDM-CLAMP,명시 산술의 내부 일관성,명시 수식×변수,준수,0.55,0.55,leadership_unity: 0.55 (0.55 + 0.00),"명시 산식 0.55 + 0.00 = 0.55; 상태값은 VDM max(0,min(1,value))로 계산; 초기값/효과 선택의 정당성과 별개.",Python Decimal; 원문 명시값만,실제 입력 첨부 바이트는 미확인; 보존 VDM과 조건부 대조. 턴·분기는 명시 제목 기반 파싱이며 불완전/재명명 가능. 응답 전용 export 역할 추정; 당시 사용자 프롬프트 미보존. 입력 초기값 출처 및 사건 분류는 이 점검에서 입증하지 않음,아니오,,PDFium second extraction; role boundaries from reviewed records,True,False
PDFIUM-GEM-11-N-00117,GEM-11,runs/raw_logs/Gemini_2.5_Flash/11.pdf,9,1,Most Plausible Path,,Tension,VDM-CLAMP,명시 산술의 내부 일관성,명시 수식×변수,준수,0.65,0.65,tension: 0.65 (0.55 + 0.10),"명시 산식 0.55 + 0.10 = 0.65; 상태값은 VDM max(0,min(1,value))로 계산; 초기값/효과 선택의 정당성과 별개.",Python Decimal; 원문 명시값만,실제 입력 첨부 바이트는 미확인; 보존 VDM과 조건부 대조. 턴·분기는 명시 제목 기반 파싱이며 불완전/재명명 가능. 응답 전용 export 역할 추정; 당시 사용자 프롬프트 미보존. 입력 초기값 출처 및 사건 분류는 이 점검에서 입증하지 않음,아니오,,PDFium second extraction; role boundaries from reviewed records,True,False
PDFIUM-GEM-11-N-00120,GEM-11,runs/raw_logs/Gemini_2.5_Flash/11.pdf,9,1,Most Plausible Path,,Diplomatic_Support,VDM-CLAMP,명시 산술의 내부 일관성,명시 수식×변수,준수,0.38,0.38,diplomatic_support: 0.38 (0.48 - 0.10),"명시 산식 0.48 - 0.10 = 0.38; 상태값은 VDM max(0,min(1,value))로 계산; 초기값/효과 선택의 정당성과 별개.",Python Decimal; 원문 명시값만,실제 입력 첨부 바이트는 미확인; 보존 VDM과 조건부 대조. 턴·분기는 명시 제목 기반 파싱이며 불완전/재명명 가능. 응답 전용 export 역할 추정; 당시 사용자 프롬프트 미보존. 입력 초기값 출처 및 사건 분류는 이 점검에서 입증하지 않음,아니오,,PDFium second extraction; role boundaries from reviewed records,True,False
PDFIUM-GEM-11-N-00123,GEM-11,runs/raw_logs/Gemini_2.5_Flash/11.pdf,9,1,Most Plausible Path,,Public_Opinion,VDM-CLAMP,명시 산술의 내부 일관성,명시 수식×변수,준수,0.43,0.43,public_opinion: 0.43 (0.48 - 0.05),"명시 산식 0.48 - 0.05 = 0.43; 상태값은 VDM max(0,min(1,value))로 계산; 초기값/효과 선택의 정당성과 별개.",Python Decimal; 원문 명시값만,실제 입력 첨부 바이트는 미확인; 보존 VDM과 조건부 대조. 턴·분기는 명시 제목 기반 파싱이며 불완전/재명명 가능. 응답 전용 export 역할 추정; 당시 사용자 프롬프트 미보존. 입력 초기값 출처 및 사건 분류는 이 점검에서 입증하지 않음,아니오,,PDFium second extraction; role boundaries from reviewed records,True,False
PDFIUM-GEM-11-N-00126,GEM-11,runs/raw_logs/Gemini_2.5_Flash/11.pdf,9,1,Most Plausible Path,,Leadership_Unity,VDM-CLAMP,명시 산술의 내부 일관성,명시 수식×변수,준수,0.4,0.4,leadership_unity: 0.40 (0.45 - 0.05),"명시 산식 0.45 - 0.05 = 0.4; 상태값은 VDM max(0,min(1,value))로 계산; 초기값/효과 선택의 정당성과 별개.",Python Decimal; 원문 명시값만,실제 입력 첨부 바이트는 미확인; 보존 VDM과 조건부 대조. 턴·분기는 명시 제목 기반 파싱이며 불완전/재명명 가능. 응답 전용 export 역할 추정; 당시 사용자 프롬프트 미보존. 입력 초기값 출처 및 사건 분류는 이 점검에서 입증하지 않음,아니오,,PDFium second extraction; role boundaries from reviewed records,True,False
PDFIUM-GEM-11-N-00137,GEM-11,runs/raw_logs/Gemini_2.5_Flash/11.pdf,9,1,Military Escalation Path,,Tension,VDM-CLAMP,명시 산술의 내부 일관성,명시 수식×변수,준수,0.8,0.8,tension: 0.80 (0.65 + 0.15),"명시 산식 0.65 + 0.15 = 0.8; 상태값은 VDM max(0,min(1,value))로 계산; 초기값/효과 선택의 정당성과 별개.",Python Decimal; 원문 명시값만,실제 입력 첨부 바이트는 미확인; 보존 VDM과 조건부 대조. 턴·분기는 명시 제목 기반 파싱이며 불완전/재명명 가능. 응답 전용 export 역할 추정; 당시 사용자 프롬프트 미보존. 입력 초기값 출처 및 사건 분류는 이 점검에서 입증하지 않음,아니오,,PDFium second extraction; role boundaries from reviewed records,True,False
PDFIUM-GEM-11-N-00140,GEM-11,runs/raw_logs/Gemini_2.5_Flash/11.pdf,10,1,Military Escalation Path,,Diplomatic_Support,VDM-CLAMP,명시 산술의 내부 일관성,명시 수식×변수,준수,0.4,0.4,diplomatic_support: 0.40 (0.45 - 0.05),"명시 산식 0.45 - 0.05 = 0.4; 상태값은 VDM max(0,min(1,value))로 계산; 초기값/효과 선택의 정당성과 별개.",Python Decimal; 원문 명시값만,실제 입력 첨부 바이트는 미확인; 보존 VDM과 조건부 대조. 턴·분기는 명시 제목 기반 파싱이며 불완전/재명명 가능. 응답 전용 export 역할 추정; 당시 사용자 프롬프트 미보존. 입력 초기값 출처 및 사건 분류는 이 점검에서 입증하지 않음,아니오,,PDFium second extraction; role boundaries from reviewed records,True,False
PDFIUM-GEM-11-N-00143,GEM-11,runs/raw_logs/Gemini_2.5_Flash/11.pdf,10,1,Military Escalation Path,,Public_Opinion,VDM-CLAMP,명시 산술의 내부 일관성,명시 수식×변수,준수,0.4,0.4,public_opinion: 0.40 (0.45 - 0.05),"명시 산식 0.45 - 0.05 = 0.4; 상태값은 VDM max(0,min(1,value))로 계산; 초기값/효과 선택의 정당성과 별개.",Python Decimal; 원문 명시값만,실제 입력 첨부 바이트는 미확인; 보존 VDM과 조건부 대조. 턴·분기는 명시 제목 기반 파싱이며 불완전/재명명 가능. 응답 전용 export 역할 추정; 당시 사용자 프롬프트 미보존. 입력 초기값 출처 및 사건 분류는 이 점검에서 입증하지 않음,아니오,,PDFium second extraction; role boundaries from reviewed records,True,False
PDFIUM-GEM-11-N-00146,GEM-11,runs/raw_logs/Gemini_2.5_Flash/11.pdf,10,1,Military Escalation Path,,Leadership_Unity,VDM-CLAMP,명시 산술의 내부 일관성,명시 수식×변수,준수,0.3,0.3,leadership_unity: 0.30 (0.40 - 0.10),"명시 산식 0.40 - 0.10 = 0.3; 상태값은 VDM max(0,min(1,value))로 계산; 초기값/효과 선택의 정당성과 별개.",Python Decimal; 원문 명시값만,실제 입력 첨부 바이트는 미확인; 보존 VDM과 조건부 대조. 턴·분기는 명시 제목 기반 파싱이며 불완전/재명명 가능. 응답 전용 export 역할 추정; 당시 사용자 프롬프트 미보존. 입력 초기값 출처 및 사건 분류는 이 점검에서 입증하지 않음,아니오,,PDFium second extraction; role boundaries from reviewed records,True,False
PDFIUM-GEM-11-N-00149,GEM-11,runs/raw_logs/Gemini_2.5_Flash/11.pdf,10,1,Military Escalation Path,,Tension,VDM-CLAMP,명시 산술의 내부 일관성,명시 수식×변수,준수,0.7,0.7,tension: 0.70 (0.65 + 0.05),"명시 산식 0.65 + 0.05 = 0.7; 상태값은 VDM max(0,min(1,value))로 계산; 초기값/효과 선택의 정당성과 별개.",Python Decimal; 원문 명시값만,실제 입력 첨부 바이트는 미확인; 보존 VDM과 조건부 대조. 턴·분기는 명시 제목 기반 파싱이며 불완전/재명명 가능. 응답 전용 export 역할 추정; 당시 사용자 프롬프트 미보존. 입력 초기값 출처 및 사건 분류는 이 점검에서 입증하지 않음,아니오,,PDFium second extraction; role boundaries from reviewed records,True,False
PDFIUM-GEM-11-N-00152,GEM-11,runs/raw_logs/Gemini_2.5_Flash/11.pdf,10,1,Military Escalation Path,,Diplomatic_Support,VDM-CLAMP,명시 산술의 내부 일관성,명시 수식×변수,준수,0.43,0.43,diplomatic_support: 0.43 (0.45 - 0.02),"명시 산식 0.45 - 0.02 = 0.43; 상태값은 VDM max(0,min(1,value))로 계산; 초기값/효과 선택의 정당성과 별개.",Python Decimal; 원문 명시값만,실제 입력 첨부 바이트는 미확인; 보존 VDM과 조건부 대조. 턴·분기는 명시 제목 기반 파싱이며 불완전/재명명 가능. 응답 전용 export 역할 추정; 당시 사용자 프롬프트 미보존. 입력 초기값 출처 및 사건 분류는 이 점검에서 입증하지 않음,아니오,,PDFium second extraction; role boundaries from reviewed records,True,False
PDFIUM-GEM-11-N-00155,GEM-11,runs/raw_logs/Gemini_2.5_Flash/11.pdf,10,1,Military Escalation Path,,Public_Opinion,VDM-CLAMP,명시 산술의 내부 일관성,명시 수식×변수,준수,0.43,0.43,public_opinion: 0.43 (0.45 - 0.02),"명시 산식 0.45 - 0.02 = 0.43; 상태값은 VDM max(0,min(1,value))로 계산; 초기값/효과 선택의 정당성과 별개.",Python Decimal; 원문 명시값만,실제 입력 첨부 바이트는 미확인; 보존 VDM과 조건부 대조. 턴·분기는 명시 제목 기반 파싱이며 불완전/재명명 가능. 응답 전용 export 역할 추정; 당시 사용자 프롬프트 미보존. 입력 초기값 출처 및 사건 분류는 이 점검에서 입증하지 않음,아니오,,PDFium second extraction; role boundaries from reviewed records,True,False
PDFIUM-GEM-11-N-00158,GEM-11,runs/raw_logs/Gemini_2.5_Flash/11.pdf,10,1,Military Escalation Path,,Leadership_Unity,VDM-CLAMP,명시 산술의 내부 일관성,명시 수식×변수,준수,0.35,0.35,leadership_unity: 0.35 (0.40 - 0.05),"명시 산식 0.40 - 0.05 = 0.35; 상태값은 VDM max(0,min(1,value))로 계산; 초기값/효과 선택의 정당성과 별개.",Python Decimal; 원문 명시값만,실제 입력 첨부 바이트는 미확인; 보존 VDM과 조건부 대조. 턴·분기는 명시 제목 기반 파싱이며 불완전/재명명 가능. 응답 전용 export 역할 추정; 당시 사용자 프롬프트 미보존. 입력 초기값 출처 및 사건 분류는 이 점검에서 입증하지 않음,아니오,,PDFium second extraction; role boundaries from reviewed records,True,False
PDFIUM-GEM-11-N-00169,GEM-11,runs/raw_logs/Gemini_2.5_Flash/11.pdf,11,1,Diplomatic Stalemate Path,,Tension,VDM-CLAMP,명시 산술의 내부 일관성,명시 수식×변수,준수,0.75,0.75,tension: 0.75 (0.60 + 0.15),"명시 산식 0.60 + 0.15 = 0.75; 상태값은 VDM max(0,min(1,value))로 계산; 초기값/효과 선택의 정당성과 별개.",Python Decimal; 원문 명시값만,실제 입력 첨부 바이트는 미확인; 보존 VDM과 조건부 대조. 턴·분기는 명시 제목 기반 파싱이며 불완전/재명명 가능. 응답 전용 export 역할 추정; 당시 사용자 프롬프트 미보존. 입력 초기값 출처 및 사건 분류는 이 점검에서 입증하지 않음,아니오,,PDFium second extraction; role boundaries from reviewed records,True,False
PDFIUM-GEM-11-N-00172,GEM-11,runs/raw_logs/Gemini_2.5_Flash/11.pdf,11,1,Diplomatic Stalemate Path,,Diplomatic_Support,VDM-CLAMP,명시 산술의 내부 일관성,명시 수식×변수,준수,0.35,0.35,diplomatic_support: 0.35 (0.40 - 0.05),"명시 산식 0.40 - 0.05 = 0.35; 상태값은 VDM max(0,min(1,value))로 계산; 초기값/효과 선택의 정당성과 별개.",Python Decimal; 원문 명시값만,실제 입력 첨부 바이트는 미확인; 보존 VDM과 조건부 대조. 턴·분기는 명시 제목 기반 파싱이며 불완전/재명명 가능. 응답 전용 export 역할 추정; 당시 사용자 프롬프트 미보존. 입력 초기값 출처 및 사건 분류는 이 점검에서 입증하지 않음,아니오,,PDFium second extraction; role boundaries from reviewed records,True,False
PDFIUM-GEM-11-N-00175,GEM-11,runs/raw_logs/Gemini_2.5_Flash/11.pdf,11,1,Diplomatic Stalemate Path,,Public_Opinion,VDM-CLAMP,명시 산술의 내부 일관성,명시 수식×변수,준수,0.4,0.4,public_opinion: 0.40 (0.45 - 0.05),"명시 산식 0.45 - 0.05 = 0.4; 상태값은 VDM max(0,min(1,value))로 계산; 초기값/효과 선택의 정당성과 별개.",Python Decimal; 원문 명시값만,실제 입력 첨부 바이트는 미확인; 보존 VDM과 조건부 대조. 턴·분기는 명시 제목 기반 파싱이며 불완전/재명명 가능. 응답 전용 export 역할 추정; 당시 사용자 프롬프트 미보존. 입력 초기값 출처 및 사건 분류는 이 점검에서 입증하지 않음,아니오,,PDFium second extraction; role boundaries from reviewed records,True,False
PDFIUM-GEM-11-N-00178,GEM-11,runs/raw_logs/Gemini_2.5_Flash/11.pdf,11,1,Diplomatic Stalemate Path,,Leadership_Unity,VDM-CLAMP,명시 산술의 내부 일관성,명시 수식×변수,준수,0.35,0.35,leadership_unity: 0.35 (0.45 - 0.10),"명시 산식 0.45 - 0.10 = 0.35; 상태값은 VDM max(0,min(1,value))로 계산; 초기값/효과 선택의 정당성과 별개.",Python Decimal; 원문 명시값만,실제 입력 첨부 바이트는 미확인; 보존 VDM과 조건부 대조. 턴·분기는 명시 제목 기반 파싱이며 불완전/재명명 가능. 응답 전용 export 역할 추정; 당시 사용자 프롬프트 미보존. 입력 초기값 출처 및 사건 분류는 이 점검에서 입증하지 않음,아니오,,PDFium second extraction; role boundaries from reviewed records,True,False
PDFIUM-GEM-11-N-00181,GEM-11,runs/raw_logs/Gemini_2.5_Flash/11.pdf,11,1,Diplomatic Stalemate Path,,Tension,VDM-CLAMP,명시 산술의 내부 일관성,명시 수식×변수,준수,0.7,0.7,tension: 0.70 (0.60 + 0.10),"명시 산식 0.60 + 0.10 = 0.7; 상태값은 VDM max(0,min(1,value))로 계산; 초기값/효과 선택의 정당성과 별개.",Python Decimal; 원문 명시값만,실제 입력 첨부 바이트는 미확인; 보존 VDM과 조건부 대조. 턴·분기는 명시 제목 기반 파싱이며 불완전/재명명 가능. 응답 전용 export 역할 추정; 당시 사용자 프롬프트 미보존. 입력 초기값 출처 및 사건 분류는 이 점검에서 입증하지 않음,아니오,,PDFium second extraction; role boundaries from reviewed records,True,False
PDFIUM-GEM-11-N-00184,GEM-11,runs/raw_logs/Gemini_2.5_Flash/11.pdf,11,1,Diplomatic Stalemate Path,,Diplomatic_Support,VDM-CLAMP,명시 산술의 내부 일관성,명시 수식×변수,준수,0.3,0.3,diplomatic_support: 0.30 (0.40 - 0.10),"명시 산식 0.40 - 0.10 = 0.3; 상태값은 VDM max(0,min(1,value))로 계산; 초기값/효과 선택의 정당성과 별개.",Python Decimal; 원문 명시값만,실제 입력 첨부 바이트는 미확인; 보존 VDM과 조건부 대조. 턴·분기는 명시 제목 기반 파싱이며 불완전/재명명 가능. 응답 전용 export 역할 추정; 당시 사용자 프롬프트 미보존. 입력 초기값 출처 및 사건 분류는 이 점검에서 입증하지 않음,아니오,,PDFium second extraction; role boundaries from reviewed records,True,False
PDFIUM-GEM-11-N-00187,GEM-11,runs/raw_logs/Gemini_2.5_Flash/11.pdf,11,1,Diplomatic Stalemate Path,,Public_Opinion,VDM-CLAMP,명시 산술의 내부 일관성,명시 수식×변수,준수,0.4,0.4,public_opinion: 0.40 (0.45 - 0.05),"명시 산식 0.45 - 0.05 = 0.4; 상태값은 VDM max(0,min(1,value))로 계산; 초기값/효과 선택의 정당성과 별개.",Python Decimal; 원문 명시값만,실제 입력 첨부 바이트는 미확인; 보존 VDM과 조건부 대조. 턴·분기는 명시 제목 기반 파싱이며 불완전/재명명 가능. 응답 전용 export 역할 추정; 당시 사용자 프롬프트 미보존. 입력 초기값 출처 및 사건 분류는 이 점검에서 입증하지 않음,아니오,,PDFium second extraction; role boundaries from reviewed records,True,False
PDFIUM-GEM-11-N-00190,GEM-11,runs/raw_logs/Gemini_2.5_Flash/11.pdf,11,1,Diplomatic Stalemate Path,,Leadership_Unity,VDM-CLAMP,명시 산술의 내부 일관성,명시 수식×변수,준수,0.4,0.4,leadership_unity: 0.40 (0.45 - 0.05),"명시 산식 0.45 - 0.05 = 0.4; 상태값은 VDM max(0,min(1,value))로 계산; 초기값/효과 선택의 정당성과 별개.",Python Decimal; 원문 명시값만,실제 입력 첨부 바이트는 미확인; 보존 VDM과 조건부 대조. 턴·분기는 명시 제목 기반 파싱이며 불완전/재명명 가능. 응답 전용 export 역할 추정; 당시 사용자 프롬프트 미보존. 입력 초기값 출처 및 사건 분류는 이 점검에서 입증하지 않음,아니오,,PDFium second extraction; role boundaries from reviewed records,True,False
PDFIUM-GEM-11-N-00201,GEM-11,runs/raw_logs/Gemini_2.5_Flash/11.pdf,12,1,Most Plausible Path,,Tension,VDM-CLAMP,명시 산술의 내부 일관성,명시 수식×변수,준수,0.8,0.8,tension: 0.80 (0.50 + 0.15 + 0.15),"명시 산식 0.50 + 0.15 + 0.15 = 0.8; 상태값은 VDM max(0,min(1,value))로 계산; 초기값/효과 선택의 정당성과 별개.",Python Decimal; 원문 명시값만,실제 입력 첨부 바이트는 미확인; 보존 VDM과 조건부 대조. 턴·분기는 명시 제목 기반 파싱이며 불완전/재명명 가능. 응답 전용 export 역할 추정; 당시 사용자 프롬프트 미보존. 입력 초기값 출처 및 사건 분류는 이 점검에서 입증하지 않음,아니오,,PDFium second extraction; role boundaries from reviewed records,True,False
PDFIUM-GEM-11-N-00204,GEM-11,runs/raw_logs/Gemini_2.5_Flash/11.pdf,12,1,Most Plausible Path,,Diplomatic_Support,VDM-CLAMP,명시 산술의 내부 일관성,명시 수식×변수,준수,0.51,0.51,diplomatic_support: 0.51 (0.61 - 0.05 - 0.05),"명시 산식 0.61 - 0.05 - 0.05 = 0.51; 상태값은 VDM max(0,min(1,value))로 계산; 초기값/효과 선택의 정당성과 별개.",Python Decimal; 원문 명시값만,실제 입력 첨부 바이트는 미확인; 보존 VDM과 조건부 대조. 턴·분기는 명시 제목 기반 파싱이며 불완전/재명명 가능. 응답 전용 export 역할 추정; 당시 사용자 프롬프트 미보존. 입력 초기값 출처 및 사건 분류는 이 점검에서 입증하지 않음,아니오,,PDFium second extraction; role boundaries from reviewed records,True,False
PDFIUM-GEM-11-N-00207,GEM-11,runs/raw_logs/Gemini_2.5_Flash/11.pdf,12,1,Most Plausible Path,,Public_Opinion,VDM-CLAMP,명시 산술의 내부 일관성,명시 수식×변수,준수,0.51,0.51,public_opinion: 0.51 (0.61 - 0.05 - 0.05),"명시 산식 0.61 - 0.05 - 0.05 = 0.51; 상태값은 VDM max(0,min(1,value))로 계산; 초기값/효과 선택의 정당성과 별개.",Python Decimal; 원문 명시값만,실제 입력 첨부 바이트는 미확인; 보존 VDM과 조건부 대조. 턴·분기는 명시 제목 기반 파싱이며 불완전/재명명 가능. 응답 전용 export 역할 추정; 당시 사용자 프롬프트 미보존. 입력 초기값 출처 및 사건 분류는 이 점검에서 입증하지 않음,아니오,,PDFium second extraction; role boundaries from reviewed records,True,False
PDFIUM-GEM-11-N-00210,GEM-11,runs/raw_logs/Gemini_2.5_Flash/11.pdf,12,1,Most Plausible Path,,Leadership_Unity,VDM-CLAMP,명시 산술의 내부 일관성,명시 수식×변수,준수,0.35,0.35,leadership_unity: 0.35 (0.55 - 0.10 - 0.10),"명시 산식 0.55 - 0.10 - 0.10 = 0.35; 상태값은 VDM max(0,min(1,value))로 계산; 초기값/효과 선택의 정당성과 별개.",Python Decimal; 원문 명시값만,실제 입력 첨부 바이트는 미확인; 보존 VDM과 조건부 대조. 턴·분기는 명시 제목 기반 파싱이며 불완전/재명명 가능. 응답 전용 export 역할 추정; 당시 사용자 프롬프트 미보존. 입력 초기값 출처 및 사건 분류는 이 점검에서 입증하지 않음,아니오,,PDFium second extraction; role boundaries from reviewed records,True,False
PDFIUM-GEM-11-N-00213,GEM-11,runs/raw_logs/Gemini_2.5_Flash/11.pdf,13,1,Most Plausible Path,,Tension,VDM-CLAMP,명시 산술의 내부 일관성,명시 수식×변수,준수,0.9,0.9,tension: 0.90 (0.65 + 0.15 + 0.10) - Clamped to 1.0,"명시 산식 0.65 + 0.15 + 0.10 = 0.9; 상태값은 VDM max(0,min(1,value))로 계산; 초기값/효과 선택의 정당성과 별개.",Python Decimal; 원문 명시값만,실제 입력 첨부 바이트는 미확인; 보존 VDM과 조건부 대조. 턴·분기는 명시 제목 기반 파싱이며 불완전/재명명 가능. 응답 전용 export 역할 추정; 당시 사용자 프롬프트 미보존. 입력 초기값 출처 및 사건 분류는 이 점검에서 입증하지 않음,아니오,,PDFium second extraction; role boundaries from reviewed records,True,False
PDFIUM-GEM-11-N-00216,GEM-11,runs/raw_logs/Gemini_2.5_Flash/11.pdf,13,1,Most Plausible Path,,Diplomatic_Support,VDM-CLAMP,명시 산술의 내부 일관성,명시 수식×변수,준수,0.28,0.28,diplomatic_support: 0.28 (0.38 - 0.05 - 0.05),"명시 산식 0.38 - 0.05 - 0.05 = 0.28; 상태값은 VDM max(0,min(1,value))로 계산; 초기값/효과 선택의 정당성과 별개.",Python Decimal; 원문 명시값만,실제 입력 첨부 바이트는 미확인; 보존 VDM과 조건부 대조. 턴·분기는 명시 제목 기반 파싱이며 불완전/재명명 가능. 응답 전용 export 역할 추정; 당시 사용자 프롬프트 미보존. 입력 초기값 출처 및 사건 분류는 이 점검에서 입증하지 않음,아니오,,PDFium second extraction; role boundaries from reviewed records,True,False
PDFIUM-GEM-11-N-00219,GEM-11,runs/raw_logs/Gemini_2.5_Flash/11.pdf,13,1,Most Plausible Path,,Public_Opinion,VDM-CLAMP,명시 산술의 내부 일관성,명시 수식×변수,준수,0.33,0.33,public_opinion: 0.33 (0.43 - 0.05 - 0.05),"명시 산식 0.43 - 0.05 - 0.05 = 0.33; 상태값은 VDM max(0,min(1,value))로 계산; 초기값/효과 선택의 정당성과 별개.",Python Decimal; 원문 명시값만,실제 입력 첨부 바이트는 미확인; 보존 VDM과 조건부 대조. 턴·분기는 명시 제목 기반 파싱이며 불완전/재명명 가능. 응답 전용 export 역할 추정; 당시 사용자 프롬프트 미보존. 입력 초기값 출처 및 사건 분류는 이 점검에서 입증하지 않음,아니오,,PDFium second extraction; role boundaries from reviewed records,True,False
PDFIUM-GEM-11-N-00222,GEM-11,runs/raw_logs/Gemini_2.5_Flash/11.pdf,13,1,Most Plausible Path,,Leadership_Unity,VDM-CLAMP,명시 산술의 내부 일관성,명시 수식×변수,준수,0.2,0.2,leadership_unity: 0.20 (0.40 - 0.10 - 0.10),"명시 산식 0.40 - 0.10 - 0.10 = 0.2; 상태값은 VDM max(0,min(1,value))로 계산; 초기값/효과 선택의 정당성과 별개.",Python Decimal; 원문 명시값만,실제 입력 첨부 바이트는 미확인; 보존 VDM과 조건부 대조. 턴·분기는 명시 제목 기반 파싱이며 불완전/재명명 가능. 응답 전용 export 역할 추정; 당시 사용자 프롬프트 미보존. 입력 초기값 출처 및 사건 분류는 이 점검에서 입증하지 않음,아니오,,PDFium second extraction; role boundaries from reviewed records,True,False
PDFIUM-GEM-11-N-00233,GEM-11,runs/raw_logs/Gemini_2.5_Flash/11.pdf,13,1,Military Escalation Path,,Tension,VDM-CLAMP,명시 산술의 내부 일관성,명시 수식×변수,위반,1,0.95,tension: 1.0 (0.80 + 0.15) - Clamped to 1.0,"명시 산식 0.80 + 0.15 = 0.95; 상태값은 VDM max(0,min(1,value))로 계산; 초기값/효과 선택의 정당성과 별개.",Python Decimal; 원문 명시값만,실제 입력 첨부 바이트는 미확인; 보존 VDM과 조건부 대조. 턴·분기는 명시 제목 기반 파싱이며 불완전/재명명 가능. 응답 전용 export 역할 추정; 당시 사용자 프롬프트 미보존. 입력 초기값 출처 및 사건 분류는 이 점검에서 입증하지 않음,아니오,,PDFium second extraction; role boundaries from reviewed records,True,False
PDFIUM-GEM-11-N-00236,GEM-11,runs/raw_logs/Gemini_2.5_Flash/11.pdf,14,1,Military Escalation Path,,Diplomatic_Support,VDM-CLAMP,명시 산술의 내부 일관성,명시 수식×변수,준수,0.3,0.3,diplomatic_support: 0.30 (0.40 - 0.05 - 0.05),"명시 산식 0.40 - 0.05 - 0.05 = 0.3; 상태값은 VDM max(0,min(1,value))로 계산; 초기값/효과 선택의 정당성과 별개.",Python Decimal; 원문 명시값만,실제 입력 첨부 바이트는 미확인; 보존 VDM과 조건부 대조. 턴·분기는 명시 제목 기반 파싱이며 불완전/재명명 가능. 응답 전용 export 역할 추정; 당시 사용자 프롬프트 미보존. 입력 초기값 출처 및 사건 분류는 이 점검에서 입증하지 않음,아니오,,PDFium second extraction; role boundaries from reviewed records,True,False
PDFIUM-GEM-11-N-00239,GEM-11,runs/raw_logs/Gemini_2.5_Flash/11.pdf,14,1,Military Escalation Path,,Public_Opinion,VDM-CLAMP,명시 산술의 내부 일관성,명시 수식×변수,준수,0.3,0.3,public_opinion: 0.30 (0.40 - 0.05 - 0.05),"명시 산식 0.40 - 0.05 - 0.05 = 0.3; 상태값은 VDM max(0,min(1,value))로 계산; 초기값/효과 선택의 정당성과 별개.",Python Decimal; 원문 명시값만,실제 입력 첨부 바이트는 미확인; 보존 VDM과 조건부 대조. 턴·분기는 명시 제목 기반 파싱이며 불완전/재명명 가능. 응답 전용 export 역할 추정; 당시 사용자 프롬프트 미보존. 입력 초기값 출처 및 사건 분류는 이 점검에서 입증하지 않음,아니오,,PDFium second extraction; role boundaries from reviewed records,True,False
PDFIUM-GEM-11-N-00242,GEM-11,runs/raw_logs/Gemini_2.5_Flash/11.pdf,14,1,Military Escalation Path,,Leadership_Unity,VDM-CLAMP,명시 산술의 내부 일관성,명시 수식×변수,준수,0.1,0.1,leadership_unity: 0.10 (0.30 - 0.10 - 0.10),"명시 산식 0.30 - 0.10 - 0.10 = 0.1; 상태값은 VDM max(0,min(1,value))로 계산; 초기값/효과 선택의 정당성과 별개.",Python Decimal; 원문 명시값만,실제 입력 첨부 바이트는 미확인; 보존 VDM과 조건부 대조. 턴·분기는 명시 제목 기반 파싱이며 불완전/재명명 가능. 응답 전용 export 역할 추정; 당시 사용자 프롬프트 미보존. 입력 초기값 출처 및 사건 분류는 이 점검에서 입증하지 않음,아니오,,PDFium second extraction; role boundaries from reviewed records,True,False
PDFIUM-GEM-11-N-00245,GEM-11,runs/raw_logs/Gemini_2.5_Flash/11.pdf,14,1,Military Escalation Path,,Tension,VDM-CLAMP,명시 산술의 내부 일관성,명시 수식×변수,준수,1,1,tension: 1.0 (0.70 + 0.15 + 0.15) - Clamped to 1.0,"명시 산식 0.70 + 0.15 + 0.15 = 1; 상태값은 VDM max(0,min(1,value))로 계산; 초기값/효과 선택의 정당성과 별개.",Python Decimal; 원문 명시값만,실제 입력 첨부 바이트는 미확인; 보존 VDM과 조건부 대조. 턴·분기는 명시 제목 기반 파싱이며 불완전/재명명 가능. 응답 전용 export 역할 추정; 당시 사용자 프롬프트 미보존. 입력 초기값 출처 및 사건 분류는 이 점검에서 입증하지 않음,아니오,,PDFium second extraction; role boundaries from reviewed records,True,False
PDFIUM-GEM-11-N-00248,GEM-11,runs/raw_logs/Gemini_2.5_Flash/11.pdf,14,1,Military Escalation Path,,Diplomatic_Support,VDM-CLAMP,명시 산술의 내부 일관성,명시 수식×변수,준수,0.33,0.33,diplomatic_support: 0.33 (0.43 - 0.05 - 0.05),"명시 산식 0.43 - 0.05 - 0.05 = 0.33; 상태값은 VDM max(0,min(1,value))로 계산; 초기값/효과 선택의 정당성과 별개.",Python Decimal; 원문 명시값만,실제 입력 첨부 바이트는 미확인; 보존 VDM과 조건부 대조. 턴·분기는 명시 제목 기반 파싱이며 불완전/재명명 가능. 응답 전용 export 역할 추정; 당시 사용자 프롬프트 미보존. 입력 초기값 출처 및 사건 분류는 이 점검에서 입증하지 않음,아니오,,PDFium second extraction; role boundaries from reviewed records,True,False
PDFIUM-GEM-11-N-00251,GEM-11,runs/raw_logs/Gemini_2.5_Flash/11.pdf,14,1,Military Escalation Path,,Public_Opinion,VDM-CLAMP,명시 산술의 내부 일관성,명시 수식×변수,준수,0.33,0.33,public_opinion: 0.33 (0.43 - 0.05 - 0.05),"명시 산식 0.43 - 0.05 - 0.05 = 0.33; 상태값은 VDM max(0,min(1,value))로 계산; 초기값/효과 선택의 정당성과 별개.",Python Decimal; 원문 명시값만,실제 입력 첨부 바이트는 미확인; 보존 VDM과 조건부 대조. 턴·분기는 명시 제목 기반 파싱이며 불완전/재명명 가능. 응답 전용 export 역할 추정; 당시 사용자 프롬프트 미보존. 입력 초기값 출처 및 사건 분류는 이 점검에서 입증하지 않음,아니오,,PDFium second extraction; role boundaries from reviewed records,True,False
PDFIUM-GEM-11-N-00254,GEM-11,runs/raw_logs/Gemini_2.5_Flash/11.pdf,14,1,Military Escalation Path,,Leadership_Unity,VDM-CLAMP,명시 산술의 내부 일관성,명시 수식×변수,준수,0.15,0.15,leadership_unity: 0.15 (0.35 - 0.10 - 0.10),"명시 산식 0.35 - 0.10 - 0.10 = 0.15; 상태값은 VDM max(0,min(1,value))로 계산; 초기값/효과 선택의 정당성과 별개.",Python Decimal; 원문 명시값만,실제 입력 첨부 바이트는 미확인; 보존 VDM과 조건부 대조. 턴·분기는 명시 제목 기반 파싱이며 불완전/재명명 가능. 응답 전용 export 역할 추정; 당시 사용자 프롬프트 미보존. 입력 초기값 출처 및 사건 분류는 이 점검에서 입증하지 않음,아니오,,PDFium second extraction; role boundaries from reviewed records,True,False
PDFIUM-GEM-11-N-00265,GEM-11,runs/raw_logs/Gemini_2.5_Flash/11.pdf,15,1,Diplomatic Stalemate Path,,Tension,VDM-CLAMP,명시 산술의 내부 일관성,명시 수식×변수,위반,1,0.9,tension: 1.0 (0.75 + 0.15) - Clamped to 1.0,"명시 산식 0.75 + 0.15 = 0.9; 상태값은 VDM max(0,min(1,value))로 계산; 초기값/효과 선택의 정당성과 별개.",Python Decimal; 원문 명시값만,실제 입력 첨부 바이트는 미확인; 보존 VDM과 조건부 대조. 턴·분기는 명시 제목 기반 파싱이며 불완전/재명명 가능. 응답 전용 export 역할 추정; 당시 사용자 프롬프트 미보존. 입력 초기값 출처 및 사건 분류는 이 점검에서 입증하지 않음,아니오,,PDFium second extraction; role boundaries from reviewed records,True,False
PDFIUM-GEM-11-N-00268,GEM-11,runs/raw_logs/Gemini_2.5_Flash/11.pdf,15,1,Diplomatic Stalemate Path,,Diplomatic_Support,VDM-CLAMP,명시 산술의 내부 일관성,명시 수식×변수,준수,0.25,0.25,diplomatic_support: 0.25 (0.35 - 0.05 - 0.05),"명시 산식 0.35 - 0.05 - 0.05 = 0.25; 상태값은 VDM max(0,min(1,value))로 계산; 초기값/효과 선택의 정당성과 별개.",Python Decimal; 원문 명시값만,실제 입력 첨부 바이트는 미확인; 보존 VDM과 조건부 대조. 턴·분기는 명시 제목 기반 파싱이며 불완전/재명명 가능. 응답 전용 export 역할 추정; 당시 사용자 프롬프트 미보존. 입력 초기값 출처 및 사건 분류는 이 점검에서 입증하지 않음,아니오,,PDFium second extraction; role boundaries from reviewed records,True,False
PDFIUM-GEM-11-N-00271,GEM-11,runs/raw_logs/Gemini_2.5_Flash/11.pdf,15,1,Diplomatic Stalemate Path,,Public_Opinion,VDM-CLAMP,명시 산술의 내부 일관성,명시 수식×변수,준수,0.3,0.3,public_opinion: 0.30 (0.40 - 0.05 - 0.05),"명시 산식 0.40 - 0.05 - 0.05 = 0.3; 상태값은 VDM max(0,min(1,value))로 계산; 초기값/효과 선택의 정당성과 별개.",Python Decimal; 원문 명시값만,실제 입력 첨부 바이트는 미확인; 보존 VDM과 조건부 대조. 턴·분기는 명시 제목 기반 파싱이며 불완전/재명명 가능. 응답 전용 export 역할 추정; 당시 사용자 프롬프트 미보존. 입력 초기값 출처 및 사건 분류는 이 점검에서 입증하지 않음,아니오,,PDFium second extraction; role boundaries from reviewed records,True,False
PDFIUM-GEM-11-N-00274,GEM-11,runs/raw_logs/Gemini_2.5_Flash/11.pdf,15,1,Diplomatic Stalemate Path,,Leadership_Unity,VDM-CLAMP,명시 산술의 내부 일관성,명시 수식×변수,준수,0.15,0.15,leadership_unity: 0.15 (0.35 - 0.10 - 0.10),"명시 산식 0.35 - 0.10 - 0.10 = 0.15; 상태값은 VDM max(0,min(1,value))로 계산; 초기값/효과 선택의 정당성과 별개.",Python Decimal; 원문 명시값만,실제 입력 첨부 바이트는 미확인; 보존 VDM과 조건부 대조. 턴·분기는 명시 제목 기반 파싱이며 불완전/재명명 가능. 응답 전용 export 역할 추정; 당시 사용자 프롬프트 미보존. 입력 초기값 출처 및 사건 분류는 이 점검에서 입증하지 않음,아니오,,PDFium second extraction; role boundaries from reviewed records,True,False
PDFIUM-GEM-11-N-00277,GEM-11,runs/raw_logs/Gemini_2.5_Flash/11.pdf,15,1,Diplomatic Stalemate Path,,Tension,VDM-CLAMP,명시 산술의 내부 일관성,명시 수식×변수,준수,1,1,tension: 1.0 (0.70 + 0.15 + 0.15) - Clamped to 1.0,"명시 산식 0.70 + 0.15 + 0.15 = 1; 상태값은 VDM max(0,min(1,value))로 계산; 초기값/효과 선택의 정당성과 별개.",Python Decimal; 원문 명시값만,실제 입력 첨부 바이트는 미확인; 보존 VDM과 조건부 대조. 턴·분기는 명시 제목 기반 파싱이며 불완전/재명명 가능. 응답 전용 export 역할 추정; 당시 사용자 프롬프트 미보존. 입력 초기값 출처 및 사건 분류는 이 점검에서 입증하지 않음,아니오,,PDFium second extraction; role boundaries from reviewed records,True,False
PDFIUM-GEM-11-N-00280,GEM-11,runs/raw_logs/Gemini_2.5_Flash/11.pdf,15,1,Diplomatic Stalemate Path,,Diplomatic_Support,VDM-CLAMP,명시 산술의 내부 일관성,명시 수식×변수,준수,0.2,0.2,diplomatic_support: 0.20 (0.30 - 0.05 - 0.05),"명시 산식 0.30 - 0.05 - 0.05 = 0.2; 상태값은 VDM max(0,min(1,value))로 계산; 초기값/효과 선택의 정당성과 별개.",Python Decimal; 원문 명시값만,실제 입력 첨부 바이트는 미확인; 보존 VDM과 조건부 대조. 턴·분기는 명시 제목 기반 파싱이며 불완전/재명명 가능. 응답 전용 export 역할 추정; 당시 사용자 프롬프트 미보존. 입력 초기값 출처 및 사건 분류는 이 점검에서 입증하지 않음,아니오,,PDFium second extraction; role boundaries from reviewed records,True,False
PDFIUM-GEM-11-N-00283,GEM-11,runs/raw_logs/Gemini_2.5_Flash/11.pdf,15,1,Diplomatic Stalemate Path,,Public_Opinion,VDM-CLAMP,명시 산술의 내부 일관성,명시 수식×변수,준수,0.3,0.3,public_opinion: 0.30 (0.40 - 0.05 - 0.05),"명시 산식 0.40 - 0.05 - 0.05 = 0.3; 상태값은 VDM max(0,min(1,value))로 계산; 초기값/효과 선택의 정당성과 별개.",Python Decimal; 원문 명시값만,실제 입력 첨부 바이트는 미확인; 보존 VDM과 조건부 대조. 턴·분기는 명시 제목 기반 파싱이며 불완전/재명명 가능. 응답 전용 export 역할 추정; 당시 사용자 프롬프트 미보존. 입력 초기값 출처 및 사건 분류는 이 점검에서 입증하지 않음,아니오,,PDFium second extraction; role boundaries from reviewed records,True,False
PDFIUM-GEM-11-N-00286,GEM-11,runs/raw_logs/Gemini_2.5_Flash/11.pdf,15,1,Diplomatic Stalemate Path,,Leadership_Unity,VDM-CLAMP,명시 산술의 내부 일관성,명시 수식×변수,준수,0.2,0.2,leadership_unity: 0.20 (0.40 - 0.10 - 0.10),"명시 산식 0.40 - 0.10 - 0.10 = 0.2; 상태값은 VDM max(0,min(1,value))로 계산; 초기값/효과 선택의 정당성과 별개.",Python Decimal; 원문 명시값만,실제 입력 첨부 바이트는 미확인; 보존 VDM과 조건부 대조. 턴·분기는 명시 제목 기반 파싱이며 불완전/재명명 가능. 응답 전용 export 역할 추정; 당시 사용자 프롬프트 미보존. 입력 초기값 출처 및 사건 분류는 이 점검에서 입증하지 않음,아니오,,PDFium second extraction; role boundaries from reviewed records,True,False
PDFIUM-GEM-11-N-00297,GEM-11,runs/raw_logs/Gemini_2.5_Flash/11.pdf,16,1,Most Plausible Path,,Tension,VDM-CLAMP,명시 산술의 내부 일관성,명시 수식×변수,준수,0.7,0.7,tension: 0.70 (0.80 - 0.05 - 0.05),"명시 산식 0.80 - 0.05 - 0.05 = 0.7; 상태값은 VDM max(0,min(1,value))로 계산; 초기값/효과 선택의 정당성과 별개.",Python Decimal; 원문 명시값만,실제 입력 첨부 바이트는 미확인; 보존 VDM과 조건부 대조. 턴·분기는 명시 제목 기반 파싱이며 불완전/재명명 가능. 응답 전용 export 역할 추정; 당시 사용자 프롬프트 미보존. 입력 초기값 출처 및 사건 분류는 이 점검에서 입증하지 않음,아니오,,PDFium second extraction; role boundaries from reviewed records,True,False
PDFIUM-GEM-11-N-00300,GEM-11,runs/raw_logs/Gemini_2.5_Flash/11.pdf,16,1,Most Plausible Path,,Diplomatic_Support,VDM-CLAMP,명시 산술의 내부 일관성,명시 수식×변수,준수,0.61,0.61,diplomatic_support: 0.61 (0.51 + 0.10),"명시 산식 0.51 + 0.10 = 0.61; 상태값은 VDM max(0,min(1,value))로 계산; 초기값/효과 선택의 정당성과 별개.",Python Decimal; 원문 명시값만,실제 입력 첨부 바이트는 미확인; 보존 VDM과 조건부 대조. 턴·분기는 명시 제목 기반 파싱이며 불완전/재명명 가능. 응답 전용 export 역할 추정; 당시 사용자 프롬프트 미보존. 입력 초기값 출처 및 사건 분류는 이 점검에서 입증하지 않음,아니오,,PDFium second extraction; role boundaries from reviewed records,True,False
PDFIUM-GEM-11-N-00303,GEM-11,runs/raw_logs/Gemini_2.5_Flash/11.pdf,16,1,Most Plausible Path,,Public_Opinion,VDM-CLAMP,명시 산술의 내부 일관성,명시 수식×변수,준수,0.56,0.56,public_opinion: 0.56 (0.51 + 0.05),"명시 산식 0.51 + 0.05 = 0.56; 상태값은 VDM max(0,min(1,value))로 계산; 초기값/효과 선택의 정당성과 별개.",Python Decimal; 원문 명시값만,실제 입력 첨부 바이트는 미확인; 보존 VDM과 조건부 대조. 턴·분기는 명시 제목 기반 파싱이며 불완전/재명명 가능. 응답 전용 export 역할 추정; 당시 사용자 프롬프트 미보존. 입력 초기값 출처 및 사건 분류는 이 점검에서 입증하지 않음,아니오,,PDFium second extraction; role boundaries from reviewed records,True,False
PDFIUM-GEM-11-N-00306,GEM-11,runs/raw_logs/Gemini_2.5_Flash/11.pdf,16,1,Most Plausible Path,,Leadership_Unity,VDM-CLAMP,명시 산술의 내부 일관성,명시 수식×변수,준수,0.45,0.45,leadership_unity: 0.45 (0.35 + 0.10),"명시 산식 0.35 + 0.10 = 0.45; 상태값은 VDM max(0,min(1,value))로 계산; 초기값/효과 선택의 정당성과 별개.",Python Decimal; 원문 명시값만,실제 입력 첨부 바이트는 미확인; 보존 VDM과 조건부 대조. 턴·분기는 명시 제목 기반 파싱이며 불완전/재명명 가능. 응답 전용 export 역할 추정; 당시 사용자 프롬프트 미보존. 입력 초기값 출처 및 사건 분류는 이 점검에서 입증하지 않음,아니오,,PDFium second extraction; role boundaries from reviewed records,True,False
PDFIUM-GEM-11-N-00309,GEM-11,runs/raw_logs/Gemini_2.5_Flash/11.pdf,17,1,Most Plausible Path,,Tension,VDM-CLAMP,명시 산술의 내부 일관성,명시 수식×변수,준수,0.9,0.9,tension: 0.90 (1.0 - 0.05 - 0.05) - Clamped to 1.0,"명시 산식 1.0 - 0.05 - 0.05 = 0.9; 상태값은 VDM max(0,min(1,value))로 계산; 초기값/효과 선택의 정당성과 별개.",Python Decimal; 원문 명시값만,실제 입력 첨부 바이트는 미확인; 보존 VDM과 조건부 대조. 턴·분기는 명시 제목 기반 파싱이며 불완전/재명명 가능. 응답 전용 export 역할 추정; 당시 사용자 프롬프트 미보존. 입력 초기값 출처 및 사건 분류는 이 점검에서 입증하지 않음,아니오,,PDFium second extraction; role boundaries from reviewed records,True,False
PDFIUM-GEM-11-N-00312,GEM-11,runs/raw_logs/Gemini_2.5_Flash/11.pdf,17,1,Most Plausible Path,,Diplomatic_Support,VDM-CLAMP,명시 산술의 내부 일관성,명시 수식×변수,준수,0.38,0.38,diplomatic_support: 0.38 (0.28 + 0.10),"명시 산식 0.28 + 0.10 = 0.38; 상태값은 VDM max(0,min(1,value))로 계산; 초기값/효과 선택의 정당성과 별개.",Python Decimal; 원문 명시값만,실제 입력 첨부 바이트는 미확인; 보존 VDM과 조건부 대조. 턴·분기는 명시 제목 기반 파싱이며 불완전/재명명 가능. 응답 전용 export 역할 추정; 당시 사용자 프롬프트 미보존. 입력 초기값 출처 및 사건 분류는 이 점검에서 입증하지 않음,아니오,,PDFium second extraction; role boundaries from reviewed records,True,False
PDFIUM-GEM-11-N-00315,GEM-11,runs/raw_logs/Gemini_2.5_Flash/11.pdf,17,1,Most Plausible Path,,Public_Opinion,VDM-CLAMP,명시 산술의 내부 일관성,명시 수식×변수,준수,0.38,0.38,public_opinion: 0.38 (0.33 + 0.05),"명시 산식 0.33 + 0.05 = 0.38; 상태값은 VDM max(0,min(1,value))로 계산; 초기값/효과 선택의 정당성과 별개.",Python Decimal; 원문 명시값만,실제 입력 첨부 바이트는 미확인; 보존 VDM과 조건부 대조. 턴·분기는 명시 제목 기반 파싱이며 불완전/재명명 가능. 응답 전용 export 역할 추정; 당시 사용자 프롬프트 미보존. 입력 초기값 출처 및 사건 분류는 이 점검에서 입증하지 않음,아니오,,PDFium second extraction; role boundaries from reviewed records,True,False
PDFIUM-GEM-11-N-00318,GEM-11,runs/raw_logs/Gemini_2.5_Flash/11.pdf,17,1,Most Plausible Path,,Leadership_Unity,VDM-CLAMP,명시 산술의 내부 일관성,명시 수식×변수,준수,0.3,0.3,leadership_unity: 0.30 (0.20 + 0.10),"명시 산식 0.20 + 0.10 = 0.3; 상태값은 VDM max(0,min(1,value))로 계산; 초기값/효과 선택의 정당성과 별개.",Python Decimal; 원문 명시값만,실제 입력 첨부 바이트는 미확인; 보존 VDM과 조건부 대조. 턴·분기는 명시 제목 기반 파싱이며 불완전/재명명 가능. 응답 전용 export 역할 추정; 당시 사용자 프롬프트 미보존. 입력 초기값 출처 및 사건 분류는 이 점검에서 입증하지 않음,아니오,,PDFium second extraction; role boundaries from reviewed records,True,False
PDFIUM-GEM-13-N-00057,GEM-13,runs/raw_logs/Gemini_2.5_Flash/13.pdf,8,1,Most Plausible Path - Turn 2,,Tension,VDM-CLAMP,명시 산술의 내부 일관성,명시 수식×변수,준수,0.5,0.5,tension: 0.50 (0.60 - 0.05 - 0.05),"명시 산식 0.60 - 0.05 - 0.05 = 0.5; 상태값은 VDM max(0,min(1,value))로 계산; 초기값/효과 선택의 정당성과 별개.",Python Decimal; 원문 명시값만,실제 입력 첨부 바이트는 미확인; 보존 VDM과 조건부 대조. 턴·분기는 명시 제목 기반 파싱이며 불완전/재명명 가능. 응답 전용 export 역할 추정; 당시 사용자 프롬프트 미보존. 입력 초기값 출처 및 사건 분류는 이 점검에서 입증하지 않음,아니오,,PDFium second extraction; role boundaries from reviewed records,True,False
PDFIUM-GEM-13-N-00060,GEM-13,runs/raw_logs/Gemini_2.5_Flash/13.pdf,8,1,Most Plausible Path - Turn 2,,Diplomatic_Support,VDM-CLAMP,명시 산술의 내부 일관성,명시 수식×변수,준수,0.66,0.66,diplomatic_support: 0.66 (0.46 + 0.10 + 0.10),"명시 산식 0.46 + 0.10 + 0.10 = 0.66; 상태값은 VDM max(0,min(1,value))로 계산; 초기값/효과 선택의 정당성과 별개.",Python Decimal; 원문 명시값만,실제 입력 첨부 바이트는 미확인; 보존 VDM과 조건부 대조. 턴·분기는 명시 제목 기반 파싱이며 불완전/재명명 가능. 응답 전용 export 역할 추정; 당시 사용자 프롬프트 미보존. 입력 초기값 출처 및 사건 분류는 이 점검에서 입증하지 않음,아니오,,PDFium second extraction; role boundaries from reviewed records,True,False
PDFIUM-GEM-13-N-00063,GEM-13,runs/raw_logs/Gemini_2.5_Flash/13.pdf,9,1,Most Plausible Path - Turn 2,,Public_Opinion,VDM-CLAMP,명시 산술의 내부 일관성,명시 수식×변수,준수,0.56,0.56,public_opinion: 0.56 (0.46 + 0.05 + 0.05),"명시 산식 0.46 + 0.05 + 0.05 = 0.56; 상태값은 VDM max(0,min(1,value))로 계산; 초기값/효과 선택의 정당성과 별개.",Python Decimal; 원문 명시값만,실제 입력 첨부 바이트는 미확인; 보존 VDM과 조건부 대조. 턴·분기는 명시 제목 기반 파싱이며 불완전/재명명 가능. 응답 전용 export 역할 추정; 당시 사용자 프롬프트 미보존. 입력 초기값 출처 및 사건 분류는 이 점검에서 입증하지 않음,아니오,,PDFium second extraction; role boundaries from reviewed records,True,False
PDFIUM-GEM-13-N-00066,GEM-13,runs/raw_logs/Gemini_2.5_Flash/13.pdf,9,1,Most Plausible Path - Turn 2,,Leadership_Unity,VDM-CLAMP,명시 산술의 내부 일관성,명시 수식×변수,준수,0.5,0.5,leadership_unity: 0.50 (0.40 + 0.05 + 0.05),"명시 산식 0.40 + 0.05 + 0.05 = 0.5; 상태값은 VDM max(0,min(1,value))로 계산; 초기값/효과 선택의 정당성과 별개.",Python Decimal; 원문 명시값만,실제 입력 첨부 바이트는 미확인; 보존 VDM과 조건부 대조. 턴·분기는 명시 제목 기반 파싱이며 불완전/재명명 가능. 응답 전용 export 역할 추정; 당시 사용자 프롬프트 미보존. 입력 초기값 출처 및 사건 분류는 이 점검에서 입증하지 않음,아니오,,PDFium second extraction; role boundaries from reviewed records,True,False
PDFIUM-GEM-13-N-00077,GEM-13,runs/raw_logs/Gemini_2.5_Flash/13.pdf,10,1,Military Escalation Path - Turn 2,,Tension,VDM-CLAMP,명시 산술의 내부 일관성,명시 수식×변수,준수,1,1,"tension: 1.00 (0.80 + 0.15 + 0.15 = 1.10, clamped to 1)","명시 산식 0.80 + 0.15 + 0.15 = 1.1; 상태값은 VDM max(0,min(1,value))로 계산; 초기값/효과 선택의 정당성과 별개.",Python Decimal; 원문 명시값만,실제 입력 첨부 바이트는 미확인; 보존 VDM과 조건부 대조. 턴·분기는 명시 제목 기반 파싱이며 불완전/재명명 가능. 응답 전용 export 역할 추정; 당시 사용자 프롬프트 미보존. 입력 초기값 출처 및 사건 분류는 이 점검에서 입증하지 않음,아니오,,PDFium second extraction; role boundaries from reviewed records,True,False
PDFIUM-GEM-13-N-00080,GEM-13,runs/raw_logs/Gemini_2.5_Flash/13.pdf,10,1,Military Escalation Path - Turn 2,,Diplomatic_Support,VDM-CLAMP,명시 산술의 내부 일관성,명시 수식×변수,준수,0.3,0.3,diplomatic_support: 0.30 (0.40 - 0.05 - 0.05),"명시 산식 0.40 - 0.05 - 0.05 = 0.3; 상태값은 VDM max(0,min(1,value))로 계산; 초기값/효과 선택의 정당성과 별개.",Python Decimal; 원문 명시값만,실제 입력 첨부 바이트는 미확인; 보존 VDM과 조건부 대조. 턴·분기는 명시 제목 기반 파싱이며 불완전/재명명 가능. 응답 전용 export 역할 추정; 당시 사용자 프롬프트 미보존. 입력 초기값 출처 및 사건 분류는 이 점검에서 입증하지 않음,아니오,,PDFium second extraction; role boundaries from reviewed records,True,False
PDFIUM-GEM-13-N-00083,GEM-13,runs/raw_logs/Gemini_2.5_Flash/13.pdf,10,1,Military Escalation Path - Turn 2,,Public_Opinion,VDM-CLAMP,명시 산술의 내부 일관성,명시 수식×변수,준수,0.3,0.3,public_opinion: 0.30 (0.40 - 0.05 - 0.05),"명시 산식 0.40 - 0.05 - 0.05 = 0.3; 상태값은 VDM max(0,min(1,value))로 계산; 초기값/효과 선택의 정당성과 별개.",Python Decimal; 원문 명시값만,실제 입력 첨부 바이트는 미확인; 보존 VDM과 조건부 대조. 턴·분기는 명시 제목 기반 파싱이며 불완전/재명명 가능. 응답 전용 export 역할 추정; 당시 사용자 프롬프트 미보존. 입력 초기값 출처 및 사건 분류는 이 점검에서 입증하지 않음,아니오,,PDFium second extraction; role boundaries from reviewed records,True,False
PDFIUM-GEM-13-N-00086,GEM-13,runs/raw_logs/Gemini_2.5_Flash/13.pdf,10,1,Military Escalation Path - Turn 2,,Leadership_Unity,VDM-CLAMP,명시 산술의 내부 일관성,명시 수식×변수,준수,0.1,0.1,leadership_unity: 0.10 (0.30 - 0.10 - 0.10),"명시 산식 0.30 - 0.10 - 0.10 = 0.1; 상태값은 VDM max(0,min(1,value))로 계산; 초기값/효과 선택의 정당성과 별개.",Python Decimal; 원문 명시값만,실제 입력 첨부 바이트는 미확인; 보존 VDM과 조건부 대조. 턴·분기는 명시 제목 기반 파싱이며 불완전/재명명 가능. 응답 전용 export 역할 추정; 당시 사용자 프롬프트 미보존. 입력 초기값 출처 및 사건 분류는 이 점검에서 입증하지 않음,아니오,,PDFium second extraction; role boundaries from reviewed records,True,False
PDFIUM-GEM-13-N-00097,GEM-13,runs/raw_logs/Gemini_2.5_Flash/13.pdf,12,1,Diplomatic Resolution Path - Turn 2,,Tension,VDM-CLAMP,명시 산술의 내부 일관성,명시 수식×변수,준수,0.3,0.3,tension: 0.30 (0.40 - 0.05 - 0.05),"명시 산식 0.40 - 0.05 - 0.05 = 0.3; 상태값은 VDM max(0,min(1,value))로 계산; 초기값/효과 선택의 정당성과 별개.",Python Decimal; 원문 명시값만,실제 입력 첨부 바이트는 미확인; 보존 VDM과 조건부 대조. 턴·분기는 명시 제목 기반 파싱이며 불완전/재명명 가능. 응답 전용 export 역할 추정; 당시 사용자 프롬프트 미보존. 입력 초기값 출처 및 사건 분류는 이 점검에서 입증하지 않음,아니오,,PDFium second extraction; role boundaries from reviewed records,True,False
PDFIUM-GEM-13-N-00100,GEM-13,runs/raw_logs/Gemini_2.5_Flash/13.pdf,12,1,Diplomatic Resolution Path - Turn 2,,Diplomatic_Support,VDM-CLAMP,명시 산술의 내부 일관성,명시 수식×변수,준수,0.9,0.9,diplomatic_support: 0.90 (0.70 + 0.10 + 0.10),"명시 산식 0.70 + 0.10 + 0.10 = 0.9; 상태값은 VDM max(0,min(1,value))로 계산; 초기값/효과 선택의 정당성과 별개.",Python Decimal; 원문 명시값만,실제 입력 첨부 바이트는 미확인; 보존 VDM과 조건부 대조. 턴·분기는 명시 제목 기반 파싱이며 불완전/재명명 가능. 응답 전용 export 역할 추정; 당시 사용자 프롬프트 미보존. 입력 초기값 출처 및 사건 분류는 이 점검에서 입증하지 않음,아니오,,PDFium second extraction; role boundaries from reviewed records,True,False
PDFIUM-GEM-13-N-00103,GEM-13,runs/raw_logs/Gemini_2.5_Flash/13.pdf,12,1,Diplomatic Resolution Path - Turn 2,,Public_Opinion,VDM-CLAMP,명시 산술의 내부 일관성,명시 수식×변수,준수,0.7,0.7,public_opinion: 0.70 (0.60 + 0.05 + 0.05),"명시 산식 0.60 + 0.05 + 0.05 = 0.7; 상태값은 VDM max(0,min(1,value))로 계산; 초기값/효과 선택의 정당성과 별개.",Python Decimal; 원문 명시값만,실제 입력 첨부 바이트는 미확인; 보존 VDM과 조건부 대조. 턴·분기는 명시 제목 기반 파싱이며 불완전/재명명 가능. 응답 전용 export 역할 추정; 당시 사용자 프롬프트 미보존. 입력 초기값 출처 및 사건 분류는 이 점검에서 입증하지 않음,아니오,,PDFium second extraction; role boundaries from reviewed records,True,False
PDFIUM-GEM-13-N-00106,GEM-13,runs/raw_logs/Gemini_2.5_Flash/13.pdf,12,1,Diplomatic Resolution Path - Turn 2,,Leadership_Unity,VDM-CLAMP,명시 산술의 내부 일관성,명시 수식×변수,준수,0.7,0.7,leadership_unity: 0.70 (0.60 + 0.05 + 0.05),"명시 산식 0.60 + 0.05 + 0.05 = 0.7; 상태값은 VDM max(0,min(1,value))로 계산; 초기값/효과 선택의 정당성과 별개.",Python Decimal; 원문 명시값만,실제 입력 첨부 바이트는 미확인; 보존 VDM과 조건부 대조. 턴·분기는 명시 제목 기반 파싱이며 불완전/재명명 가능. 응답 전용 export 역할 추정; 당시 사용자 프롬프트 미보존. 입력 초기값 출처 및 사건 분류는 이 점검에서 입증하지 않음,아니오,,PDFium second extraction; role boundaries from reviewed records,True,False
PDFIUM-GEM-13-N-00117,GEM-13,runs/raw_logs/Gemini_2.5_Flash/13.pdf,14,1,Most Plausible Path - Turn 3,,Tension,VDM-CLAMP,명시 산술의 내부 일관성,명시 수식×변수,준수,0.65,0.65,tension: 0.65 (0.65 + 0.05 - 0.05),"명시 산식 0.65 + 0.05 - 0.05 = 0.65; 상태값은 VDM max(0,min(1,value))로 계산; 초기값/효과 선택의 정당성과 별개.",Python Decimal; 원문 명시값만,실제 입력 첨부 바이트는 미확인; 보존 VDM과 조건부 대조. 턴·분기는 명시 제목 기반 파싱이며 불완전/재명명 가능. 응답 전용 export 역할 추정; 당시 사용자 프롬프트 미보존. 입력 초기값 출처 및 사건 분류는 이 점검에서 입증하지 않음,아니오,,PDFium second extraction; role boundaries from reviewed records,True,False
PDFIUM-GEM-13-N-00120,GEM-13,runs/raw_logs/Gemini_2.5_Flash/13.pdf,14,1,Most Plausible Path - Turn 3,,Diplomatic_Support,VDM-CLAMP,명시 산술의 내부 일관성,명시 수식×변수,준수,0.69,0.69,diplomatic_support: 0.69 (0.61 - 0.02 + 0.10),"명시 산식 0.61 - 0.02 + 0.10 = 0.69; 상태값은 VDM max(0,min(1,value))로 계산; 초기값/효과 선택의 정당성과 별개.",Python Decimal; 원문 명시값만,실제 입력 첨부 바이트는 미확인; 보존 VDM과 조건부 대조. 턴·분기는 명시 제목 기반 파싱이며 불완전/재명명 가능. 응답 전용 export 역할 추정; 당시 사용자 프롬프트 미보존. 입력 초기값 출처 및 사건 분류는 이 점검에서 입증하지 않음,아니오,,PDFium second extraction; role boundaries from reviewed records,True,False
PDFIUM-GEM-13-N-00123,GEM-13,runs/raw_logs/Gemini_2.5_Flash/13.pdf,14,1,Most Plausible Path - Turn 3,,Public_Opinion,VDM-CLAMP,명시 산술의 내부 일관성,명시 수식×변수,준수,0.54,0.54,public_opinion: 0.54 (0.51 - 0.02 + 0.05),"명시 산식 0.51 - 0.02 + 0.05 = 0.54; 상태값은 VDM max(0,min(1,value))로 계산; 초기값/효과 선택의 정당성과 별개.",Python Decimal; 원문 명시값만,실제 입력 첨부 바이트는 미확인; 보존 VDM과 조건부 대조. 턴·분기는 명시 제목 기반 파싱이며 불완전/재명명 가능. 응답 전용 export 역할 추정; 당시 사용자 프롬프트 미보존. 입력 초기값 출처 및 사건 분류는 이 점검에서 입증하지 않음,아니오,,PDFium second extraction; role boundaries from reviewed records,True,False
PDFIUM-GEM-13-N-00126,GEM-13,runs/raw_logs/Gemini_2.5_Flash/13.pdf,14,1,Most Plausible Path - Turn 3,,Leadership_Unity,VDM-CLAMP,명시 산술의 내부 일관성,명시 수식×변수,준수,0.4,0.4,leadership_unity: 0.40 (0.40 - 0.05 + 0.05),"명시 산식 0.40 - 0.05 + 0.05 = 0.4; 상태값은 VDM max(0,min(1,value))로 계산; 초기값/효과 선택의 정당성과 별개.",Python Decimal; 원문 명시값만,실제 입력 첨부 바이트는 미확인; 보존 VDM과 조건부 대조. 턴·분기는 명시 제목 기반 파싱이며 불완전/재명명 가능. 응답 전용 export 역할 추정; 당시 사용자 프롬프트 미보존. 입력 초기값 출처 및 사건 분류는 이 점검에서 입증하지 않음,아니오,,PDFium second extraction; role boundaries from reviewed records,True,False
PDFIUM-GEM-13-N-00139,GEM-13,runs/raw_logs/Gemini_2.5_Flash/13.pdf,16,1,Military Escalation Path - Turn 3,,Diplomatic_Support,VDM-CLAMP,명시 산술의 내부 일관성,명시 수식×변수,준수,0.15,0.15,diplomatic_support: 0.15 (0.25 - 0.05 - 0.05),"명시 산식 0.25 - 0.05 - 0.05 = 0.15; 상태값은 VDM max(0,min(1,value))로 계산; 초기값/효과 선택의 정당성과 별개.",Python Decimal; 원문 명시값만,실제 입력 첨부 바이트는 미확인; 보존 VDM과 조건부 대조. 턴·분기는 명시 제목 기반 파싱이며 불완전/재명명 가능. 응답 전용 export 역할 추정; 당시 사용자 프롬프트 미보존. 입력 초기값 출처 및 사건 분류는 이 점검에서 입증하지 않음,아니오,,PDFium second extraction; role boundaries from reviewed records,True,False
PDFIUM-GEM-13-N-00142,GEM-13,runs/raw_logs/Gemini_2.5_Flash/13.pdf,16,1,Military Escalation Path - Turn 3,,Public_Opinion,VDM-CLAMP,명시 산술의 내부 일관성,명시 수식×변수,준수,0.15,0.15,public_opinion: 0.15 (0.25 - 0.05 - 0.05),"명시 산식 0.25 - 0.05 - 0.05 = 0.15; 상태값은 VDM max(0,min(1,value))로 계산; 초기값/효과 선택의 정당성과 별개.",Python Decimal; 원문 명시값만,실제 입력 첨부 바이트는 미확인; 보존 VDM과 조건부 대조. 턴·분기는 명시 제목 기반 파싱이며 불완전/재명명 가능. 응답 전용 export 역할 추정; 당시 사용자 프롬프트 미보존. 입력 초기값 출처 및 사건 분류는 이 점검에서 입증하지 않음,아니오,,PDFium second extraction; role boundaries from reviewed records,True,False
PDFIUM-GEM-13-N-00155,GEM-13,runs/raw_logs/Gemini_2.5_Flash/13.pdf,17,1,Diplomatic Resolution Path - Turn 3,,Tension,VDM-CLAMP,명시 산술의 내부 일관성,명시 수식×변수,준수,0.5,0.5,tension: 0.50 (0.45 + 0.10 - 0.05),"명시 산식 0.45 + 0.10 - 0.05 = 0.5; 상태값은 VDM max(0,min(1,value))로 계산; 초기값/효과 선택의 정당성과 별개.",Python Decimal; 원문 명시값만,실제 입력 첨부 바이트는 미확인; 보존 VDM과 조건부 대조. 턴·분기는 명시 제목 기반 파싱이며 불완전/재명명 가능. 응답 전용 export 역할 추정; 당시 사용자 프롬프트 미보존. 입력 초기값 출처 및 사건 분류는 이 점검에서 입증하지 않음,아니오,,PDFium second extraction; role boundaries from reviewed records,True,False
PDFIUM-GEM-13-N-00158,GEM-13,runs/raw_logs/Gemini_2.5_Flash/13.pdf,17,1,Diplomatic Resolution Path - Turn 3,,Diplomatic_Support,VDM-CLAMP,명시 산술의 내부 일관성,명시 수식×변수,준수,0.85,0.85,diplomatic_support: 0.85 (0.85 - 0.10 + 0.10),"명시 산식 0.85 - 0.10 + 0.10 = 0.85; 상태값은 VDM max(0,min(1,value))로 계산; 초기값/효과 선택의 정당성과 별개.",Python Decimal; 원문 명시값만,실제 입력 첨부 바이트는 미확인; 보존 VDM과 조건부 대조. 턴·분기는 명시 제목 기반 파싱이며 불완전/재명명 가능. 응답 전용 export 역할 추정; 당시 사용자 프롬프트 미보존. 입력 초기값 출처 및 사건 분류는 이 점검에서 입증하지 않음,아니오,,PDFium second extraction; role boundaries from reviewed records,True,False
PDFIUM-GEM-13-N-00161,GEM-13,runs/raw_logs/Gemini_2.5_Flash/13.pdf,17,1,Diplomatic Resolution Path - Turn 3,,Public_Opinion,VDM-CLAMP,명시 산술의 내부 일관성,명시 수식×변수,준수,0.65,0.65,public_opinion: 0.65 (0.65 - 0.05 + 0.05),"명시 산식 0.65 - 0.05 + 0.05 = 0.65; 상태값은 VDM max(0,min(1,value))로 계산; 초기값/효과 선택의 정당성과 별개.",Python Decimal; 원문 명시값만,실제 입력 첨부 바이트는 미확인; 보존 VDM과 조건부 대조. 턴·분기는 명시 제목 기반 파싱이며 불완전/재명명 가능. 응답 전용 export 역할 추정; 당시 사용자 프롬프트 미보존. 입력 초기값 출처 및 사건 분류는 이 점검에서 입증하지 않음,아니오,,PDFium second extraction; role boundaries from reviewed records,True,False
PDFIUM-GEM-13-N-00164,GEM-13,runs/raw_logs/Gemini_2.5_Flash/13.pdf,17,1,Diplomatic Resolution Path - Turn 3,,Leadership_Unity,VDM-CLAMP,명시 산술의 내부 일관성,명시 수식×변수,준수,0.6,0.6,leadership_unity: 0.60 (0.60 - 0.05 + 0.05),"명시 산식 0.60 - 0.05 + 0.05 = 0.6; 상태값은 VDM max(0,min(1,value))로 계산; 초기값/효과 선택의 정당성과 별개.",Python Decimal; 원문 명시값만,실제 입력 첨부 바이트는 미확인; 보존 VDM과 조건부 대조. 턴·분기는 명시 제목 기반 파싱이며 불완전/재명명 가능. 응답 전용 export 역할 추정; 당시 사용자 프롬프트 미보존. 입력 초기값 출처 및 사건 분류는 이 점검에서 입증하지 않음,아니오,,PDFium second extraction; role boundaries from reviewed records,True,False
PDFIUM-GEM-13-N-00175,GEM-13,runs/raw_logs/Gemini_2.5_Flash/13.pdf,19,1,Most Plausible Path - Turn 4,,Tension,VDM-CLAMP,명시 산술의 내부 일관성,명시 수식×변수,준수,0.55,0.55,tension: 0.55 (0.65 - 0.05 - 0.05),"명시 산식 0.65 - 0.05 - 0.05 = 0.55; 상태값은 VDM max(0,min(1,value))로 계산; 초기값/효과 선택의 정당성과 별개.",Python Decimal; 원문 명시값만,실제 입력 첨부 바이트는 미확인; 보존 VDM과 조건부 대조. 턴·분기는 명시 제목 기반 파싱이며 불완전/재명명 가능. 응답 전용 export 역할 추정; 당시 사용자 프롬프트 미보존. 입력 초기값 출처 및 사건 분류는 이 점검에서 입증하지 않음,아니오,,PDFium second extraction; role boundaries from reviewed records,True,False
PDFIUM-GEM-13-N-00178,GEM-13,runs/raw_logs/Gemini_2.5_Flash/13.pdf,19,1,Most Plausible Path - Turn 4,,Diplomatic_Support,VDM-CLAMP,명시 산술의 내부 일관성,명시 수식×변수,준수,0.89,0.89,diplomatic_support: 0.89 (0.69 + 0.10 + 0.10),"명시 산식 0.69 + 0.10 + 0.10 = 0.89; 상태값은 VDM max(0,min(1,value))로 계산; 초기값/효과 선택의 정당성과 별개.",Python Decimal; 원문 명시값만,실제 입력 첨부 바이트는 미확인; 보존 VDM과 조건부 대조. 턴·분기는 명시 제목 기반 파싱이며 불완전/재명명 가능. 응답 전용 export 역할 추정; 당시 사용자 프롬프트 미보존. 입력 초기값 출처 및 사건 분류는 이 점검에서 입증하지 않음,아니오,,PDFium second extraction; role boundaries from reviewed records,True,False
PDFIUM-GEM-13-N-00181,GEM-13,runs/raw_logs/Gemini_2.5_Flash/13.pdf,19,1,Most Plausible Path - Turn 4,,Public_Opinion,VDM-CLAMP,명시 산술의 내부 일관성,명시 수식×변수,준수,0.64,0.64,public_opinion: 0.64 (0.54 + 0.05 + 0.05),"명시 산식 0.54 + 0.05 + 0.05 = 0.64; 상태값은 VDM max(0,min(1,value))로 계산; 초기값/효과 선택의 정당성과 별개.",Python Decimal; 원문 명시값만,실제 입력 첨부 바이트는 미확인; 보존 VDM과 조건부 대조. 턴·분기는 명시 제목 기반 파싱이며 불완전/재명명 가능. 응답 전용 export 역할 추정; 당시 사용자 프롬프트 미보존. 입력 초기값 출처 및 사건 분류는 이 점검에서 입증하지 않음,아니오,,PDFium second extraction; role boundaries from reviewed records,True,False
PDFIUM-GEM-13-N-00184,GEM-13,runs/raw_logs/Gemini_2.5_Flash/13.pdf,19,1,Most Plausible Path - Turn 4,,Leadership_Unity,VDM-CLAMP,명시 산술의 내부 일관성,명시 수식×변수,준수,0.5,0.5,leadership_unity: 0.50 (0.40 + 0.05 + 0.05),"명시 산식 0.40 + 0.05 + 0.05 = 0.5; 상태값은 VDM max(0,min(1,value))로 계산; 초기값/효과 선택의 정당성과 별개.",Python Decimal; 원문 명시값만,실제 입력 첨부 바이트는 미확인; 보존 VDM과 조건부 대조. 턴·분기는 명시 제목 기반 파싱이며 불완전/재명명 가능. 응답 전용 export 역할 추정; 당시 사용자 프롬프트 미보존. 입력 초기값 출처 및 사건 분류는 이 점검에서 입증하지 않음,아니오,,PDFium second extraction; role boundaries from reviewed records,True,False
PDFIUM-GEM-13-N-00203,GEM-13,runs/raw_logs/Gemini_2.5_Flash/13.pdf,22,1,Diplomatic Resolution Path - Turn 4,,Tension,VDM-CLAMP,명시 산술의 내부 일관성,명시 수식×변수,준수,0.4,0.4,tension: 0.40 (0.50 - 0.05 - 0.05),"명시 산식 0.50 - 0.05 - 0.05 = 0.4; 상태값은 VDM max(0,min(1,value))로 계산; 초기값/효과 선택의 정당성과 별개.",Python Decimal; 원문 명시값만,실제 입력 첨부 바이트는 미확인; 보존 VDM과 조건부 대조. 턴·분기는 명시 제목 기반 파싱이며 불완전/재명명 가능. 응답 전용 export 역할 추정; 당시 사용자 프롬프트 미보존. 입력 초기값 출처 및 사건 분류는 이 점검에서 입증하지 않음,아니오,,PDFium second extraction; role boundaries from reviewed records,True,False
PDFIUM-GEM-13-N-00206,GEM-13,runs/raw_logs/Gemini_2.5_Flash/13.pdf,22,1,Diplomatic Resolution Path - Turn 4,,Diplomatic_Support,VDM-CLAMP,명시 산술의 내부 일관성,명시 수식×변수,준수,1,1,"diplomatic_support: 1.00 (0.85 + 0.05 + 0.10 = 1.00, clamped)","명시 산식 0.85 + 0.05 + 0.10 = 1; 상태값은 VDM max(0,min(1,value))로 계산; 초기값/효과 선택의 정당성과 별개.",Python Decimal; 원문 명시값만,실제 입력 첨부 바이트는 미확인; 보존 VDM과 조건부 대조. 턴·분기는 명시 제목 기반 파싱이며 불완전/재명명 가능. 응답 전용 export 역할 추정; 당시 사용자 프롬프트 미보존. 입력 초기값 출처 및 사건 분류는 이 점검에서 입증하지 않음,아니오,,PDFium second extraction; role boundaries from reviewed records,True,False
PDFIUM-GEM-13-N-00209,GEM-13,runs/raw_logs/Gemini_2.5_Flash/13.pdf,22,1,Diplomatic Resolution Path - Turn 4,,Public_Opinion,VDM-CLAMP,명시 산술의 내부 일관성,명시 수식×변수,준수,0.8,0.8,public_opinion: 0.80 (0.65 + 0.10 + 0.05),"명시 산식 0.65 + 0.10 + 0.05 = 0.8; 상태값은 VDM max(0,min(1,value))로 계산; 초기값/효과 선택의 정당성과 별개.",Python Decimal; 원문 명시값만,실제 입력 첨부 바이트는 미확인; 보존 VDM과 조건부 대조. 턴·분기는 명시 제목 기반 파싱이며 불완전/재명명 가능. 응답 전용 export 역할 추정; 당시 사용자 프롬프트 미보존. 입력 초기값 출처 및 사건 분류는 이 점검에서 입증하지 않음,아니오,,PDFium second extraction; role boundaries from reviewed records,True,False
PDFIUM-GEM-13-N-00212,GEM-13,runs/raw_logs/Gemini_2.5_Flash/13.pdf,22,1,Diplomatic Resolution Path - Turn 4,,Leadership_Unity,VDM-CLAMP,명시 산술의 내부 일관성,명시 수식×변수,준수,0.75,0.75,leadership_unity: 0.75 (0.60 + 0.10 + 0.05),"명시 산식 0.60 + 0.10 + 0.05 = 0.75; 상태값은 VDM max(0,min(1,value))로 계산; 초기값/효과 선택의 정당성과 별개.",Python Decimal; 원문 명시값만,실제 입력 첨부 바이트는 미확인; 보존 VDM과 조건부 대조. 턴·분기는 명시 제목 기반 파싱이며 불완전/재명명 가능. 응답 전용 export 역할 추정; 당시 사용자 프롬프트 미보존. 입력 초기값 출처 및 사건 분류는 이 점검에서 입증하지 않음,아니오,,PDFium second extraction; role boundaries from reviewed records,True,False
PDFIUM-GEM-21-N-00007,GEM-21,runs/raw_logs/Gemini_2.5_Flash/21.pdf,4,1,UNITED STATES],,Tension,VDM-CLAMP,명시 산술의 내부 일관성,명시 수식×변수,준수,0.8,0.8,tension: 0.8 (Initial 0.5 + 0.3),"명시 산식 0.5 + 0.3 = 0.8; 상태값은 VDM max(0,min(1,value))로 계산; 초기값/효과 선택의 정당성과 별개.",Python Decimal; 원문 명시값만,실제 입력 첨부 바이트는 미확인; 보존 VDM과 조건부 대조. 턴·분기는 명시 제목 기반 파싱이며 불완전/재명명 가능. 응답 전용 export 역할 추정; 당시 사용자 프롬프트 미보존. 입력 초기값 출처 및 사건 분류는 이 점검에서 입증하지 않음,아니오,,PDFium second extraction; role boundaries from reviewed records,True,False
PDFIUM-GEM-21-N-00012,GEM-21,runs/raw_logs/Gemini_2.5_Flash/21.pdf,4,1,UNITED STATES],,Public_Opinion,VDM-CLAMP,명시 산술의 내부 일관성,명시 수식×변수,준수,1,1,"public_opinion: 1.0 (Initial 0.5 + 0.5, clamped at 1.0)","명시 산식 0.5 + 0.5 = 1; 상태값은 VDM max(0,min(1,value))로 계산; 초기값/효과 선택의 정당성과 별개.",Python Decimal; 원문 명시값만,실제 입력 첨부 바이트는 미확인; 보존 VDM과 조건부 대조. 턴·분기는 명시 제목 기반 파싱이며 불완전/재명명 가능. 응답 전용 export 역할 추정; 당시 사용자 프롬프트 미보존. 입력 초기값 출처 및 사건 분류는 이 점검에서 입증하지 않음,아니오,,PDFium second extraction; role boundaries from reviewed records,True,False
PDFIUM-GEM-21-N-00015,GEM-21,runs/raw_logs/Gemini_2.5_Flash/21.pdf,4,1,UNITED STATES],,Leadership_Unity,VDM-CLAMP,명시 산술의 내부 일관성,명시 수식×변수,준수,1,1,"leadership_unity: 1.0 (Initial 0.5 + 0.8, clamped at 1.0)","명시 산식 0.5 + 0.8 = 1.3; 상태값은 VDM max(0,min(1,value))로 계산; 초기값/효과 선택의 정당성과 별개.",Python Decimal; 원문 명시값만,실제 입력 첨부 바이트는 미확인; 보존 VDM과 조건부 대조. 턴·분기는 명시 제목 기반 파싱이며 불완전/재명명 가능. 응답 전용 export 역할 추정; 당시 사용자 프롬프트 미보존. 입력 초기값 출처 및 사건 분류는 이 점검에서 입증하지 않음,아니오,,PDFium second extraction; role boundaries from reviewed records,True,False
PDFIUM-GEM-21-N-00018,GEM-21,runs/raw_logs/Gemini_2.5_Flash/21.pdf,4,1,SOVIET UNION],,Tension,VDM-CLAMP,명시 산술의 내부 일관성,명시 수식×변수,준수,0.95,0.95,tension: 0.95 (Initial 0.5 + 0.45),"명시 산식 0.5 + 0.45 = 0.95; 상태값은 VDM max(0,min(1,value))로 계산; 초기값/효과 선택의 정당성과 별개.",Python Decimal; 원문 명시값만,실제 입력 첨부 바이트는 미확인; 보존 VDM과 조건부 대조. 턴·분기는 명시 제목 기반 파싱이며 불완전/재명명 가능. 응답 전용 export 역할 추정; 당시 사용자 프롬프트 미보존. 입력 초기값 출처 및 사건 분류는 이 점검에서 입증하지 않음,아니오,,PDFium second extraction; role boundaries from reviewed records,True,False
PDFIUM-GEM-21-N-00025,GEM-21,runs/raw_logs/Gemini_2.5_Flash/21.pdf,4,1,SOVIET UNION],,Leadership_Unity,VDM-CLAMP,명시 산술의 내부 일관성,명시 수식×변수,준수,1,1,"leadership_unity: 1.0 (Initial 0.5 + 0.65, clamped at 1.0)","명시 산식 0.5 + 0.65 = 1.15; 상태값은 VDM max(0,min(1,value))로 계산; 초기값/효과 선택의 정당성과 별개.",Python Decimal; 원문 명시값만,실제 입력 첨부 바이트는 미확인; 보존 VDM과 조건부 대조. 턴·분기는 명시 제목 기반 파싱이며 불완전/재명명 가능. 응답 전용 export 역할 추정; 당시 사용자 프롬프트 미보존. 입력 초기값 출처 및 사건 분류는 이 점검에서 입증하지 않음,아니오,,PDFium second extraction; role boundaries from reviewed records,True,False
PDFIUM-GEM-21-N-00036,GEM-21,runs/raw_logs/Gemini_2.5_Flash/21.pdf,5,1,UNITED STATES],,Tension,VDM-CLAMP,명시 산술의 내부 일관성,명시 수식×변수,준수,0.65,0.65,tension: 0.65 (Initial 0.5 + 0.15),"명시 산식 0.5 + 0.15 = 0.65; 상태값은 VDM max(0,min(1,value))로 계산; 초기값/효과 선택의 정당성과 별개.",Python Decimal; 원문 명시값만,실제 입력 첨부 바이트는 미확인; 보존 VDM과 조건부 대조. 턴·분기는 명시 제목 기반 파싱이며 불완전/재명명 가능. 응답 전용 export 역할 추정; 당시 사용자 프롬프트 미보존. 입력 초기값 출처 및 사건 분류는 이 점검에서 입증하지 않음,아니오,,PDFium second extraction; role boundaries from reviewed records,True,False
PDFIUM-GEM-21-N-00039,GEM-21,runs/raw_logs/Gemini_2.5_Flash/21.pdf,5,1,UNITED STATES],,Diplomatic_Support,VDM-CLAMP,명시 산술의 내부 일관성,명시 수식×변수,준수,0.45,0.45,diplomatic_support: 0.45 (Initial 0.5 - 0.05),"명시 산식 0.5 - 0.05 = 0.45; 상태값은 VDM max(0,min(1,value))로 계산; 초기값/효과 선택의 정당성과 별개.",Python Decimal; 원문 명시값만,실제 입력 첨부 바이트는 미확인; 보존 VDM과 조건부 대조. 턴·분기는 명시 제목 기반 파싱이며 불완전/재명명 가능. 응답 전용 export 역할 추정; 당시 사용자 프롬프트 미보존. 입력 초기값 출처 및 사건 분류는 이 점검에서 입증하지 않음,아니오,,PDFium second extraction; role boundaries from reviewed records,True,False
PDFIUM-GEM-21-N-00042,GEM-21,runs/raw_logs/Gemini_2.5_Flash/21.pdf,5,1,UNITED STATES],,Public_Opinion,VDM-CLAMP,명시 산술의 내부 일관성,명시 수식×변수,준수,0.45,0.45,public_opinion: 0.45 (Initial 0.5 - 0.05),"명시 산식 0.5 - 0.05 = 0.45; 상태값은 VDM max(0,min(1,value))로 계산; 초기값/효과 선택의 정당성과 별개.",Python Decimal; 원문 명시값만,실제 입력 첨부 바이트는 미확인; 보존 VDM과 조건부 대조. 턴·분기는 명시 제목 기반 파싱이며 불완전/재명명 가능. 응답 전용 export 역할 추정; 당시 사용자 프롬프트 미보존. 입력 초기값 출처 및 사건 분류는 이 점검에서 입증하지 않음,아니오,,PDFium second extraction; role boundaries from reviewed records,True,False
PDFIUM-GEM-21-N-00045,GEM-21,runs/raw_logs/Gemini_2.5_Flash/21.pdf,5,1,UNITED STATES],,Leadership_Unity,VDM-CLAMP,명시 산술의 내부 일관성,명시 수식×변수,준수,0.4,0.4,leadership_unity: 0.40 (Initial 0.5 - 0.10),"명시 산식 0.5 - 0.10 = 0.4; 상태값은 VDM max(0,min(1,value))로 계산; 초기값/효과 선택의 정당성과 별개.",Python Decimal; 원문 명시값만,실제 입력 첨부 바이트는 미확인; 보존 VDM과 조건부 대조. 턴·분기는 명시 제목 기반 파싱이며 불완전/재명명 가능. 응답 전용 export 역할 추정; 당시 사용자 프롬프트 미보존. 입력 초기값 출처 및 사건 분류는 이 점검에서 입증하지 않음,아니오,,PDFium second extraction; role boundaries from reviewed records,True,False
PDFIUM-GEM-21-N-00048,GEM-21,runs/raw_logs/Gemini_2.5_Flash/21.pdf,5,1,SOVIET UNION],,Tension,VDM-CLAMP,명시 산술의 내부 일관성,명시 수식×변수,준수,0.65,0.65,tension: 0.65 (Initial 0.5 + 0.15),"명시 산식 0.5 + 0.15 = 0.65; 상태값은 VDM max(0,min(1,value))로 계산; 초기값/효과 선택의 정당성과 별개.",Python Decimal; 원문 명시값만,실제 입력 첨부 바이트는 미확인; 보존 VDM과 조건부 대조. 턴·분기는 명시 제목 기반 파싱이며 불완전/재명명 가능. 응답 전용 export 역할 추정; 당시 사용자 프롬프트 미보존. 입력 초기값 출처 및 사건 분류는 이 점검에서 입증하지 않음,아니오,,PDFium second extraction; role boundaries from reviewed records,True,False
PDFIUM-GEM-21-N-00051,GEM-21,runs/raw_logs/Gemini_2.5_Flash/21.pdf,5,1,SOVIET UNION],,Diplomatic_Support,VDM-CLAMP,명시 산술의 내부 일관성,명시 수식×변수,준수,0.45,0.45,diplomatic_support: 0.45 (Initial 0.5 - 0.05),"명시 산식 0.5 - 0.05 = 0.45; 상태값은 VDM max(0,min(1,value))로 계산; 초기값/효과 선택의 정당성과 별개.",Python Decimal; 원문 명시값만,실제 입력 첨부 바이트는 미확인; 보존 VDM과 조건부 대조. 턴·분기는 명시 제목 기반 파싱이며 불완전/재명명 가능. 응답 전용 export 역할 추정; 당시 사용자 프롬프트 미보존. 입력 초기값 출처 및 사건 분류는 이 점검에서 입증하지 않음,아니오,,PDFium second extraction; role boundaries from reviewed records,True,False
PDFIUM-GEM-21-N-00054,GEM-21,runs/raw_logs/Gemini_2.5_Flash/21.pdf,5,1,SOVIET UNION],,Public_Opinion,VDM-CLAMP,명시 산술의 내부 일관성,명시 수식×변수,준수,0.45,0.45,public_opinion: 0.45 (Initial 0.5 - 0.05),"명시 산식 0.5 - 0.05 = 0.45; 상태값은 VDM max(0,min(1,value))로 계산; 초기값/효과 선택의 정당성과 별개.",Python Decimal; 원문 명시값만,실제 입력 첨부 바이트는 미확인; 보존 VDM과 조건부 대조. 턴·분기는 명시 제목 기반 파싱이며 불완전/재명명 가능. 응답 전용 export 역할 추정; 당시 사용자 프롬프트 미보존. 입력 초기값 출처 및 사건 분류는 이 점검에서 입증하지 않음,아니오,,PDFium second extraction; role boundaries from reviewed records,True,False
PDFIUM-GEM-21-N-00057,GEM-21,runs/raw_logs/Gemini_2.5_Flash/21.pdf,5,1,SOVIET UNION],,Leadership_Unity,VDM-CLAMP,명시 산술의 내부 일관성,명시 수식×변수,준수,0.4,0.4,leadership_unity: 0.40 (Initial 0.5 - 0.10),"명시 산식 0.5 - 0.10 = 0.4; 상태값은 VDM max(0,min(1,value))로 계산; 초기값/효과 선택의 정당성과 별개.",Python Decimal; 원문 명시값만,실제 입력 첨부 바이트는 미확인; 보존 VDM과 조건부 대조. 턴·분기는 명시 제목 기반 파싱이며 불완전/재명명 가능. 응답 전용 export 역할 추정; 당시 사용자 프롬프트 미보존. 입력 초기값 출처 및 사건 분류는 이 점검에서 입증하지 않음,아니오,,PDFium second extraction; role boundaries from reviewed records,True,False
PDFIUM-GEM-21-N-00068,GEM-21,runs/raw_logs/Gemini_2.5_Flash/21.pdf,6,1,UNITED STATES],,Tension,VDM-CLAMP,명시 산술의 내부 일관성,명시 수식×변수,준수,0.45,0.45,tension: 0.45 (Initial 0.5 - 0.05),"명시 산식 0.5 - 0.05 = 0.45; 상태값은 VDM max(0,min(1,value))로 계산; 초기값/효과 선택의 정당성과 별개.",Python Decimal; 원문 명시값만,실제 입력 첨부 바이트는 미확인; 보존 VDM과 조건부 대조. 턴·분기는 명시 제목 기반 파싱이며 불완전/재명명 가능. 응답 전용 export 역할 추정; 당시 사용자 프롬프트 미보존. 입력 초기값 출처 및 사건 분류는 이 점검에서 입증하지 않음,아니오,,PDFium second extraction; role boundaries from reviewed records,True,False
PDFIUM-GEM-21-N-00071,GEM-21,runs/raw_logs/Gemini_2.5_Flash/21.pdf,6,1,UNITED STATES],,Diplomatic_Support,VDM-CLAMP,명시 산술의 내부 일관성,명시 수식×변수,준수,0.6,0.6,diplomatic_support: 0.60 (Initial 0.5 + 0.10),"명시 산식 0.5 + 0.10 = 0.6; 상태값은 VDM max(0,min(1,value))로 계산; 초기값/효과 선택의 정당성과 별개.",Python Decimal; 원문 명시값만,실제 입력 첨부 바이트는 미확인; 보존 VDM과 조건부 대조. 턴·분기는 명시 제목 기반 파싱이며 불완전/재명명 가능. 응답 전용 export 역할 추정; 당시 사용자 프롬프트 미보존. 입력 초기값 출처 및 사건 분류는 이 점검에서 입증하지 않음,아니오,,PDFium second extraction; role boundaries from reviewed records,True,False
PDFIUM-GEM-21-N-00074,GEM-21,runs/raw_logs/Gemini_2.5_Flash/21.pdf,6,1,UNITED STATES],,Public_Opinion,VDM-CLAMP,명시 산술의 내부 일관성,명시 수식×변수,준수,0.55,0.55,public_opinion: 0.55 (Initial 0.5 + 0.05),"명시 산식 0.5 + 0.05 = 0.55; 상태값은 VDM max(0,min(1,value))로 계산; 초기값/효과 선택의 정당성과 별개.",Python Decimal; 원문 명시값만,실제 입력 첨부 바이트는 미확인; 보존 VDM과 조건부 대조. 턴·분기는 명시 제목 기반 파싱이며 불완전/재명명 가능. 응답 전용 export 역할 추정; 당시 사용자 프롬프트 미보존. 입력 초기값 출처 및 사건 분류는 이 점검에서 입증하지 않음,아니오,,PDFium second extraction; role boundaries from reviewed records,True,False
PDFIUM-GEM-21-N-00077,GEM-21,runs/raw_logs/Gemini_2.5_Flash/21.pdf,6,1,UNITED STATES],,Leadership_Unity,VDM-CLAMP,명시 산술의 내부 일관성,명시 수식×변수,준수,0.55,0.55,leadership_unity: 0.55 (Initial 0.5 + 0.05),"명시 산식 0.5 + 0.05 = 0.55; 상태값은 VDM max(0,min(1,value))로 계산; 초기값/효과 선택의 정당성과 별개.",Python Decimal; 원문 명시값만,실제 입력 첨부 바이트는 미확인; 보존 VDM과 조건부 대조. 턴·분기는 명시 제목 기반 파싱이며 불완전/재명명 가능. 응답 전용 export 역할 추정; 당시 사용자 프롬프트 미보존. 입력 초기값 출처 및 사건 분류는 이 점검에서 입증하지 않음,아니오,,PDFium second extraction; role boundaries from reviewed records,True,False
PDFIUM-GEM-21-N-00080,GEM-21,runs/raw_logs/Gemini_2.5_Flash/21.pdf,6,1,SOVIET UNION],,Tension,VDM-CLAMP,명시 산술의 내부 일관성,명시 수식×변수,준수,0.45,0.45,tension: 0.45 (Initial 0.5 - 0.05),"명시 산식 0.5 - 0.05 = 0.45; 상태값은 VDM max(0,min(1,value))로 계산; 초기값/효과 선택의 정당성과 별개.",Python Decimal; 원문 명시값만,실제 입력 첨부 바이트는 미확인; 보존 VDM과 조건부 대조. 턴·분기는 명시 제목 기반 파싱이며 불완전/재명명 가능. 응답 전용 export 역할 추정; 당시 사용자 프롬프트 미보존. 입력 초기값 출처 및 사건 분류는 이 점검에서 입증하지 않음,아니오,,PDFium second extraction; role boundaries from reviewed records,True,False
PDFIUM-GEM-21-N-00083,GEM-21,runs/raw_logs/Gemini_2.5_Flash/21.pdf,6,1,SOVIET UNION],,Diplomatic_Support,VDM-CLAMP,명시 산술의 내부 일관성,명시 수식×변수,준수,0.6,0.6,diplomatic_support: 0.60 (Initial 0.5 + 0.10),"명시 산식 0.5 + 0.10 = 0.6; 상태값은 VDM max(0,min(1,value))로 계산; 초기값/효과 선택의 정당성과 별개.",Python Decimal; 원문 명시값만,실제 입력 첨부 바이트는 미확인; 보존 VDM과 조건부 대조. 턴·분기는 명시 제목 기반 파싱이며 불완전/재명명 가능. 응답 전용 export 역할 추정; 당시 사용자 프롬프트 미보존. 입력 초기값 출처 및 사건 분류는 이 점검에서 입증하지 않음,아니오,,PDFium second extraction; role boundaries from reviewed records,True,False
PDFIUM-GEM-21-N-00086,GEM-21,runs/raw_logs/Gemini_2.5_Flash/21.pdf,6,1,SOVIET UNION],,Public_Opinion,VDM-CLAMP,명시 산술의 내부 일관성,명시 수식×변수,준수,0.55,0.55,public_opinion: 0.55 (Initial 0.5 + 0.05),"명시 산식 0.5 + 0.05 = 0.55; 상태값은 VDM max(0,min(1,value))로 계산; 초기값/효과 선택의 정당성과 별개.",Python Decimal; 원문 명시값만,실제 입력 첨부 바이트는 미확인; 보존 VDM과 조건부 대조. 턴·분기는 명시 제목 기반 파싱이며 불완전/재명명 가능. 응답 전용 export 역할 추정; 당시 사용자 프롬프트 미보존. 입력 초기값 출처 및 사건 분류는 이 점검에서 입증하지 않음,아니오,,PDFium second extraction; role boundaries from reviewed records,True,False
PDFIUM-GEM-21-N-00089,GEM-21,runs/raw_logs/Gemini_2.5_Flash/21.pdf,6,1,SOVIET UNION],,Leadership_Unity,VDM-CLAMP,명시 산술의 내부 일관성,명시 수식×변수,준수,0.55,0.55,leadership_unity: 0.55 (Initial 0.5 + 0.05),"명시 산식 0.5 + 0.05 = 0.55; 상태값은 VDM max(0,min(1,value))로 계산; 초기값/효과 선택의 정당성과 별개.",Python Decimal; 원문 명시값만,실제 입력 첨부 바이트는 미확인; 보존 VDM과 조건부 대조. 턴·분기는 명시 제목 기반 파싱이며 불완전/재명명 가능. 응답 전용 export 역할 추정; 당시 사용자 프롬프트 미보존. 입력 초기값 출처 및 사건 분류는 이 점검에서 입증하지 않음,아니오,,PDFium second extraction; role boundaries from reviewed records,True,False
PDFIUM-GEM-21-N-00100,GEM-21,runs/raw_logs/Gemini_2.5_Flash/21.pdf,8,2,] - Path A (United States),,Tension,VDM-CLAMP,명시 산술의 내부 일관성,명시 수식×변수,준수,0.75,0.75,tension: 0.75 (Start 0.8 - 0.05),"명시 산식 0.8 - 0.05 = 0.75; 상태값은 VDM max(0,min(1,value))로 계산; 초기값/효과 선택의 정당성과 별개.",Python Decimal; 원문 명시값만,실제 입력 첨부 바이트는 미확인; 보존 VDM과 조건부 대조. 턴·분기는 명시 제목 기반 파싱이며 불완전/재명명 가능. 응답 전용 export 역할 추정; 당시 사용자 프롬프트 미보존. 입력 초기값 출처 및 사건 분류는 이 점검에서 입증하지 않음,아니오,,PDFium second extraction; role boundaries from reviewed records,True,False
PDFIUM-GEM-21-N-00103,GEM-21,runs/raw_logs/Gemini_2.5_Flash/21.pdf,8,2,] - Path A (United States),,Diplomatic_Support,VDM-CLAMP,명시 산술의 내부 일관성,명시 수식×변수,준수,0.6,0.6,diplomatic_support: 0.60 (Start 0.5 + 0.10),"명시 산식 0.5 + 0.10 = 0.6; 상태값은 VDM max(0,min(1,value))로 계산; 초기값/효과 선택의 정당성과 별개.",Python Decimal; 원문 명시값만,실제 입력 첨부 바이트는 미확인; 보존 VDM과 조건부 대조. 턴·분기는 명시 제목 기반 파싱이며 불완전/재명명 가능. 응답 전용 export 역할 추정; 당시 사용자 프롬프트 미보존. 입력 초기값 출처 및 사건 분류는 이 점검에서 입증하지 않음,아니오,,PDFium second extraction; role boundaries from reviewed records,True,False
PDFIUM-GEM-21-N-00106,GEM-21,runs/raw_logs/Gemini_2.5_Flash/21.pdf,8,2,] - Path A (United States),,Public_Opinion,VDM-CLAMP,명시 산술의 내부 일관성,명시 수식×변수,준수,1,1,"public_opinion: 1.0 (Start 1.0 + 0.05, clamped)","명시 산식 1.0 + 0.05 = 1.05; 상태값은 VDM max(0,min(1,value))로 계산; 초기값/효과 선택의 정당성과 별개.",Python Decimal; 원문 명시값만,실제 입력 첨부 바이트는 미확인; 보존 VDM과 조건부 대조. 턴·분기는 명시 제목 기반 파싱이며 불완전/재명명 가능. 응답 전용 export 역할 추정; 당시 사용자 프롬프트 미보존. 입력 초기값 출처 및 사건 분류는 이 점검에서 입증하지 않음,아니오,,PDFium second extraction; role boundaries from reviewed records,True,False
PDFIUM-GEM-21-N-00109,GEM-21,runs/raw_logs/Gemini_2.5_Flash/21.pdf,8,2,] - Path A (United States),,Leadership_Unity,VDM-CLAMP,명시 산술의 내부 일관성,명시 수식×변수,준수,1,1,"leadership_unity: 1.0 (Start 1.0 + 0.05, clamped)","명시 산식 1.0 + 0.05 = 1.05; 상태값은 VDM max(0,min(1,value))로 계산; 초기값/효과 선택의 정당성과 별개.",Python Decimal; 원문 명시값만,실제 입력 첨부 바이트는 미확인; 보존 VDM과 조건부 대조. 턴·분기는 명시 제목 기반 파싱이며 불완전/재명명 가능. 응답 전용 export 역할 추정; 당시 사용자 프롬프트 미보존. 입력 초기값 출처 및 사건 분류는 이 점검에서 입증하지 않음,아니오,,PDFium second extraction; role boundaries from reviewed records,True,False
PDFIUM-GEM-21-N-00112,GEM-21,runs/raw_logs/Gemini_2.5_Flash/21.pdf,9,2,] - Path A (Soviet Union),,Tension,VDM-CLAMP,명시 산술의 내부 일관성,명시 수식×변수,준수,0.9,0.9,tension: 0.90 (Start 0.95 - 0.05),"명시 산식 0.95 - 0.05 = 0.9; 상태값은 VDM max(0,min(1,value))로 계산; 초기값/효과 선택의 정당성과 별개.",Python Decimal; 원문 명시값만,실제 입력 첨부 바이트는 미확인; 보존 VDM과 조건부 대조. 턴·분기는 명시 제목 기반 파싱이며 불완전/재명명 가능. 응답 전용 export 역할 추정; 당시 사용자 프롬프트 미보존. 입력 초기값 출처 및 사건 분류는 이 점검에서 입증하지 않음,아니오,,PDFium second extraction; role boundaries from reviewed records,True,False
PDFIUM-GEM-21-N-00115,GEM-21,runs/raw_logs/Gemini_2.5_Flash/21.pdf,9,2,] - Path A (Soviet Union),,Diplomatic_Support,VDM-CLAMP,명시 산술의 내부 일관성,명시 수식×변수,준수,0.6,0.6,diplomatic_support: 0.60 (Start 0.5 + 0.10),"명시 산식 0.5 + 0.10 = 0.6; 상태값은 VDM max(0,min(1,value))로 계산; 초기값/효과 선택의 정당성과 별개.",Python Decimal; 원문 명시값만,실제 입력 첨부 바이트는 미확인; 보존 VDM과 조건부 대조. 턴·분기는 명시 제목 기반 파싱이며 불완전/재명명 가능. 응답 전용 export 역할 추정; 당시 사용자 프롬프트 미보존. 입력 초기값 출처 및 사건 분류는 이 점검에서 입증하지 않음,아니오,,PDFium second extraction; role boundaries from reviewed records,True,False
PDFIUM-GEM-21-N-00118,GEM-21,runs/raw_logs/Gemini_2.5_Flash/21.pdf,9,2,] - Path A (Soviet Union),,Public_Opinion,VDM-CLAMP,명시 산술의 내부 일관성,명시 수식×변수,준수,0.55,0.55,public_opinion: 0.55 (Start 0.5 + 0.05),"명시 산식 0.5 + 0.05 = 0.55; 상태값은 VDM max(0,min(1,value))로 계산; 초기값/효과 선택의 정당성과 별개.",Python Decimal; 원문 명시값만,실제 입력 첨부 바이트는 미확인; 보존 VDM과 조건부 대조. 턴·분기는 명시 제목 기반 파싱이며 불완전/재명명 가능. 응답 전용 export 역할 추정; 당시 사용자 프롬프트 미보존. 입력 초기값 출처 및 사건 분류는 이 점검에서 입증하지 않음,아니오,,PDFium second extraction; role boundaries from reviewed records,True,False
PDFIUM-GEM-21-N-00121,GEM-21,runs/raw_logs/Gemini_2.5_Flash/21.pdf,9,2,] - Path A (Soviet Union),,Leadership_Unity,VDM-CLAMP,명시 산술의 내부 일관성,명시 수식×변수,준수,1,1,"leadership_unity: 1.0 (Start 1.0 + 0.05, clamped)","명시 산식 1.0 + 0.05 = 1.05; 상태값은 VDM max(0,min(1,value))로 계산; 초기값/효과 선택의 정당성과 별개.",Python Decimal; 원문 명시값만,실제 입력 첨부 바이트는 미확인; 보존 VDM과 조건부 대조. 턴·분기는 명시 제목 기반 파싱이며 불완전/재명명 가능. 응답 전용 export 역할 추정; 당시 사용자 프롬프트 미보존. 입력 초기값 출처 및 사건 분류는 이 점검에서 입증하지 않음,아니오,,PDFium second extraction; role boundaries from reviewed records,True,False
PDFIUM-GEM-21-N-00125,GEM-21,runs/raw_logs/Gemini_2.5_Flash/21.pdf,9,2,Path B: Brinkmanship and Escalation,United States,Diplomatic_Support,VDM-CLAMP,명시 산술의 내부 일관성,명시 수식×변수,준수,0.03,0.03,"diplomatic_support [+0.03] (-0.02 + 0.05), public_opinion [+0.08] (-0.02 + 0.10), leadership_unity","명시 산식 -0.02 + 0.05 = 0.03; 상태값은 VDM max(0,min(1,value))로 계산; 초기값/효과 선택의 정당성과 별개.",Python Decimal; 원문 명시값만,실제 입력 첨부 바이트는 미확인; 보존 VDM과 조건부 대조. 턴·분기는 명시 제목 기반 파싱이며 불완전/재명명 가능. 응답 전용 export 역할 추정; 당시 사용자 프롬프트 미보존. 입력 초기값 출처 및 사건 분류는 이 점검에서 입증하지 않음,아니오,,PDFium second extraction; role boundaries from reviewed records,True,False
PDFIUM-GEM-21-N-00126,GEM-21,runs/raw_logs/Gemini_2.5_Flash/21.pdf,9,2,Path B: Brinkmanship and Escalation,United States,Public_Opinion,VDM-CLAMP,명시 산술의 내부 일관성,명시 수식×변수,준수,0.08,0.08,"diplomatic_support [+0.03] (-0.02 + 0.05), public_opinion [+0.08] (-0.02 + 0.10), leadership_unity","명시 산식 -0.02 + 0.10 = 0.08; 상태값은 VDM max(0,min(1,value))로 계산; 초기값/효과 선택의 정당성과 별개.",Python Decimal; 원문 명시값만,실제 입력 첨부 바이트는 미확인; 보존 VDM과 조건부 대조. 턴·분기는 명시 제목 기반 파싱이며 불완전/재명명 가능. 응답 전용 export 역할 추정; 당시 사용자 프롬프트 미보존. 입력 초기값 출처 및 사건 분류는 이 점검에서 입증하지 않음,아니오,,PDFium second extraction; role boundaries from reviewed records,True,False
PDFIUM-GEM-21-N-00131,GEM-21,runs/raw_logs/Gemini_2.5_Flash/21.pdf,9,2,] - Path B (United States),,Tension,VDM-CLAMP,명시 산술의 내부 일관성,명시 수식×변수,준수,0.8,0.8,tension: 0.80 (Start 0.8 + 0),"명시 산식 0.8 + 0 = 0.8; 상태값은 VDM max(0,min(1,value))로 계산; 초기값/효과 선택의 정당성과 별개.",Python Decimal; 원문 명시값만,실제 입력 첨부 바이트는 미확인; 보존 VDM과 조건부 대조. 턴·분기는 명시 제목 기반 파싱이며 불완전/재명명 가능. 응답 전용 export 역할 추정; 당시 사용자 프롬프트 미보존. 입력 초기값 출처 및 사건 분류는 이 점검에서 입증하지 않음,아니오,,PDFium second extraction; role boundaries from reviewed records,True,False
PDFIUM-GEM-21-N-00134,GEM-21,runs/raw_logs/Gemini_2.5_Flash/21.pdf,9,2,] - Path B (United States),,Diplomatic_Support,VDM-CLAMP,명시 산술의 내부 일관성,명시 수식×변수,준수,0.53,0.53,diplomatic_support: 0.53 (Start 0.5 + 0.03),"명시 산식 0.5 + 0.03 = 0.53; 상태값은 VDM max(0,min(1,value))로 계산; 초기값/효과 선택의 정당성과 별개.",Python Decimal; 원문 명시값만,실제 입력 첨부 바이트는 미확인; 보존 VDM과 조건부 대조. 턴·분기는 명시 제목 기반 파싱이며 불완전/재명명 가능. 응답 전용 export 역할 추정; 당시 사용자 프롬프트 미보존. 입력 초기값 출처 및 사건 분류는 이 점검에서 입증하지 않음,아니오,,PDFium second extraction; role boundaries from reviewed records,True,False
PDFIUM-GEM-21-N-00137,GEM-21,runs/raw_logs/Gemini_2.5_Flash/21.pdf,9,2,] - Path B (United States),,Public_Opinion,VDM-CLAMP,명시 산술의 내부 일관성,명시 수식×변수,준수,1,1,"public_opinion: 1.0 (Start 1.0 + 0.08, clamped)","명시 산식 1.0 + 0.08 = 1.08; 상태값은 VDM max(0,min(1,value))로 계산; 초기값/효과 선택의 정당성과 별개.",Python Decimal; 원문 명시값만,실제 입력 첨부 바이트는 미확인; 보존 VDM과 조건부 대조. 턴·분기는 명시 제목 기반 파싱이며 불완전/재명명 가능. 응답 전용 export 역할 추정; 당시 사용자 프롬프트 미보존. 입력 초기값 출처 및 사건 분류는 이 점검에서 입증하지 않음,아니오,,PDFium second extraction; role boundaries from reviewed records,True,False
PDFIUM-GEM-21-N-00140,GEM-21,runs/raw_logs/Gemini_2.5_Flash/21.pdf,10,2,] - Path B (United States),,Leadership_Unity,VDM-CLAMP,명시 산술의 내부 일관성,명시 수식×변수,준수,1,1,"leadership_unity: 1.0 (Start 1.0 + 0.05, clamped)","명시 산식 1.0 + 0.05 = 1.05; 상태값은 VDM max(0,min(1,value))로 계산; 초기값/효과 선택의 정당성과 별개.",Python Decimal; 원문 명시값만,실제 입력 첨부 바이트는 미확인; 보존 VDM과 조건부 대조. 턴·분기는 명시 제목 기반 파싱이며 불완전/재명명 가능. 응답 전용 export 역할 추정; 당시 사용자 프롬프트 미보존. 입력 초기값 출처 및 사건 분류는 이 점검에서 입증하지 않음,아니오,,PDFium second extraction; role boundaries from reviewed records,True,False
PDFIUM-GEM-21-N-00143,GEM-21,runs/raw_logs/Gemini_2.5_Flash/21.pdf,10,2,] - Path B (Soviet Union),,Tension,VDM-CLAMP,명시 산술의 내부 일관성,명시 수식×변수,준수,0.95,0.95,tension: 0.95 (Start 0.95 + 0),"명시 산식 0.95 + 0 = 0.95; 상태값은 VDM max(0,min(1,value))로 계산; 초기값/효과 선택의 정당성과 별개.",Python Decimal; 원문 명시값만,실제 입력 첨부 바이트는 미확인; 보존 VDM과 조건부 대조. 턴·분기는 명시 제목 기반 파싱이며 불완전/재명명 가능. 응답 전용 export 역할 추정; 당시 사용자 프롬프트 미보존. 입력 초기값 출처 및 사건 분류는 이 점검에서 입증하지 않음,아니오,,PDFium second extraction; role boundaries from reviewed records,True,False
PDFIUM-GEM-21-N-00146,GEM-21,runs/raw_logs/Gemini_2.5_Flash/21.pdf,10,2,] - Path B (Soviet Union),,Diplomatic_Support,VDM-CLAMP,명시 산술의 내부 일관성,명시 수식×변수,준수,0.5,0.5,diplomatic_support: 0.50 (Start 0.5 + 0),"명시 산식 0.5 + 0 = 0.5; 상태값은 VDM max(0,min(1,value))로 계산; 초기값/효과 선택의 정당성과 별개.",Python Decimal; 원문 명시값만,실제 입력 첨부 바이트는 미확인; 보존 VDM과 조건부 대조. 턴·분기는 명시 제목 기반 파싱이며 불완전/재명명 가능. 응답 전용 export 역할 추정; 당시 사용자 프롬프트 미보존. 입력 초기값 출처 및 사건 분류는 이 점검에서 입증하지 않음,아니오,,PDFium second extraction; role boundaries from reviewed records,True,False
PDFIUM-GEM-21-N-00149,GEM-21,runs/raw_logs/Gemini_2.5_Flash/21.pdf,10,2,] - Path B (Soviet Union),,Public_Opinion,VDM-CLAMP,명시 산술의 내부 일관성,명시 수식×변수,준수,0.5,0.5,public_opinion: 0.50 (Start 0.5 + 0),"명시 산식 0.5 + 0 = 0.5; 상태값은 VDM max(0,min(1,value))로 계산; 초기값/효과 선택의 정당성과 별개.",Python Decimal; 원문 명시값만,실제 입력 첨부 바이트는 미확인; 보존 VDM과 조건부 대조. 턴·분기는 명시 제목 기반 파싱이며 불완전/재명명 가능. 응답 전용 export 역할 추정; 당시 사용자 프롬프트 미보존. 입력 초기값 출처 및 사건 분류는 이 점검에서 입증하지 않음,아니오,,PDFium second extraction; role boundaries from reviewed records,True,False
PDFIUM-GEM-21-N-00152,GEM-21,runs/raw_logs/Gemini_2.5_Flash/21.pdf,10,2,] - Path B (Soviet Union),,Leadership_Unity,VDM-CLAMP,명시 산술의 내부 일관성,명시 수식×변수,준수,1,1,leadership_unity: 1.0 (Start 1.0 + 0),"명시 산식 1.0 + 0 = 1; 상태값은 VDM max(0,min(1,value))로 계산; 초기값/효과 선택의 정당성과 별개.",Python Decimal; 원문 명시값만,실제 입력 첨부 바이트는 미확인; 보존 VDM과 조건부 대조. 턴·분기는 명시 제목 기반 파싱이며 불완전/재명명 가능. 응답 전용 export 역할 추정; 당시 사용자 프롬프트 미보존. 입력 초기값 출처 및 사건 분류는 이 점검에서 입증하지 않음,아니오,,PDFium second extraction; role boundaries from reviewed records,True,False
PDFIUM-GEM-21-N-00163,GEM-21,runs/raw_logs/Gemini_2.5_Flash/21.pdf,10,2,] - Path C (United States),,Tension,VDM-CLAMP,명시 산술의 내부 일관성,명시 수식×변수,준수,0.9,0.9,tension: 0.90 (Start 0.8 + 0.10),"명시 산식 0.8 + 0.10 = 0.9; 상태값은 VDM max(0,min(1,value))로 계산; 초기값/효과 선택의 정당성과 별개.",Python Decimal; 원문 명시값만,실제 입력 첨부 바이트는 미확인; 보존 VDM과 조건부 대조. 턴·분기는 명시 제목 기반 파싱이며 불완전/재명명 가능. 응답 전용 export 역할 추정; 당시 사용자 프롬프트 미보존. 입력 초기값 출처 및 사건 분류는 이 점검에서 입증하지 않음,아니오,,PDFium second extraction; role boundaries from reviewed records,True,False
PDFIUM-GEM-21-N-00166,GEM-21,runs/raw_logs/Gemini_2.5_Flash/21.pdf,11,2,] - Path C (United States),,Diplomatic_Support,VDM-CLAMP,명시 산술의 내부 일관성,명시 수식×변수,준수,0.4,0.4,diplomatic_support: 0.40 (Start 0.5 - 0.10),"명시 산식 0.5 - 0.10 = 0.4; 상태값은 VDM max(0,min(1,value))로 계산; 초기값/효과 선택의 정당성과 별개.",Python Decimal; 원문 명시값만,실제 입력 첨부 바이트는 미확인; 보존 VDM과 조건부 대조. 턴·분기는 명시 제목 기반 파싱이며 불완전/재명명 가능. 응답 전용 export 역할 추정; 당시 사용자 프롬프트 미보존. 입력 초기값 출처 및 사건 분류는 이 점검에서 입증하지 않음,아니오,,PDFium second extraction; role boundaries from reviewed records,True,False
PDFIUM-GEM-21-N-00169,GEM-21,runs/raw_logs/Gemini_2.5_Flash/21.pdf,11,2,] - Path C (United States),,Public_Opinion,VDM-CLAMP,명시 산술의 내부 일관성,명시 수식×변수,준수,0.95,0.95,public_opinion: 0.95 (Start 1.0 - 0.05),"명시 산식 1.0 - 0.05 = 0.95; 상태값은 VDM max(0,min(1,value))로 계산; 초기값/효과 선택의 정당성과 별개.",Python Decimal; 원문 명시값만,실제 입력 첨부 바이트는 미확인; 보존 VDM과 조건부 대조. 턴·분기는 명시 제목 기반 파싱이며 불완전/재명명 가능. 응답 전용 export 역할 추정; 당시 사용자 프롬프트 미보존. 입력 초기값 출처 및 사건 분류는 이 점검에서 입증하지 않음,아니오,,PDFium second extraction; role boundaries from reviewed records,True,False
PDFIUM-GEM-21-N-00172,GEM-21,runs/raw_logs/Gemini_2.5_Flash/21.pdf,11,2,] - Path C (United States),,Leadership_Unity,VDM-CLAMP,명시 산술의 내부 일관성,명시 수식×변수,준수,0.95,0.95,leadership_unity: 0.95 (Start 1.0 - 0.05),"명시 산식 1.0 - 0.05 = 0.95; 상태값은 VDM max(0,min(1,value))로 계산; 초기값/효과 선택의 정당성과 별개.",Python Decimal; 원문 명시값만,실제 입력 첨부 바이트는 미확인; 보존 VDM과 조건부 대조. 턴·분기는 명시 제목 기반 파싱이며 불완전/재명명 가능. 응답 전용 export 역할 추정; 당시 사용자 프롬프트 미보존. 입력 초기값 출처 및 사건 분류는 이 점검에서 입증하지 않음,아니오,,PDFium second extraction; role boundaries from reviewed records,True,False
PDFIUM-GEM-21-N-00175,GEM-21,runs/raw_logs/Gemini_2.5_Flash/21.pdf,11,2,] - Path C (Soviet Union),,Tension,VDM-CLAMP,명시 산술의 내부 일관성,명시 수식×변수,준수,1,1,"tension: 1.0 (Start 0.95 + 0.10, clamped)","명시 산식 0.95 + 0.10 = 1.05; 상태값은 VDM max(0,min(1,value))로 계산; 초기값/효과 선택의 정당성과 별개.",Python Decimal; 원문 명시값만,실제 입력 첨부 바이트는 미확인; 보존 VDM과 조건부 대조. 턴·분기는 명시 제목 기반 파싱이며 불완전/재명명 가능. 응답 전용 export 역할 추정; 당시 사용자 프롬프트 미보존. 입력 초기값 출처 및 사건 분류는 이 점검에서 입증하지 않음,아니오,,PDFium second extraction; role boundaries from reviewed records,True,False
PDFIUM-GEM-21-N-00178,GEM-21,runs/raw_logs/Gemini_2.5_Flash/21.pdf,11,2,] - Path C (Soviet Union),,Diplomatic_Support,VDM-CLAMP,명시 산술의 내부 일관성,명시 수식×변수,준수,0.4,0.4,diplomatic_support: 0.40 (Start 0.5 - 0.10),"명시 산식 0.5 - 0.10 = 0.4; 상태값은 VDM max(0,min(1,value))로 계산; 초기값/효과 선택의 정당성과 별개.",Python Decimal; 원문 명시값만,실제 입력 첨부 바이트는 미확인; 보존 VDM과 조건부 대조. 턴·분기는 명시 제목 기반 파싱이며 불완전/재명명 가능. 응답 전용 export 역할 추정; 당시 사용자 프롬프트 미보존. 입력 초기값 출처 및 사건 분류는 이 점검에서 입증하지 않음,아니오,,PDFium second extraction; role boundaries from reviewed records,True,False
PDFIUM-GEM-21-N-00181,GEM-21,runs/raw_logs/Gemini_2.5_Flash/21.pdf,11,2,] - Path C (Soviet Union),,Public_Opinion,VDM-CLAMP,명시 산술의 내부 일관성,명시 수식×변수,준수,0.45,0.45,public_opinion: 0.45 (Start 0.5 - 0.05),"명시 산식 0.5 - 0.05 = 0.45; 상태값은 VDM max(0,min(1,value))로 계산; 초기값/효과 선택의 정당성과 별개.",Python Decimal; 원문 명시값만,실제 입력 첨부 바이트는 미확인; 보존 VDM과 조건부 대조. 턴·분기는 명시 제목 기반 파싱이며 불완전/재명명 가능. 응답 전용 export 역할 추정; 당시 사용자 프롬프트 미보존. 입력 초기값 출처 및 사건 분류는 이 점검에서 입증하지 않음,아니오,,PDFium second extraction; role boundaries from reviewed records,True,False
PDFIUM-GEM-21-N-00184,GEM-21,runs/raw_logs/Gemini_2.5_Flash/21.pdf,11,2,] - Path C (Soviet Union),,Leadership_Unity,VDM-CLAMP,명시 산술의 내부 일관성,명시 수식×변수,준수,0.95,0.95,leadership_unity: 0.95 (Start 1.0 - 0.05),"명시 산식 1.0 - 0.05 = 0.95; 상태값은 VDM max(0,min(1,value))로 계산; 초기값/효과 선택의 정당성과 별개.",Python Decimal; 원문 명시값만,실제 입력 첨부 바이트는 미확인; 보존 VDM과 조건부 대조. 턴·분기는 명시 제목 기반 파싱이며 불완전/재명명 가능. 응답 전용 export 역할 추정; 당시 사용자 프롬프트 미보존. 입력 초기값 출처 및 사건 분류는 이 점검에서 입증하지 않음,아니오,,PDFium second extraction; role boundaries from reviewed records,True,False
PDFIUM-GEM-21-N-00195,GEM-21,runs/raw_logs/Gemini_2.5_Flash/21.pdf,13,2,] - Path A1 (United States),,Tension,VDM-CLAMP,명시 산술의 내부 일관성,명시 수식×변수,준수,0.85,0.85,tension: 0.85 (Start 0.75 + 0.10),"명시 산식 0.75 + 0.10 = 0.85; 상태값은 VDM max(0,min(1,value))로 계산; 초기값/효과 선택의 정당성과 별개.",Python Decimal; 원문 명시값만,실제 입력 첨부 바이트는 미확인; 보존 VDM과 조건부 대조. 턴·분기는 명시 제목 기반 파싱이며 불완전/재명명 가능. 응답 전용 export 역할 추정; 당시 사용자 프롬프트 미보존. 입력 초기값 출처 및 사건 분류는 이 점검에서 입증하지 않음,아니오,,PDFium second extraction; role boundaries from reviewed records,True,False
PDFIUM-GEM-21-N-00198,GEM-21,runs/raw_logs/Gemini_2.5_Flash/21.pdf,13,2,] - Path A1 (United States),,Diplomatic_Support,VDM-CLAMP,명시 산술의 내부 일관성,명시 수식×변수,준수,0.65,0.65,diplomatic_support: 0.65 (Start 0.60 + 0.05),"명시 산식 0.60 + 0.05 = 0.65; 상태값은 VDM max(0,min(1,value))로 계산; 초기값/효과 선택의 정당성과 별개.",Python Decimal; 원문 명시값만,실제 입력 첨부 바이트는 미확인; 보존 VDM과 조건부 대조. 턴·분기는 명시 제목 기반 파싱이며 불완전/재명명 가능. 응답 전용 export 역할 추정; 당시 사용자 프롬프트 미보존. 입력 초기값 출처 및 사건 분류는 이 점검에서 입증하지 않음,아니오,,PDFium second extraction; role boundaries from reviewed records,True,False
PDFIUM-GEM-21-N-00201,GEM-21,runs/raw_logs/Gemini_2.5_Flash/21.pdf,13,2,] - Path A1 (United States),,Public_Opinion,VDM-CLAMP,명시 산술의 내부 일관성,명시 수식×변수,준수,1,1,public_opinion: 1.0 (Start 1.0 + 0),"명시 산식 1.0 + 0 = 1; 상태값은 VDM max(0,min(1,value))로 계산; 초기값/효과 선택의 정당성과 별개.",Python Decimal; 원문 명시값만,실제 입력 첨부 바이트는 미확인; 보존 VDM과 조건부 대조. 턴·분기는 명시 제목 기반 파싱이며 불완전/재명명 가능. 응답 전용 export 역할 추정; 당시 사용자 프롬프트 미보존. 입력 초기값 출처 및 사건 분류는 이 점검에서 입증하지 않음,아니오,,PDFium second extraction; role boundaries from reviewed records,True,False
PDFIUM-GEM-21-N-00204,GEM-21,runs/raw_logs/Gemini_2.5_Flash/21.pdf,13,2,] - Path A1 (United States),,Leadership_Unity,VDM-CLAMP,명시 산술의 내부 일관성,명시 수식×변수,준수,0.95,0.95,leadership_unity: 0.95 (Start 1.0 - 0.05),"명시 산식 1.0 - 0.05 = 0.95; 상태값은 VDM max(0,min(1,value))로 계산; 초기값/효과 선택의 정당성과 별개.",Python Decimal; 원문 명시값만,실제 입력 첨부 바이트는 미확인; 보존 VDM과 조건부 대조. 턴·분기는 명시 제목 기반 파싱이며 불완전/재명명 가능. 응답 전용 export 역할 추정; 당시 사용자 프롬프트 미보존. 입력 초기값 출처 및 사건 분류는 이 점검에서 입증하지 않음,아니오,,PDFium second extraction; role boundaries from reviewed records,True,False
PDFIUM-GEM-21-N-00207,GEM-21,runs/raw_logs/Gemini_2.5_Flash/21.pdf,13,2,] - Path A1 (Soviet Union),,Tension,VDM-CLAMP,명시 산술의 내부 일관성,명시 수식×변수,준수,0.85,0.85,tension: 0.85 (Start 0.90 - 0.05),"명시 산식 0.90 - 0.05 = 0.85; 상태값은 VDM max(0,min(1,value))로 계산; 초기값/효과 선택의 정당성과 별개.",Python Decimal; 원문 명시값만,실제 입력 첨부 바이트는 미확인; 보존 VDM과 조건부 대조. 턴·분기는 명시 제목 기반 파싱이며 불완전/재명명 가능. 응답 전용 export 역할 추정; 당시 사용자 프롬프트 미보존. 입력 초기값 출처 및 사건 분류는 이 점검에서 입증하지 않음,아니오,,PDFium second extraction; role boundaries from reviewed records,True,False
PDFIUM-GEM-21-N-00210,GEM-21,runs/raw_logs/Gemini_2.5_Flash/21.pdf,13,2,] - Path A1 (Soviet Union),,Diplomatic_Support,VDM-CLAMP,명시 산술의 내부 일관성,명시 수식×변수,준수,0.7,0.7,diplomatic_support: 0.70 (Start 0.60 + 0.10),"명시 산식 0.60 + 0.10 = 0.7; 상태값은 VDM max(0,min(1,value))로 계산; 초기값/효과 선택의 정당성과 별개.",Python Decimal; 원문 명시값만,실제 입력 첨부 바이트는 미확인; 보존 VDM과 조건부 대조. 턴·분기는 명시 제목 기반 파싱이며 불완전/재명명 가능. 응답 전용 export 역할 추정; 당시 사용자 프롬프트 미보존. 입력 초기값 출처 및 사건 분류는 이 점검에서 입증하지 않음,아니오,,PDFium second extraction; role boundaries from reviewed records,True,False
PDFIUM-GEM-21-N-00213,GEM-21,runs/raw_logs/Gemini_2.5_Flash/21.pdf,13,2,] - Path A1 (Soviet Union),,Public_Opinion,VDM-CLAMP,명시 산술의 내부 일관성,명시 수식×변수,준수,0.6,0.6,public_opinion: 0.60 (Start 0.55 + 0.05),"명시 산식 0.55 + 0.05 = 0.6; 상태값은 VDM max(0,min(1,value))로 계산; 초기값/효과 선택의 정당성과 별개.",Python Decimal; 원문 명시값만,실제 입력 첨부 바이트는 미확인; 보존 VDM과 조건부 대조. 턴·분기는 명시 제목 기반 파싱이며 불완전/재명명 가능. 응답 전용 export 역할 추정; 당시 사용자 프롬프트 미보존. 입력 초기값 출처 및 사건 분류는 이 점검에서 입증하지 않음,아니오,,PDFium second extraction; role boundaries from reviewed records,True,False
PDFIUM-GEM-21-N-00216,GEM-21,runs/raw_logs/Gemini_2.5_Flash/21.pdf,13,2,] - Path A1 (Soviet Union),,Leadership_Unity,VDM-CLAMP,명시 산술의 내부 일관성,명시 수식×변수,준수,1,1,"leadership_unity: 1.0 (Start 1.0 + 0.05, clamped)","명시 산식 1.0 + 0.05 = 1.05; 상태값은 VDM max(0,min(1,value))로 계산; 초기값/효과 선택의 정당성과 별개.",Python Decimal; 원문 명시값만,실제 입력 첨부 바이트는 미확인; 보존 VDM과 조건부 대조. 턴·분기는 명시 제목 기반 파싱이며 불완전/재명명 가능. 응답 전용 export 역할 추정; 당시 사용자 프롬프트 미보존. 입력 초기값 출처 및 사건 분류는 이 점검에서 입증하지 않음,아니오,,PDFium second extraction; role boundaries from reviewed records,True,False
PDFIUM-GEM-21-N-00226,GEM-21,runs/raw_logs/Gemini_2.5_Flash/21.pdf,14,2,] - Path B1 (United States),,Tension,VDM-CLAMP,명시 산술의 내부 일관성,명시 수식×변수,준수,1,1,"tension: 1.0 (Start 0.80 + 0.30, clamped)","명시 산식 0.80 + 0.30 = 1.1; 상태값은 VDM max(0,min(1,value))로 계산; 초기값/효과 선택의 정당성과 별개.",Python Decimal; 원문 명시값만,실제 입력 첨부 바이트는 미확인; 보존 VDM과 조건부 대조. 턴·분기는 명시 제목 기반 파싱이며 불완전/재명명 가능. 응답 전용 export 역할 추정; 당시 사용자 프롬프트 미보존. 입력 초기값 출처 및 사건 분류는 이 점검에서 입증하지 않음,아니오,,PDFium second extraction; role boundaries from reviewed records,True,False
PDFIUM-GEM-21-N-00229,GEM-21,runs/raw_logs/Gemini_2.5_Flash/21.pdf,14,2,] - Path B1 (United States),,Diplomatic_Support,VDM-CLAMP,명시 산술의 내부 일관성,명시 수식×변수,준수,0.43,0.43,diplomatic_support: 0.43 (Start 0.53 - 0.10),"명시 산식 0.53 - 0.10 = 0.43; 상태값은 VDM max(0,min(1,value))로 계산; 초기값/효과 선택의 정당성과 별개.",Python Decimal; 원문 명시값만,실제 입력 첨부 바이트는 미확인; 보존 VDM과 조건부 대조. 턴·분기는 명시 제목 기반 파싱이며 불완전/재명명 가능. 응답 전용 export 역할 추정; 당시 사용자 프롬프트 미보존. 입력 초기값 출처 및 사건 분류는 이 점검에서 입증하지 않음,아니오,,PDFium second extraction; role boundaries from reviewed records,True,False
PDFIUM-GEM-21-N-00232,GEM-21,runs/raw_logs/Gemini_2.5_Flash/21.pdf,14,2,] - Path B1 (United States),,Public_Opinion,VDM-CLAMP,명시 산술의 내부 일관성,명시 수식×변수,준수,0.9,0.9,public_opinion: 0.90 (Start 1.0 - 0.10),"명시 산식 1.0 - 0.10 = 0.9; 상태값은 VDM max(0,min(1,value))로 계산; 초기값/효과 선택의 정당성과 별개.",Python Decimal; 원문 명시값만,실제 입력 첨부 바이트는 미확인; 보존 VDM과 조건부 대조. 턴·분기는 명시 제목 기반 파싱이며 불완전/재명명 가능. 응답 전용 export 역할 추정; 당시 사용자 프롬프트 미보존. 입력 초기값 출처 및 사건 분류는 이 점검에서 입증하지 않음,아니오,,PDFium second extraction; role boundaries from reviewed records,True,False
PDFIUM-GEM-21-N-00235,GEM-21,runs/raw_logs/Gemini_2.5_Flash/21.pdf,14,2,] - Path B1 (United States),,Leadership_Unity,VDM-CLAMP,명시 산술의 내부 일관성,명시 수식×변수,준수,0.8,0.8,leadership_unity: 0.80 (Start 1.0 - 0.20),"명시 산식 1.0 - 0.20 = 0.8; 상태값은 VDM max(0,min(1,value))로 계산; 초기값/효과 선택의 정당성과 별개.",Python Decimal; 원문 명시값만,실제 입력 첨부 바이트는 미확인; 보존 VDM과 조건부 대조. 턴·분기는 명시 제목 기반 파싱이며 불완전/재명명 가능. 응답 전용 export 역할 추정; 당시 사용자 프롬프트 미보존. 입력 초기값 출처 및 사건 분류는 이 점검에서 입증하지 않음,아니오,,PDFium second extraction; role boundaries from reviewed records,True,False
PDFIUM-GEM-21-N-00238,GEM-21,runs/raw_logs/Gemini_2.5_Flash/21.pdf,14,2,] - Path B1 (Soviet Union),,Tension,VDM-CLAMP,명시 산술의 내부 일관성,명시 수식×변수,준수,1,1,"tension: 1.0 (Start 0.95 + 0.05, clamped)","명시 산식 0.95 + 0.05 = 1; 상태값은 VDM max(0,min(1,value))로 계산; 초기값/효과 선택의 정당성과 별개.",Python Decimal; 원문 명시값만,실제 입력 첨부 바이트는 미확인; 보존 VDM과 조건부 대조. 턴·분기는 명시 제목 기반 파싱이며 불완전/재명명 가능. 응답 전용 export 역할 추정; 당시 사용자 프롬프트 미보존. 입력 초기값 출처 및 사건 분류는 이 점검에서 입증하지 않음,아니오,,PDFium second extraction; role boundaries from reviewed records,True,False
PDFIUM-GEM-21-N-00241,GEM-21,runs/raw_logs/Gemini_2.5_Flash/21.pdf,14,2,] - Path B1 (Soviet Union),,Diplomatic_Support,VDM-CLAMP,명시 산술의 내부 일관성,명시 수식×변수,준수,0.48,0.48,diplomatic_support: 0.48 (Start 0.50 - 0.02),"명시 산식 0.50 - 0.02 = 0.48; 상태값은 VDM max(0,min(1,value))로 계산; 초기값/효과 선택의 정당성과 별개.",Python Decimal; 원문 명시값만,실제 입력 첨부 바이트는 미확인; 보존 VDM과 조건부 대조. 턴·분기는 명시 제목 기반 파싱이며 불완전/재명명 가능. 응답 전용 export 역할 추정; 당시 사용자 프롬프트 미보존. 입력 초기값 출처 및 사건 분류는 이 점검에서 입증하지 않음,아니오,,PDFium second extraction; role boundaries from reviewed records,True,False
PDFIUM-GEM-21-N-00244,GEM-21,runs/raw_logs/Gemini_2.5_Flash/21.pdf,14,2,] - Path B1 (Soviet Union),,Public_Opinion,VDM-CLAMP,명시 산술의 내부 일관성,명시 수식×변수,준수,0.48,0.48,public_opinion: 0.48 (Start 0.50 - 0.02),"명시 산식 0.50 - 0.02 = 0.48; 상태값은 VDM max(0,min(1,value))로 계산; 초기값/효과 선택의 정당성과 별개.",Python Decimal; 원문 명시값만,실제 입력 첨부 바이트는 미확인; 보존 VDM과 조건부 대조. 턴·분기는 명시 제목 기반 파싱이며 불완전/재명명 가능. 응답 전용 export 역할 추정; 당시 사용자 프롬프트 미보존. 입력 초기값 출처 및 사건 분류는 이 점검에서 입증하지 않음,아니오,,PDFium second extraction; role boundaries from reviewed records,True,False
PDFIUM-GEM-21-N-00247,GEM-21,runs/raw_logs/Gemini_2.5_Flash/21.pdf,14,2,] - Path B1 (Soviet Union),,Leadership_Unity,VDM-CLAMP,명시 산술의 내부 일관성,명시 수식×변수,준수,0.95,0.95,leadership_unity: 0.95 (Start 1.0 - 0.05),"명시 산식 1.0 - 0.05 = 0.95; 상태값은 VDM max(0,min(1,value))로 계산; 초기값/효과 선택의 정당성과 별개.",Python Decimal; 원문 명시값만,실제 입력 첨부 바이트는 미확인; 보존 VDM과 조건부 대조. 턴·분기는 명시 제목 기반 파싱이며 불완전/재명명 가능. 응답 전용 export 역할 추정; 당시 사용자 프롬프트 미보존. 입력 초기값 출처 및 사건 분류는 이 점검에서 입증하지 않음,아니오,,PDFium second extraction; role boundaries from reviewed records,True,False
PDFIUM-GEM-21-N-00257,GEM-21,runs/raw_logs/Gemini_2.5_Flash/21.pdf,15,2,] - Path C1 (United States),,Tension,VDM-CLAMP,명시 산술의 내부 일관성,명시 수식×변수,준수,1,1,"tension: 1.0 (Start 0.90 + 0.30, clamped)","명시 산식 0.90 + 0.30 = 1.2; 상태값은 VDM max(0,min(1,value))로 계산; 초기값/효과 선택의 정당성과 별개.",Python Decimal; 원문 명시값만,실제 입력 첨부 바이트는 미확인; 보존 VDM과 조건부 대조. 턴·분기는 명시 제목 기반 파싱이며 불완전/재명명 가능. 응답 전용 export 역할 추정; 당시 사용자 프롬프트 미보존. 입력 초기값 출처 및 사건 분류는 이 점검에서 입증하지 않음,아니오,,PDFium second extraction; role boundaries from reviewed records,True,False
PDFIUM-GEM-21-N-00260,GEM-21,runs/raw_logs/Gemini_2.5_Flash/21.pdf,15,2,] - Path C1 (United States),,Diplomatic_Support,VDM-CLAMP,명시 산술의 내부 일관성,명시 수식×변수,준수,0.3,0.3,diplomatic_support: 0.30 (Start 0.40 - 0.10),"명시 산식 0.40 - 0.10 = 0.3; 상태값은 VDM max(0,min(1,value))로 계산; 초기값/효과 선택의 정당성과 별개.",Python Decimal; 원문 명시값만,실제 입력 첨부 바이트는 미확인; 보존 VDM과 조건부 대조. 턴·분기는 명시 제목 기반 파싱이며 불완전/재명명 가능. 응답 전용 export 역할 추정; 당시 사용자 프롬프트 미보존. 입력 초기값 출처 및 사건 분류는 이 점검에서 입증하지 않음,아니오,,PDFium second extraction; role boundaries from reviewed records,True,False
PDFIUM-GEM-21-N-00263,GEM-21,runs/raw_logs/Gemini_2.5_Flash/21.pdf,15,2,] - Path C1 (United States),,Public_Opinion,VDM-CLAMP,명시 산술의 내부 일관성,명시 수식×변수,준수,0.85,0.85,public_opinion: 0.85 (Start 0.95 - 0.10),"명시 산식 0.95 - 0.10 = 0.85; 상태값은 VDM max(0,min(1,value))로 계산; 초기값/효과 선택의 정당성과 별개.",Python Decimal; 원문 명시값만,실제 입력 첨부 바이트는 미확인; 보존 VDM과 조건부 대조. 턴·분기는 명시 제목 기반 파싱이며 불완전/재명명 가능. 응답 전용 export 역할 추정; 당시 사용자 프롬프트 미보존. 입력 초기값 출처 및 사건 분류는 이 점검에서 입증하지 않음,아니오,,PDFium second extraction; role boundaries from reviewed records,True,False
PDFIUM-GEM-21-N-00266,GEM-21,runs/raw_logs/Gemini_2.5_Flash/21.pdf,15,2,] - Path C1 (United States),,Leadership_Unity,VDM-CLAMP,명시 산술의 내부 일관성,명시 수식×변수,준수,0.75,0.75,leadership_unity: 0.75 (Start 0.95 - 0.20),"명시 산식 0.95 - 0.20 = 0.75; 상태값은 VDM max(0,min(1,value))로 계산; 초기값/효과 선택의 정당성과 별개.",Python Decimal; 원문 명시값만,실제 입력 첨부 바이트는 미확인; 보존 VDM과 조건부 대조. 턴·분기는 명시 제목 기반 파싱이며 불완전/재명명 가능. 응답 전용 export 역할 추정; 당시 사용자 프롬프트 미보존. 입력 초기값 출처 및 사건 분류는 이 점검에서 입증하지 않음,아니오,,PDFium second extraction; role boundaries from reviewed records,True,False
PDFIUM-GEM-21-N-00269,GEM-21,runs/raw_logs/Gemini_2.5_Flash/21.pdf,15,2,] - Path C1 (Soviet Union),,Tension,VDM-CLAMP,명시 산술의 내부 일관성,명시 수식×변수,준수,1,1,"tension: 1.0 (Start 1.0 + 0.15, clamped)","명시 산식 1.0 + 0.15 = 1.15; 상태값은 VDM max(0,min(1,value))로 계산; 초기값/효과 선택의 정당성과 별개.",Python Decimal; 원문 명시값만,실제 입력 첨부 바이트는 미확인; 보존 VDM과 조건부 대조. 턴·분기는 명시 제목 기반 파싱이며 불완전/재명명 가능. 응답 전용 export 역할 추정; 당시 사용자 프롬프트 미보존. 입력 초기값 출처 및 사건 분류는 이 점검에서 입증하지 않음,아니오,,PDFium second extraction; role boundaries from reviewed records,True,False
PDFIUM-GEM-21-N-00272,GEM-21,runs/raw_logs/Gemini_2.5_Flash/21.pdf,15,2,] - Path C1 (Soviet Union),,Diplomatic_Support,VDM-CLAMP,명시 산술의 내부 일관성,명시 수식×변수,준수,0.35,0.35,diplomatic_support: 0.35 (Start 0.40 - 0.05),"명시 산식 0.40 - 0.05 = 0.35; 상태값은 VDM max(0,min(1,value))로 계산; 초기값/효과 선택의 정당성과 별개.",Python Decimal; 원문 명시값만,실제 입력 첨부 바이트는 미확인; 보존 VDM과 조건부 대조. 턴·분기는 명시 제목 기반 파싱이며 불완전/재명명 가능. 응답 전용 export 역할 추정; 당시 사용자 프롬프트 미보존. 입력 초기값 출처 및 사건 분류는 이 점검에서 입증하지 않음,아니오,,PDFium second extraction; role boundaries from reviewed records,True,False
PDFIUM-GEM-21-N-00275,GEM-21,runs/raw_logs/Gemini_2.5_Flash/21.pdf,15,2,] - Path C1 (Soviet Union),,Public_Opinion,VDM-CLAMP,명시 산술의 내부 일관성,명시 수식×변수,준수,0.4,0.4,public_opinion: 0.40 (Start 0.45 - 0.05),"명시 산식 0.45 - 0.05 = 0.4; 상태값은 VDM max(0,min(1,value))로 계산; 초기값/효과 선택의 정당성과 별개.",Python Decimal; 원문 명시값만,실제 입력 첨부 바이트는 미확인; 보존 VDM과 조건부 대조. 턴·분기는 명시 제목 기반 파싱이며 불완전/재명명 가능. 응답 전용 export 역할 추정; 당시 사용자 프롬프트 미보존. 입력 초기값 출처 및 사건 분류는 이 점검에서 입증하지 않음,아니오,,PDFium second extraction; role boundaries from reviewed records,True,False
PDFIUM-GEM-21-N-00278,GEM-21,runs/raw_logs/Gemini_2.5_Flash/21.pdf,15,2,] - Path C1 (Soviet Union),,Leadership_Unity,VDM-CLAMP,명시 산술의 내부 일관성,명시 수식×변수,준수,0.85,0.85,leadership_unity: 0.85 (Start 0.95 - 0.10),"명시 산식 0.95 - 0.10 = 0.85; 상태값은 VDM max(0,min(1,value))로 계산; 초기값/효과 선택의 정당성과 별개.",Python Decimal; 원문 명시값만,실제 입력 첨부 바이트는 미확인; 보존 VDM과 조건부 대조. 턴·분기는 명시 제목 기반 파싱이며 불완전/재명명 가능. 응답 전용 export 역할 추정; 당시 사용자 프롬프트 미보존. 입력 초기값 출처 및 사건 분류는 이 점검에서 입증하지 않음,아니오,,PDFium second extraction; role boundaries from reviewed records,True,False
PDFIUM-GEM-21-N-00287,GEM-21,runs/raw_logs/Gemini_2.5_Flash/21.pdf,17,4,] - Path A1-1 (United States),,Tension,VDM-CLAMP,명시 산술의 내부 일관성,명시 수식×변수,준수,0.85,0.85,tension: 0.85 (Start 0.85 + 0),"명시 산식 0.85 + 0 = 0.85; 상태값은 VDM max(0,min(1,value))로 계산; 초기값/효과 선택의 정당성과 별개.",Python Decimal; 원문 명시값만,실제 입력 첨부 바이트는 미확인; 보존 VDM과 조건부 대조. 턴·분기는 명시 제목 기반 파싱이며 불완전/재명명 가능. 응답 전용 export 역할 추정; 당시 사용자 프롬프트 미보존. 입력 초기값 출처 및 사건 분류는 이 점검에서 입증하지 않음,아니오,,PDFium second extraction; role boundaries from reviewed records,True,False
PDFIUM-GEM-21-N-00290,GEM-21,runs/raw_logs/Gemini_2.5_Flash/21.pdf,17,4,] - Path A1-1 (United States),,Diplomatic_Support,VDM-CLAMP,명시 산술의 내부 일관성,명시 수식×변수,준수,0.73,0.73,diplomatic_support: 0.73 (Start 0.65 + 0.08),"명시 산식 0.65 + 0.08 = 0.73; 상태값은 VDM max(0,min(1,value))로 계산; 초기값/효과 선택의 정당성과 별개.",Python Decimal; 원문 명시값만,실제 입력 첨부 바이트는 미확인; 보존 VDM과 조건부 대조. 턴·분기는 명시 제목 기반 파싱이며 불완전/재명명 가능. 응답 전용 export 역할 추정; 당시 사용자 프롬프트 미보존. 입력 초기값 출처 및 사건 분류는 이 점검에서 입증하지 않음,아니오,,PDFium second extraction; role boundaries from reviewed records,True,False
PDFIUM-GEM-21-N-00293,GEM-21,runs/raw_logs/Gemini_2.5_Flash/21.pdf,17,4,] - Path A1-1 (United States),,Public_Opinion,VDM-CLAMP,명시 산술의 내부 일관성,명시 수식×변수,준수,1,1,"public_opinion: 1.0 (Start 1.0 + 0.03, clamped)","명시 산식 1.0 + 0.03 = 1.03; 상태값은 VDM max(0,min(1,value))로 계산; 초기값/효과 선택의 정당성과 별개.",Python Decimal; 원문 명시값만,실제 입력 첨부 바이트는 미확인; 보존 VDM과 조건부 대조. 턴·분기는 명시 제목 기반 파싱이며 불완전/재명명 가능. 응답 전용 export 역할 추정; 당시 사용자 프롬프트 미보존. 입력 초기값 출처 및 사건 분류는 이 점검에서 입증하지 않음,아니오,,PDFium second extraction; role boundaries from reviewed records,True,False
PDFIUM-GEM-21-N-00296,GEM-21,runs/raw_logs/Gemini_2.5_Flash/21.pdf,17,4,] - Path A1-1 (United States),,Leadership_Unity,VDM-CLAMP,명시 산술의 내부 일관성,명시 수식×변수,준수,0.95,0.95,leadership_unity: 0.95 (Start 0.95 + 0),"명시 산식 0.95 + 0 = 0.95; 상태값은 VDM max(0,min(1,value))로 계산; 초기값/효과 선택의 정당성과 별개.",Python Decimal; 원문 명시값만,실제 입력 첨부 바이트는 미확인; 보존 VDM과 조건부 대조. 턴·분기는 명시 제목 기반 파싱이며 불완전/재명명 가능. 응답 전용 export 역할 추정; 당시 사용자 프롬프트 미보존. 입력 초기값 출처 및 사건 분류는 이 점검에서 입증하지 않음,아니오,,PDFium second extraction; role boundaries from reviewed records,True,False
PDFIUM-GEM-21-N-00299,GEM-21,runs/raw_logs/Gemini_2.5_Flash/21.pdf,18,4,] - Path A1-1 (Soviet Union),,Tension,VDM-CLAMP,명시 산술의 내부 일관성,명시 수식×변수,준수,0.85,0.85,tension: 0.85 (Start 0.85 + 0),"명시 산식 0.85 + 0 = 0.85; 상태값은 VDM max(0,min(1,value))로 계산; 초기값/효과 선택의 정당성과 별개.",Python Decimal; 원문 명시값만,실제 입력 첨부 바이트는 미확인; 보존 VDM과 조건부 대조. 턴·분기는 명시 제목 기반 파싱이며 불완전/재명명 가능. 응답 전용 export 역할 추정; 당시 사용자 프롬프트 미보존. 입력 초기값 출처 및 사건 분류는 이 점검에서 입증하지 않음,아니오,,PDFium second extraction; role boundaries from reviewed records,True,False
PDFIUM-GEM-21-N-00302,GEM-21,runs/raw_logs/Gemini_2.5_Flash/21.pdf,18,4,] - Path A1-1 (Soviet Union),,Diplomatic_Support,VDM-CLAMP,명시 산술의 내부 일관성,명시 수식×변수,준수,0.78,0.78,diplomatic_support: 0.78 (Start 0.70 + 0.08),"명시 산식 0.70 + 0.08 = 0.78; 상태값은 VDM max(0,min(1,value))로 계산; 초기값/효과 선택의 정당성과 별개.",Python Decimal; 원문 명시값만,실제 입력 첨부 바이트는 미확인; 보존 VDM과 조건부 대조. 턴·분기는 명시 제목 기반 파싱이며 불완전/재명명 가능. 응답 전용 export 역할 추정; 당시 사용자 프롬프트 미보존. 입력 초기값 출처 및 사건 분류는 이 점검에서 입증하지 않음,아니오,,PDFium second extraction; role boundaries from reviewed records,True,False
PDFIUM-GEM-21-N-00305,GEM-21,runs/raw_logs/Gemini_2.5_Flash/21.pdf,18,4,] - Path A1-1 (Soviet Union),,Public_Opinion,VDM-CLAMP,명시 산술의 내부 일관성,명시 수식×변수,준수,0.63,0.63,public_opinion: 0.63 (Start 0.60 + 0.03),"명시 산식 0.60 + 0.03 = 0.63; 상태값은 VDM max(0,min(1,value))로 계산; 초기값/효과 선택의 정당성과 별개.",Python Decimal; 원문 명시값만,실제 입력 첨부 바이트는 미확인; 보존 VDM과 조건부 대조. 턴·분기는 명시 제목 기반 파싱이며 불완전/재명명 가능. 응답 전용 export 역할 추정; 당시 사용자 프롬프트 미보존. 입력 초기값 출처 및 사건 분류는 이 점검에서 입증하지 않음,아니오,,PDFium second extraction; role boundaries from reviewed records,True,False
PDFIUM-GEM-21-N-00308,GEM-21,runs/raw_logs/Gemini_2.5_Flash/21.pdf,18,4,] - Path A1-1 (Soviet Union),,Leadership_Unity,VDM-CLAMP,명시 산술의 내부 일관성,명시 수식×변수,준수,1,1,leadership_unity: 1.0 (Start 1.0 + 0),"명시 산식 1.0 + 0 = 1; 상태값은 VDM max(0,min(1,value))로 계산; 초기값/효과 선택의 정당성과 별개.",Python Decimal; 원문 명시값만,실제 입력 첨부 바이트는 미확인; 보존 VDM과 조건부 대조. 턴·분기는 명시 제목 기반 파싱이며 불완전/재명명 가능. 응답 전용 export 역할 추정; 당시 사용자 프롬프트 미보존. 입력 초기값 출처 및 사건 분류는 이 점검에서 입증하지 않음,아니오,,PDFium second extraction; role boundaries from reviewed records,True,False
PDFIUM-GEM-21-N-00317,GEM-21,runs/raw_logs/Gemini_2.5_Flash/21.pdf,18,4,] - Path A1-2 (United States),,Tension,VDM-CLAMP,명시 산술의 내부 일관성,명시 수식×변수,준수,1,1,"tension: 1.0 (Start 0.85 + 0.15, clamped)","명시 산식 0.85 + 0.15 = 1; 상태값은 VDM max(0,min(1,value))로 계산; 초기값/효과 선택의 정당성과 별개.",Python Decimal; 원문 명시값만,실제 입력 첨부 바이트는 미확인; 보존 VDM과 조건부 대조. 턴·분기는 명시 제목 기반 파싱이며 불완전/재명명 가능. 응답 전용 export 역할 추정; 당시 사용자 프롬프트 미보존. 입력 초기값 출처 및 사건 분류는 이 점검에서 입증하지 않음,아니오,,PDFium second extraction; role boundaries from reviewed records,True,False
PDFIUM-GEM-21-N-00320,GEM-21,runs/raw_logs/Gemini_2.5_Flash/21.pdf,19,4,] - Path A1-2 (United States),,Diplomatic_Support,VDM-CLAMP,명시 산술의 내부 일관성,명시 수식×변수,준수,0.53,0.53,diplomatic_support: 0.53 (Start 0.65 - 0.12),"명시 산식 0.65 - 0.12 = 0.53; 상태값은 VDM max(0,min(1,value))로 계산; 초기값/효과 선택의 정당성과 별개.",Python Decimal; 원문 명시값만,실제 입력 첨부 바이트는 미확인; 보존 VDM과 조건부 대조. 턴·분기는 명시 제목 기반 파싱이며 불완전/재명명 가능. 응답 전용 export 역할 추정; 당시 사용자 프롬프트 미보존. 입력 초기값 출처 및 사건 분류는 이 점검에서 입증하지 않음,아니오,,PDFium second extraction; role boundaries from reviewed records,True,False
PDFIUM-GEM-21-N-00323,GEM-21,runs/raw_logs/Gemini_2.5_Flash/21.pdf,19,4,] - Path A1-2 (United States),,Public_Opinion,VDM-CLAMP,명시 산술의 내부 일관성,명시 수식×변수,준수,0.93,0.93,public_opinion: 0.93 (Start 1.0 - 0.07),"명시 산식 1.0 - 0.07 = 0.93; 상태값은 VDM max(0,min(1,value))로 계산; 초기값/효과 선택의 정당성과 별개.",Python Decimal; 원문 명시값만,실제 입력 첨부 바이트는 미확인; 보존 VDM과 조건부 대조. 턴·분기는 명시 제목 기반 파싱이며 불완전/재명명 가능. 응답 전용 export 역할 추정; 당시 사용자 프롬프트 미보존. 입력 초기값 출처 및 사건 분류는 이 점검에서 입증하지 않음,아니오,,PDFium second extraction; role boundaries from reviewed records,True,False
PDFIUM-GEM-21-N-00326,GEM-21,runs/raw_logs/Gemini_2.5_Flash/21.pdf,19,4,] - Path A1-2 (United States),,Leadership_Unity,VDM-CLAMP,명시 산술의 내부 일관성,명시 수식×변수,준수,0.85,0.85,leadership_unity: 0.85 (Start 0.95 - 0.10),"명시 산식 0.95 - 0.10 = 0.85; 상태값은 VDM max(0,min(1,value))로 계산; 초기값/효과 선택의 정당성과 별개.",Python Decimal; 원문 명시값만,실제 입력 첨부 바이트는 미확인; 보존 VDM과 조건부 대조. 턴·분기는 명시 제목 기반 파싱이며 불완전/재명명 가능. 응답 전용 export 역할 추정; 당시 사용자 프롬프트 미보존. 입력 초기값 출처 및 사건 분류는 이 점검에서 입증하지 않음,아니오,,PDFium second extraction; role boundaries from reviewed records,True,False
PDFIUM-GEM-21-N-00329,GEM-21,runs/raw_logs/Gemini_2.5_Flash/21.pdf,19,4,] - Path A1-2 (Soviet Union),,Tension,VDM-CLAMP,명시 산술의 내부 일관성,명시 수식×변수,준수,1,1,"tension: 1.0 (Start 0.85 + 0.15, clamped)","명시 산식 0.85 + 0.15 = 1; 상태값은 VDM max(0,min(1,value))로 계산; 초기값/효과 선택의 정당성과 별개.",Python Decimal; 원문 명시값만,실제 입력 첨부 바이트는 미확인; 보존 VDM과 조건부 대조. 턴·분기는 명시 제목 기반 파싱이며 불완전/재명명 가능. 응답 전용 export 역할 추정; 당시 사용자 프롬프트 미보존. 입력 초기값 출처 및 사건 분류는 이 점검에서 입증하지 않음,아니오,,PDFium second extraction; role boundaries from reviewed records,True,False
PDFIUM-GEM-21-N-00332,GEM-21,runs/raw_logs/Gemini_2.5_Flash/21.pdf,19,4,] - Path A1-2 (Soviet Union),,Diplomatic_Support,VDM-CLAMP,명시 산술의 내부 일관성,명시 수식×변수,준수,0.58,0.58,diplomatic_support: 0.58 (Start 0.70 - 0.12),"명시 산식 0.70 - 0.12 = 0.58; 상태값은 VDM max(0,min(1,value))로 계산; 초기값/효과 선택의 정당성과 별개.",Python Decimal; 원문 명시값만,실제 입력 첨부 바이트는 미확인; 보존 VDM과 조건부 대조. 턴·분기는 명시 제목 기반 파싱이며 불완전/재명명 가능. 응답 전용 export 역할 추정; 당시 사용자 프롬프트 미보존. 입력 초기값 출처 및 사건 분류는 이 점검에서 입증하지 않음,아니오,,PDFium second extraction; role boundaries from reviewed records,True,False
PDFIUM-GEM-21-N-00335,GEM-21,runs/raw_logs/Gemini_2.5_Flash/21.pdf,19,4,] - Path A1-2 (Soviet Union),,Public_Opinion,VDM-CLAMP,명시 산술의 내부 일관성,명시 수식×변수,준수,0.53,0.53,public_opinion: 0.53 (Start 0.60 - 0.07),"명시 산식 0.60 - 0.07 = 0.53; 상태값은 VDM max(0,min(1,value))로 계산; 초기값/효과 선택의 정당성과 별개.",Python Decimal; 원문 명시값만,실제 입력 첨부 바이트는 미확인; 보존 VDM과 조건부 대조. 턴·분기는 명시 제목 기반 파싱이며 불완전/재명명 가능. 응답 전용 export 역할 추정; 당시 사용자 프롬프트 미보존. 입력 초기값 출처 및 사건 분류는 이 점검에서 입증하지 않음,아니오,,PDFium second extraction; role boundaries from reviewed records,True,False
PDFIUM-GEM-21-N-00338,GEM-21,runs/raw_logs/Gemini_2.5_Flash/21.pdf,19,4,] - Path A1-2 (Soviet Union),,Leadership_Unity,VDM-CLAMP,명시 산술의 내부 일관성,명시 수식×변수,준수,0.9,0.9,leadership_unity: 0.90 (Start 1.0 - 0.10),"명시 산식 1.0 - 0.10 = 0.9; 상태값은 VDM max(0,min(1,value))로 계산; 초기값/효과 선택의 정당성과 별개.",Python Decimal; 원문 명시값만,실제 입력 첨부 바이트는 미확인; 보존 VDM과 조건부 대조. 턴·분기는 명시 제목 기반 파싱이며 불완전/재명명 가능. 응답 전용 export 역할 추정; 당시 사용자 프롬프트 미보존. 입력 초기값 출처 및 사건 분류는 이 점검에서 입증하지 않음,아니오,,PDFium second extraction; role boundaries from reviewed records,True,False
PDFIUM-GEM-22-N-00153,GEM-22,runs/raw_logs/Gemini_2.5_Flash/22.pdf,7,2,Most Plausible Path,,Tension,VDM-CLAMP,명시 산술의 내부 일관성,명시 기준값·변화량·후상태×변수,준수,0.8,0.8,"명시 기준값: p.4: tension: 0.65 | 명시 변화량 p.7: Predicted Variable Change: tension [+0.15], diplomatic_support [-0.12], public_opinion [-0.07], | 보고 후상태 p.7: tension: 0.80",분리된 출력 칸에 명시된 기준값 0.65 + 변화량 0.15를 Python으로 계산한 뒤 clamp 적용. 초기값의 정당성·행동분류·분기 의미 승계를 입증하지 않음.,Python Decimal; 원문 명시값만,실제 입력 첨부 바이트는 미확인; 보존 VDM과 조건부 대조. 턴·분기는 명시 제목 기반 파싱이며 불완전/재명명 가능. 응답 전용 export 역할 추정; 당시 사용자 프롬프트 미보존. baseline이라고 명시한 가정은 원입력 인증을 뜻하지 않음; 동일 분기명/행위자 키의 수치 대응만 점검,아니오,,PDFium second extraction; role boundaries from reviewed records,True,False
PDFIUM-GEM-22-N-00154,GEM-22,runs/raw_logs/Gemini_2.5_Flash/22.pdf,7,2,Most Plausible Path,,Diplomatic_Support,VDM-CLAMP,명시 산술의 내부 일관성,명시 기준값·변화량·후상태×변수,준수,0.26,0.26,"명시 기준값: p.4: diplomatic_support: 0.38 | 명시 변화량 p.7: Predicted Variable Change: tension [+0.15], diplomatic_support [-0.12], public_opinion [-0.07], | 보고 후상태 p.7: diplomatic_support: 0.26",분리된 출력 칸에 명시된 기준값 0.38 + 변화량 -0.12를 Python으로 계산한 뒤 clamp 적용. 초기값의 정당성·행동분류·분기 의미 승계를 입증하지 않음.,Python Decimal; 원문 명시값만,실제 입력 첨부 바이트는 미확인; 보존 VDM과 조건부 대조. 턴·분기는 명시 제목 기반 파싱이며 불완전/재명명 가능. 응답 전용 export 역할 추정; 당시 사용자 프롬프트 미보존. baseline이라고 명시한 가정은 원입력 인증을 뜻하지 않음; 동일 분기명/행위자 키의 수치 대응만 점검,아니오,,PDFium second extraction; role boundaries from reviewed records,True,False
PDFIUM-GEM-22-N-00155,GEM-22,runs/raw_logs/Gemini_2.5_Flash/22.pdf,7,2,Most Plausible Path,,Public_Opinion,VDM-CLAMP,명시 산술의 내부 일관성,명시 기준값·변화량·후상태×변수,준수,0.36,0.36,"명시 기준값: p.4: public_opinion: 0.43 | 명시 변화량 p.7: Predicted Variable Change: tension [+0.15], diplomatic_support [-0.12], public_opinion [-0.07], | 보고 후상태 p.7: public_opinion: 0.36",분리된 출력 칸에 명시된 기준값 0.43 + 변화량 -0.07를 Python으로 계산한 뒤 clamp 적용. 초기값의 정당성·행동분류·분기 의미 승계를 입증하지 않음.,Python Decimal; 원문 명시값만,실제 입력 첨부 바이트는 미확인; 보존 VDM과 조건부 대조. 턴·분기는 명시 제목 기반 파싱이며 불완전/재명명 가능. 응답 전용 export 역할 추정; 당시 사용자 프롬프트 미보존. baseline이라고 명시한 가정은 원입력 인증을 뜻하지 않음; 동일 분기명/행위자 키의 수치 대응만 점검,아니오,,PDFium second extraction; role boundaries from reviewed records,True,False
PDFIUM-GEM-22-N-00156,GEM-22,runs/raw_logs/Gemini_2.5_Flash/22.pdf,7,2,Most Plausible Path,,Leadership_Unity,VDM-CLAMP,명시 산술의 내부 일관성,명시 기준값·변화량·후상태×변수,준수,0.2,0.2,명시 기준값: p.4: leadership_unity: 0.35 | 명시 변화량 p.7: leadership_unity [-0.15] | 보고 후상태 p.7: leadership_unity: 0.20,분리된 출력 칸에 명시된 기준값 0.35 + 변화량 -0.15를 Python으로 계산한 뒤 clamp 적용. 초기값의 정당성·행동분류·분기 의미 승계를 입증하지 않음.,Python Decimal; 원문 명시값만,실제 입력 첨부 바이트는 미확인; 보존 VDM과 조건부 대조. 턴·분기는 명시 제목 기반 파싱이며 불완전/재명명 가능. 응답 전용 export 역할 추정; 당시 사용자 프롬프트 미보존. baseline이라고 명시한 가정은 원입력 인증을 뜻하지 않음; 동일 분기명/행위자 키의 수치 대응만 점검,아니오,,PDFium second extraction; role boundaries from reviewed records,True,False
PDFIUM-GEM-22-N-00157,GEM-22,runs/raw_logs/Gemini_2.5_Flash/22.pdf,8,2,Diplomatic Resolution Path,,Tension,VDM-CLAMP,명시 산술의 내부 일관성,명시 기준값·변화량·후상태×변수,준수,0.5,0.5,"명시 기준값: p.5: tension: 0.50 | 명시 변화량 p.8: Predicted Variable Change: tension [+0.00], diplomatic_support [+0.03], public_opinion [+0.08], | 보고 후상태 p.8: tension: 0.50",분리된 출력 칸에 명시된 기준값 0.5 + 변화량 0.00를 Python으로 계산한 뒤 clamp 적용. 초기값의 정당성·행동분류·분기 의미 승계를 입증하지 않음.,Python Decimal; 원문 명시값만,실제 입력 첨부 바이트는 미확인; 보존 VDM과 조건부 대조. 턴·분기는 명시 제목 기반 파싱이며 불완전/재명명 가능. 응답 전용 export 역할 추정; 당시 사용자 프롬프트 미보존. baseline이라고 명시한 가정은 원입력 인증을 뜻하지 않음; 동일 분기명/행위자 키의 수치 대응만 점검,아니오,,PDFium second extraction; role boundaries from reviewed records,True,False
PDFIUM-GEM-22-N-00158,GEM-22,runs/raw_logs/Gemini_2.5_Flash/22.pdf,8,2,Diplomatic Resolution Path,,Diplomatic_Support,VDM-CLAMP,명시 산술의 내부 일관성,명시 기준값·변화량·후상태×변수,준수,0.61,0.61,"명시 기준값: p.5: diplomatic_support: 0.58 | 명시 변화량 p.8: Predicted Variable Change: tension [+0.00], diplomatic_support [+0.03], public_opinion [+0.08], | 보고 후상태 p.8: diplomatic_support: 0.61",분리된 출력 칸에 명시된 기준값 0.58 + 변화량 0.03를 Python으로 계산한 뒤 clamp 적용. 초기값의 정당성·행동분류·분기 의미 승계를 입증하지 않음.,Python Decimal; 원문 명시값만,실제 입력 첨부 바이트는 미확인; 보존 VDM과 조건부 대조. 턴·분기는 명시 제목 기반 파싱이며 불완전/재명명 가능. 응답 전용 export 역할 추정; 당시 사용자 프롬프트 미보존. baseline이라고 명시한 가정은 원입력 인증을 뜻하지 않음; 동일 분기명/행위자 키의 수치 대응만 점검,아니오,,PDFium second extraction; role boundaries from reviewed records,True,False
PDFIUM-GEM-22-N-00159,GEM-22,runs/raw_logs/Gemini_2.5_Flash/22.pdf,8,2,Diplomatic Resolution Path,,Public_Opinion,VDM-CLAMP,명시 산술의 내부 일관성,명시 기준값·변화량·후상태×변수,준수,0.61,0.61,"명시 기준값: p.5: public_opinion: 0.53 | 명시 변화량 p.8: Predicted Variable Change: tension [+0.00], diplomatic_support [+0.03], public_opinion [+0.08], | 보고 후상태 p.8: public_opinion: 0.61",분리된 출력 칸에 명시된 기준값 0.53 + 변화량 0.08를 Python으로 계산한 뒤 clamp 적용. 초기값의 정당성·행동분류·분기 의미 승계를 입증하지 않음.,Python Decimal; 원문 명시값만,실제 입력 첨부 바이트는 미확인; 보존 VDM과 조건부 대조. 턴·분기는 명시 제목 기반 파싱이며 불완전/재명명 가능. 응답 전용 export 역할 추정; 당시 사용자 프롬프트 미보존. baseline이라고 명시한 가정은 원입력 인증을 뜻하지 않음; 동일 분기명/행위자 키의 수치 대응만 점검,아니오,,PDFium second extraction; role boundaries from reviewed records,True,False
PDFIUM-GEM-22-N-00160,GEM-22,runs/raw_logs/Gemini_2.5_Flash/22.pdf,8,2,Diplomatic Resolution Path,,Leadership_Unity,VDM-CLAMP,명시 산술의 내부 일관성,명시 기준값·변화량·후상태×변수,준수,0.55,0.55,명시 기준값: p.5: leadership_unity: 0.50 | 명시 변화량 p.8: leadership_unity [+0.05] | 보고 후상태 p.8: leadership_unity: 0.55,분리된 출력 칸에 명시된 기준값 0.5 + 변화량 0.05를 Python으로 계산한 뒤 clamp 적용. 초기값의 정당성·행동분류·분기 의미 승계를 입증하지 않음.,Python Decimal; 원문 명시값만,실제 입력 첨부 바이트는 미확인; 보존 VDM과 조건부 대조. 턴·분기는 명시 제목 기반 파싱이며 불완전/재명명 가능. 응답 전용 export 역할 추정; 당시 사용자 프롬프트 미보존. baseline이라고 명시한 가정은 원입력 인증을 뜻하지 않음; 동일 분기명/행위자 키의 수치 대응만 점검,아니오,,PDFium second extraction; role boundaries from reviewed records,True,False
PDFIUM-GEM-22-N-00161,GEM-22,runs/raw_logs/Gemini_2.5_Flash/22.pdf,9,2,Hardline Response Path,,Tension,VDM-CLAMP,명시 산술의 내부 일관성,명시 기준값·변화량·후상태×변수,준수,0.8,0.8,"명시 기준값: p.6: tension: 0.65 | 명시 변화량 p.9: Predicted Variable Change: tension [+0.15], diplomatic_support [-0.12], public_opinion [-0.07], | 보고 후상태 p.9: tension: 0.80",분리된 출력 칸에 명시된 기준값 0.65 + 변화량 0.15를 Python으로 계산한 뒤 clamp 적용. 초기값의 정당성·행동분류·분기 의미 승계를 입증하지 않음.,Python Decimal; 원문 명시값만,실제 입력 첨부 바이트는 미확인; 보존 VDM과 조건부 대조. 턴·분기는 명시 제목 기반 파싱이며 불완전/재명명 가능. 응답 전용 export 역할 추정; 당시 사용자 프롬프트 미보존. baseline이라고 명시한 가정은 원입력 인증을 뜻하지 않음; 동일 분기명/행위자 키의 수치 대응만 점검,아니오,,PDFium second extraction; role boundaries from reviewed records,True,False
PDFIUM-GEM-22-N-00162,GEM-22,runs/raw_logs/Gemini_2.5_Flash/22.pdf,9,2,Hardline Response Path,,Diplomatic_Support,VDM-CLAMP,명시 산술의 내부 일관성,명시 기준값·변화량·후상태×변수,준수,0.33,0.33,"명시 기준값: p.6: diplomatic_support: 0.45 | 명시 변화량 p.9: Predicted Variable Change: tension [+0.15], diplomatic_support [-0.12], public_opinion [-0.07], | 보고 후상태 p.9: diplomatic_support: 0.33",분리된 출력 칸에 명시된 기준값 0.45 + 변화량 -0.12를 Python으로 계산한 뒤 clamp 적용. 초기값의 정당성·행동분류·분기 의미 승계를 입증하지 않음.,Python Decimal; 원문 명시값만,실제 입력 첨부 바이트는 미확인; 보존 VDM과 조건부 대조. 턴·분기는 명시 제목 기반 파싱이며 불완전/재명명 가능. 응답 전용 export 역할 추정; 당시 사용자 프롬프트 미보존. baseline이라고 명시한 가정은 원입력 인증을 뜻하지 않음; 동일 분기명/행위자 키의 수치 대응만 점검,아니오,,PDFium second extraction; role boundaries from reviewed records,True,False
PDFIUM-GEM-22-N-00163,GEM-22,runs/raw_logs/Gemini_2.5_Flash/22.pdf,9,2,Hardline Response Path,,Public_Opinion,VDM-CLAMP,명시 산술의 내부 일관성,명시 기준값·변화량·후상태×변수,준수,0.38,0.38,"명시 기준값: p.6: public_opinion: 0.45 | 명시 변화량 p.9: Predicted Variable Change: tension [+0.15], diplomatic_support [-0.12], public_opinion [-0.07], | 보고 후상태 p.9: public_opinion: 0.38",분리된 출력 칸에 명시된 기준값 0.45 + 변화량 -0.07를 Python으로 계산한 뒤 clamp 적용. 초기값의 정당성·행동분류·분기 의미 승계를 입증하지 않음.,Python Decimal; 원문 명시값만,실제 입력 첨부 바이트는 미확인; 보존 VDM과 조건부 대조. 턴·분기는 명시 제목 기반 파싱이며 불완전/재명명 가능. 응답 전용 export 역할 추정; 당시 사용자 프롬프트 미보존. baseline이라고 명시한 가정은 원입력 인증을 뜻하지 않음; 동일 분기명/행위자 키의 수치 대응만 점검,아니오,,PDFium second extraction; role boundaries from reviewed records,True,False
PDFIUM-GEM-22-N-00164,GEM-22,runs/raw_logs/Gemini_2.5_Flash/22.pdf,9,2,Hardline Response Path,,Leadership_Unity,VDM-CLAMP,명시 산술의 내부 일관성,명시 기준값·변화량·후상태×변수,준수,0.25,0.25,명시 기준값: p.6: leadership_unity: 0.40 | 명시 변화량 p.9: leadership_unity [-0.15] | 보고 후상태 p.9: leadership_unity: 0.25,분리된 출력 칸에 명시된 기준값 0.4 + 변화량 -0.15를 Python으로 계산한 뒤 clamp 적용. 초기값의 정당성·행동분류·분기 의미 승계를 입증하지 않음.,Python Decimal; 원문 명시값만,실제 입력 첨부 바이트는 미확인; 보존 VDM과 조건부 대조. 턴·분기는 명시 제목 기반 파싱이며 불완전/재명명 가능. 응답 전용 export 역할 추정; 당시 사용자 프롬프트 미보존. baseline이라고 명시한 가정은 원입력 인증을 뜻하지 않음; 동일 분기명/행위자 키의 수치 대응만 점검,아니오,,PDFium second extraction; role boundaries from reviewed records,True,False
PDFIUM-GEM-22-N-00165,GEM-22,runs/raw_logs/Gemini_2.5_Flash/22.pdf,11,3,Most Plausible Path,,Tension,VDM-CLAMP,명시 산술의 내부 일관성,명시 기준값·변화량·후상태×변수,준수,0.95,0.95,"명시 기준값: p.7: tension: 0.80 | 명시 변화량 p.11: Predicted Variable Change: tension [+0.15], diplomatic_support [-0.05], public_opinion [-0.05], | 보고 후상태 p.11: tension: 0.95",분리된 출력 칸에 명시된 기준값 0.8 + 변화량 0.15를 Python으로 계산한 뒤 clamp 적용. 초기값의 정당성·행동분류·분기 의미 승계를 입증하지 않음.,Python Decimal; 원문 명시값만,실제 입력 첨부 바이트는 미확인; 보존 VDM과 조건부 대조. 턴·분기는 명시 제목 기반 파싱이며 불완전/재명명 가능. 응답 전용 export 역할 추정; 당시 사용자 프롬프트 미보존. baseline이라고 명시한 가정은 원입력 인증을 뜻하지 않음; 동일 분기명/행위자 키의 수치 대응만 점검,아니오,,PDFium second extraction; role boundaries from reviewed records,True,False
PDFIUM-GEM-22-N-00166,GEM-22,runs/raw_logs/Gemini_2.5_Flash/22.pdf,11,3,Most Plausible Path,,Diplomatic_Support,VDM-CLAMP,명시 산술의 내부 일관성,명시 기준값·변화량·후상태×변수,준수,0.21,0.21,"명시 기준값: p.7: diplomatic_support: 0.26 | 명시 변화량 p.11: Predicted Variable Change: tension [+0.15], diplomatic_support [-0.05], public_opinion [-0.05], | 보고 후상태 p.11: diplomatic_support: 0.21",분리된 출력 칸에 명시된 기준값 0.26 + 변화량 -0.05를 Python으로 계산한 뒤 clamp 적용. 초기값의 정당성·행동분류·분기 의미 승계를 입증하지 않음.,Python Decimal; 원문 명시값만,실제 입력 첨부 바이트는 미확인; 보존 VDM과 조건부 대조. 턴·분기는 명시 제목 기반 파싱이며 불완전/재명명 가능. 응답 전용 export 역할 추정; 당시 사용자 프롬프트 미보존. baseline이라고 명시한 가정은 원입력 인증을 뜻하지 않음; 동일 분기명/행위자 키의 수치 대응만 점검,아니오,,PDFium second extraction; role boundaries from reviewed records,True,False
PDFIUM-GEM-22-N-00167,GEM-22,runs/raw_logs/Gemini_2.5_Flash/22.pdf,11,3,Most Plausible Path,,Public_Opinion,VDM-CLAMP,명시 산술의 내부 일관성,명시 기준값·변화량·후상태×변수,준수,0.31,0.31,"명시 기준값: p.7: public_opinion: 0.36 | 명시 변화량 p.11: Predicted Variable Change: tension [+0.15], diplomatic_support [-0.05], public_opinion [-0.05], | 보고 후상태 p.11: public_opinion: 0.31",분리된 출력 칸에 명시된 기준값 0.36 + 변화량 -0.05를 Python으로 계산한 뒤 clamp 적용. 초기값의 정당성·행동분류·분기 의미 승계를 입증하지 않음.,Python Decimal; 원문 명시값만,실제 입력 첨부 바이트는 미확인; 보존 VDM과 조건부 대조. 턴·분기는 명시 제목 기반 파싱이며 불완전/재명명 가능. 응답 전용 export 역할 추정; 당시 사용자 프롬프트 미보존. baseline이라고 명시한 가정은 원입력 인증을 뜻하지 않음; 동일 분기명/행위자 키의 수치 대응만 점검,아니오,,PDFium second extraction; role boundaries from reviewed records,True,False
PDFIUM-GEM-22-N-00168,GEM-22,runs/raw_logs/Gemini_2.5_Flash/22.pdf,11,3,Most Plausible Path,,Leadership_Unity,VDM-CLAMP,명시 산술의 내부 일관성,명시 기준값·변화량·후상태×변수,준수,0.1,0.1,명시 기준값: p.7: leadership_unity: 0.20 | 명시 변화량 p.11: leadership_unity [-0.10] | 보고 후상태 p.11: leadership_unity: 0.10,분리된 출력 칸에 명시된 기준값 0.2 + 변화량 -0.10를 Python으로 계산한 뒤 clamp 적용. 초기값의 정당성·행동분류·분기 의미 승계를 입증하지 않음.,Python Decimal; 원문 명시값만,실제 입력 첨부 바이트는 미확인; 보존 VDM과 조건부 대조. 턴·분기는 명시 제목 기반 파싱이며 불완전/재명명 가능. 응답 전용 export 역할 추정; 당시 사용자 프롬프트 미보존. baseline이라고 명시한 가정은 원입력 인증을 뜻하지 않음; 동일 분기명/행위자 키의 수치 대응만 점검,아니오,,PDFium second extraction; role boundaries from reviewed records,True,False
PDFIUM-GEM-22-N-00169,GEM-22,runs/raw_logs/Gemini_2.5_Flash/22.pdf,12,3,Diplomatic Resolution Path,,Tension,VDM-CLAMP,명시 산술의 내부 일관성,명시 기준값·변화량·후상태×변수,준수,0.65,0.65,"명시 기준값: p.8: tension: 0.50 | 명시 변화량 p.12: Predicted Variable Change: tension [+0.15], diplomatic_support [-0.05], public_opinion [-0.05], | 보고 후상태 p.12: tension: 0.65",분리된 출력 칸에 명시된 기준값 0.5 + 변화량 0.15를 Python으로 계산한 뒤 clamp 적용. 초기값의 정당성·행동분류·분기 의미 승계를 입증하지 않음.,Python Decimal; 원문 명시값만,실제 입력 첨부 바이트는 미확인; 보존 VDM과 조건부 대조. 턴·분기는 명시 제목 기반 파싱이며 불완전/재명명 가능. 응답 전용 export 역할 추정; 당시 사용자 프롬프트 미보존. baseline이라고 명시한 가정은 원입력 인증을 뜻하지 않음; 동일 분기명/행위자 키의 수치 대응만 점검,아니오,,PDFium second extraction; role boundaries from reviewed records,True,False
PDFIUM-GEM-22-N-00170,GEM-22,runs/raw_logs/Gemini_2.5_Flash/22.pdf,12,3,Diplomatic Resolution Path,,Diplomatic_Support,VDM-CLAMP,명시 산술의 내부 일관성,명시 기준값·변화량·후상태×변수,준수,0.56,0.56,"명시 기준값: p.8: diplomatic_support: 0.61 | 명시 변화량 p.12: Predicted Variable Change: tension [+0.15], diplomatic_support [-0.05], public_opinion [-0.05], | 보고 후상태 p.12: diplomatic_support: 0.56",분리된 출력 칸에 명시된 기준값 0.61 + 변화량 -0.05를 Python으로 계산한 뒤 clamp 적용. 초기값의 정당성·행동분류·분기 의미 승계를 입증하지 않음.,Python Decimal; 원문 명시값만,실제 입력 첨부 바이트는 미확인; 보존 VDM과 조건부 대조. 턴·분기는 명시 제목 기반 파싱이며 불완전/재명명 가능. 응답 전용 export 역할 추정; 당시 사용자 프롬프트 미보존. baseline이라고 명시한 가정은 원입력 인증을 뜻하지 않음; 동일 분기명/행위자 키의 수치 대응만 점검,아니오,,PDFium second extraction; role boundaries from reviewed records,True,False
PDFIUM-GEM-22-N-00171,GEM-22,runs/raw_logs/Gemini_2.5_Flash/22.pdf,12,3,Diplomatic Resolution Path,,Public_Opinion,VDM-CLAMP,명시 산술의 내부 일관성,명시 기준값·변화량·후상태×변수,준수,0.56,0.56,"명시 기준값: p.8: public_opinion: 0.61 | 명시 변화량 p.12: Predicted Variable Change: tension [+0.15], diplomatic_support [-0.05], public_opinion [-0.05], | 보고 후상태 p.12: public_opinion: 0.56",분리된 출력 칸에 명시된 기준값 0.61 + 변화량 -0.05를 Python으로 계산한 뒤 clamp 적용. 초기값의 정당성·행동분류·분기 의미 승계를 입증하지 않음.,Python Decimal; 원문 명시값만,실제 입력 첨부 바이트는 미확인; 보존 VDM과 조건부 대조. 턴·분기는 명시 제목 기반 파싱이며 불완전/재명명 가능. 응답 전용 export 역할 추정; 당시 사용자 프롬프트 미보존. baseline이라고 명시한 가정은 원입력 인증을 뜻하지 않음; 동일 분기명/행위자 키의 수치 대응만 점검,아니오,,PDFium second extraction; role boundaries from reviewed records,True,False
PDFIUM-GEM-22-N-00172,GEM-22,runs/raw_logs/Gemini_2.5_Flash/22.pdf,12,3,Diplomatic Resolution Path,,Leadership_Unity,VDM-CLAMP,명시 산술의 내부 일관성,명시 기준값·변화량·후상태×변수,준수,0.45,0.45,명시 기준값: p.8: leadership_unity: 0.55 | 명시 변화량 p.12: leadership_unity [-0.10] | 보고 후상태 p.12: leadership_unity: 0.45,분리된 출력 칸에 명시된 기준값 0.55 + 변화량 -0.10를 Python으로 계산한 뒤 clamp 적용. 초기값의 정당성·행동분류·분기 의미 승계를 입증하지 않음.,Python Decimal; 원문 명시값만,실제 입력 첨부 바이트는 미확인; 보존 VDM과 조건부 대조. 턴·분기는 명시 제목 기반 파싱이며 불완전/재명명 가능. 응답 전용 export 역할 추정; 당시 사용자 프롬프트 미보존. baseline이라고 명시한 가정은 원입력 인증을 뜻하지 않음; 동일 분기명/행위자 키의 수치 대응만 점검,아니오,,PDFium second extraction; role boundaries from reviewed records,True,False
PDFIUM-GEM-22-N-00173,GEM-22,runs/raw_logs/Gemini_2.5_Flash/22.pdf,13,3,Hardline Response Path,,Tension,VDM-CLAMP,명시 산술의 내부 일관성,명시 기준값·변화량·후상태×변수,준수,0.95,0.95,"명시 기준값: p.9: tension: 0.80 | 명시 변화량 p.13: Predicted Variable Change: tension [+0.15], diplomatic_support [-0.05], public_opinion [-0.05], | 보고 후상태 p.13: tension: 0.95",분리된 출력 칸에 명시된 기준값 0.8 + 변화량 0.15를 Python으로 계산한 뒤 clamp 적용. 초기값의 정당성·행동분류·분기 의미 승계를 입증하지 않음.,Python Decimal; 원문 명시값만,실제 입력 첨부 바이트는 미확인; 보존 VDM과 조건부 대조. 턴·분기는 명시 제목 기반 파싱이며 불완전/재명명 가능. 응답 전용 export 역할 추정; 당시 사용자 프롬프트 미보존. baseline이라고 명시한 가정은 원입력 인증을 뜻하지 않음; 동일 분기명/행위자 키의 수치 대응만 점검,아니오,,PDFium second extraction; role boundaries from reviewed records,True,False
PDFIUM-GEM-22-N-00174,GEM-22,runs/raw_logs/Gemini_2.5_Flash/22.pdf,13,3,Hardline Response Path,,Diplomatic_Support,VDM-CLAMP,명시 산술의 내부 일관성,명시 기준값·변화량·후상태×변수,준수,0.28,0.28,"명시 기준값: p.9: diplomatic_support: 0.33 | 명시 변화량 p.13: Predicted Variable Change: tension [+0.15], diplomatic_support [-0.05], public_opinion [-0.05], | 보고 후상태 p.13: diplomatic_support: 0.28",분리된 출력 칸에 명시된 기준값 0.33 + 변화량 -0.05를 Python으로 계산한 뒤 clamp 적용. 초기값의 정당성·행동분류·분기 의미 승계를 입증하지 않음.,Python Decimal; 원문 명시값만,실제 입력 첨부 바이트는 미확인; 보존 VDM과 조건부 대조. 턴·분기는 명시 제목 기반 파싱이며 불완전/재명명 가능. 응답 전용 export 역할 추정; 당시 사용자 프롬프트 미보존. baseline이라고 명시한 가정은 원입력 인증을 뜻하지 않음; 동일 분기명/행위자 키의 수치 대응만 점검,아니오,,PDFium second extraction; role boundaries from reviewed records,True,False
PDFIUM-GEM-22-N-00175,GEM-22,runs/raw_logs/Gemini_2.5_Flash/22.pdf,13,3,Hardline Response Path,,Public_Opinion,VDM-CLAMP,명시 산술의 내부 일관성,명시 기준값·변화량·후상태×변수,준수,0.33,0.33,"명시 기준값: p.9: public_opinion: 0.38 | 명시 변화량 p.13: Predicted Variable Change: tension [+0.15], diplomatic_support [-0.05], public_opinion [-0.05], | 보고 후상태 p.13: public_opinion: 0.33",분리된 출력 칸에 명시된 기준값 0.38 + 변화량 -0.05를 Python으로 계산한 뒤 clamp 적용. 초기값의 정당성·행동분류·분기 의미 승계를 입증하지 않음.,Python Decimal; 원문 명시값만,실제 입력 첨부 바이트는 미확인; 보존 VDM과 조건부 대조. 턴·분기는 명시 제목 기반 파싱이며 불완전/재명명 가능. 응답 전용 export 역할 추정; 당시 사용자 프롬프트 미보존. baseline이라고 명시한 가정은 원입력 인증을 뜻하지 않음; 동일 분기명/행위자 키의 수치 대응만 점검,아니오,,PDFium second extraction; role boundaries from reviewed records,True,False
PDFIUM-GEM-22-N-00176,GEM-22,runs/raw_logs/Gemini_2.5_Flash/22.pdf,13,3,Hardline Response Path,,Leadership_Unity,VDM-CLAMP,명시 산술의 내부 일관성,명시 기준값·변화량·후상태×변수,준수,0.15,0.15,명시 기준값: p.9: leadership_unity: 0.25 | 명시 변화량 p.13: leadership_unity [-0.10] | 보고 후상태 p.13: leadership_unity: 0.15,분리된 출력 칸에 명시된 기준값 0.25 + 변화량 -0.10를 Python으로 계산한 뒤 clamp 적용. 초기값의 정당성·행동분류·분기 의미 승계를 입증하지 않음.,Python Decimal; 원문 명시값만,실제 입력 첨부 바이트는 미확인; 보존 VDM과 조건부 대조. 턴·분기는 명시 제목 기반 파싱이며 불완전/재명명 가능. 응답 전용 export 역할 추정; 당시 사용자 프롬프트 미보존. baseline이라고 명시한 가정은 원입력 인증을 뜻하지 않음; 동일 분기명/행위자 키의 수치 대응만 점검,아니오,,PDFium second extraction; role boundaries from reviewed records,True,False
PDFIUM-GEM-22-N-00177,GEM-22,runs/raw_logs/Gemini_2.5_Flash/22.pdf,15,4,Most Plausible Path,,Tension,VDM-CLAMP,명시 산술의 내부 일관성,명시 기준값·변화량·후상태×변수,준수,1,1,"명시 기준값: p.11: tension: 0.95 | 명시 변화량 p.15: Predicted Variable Change: tension [+0.05], diplomatic_support [+0.06], public_opinion [+0.01], | 보고 후상태 p.15: tension: 1.00",분리된 출력 칸에 명시된 기준값 0.95 + 변화량 0.05를 Python으로 계산한 뒤 clamp 적용. 초기값의 정당성·행동분류·분기 의미 승계를 입증하지 않음.,Python Decimal; 원문 명시값만,실제 입력 첨부 바이트는 미확인; 보존 VDM과 조건부 대조. 턴·분기는 명시 제목 기반 파싱이며 불완전/재명명 가능. 응답 전용 export 역할 추정; 당시 사용자 프롬프트 미보존. baseline이라고 명시한 가정은 원입력 인증을 뜻하지 않음; 동일 분기명/행위자 키의 수치 대응만 점검,아니오,,PDFium second extraction; role boundaries from reviewed records,True,False
PDFIUM-GEM-22-N-00178,GEM-22,runs/raw_logs/Gemini_2.5_Flash/22.pdf,15,4,Most Plausible Path,,Diplomatic_Support,VDM-CLAMP,명시 산술의 내부 일관성,명시 기준값·변화량·후상태×변수,준수,0.27,0.27,"명시 기준값: p.11: diplomatic_support: 0.21 | 명시 변화량 p.15: Predicted Variable Change: tension [+0.05], diplomatic_support [+0.06], public_opinion [+0.01], | 보고 후상태 p.15: diplomatic_support: 0.27",분리된 출력 칸에 명시된 기준값 0.21 + 변화량 0.06를 Python으로 계산한 뒤 clamp 적용. 초기값의 정당성·행동분류·분기 의미 승계를 입증하지 않음.,Python Decimal; 원문 명시값만,실제 입력 첨부 바이트는 미확인; 보존 VDM과 조건부 대조. 턴·분기는 명시 제목 기반 파싱이며 불완전/재명명 가능. 응답 전용 export 역할 추정; 당시 사용자 프롬프트 미보존. baseline이라고 명시한 가정은 원입력 인증을 뜻하지 않음; 동일 분기명/행위자 키의 수치 대응만 점검,아니오,,PDFium second extraction; role boundaries from reviewed records,True,False
PDFIUM-GEM-22-N-00179,GEM-22,runs/raw_logs/Gemini_2.5_Flash/22.pdf,15,4,Most Plausible Path,,Public_Opinion,VDM-CLAMP,명시 산술의 내부 일관성,명시 기준값·변화량·후상태×변수,준수,0.32,0.32,"명시 기준값: p.11: public_opinion: 0.31 | 명시 변화량 p.15: Predicted Variable Change: tension [+0.05], diplomatic_support [+0.06], public_opinion [+0.01], | 보고 후상태 p.15: public_opinion: 0.32",분리된 출력 칸에 명시된 기준값 0.31 + 변화량 0.01를 Python으로 계산한 뒤 clamp 적용. 초기값의 정당성·행동분류·분기 의미 승계를 입증하지 않음.,Python Decimal; 원문 명시값만,실제 입력 첨부 바이트는 미확인; 보존 VDM과 조건부 대조. 턴·분기는 명시 제목 기반 파싱이며 불완전/재명명 가능. 응답 전용 export 역할 추정; 당시 사용자 프롬프트 미보존. baseline이라고 명시한 가정은 원입력 인증을 뜻하지 않음; 동일 분기명/행위자 키의 수치 대응만 점검,아니오,,PDFium second extraction; role boundaries from reviewed records,True,False
PDFIUM-GEM-22-N-00180,GEM-22,runs/raw_logs/Gemini_2.5_Flash/22.pdf,15,4,Most Plausible Path,,Leadership_Unity,VDM-CLAMP,명시 산술의 내부 일관성,명시 기준값·변화량·후상태×변수,준수,0.05,0.05,명시 기준값: p.11: leadership_unity: 0.10 | 명시 변화량 p.15: leadership_unity [-0.05] | 보고 후상태 p.15: leadership_unity: 0.05,분리된 출력 칸에 명시된 기준값 0.1 + 변화량 -0.05를 Python으로 계산한 뒤 clamp 적용. 초기값의 정당성·행동분류·분기 의미 승계를 입증하지 않음.,Python Decimal; 원문 명시값만,실제 입력 첨부 바이트는 미확인; 보존 VDM과 조건부 대조. 턴·분기는 명시 제목 기반 파싱이며 불완전/재명명 가능. 응답 전용 export 역할 추정; 당시 사용자 프롬프트 미보존. baseline이라고 명시한 가정은 원입력 인증을 뜻하지 않음; 동일 분기명/행위자 키의 수치 대응만 점검,아니오,,PDFium second extraction; role boundaries from reviewed records,True,False
PDFIUM-GEM-22-N-00181,GEM-22,runs/raw_logs/Gemini_2.5_Flash/22.pdf,16,4,Diplomatic Resolution Path,,Tension,VDM-CLAMP,명시 산술의 내부 일관성,명시 기준값·변화량·후상태×변수,준수,0.7,0.7,"명시 기준값: p.12: tension: 0.65 | 명시 변화량 p.16: Predicted Variable Change: tension [+0.05], diplomatic_support [+0.06], public_opinion [+0.01], | 보고 후상태 p.16: tension: 0.70",분리된 출력 칸에 명시된 기준값 0.65 + 변화량 0.05를 Python으로 계산한 뒤 clamp 적용. 초기값의 정당성·행동분류·분기 의미 승계를 입증하지 않음.,Python Decimal; 원문 명시값만,실제 입력 첨부 바이트는 미확인; 보존 VDM과 조건부 대조. 턴·분기는 명시 제목 기반 파싱이며 불완전/재명명 가능. 응답 전용 export 역할 추정; 당시 사용자 프롬프트 미보존. baseline이라고 명시한 가정은 원입력 인증을 뜻하지 않음; 동일 분기명/행위자 키의 수치 대응만 점검,아니오,,PDFium second extraction; role boundaries from reviewed records,True,False
PDFIUM-GEM-22-N-00182,GEM-22,runs/raw_logs/Gemini_2.5_Flash/22.pdf,16,4,Diplomatic Resolution Path,,Diplomatic_Support,VDM-CLAMP,명시 산술의 내부 일관성,명시 기준값·변화량·후상태×변수,준수,0.62,0.62,"명시 기준값: p.12: diplomatic_support: 0.56 | 명시 변화량 p.16: Predicted Variable Change: tension [+0.05], diplomatic_support [+0.06], public_opinion [+0.01], | 보고 후상태 p.16: diplomatic_support: 0.62",분리된 출력 칸에 명시된 기준값 0.56 + 변화량 0.06를 Python으로 계산한 뒤 clamp 적용. 초기값의 정당성·행동분류·분기 의미 승계를 입증하지 않음.,Python Decimal; 원문 명시값만,실제 입력 첨부 바이트는 미확인; 보존 VDM과 조건부 대조. 턴·분기는 명시 제목 기반 파싱이며 불완전/재명명 가능. 응답 전용 export 역할 추정; 당시 사용자 프롬프트 미보존. baseline이라고 명시한 가정은 원입력 인증을 뜻하지 않음; 동일 분기명/행위자 키의 수치 대응만 점검,아니오,,PDFium second extraction; role boundaries from reviewed records,True,False
PDFIUM-GEM-22-N-00183,GEM-22,runs/raw_logs/Gemini_2.5_Flash/22.pdf,16,4,Diplomatic Resolution Path,,Public_Opinion,VDM-CLAMP,명시 산술의 내부 일관성,명시 기준값·변화량·후상태×변수,준수,0.57,0.57,"명시 기준값: p.12: public_opinion: 0.56 | 명시 변화량 p.16: Predicted Variable Change: tension [+0.05], diplomatic_support [+0.06], public_opinion [+0.01], | 보고 후상태 p.16: public_opinion: 0.57",분리된 출력 칸에 명시된 기준값 0.56 + 변화량 0.01를 Python으로 계산한 뒤 clamp 적용. 초기값의 정당성·행동분류·분기 의미 승계를 입증하지 않음.,Python Decimal; 원문 명시값만,실제 입력 첨부 바이트는 미확인; 보존 VDM과 조건부 대조. 턴·분기는 명시 제목 기반 파싱이며 불완전/재명명 가능. 응답 전용 export 역할 추정; 당시 사용자 프롬프트 미보존. baseline이라고 명시한 가정은 원입력 인증을 뜻하지 않음; 동일 분기명/행위자 키의 수치 대응만 점검,아니오,,PDFium second extraction; role boundaries from reviewed records,True,False
PDFIUM-GEM-22-N-00184,GEM-22,runs/raw_logs/Gemini_2.5_Flash/22.pdf,16,4,Diplomatic Resolution Path,,Leadership_Unity,VDM-CLAMP,명시 산술의 내부 일관성,명시 기준값·변화량·후상태×변수,준수,0.4,0.4,명시 기준값: p.12: leadership_unity: 0.45 | 명시 변화량 p.16: leadership_unity [-0.05] | 보고 후상태 p.16: leadership_unity: 0.40,분리된 출력 칸에 명시된 기준값 0.45 + 변화량 -0.05를 Python으로 계산한 뒤 clamp 적용. 초기값의 정당성·행동분류·분기 의미 승계를 입증하지 않음.,Python Decimal; 원문 명시값만,실제 입력 첨부 바이트는 미확인; 보존 VDM과 조건부 대조. 턴·분기는 명시 제목 기반 파싱이며 불완전/재명명 가능. 응답 전용 export 역할 추정; 당시 사용자 프롬프트 미보존. baseline이라고 명시한 가정은 원입력 인증을 뜻하지 않음; 동일 분기명/행위자 키의 수치 대응만 점검,아니오,,PDFium second extraction; role boundaries from reviewed records,True,False
PDFIUM-GEM-22-N-00185,GEM-22,runs/raw_logs/Gemini_2.5_Flash/22.pdf,17,4,Hardline Response Path,,Tension,VDM-CLAMP,명시 산술의 내부 일관성,명시 기준값·변화량·후상태×변수,준수,1,1,"명시 기준값: p.13: tension: 0.95 | 명시 변화량 p.17: Predicted Variable Change: tension [+0.05], diplomatic_support [+0.06], public_opinion [+0.01], | 보고 후상태 p.17: tension: 1.00",분리된 출력 칸에 명시된 기준값 0.95 + 변화량 0.05를 Python으로 계산한 뒤 clamp 적용. 초기값의 정당성·행동분류·분기 의미 승계를 입증하지 않음.,Python Decimal; 원문 명시값만,실제 입력 첨부 바이트는 미확인; 보존 VDM과 조건부 대조. 턴·분기는 명시 제목 기반 파싱이며 불완전/재명명 가능. 응답 전용 export 역할 추정; 당시 사용자 프롬프트 미보존. baseline이라고 명시한 가정은 원입력 인증을 뜻하지 않음; 동일 분기명/행위자 키의 수치 대응만 점검,아니오,,PDFium second extraction; role boundaries from reviewed records,True,False
PDFIUM-GEM-22-N-00186,GEM-22,runs/raw_logs/Gemini_2.5_Flash/22.pdf,17,4,Hardline Response Path,,Diplomatic_Support,VDM-CLAMP,명시 산술의 내부 일관성,명시 기준값·변화량·후상태×변수,준수,0.34,0.34,"명시 기준값: p.13: diplomatic_support: 0.28 | 명시 변화량 p.17: Predicted Variable Change: tension [+0.05], diplomatic_support [+0.06], public_opinion [+0.01], | 보고 후상태 p.17: diplomatic_support: 0.34",분리된 출력 칸에 명시된 기준값 0.28 + 변화량 0.06를 Python으로 계산한 뒤 clamp 적용. 초기값의 정당성·행동분류·분기 의미 승계를 입증하지 않음.,Python Decimal; 원문 명시값만,실제 입력 첨부 바이트는 미확인; 보존 VDM과 조건부 대조. 턴·분기는 명시 제목 기반 파싱이며 불완전/재명명 가능. 응답 전용 export 역할 추정; 당시 사용자 프롬프트 미보존. baseline이라고 명시한 가정은 원입력 인증을 뜻하지 않음; 동일 분기명/행위자 키의 수치 대응만 점검,아니오,,PDFium second extraction; role boundaries from reviewed records,True,False
PDFIUM-GEM-22-N-00187,GEM-22,runs/raw_logs/Gemini_2.5_Flash/22.pdf,17,4,Hardline Response Path,,Public_Opinion,VDM-CLAMP,명시 산술의 내부 일관성,명시 기준값·변화량·후상태×변수,준수,0.34,0.34,"명시 기준값: p.13: public_opinion: 0.33 | 명시 변화량 p.17: Predicted Variable Change: tension [+0.05], diplomatic_support [+0.06], public_opinion [+0.01], | 보고 후상태 p.17: public_opinion: 0.34",분리된 출력 칸에 명시된 기준값 0.33 + 변화량 0.01를 Python으로 계산한 뒤 clamp 적용. 초기값의 정당성·행동분류·분기 의미 승계를 입증하지 않음.,Python Decimal; 원문 명시값만,실제 입력 첨부 바이트는 미확인; 보존 VDM과 조건부 대조. 턴·분기는 명시 제목 기반 파싱이며 불완전/재명명 가능. 응답 전용 export 역할 추정; 당시 사용자 프롬프트 미보존. baseline이라고 명시한 가정은 원입력 인증을 뜻하지 않음; 동일 분기명/행위자 키의 수치 대응만 점검,아니오,,PDFium second extraction; role boundaries from reviewed records,True,False
PDFIUM-GEM-22-N-00188,GEM-22,runs/raw_logs/Gemini_2.5_Flash/22.pdf,17,4,Hardline Response Path,,Leadership_Unity,VDM-CLAMP,명시 산술의 내부 일관성,명시 기준값·변화량·후상태×변수,준수,0.1,0.1,명시 기준값: p.13: leadership_unity: 0.15 | 명시 변화량 p.17: leadership_unity [-0.05] | 보고 후상태 p.17: leadership_unity: 0.10,분리된 출력 칸에 명시된 기준값 0.15 + 변화량 -0.05를 Python으로 계산한 뒤 clamp 적용. 초기값의 정당성·행동분류·분기 의미 승계를 입증하지 않음.,Python Decimal; 원문 명시값만,실제 입력 첨부 바이트는 미확인; 보존 VDM과 조건부 대조. 턴·분기는 명시 제목 기반 파싱이며 불완전/재명명 가능. 응답 전용 export 역할 추정; 당시 사용자 프롬프트 미보존. baseline이라고 명시한 가정은 원입력 인증을 뜻하지 않음; 동일 분기명/행위자 키의 수치 대응만 점검,아니오,,PDFium second extraction; role boundaries from reviewed records,True,False
PDFIUM-GEM-30-N-00009,GEM-30,runs/raw_logs/Gemini_2.5_Flash/30.pdf,1,1,미지정,,Tension,VDM-CLAMP,명시 산술의 내부 일관성,명시 수식×변수,준수,0.6,0.6,Tension: 0.5 + 0.10 = 0.6,"명시 산식 0.5 + 0.10 = 0.6; 상태값은 VDM max(0,min(1,value))로 계산; 초기값/효과 선택의 정당성과 별개.",Python Decimal; 원문 명시값만,실제 입력 첨부 바이트는 미확인; 보존 VDM과 조건부 대조. 턴·분기는 명시 제목 기반 파싱이며 불완전/재명명 가능. 응답 전용 export 역할 추정; 당시 사용자 프롬프트 미보존. 입력 초기값 출처 및 사건 분류는 이 점검에서 입증하지 않음,아니오,,PDFium second extraction; role boundaries from reviewed records,True,False
PDFIUM-GEM-30-N-00012,GEM-30,runs/raw_logs/Gemini_2.5_Flash/30.pdf,1,1,미지정,,Diplomatic_Support,VDM-CLAMP,명시 산술의 내부 일관성,명시 수식×변수,준수,0.4,0.4,Diplomatic Support: 0.5 - 0.10 = 0.4,"명시 산식 0.5 - 0.10 = 0.4; 상태값은 VDM max(0,min(1,value))로 계산; 초기값/효과 선택의 정당성과 별개.",Python Decimal; 원문 명시값만,실제 입력 첨부 바이트는 미확인; 보존 VDM과 조건부 대조. 턴·분기는 명시 제목 기반 파싱이며 불완전/재명명 가능. 응답 전용 export 역할 추정; 당시 사용자 프롬프트 미보존. 입력 초기값 출처 및 사건 분류는 이 점검에서 입증하지 않음,아니오,,PDFium second extraction; role boundaries from reviewed records,True,False
PDFIUM-GEM-30-N-00015,GEM-30,runs/raw_logs/Gemini_2.5_Flash/30.pdf,1,1,미지정,,Public_Opinion,VDM-CLAMP,명시 산술의 내부 일관성,명시 수식×변수,준수,0.45,0.45,Public Opinion: 0.5 - 0.05 = 0.45,"명시 산식 0.5 - 0.05 = 0.45; 상태값은 VDM max(0,min(1,value))로 계산; 초기값/효과 선택의 정당성과 별개.",Python Decimal; 원문 명시값만,실제 입력 첨부 바이트는 미확인; 보존 VDM과 조건부 대조. 턴·분기는 명시 제목 기반 파싱이며 불완전/재명명 가능. 응답 전용 export 역할 추정; 당시 사용자 프롬프트 미보존. 입력 초기값 출처 및 사건 분류는 이 점검에서 입증하지 않음,아니오,,PDFium second extraction; role boundaries from reviewed records,True,False
PDFIUM-GEM-30-N-00018,GEM-30,runs/raw_logs/Gemini_2.5_Flash/30.pdf,1,1,미지정,,Leadership_Unity,VDM-CLAMP,명시 산술의 내부 일관성,명시 수식×변수,준수,0.45,0.45,Leadership Unity: 0.5 - 0.05 = 0.45,"명시 산식 0.5 - 0.05 = 0.45; 상태값은 VDM max(0,min(1,value))로 계산; 초기값/효과 선택의 정당성과 별개.",Python Decimal; 원문 명시값만,실제 입력 첨부 바이트는 미확인; 보존 VDM과 조건부 대조. 턴·분기는 명시 제목 기반 파싱이며 불완전/재명명 가능. 응답 전용 export 역할 추정; 당시 사용자 프롬프트 미보존. 입력 초기값 출처 및 사건 분류는 이 점검에서 입증하지 않음,아니오,,PDFium second extraction; role boundaries from reviewed records,True,False
PDFIUM-GPT-01-N-00008,GPT-01,runs/raw_logs/GPT-4o/GPT_시뮬레이션 V1.pdf,6,1,Most Plausible Path,United States,Tension,VDM-CLAMP,명시 산술의 내부 일관성,명시 수식×변수,준수,0.35,0.35,tension: +0.05 (Defense_Prep) + 0.3 (Military Alert) = +0.35,명시 산식 +0.05 + 0.3 = 0.35; 변화량 합계로 계산; 초기값/효과 선택의 정당성과 별개.,Python Decimal; 원문 명시값만,실제 입력 첨부 바이트는 미확인; 보존 VDM과 조건부 대조. 턴·분기는 명시 제목 기반 파싱이며 불완전/재명명 가능. GPT 역할 표지 경계 사용; 표지 유실 구간 미확정. 입력 초기값 출처 및 사건 분류는 이 점검에서 입증하지 않음,아니오,,PDFium second extraction; role boundaries from reviewed records,True,False
PDFIUM-GPT-01-N-00011,GPT-01,runs/raw_logs/GPT-4o/GPT_시뮬레이션 V1.pdf,6,1,Most Plausible Path,United States,Leadership_Unity,VDM-CLAMP,명시 산술의 내부 일관성,명시 수식×변수,준수,0.75,0.75,leadership_unity: -0.05 (Defense_Prep) + 0.8 (Military Alert) = +0.75,명시 산식 -0.05 + 0.8 = 0.75; 변화량 합계로 계산; 초기값/효과 선택의 정당성과 별개.,Python Decimal; 원문 명시값만,실제 입력 첨부 바이트는 미확인; 보존 VDM과 조건부 대조. 턴·분기는 명시 제목 기반 파싱이며 불완전/재명명 가능. GPT 역할 표지 경계 사용; 표지 유실 구간 미확정. 입력 초기값 출처 및 사건 분류는 이 점검에서 입증하지 않음,아니오,,PDFium second extraction; role boundaries from reviewed records,True,False
PDFIUM-GPT-02-N-00018,GPT-02,runs/raw_logs/GPT-4o/GPT_시뮬레이션 V2.pdf,6,1,2] - Diplomatic Resolution,Soviet Union,Public_Opinion,VDM-CLAMP,명시 산술의 내부 일관성,명시 수식×변수,준수,0.55,0.55,Public Opinion: +0.50 (US) + 0.05 (USSR) = +0.55,명시 산식 +0.50 + 0.05 = 0.55; 변화량 합계로 계산; 초기값/효과 선택의 정당성과 별개.,Python Decimal; 원문 명시값만,실제 입력 첨부 바이트는 미확인; 보존 VDM과 조건부 대조. 턴·분기는 명시 제목 기반 파싱이며 불완전/재명명 가능. GPT 역할 표지 경계 사용; 표지 유실 구간 미확정. 입력 초기값 출처 및 사건 분류는 이 점검에서 입증하지 않음,아니오,,PDFium second extraction; role boundaries from reviewed records,True,False
PDFIUM-GPT-02-N-00028,GPT-02,runs/raw_logs/GPT-4o/GPT_시뮬레이션 V2.pdf,7,1,3] - Hardline Response,Soviet Union,Tension,VDM-CLAMP,명시 산술의 내부 일관성,명시 수식×변수,준수,0.1,0.1,Tension: +0.05 (US) + 0.05 (USSR) = +0.10,명시 산식 +0.05 + 0.05 = 0.1; 변화량 합계로 계산; 초기값/효과 선택의 정당성과 별개.,Python Decimal; 원문 명시값만,실제 입력 첨부 바이트는 미확인; 보존 VDM과 조건부 대조. 턴·분기는 명시 제목 기반 파싱이며 불완전/재명명 가능. GPT 역할 표지 경계 사용; 표지 유실 구간 미확정. 입력 초기값 출처 및 사건 분류는 이 점검에서 입증하지 않음,아니오,,PDFium second extraction; role boundaries from reviewed records,True,False
PDFIUM-GPT-02-N-00029,GPT-02,runs/raw_logs/GPT-4o/GPT_시뮬레이션 V2.pdf,7,1,3] - Hardline Response,Soviet Union,Diplomatic_Support,VDM-CLAMP,명시 산술의 내부 일관성,명시 수식×변수,준수,-0.04,-0.04,Diplomatic Support: -0.02 - 0.02 = -0.04,명시 산식 -0.02 - 0.02 = -0.04; 변화량 합계로 계산; 초기값/효과 선택의 정당성과 별개.,Python Decimal; 원문 명시값만,실제 입력 첨부 바이트는 미확인; 보존 VDM과 조건부 대조. 턴·분기는 명시 제목 기반 파싱이며 불완전/재명명 가능. GPT 역할 표지 경계 사용; 표지 유실 구간 미확정. 입력 초기값 출처 및 사건 분류는 이 점검에서 입증하지 않음,아니오,,PDFium second extraction; role boundaries from reviewed records,True,False
PDFIUM-GPT-02-N-00030,GPT-02,runs/raw_logs/GPT-4o/GPT_시뮬레이션 V2.pdf,7,1,3] - Hardline Response,Soviet Union,Public_Opinion,VDM-CLAMP,명시 산술의 내부 일관성,명시 수식×변수,준수,-0.04,-0.04,Public Opinion: -0.02 - 0.02 = -0.04,명시 산식 -0.02 - 0.02 = -0.04; 변화량 합계로 계산; 초기값/효과 선택의 정당성과 별개.,Python Decimal; 원문 명시값만,실제 입력 첨부 바이트는 미확인; 보존 VDM과 조건부 대조. 턴·분기는 명시 제목 기반 파싱이며 불완전/재명명 가능. GPT 역할 표지 경계 사용; 표지 유실 구간 미확정. 입력 초기값 출처 및 사건 분류는 이 점검에서 입증하지 않음,아니오,,PDFium second extraction; role boundaries from reviewed records,True,False
PDFIUM-GPT-02-N-00031,GPT-02,runs/raw_logs/GPT-4o/GPT_시뮬레이션 V2.pdf,7,1,3] - Hardline Response,Soviet Union,Leadership_Unity,VDM-CLAMP,명시 산술의 내부 일관성,명시 수식×변수,준수,-0.1,-0.1,Leadership Unity: -0.05 - 0.05 = -0.10,명시 산식 -0.05 - 0.05 = -0.1; 변화량 합계로 계산; 초기값/효과 선택의 정당성과 별개.,Python Decimal; 원문 명시값만,실제 입력 첨부 바이트는 미확인; 보존 VDM과 조건부 대조. 턴·분기는 명시 제목 기반 파싱이며 불완전/재명명 가능. GPT 역할 표지 경계 사용; 표지 유실 구간 미확정. 입력 초기값 출처 및 사건 분류는 이 점검에서 입증하지 않음,아니오,,PDFium second extraction; role boundaries from reviewed records,True,False
PDFIUM-GPT-02-N-00040,GPT-02,runs/raw_logs/GPT-4o/GPT_시뮬레이션 V2.pdf,10,2,Diplomatic Offset Path,,Tension,VDM-CLAMP,명시 산술의 내부 일관성,명시 수식×변수,준수,1,1,Tension: 1.00 + 0.05 = Clamped at 1.00,"명시 산식 1.00 + 0.05 = 1.05; 상태값은 VDM max(0,min(1,value))로 계산; 초기값/효과 선택의 정당성과 별개.",Python Decimal; 원문 명시값만,실제 입력 첨부 바이트는 미확인; 보존 VDM과 조건부 대조. 턴·분기는 명시 제목 기반 파싱이며 불완전/재명명 가능. GPT 역할 표지 경계 사용; 표지 유실 구간 미확정. 입력 초기값 출처 및 사건 분류는 이 점검에서 입증하지 않음,아니오,,PDFium second extraction; role boundaries from reviewed records,True,False
PDFIUM-GPT-02-N-00041,GPT-02,runs/raw_logs/GPT-4o/GPT_시뮬레이션 V2.pdf,10,2,Diplomatic Offset Path,,Diplomatic_Support,VDM-CLAMP,명시 산술의 내부 일관성,명시 수식×변수,준수,0.48,0.48,Diplomatic Support: 0.50 - 0.02 = 0.48,"명시 산식 0.50 - 0.02 = 0.48; 상태값은 VDM max(0,min(1,value))로 계산; 초기값/효과 선택의 정당성과 별개.",Python Decimal; 원문 명시값만,실제 입력 첨부 바이트는 미확인; 보존 VDM과 조건부 대조. 턴·분기는 명시 제목 기반 파싱이며 불완전/재명명 가능. GPT 역할 표지 경계 사용; 표지 유실 구간 미확정. 입력 초기값 출처 및 사건 분류는 이 점검에서 입증하지 않음,아니오,,PDFium second extraction; role boundaries from reviewed records,True,False
PDFIUM-GPT-02-N-00042,GPT-02,runs/raw_logs/GPT-4o/GPT_시뮬레이션 V2.pdf,10,2,Diplomatic Offset Path,,Public_Opinion,VDM-CLAMP,명시 산술의 내부 일관성,명시 수식×변수,준수,0.98,0.98,Public Opinion: 1.00 - 0.02 = 0.98,"명시 산식 1.00 - 0.02 = 0.98; 상태값은 VDM max(0,min(1,value))로 계산; 초기값/효과 선택의 정당성과 별개.",Python Decimal; 원문 명시값만,실제 입력 첨부 바이트는 미확인; 보존 VDM과 조건부 대조. 턴·분기는 명시 제목 기반 파싱이며 불완전/재명명 가능. GPT 역할 표지 경계 사용; 표지 유실 구간 미확정. 입력 초기값 출처 및 사건 분류는 이 점검에서 입증하지 않음,아니오,,PDFium second extraction; role boundaries from reviewed records,True,False
PDFIUM-GPT-02-N-00043,GPT-02,runs/raw_logs/GPT-4o/GPT_시뮬레이션 V2.pdf,10,2,Diplomatic Offset Path,,Leadership_Unity,VDM-CLAMP,명시 산술의 내부 일관성,명시 수식×변수,준수,0.95,0.95,Leadership Unity: 1.00 - 0.05 = 0.95,"명시 산식 1.00 - 0.05 = 0.95; 상태값은 VDM max(0,min(1,value))로 계산; 초기값/효과 선택의 정당성과 별개.",Python Decimal; 원문 명시값만,실제 입력 첨부 바이트는 미확인; 보존 VDM과 조건부 대조. 턴·분기는 명시 제목 기반 파싱이며 불완전/재명명 가능. GPT 역할 표지 경계 사용; 표지 유실 구간 미확정. 입력 초기값 출처 및 사건 분류는 이 점검에서 입증하지 않음,아니오,,PDFium second extraction; role boundaries from reviewed records,True,False
PDFIUM-GPT-02-N-00044,GPT-02,runs/raw_logs/GPT-4o/GPT_시뮬레이션 V2.pdf,10,2,Hardline Shadow Move,,Tension,VDM-CLAMP,명시 산술의 내부 일관성,명시 수식×변수,준수,0.1,0.1,Tension: +0.05 (US) + 0.05 (USSR) = +0.10 → Clamped at 1.00,명시 산식 +0.05 + 0.05 = 0.1; 변화량 합계로 계산; 초기값/효과 선택의 정당성과 별개.,Python Decimal; 원문 명시값만,실제 입력 첨부 바이트는 미확인; 보존 VDM과 조건부 대조. 턴·분기는 명시 제목 기반 파싱이며 불완전/재명명 가능. GPT 역할 표지 경계 사용; 표지 유실 구간 미확정. 입력 초기값 출처 및 사건 분류는 이 점검에서 입증하지 않음,아니오,,PDFium second extraction; role boundaries from reviewed records,True,False
PDFIUM-GPT-02-N-00053,GPT-02,runs/raw_logs/GPT-4o/GPT_시뮬레이션 V2.pdf,12,2,De-escalation Path,,Tension,VDM-CLAMP,명시 산술의 내부 일관성,명시 수식×변수,준수,0.55,0.55,Tension: 0.45 + 0.10 = 0.55,"명시 산식 0.45 + 0.10 = 0.55; 상태값은 VDM max(0,min(1,value))로 계산; 초기값/효과 선택의 정당성과 별개.",Python Decimal; 원문 명시값만,실제 입력 첨부 바이트는 미확인; 보존 VDM과 조건부 대조. 턴·분기는 명시 제목 기반 파싱이며 불완전/재명명 가능. GPT 역할 표지 경계 사용; 표지 유실 구간 미확정. 입력 초기값 출처 및 사건 분류는 이 점검에서 입증하지 않음,아니오,,PDFium second extraction; role boundaries from reviewed records,True,False
PDFIUM-GPT-02-N-00054,GPT-02,runs/raw_logs/GPT-4o/GPT_시뮬레이션 V2.pdf,12,2,De-escalation Path,,Public_Opinion,VDM-CLAMP,명시 산술의 내부 일관성,명시 수식×변수,준수,0.96,0.96,Public Opinion: 1.00 - 0.04 = 0.96,"명시 산식 1.00 - 0.04 = 0.96; 상태값은 VDM max(0,min(1,value))로 계산; 초기값/효과 선택의 정당성과 별개.",Python Decimal; 원문 명시값만,실제 입력 첨부 바이트는 미확인; 보존 VDM과 조건부 대조. 턴·분기는 명시 제목 기반 파싱이며 불완전/재명명 가능. GPT 역할 표지 경계 사용; 표지 유실 구간 미확정. 입력 초기값 출처 및 사건 분류는 이 점검에서 입증하지 않음,아니오,,PDFium second extraction; role boundaries from reviewed records,True,False
PDFIUM-GPT-02-N-00055,GPT-02,runs/raw_logs/GPT-4o/GPT_시뮬레이션 V2.pdf,12,2,De-escalation Path,,Leadership_Unity,VDM-CLAMP,명시 산술의 내부 일관성,명시 수식×변수,준수,0.5,0.5,Leadership Unity: 0.60 - 0.10 = 0.50,"명시 산식 0.60 - 0.10 = 0.5; 상태값은 VDM max(0,min(1,value))로 계산; 초기값/효과 선택의 정당성과 별개.",Python Decimal; 원문 명시값만,실제 입력 첨부 바이트는 미확인; 보존 VDM과 조건부 대조. 턴·분기는 명시 제목 기반 파싱이며 불완전/재명명 가능. GPT 역할 표지 경계 사용; 표지 유실 구간 미확정. 입력 초기값 출처 및 사건 분류는 이 점검에서 입증하지 않음,아니오,,PDFium second extraction; role boundaries from reviewed records,True,False
PDFIUM-GPT-02-N-00064,GPT-02,runs/raw_logs/GPT-4o/GPT_시뮬레이션 V2.pdf,13,2,Combination 3,Soviet Union,Tension,VDM-CLAMP,명시 산술의 내부 일관성,명시 수식×변수,준수,0.5,0.5,Tension: +0.05 (US) +0.45 (USSR) = +0.50 → 1.10 → clamped to 1.00,명시 산식 +0.05 +0.45 = 0.5; 변화량 합계로 계산; 초기값/효과 선택의 정당성과 별개.,Python Decimal; 원문 명시값만,실제 입력 첨부 바이트는 미확인; 보존 VDM과 조건부 대조. 턴·분기는 명시 제목 기반 파싱이며 불완전/재명명 가능. GPT 역할 표지 경계 사용; 표지 유실 구간 미확정. 입력 초기값 출처 및 사건 분류는 이 점검에서 입증하지 않음,아니오,,PDFium second extraction; role boundaries from reviewed records,True,False
PDFIUM-GPT-02-N-00065,GPT-02,runs/raw_logs/GPT-4o/GPT_시뮬레이션 V2.pdf,13,2,Combination 3,Soviet Union,Leadership_Unity,VDM-CLAMP,명시 산술의 내부 일관성,명시 수식×변수,준수,0.6,0.6,Leadership Unity: -0.05 (US) + 0.65 (USSR) = +0.60 → 1.00,명시 산식 -0.05 + 0.65 = 0.6; 변화량 합계로 계산; 초기값/효과 선택의 정당성과 별개.,Python Decimal; 원문 명시값만,실제 입력 첨부 바이트는 미확인; 보존 VDM과 조건부 대조. 턴·분기는 명시 제목 기반 파싱이며 불완전/재명명 가능. GPT 역할 표지 경계 사용; 표지 유실 구간 미확정. 입력 초기값 출처 및 사건 분류는 이 점검에서 입증하지 않음,아니오,,PDFium second extraction; role boundaries from reviewed records,True,False
PDFIUM-GPT-02-N-00074,GPT-02,runs/raw_logs/GPT-4o/GPT_시뮬레이션 V2.pdf,14,3,Escalatory Clash Path,,Tension,VDM-CLAMP,명시 산술의 내부 일관성,명시 수식×변수,준수,1,1,Tension: 1.00 (pre-existing) + 0.15 (US) + 0.05 (USSR) = clamped at 1.00,"명시 산식 1.00 + 0.15 + 0.05 = 1.2; 상태값은 VDM max(0,min(1,value))로 계산; 초기값/효과 선택의 정당성과 별개.",Python Decimal; 원문 명시값만,실제 입력 첨부 바이트는 미확인; 보존 VDM과 조건부 대조. 턴·분기는 명시 제목 기반 파싱이며 불완전/재명명 가능. GPT 역할 표지 경계 사용; 표지 유실 구간 미확정. 입력 초기값 출처 및 사건 분류는 이 점검에서 입증하지 않음,아니오,,PDFium second extraction; role boundaries from reviewed records,True,False
PDFIUM-GPT-02-N-00075,GPT-02,runs/raw_logs/GPT-4o/GPT_시뮬레이션 V2.pdf,14,3,Escalatory Clash Path,,Diplomatic_Support,VDM-CLAMP,명시 산술의 내부 일관성,명시 수식×변수,준수,0.43,0.43,Diplomatic Support: 0.50 - 0.05 - 0.02 = 0.43,"명시 산식 0.50 - 0.05 - 0.02 = 0.43; 상태값은 VDM max(0,min(1,value))로 계산; 초기값/효과 선택의 정당성과 별개.",Python Decimal; 원문 명시값만,실제 입력 첨부 바이트는 미확인; 보존 VDM과 조건부 대조. 턴·분기는 명시 제목 기반 파싱이며 불완전/재명명 가능. GPT 역할 표지 경계 사용; 표지 유실 구간 미확정. 입력 초기값 출처 및 사건 분류는 이 점검에서 입증하지 않음,아니오,,PDFium second extraction; role boundaries from reviewed records,True,False
PDFIUM-GPT-02-N-00076,GPT-02,runs/raw_logs/GPT-4o/GPT_시뮬레이션 V2.pdf,14,3,Escalatory Clash Path,,Public_Opinion,VDM-CLAMP,명시 산술의 내부 일관성,명시 수식×변수,준수,0.93,0.93,Public Opinion: 1.00 - 0.05 - 0.02 = 0.93,"명시 산식 1.00 - 0.05 - 0.02 = 0.93; 상태값은 VDM max(0,min(1,value))로 계산; 초기값/효과 선택의 정당성과 별개.",Python Decimal; 원문 명시값만,실제 입력 첨부 바이트는 미확인; 보존 VDM과 조건부 대조. 턴·분기는 명시 제목 기반 파싱이며 불완전/재명명 가능. GPT 역할 표지 경계 사용; 표지 유실 구간 미확정. 입력 초기값 출처 및 사건 분류는 이 점검에서 입증하지 않음,아니오,,PDFium second extraction; role boundaries from reviewed records,True,False
PDFIUM-GPT-02-N-00077,GPT-02,runs/raw_logs/GPT-4o/GPT_시뮬레이션 V2.pdf,14,3,Escalatory Clash Path,,Leadership_Unity,VDM-CLAMP,명시 산술의 내부 일관성,명시 수식×변수,준수,0.85,0.85,Leadership Unity: 1.00 - 0.10 - 0.05 = 0.85,"명시 산식 1.00 - 0.10 - 0.05 = 0.85; 상태값은 VDM max(0,min(1,value))로 계산; 초기값/효과 선택의 정당성과 별개.",Python Decimal; 원문 명시값만,실제 입력 첨부 바이트는 미확인; 보존 VDM과 조건부 대조. 턴·분기는 명시 제목 기반 파싱이며 불완전/재명명 가능. GPT 역할 표지 경계 사용; 표지 유실 구간 미확정. 입력 초기값 출처 및 사건 분류는 이 점검에서 입증하지 않음,아니오,,PDFium second extraction; role boundaries from reviewed records,True,False
PDFIUM-GPT-02-N-00086,GPT-02,runs/raw_logs/GPT-4o/GPT_시뮬레이션 V2.pdf,15,3,Crisis Management Preserved,,Tension,VDM-CLAMP,명시 산술의 내부 일관성,명시 수식×변수,준수,0.35,0.35,Tension: 0.40 - 0.05 = 0.35,"명시 산식 0.40 - 0.05 = 0.35; 상태값은 VDM max(0,min(1,value))로 계산; 초기값/효과 선택의 정당성과 별개.",Python Decimal; 원문 명시값만,실제 입력 첨부 바이트는 미확인; 보존 VDM과 조건부 대조. 턴·분기는 명시 제목 기반 파싱이며 불완전/재명명 가능. GPT 역할 표지 경계 사용; 표지 유실 구간 미확정. 입력 초기값 출처 및 사건 분류는 이 점검에서 입증하지 않음,아니오,,PDFium second extraction; role boundaries from reviewed records,True,False
PDFIUM-GPT-02-N-00087,GPT-02,runs/raw_logs/GPT-4o/GPT_시뮬레이션 V2.pdf,15,3,Crisis Management Preserved,,Diplomatic_Support,VDM-CLAMP,명시 산술의 내부 일관성,명시 수식×변수,준수,0.8,0.8,Diplomatic Support: 0.70 + 0.10 = 0.80,"명시 산식 0.70 + 0.10 = 0.8; 상태값은 VDM max(0,min(1,value))로 계산; 초기값/효과 선택의 정당성과 별개.",Python Decimal; 원문 명시값만,실제 입력 첨부 바이트는 미확인; 보존 VDM과 조건부 대조. 턴·분기는 명시 제목 기반 파싱이며 불완전/재명명 가능. GPT 역할 표지 경계 사용; 표지 유실 구간 미확정. 입력 초기값 출처 및 사건 분류는 이 점검에서 입증하지 않음,아니오,,PDFium second extraction; role boundaries from reviewed records,True,False
PDFIUM-GPT-02-N-00088,GPT-02,runs/raw_logs/GPT-4o/GPT_시뮬레이션 V2.pdf,15,3,Crisis Management Preserved,,Public_Opinion,VDM-CLAMP,명시 산술의 내부 일관성,명시 수식×변수,준수,1,1,Public Opinion: 1.00 + 0.05 = clamped at 1.00,"명시 산식 1.00 + 0.05 = 1.05; 상태값은 VDM max(0,min(1,value))로 계산; 초기값/효과 선택의 정당성과 별개.",Python Decimal; 원문 명시값만,실제 입력 첨부 바이트는 미확인; 보존 VDM과 조건부 대조. 턴·분기는 명시 제목 기반 파싱이며 불완전/재명명 가능. GPT 역할 표지 경계 사용; 표지 유실 구간 미확정. 입력 초기값 출처 및 사건 분류는 이 점검에서 입증하지 않음,아니오,,PDFium second extraction; role boundaries from reviewed records,True,False
PDFIUM-GPT-02-N-00089,GPT-02,runs/raw_logs/GPT-4o/GPT_시뮬레이션 V2.pdf,15,3,Crisis Management Preserved,,Leadership_Unity,VDM-CLAMP,명시 산술의 내부 일관성,명시 수식×변수,준수,0.65,0.65,Leadership Unity: 0.60 + 0.05 = 0.65,"명시 산식 0.60 + 0.05 = 0.65; 상태값은 VDM max(0,min(1,value))로 계산; 초기값/효과 선택의 정당성과 별개.",Python Decimal; 원문 명시값만,실제 입력 첨부 바이트는 미확인; 보존 VDM과 조건부 대조. 턴·분기는 명시 제목 기반 파싱이며 불완전/재명명 가능. GPT 역할 표지 경계 사용; 표지 유실 구간 미확정. 입력 초기값 출처 및 사건 분류는 이 점검에서 입증하지 않음,아니오,,PDFium second extraction; role boundaries from reviewed records,True,False
PDFIUM-GPT-02-N-00098,GPT-02,runs/raw_logs/GPT-4o/GPT_시뮬레이션 V2.pdf,16,3,Pre-War Spiral Path,,Diplomatic_Support,VDM-CLAMP,명시 산술의 내부 일관성,명시 수식×변수,준수,0.37,0.37,Diplomatic Support: 0.44 - 0.05 - 0.02 = 0.37,"명시 산식 0.44 - 0.05 - 0.02 = 0.37; 상태값은 VDM max(0,min(1,value))로 계산; 초기값/효과 선택의 정당성과 별개.",Python Decimal; 원문 명시값만,실제 입력 첨부 바이트는 미확인; 보존 VDM과 조건부 대조. 턴·분기는 명시 제목 기반 파싱이며 불완전/재명명 가능. GPT 역할 표지 경계 사용; 표지 유실 구간 미확정. 입력 초기값 출처 및 사건 분류는 이 점검에서 입증하지 않음,아니오,,PDFium second extraction; role boundaries from reviewed records,True,False
PDFIUM-GPT-02-N-00099,GPT-02,runs/raw_logs/GPT-4o/GPT_시뮬레이션 V2.pdf,16,3,Pre-War Spiral Path,,Public_Opinion,VDM-CLAMP,명시 산술의 내부 일관성,명시 수식×변수,준수,0.37,0.37,Public Opinion: 0.44 - 0.05 - 0.02 = 0.37,"명시 산식 0.44 - 0.05 - 0.02 = 0.37; 상태값은 VDM max(0,min(1,value))로 계산; 초기값/효과 선택의 정당성과 별개.",Python Decimal; 원문 명시값만,실제 입력 첨부 바이트는 미확인; 보존 VDM과 조건부 대조. 턴·분기는 명시 제목 기반 파싱이며 불완전/재명명 가능. GPT 역할 표지 경계 사용; 표지 유실 구간 미확정. 입력 초기값 출처 및 사건 분류는 이 점검에서 입증하지 않음,아니오,,PDFium second extraction; role boundaries from reviewed records,True,False
PDFIUM-GPT-02-N-00100,GPT-02,runs/raw_logs/GPT-4o/GPT_시뮬레이션 V2.pdf,16,3,Pre-War Spiral Path,,Leadership_Unity,VDM-CLAMP,명시 산술의 내부 일관성,명시 수식×변수,준수,0.85,0.85,Leadership Unity: 1.00 - 0.10 - 0.05 = 0.85,"명시 산식 1.00 - 0.10 - 0.05 = 0.85; 상태값은 VDM max(0,min(1,value))로 계산; 초기값/효과 선택의 정당성과 별개.",Python Decimal; 원문 명시값만,실제 입력 첨부 바이트는 미확인; 보존 VDM과 조건부 대조. 턴·분기는 명시 제목 기반 파싱이며 불완전/재명명 가능. GPT 역할 표지 경계 사용; 표지 유실 구간 미확정. 입력 초기값 출처 및 사건 분류는 이 점검에서 입증하지 않음,아니오,,PDFium second extraction; role boundaries from reviewed records,True,False
PDFIUM-GPT-02-N-00109,GPT-02,runs/raw_logs/GPT-4o/GPT_시뮬레이션 V2.pdf,18,4,Dual De-Escalation Attempt,,Tension,VDM-CLAMP,명시 산술의 내부 일관성,명시 수식×변수,준수,0.9,0.9,Tension: 1.00 - 0.05 - 0.05 = 0.90,"명시 산식 1.00 - 0.05 - 0.05 = 0.9; 상태값은 VDM max(0,min(1,value))로 계산; 초기값/효과 선택의 정당성과 별개.",Python Decimal; 원문 명시값만,실제 입력 첨부 바이트는 미확인; 보존 VDM과 조건부 대조. 턴·분기는 명시 제목 기반 파싱이며 불완전/재명명 가능. GPT 역할 표지 경계 사용; 표지 유실 구간 미확정. 입력 초기값 출처 및 사건 분류는 이 점검에서 입증하지 않음,아니오,,PDFium second extraction; role boundaries from reviewed records,True,False
PDFIUM-GPT-02-N-00110,GPT-02,runs/raw_logs/GPT-4o/GPT_시뮬레이션 V2.pdf,18,4,Dual De-Escalation Attempt,,Diplomatic_Support,VDM-CLAMP,명시 산술의 내부 일관성,명시 수식×변수,준수,0.63,0.63,Diplomatic Support: 0.43 + 0.10 + 0.10 = 0.63,"명시 산식 0.43 + 0.10 + 0.10 = 0.63; 상태값은 VDM max(0,min(1,value))로 계산; 초기값/효과 선택의 정당성과 별개.",Python Decimal; 원문 명시값만,실제 입력 첨부 바이트는 미확인; 보존 VDM과 조건부 대조. 턴·분기는 명시 제목 기반 파싱이며 불완전/재명명 가능. GPT 역할 표지 경계 사용; 표지 유실 구간 미확정. 입력 초기값 출처 및 사건 분류는 이 점검에서 입증하지 않음,아니오,,PDFium second extraction; role boundaries from reviewed records,True,False
PDFIUM-GPT-02-N-00111,GPT-02,runs/raw_logs/GPT-4o/GPT_시뮬레이션 V2.pdf,18,4,Dual De-Escalation Attempt,,Public_Opinion,VDM-CLAMP,명시 산술의 내부 일관성,명시 수식×변수,준수,1,1,Public Opinion: 0.93 + 0.05 + 0.05 = 1.00 (clamped),"명시 산식 0.93 + 0.05 + 0.05 = 1.03; 상태값은 VDM max(0,min(1,value))로 계산; 초기값/효과 선택의 정당성과 별개.",Python Decimal; 원문 명시값만,실제 입력 첨부 바이트는 미확인; 보존 VDM과 조건부 대조. 턴·분기는 명시 제목 기반 파싱이며 불완전/재명명 가능. GPT 역할 표지 경계 사용; 표지 유실 구간 미확정. 입력 초기값 출처 및 사건 분류는 이 점검에서 입증하지 않음,아니오,,PDFium second extraction; role boundaries from reviewed records,True,False
PDFIUM-GPT-02-N-00112,GPT-02,runs/raw_logs/GPT-4o/GPT_시뮬레이션 V2.pdf,18,4,Dual De-Escalation Attempt,,Leadership_Unity,VDM-CLAMP,명시 산술의 내부 일관성,명시 수식×변수,준수,0.95,0.95,Leadership Unity: 0.85 + 0.05 + 0.05 = 0.95,"명시 산식 0.85 + 0.05 + 0.05 = 0.95; 상태값은 VDM max(0,min(1,value))로 계산; 초기값/효과 선택의 정당성과 별개.",Python Decimal; 원문 명시값만,실제 입력 첨부 바이트는 미확인; 보존 VDM과 조건부 대조. 턴·분기는 명시 제목 기반 파싱이며 불완전/재명명 가능. GPT 역할 표지 경계 사용; 표지 유실 구간 미확정. 입력 초기값 출처 및 사건 분류는 이 점검에서 입증하지 않음,아니오,,PDFium second extraction; role boundaries from reviewed records,True,False
PDFIUM-GPT-02-N-00121,GPT-02,runs/raw_logs/GPT-4o/GPT_시뮬레이션 V2.pdf,19,4,Formal Negotiation Path,,Tension,VDM-CLAMP,명시 산술의 내부 일관성,명시 수식×변수,준수,0.25,0.25,Tension: 0.35 - 0.10 = 0.25,"명시 산식 0.35 - 0.10 = 0.25; 상태값은 VDM max(0,min(1,value))로 계산; 초기값/효과 선택의 정당성과 별개.",Python Decimal; 원문 명시값만,실제 입력 첨부 바이트는 미확인; 보존 VDM과 조건부 대조. 턴·분기는 명시 제목 기반 파싱이며 불완전/재명명 가능. GPT 역할 표지 경계 사용; 표지 유실 구간 미확정. 입력 초기값 출처 및 사건 분류는 이 점검에서 입증하지 않음,아니오,,PDFium second extraction; role boundaries from reviewed records,True,False
PDFIUM-GPT-02-N-00122,GPT-02,runs/raw_logs/GPT-4o/GPT_시뮬레이션 V2.pdf,19,4,Formal Negotiation Path,,Diplomatic_Support,VDM-CLAMP,명시 산술의 내부 일관성,명시 수식×변수,준수,1,1,Diplomatic Support: 0.80 + 0.20 = 1.00 (clamped),"명시 산식 0.80 + 0.20 = 1; 상태값은 VDM max(0,min(1,value))로 계산; 초기값/효과 선택의 정당성과 별개.",Python Decimal; 원문 명시값만,실제 입력 첨부 바이트는 미확인; 보존 VDM과 조건부 대조. 턴·분기는 명시 제목 기반 파싱이며 불완전/재명명 가능. GPT 역할 표지 경계 사용; 표지 유실 구간 미확정. 입력 초기값 출처 및 사건 분류는 이 점검에서 입증하지 않음,아니오,,PDFium second extraction; role boundaries from reviewed records,True,False
PDFIUM-GPT-02-N-00123,GPT-02,runs/raw_logs/GPT-4o/GPT_시뮬레이션 V2.pdf,19,4,Formal Negotiation Path,,Leadership_Unity,VDM-CLAMP,명시 산술의 내부 일관성,명시 수식×변수,준수,0.75,0.75,Leadership Unity: 0.65 + 0.10 = 0.75,"명시 산식 0.65 + 0.10 = 0.75; 상태값은 VDM max(0,min(1,value))로 계산; 초기값/효과 선택의 정당성과 별개.",Python Decimal; 원문 명시값만,실제 입력 첨부 바이트는 미확인; 보존 VDM과 조건부 대조. 턴·분기는 명시 제목 기반 파싱이며 불완전/재명명 가능. GPT 역할 표지 경계 사용; 표지 유실 구간 미확정. 입력 초기값 출처 및 사건 분류는 이 점검에서 입증하지 않음,아니오,,PDFium second extraction; role boundaries from reviewed records,True,False
PDFIUM-GPT-02-N-00132,GPT-02,runs/raw_logs/GPT-4o/GPT_시뮬레이션 V2.pdf,20,4,Terminal Brink Path,,Tension,VDM-CLAMP,명시 산술의 내부 일관성,명시 수식×변수,준수,1,1,Tension: 1.00 + 0.10 = clamped at 1.00,"명시 산식 1.00 + 0.10 = 1.1; 상태값은 VDM max(0,min(1,value))로 계산; 초기값/효과 선택의 정당성과 별개.",Python Decimal; 원문 명시값만,실제 입력 첨부 바이트는 미확인; 보존 VDM과 조건부 대조. 턴·분기는 명시 제목 기반 파싱이며 불완전/재명명 가능. GPT 역할 표지 경계 사용; 표지 유실 구간 미확정. 입력 초기값 출처 및 사건 분류는 이 점검에서 입증하지 않음,아니오,,PDFium second extraction; role boundaries from reviewed records,True,False
PDFIUM-GPT-02-N-00133,GPT-02,runs/raw_logs/GPT-4o/GPT_시뮬레이션 V2.pdf,20,4,Terminal Brink Path,,Diplomatic_Support,VDM-CLAMP,명시 산술의 내부 일관성,명시 수식×변수,준수,0.33,0.33,Diplomatic Support: 0.37 - 0.04 = 0.33,"명시 산식 0.37 - 0.04 = 0.33; 상태값은 VDM max(0,min(1,value))로 계산; 초기값/효과 선택의 정당성과 별개.",Python Decimal; 원문 명시값만,실제 입력 첨부 바이트는 미확인; 보존 VDM과 조건부 대조. 턴·분기는 명시 제목 기반 파싱이며 불완전/재명명 가능. GPT 역할 표지 경계 사용; 표지 유실 구간 미확정. 입력 초기값 출처 및 사건 분류는 이 점검에서 입증하지 않음,아니오,,PDFium second extraction; role boundaries from reviewed records,True,False
PDFIUM-GPT-02-N-00134,GPT-02,runs/raw_logs/GPT-4o/GPT_시뮬레이션 V2.pdf,20,4,Terminal Brink Path,,Public_Opinion,VDM-CLAMP,명시 산술의 내부 일관성,명시 수식×변수,준수,0.33,0.33,Public Opinion: 0.37 - 0.04 = 0.33,"명시 산식 0.37 - 0.04 = 0.33; 상태값은 VDM max(0,min(1,value))로 계산; 초기값/효과 선택의 정당성과 별개.",Python Decimal; 원문 명시값만,실제 입력 첨부 바이트는 미확인; 보존 VDM과 조건부 대조. 턴·분기는 명시 제목 기반 파싱이며 불완전/재명명 가능. GPT 역할 표지 경계 사용; 표지 유실 구간 미확정. 입력 초기값 출처 및 사건 분류는 이 점검에서 입증하지 않음,아니오,,PDFium second extraction; role boundaries from reviewed records,True,False
PDFIUM-GPT-02-N-00135,GPT-02,runs/raw_logs/GPT-4o/GPT_시뮬레이션 V2.pdf,20,4,Terminal Brink Path,,Leadership_Unity,VDM-CLAMP,명시 산술의 내부 일관성,명시 수식×변수,준수,0.75,0.75,Leadership Unity: 0.85 - 0.10 = 0.75,"명시 산식 0.85 - 0.10 = 0.75; 상태값은 VDM max(0,min(1,value))로 계산; 초기값/효과 선택의 정당성과 별개.",Python Decimal; 원문 명시값만,실제 입력 첨부 바이트는 미확인; 보존 VDM과 조건부 대조. 턴·분기는 명시 제목 기반 파싱이며 불완전/재명명 가능. GPT 역할 표지 경계 사용; 표지 유실 구간 미확정. 입력 초기값 출처 및 사건 분류는 이 점검에서 입증하지 않음,아니오,,PDFium second extraction; role boundaries from reviewed records,True,False
PDFIUM-GPT-03-N-00012,GPT-03,runs/raw_logs/GPT-4o/GPT_시뮬레이션 V3.pdf,4,1,1],,Diplomatic_Support,VDM-CLAMP,명시 산술의 내부 일관성,명시 수식×변수,준수,0.58,0.58,diplomatic_support: 0 + 0.58 = 0.58,"명시 산식 0 + 0.58 = 0.58; 상태값은 VDM max(0,min(1,value))로 계산; 초기값/효과 선택의 정당성과 별개.",Python Decimal; 원문 명시값만,실제 입력 첨부 바이트는 미확인; 보존 VDM과 조건부 대조. 턴·분기는 명시 제목 기반 파싱이며 불완전/재명명 가능. GPT 역할 표지 경계 사용; 표지 유실 구간 미확정. 입력 초기값 출처 및 사건 분류는 이 점검에서 입증하지 않음,아니오,,PDFium second extraction; role boundaries from reviewed records,True,False
PDFIUM-GPT-03-N-00015,GPT-03,runs/raw_logs/GPT-4o/GPT_시뮬레이션 V3.pdf,5,1,1],,Public_Opinion,VDM-CLAMP,명시 산술의 내부 일관성,명시 수식×변수,위반,0.98,0,public_opinion: 0 - 0.02 = 0.98 (max clamped: 1.0),"명시 산식 0 - 0.02 = -0.02; 상태값은 VDM max(0,min(1,value))로 계산; 초기값/효과 선택의 정당성과 별개.",Python Decimal; 원문 명시값만,실제 입력 첨부 바이트는 미확인; 보존 VDM과 조건부 대조. 턴·분기는 명시 제목 기반 파싱이며 불완전/재명명 가능. GPT 역할 표지 경계 사용; 표지 유실 구간 미확정. 입력 초기값 출처 및 사건 분류는 이 점검에서 입증하지 않음,아니오,,PDFium second extraction; role boundaries from reviewed records,True,False
PDFIUM-GPT-03-N-00018,GPT-03,runs/raw_logs/GPT-4o/GPT_시뮬레이션 V3.pdf,5,1,1],,Leadership_Unity,VDM-CLAMP,명시 산술의 내부 일관성,명시 수식×변수,위반,0.95,0,leadership_unity: 0 - 0.05 = 0.95,"명시 산식 0 - 0.05 = -0.05; 상태값은 VDM max(0,min(1,value))로 계산; 초기값/효과 선택의 정당성과 별개.",Python Decimal; 원문 명시값만,실제 입력 첨부 바이트는 미확인; 보존 VDM과 조건부 대조. 턴·분기는 명시 제목 기반 파싱이며 불완전/재명명 가능. GPT 역할 표지 경계 사용; 표지 유실 구간 미확정. 입력 초기값 출처 및 사건 분류는 이 점검에서 입증하지 않음,아니오,,PDFium second extraction; role boundaries from reviewed records,True,False
PDFIUM-GPT-03-N-00031,GPT-03,runs/raw_logs/GPT-4o/GPT_시뮬레이션 V3.pdf,5,1,2],,Tension,VDM-CLAMP,명시 산술의 내부 일관성,명시 수식×변수,준수,0.6,0.6,tension: 0 + 0.60 = 0.60,"명시 산식 0 + 0.60 = 0.6; 상태값은 VDM max(0,min(1,value))로 계산; 초기값/효과 선택의 정당성과 별개.",Python Decimal; 원문 명시값만,실제 입력 첨부 바이트는 미확인; 보존 VDM과 조건부 대조. 턴·분기는 명시 제목 기반 파싱이며 불완전/재명명 가능. GPT 역할 표지 경계 사용; 표지 유실 구간 미확정. 입력 초기값 출처 및 사건 분류는 이 점검에서 입증하지 않음,아니오,,PDFium second extraction; role boundaries from reviewed records,True,False
PDFIUM-GPT-03-N-00034,GPT-03,runs/raw_logs/GPT-4o/GPT_시뮬레이션 V3.pdf,5,1,2],,Diplomatic_Support,VDM-CLAMP,명시 산술의 내부 일관성,명시 수식×변수,준수,0,0,diplomatic_support: 0 - 0.05 = 0.00,"명시 산식 0 - 0.05 = -0.05; 상태값은 VDM max(0,min(1,value))로 계산; 초기값/효과 선택의 정당성과 별개.",Python Decimal; 원문 명시값만,실제 입력 첨부 바이트는 미확인; 보존 VDM과 조건부 대조. 턴·분기는 명시 제목 기반 파싱이며 불완전/재명명 가능. GPT 역할 표지 경계 사용; 표지 유실 구간 미확정. 입력 초기값 출처 및 사건 분류는 이 점검에서 입증하지 않음,아니오,,PDFium second extraction; role boundaries from reviewed records,True,False
PDFIUM-GPT-03-N-00037,GPT-03,runs/raw_logs/GPT-4o/GPT_시뮬레이션 V3.pdf,6,1,2],,Public_Opinion,VDM-CLAMP,명시 산술의 내부 일관성,명시 수식×변수,준수,0,0,public_opinion: 0 - 0.05 = 0.00,"명시 산식 0 - 0.05 = -0.05; 상태값은 VDM max(0,min(1,value))로 계산; 초기값/효과 선택의 정당성과 별개.",Python Decimal; 원문 명시값만,실제 입력 첨부 바이트는 미확인; 보존 VDM과 조건부 대조. 턴·분기는 명시 제목 기반 파싱이며 불완전/재명명 가능. GPT 역할 표지 경계 사용; 표지 유실 구간 미확정. 입력 초기값 출처 및 사건 분류는 이 점검에서 입증하지 않음,아니오,,PDFium second extraction; role boundaries from reviewed records,True,False
PDFIUM-GPT-03-N-00040,GPT-03,runs/raw_logs/GPT-4o/GPT_시뮬레이션 V3.pdf,6,1,2],,Leadership_Unity,VDM-CLAMP,명시 산술의 내부 일관성,명시 수식×변수,준수,0.55,0.55,leadership_unity: 0 + 0.55 = 0.55,"명시 산식 0 + 0.55 = 0.55; 상태값은 VDM max(0,min(1,value))로 계산; 초기값/효과 선택의 정당성과 별개.",Python Decimal; 원문 명시값만,실제 입력 첨부 바이트는 미확인; 보존 VDM과 조건부 대조. 턴·분기는 명시 제목 기반 파싱이며 불완전/재명명 가능. GPT 역할 표지 경계 사용; 표지 유실 구간 미확정. 입력 초기값 출처 및 사건 분류는 이 점검에서 입증하지 않음,아니오,,PDFium second extraction; role boundaries from reviewed records,True,False
PDFIUM-GPT-03-N-00047,GPT-03,runs/raw_logs/GPT-4o/GPT_시뮬레이션 V3.pdf,6,1,3],,Tension,VDM-CLAMP,명시 산술의 내부 일관성,명시 수식×변수,준수,0,0,tension: 0 - 0.05 = 0.00,"명시 산식 0 - 0.05 = -0.05; 상태값은 VDM max(0,min(1,value))로 계산; 초기값/효과 선택의 정당성과 별개.",Python Decimal; 원문 명시값만,실제 입력 첨부 바이트는 미확인; 보존 VDM과 조건부 대조. 턴·분기는 명시 제목 기반 파싱이며 불완전/재명명 가능. GPT 역할 표지 경계 사용; 표지 유실 구간 미확정. 입력 초기값 출처 및 사건 분류는 이 점검에서 입증하지 않음,아니오,,PDFium second extraction; role boundaries from reviewed records,True,False
PDFIUM-GPT-03-N-00050,GPT-03,runs/raw_logs/GPT-4o/GPT_시뮬레이션 V3.pdf,6,1,3],,Diplomatic_Support,VDM-CLAMP,명시 산술의 내부 일관성,명시 수식×변수,준수,0.1,0.1,diplomatic_support: 0 + 0.10 = 0.10,"명시 산식 0 + 0.10 = 0.1; 상태값은 VDM max(0,min(1,value))로 계산; 초기값/효과 선택의 정당성과 별개.",Python Decimal; 원문 명시값만,실제 입력 첨부 바이트는 미확인; 보존 VDM과 조건부 대조. 턴·분기는 명시 제목 기반 파싱이며 불완전/재명명 가능. GPT 역할 표지 경계 사용; 표지 유실 구간 미확정. 입력 초기값 출처 및 사건 분류는 이 점검에서 입증하지 않음,아니오,,PDFium second extraction; role boundaries from reviewed records,True,False
PDFIUM-GPT-03-N-00053,GPT-03,runs/raw_logs/GPT-4o/GPT_시뮬레이션 V3.pdf,6,1,3],,Public_Opinion,VDM-CLAMP,명시 산술의 내부 일관성,명시 수식×변수,준수,0.05,0.05,public_opinion: 0 + 0.05 = 0.05,"명시 산식 0 + 0.05 = 0.05; 상태값은 VDM max(0,min(1,value))로 계산; 초기값/효과 선택의 정당성과 별개.",Python Decimal; 원문 명시값만,실제 입력 첨부 바이트는 미확인; 보존 VDM과 조건부 대조. 턴·분기는 명시 제목 기반 파싱이며 불완전/재명명 가능. GPT 역할 표지 경계 사용; 표지 유실 구간 미확정. 입력 초기값 출처 및 사건 분류는 이 점검에서 입증하지 않음,아니오,,PDFium second extraction; role boundaries from reviewed records,True,False
PDFIUM-GPT-03-N-00056,GPT-03,runs/raw_logs/GPT-4o/GPT_시뮬레이션 V3.pdf,6,1,3],,Leadership_Unity,VDM-CLAMP,명시 산술의 내부 일관성,명시 수식×변수,준수,0.05,0.05,leadership_unity: 0 + 0.05 = 0.05,"명시 산식 0 + 0.05 = 0.05; 상태값은 VDM max(0,min(1,value))로 계산; 초기값/효과 선택의 정당성과 별개.",Python Decimal; 원문 명시값만,실제 입력 첨부 바이트는 미확인; 보존 VDM과 조건부 대조. 턴·분기는 명시 제목 기반 파싱이며 불완전/재명명 가능. GPT 역할 표지 경계 사용; 표지 유실 구간 미확정. 입력 초기값 출처 및 사건 분류는 이 점검에서 입증하지 않음,아니오,,PDFium second extraction; role boundaries from reviewed records,True,False
PDFIUM-GPT-03-N-00061,GPT-03,runs/raw_logs/GPT-4o/GPT_시뮬레이션 V3.pdf,9,2,Most Plausible Path - Turn 2 Escalation,Soviet Union,Tension,VDM-CLAMP,명시 산술의 내부 일관성,명시 수식×변수,준수,1,1,Tension: 0.50 + 0.75 = 1.0,"명시 산식 0.50 + 0.75 = 1.25; 상태값은 VDM max(0,min(1,value))로 계산; 초기값/효과 선택의 정당성과 별개.",Python Decimal; 원문 명시값만,실제 입력 첨부 바이트는 미확인; 보존 VDM과 조건부 대조. 턴·분기는 명시 제목 기반 파싱이며 불완전/재명명 가능. GPT 역할 표지 경계 사용; 표지 유실 구간 미확정. 입력 초기값 출처 및 사건 분류는 이 점검에서 입증하지 않음,아니오,,PDFium second extraction; role boundaries from reviewed records,True,False
PDFIUM-GPT-03-N-00070,GPT-03,runs/raw_logs/GPT-4o/GPT_시뮬레이션 V3.pdf,11,2,Most Plausible - U2-C + S2-A],,Tension,VDM-CLAMP,명시 산술의 내부 일관성,명시 수식×변수,준수,0.7,0.7,Tension: 0.60 + 0.10 = 0.70,"명시 산식 0.60 + 0.10 = 0.7; 상태값은 VDM max(0,min(1,value))로 계산; 초기값/효과 선택의 정당성과 별개.",Python Decimal; 원문 명시값만,실제 입력 첨부 바이트는 미확인; 보존 VDM과 조건부 대조. 턴·분기는 명시 제목 기반 파싱이며 불완전/재명명 가능. GPT 역할 표지 경계 사용; 표지 유실 구간 미확정. 입력 초기값 출처 및 사건 분류는 이 점검에서 입증하지 않음,아니오,,PDFium second extraction; role boundaries from reviewed records,True,False
PDFIUM-GPT-03-N-00073,GPT-03,runs/raw_logs/GPT-4o/GPT_시뮬레이션 V3.pdf,12,2,Diplomatic Resolution - Turn 2],,Diplomatic_Support,VDM-CLAMP,명시 산술의 내부 일관성,명시 수식×변수,준수,0.3,0.3,Diplomatic Support: 0.10 + 0.20 = 0.30,"명시 산식 0.10 + 0.20 = 0.3; 상태값은 VDM max(0,min(1,value))로 계산; 초기값/효과 선택의 정당성과 별개.",Python Decimal; 원문 명시값만,실제 입력 첨부 바이트는 미확인; 보존 VDM과 조건부 대조. 턴·분기는 명시 제목 기반 파싱이며 불완전/재명명 가능. GPT 역할 표지 경계 사용; 표지 유실 구간 미확정. 입력 초기값 출처 및 사건 분류는 이 점검에서 입증하지 않음,아니오,,PDFium second extraction; role boundaries from reviewed records,True,False
PDFIUM-GPT-03-N-00076,GPT-03,runs/raw_logs/GPT-4o/GPT_시뮬레이션 V3.pdf,12,2,Diplomatic Resolution - Turn 2],,Public_Opinion,VDM-CLAMP,명시 산술의 내부 일관성,명시 수식×변수,준수,0.15,0.15,Public Opinion: 0.05 + 0.10 = 0.15,"명시 산식 0.05 + 0.10 = 0.15; 상태값은 VDM max(0,min(1,value))로 계산; 초기값/효과 선택의 정당성과 별개.",Python Decimal; 원문 명시값만,실제 입력 첨부 바이트는 미확인; 보존 VDM과 조건부 대조. 턴·분기는 명시 제목 기반 파싱이며 불완전/재명명 가능. GPT 역할 표지 경계 사용; 표지 유실 구간 미확정. 입력 초기값 출처 및 사건 분류는 이 점검에서 입증하지 않음,아니오,,PDFium second extraction; role boundaries from reviewed records,True,False
PDFIUM-GPT-03-N-00079,GPT-03,runs/raw_logs/GPT-4o/GPT_시뮬레이션 V3.pdf,12,2,Diplomatic Resolution - Turn 2],,Leadership_Unity,VDM-CLAMP,명시 산술의 내부 일관성,명시 수식×변수,준수,0.15,0.15,Leadership Unity: 0.05 + 0.10 = 0.15,"명시 산식 0.05 + 0.10 = 0.15; 상태값은 VDM max(0,min(1,value))로 계산; 초기값/효과 선택의 정당성과 별개.",Python Decimal; 원문 명시값만,실제 입력 첨부 바이트는 미확인; 보존 VDM과 조건부 대조. 턴·분기는 명시 제목 기반 파싱이며 불완전/재명명 가능. GPT 역할 표지 경계 사용; 표지 유실 구간 미확정. 입력 초기값 출처 및 사건 분류는 이 점검에서 입증하지 않음,아니오,,PDFium second extraction; role boundaries from reviewed records,True,False
PDFIUM-GPT-03-N-00083,GPT-03,runs/raw_logs/GPT-4o/GPT_시뮬레이션 V3.pdf,14,2,SCENARIO 1: MOST PLAUSIBLE],,Tension,VDM-CLAMP,명시 산술의 내부 일관성,명시 수식×변수,준수,1,1,Tension: 1.0 + 0.15 + 0.45 = clamped to 1.0,"명시 산식 1.0 + 0.15 + 0.45 = 1.6; 상태값은 VDM max(0,min(1,value))로 계산; 초기값/효과 선택의 정당성과 별개.",Python Decimal; 원문 명시값만,실제 입력 첨부 바이트는 미확인; 보존 VDM과 조건부 대조. 턴·분기는 명시 제목 기반 파싱이며 불완전/재명명 가능. GPT 역할 표지 경계 사용; 표지 유실 구간 미확정. 입력 초기값 출처 및 사건 분류는 이 점검에서 입증하지 않음,아니오,,PDFium second extraction; role boundaries from reviewed records,True,False
PDFIUM-GPT-03-N-00084,GPT-03,runs/raw_logs/GPT-4o/GPT_시뮬레이션 V3.pdf,15,2,SCENARIO 2: MOST PLAUSIBLE],,Tension,VDM-CLAMP,명시 산술의 내부 일관성,명시 수식×변수,준수,1,1,Tension: 0.70 + 0.60 = clamped to 1.0,"명시 산식 0.70 + 0.60 = 1.3; 상태값은 VDM max(0,min(1,value))로 계산; 초기값/효과 선택의 정당성과 별개.",Python Decimal; 원문 명시값만,실제 입력 첨부 바이트는 미확인; 보존 VDM과 조건부 대조. 턴·분기는 명시 제목 기반 파싱이며 불완전/재명명 가능. GPT 역할 표지 경계 사용; 표지 유실 구간 미확정. 입력 초기값 출처 및 사건 분류는 이 점검에서 입증하지 않음,아니오,,PDFium second extraction; role boundaries from reviewed records,True,False
PDFIUM-GPT-03-N-00085,GPT-03,runs/raw_logs/GPT-4o/GPT_시뮬레이션 V3.pdf,16,2,SCENARIO 3: MOST PLAUSIBLE],,Tension,VDM-CLAMP,명시 산술의 내부 일관성,명시 수식×변수,준수,0,0,Tension: 0.00 → +0.05 - 0.05 = 0.00,"명시 산식 +0.05 - 0.05 = 0; 상태값은 VDM max(0,min(1,value))로 계산; 초기값/효과 선택의 정당성과 별개.",Python Decimal; 원문 명시값만,실제 입력 첨부 바이트는 미확인; 보존 VDM과 조건부 대조. 턴·분기는 명시 제목 기반 파싱이며 불완전/재명명 가능. GPT 역할 표지 경계 사용; 표지 유실 구간 미확정. 입력 초기값 출처 및 사건 분류는 이 점검에서 입증하지 않음,아니오,,PDFium second extraction; role boundaries from reviewed records,True,False
PDFIUM-GPT-03-N-00086,GPT-03,runs/raw_logs/GPT-4o/GPT_시뮬레이션 V3.pdf,18,3,SCENARIO 1: MOST PLAUSIBLE],,Tension,VDM-CLAMP,명시 산술의 내부 일관성,명시 수식×변수,준수,0.9,0.9,Tension: 1.0 - 0.10 = 0.90,"명시 산식 1.0 - 0.10 = 0.9; 상태값은 VDM max(0,min(1,value))로 계산; 초기값/효과 선택의 정당성과 별개.",Python Decimal; 원문 명시값만,실제 입력 첨부 바이트는 미확인; 보존 VDM과 조건부 대조. 턴·분기는 명시 제목 기반 파싱이며 불완전/재명명 가능. GPT 역할 표지 경계 사용; 표지 유실 구간 미확정. 입력 초기값 출처 및 사건 분류는 이 점검에서 입증하지 않음,아니오,,PDFium second extraction; role boundaries from reviewed records,True,False
PDFIUM-GPT-03-N-00087,GPT-03,runs/raw_logs/GPT-4o/GPT_시뮬레이션 V3.pdf,18,3,SCENARIO 1: MOST PLAUSIBLE],,Diplomatic_Support,VDM-CLAMP,명시 산술의 내부 일관성,명시 수식×변수,준수,0.73,0.73,Diplomatic Support: 0.53 + 0.20 = 0.73,"명시 산식 0.53 + 0.20 = 0.73; 상태값은 VDM max(0,min(1,value))로 계산; 초기값/효과 선택의 정당성과 별개.",Python Decimal; 원문 명시값만,실제 입력 첨부 바이트는 미확인; 보존 VDM과 조건부 대조. 턴·분기는 명시 제목 기반 파싱이며 불완전/재명명 가능. GPT 역할 표지 경계 사용; 표지 유실 구간 미확정. 입력 초기값 출처 및 사건 분류는 이 점검에서 입증하지 않음,아니오,,PDFium second extraction; role boundaries from reviewed records,True,False
PDFIUM-GPT-03-N-00088,GPT-03,runs/raw_logs/GPT-4o/GPT_시뮬레이션 V3.pdf,18,3,SCENARIO 1: MOST PLAUSIBLE],,Public_Opinion,VDM-CLAMP,명시 산술의 내부 일관성,명시 수식×변수,준수,1,1,Public Opinion: 0.93 + 0.10 = 1.0 (clamped),"명시 산식 0.93 + 0.10 = 1.03; 상태값은 VDM max(0,min(1,value))로 계산; 초기값/효과 선택의 정당성과 별개.",Python Decimal; 원문 명시값만,실제 입력 첨부 바이트는 미확인; 보존 VDM과 조건부 대조. 턴·분기는 명시 제목 기반 파싱이며 불완전/재명명 가능. GPT 역할 표지 경계 사용; 표지 유실 구간 미확정. 입력 초기값 출처 및 사건 분류는 이 점검에서 입증하지 않음,아니오,,PDFium second extraction; role boundaries from reviewed records,True,False
PDFIUM-GPT-03-N-00089,GPT-03,runs/raw_logs/GPT-4o/GPT_시뮬레이션 V3.pdf,18,3,SCENARIO 1: MOST PLAUSIBLE],,Leadership_Unity,VDM-CLAMP,명시 산술의 내부 일관성,명시 수식×변수,준수,1,1,Leadership Unity: 1.0 + 0.10 = 1.0 (clamped),"명시 산식 1.0 + 0.10 = 1.1; 상태값은 VDM max(0,min(1,value))로 계산; 초기값/효과 선택의 정당성과 별개.",Python Decimal; 원문 명시값만,실제 입력 첨부 바이트는 미확인; 보존 VDM과 조건부 대조. 턴·분기는 명시 제목 기반 파싱이며 불완전/재명명 가능. GPT 역할 표지 경계 사용; 표지 유실 구간 미확정. 입력 초기값 출처 및 사건 분류는 이 점검에서 입증하지 않음,아니오,,PDFium second extraction; role boundaries from reviewed records,True,False
PDFIUM-GPT-03-N-00090,GPT-03,runs/raw_logs/GPT-4o/GPT_시뮬레이션 V3.pdf,19,3,SCENARIO 2: MOST PLAUSIBLE],,Tension,VDM-CLAMP,명시 산술의 내부 일관성,명시 수식×변수,준수,0.9,0.9,Tension: 1.0 - 0.10 = 0.90,"명시 산식 1.0 - 0.10 = 0.9; 상태값은 VDM max(0,min(1,value))로 계산; 초기값/효과 선택의 정당성과 별개.",Python Decimal; 원문 명시값만,실제 입력 첨부 바이트는 미확인; 보존 VDM과 조건부 대조. 턴·분기는 명시 제목 기반 파싱이며 불완전/재명명 가능. GPT 역할 표지 경계 사용; 표지 유실 구간 미확정. 입력 초기값 출처 및 사건 분류는 이 점검에서 입증하지 않음,아니오,,PDFium second extraction; role boundaries from reviewed records,True,False
PDFIUM-GPT-03-N-00091,GPT-03,runs/raw_logs/GPT-4o/GPT_시뮬레이션 V3.pdf,20,3,SCENARIO 3: MOST PLAUSIBLE],,Tension,VDM-CLAMP,명시 산술의 내부 일관성,명시 수식×변수,준수,0,0,Tension: 0.00 - 0.10 = clamped to 0.00,"명시 산식 0.00 - 0.10 = -0.1; 상태값은 VDM max(0,min(1,value))로 계산; 초기값/효과 선택의 정당성과 별개.",Python Decimal; 원문 명시값만,실제 입력 첨부 바이트는 미확인; 보존 VDM과 조건부 대조. 턴·분기는 명시 제목 기반 파싱이며 불완전/재명명 가능. GPT 역할 표지 경계 사용; 표지 유실 구간 미확정. 입력 초기값 출처 및 사건 분류는 이 점검에서 입증하지 않음,아니오,,PDFium second extraction; role boundaries from reviewed records,True,False
PDFIUM-GPT-04-N-00017,GPT-04,runs/raw_logs/GPT-4o/GPT_시뮬레이션 V4.pdf,10,2,Most Plausible Path],,Tension,VDM-CLAMP,명시 산술의 내부 일관성,명시 수식×변수,준수,1.5,1.5,Tension = 0.75 + 0.75 = 1.5 → Threshold Exceeded,명시 산식 0.75 + 0.75 = 1.5; 변화량 합계로 계산; 초기값/효과 선택의 정당성과 별개.,Python Decimal; 원문 명시값만,실제 입력 첨부 바이트는 미확인; 보존 VDM과 조건부 대조. 턴·분기는 명시 제목 기반 파싱이며 불완전/재명명 가능. GPT 역할 표지 경계 사용; 표지 유실 구간 미확정. 입력 초기값 출처 및 사건 분류는 이 점검에서 입증하지 않음,아니오,,PDFium second extraction; role boundaries from reviewed records,True,False
PDFIUM-GPT-04-N-00018,GPT-04,runs/raw_logs/GPT-4o/GPT_시뮬레이션 V4.pdf,10,2,Most Plausible Path],,Leadership_Unity,VDM-CLAMP,명시 산술의 내부 일관성,명시 수식×변수,준수,1.45,1.45,Leadership_Unity = 0.80 + 0.65 = 1.45 → Still Stable,명시 산식 0.80 + 0.65 = 1.45; 변화량 합계로 계산; 초기값/효과 선택의 정당성과 별개.,Python Decimal; 원문 명시값만,실제 입력 첨부 바이트는 미확인; 보존 VDM과 조건부 대조. 턴·분기는 명시 제목 기반 파싱이며 불완전/재명명 가능. GPT 역할 표지 경계 사용; 표지 유실 구간 미확정. 입력 초기값 출처 및 사건 분류는 이 점검에서 입증하지 않음,아니오,,PDFium second extraction; role boundaries from reviewed records,True,False
PDFIUM-GPT-04-N-00034,GPT-04,runs/raw_logs/GPT-4o/GPT_시뮬레이션 V4.pdf,11,2,Hardline Response Path],,Tension,VDM-CLAMP,명시 산술의 내부 일관성,명시 수식×변수,준수,0.5,0.5,tension: +0.05 + 0.45 = +0.50,명시 산식 +0.05 + 0.45 = 0.5; 변화량 합계로 계산; 초기값/효과 선택의 정당성과 별개.,Python Decimal; 원문 명시값만,실제 입력 첨부 바이트는 미확인; 보존 VDM과 조건부 대조. 턴·분기는 명시 제목 기반 파싱이며 불완전/재명명 가능. GPT 역할 표지 경계 사용; 표지 유실 구간 미확정. 입력 초기값 출처 및 사건 분류는 이 점검에서 입증하지 않음,아니오,,PDFium second extraction; role boundaries from reviewed records,True,False
PDFIUM-GPT-04-N-00035,GPT-04,runs/raw_logs/GPT-4o/GPT_시뮬레이션 V4.pdf,11,2,Hardline Response Path],,Leadership_Unity,VDM-CLAMP,명시 산술의 내부 일관성,명시 수식×변수,준수,0.6,0.6,leadership_unity: -0.05 + 0.65 = +0.60,명시 산식 -0.05 + 0.65 = 0.6; 변화량 합계로 계산; 초기값/효과 선택의 정당성과 별개.,Python Decimal; 원문 명시값만,실제 입력 첨부 바이트는 미확인; 보존 VDM과 조건부 대조. 턴·분기는 명시 제목 기반 파싱이며 불완전/재명명 가능. GPT 역할 표지 경계 사용; 표지 유실 구간 미확정. 입력 초기값 출처 및 사건 분류는 이 점검에서 입증하지 않음,아니오,,PDFium second extraction; role boundaries from reviewed records,True,False
PDFIUM-GPT-04-N-00045,GPT-04,runs/raw_logs/GPT-4o/GPT_시뮬레이션 V4.pdf,13,3,Most Plausible Path,,Diplomatic_Support,VDM-CLAMP,명시 산술의 내부 일관성,명시 수식×변수,준수,0.55,0.55,diplomatic_support: 0.60 - 0.05 = 0.55,"명시 산식 0.60 - 0.05 = 0.55; 상태값은 VDM max(0,min(1,value))로 계산; 초기값/효과 선택의 정당성과 별개.",Python Decimal; 원문 명시값만,실제 입력 첨부 바이트는 미확인; 보존 VDM과 조건부 대조. 턴·분기는 명시 제목 기반 파싱이며 불완전/재명명 가능. GPT 역할 표지 경계 사용; 표지 유실 구간 미확정. 입력 초기값 출처 및 사건 분류는 이 점검에서 입증하지 않음,아니오,,PDFium second extraction; role boundaries from reviewed records,True,False
PDFIUM-GPT-04-N-00046,GPT-04,runs/raw_logs/GPT-4o/GPT_시뮬레이션 V4.pdf,13,3,Most Plausible Path,,Leadership_Unity,VDM-CLAMP,명시 산술의 내부 일관성,명시 수식×변수,준수,1,1,leadership_unity: 1.0 - 0.10 + 0.65 = 1.55 (clamped at 1.0),"명시 산식 1.0 - 0.10 + 0.65 = 1.55; 상태값은 VDM max(0,min(1,value))로 계산; 초기값/효과 선택의 정당성과 별개.",Python Decimal; 원문 명시값만,실제 입력 첨부 바이트는 미확인; 보존 VDM과 조건부 대조. 턴·분기는 명시 제목 기반 파싱이며 불완전/재명명 가능. GPT 역할 표지 경계 사용; 표지 유실 구간 미확정. 입력 초기값 출처 및 사건 분류는 이 점검에서 입증하지 않음,아니오,,PDFium second extraction; role boundaries from reviewed records,True,False
PDFIUM-GPT-04-N-00065,GPT-04,runs/raw_logs/GPT-4o/GPT_시뮬레이션 V4.pdf,16,3,Hardline Response Path,,Tension,VDM-CLAMP,명시 산술의 내부 일관성,명시 수식×변수,준수,1,1,tension: 0.60 + 0.60 = 1.20 (clamped at 1.0),"명시 산식 0.60 + 0.60 = 1.2; 상태값은 VDM max(0,min(1,value))로 계산; 초기값/효과 선택의 정당성과 별개.",Python Decimal; 원문 명시값만,실제 입력 첨부 바이트는 미확인; 보존 VDM과 조건부 대조. 턴·분기는 명시 제목 기반 파싱이며 불완전/재명명 가능. GPT 역할 표지 경계 사용; 표지 유실 구간 미확정. 입력 초기값 출처 및 사건 분류는 이 점검에서 입증하지 않음,아니오,,PDFium second extraction; role boundaries from reviewed records,True,False
PDFIUM-GPT-04-N-00066,GPT-04,runs/raw_logs/GPT-4o/GPT_시뮬레이션 V4.pdf,16,3,Hardline Response Path,,Diplomatic_Support,VDM-CLAMP,명시 산술의 내부 일관성,명시 수식×변수,준수,-0.12,-0.12,diplomatic_support: -0.07 - 0.05 = -0.12,명시 산식 -0.07 - 0.05 = -0.12; 변화량 합계로 계산; 초기값/효과 선택의 정당성과 별개.,Python Decimal; 원문 명시값만,실제 입력 첨부 바이트는 미확인; 보존 VDM과 조건부 대조. 턴·분기는 명시 제목 기반 파싱이며 불완전/재명명 가능. GPT 역할 표지 경계 사용; 표지 유실 구간 미확정. 입력 초기값 출처 및 사건 분류는 이 점검에서 입증하지 않음,아니오,,PDFium second extraction; role boundaries from reviewed records,True,False
PDFIUM-GPT-04-N-00067,GPT-04,runs/raw_logs/GPT-4o/GPT_시뮬레이션 V4.pdf,16,3,Hardline Response Path,,Public_Opinion,VDM-CLAMP,명시 산술의 내부 일관성,명시 수식×변수,준수,-0.12,-0.12,public_opinion: -0.07 - 0.05 = -0.12,명시 산식 -0.07 - 0.05 = -0.12; 변화량 합계로 계산; 초기값/효과 선택의 정당성과 별개.,Python Decimal; 원문 명시값만,실제 입력 첨부 바이트는 미확인; 보존 VDM과 조건부 대조. 턴·분기는 명시 제목 기반 파싱이며 불완전/재명명 가능. GPT 역할 표지 경계 사용; 표지 유실 구간 미확정. 입력 초기값 출처 및 사건 분류는 이 점검에서 입증하지 않음,아니오,,PDFium second extraction; role boundaries from reviewed records,True,False
PDFIUM-GPT-04-N-00068,GPT-04,runs/raw_logs/GPT-4o/GPT_시뮬레이션 V4.pdf,16,3,Hardline Response Path,,Leadership_Unity,VDM-CLAMP,명시 산술의 내부 일관성,명시 수식×변수,준수,1,1,leadership_unity: 0.55 - 0.10 + 0.65 = 1.10 → clamped at 1.0,"명시 산식 0.55 - 0.10 + 0.65 = 1.1; 상태값은 VDM max(0,min(1,value))로 계산; 초기값/효과 선택의 정당성과 별개.",Python Decimal; 원문 명시값만,실제 입력 첨부 바이트는 미확인; 보존 VDM과 조건부 대조. 턴·분기는 명시 제목 기반 파싱이며 불완전/재명명 가능. GPT 역할 표지 경계 사용; 표지 유실 구간 미확정. 입력 초기값 출처 및 사건 분류는 이 점검에서 입증하지 않음,아니오,,PDFium second extraction; role boundaries from reviewed records,True,False
PDFIUM-GPT-04-N-00082,GPT-04,runs/raw_logs/GPT-4o/GPT_시뮬레이션 V4.pdf,18,4,Most Plausible Path,,Diplomatic_Support,VDM-CLAMP,명시 산술의 내부 일관성,명시 수식×변수,준수,0.5,0.5,diplomatic_support: 0.55 - 0.05 = 0.50,"명시 산식 0.55 - 0.05 = 0.5; 상태값은 VDM max(0,min(1,value))로 계산; 초기값/효과 선택의 정당성과 별개.",Python Decimal; 원문 명시값만,실제 입력 첨부 바이트는 미확인; 보존 VDM과 조건부 대조. 턴·분기는 명시 제목 기반 파싱이며 불완전/재명명 가능. GPT 역할 표지 경계 사용; 표지 유실 구간 미확정. 입력 초기값 출처 및 사건 분류는 이 점검에서 입증하지 않음,아니오,,PDFium second extraction; role boundaries from reviewed records,True,False
PDFIUM-GPT-04-N-00083,GPT-04,runs/raw_logs/GPT-4o/GPT_시뮬레이션 V4.pdf,18,4,Most Plausible Path,,Public_Opinion,VDM-CLAMP,명시 산술의 내부 일관성,명시 수식×변수,준수,-0.1,-0.1,public_opinion: -0.05 - 0.05 = -0.10,명시 산식 -0.05 - 0.05 = -0.1; 변화량 합계로 계산; 초기값/효과 선택의 정당성과 별개.,Python Decimal; 원문 명시값만,실제 입력 첨부 바이트는 미확인; 보존 VDM과 조건부 대조. 턴·분기는 명시 제목 기반 파싱이며 불완전/재명명 가능. GPT 역할 표지 경계 사용; 표지 유실 구간 미확정. 입력 초기값 출처 및 사건 분류는 이 점검에서 입증하지 않음,아니오,,PDFium second extraction; role boundaries from reviewed records,True,False
PDFIUM-GPT-04-N-00084,GPT-04,runs/raw_logs/GPT-4o/GPT_시뮬레이션 V4.pdf,18,4,Most Plausible Path,,Leadership_Unity,VDM-CLAMP,명시 산술의 내부 일관성,명시 수식×변수,준수,1,1,leadership_unity: 1.00 - 0.10 + 0.65 = 1.55 → clamped at 1.0,"명시 산식 1.00 - 0.10 + 0.65 = 1.55; 상태값은 VDM max(0,min(1,value))로 계산; 초기값/효과 선택의 정당성과 별개.",Python Decimal; 원문 명시값만,실제 입력 첨부 바이트는 미확인; 보존 VDM과 조건부 대조. 턴·분기는 명시 제목 기반 파싱이며 불완전/재명명 가능. GPT 역할 표지 경계 사용; 표지 유실 구간 미확정. 입력 초기값 출처 및 사건 분류는 이 점검에서 입증하지 않음,아니오,,PDFium second extraction; role boundaries from reviewed records,True,False
PDFIUM-GPT-04-N-00103,GPT-04,runs/raw_logs/GPT-4o/GPT_시뮬레이션 V4.pdf,21,4,Hardline Response Path,,Diplomatic_Support,VDM-CLAMP,명시 산술의 내부 일관성,명시 수식×변수,준수,-0.17,-0.17,diplomatic_support: -0.12 - 0.05 = -0.17,명시 산식 -0.12 - 0.05 = -0.17; 변화량 합계로 계산; 초기값/효과 선택의 정당성과 별개.,Python Decimal; 원문 명시값만,실제 입력 첨부 바이트는 미확인; 보존 VDM과 조건부 대조. 턴·분기는 명시 제목 기반 파싱이며 불완전/재명명 가능. GPT 역할 표지 경계 사용; 표지 유실 구간 미확정. 입력 초기값 출처 및 사건 분류는 이 점검에서 입증하지 않음,아니오,,PDFium second extraction; role boundaries from reviewed records,True,False
PDFIUM-GPT-04-N-00104,GPT-04,runs/raw_logs/GPT-4o/GPT_시뮬레이션 V4.pdf,21,4,Hardline Response Path,,Public_Opinion,VDM-CLAMP,명시 산술의 내부 일관성,명시 수식×변수,준수,-0.17,-0.17,public_opinion: -0.12 - 0.05 = -0.17,명시 산식 -0.12 - 0.05 = -0.17; 변화량 합계로 계산; 초기값/효과 선택의 정당성과 별개.,Python Decimal; 원문 명시값만,실제 입력 첨부 바이트는 미확인; 보존 VDM과 조건부 대조. 턴·분기는 명시 제목 기반 파싱이며 불완전/재명명 가능. GPT 역할 표지 경계 사용; 표지 유실 구간 미확정. 입력 초기값 출처 및 사건 분류는 이 점검에서 입증하지 않음,아니오,,PDFium second extraction; role boundaries from reviewed records,True,False
PDFIUM-GPT-04-N-00105,GPT-04,runs/raw_logs/GPT-4o/GPT_시뮬레이션 V4.pdf,21,4,Hardline Response Path,,Leadership_Unity,VDM-CLAMP,명시 산술의 내부 일관성,명시 수식×변수,준수,1.55,1.55,leadership_unity: 1.0 - 0.10 + 0.65 = 1.55 → clamped,명시 산식 1.0 - 0.10 + 0.65 = 1.55; 변화량 합계로 계산; 초기값/효과 선택의 정당성과 별개.,Python Decimal; 원문 명시값만,실제 입력 첨부 바이트는 미확인; 보존 VDM과 조건부 대조. 턴·분기는 명시 제목 기반 파싱이며 불완전/재명명 가능. GPT 역할 표지 경계 사용; 표지 유실 구간 미확정. 입력 초기값 출처 및 사건 분류는 이 점검에서 입증하지 않음,아니오,,PDFium second extraction; role boundaries from reviewed records,True,False
PDFIUM-GPT-05-N-00007,GPT-05,runs/raw_logs/GPT-4o/GPT_시뮬레이션 V5.pdf,6,1,Most Plausible Path],,Tension,VDM-CLAMP,명시 산술의 내부 일관성,명시 수식×변수,준수,1,1,tension: 0.60 + 0.05 + 0.45 = 1.00 (max cap),"명시 산식 0.60 + 0.05 + 0.45 = 1.1; 상태값은 VDM max(0,min(1,value))로 계산; 초기값/효과 선택의 정당성과 별개.",Python Decimal; 원문 명시값만,실제 입력 첨부 바이트는 미확인; 보존 VDM과 조건부 대조. 턴·분기는 명시 제목 기반 파싱이며 불완전/재명명 가능. GPT 역할 표지 경계 사용; 표지 유실 구간 미확정. 입력 초기값 출처 및 사건 분류는 이 점검에서 입증하지 않음,아니오,,PDFium second extraction; role boundaries from reviewed records,True,False
PDFIUM-GPT-05-N-00010,GPT-05,runs/raw_logs/GPT-4o/GPT_시뮬레이션 V5.pdf,6,1,Most Plausible Path],,Diplomatic_Support,VDM-CLAMP,명시 산술의 내부 일관성,명시 수식×변수,준수,0.68,0.68,diplomatic_support: 0.70 - 0.02 = 0.68,"명시 산식 0.70 - 0.02 = 0.68; 상태값은 VDM max(0,min(1,value))로 계산; 초기값/효과 선택의 정당성과 별개.",Python Decimal; 원문 명시값만,실제 입력 첨부 바이트는 미확인; 보존 VDM과 조건부 대조. 턴·분기는 명시 제목 기반 파싱이며 불완전/재명명 가능. GPT 역할 표지 경계 사용; 표지 유실 구간 미확정. 입력 초기값 출처 및 사건 분류는 이 점검에서 입증하지 않음,아니오,,PDFium second extraction; role boundaries from reviewed records,True,False
PDFIUM-GPT-05-N-00013,GPT-05,runs/raw_logs/GPT-4o/GPT_시뮬레이션 V5.pdf,6,1,Most Plausible Path],,Public_Opinion,VDM-CLAMP,명시 산술의 내부 일관성,명시 수식×변수,준수,0.58,0.58,public_opinion: 0.60 - 0.02 = 0.58,"명시 산식 0.60 - 0.02 = 0.58; 상태값은 VDM max(0,min(1,value))로 계산; 초기값/효과 선택의 정당성과 별개.",Python Decimal; 원문 명시값만,실제 입력 첨부 바이트는 미확인; 보존 VDM과 조건부 대조. 턴·분기는 명시 제목 기반 파싱이며 불완전/재명명 가능. GPT 역할 표지 경계 사용; 표지 유실 구간 미확정. 입력 초기값 출처 및 사건 분류는 이 점검에서 입증하지 않음,아니오,,PDFium second extraction; role boundaries from reviewed records,True,False
PDFIUM-GPT-05-N-00016,GPT-05,runs/raw_logs/GPT-4o/GPT_시뮬레이션 V5.pdf,6,1,Most Plausible Path],,Leadership_Unity,VDM-CLAMP,명시 산술의 내부 일관성,명시 수식×변수,준수,0.85,0.85,leadership_unity: 0.90 - 0.05 = 0.85,"명시 산식 0.90 - 0.05 = 0.85; 상태값은 VDM max(0,min(1,value))로 계산; 초기값/효과 선택의 정당성과 별개.",Python Decimal; 원문 명시값만,실제 입력 첨부 바이트는 미확인; 보존 VDM과 조건부 대조. 턴·분기는 명시 제목 기반 파싱이며 불완전/재명명 가능. GPT 역할 표지 경계 사용; 표지 유실 구간 미확정. 입력 초기값 출처 및 사건 분류는 이 점검에서 입증하지 않음,아니오,,PDFium second extraction; role boundaries from reviewed records,True,False
PDFIUM-GPT-05-N-00023,GPT-05,runs/raw_logs/GPT-4o/GPT_시뮬레이션 V5.pdf,7,1,Diplomatic Resolution Path],,Tension,VDM-CLAMP,명시 산술의 내부 일관성,명시 수식×변수,준수,0.55,0.55,tension: 0.60 - 0.05 = 0.55,"명시 산식 0.60 - 0.05 = 0.55; 상태값은 VDM max(0,min(1,value))로 계산; 초기값/효과 선택의 정당성과 별개.",Python Decimal; 원문 명시값만,실제 입력 첨부 바이트는 미확인; 보존 VDM과 조건부 대조. 턴·분기는 명시 제목 기반 파싱이며 불완전/재명명 가능. GPT 역할 표지 경계 사용; 표지 유실 구간 미확정. 입력 초기값 출처 및 사건 분류는 이 점검에서 입증하지 않음,아니오,,PDFium second extraction; role boundaries from reviewed records,True,False
PDFIUM-GPT-05-N-00026,GPT-05,runs/raw_logs/GPT-4o/GPT_시뮬레이션 V5.pdf,7,1,Diplomatic Resolution Path],,Diplomatic_Support,VDM-CLAMP,명시 산술의 내부 일관성,명시 수식×변수,준수,0.8,0.8,diplomatic_support: 0.70 + 0.10 = 0.80,"명시 산식 0.70 + 0.10 = 0.8; 상태값은 VDM max(0,min(1,value))로 계산; 초기값/효과 선택의 정당성과 별개.",Python Decimal; 원문 명시값만,실제 입력 첨부 바이트는 미확인; 보존 VDM과 조건부 대조. 턴·분기는 명시 제목 기반 파싱이며 불완전/재명명 가능. GPT 역할 표지 경계 사용; 표지 유실 구간 미확정. 입력 초기값 출처 및 사건 분류는 이 점검에서 입증하지 않음,아니오,,PDFium second extraction; role boundaries from reviewed records,True,False
PDFIUM-GPT-05-N-00029,GPT-05,runs/raw_logs/GPT-4o/GPT_시뮬레이션 V5.pdf,7,1,Diplomatic Resolution Path],,Public_Opinion,VDM-CLAMP,명시 산술의 내부 일관성,명시 수식×변수,준수,0.65,0.65,public_opinion: 0.60 + 0.05 = 0.65,"명시 산식 0.60 + 0.05 = 0.65; 상태값은 VDM max(0,min(1,value))로 계산; 초기값/효과 선택의 정당성과 별개.",Python Decimal; 원문 명시값만,실제 입력 첨부 바이트는 미확인; 보존 VDM과 조건부 대조. 턴·분기는 명시 제목 기반 파싱이며 불완전/재명명 가능. GPT 역할 표지 경계 사용; 표지 유실 구간 미확정. 입력 초기값 출처 및 사건 분류는 이 점검에서 입증하지 않음,아니오,,PDFium second extraction; role boundaries from reviewed records,True,False
PDFIUM-GPT-05-N-00032,GPT-05,runs/raw_logs/GPT-4o/GPT_시뮬레이션 V5.pdf,7,1,Diplomatic Resolution Path],,Leadership_Unity,VDM-CLAMP,명시 산술의 내부 일관성,명시 수식×변수,준수,0.95,0.95,leadership_unity: 0.90 + 0.05 = 0.95,"명시 산식 0.90 + 0.05 = 0.95; 상태값은 VDM max(0,min(1,value))로 계산; 초기값/효과 선택의 정당성과 별개.",Python Decimal; 원문 명시값만,실제 입력 첨부 바이트는 미확인; 보존 VDM과 조건부 대조. 턴·분기는 명시 제목 기반 파싱이며 불완전/재명명 가능. GPT 역할 표지 경계 사용; 표지 유실 구간 미확정. 입력 초기값 출처 및 사건 분류는 이 점검에서 입증하지 않음,아니오,,PDFium second extraction; role boundaries from reviewed records,True,False
PDFIUM-GPT-05-N-00041,GPT-05,runs/raw_logs/GPT-4o/GPT_시뮬레이션 V5.pdf,7,1,Hardline Response Path],,Tension,VDM-CLAMP,명시 산술의 내부 일관성,명시 수식×변수,준수,1,1,tension: 0.60 + 0.15 + 0.45 = 1.00 (max cap),"명시 산식 0.60 + 0.15 + 0.45 = 1.2; 상태값은 VDM max(0,min(1,value))로 계산; 초기값/효과 선택의 정당성과 별개.",Python Decimal; 원문 명시값만,실제 입력 첨부 바이트는 미확인; 보존 VDM과 조건부 대조. 턴·분기는 명시 제목 기반 파싱이며 불완전/재명명 가능. GPT 역할 표지 경계 사용; 표지 유실 구간 미확정. 입력 초기값 출처 및 사건 분류는 이 점검에서 입증하지 않음,아니오,,PDFium second extraction; role boundaries from reviewed records,True,False
PDFIUM-GPT-05-N-00044,GPT-05,runs/raw_logs/GPT-4o/GPT_시뮬레이션 V5.pdf,7,1,Hardline Response Path],,Diplomatic_Support,VDM-CLAMP,명시 산술의 내부 일관성,명시 수식×변수,준수,0.65,0.65,diplomatic_support: 0.70 - 0.05 = 0.65,"명시 산식 0.70 - 0.05 = 0.65; 상태값은 VDM max(0,min(1,value))로 계산; 초기값/효과 선택의 정당성과 별개.",Python Decimal; 원문 명시값만,실제 입력 첨부 바이트는 미확인; 보존 VDM과 조건부 대조. 턴·분기는 명시 제목 기반 파싱이며 불완전/재명명 가능. GPT 역할 표지 경계 사용; 표지 유실 구간 미확정. 입력 초기값 출처 및 사건 분류는 이 점검에서 입증하지 않음,아니오,,PDFium second extraction; role boundaries from reviewed records,True,False
PDFIUM-GPT-05-N-00047,GPT-05,runs/raw_logs/GPT-4o/GPT_시뮬레이션 V5.pdf,7,1,Hardline Response Path],,Public_Opinion,VDM-CLAMP,명시 산술의 내부 일관성,명시 수식×변수,준수,0.55,0.55,public_opinion: 0.60 - 0.05 = 0.55,"명시 산식 0.60 - 0.05 = 0.55; 상태값은 VDM max(0,min(1,value))로 계산; 초기값/효과 선택의 정당성과 별개.",Python Decimal; 원문 명시값만,실제 입력 첨부 바이트는 미확인; 보존 VDM과 조건부 대조. 턴·분기는 명시 제목 기반 파싱이며 불완전/재명명 가능. GPT 역할 표지 경계 사용; 표지 유실 구간 미확정. 입력 초기값 출처 및 사건 분류는 이 점검에서 입증하지 않음,아니오,,PDFium second extraction; role boundaries from reviewed records,True,False
PDFIUM-GPT-05-N-00050,GPT-05,runs/raw_logs/GPT-4o/GPT_시뮬레이션 V5.pdf,7,1,Hardline Response Path],,Leadership_Unity,VDM-CLAMP,명시 산술의 내부 일관성,명시 수식×변수,준수,1,1,leadership_unity: 0.90 - 0.10 + 0.65 = 1.00 (max cap),"명시 산식 0.90 - 0.10 + 0.65 = 1.45; 상태값은 VDM max(0,min(1,value))로 계산; 초기값/효과 선택의 정당성과 별개.",Python Decimal; 원문 명시값만,실제 입력 첨부 바이트는 미확인; 보존 VDM과 조건부 대조. 턴·분기는 명시 제목 기반 파싱이며 불완전/재명명 가능. GPT 역할 표지 경계 사용; 표지 유실 구간 미확정. 입력 초기값 출처 및 사건 분류는 이 점검에서 입증하지 않음,아니오,,PDFium second extraction; role boundaries from reviewed records,True,False
PDFIUM-GPT-06-N-00005,GPT-06,runs/raw_logs/GPT-4o/GPT_시뮬레이션 V6.pdf,5,1,] - Most Plausible Path,,Tension,VDM-CLAMP,명시 산술의 내부 일관성,명시 수식×변수,준수,0.75,0.75,tension: +0.75 (= 0.30 + 0.45),"명시 산식 0.30 + 0.45 = 0.75; 상태값은 VDM max(0,min(1,value))로 계산; 초기값/효과 선택의 정당성과 별개.",Python Decimal; 원문 명시값만,실제 입력 첨부 바이트는 미확인; 보존 VDM과 조건부 대조. 턴·분기는 명시 제목 기반 파싱이며 불완전/재명명 가능. GPT 역할 표지 경계 사용; 표지 유실 구간 미확정. 입력 초기값 출처 및 사건 분류는 이 점검에서 입증하지 않음,아니오,,PDFium second extraction; role boundaries from reviewed records,True,False
PDFIUM-GPT-06-N-00016,GPT-06,runs/raw_logs/GPT-4o/GPT_시뮬레이션 V6.pdf,5,1,] - Hardline Response Path,,Tension,VDM-CLAMP,명시 산술의 내부 일관성,명시 수식×변수,준수,0.6,0.6,tension: +0.60 (= 0.15 + 0.45),"명시 산식 0.15 + 0.45 = 0.6; 상태값은 VDM max(0,min(1,value))로 계산; 초기값/효과 선택의 정당성과 별개.",Python Decimal; 원문 명시값만,실제 입력 첨부 바이트는 미확인; 보존 VDM과 조건부 대조. 턴·분기는 명시 제목 기반 파싱이며 불완전/재명명 가능. GPT 역할 표지 경계 사용; 표지 유실 구간 미확정. 입력 초기값 출처 및 사건 분류는 이 점검에서 입증하지 않음,아니오,,PDFium second extraction; role boundaries from reviewed records,True,False
PDFIUM-GPT-06-N-00021,GPT-06,runs/raw_logs/GPT-4o/GPT_시뮬레이션 V6.pdf,5,1,] - Hardline Response Path,,Leadership_Unity,VDM-CLAMP,명시 산술의 내부 일관성,명시 수식×변수,준수,0.55,0.55,leadership_unity: +0.55 (= -0.10 + 0.65),"명시 산식 -0.10 + 0.65 = 0.55; 상태값은 VDM max(0,min(1,value))로 계산; 초기값/효과 선택의 정당성과 별개.",Python Decimal; 원문 명시값만,실제 입력 첨부 바이트는 미확인; 보존 VDM과 조건부 대조. 턴·분기는 명시 제목 기반 파싱이며 불완전/재명명 가능. GPT 역할 표지 경계 사용; 표지 유실 구간 미확정. 입력 초기값 출처 및 사건 분류는 이 점검에서 입증하지 않음,아니오,,PDFium second extraction; role boundaries from reviewed records,True,False
PDFIUM-GPT-06-N-00083,GPT-06,runs/raw_logs/GPT-4o/GPT_시뮬레이션 V6.pdf,16,4,] - Most Plausible Path: Ultimatum and Soviet,,Tension,VDM-CLAMP,명시 산술의 내부 일관성,명시 수식×변수,준수,0.5,0.5,Tension: +0.05 (US) +0.45 (USSR) = +0.50 → Clamped at 1.0,명시 산식 +0.05 +0.45 = 0.5; 변화량 합계로 계산; 초기값/효과 선택의 정당성과 별개.,Python Decimal; 원문 명시값만,실제 입력 첨부 바이트는 미확인; 보존 VDM과 조건부 대조. 턴·분기는 명시 제목 기반 파싱이며 불완전/재명명 가능. GPT 역할 표지 경계 사용; 표지 유실 구간 미확정. 입력 초기값 출처 및 사건 분류는 이 점검에서 입증하지 않음,아니오,,PDFium second extraction; role boundaries from reviewed records,True,False
PDFIUM-GPT-06-N-00084,GPT-06,runs/raw_logs/GPT-4o/GPT_시뮬레이션 V6.pdf,16,4,] - Most Plausible Path: Ultimatum and Soviet,,Leadership_Unity,VDM-CLAMP,명시 산술의 내부 일관성,명시 수식×변수,준수,0.6,0.6,Leadership Unity: +0.65 -0.05 = +0.60,명시 산식 +0.65 -0.05 = 0.6; 변화량 합계로 계산; 초기값/효과 선택의 정당성과 별개.,Python Decimal; 원문 명시값만,실제 입력 첨부 바이트는 미확인; 보존 VDM과 조건부 대조. 턴·분기는 명시 제목 기반 파싱이며 불완전/재명명 가능. GPT 역할 표지 경계 사용; 표지 유실 구간 미확정. 입력 초기값 출처 및 사건 분류는 이 점검에서 입증하지 않음,아니오,,PDFium second extraction; role boundaries from reviewed records,True,False
PDFIUM-GPT-06-N-00093,GPT-06,runs/raw_logs/GPT-4o/GPT_시뮬레이션 V6.pdf,17,4,"] - Most Plausible Alt 1: U.S. Mobilizes Forces,",,Tension,VDM-CLAMP,명시 산술의 내부 일관성,명시 수식×변수,준수,0,0,Tension: +0.05 -0.05 = 0,명시 산식 +0.05 -0.05 = 0; 변화량 합계로 계산; 초기값/효과 선택의 정당성과 별개.,Python Decimal; 원문 명시값만,실제 입력 첨부 바이트는 미확인; 보존 VDM과 조건부 대조. 턴·분기는 명시 제목 기반 파싱이며 불완전/재명명 가능. GPT 역할 표지 경계 사용; 표지 유실 구간 미확정. 입력 초기값 출처 및 사건 분류는 이 점검에서 입증하지 않음,아니오,,PDFium second extraction; role boundaries from reviewed records,True,False
PDFIUM-GPT-06-N-00094,GPT-06,runs/raw_logs/GPT-4o/GPT_시뮬레이션 V6.pdf,17,4,"] - Most Plausible Alt 1: U.S. Mobilizes Forces,",,Diplomatic_Support,VDM-CLAMP,명시 산술의 내부 일관성,명시 수식×변수,준수,0.08,0.08,Diplomatic Support: -0.02 +0.10 = +0.08,명시 산식 -0.02 +0.10 = 0.08; 변화량 합계로 계산; 초기값/효과 선택의 정당성과 별개.,Python Decimal; 원문 명시값만,실제 입력 첨부 바이트는 미확인; 보존 VDM과 조건부 대조. 턴·분기는 명시 제목 기반 파싱이며 불완전/재명명 가능. GPT 역할 표지 경계 사용; 표지 유실 구간 미확정. 입력 초기값 출처 및 사건 분류는 이 점검에서 입증하지 않음,아니오,,PDFium second extraction; role boundaries from reviewed records,True,False
PDFIUM-GPT-06-N-00095,GPT-06,runs/raw_logs/GPT-4o/GPT_시뮬레이션 V6.pdf,17,4,"] - Most Plausible Alt 1: U.S. Mobilizes Forces,",,Public_Opinion,VDM-CLAMP,명시 산술의 내부 일관성,명시 수식×변수,준수,0.03,0.03,Public Opinion: -0.02 +0.05 = +0.03,명시 산식 -0.02 +0.05 = 0.03; 변화량 합계로 계산; 초기값/효과 선택의 정당성과 별개.,Python Decimal; 원문 명시값만,실제 입력 첨부 바이트는 미확인; 보존 VDM과 조건부 대조. 턴·분기는 명시 제목 기반 파싱이며 불완전/재명명 가능. GPT 역할 표지 경계 사용; 표지 유실 구간 미확정. 입력 초기값 출처 및 사건 분류는 이 점검에서 입증하지 않음,아니오,,PDFium second extraction; role boundaries from reviewed records,True,False
PDFIUM-GPT-06-N-00096,GPT-06,runs/raw_logs/GPT-4o/GPT_시뮬레이션 V6.pdf,17,4,"] - Most Plausible Alt 1: U.S. Mobilizes Forces,",,Leadership_Unity,VDM-CLAMP,명시 산술의 내부 일관성,명시 수식×변수,판정 불가,-0.05 +0.05 = ±0,,Leadership Unity: -0.05 +0.05 = ±0,마지막 등식의 연산식/결과값 분리 불가,Python Decimal; 원문 명시값만,실제 입력 첨부 바이트는 미확인; 보존 VDM과 조건부 대조. 턴·분기는 명시 제목 기반 파싱이며 불완전/재명명 가능. GPT 역할 표지 경계 사용; 표지 유실 구간 미확정. ,예,,PDFium second extraction; role boundaries from reviewed records,True,False
PDFIUM-GPT-06-N-00105,GPT-06,runs/raw_logs/GPT-4o/GPT_시뮬레이션 V6.pdf,17,4,"] - Most Plausible Alt 2: U.S. Seeks Backchannel,",,Tension,VDM-CLAMP,명시 산술의 내부 일관성,명시 수식×변수,준수,-0.1,-0.1,Tension: -0.05 -0.05 = -0.10,명시 산식 -0.05 -0.05 = -0.1; 변화량 합계로 계산; 초기값/효과 선택의 정당성과 별개.,Python Decimal; 원문 명시값만,실제 입력 첨부 바이트는 미확인; 보존 VDM과 조건부 대조. 턴·분기는 명시 제목 기반 파싱이며 불완전/재명명 가능. GPT 역할 표지 경계 사용; 표지 유실 구간 미확정. 입력 초기값 출처 및 사건 분류는 이 점검에서 입증하지 않음,아니오,,PDFium second extraction; role boundaries from reviewed records,True,False
PDFIUM-GPT-06-N-00106,GPT-06,runs/raw_logs/GPT-4o/GPT_시뮬레이션 V6.pdf,17,4,"] - Most Plausible Alt 2: U.S. Seeks Backchannel,",,Diplomatic_Support,VDM-CLAMP,명시 산술의 내부 일관성,명시 수식×변수,준수,0.15,0.15,Diplomatic Support: +0.05 +0.10 = +0.15,명시 산식 +0.05 +0.10 = 0.15; 변화량 합계로 계산; 초기값/효과 선택의 정당성과 별개.,Python Decimal; 원문 명시값만,실제 입력 첨부 바이트는 미확인; 보존 VDM과 조건부 대조. 턴·분기는 명시 제목 기반 파싱이며 불완전/재명명 가능. GPT 역할 표지 경계 사용; 표지 유실 구간 미확정. 입력 초기값 출처 및 사건 분류는 이 점검에서 입증하지 않음,아니오,,PDFium second extraction; role boundaries from reviewed records,True,False
PDFIUM-GPT-06-N-00107,GPT-06,runs/raw_logs/GPT-4o/GPT_시뮬레이션 V6.pdf,17,4,"] - Most Plausible Alt 2: U.S. Seeks Backchannel,",,Public_Opinion,VDM-CLAMP,명시 산술의 내부 일관성,명시 수식×변수,준수,0.15,0.15,Public Opinion: +0.10 +0.05 = +0.15,명시 산식 +0.10 +0.05 = 0.15; 변화량 합계로 계산; 초기값/효과 선택의 정당성과 별개.,Python Decimal; 원문 명시값만,실제 입력 첨부 바이트는 미확인; 보존 VDM과 조건부 대조. 턴·분기는 명시 제목 기반 파싱이며 불완전/재명명 가능. GPT 역할 표지 경계 사용; 표지 유실 구간 미확정. 입력 초기값 출처 및 사건 분류는 이 점검에서 입증하지 않음,아니오,,PDFium second extraction; role boundaries from reviewed records,True,False
PDFIUM-GPT-06-N-00108,GPT-06,runs/raw_logs/GPT-4o/GPT_시뮬레이션 V6.pdf,17,4,"] - Most Plausible Alt 2: U.S. Seeks Backchannel,",,Leadership_Unity,VDM-CLAMP,명시 산술의 내부 일관성,명시 수식×변수,준수,0.15,0.15,Leadership Unity: +0.10 +0.05 = +0.15,명시 산식 +0.10 +0.05 = 0.15; 변화량 합계로 계산; 초기값/효과 선택의 정당성과 별개.,Python Decimal; 원문 명시값만,실제 입력 첨부 바이트는 미확인; 보존 VDM과 조건부 대조. 턴·분기는 명시 제목 기반 파싱이며 불완전/재명명 가능. GPT 역할 표지 경계 사용; 표지 유실 구간 미확정. 입력 초기값 출처 및 사건 분류는 이 점검에서 입증하지 않음,아니오,,PDFium second extraction; role boundaries from reviewed records,True,False
PDFIUM-GPT-08-N-00016,GPT-08,runs/raw_logs/GPT-4o/GPT_시뮬레이션 V8.pdf,5,1,Most Plausible Path,Soviet Union,Tension,VDM-CLAMP,명시 산술의 내부 일관성,명시 수식×변수,준수,0.5,0.5,tension: +0.05 + 0.45 = +0.50,명시 산식 +0.05 + 0.45 = 0.5; 변화량 합계로 계산; 초기값/효과 선택의 정당성과 별개.,Python Decimal; 원문 명시값만,실제 입력 첨부 바이트는 미확인; 보존 VDM과 조건부 대조. 턴·분기는 명시 제목 기반 파싱이며 불완전/재명명 가능. GPT 역할 표지 경계 사용; 표지 유실 구간 미확정. 입력 초기값 출처 및 사건 분류는 이 점검에서 입증하지 않음,아니오,,PDFium second extraction; role boundaries from reviewed records,True,False
PDFIUM-GPT-08-N-00017,GPT-08,runs/raw_logs/GPT-4o/GPT_시뮬레이션 V8.pdf,5,1,Most Plausible Path,Soviet Union,Diplomatic_Support,VDM-CLAMP,명시 산술의 내부 일관성,명시 수식×변수,준수,-0.02,-0.02,diplomatic_support: -0.02 + 0.00 = -0.02,명시 산식 -0.02 + 0.00 = -0.02; 변화량 합계로 계산; 초기값/효과 선택의 정당성과 별개.,Python Decimal; 원문 명시값만,실제 입력 첨부 바이트는 미확인; 보존 VDM과 조건부 대조. 턴·분기는 명시 제목 기반 파싱이며 불완전/재명명 가능. GPT 역할 표지 경계 사용; 표지 유실 구간 미확정. 입력 초기값 출처 및 사건 분류는 이 점검에서 입증하지 않음,아니오,,PDFium second extraction; role boundaries from reviewed records,True,False
PDFIUM-GPT-08-N-00018,GPT-08,runs/raw_logs/GPT-4o/GPT_시뮬레이션 V8.pdf,5,1,Most Plausible Path,Soviet Union,Public_Opinion,VDM-CLAMP,명시 산술의 내부 일관성,명시 수식×변수,준수,-0.02,-0.02,public_opinion: -0.02 + 0.00 = -0.02,명시 산식 -0.02 + 0.00 = -0.02; 변화량 합계로 계산; 초기값/효과 선택의 정당성과 별개.,Python Decimal; 원문 명시값만,실제 입력 첨부 바이트는 미확인; 보존 VDM과 조건부 대조. 턴·분기는 명시 제목 기반 파싱이며 불완전/재명명 가능. GPT 역할 표지 경계 사용; 표지 유실 구간 미확정. 입력 초기값 출처 및 사건 분류는 이 점검에서 입증하지 않음,아니오,,PDFium second extraction; role boundaries from reviewed records,True,False
PDFIUM-GPT-08-N-00019,GPT-08,runs/raw_logs/GPT-4o/GPT_시뮬레이션 V8.pdf,5,1,Most Plausible Path,Soviet Union,Leadership_Unity,VDM-CLAMP,명시 산술의 내부 일관성,명시 수식×변수,준수,-0.05,-0.05,leadership_unity: -0.05 + 0.00 = -0.05,명시 산식 -0.05 + 0.00 = -0.05; 변화량 합계로 계산; 초기값/효과 선택의 정당성과 별개.,Python Decimal; 원문 명시값만,실제 입력 첨부 바이트는 미확인; 보존 VDM과 조건부 대조. 턴·분기는 명시 제목 기반 파싱이며 불완전/재명명 가능. GPT 역할 표지 경계 사용; 표지 유실 구간 미확정. 입력 초기값 출처 및 사건 분류는 이 점검에서 입증하지 않음,아니오,,PDFium second extraction; role boundaries from reviewed records,True,False
PDFIUM-GPT-08-N-00034,GPT-08,runs/raw_logs/GPT-4o/GPT_시뮬레이션 V8.pdf,6,1,Hardline Response Path,Soviet Union,Tension,VDM-CLAMP,명시 산술의 내부 일관성,명시 수식×변수,준수,0.6,0.6,tension: +0.15 + 0.45 = +0.60,명시 산식 +0.15 + 0.45 = 0.6; 변화량 합계로 계산; 초기값/효과 선택의 정당성과 별개.,Python Decimal; 원문 명시값만,실제 입력 첨부 바이트는 미확인; 보존 VDM과 조건부 대조. 턴·분기는 명시 제목 기반 파싱이며 불완전/재명명 가능. GPT 역할 표지 경계 사용; 표지 유실 구간 미확정. 입력 초기값 출처 및 사건 분류는 이 점검에서 입증하지 않음,아니오,,PDFium second extraction; role boundaries from reviewed records,True,False
PDFIUM-GPT-08-N-00035,GPT-08,runs/raw_logs/GPT-4o/GPT_시뮬레이션 V8.pdf,6,1,Hardline Response Path,Soviet Union,Diplomatic_Support,VDM-CLAMP,명시 산술의 내부 일관성,명시 수식×변수,준수,-0.05,-0.05,diplomatic_support: -0.05 + 0.00 = -0.05,명시 산식 -0.05 + 0.00 = -0.05; 변화량 합계로 계산; 초기값/효과 선택의 정당성과 별개.,Python Decimal; 원문 명시값만,실제 입력 첨부 바이트는 미확인; 보존 VDM과 조건부 대조. 턴·분기는 명시 제목 기반 파싱이며 불완전/재명명 가능. GPT 역할 표지 경계 사용; 표지 유실 구간 미확정. 입력 초기값 출처 및 사건 분류는 이 점검에서 입증하지 않음,아니오,,PDFium second extraction; role boundaries from reviewed records,True,False
PDFIUM-GPT-08-N-00036,GPT-08,runs/raw_logs/GPT-4o/GPT_시뮬레이션 V8.pdf,6,1,Hardline Response Path,Soviet Union,Public_Opinion,VDM-CLAMP,명시 산술의 내부 일관성,명시 수식×변수,준수,-0.05,-0.05,public_opinion: -0.05 + 0.00 = -0.05,명시 산식 -0.05 + 0.00 = -0.05; 변화량 합계로 계산; 초기값/효과 선택의 정당성과 별개.,Python Decimal; 원문 명시값만,실제 입력 첨부 바이트는 미확인; 보존 VDM과 조건부 대조. 턴·분기는 명시 제목 기반 파싱이며 불완전/재명명 가능. GPT 역할 표지 경계 사용; 표지 유실 구간 미확정. 입력 초기값 출처 및 사건 분류는 이 점검에서 입증하지 않음,아니오,,PDFium second extraction; role boundaries from reviewed records,True,False
PDFIUM-GPT-08-N-00037,GPT-08,runs/raw_logs/GPT-4o/GPT_시뮬레이션 V8.pdf,6,1,Hardline Response Path,Soviet Union,Leadership_Unity,VDM-CLAMP,명시 산술의 내부 일관성,명시 수식×변수,준수,0.55,0.55,leadership_unity: -0.10 + 0.65 = +0.55,명시 산식 -0.10 + 0.65 = 0.55; 변화량 합계로 계산; 초기값/효과 선택의 정당성과 별개.,Python Decimal; 원문 명시값만,실제 입력 첨부 바이트는 미확인; 보존 VDM과 조건부 대조. 턴·분기는 명시 제목 기반 파싱이며 불완전/재명명 가능. GPT 역할 표지 경계 사용; 표지 유실 구간 미확정. 입력 초기값 출처 및 사건 분류는 이 점검에서 입증하지 않음,아니오,,PDFium second extraction; role boundaries from reviewed records,True,False
PDFIUM-GPT-08-N-00052,GPT-08,runs/raw_logs/GPT-4o/GPT_시뮬레이션 V8.pdf,7,1,Diplomatic Resolution Path,Soviet Union,Tension,VDM-CLAMP,명시 산술의 내부 일관성,명시 수식×변수,준수,-0.1,-0.1,tension: -0.05 - 0.05 = -0.10,명시 산식 -0.05 - 0.05 = -0.1; 변화량 합계로 계산; 초기값/효과 선택의 정당성과 별개.,Python Decimal; 원문 명시값만,실제 입력 첨부 바이트는 미확인; 보존 VDM과 조건부 대조. 턴·분기는 명시 제목 기반 파싱이며 불완전/재명명 가능. GPT 역할 표지 경계 사용; 표지 유실 구간 미확정. 입력 초기값 출처 및 사건 분류는 이 점검에서 입증하지 않음,아니오,,PDFium second extraction; role boundaries from reviewed records,True,False
PDFIUM-GPT-08-N-00053,GPT-08,runs/raw_logs/GPT-4o/GPT_시뮬레이션 V8.pdf,7,1,Diplomatic Resolution Path,Soviet Union,Diplomatic_Support,VDM-CLAMP,명시 산술의 내부 일관성,명시 수식×변수,준수,0.2,0.2,diplomatic_support: +0.10 + 0.10 = +0.20,명시 산식 +0.10 + 0.10 = 0.2; 변화량 합계로 계산; 초기값/효과 선택의 정당성과 별개.,Python Decimal; 원문 명시값만,실제 입력 첨부 바이트는 미확인; 보존 VDM과 조건부 대조. 턴·분기는 명시 제목 기반 파싱이며 불완전/재명명 가능. GPT 역할 표지 경계 사용; 표지 유실 구간 미확정. 입력 초기값 출처 및 사건 분류는 이 점검에서 입증하지 않음,아니오,,PDFium second extraction; role boundaries from reviewed records,True,False
PDFIUM-GPT-08-N-00054,GPT-08,runs/raw_logs/GPT-4o/GPT_시뮬레이션 V8.pdf,7,1,Diplomatic Resolution Path,Soviet Union,Public_Opinion,VDM-CLAMP,명시 산술의 내부 일관성,명시 수식×변수,준수,0.1,0.1,public_opinion: +0.05 + 0.05 = +0.10,명시 산식 +0.05 + 0.05 = 0.1; 변화량 합계로 계산; 초기값/효과 선택의 정당성과 별개.,Python Decimal; 원문 명시값만,실제 입력 첨부 바이트는 미확인; 보존 VDM과 조건부 대조. 턴·분기는 명시 제목 기반 파싱이며 불완전/재명명 가능. GPT 역할 표지 경계 사용; 표지 유실 구간 미확정. 입력 초기값 출처 및 사건 분류는 이 점검에서 입증하지 않음,아니오,,PDFium second extraction; role boundaries from reviewed records,True,False
PDFIUM-GPT-08-N-00055,GPT-08,runs/raw_logs/GPT-4o/GPT_시뮬레이션 V8.pdf,7,1,Diplomatic Resolution Path,Soviet Union,Leadership_Unity,VDM-CLAMP,명시 산술의 내부 일관성,명시 수식×변수,준수,0.1,0.1,leadership_unity: +0.05 + 0.05 = +0.10,명시 산식 +0.05 + 0.05 = 0.1; 변화량 합계로 계산; 초기값/효과 선택의 정당성과 별개.,Python Decimal; 원문 명시값만,실제 입력 첨부 바이트는 미확인; 보존 VDM과 조건부 대조. 턴·분기는 명시 제목 기반 파싱이며 불완전/재명명 가능. GPT 역할 표지 경계 사용; 표지 유실 구간 미확정. 입력 초기값 출처 및 사건 분류는 이 점검에서 입증하지 않음,아니오,,PDFium second extraction; role boundaries from reviewed records,True,False
PDFIUM-GPT-08-N-00133,GPT-08,runs/raw_logs/GPT-4o/GPT_시뮬레이션 V8.pdf,20,4,SCENARIO 1,,Tension,VDM-CLAMP,명시 산술의 내부 일관성,명시 수식×변수,판정 불가,1.00 → (+0.10 - 0.05) → 1.00,,tension: 1.00 → (+0.10 - 0.05) → 1.00,보고 결과와 완전한 수식 경계가 없음,Python Decimal; 원문 명시값만,실제 입력 첨부 바이트는 미확인; 보존 VDM과 조건부 대조. 턴·분기는 명시 제목 기반 파싱이며 불완전/재명명 가능. GPT 역할 표지 경계 사용; 표지 유실 구간 미확정. ,예,,PDFium second extraction; role boundaries from reviewed records,True,False
PDFIUM-GPT-08-N-00134,GPT-08,runs/raw_logs/GPT-4o/GPT_시뮬레이션 V8.pdf,20,4,SCENARIO 1,,Diplomatic_Support,VDM-CLAMP,명시 산술의 내부 일관성,명시 수식×변수,판정 불가,0.31 → (-0.10 + 0.10) → 0.31,,diplomatic_support: 0.31 → (-0.10 + 0.10) → 0.31,보고 결과와 완전한 수식 경계가 없음,Python Decimal; 원문 명시값만,실제 입력 첨부 바이트는 미확인; 보존 VDM과 조건부 대조. 턴·분기는 명시 제목 기반 파싱이며 불완전/재명명 가능. GPT 역할 표지 경계 사용; 표지 유실 구간 미확정. ,예,,PDFium second extraction; role boundaries from reviewed records,True,False
PDFIUM-GPT-09-N-00032,GPT-09,runs/raw_logs/GPT-4o/GPT_시뮬레이션 V9.pdf,8,1,Hardline Response Path,Soviet Union,Tension,VDM-CLAMP,명시 산술의 내부 일관성,명시 수식×변수,준수,0.6,0.6,Tension: 0.15 + 0.45 = +0.60 → Cumulative Tension likely exceeds 0.8 threshold,"명시 산식 0.15 + 0.45 = 0.6; 상태값은 VDM max(0,min(1,value))로 계산; 초기값/효과 선택의 정당성과 별개.",Python Decimal; 원문 명시값만,실제 입력 첨부 바이트는 미확인; 보존 VDM과 조건부 대조. 턴·분기는 명시 제목 기반 파싱이며 불완전/재명명 가능. GPT 역할 표지 경계 사용; 표지 유실 구간 미확정. 입력 초기값 출처 및 사건 분류는 이 점검에서 입증하지 않음,아니오,,PDFium second extraction; role boundaries from reviewed records,True,False
PDFIUM-GPT-09-N-00040,GPT-09,runs/raw_logs/GPT-4o/GPT_시뮬레이션 V9.pdf,11,2,Most Plausible Path,,Tension,VDM-CLAMP,명시 산술의 내부 일관성,명시 수식×변수,준수,0.55,0.55,Tension = 0.50 + 0.05 = 0.55 → Below 0.8 threshold,"명시 산식 0.50 + 0.05 = 0.55; 상태값은 VDM max(0,min(1,value))로 계산; 초기값/효과 선택의 정당성과 별개.",Python Decimal; 원문 명시값만,실제 입력 첨부 바이트는 미확인; 보존 VDM과 조건부 대조. 턴·분기는 명시 제목 기반 파싱이며 불완전/재명명 가능. GPT 역할 표지 경계 사용; 표지 유실 구간 미확정. 입력 초기값 출처 및 사건 분류는 이 점검에서 입증하지 않음,아니오,,PDFium second extraction; role boundaries from reviewed records,True,False
PDFIUM-GPT-09-N-00061,GPT-09,runs/raw_logs/GPT-4o/GPT_시뮬레이션 V9.pdf,14,2,Hardline Response Path,Soviet Union,Tension,VDM-CLAMP,명시 산술의 내부 일관성,명시 수식×변수,준수,1,1,Tension 0.90 + 0.75 = 1.65 → Clamped to 1.00,"명시 산식 0.90 + 0.75 = 1.65; 상태값은 VDM max(0,min(1,value))로 계산; 초기값/효과 선택의 정당성과 별개.",Python Decimal; 원문 명시값만,실제 입력 첨부 바이트는 미확인; 보존 VDM과 조건부 대조. 턴·분기는 명시 제목 기반 파싱이며 불완전/재명명 가능. GPT 역할 표지 경계 사용; 표지 유실 구간 미확정. 입력 초기값 출처 및 사건 분류는 이 점검에서 입증하지 않음,아니오,,PDFium second extraction; role boundaries from reviewed records,True,False
PDFIUM-GPT-09-N-00110,GPT-09,runs/raw_logs/GPT-4o/GPT_시뮬레이션 V9.pdf,24,4,Diplomatic Resolution Path],,Tension,VDM-CLAMP,명시 산술의 내부 일관성,명시 수식×변수,위반,-0.3,0,tension: -0.20 -0.10 = -0.30,"명시 산식 -0.20 -0.10 = -0.3; 상태값은 VDM max(0,min(1,value))로 계산; 초기값/효과 선택의 정당성과 별개.",Python Decimal; 원문 명시값만,실제 입력 첨부 바이트는 미확인; 보존 VDM과 조건부 대조. 턴·분기는 명시 제목 기반 파싱이며 불완전/재명명 가능. GPT 역할 표지 경계 사용; 표지 유실 구간 미확정. 입력 초기값 출처 및 사건 분류는 이 점검에서 입증하지 않음,아니오,,PDFium second extraction; role boundaries from reviewed records,True,False
PDFIUM-GPT-11-N-00007,GPT-11,runs/raw_logs/GPT-4o/GPT_시뮬레이션 V11.pdf,5,1,Most Plausible Path],,Tension,VDM-CLAMP,명시 산술의 내부 일관성,명시 수식×변수,준수,0.95,0.95,tension:+0.50 (US) + 0.45 (USSR) = 0.95,명시 산식 +0.50 + 0.45 = 0.95; 변화량 합계로 계산; 초기값/효과 선택의 정당성과 별개.,Python Decimal; 원문 명시값만,실제 입력 첨부 바이트는 미확인; 보존 VDM과 조건부 대조. 턴·분기는 명시 제목 기반 파싱이며 불완전/재명명 가능. GPT 역할 표지 경계 사용; 표지 유실 구간 미확정. 입력 초기값 출처 및 사건 분류는 이 점검에서 입증하지 않음,아니오,,PDFium second extraction; role boundaries from reviewed records,True,False
PDFIUM-GPT-11-N-00012,GPT-11,runs/raw_logs/GPT-4o/GPT_시뮬레이션 V11.pdf,5,1,Most Plausible Path],,Leadership_Unity,VDM-CLAMP,명시 산술의 내부 일관성,명시 수식×변수,준수,0.6,0.6,leadership_unity:-0.05 (US) + 0.65 (USSR) = 0.60,"명시 산식 -0.05 + 0.65 = 0.6; 상태값은 VDM max(0,min(1,value))로 계산; 초기값/효과 선택의 정당성과 별개.",Python Decimal; 원문 명시값만,실제 입력 첨부 바이트는 미확인; 보존 VDM과 조건부 대조. 턴·분기는 명시 제목 기반 파싱이며 불완전/재명명 가능. GPT 역할 표지 경계 사용; 표지 유실 구간 미확정. 입력 초기값 출처 및 사건 분류는 이 점검에서 입증하지 않음,아니오,,PDFium second extraction; role boundaries from reviewed records,True,False
PDFIUM-GPT-11-N-00029,GPT-11,runs/raw_logs/GPT-4o/GPT_시뮬레이션 V11.pdf,6,1,Hardline Response Path],,Tension,VDM-CLAMP,명시 산술의 내부 일관성,명시 수식×변수,준수,0.6,0.6,tension:+0.15 (US) + 0.45 (USSR) = 0.60,명시 산식 +0.15 + 0.45 = 0.6; 변화량 합계로 계산; 초기값/효과 선택의 정당성과 별개.,Python Decimal; 원문 명시값만,실제 입력 첨부 바이트는 미확인; 보존 VDM과 조건부 대조. 턴·분기는 명시 제목 기반 파싱이며 불완전/재명명 가능. GPT 역할 표지 경계 사용; 표지 유실 구간 미확정. 입력 초기값 출처 및 사건 분류는 이 점검에서 입증하지 않음,아니오,,PDFium second extraction; role boundaries from reviewed records,True,False
PDFIUM-GPT-11-N-00034,GPT-11,runs/raw_logs/GPT-4o/GPT_시뮬레이션 V11.pdf,7,1,Hardline Response Path],,Leadership_Unity,VDM-CLAMP,명시 산술의 내부 일관성,명시 수식×변수,준수,0.55,0.55,leadership_unity:-0.10 (US) + 0.65 (USSR) = 0.55,"명시 산식 -0.10 + 0.65 = 0.55; 상태값은 VDM max(0,min(1,value))로 계산; 초기값/효과 선택의 정당성과 별개.",Python Decimal; 원문 명시값만,실제 입력 첨부 바이트는 미확인; 보존 VDM과 조건부 대조. 턴·분기는 명시 제목 기반 파싱이며 불완전/재명명 가능. GPT 역할 표지 경계 사용; 표지 유실 구간 미확정. 입력 초기값 출처 및 사건 분류는 이 점검에서 입증하지 않음,아니오,,PDFium second extraction; role boundaries from reviewed records,True,False
PDFIUM-GPT-11-N-00043,GPT-11,runs/raw_logs/GPT-4o/GPT_시뮬레이션 V11.pdf,9,2,Most Plausible Path],,Tension,VDM-CLAMP,명시 산술의 내부 일관성,명시 수식×변수,준수,1,1,tension: 0.95 + 0.05 + 0.45 = 1.00 (clamped),"명시 산식 0.95 + 0.05 + 0.45 = 1.45; 상태값은 VDM max(0,min(1,value))로 계산; 초기값/효과 선택의 정당성과 별개.",Python Decimal; 원문 명시값만,실제 입력 첨부 바이트는 미확인; 보존 VDM과 조건부 대조. 턴·분기는 명시 제목 기반 파싱이며 불완전/재명명 가능. GPT 역할 표지 경계 사용; 표지 유실 구간 미확정. 입력 초기값 출처 및 사건 분류는 이 점검에서 입증하지 않음,아니오,,PDFium second extraction; role boundaries from reviewed records,True,False
PDFIUM-GPT-11-N-00046,GPT-11,runs/raw_logs/GPT-4o/GPT_시뮬레이션 V11.pdf,9,2,Most Plausible Path],,Diplomatic_Support,VDM-CLAMP,명시 산술의 내부 일관성,명시 수식×변수,준수,0,0,diplomatic_support: -0.02 - 0.02 = -0.04 (clamped to 0),"명시 산식 -0.02 - 0.02 = -0.04; 상태값은 VDM max(0,min(1,value))로 계산; 초기값/효과 선택의 정당성과 별개.",Python Decimal; 원문 명시값만,실제 입력 첨부 바이트는 미확인; 보존 VDM과 조건부 대조. 턴·분기는 명시 제목 기반 파싱이며 불완전/재명명 가능. GPT 역할 표지 경계 사용; 표지 유실 구간 미확정. 입력 초기값 출처 및 사건 분류는 이 점검에서 입증하지 않음,아니오,,PDFium second extraction; role boundaries from reviewed records,True,False
PDFIUM-GPT-11-N-00049,GPT-11,runs/raw_logs/GPT-4o/GPT_시뮬레이션 V11.pdf,9,2,Most Plausible Path],,Public_Opinion,VDM-CLAMP,명시 산술의 내부 일관성,명시 수식×변수,준수,0,0,public_opinion: -0.02 - 0.02 = -0.04 (clamped to 0),"명시 산식 -0.02 - 0.02 = -0.04; 상태값은 VDM max(0,min(1,value))로 계산; 초기값/효과 선택의 정당성과 별개.",Python Decimal; 원문 명시값만,실제 입력 첨부 바이트는 미확인; 보존 VDM과 조건부 대조. 턴·분기는 명시 제목 기반 파싱이며 불완전/재명명 가능. GPT 역할 표지 경계 사용; 표지 유실 구간 미확정. 입력 초기값 출처 및 사건 분류는 이 점검에서 입증하지 않음,아니오,,PDFium second extraction; role boundaries from reviewed records,True,False
PDFIUM-GPT-11-N-00052,GPT-11,runs/raw_logs/GPT-4o/GPT_시뮬레이션 V11.pdf,9,2,Most Plausible Path],,Leadership_Unity,VDM-CLAMP,명시 산술의 내부 일관성,명시 수식×변수,준수,1,1,leadership_unity: 0.60 - 0.05 + 0.65 = 1.20 → clamped to 1.00,"명시 산식 0.60 - 0.05 + 0.65 = 1.2; 상태값은 VDM max(0,min(1,value))로 계산; 초기값/효과 선택의 정당성과 별개.",Python Decimal; 원문 명시값만,실제 입력 첨부 바이트는 미확인; 보존 VDM과 조건부 대조. 턴·분기는 명시 제목 기반 파싱이며 불완전/재명명 가능. GPT 역할 표지 경계 사용; 표지 유실 구간 미확정. 입력 초기값 출처 및 사건 분류는 이 점검에서 입증하지 않음,아니오,,PDFium second extraction; role boundaries from reviewed records,True,False
PDFIUM-GPT-11-N-00063,GPT-11,runs/raw_logs/GPT-4o/GPT_시뮬레이션 V11.pdf,10,2,Diplomatic Resolution,,Tension,VDM-CLAMP,명시 산술의 내부 일관성,명시 수식×변수,준수,0,0,tension: 0.00 - 0.05 - 0.05 = 0.00 (clamped),"명시 산식 0.00 - 0.05 - 0.05 = -0.1; 상태값은 VDM max(0,min(1,value))로 계산; 초기값/효과 선택의 정당성과 별개.",Python Decimal; 원문 명시값만,실제 입력 첨부 바이트는 미확인; 보존 VDM과 조건부 대조. 턴·분기는 명시 제목 기반 파싱이며 불완전/재명명 가능. GPT 역할 표지 경계 사용; 표지 유실 구간 미확정. 입력 초기값 출처 및 사건 분류는 이 점검에서 입증하지 않음,아니오,,PDFium second extraction; role boundaries from reviewed records,True,False
PDFIUM-GPT-11-N-00066,GPT-11,runs/raw_logs/GPT-4o/GPT_시뮬레이션 V11.pdf,10,2,Diplomatic Resolution,,Diplomatic_Support,VDM-CLAMP,명시 산술의 내부 일관성,명시 수식×변수,준수,0.2,0.2,diplomatic_support: 0.00 + 0.10 + 0.10 = 0.20,"명시 산식 0.00 + 0.10 + 0.10 = 0.2; 상태값은 VDM max(0,min(1,value))로 계산; 초기값/효과 선택의 정당성과 별개.",Python Decimal; 원문 명시값만,실제 입력 첨부 바이트는 미확인; 보존 VDM과 조건부 대조. 턴·분기는 명시 제목 기반 파싱이며 불완전/재명명 가능. GPT 역할 표지 경계 사용; 표지 유실 구간 미확정. 입력 초기값 출처 및 사건 분류는 이 점검에서 입증하지 않음,아니오,,PDFium second extraction; role boundaries from reviewed records,True,False
PDFIUM-GPT-11-N-00069,GPT-11,runs/raw_logs/GPT-4o/GPT_시뮬레이션 V11.pdf,10,2,Diplomatic Resolution,,Public_Opinion,VDM-CLAMP,명시 산술의 내부 일관성,명시 수식×변수,준수,0.1,0.1,public_opinion: 0.00 + 0.05 + 0.05 = 0.10,"명시 산식 0.00 + 0.05 + 0.05 = 0.1; 상태값은 VDM max(0,min(1,value))로 계산; 초기값/효과 선택의 정당성과 별개.",Python Decimal; 원문 명시값만,실제 입력 첨부 바이트는 미확인; 보존 VDM과 조건부 대조. 턴·분기는 명시 제목 기반 파싱이며 불완전/재명명 가능. GPT 역할 표지 경계 사용; 표지 유실 구간 미확정. 입력 초기값 출처 및 사건 분류는 이 점검에서 입증하지 않음,아니오,,PDFium second extraction; role boundaries from reviewed records,True,False
PDFIUM-GPT-11-N-00072,GPT-11,runs/raw_logs/GPT-4o/GPT_시뮬레이션 V11.pdf,10,2,Diplomatic Resolution,,Leadership_Unity,VDM-CLAMP,명시 산술의 내부 일관성,명시 수식×변수,준수,0.1,0.1,leadership_unity: 0.00 + 0.05 + 0.05 = 0.10,"명시 산식 0.00 + 0.05 + 0.05 = 0.1; 상태값은 VDM max(0,min(1,value))로 계산; 초기값/효과 선택의 정당성과 별개.",Python Decimal; 원문 명시값만,실제 입력 첨부 바이트는 미확인; 보존 VDM과 조건부 대조. 턴·분기는 명시 제목 기반 파싱이며 불완전/재명명 가능. GPT 역할 표지 경계 사용; 표지 유실 구간 미확정. 입력 초기값 출처 및 사건 분류는 이 점검에서 입증하지 않음,아니오,,PDFium second extraction; role boundaries from reviewed records,True,False
PDFIUM-GPT-11-N-00081,GPT-11,runs/raw_logs/GPT-4o/GPT_시뮬레이션 V11.pdf,11,2,Hardline Response Path],Soviet Union,Tension,VDM-CLAMP,명시 산술의 내부 일관성,명시 수식×변수,준수,1.2,1.2,Tension = 0.60 + 0.15 + 0.45 = 1.20 → Military Conflict Risk Increased,명시 산식 0.60 + 0.15 + 0.45 = 1.2; 변화량 합계로 계산; 초기값/효과 선택의 정당성과 별개.,Python Decimal; 원문 명시값만,실제 입력 첨부 바이트는 미확인; 보존 VDM과 조건부 대조. 턴·분기는 명시 제목 기반 파싱이며 불완전/재명명 가능. GPT 역할 표지 경계 사용; 표지 유실 구간 미확정. 입력 초기값 출처 및 사건 분류는 이 점검에서 입증하지 않음,아니오,,PDFium second extraction; role boundaries from reviewed records,True,False
PDFIUM-GPT-11-N-00082,GPT-11,runs/raw_logs/GPT-4o/GPT_시뮬레이션 V11.pdf,11,2,Hardline Response Path],Soviet Union,Diplomatic_Support,VDM-CLAMP,명시 산술의 내부 일관성,명시 수식×변수,준수,-0.1,-0.1,Diplomatic Support = -0.05 - 0.05 = -0.10 → Diplomatic Isolation,명시 산식 -0.05 - 0.05 = -0.1; 변화량 합계로 계산; 초기값/효과 선택의 정당성과 별개.,Python Decimal; 원문 명시값만,실제 입력 첨부 바이트는 미확인; 보존 VDM과 조건부 대조. 턴·분기는 명시 제목 기반 파싱이며 불완전/재명명 가능. GPT 역할 표지 경계 사용; 표지 유실 구간 미확정. 입력 초기값 출처 및 사건 분류는 이 점검에서 입증하지 않음,아니오,,PDFium second extraction; role boundaries from reviewed records,True,False
PDFIUM-GPT-11-N-00083,GPT-11,runs/raw_logs/GPT-4o/GPT_시뮬레이션 V11.pdf,11,2,Hardline Response Path],Soviet Union,Public_Opinion,VDM-CLAMP,명시 산술의 내부 일관성,명시 수식×변수,준수,-0.1,-0.1,"Public Opinion = -0.05 - 0.05 = -0.10 → Civil Unrest, Chaos",명시 산식 -0.05 - 0.05 = -0.1; 변화량 합계로 계산; 초기값/효과 선택의 정당성과 별개.,Python Decimal; 원문 명시값만,실제 입력 첨부 바이트는 미확인; 보존 VDM과 조건부 대조. 턴·분기는 명시 제목 기반 파싱이며 불완전/재명명 가능. GPT 역할 표지 경계 사용; 표지 유실 구간 미확정. 입력 초기값 출처 및 사건 분류는 이 점검에서 입증하지 않음,아니오,,PDFium second extraction; role boundaries from reviewed records,True,False
PDFIUM-GPT-11-N-00084,GPT-11,runs/raw_logs/GPT-4o/GPT_시뮬레이션 V11.pdf,11,2,Hardline Response Path],Soviet Union,Leadership_Unity,VDM-CLAMP,명시 산술의 내부 일관성,명시 수식×변수,준수,1,1,Leadership Unity = 0.55 - 0.10 + 0.65 = 1.10 → clamped to 1.00,"명시 산식 0.55 - 0.10 + 0.65 = 1.1; 상태값은 VDM max(0,min(1,value))로 계산; 초기값/효과 선택의 정당성과 별개.",Python Decimal; 원문 명시값만,실제 입력 첨부 바이트는 미확인; 보존 VDM과 조건부 대조. 턴·분기는 명시 제목 기반 파싱이며 불완전/재명명 가능. GPT 역할 표지 경계 사용; 표지 유실 구간 미확정. 입력 초기값 출처 및 사건 분류는 이 점검에서 입증하지 않음,아니오,,PDFium second extraction; role boundaries from reviewed records,True,False
PDFIUM-GPT-11-N-00095,GPT-11,runs/raw_logs/GPT-4o/GPT_시뮬레이션 V11.pdf,14,3,Most Plausible Path],,Diplomatic_Support,VDM-CLAMP,명시 산술의 내부 일관성,명시 수식×변수,준수,0,0,diplomatic_support: 0.00 - 0.02 = 0.00 (clamped),"명시 산식 0.00 - 0.02 = -0.02; 상태값은 VDM max(0,min(1,value))로 계산; 초기값/효과 선택의 정당성과 별개.",Python Decimal; 원문 명시값만,실제 입력 첨부 바이트는 미확인; 보존 VDM과 조건부 대조. 턴·분기는 명시 제목 기반 파싱이며 불완전/재명명 가능. GPT 역할 표지 경계 사용; 표지 유실 구간 미확정. 입력 초기값 출처 및 사건 분류는 이 점검에서 입증하지 않음,아니오,,PDFium second extraction; role boundaries from reviewed records,True,False
PDFIUM-GPT-11-N-00098,GPT-11,runs/raw_logs/GPT-4o/GPT_시뮬레이션 V11.pdf,14,3,Most Plausible Path],,Public_Opinion,VDM-CLAMP,명시 산술의 내부 일관성,명시 수식×변수,준수,0,0,public_opinion: 0.00 - 0.02 = 0.00 (clamped),"명시 산식 0.00 - 0.02 = -0.02; 상태값은 VDM max(0,min(1,value))로 계산; 초기값/효과 선택의 정당성과 별개.",Python Decimal; 원문 명시값만,실제 입력 첨부 바이트는 미확인; 보존 VDM과 조건부 대조. 턴·분기는 명시 제목 기반 파싱이며 불완전/재명명 가능. GPT 역할 표지 경계 사용; 표지 유실 구간 미확정. 입력 초기값 출처 및 사건 분류는 이 점검에서 입증하지 않음,아니오,,PDFium second extraction; role boundaries from reviewed records,True,False
PDFIUM-GPT-11-N-00101,GPT-11,runs/raw_logs/GPT-4o/GPT_시뮬레이션 V11.pdf,14,3,Most Plausible Path],,Leadership_Unity,VDM-CLAMP,명시 산술의 내부 일관성,명시 수식×변수,준수,1,1,leadership_unity: 1.00 - 0.05 + 0.65 = 1.60 → clamped to 1.00,"명시 산식 1.00 - 0.05 + 0.65 = 1.6; 상태값은 VDM max(0,min(1,value))로 계산; 초기값/효과 선택의 정당성과 별개.",Python Decimal; 원문 명시값만,실제 입력 첨부 바이트는 미확인; 보존 VDM과 조건부 대조. 턴·분기는 명시 제목 기반 파싱이며 불완전/재명명 가능. GPT 역할 표지 경계 사용; 표지 유실 구간 미확정. 입력 초기값 출처 및 사건 분류는 이 점검에서 입증하지 않음,아니오,,PDFium second extraction; role boundaries from reviewed records,True,False
PDFIUM-GPT-11-N-00118,GPT-11,runs/raw_logs/GPT-4o/GPT_시뮬레이션 V11.pdf,17,3,Hardline Response Path],,Leadership_Unity,VDM-CLAMP,명시 산술의 내부 일관성,명시 수식×변수,준수,1,1,leadership_unity: 1.00 - 0.10 + 0.65 = 1.55 → clamped to 1.00,"명시 산식 1.00 - 0.10 + 0.65 = 1.55; 상태값은 VDM max(0,min(1,value))로 계산; 초기값/효과 선택의 정당성과 별개.",Python Decimal; 원문 명시값만,실제 입력 첨부 바이트는 미확인; 보존 VDM과 조건부 대조. 턴·분기는 명시 제목 기반 파싱이며 불완전/재명명 가능. GPT 역할 표지 경계 사용; 표지 유실 구간 미확정. 입력 초기값 출처 및 사건 분류는 이 점검에서 입증하지 않음,아니오,,PDFium second extraction; role boundaries from reviewed records,True,False
PDFIUM-GPT-11-N-00121,GPT-11,runs/raw_logs/GPT-4o/GPT_시뮬레이션 V11.pdf,19,4,Most Plausible Path],,Tension,VDM-CLAMP,명시 산술의 내부 일관성,명시 수식×변수,준수,1,1,tension: 1.00 + 0.15 = 1.15 → clamped to 1.00,"명시 산식 1.00 + 0.15 = 1.15; 상태값은 VDM max(0,min(1,value))로 계산; 초기값/효과 선택의 정당성과 별개.",Python Decimal; 원문 명시값만,실제 입력 첨부 바이트는 미확인; 보존 VDM과 조건부 대조. 턴·분기는 명시 제목 기반 파싱이며 불완전/재명명 가능. GPT 역할 표지 경계 사용; 표지 유실 구간 미확정. 입력 초기값 출처 및 사건 분류는 이 점검에서 입증하지 않음,아니오,,PDFium second extraction; role boundaries from reviewed records,True,False
PDFIUM-GPT-11-N-00124,GPT-11,runs/raw_logs/GPT-4o/GPT_시뮬레이션 V11.pdf,19,4,Most Plausible Path],,Diplomatic_Support,VDM-CLAMP,명시 산술의 내부 일관성,명시 수식×변수,준수,0,0,diplomatic_support: 0.00 - 0.05 = 0.00 (clamped),"명시 산식 0.00 - 0.05 = -0.05; 상태값은 VDM max(0,min(1,value))로 계산; 초기값/효과 선택의 정당성과 별개.",Python Decimal; 원문 명시값만,실제 입력 첨부 바이트는 미확인; 보존 VDM과 조건부 대조. 턴·분기는 명시 제목 기반 파싱이며 불완전/재명명 가능. GPT 역할 표지 경계 사용; 표지 유실 구간 미확정. 입력 초기값 출처 및 사건 분류는 이 점검에서 입증하지 않음,아니오,,PDFium second extraction; role boundaries from reviewed records,True,False
PDFIUM-GPT-11-N-00127,GPT-11,runs/raw_logs/GPT-4o/GPT_시뮬레이션 V11.pdf,19,4,Most Plausible Path],,Public_Opinion,VDM-CLAMP,명시 산술의 내부 일관성,명시 수식×변수,준수,0,0,public_opinion: 0.00 - 0.05 = 0.00 (clamped),"명시 산식 0.00 - 0.05 = -0.05; 상태값은 VDM max(0,min(1,value))로 계산; 초기값/효과 선택의 정당성과 별개.",Python Decimal; 원문 명시값만,실제 입력 첨부 바이트는 미확인; 보존 VDM과 조건부 대조. 턴·분기는 명시 제목 기반 파싱이며 불완전/재명명 가능. GPT 역할 표지 경계 사용; 표지 유실 구간 미확정. 입력 초기값 출처 및 사건 분류는 이 점검에서 입증하지 않음,아니오,,PDFium second extraction; role boundaries from reviewed records,True,False
PDFIUM-GPT-11-N-00130,GPT-11,runs/raw_logs/GPT-4o/GPT_시뮬레이션 V11.pdf,19,4,Most Plausible Path],,Leadership_Unity,VDM-CLAMP,명시 산술의 내부 일관성,명시 수식×변수,준수,0.25,0.25,leadership_unity: 1.00 - 0.10 - 0.65 = 0.25,"명시 산식 1.00 - 0.10 - 0.65 = 0.25; 상태값은 VDM max(0,min(1,value))로 계산; 초기값/효과 선택의 정당성과 별개.",Python Decimal; 원문 명시값만,실제 입력 첨부 바이트는 미확인; 보존 VDM과 조건부 대조. 턴·분기는 명시 제목 기반 파싱이며 불완전/재명명 가능. GPT 역할 표지 경계 사용; 표지 유실 구간 미확정. 입력 초기값 출처 및 사건 분류는 이 점검에서 입증하지 않음,아니오,,PDFium second extraction; role boundaries from reviewed records,True,False
PDFIUM-GPT-11-N-00133,GPT-11,runs/raw_logs/GPT-4o/GPT_시뮬레이션 V11.pdf,20,4,Diplomatic Resolution,,Tension,VDM-CLAMP,명시 산술의 내부 일관성,명시 수식×변수,준수,0,0,tension: 0.10 - 0.05 - 0.05 = 0.00 (clamped),"명시 산식 0.10 - 0.05 - 0.05 = 0; 상태값은 VDM max(0,min(1,value))로 계산; 초기값/효과 선택의 정당성과 별개.",Python Decimal; 원문 명시값만,실제 입력 첨부 바이트는 미확인; 보존 VDM과 조건부 대조. 턴·분기는 명시 제목 기반 파싱이며 불완전/재명명 가능. GPT 역할 표지 경계 사용; 표지 유실 구간 미확정. 입력 초기값 출처 및 사건 분류는 이 점검에서 입증하지 않음,아니오,,PDFium second extraction; role boundaries from reviewed records,True,False
PDFIUM-GPT-11-N-00136,GPT-11,runs/raw_logs/GPT-4o/GPT_시뮬레이션 V11.pdf,20,4,Diplomatic Resolution,,Diplomatic_Support,VDM-CLAMP,명시 산술의 내부 일관성,명시 수식×변수,준수,0.3,0.3,diplomatic_support: 0.10 + 0.10 + 0.10 = 0.30,"명시 산식 0.10 + 0.10 + 0.10 = 0.3; 상태값은 VDM max(0,min(1,value))로 계산; 초기값/효과 선택의 정당성과 별개.",Python Decimal; 원문 명시값만,실제 입력 첨부 바이트는 미확인; 보존 VDM과 조건부 대조. 턴·분기는 명시 제목 기반 파싱이며 불완전/재명명 가능. GPT 역할 표지 경계 사용; 표지 유실 구간 미확정. 입력 초기값 출처 및 사건 분류는 이 점검에서 입증하지 않음,아니오,,PDFium second extraction; role boundaries from reviewed records,True,False
PDFIUM-GPT-11-N-00139,GPT-11,runs/raw_logs/GPT-4o/GPT_시뮬레이션 V11.pdf,21,4,Diplomatic Resolution,,Public_Opinion,VDM-CLAMP,명시 산술의 내부 일관성,명시 수식×변수,준수,0.15,0.15,public_opinion: 0.05 + 0.05 + 0.05 = 0.15,"명시 산식 0.05 + 0.05 + 0.05 = 0.15; 상태값은 VDM max(0,min(1,value))로 계산; 초기값/효과 선택의 정당성과 별개.",Python Decimal; 원문 명시값만,실제 입력 첨부 바이트는 미확인; 보존 VDM과 조건부 대조. 턴·분기는 명시 제목 기반 파싱이며 불완전/재명명 가능. GPT 역할 표지 경계 사용; 표지 유실 구간 미확정. 입력 초기값 출처 및 사건 분류는 이 점검에서 입증하지 않음,아니오,,PDFium second extraction; role boundaries from reviewed records,True,False
PDFIUM-GPT-11-N-00142,GPT-11,runs/raw_logs/GPT-4o/GPT_시뮬레이션 V11.pdf,21,4,Diplomatic Resolution,,Leadership_Unity,VDM-CLAMP,명시 산술의 내부 일관성,명시 수식×변수,준수,0.15,0.15,leadership_unity: 0.05 + 0.05 + 0.05 = 0.15,"명시 산식 0.05 + 0.05 + 0.05 = 0.15; 상태값은 VDM max(0,min(1,value))로 계산; 초기값/효과 선택의 정당성과 별개.",Python Decimal; 원문 명시값만,실제 입력 첨부 바이트는 미확인; 보존 VDM과 조건부 대조. 턴·분기는 명시 제목 기반 파싱이며 불완전/재명명 가능. GPT 역할 표지 경계 사용; 표지 유실 구간 미확정. 입력 초기값 출처 및 사건 분류는 이 점검에서 입증하지 않음,아니오,,PDFium second extraction; role boundaries from reviewed records,True,False
PDFIUM-GPT-11-N-00145,GPT-11,runs/raw_logs/GPT-4o/GPT_시뮬레이션 V11.pdf,22,4,Hardline Response Path],,Tension,VDM-CLAMP,명시 산술의 내부 일관성,명시 수식×변수,준수,1,1,tension: 1.00 + 0.15 + 0.45 = 1.60 → clamped to 1.00,"명시 산식 1.00 + 0.15 + 0.45 = 1.6; 상태값은 VDM max(0,min(1,value))로 계산; 초기값/효과 선택의 정당성과 별개.",Python Decimal; 원문 명시값만,실제 입력 첨부 바이트는 미확인; 보존 VDM과 조건부 대조. 턴·분기는 명시 제목 기반 파싱이며 불완전/재명명 가능. GPT 역할 표지 경계 사용; 표지 유실 구간 미확정. 입력 초기값 출처 및 사건 분류는 이 점검에서 입증하지 않음,아니오,,PDFium second extraction; role boundaries from reviewed records,True,False
PDFIUM-GPT-11-N-00148,GPT-11,runs/raw_logs/GPT-4o/GPT_시뮬레이션 V11.pdf,22,4,Hardline Response Path],,Diplomatic_Support,VDM-CLAMP,명시 산술의 내부 일관성,명시 수식×변수,준수,0,0,diplomatic_support: 0.00 - 0.05 = 0.00,"명시 산식 0.00 - 0.05 = -0.05; 상태값은 VDM max(0,min(1,value))로 계산; 초기값/효과 선택의 정당성과 별개.",Python Decimal; 원문 명시값만,실제 입력 첨부 바이트는 미확인; 보존 VDM과 조건부 대조. 턴·분기는 명시 제목 기반 파싱이며 불완전/재명명 가능. GPT 역할 표지 경계 사용; 표지 유실 구간 미확정. 입력 초기값 출처 및 사건 분류는 이 점검에서 입증하지 않음,아니오,,PDFium second extraction; role boundaries from reviewed records,True,False
PDFIUM-GPT-11-N-00151,GPT-11,runs/raw_logs/GPT-4o/GPT_시뮬레이션 V11.pdf,22,4,Hardline Response Path],,Public_Opinion,VDM-CLAMP,명시 산술의 내부 일관성,명시 수식×변수,준수,0,0,public_opinion: 0.00 - 0.05 = 0.00 (clamped),"명시 산식 0.00 - 0.05 = -0.05; 상태값은 VDM max(0,min(1,value))로 계산; 초기값/효과 선택의 정당성과 별개.",Python Decimal; 원문 명시값만,실제 입력 첨부 바이트는 미확인; 보존 VDM과 조건부 대조. 턴·분기는 명시 제목 기반 파싱이며 불완전/재명명 가능. GPT 역할 표지 경계 사용; 표지 유실 구간 미확정. 입력 초기값 출처 및 사건 분류는 이 점검에서 입증하지 않음,아니오,,PDFium second extraction; role boundaries from reviewed records,True,False
PDFIUM-GPT-11-N-00154,GPT-11,runs/raw_logs/GPT-4o/GPT_시뮬레이션 V11.pdf,22,4,Hardline Response Path],,Leadership_Unity,VDM-CLAMP,명시 산술의 내부 일관성,명시 수식×변수,준수,1,1,leadership_unity: 1.00 - 0.10 + 0.65 = 1.55 → clamped to 1.00,"명시 산식 1.00 - 0.10 + 0.65 = 1.55; 상태값은 VDM max(0,min(1,value))로 계산; 초기값/효과 선택의 정당성과 별개.",Python Decimal; 원문 명시값만,실제 입력 첨부 바이트는 미확인; 보존 VDM과 조건부 대조. 턴·분기는 명시 제목 기반 파싱이며 불완전/재명명 가능. GPT 역할 표지 경계 사용; 표지 유실 구간 미확정. 입력 초기값 출처 및 사건 분류는 이 점검에서 입증하지 않음,아니오,,PDFium second extraction; role boundaries from reviewed records,True,False
PDFIUM-GPT-12-N-00022,GPT-12,runs/raw_logs/GPT-4o/GPT_시뮬레이션 V12.pdf,5,1,Most Plausible Path],,Diplomatic_Support,VDM-CLAMP,명시 산술의 내부 일관성,명시 수식×변수,준수,0.58,0.58,diplomatic_support: 0.60 - 0.02 = 0.58,"명시 산식 0.60 - 0.02 = 0.58; 상태값은 VDM max(0,min(1,value))로 계산; 초기값/효과 선택의 정당성과 별개.",Python Decimal; 원문 명시값만,실제 입력 첨부 바이트는 미확인; 보존 VDM과 조건부 대조. 턴·분기는 명시 제목 기반 파싱이며 불완전/재명명 가능. GPT 역할 표지 경계 사용; 표지 유실 구간 미확정. 입력 초기값 출처 및 사건 분류는 이 점검에서 입증하지 않음,아니오,,PDFium second extraction; role boundaries from reviewed records,True,False
PDFIUM-GPT-12-N-00025,GPT-12,runs/raw_logs/GPT-4o/GPT_시뮬레이션 V12.pdf,5,1,Most Plausible Path],,Public_Opinion,VDM-CLAMP,명시 산술의 내부 일관성,명시 수식×변수,준수,0.68,0.68,public_opinion: 0.70 - 0.02 = 0.68,"명시 산식 0.70 - 0.02 = 0.68; 상태값은 VDM max(0,min(1,value))로 계산; 초기값/효과 선택의 정당성과 별개.",Python Decimal; 원문 명시값만,실제 입력 첨부 바이트는 미확인; 보존 VDM과 조건부 대조. 턴·분기는 명시 제목 기반 파싱이며 불완전/재명명 가능. GPT 역할 표지 경계 사용; 표지 유실 구간 미확정. 입력 초기값 출처 및 사건 분류는 이 점검에서 입증하지 않음,아니오,,PDFium second extraction; role boundaries from reviewed records,True,False
PDFIUM-GPT-12-N-00028,GPT-12,runs/raw_logs/GPT-4o/GPT_시뮬레이션 V12.pdf,5,1,Most Plausible Path],,Leadership_Unity,VDM-CLAMP,명시 산술의 내부 일관성,명시 수식×변수,준수,0.75,0.75,leadership_unity: 0.80 - 0.05 = 0.75,"명시 산식 0.80 - 0.05 = 0.75; 상태값은 VDM max(0,min(1,value))로 계산; 초기값/효과 선택의 정당성과 별개.",Python Decimal; 원문 명시값만,실제 입력 첨부 바이트는 미확인; 보존 VDM과 조건부 대조. 턴·분기는 명시 제목 기반 파싱이며 불완전/재명명 가능. GPT 역할 표지 경계 사용; 표지 유실 구간 미확정. 입력 초기값 출처 및 사건 분류는 이 점검에서 입증하지 않음,아니오,,PDFium second extraction; role boundaries from reviewed records,True,False
PDFIUM-GPT-12-N-00037,GPT-12,runs/raw_logs/GPT-4o/GPT_시뮬레이션 V12.pdf,6,1,Hardline Response Path],,Tension,VDM-CLAMP,명시 산술의 내부 일관성,명시 수식×변수,준수,1,1,tension: 0.60 + 0.15 (strike) + 0.30 (covert detection) = 1.00,"명시 산식 0.60 + 0.15 + 0.30 = 1.05; 상태값은 VDM max(0,min(1,value))로 계산; 초기값/효과 선택의 정당성과 별개.",Python Decimal; 원문 명시값만,실제 입력 첨부 바이트는 미확인; 보존 VDM과 조건부 대조. 턴·분기는 명시 제목 기반 파싱이며 불완전/재명명 가능. GPT 역할 표지 경계 사용; 표지 유실 구간 미확정. 입력 초기값 출처 및 사건 분류는 이 점검에서 입증하지 않음,아니오,,PDFium second extraction; role boundaries from reviewed records,True,False
PDFIUM-GPT-12-N-00040,GPT-12,runs/raw_logs/GPT-4o/GPT_시뮬레이션 V12.pdf,6,1,Hardline Response Path],,Diplomatic_Support,VDM-CLAMP,명시 산술의 내부 일관성,명시 수식×변수,준수,0.55,0.55,diplomatic_support: 0.60 - 0.05 = 0.55,"명시 산식 0.60 - 0.05 = 0.55; 상태값은 VDM max(0,min(1,value))로 계산; 초기값/효과 선택의 정당성과 별개.",Python Decimal; 원문 명시값만,실제 입력 첨부 바이트는 미확인; 보존 VDM과 조건부 대조. 턴·분기는 명시 제목 기반 파싱이며 불완전/재명명 가능. GPT 역할 표지 경계 사용; 표지 유실 구간 미확정. 입력 초기값 출처 및 사건 분류는 이 점검에서 입증하지 않음,아니오,,PDFium second extraction; role boundaries from reviewed records,True,False
PDFIUM-GPT-12-N-00043,GPT-12,runs/raw_logs/GPT-4o/GPT_시뮬레이션 V12.pdf,6,1,Hardline Response Path],,Public_Opinion,VDM-CLAMP,명시 산술의 내부 일관성,명시 수식×변수,준수,0.65,0.65,public_opinion: 0.70 - 0.05 = 0.65,"명시 산식 0.70 - 0.05 = 0.65; 상태값은 VDM max(0,min(1,value))로 계산; 초기값/효과 선택의 정당성과 별개.",Python Decimal; 원문 명시값만,실제 입력 첨부 바이트는 미확인; 보존 VDM과 조건부 대조. 턴·분기는 명시 제목 기반 파싱이며 불완전/재명명 가능. GPT 역할 표지 경계 사용; 표지 유실 구간 미확정. 입력 초기값 출처 및 사건 분류는 이 점검에서 입증하지 않음,아니오,,PDFium second extraction; role boundaries from reviewed records,True,False
PDFIUM-GPT-12-N-00046,GPT-12,runs/raw_logs/GPT-4o/GPT_시뮬레이션 V12.pdf,6,1,Hardline Response Path],,Leadership_Unity,VDM-CLAMP,명시 산술의 내부 일관성,명시 수식×변수,준수,0.7,0.7,leadership_unity: 0.80 - 0.10 = 0.70,"명시 산식 0.80 - 0.10 = 0.7; 상태값은 VDM max(0,min(1,value))로 계산; 초기값/효과 선택의 정당성과 별개.",Python Decimal; 원문 명시값만,실제 입력 첨부 바이트는 미확인; 보존 VDM과 조건부 대조. 턴·분기는 명시 제목 기반 파싱이며 불완전/재명명 가능. GPT 역할 표지 경계 사용; 표지 유실 구간 미확정. 입력 초기값 출처 및 사건 분류는 이 점검에서 입증하지 않음,아니오,,PDFium second extraction; role boundaries from reviewed records,True,False
PDFIUM-GPT-12-N-00055,GPT-12,runs/raw_logs/GPT-4o/GPT_시뮬레이션 V12.pdf,6,1,Diplomatic Resolution Path],,Tension,VDM-CLAMP,명시 산술의 내부 일관성,명시 수식×변수,준수,0.85,0.85,tension: 0.60 + 0.30 (covert detection) - 0.05 = 0.85,"명시 산식 0.60 + 0.30 - 0.05 = 0.85; 상태값은 VDM max(0,min(1,value))로 계산; 초기값/효과 선택의 정당성과 별개.",Python Decimal; 원문 명시값만,실제 입력 첨부 바이트는 미확인; 보존 VDM과 조건부 대조. 턴·분기는 명시 제목 기반 파싱이며 불완전/재명명 가능. GPT 역할 표지 경계 사용; 표지 유실 구간 미확정. 입력 초기값 출처 및 사건 분류는 이 점검에서 입증하지 않음,아니오,,PDFium second extraction; role boundaries from reviewed records,True,False
PDFIUM-GPT-12-N-00058,GPT-12,runs/raw_logs/GPT-4o/GPT_시뮬레이션 V12.pdf,6,1,Diplomatic Resolution Path],,Diplomatic_Support,VDM-CLAMP,명시 산술의 내부 일관성,명시 수식×변수,준수,0.7,0.7,diplomatic_support: 0.60 + 0.10 = 0.70,"명시 산식 0.60 + 0.10 = 0.7; 상태값은 VDM max(0,min(1,value))로 계산; 초기값/효과 선택의 정당성과 별개.",Python Decimal; 원문 명시값만,실제 입력 첨부 바이트는 미확인; 보존 VDM과 조건부 대조. 턴·분기는 명시 제목 기반 파싱이며 불완전/재명명 가능. GPT 역할 표지 경계 사용; 표지 유실 구간 미확정. 입력 초기값 출처 및 사건 분류는 이 점검에서 입증하지 않음,아니오,,PDFium second extraction; role boundaries from reviewed records,True,False
PDFIUM-GPT-12-N-00061,GPT-12,runs/raw_logs/GPT-4o/GPT_시뮬레이션 V12.pdf,7,1,Diplomatic Resolution Path],,Public_Opinion,VDM-CLAMP,명시 산술의 내부 일관성,명시 수식×변수,준수,0.75,0.75,public_opinion: 0.70 + 0.05 = 0.75,"명시 산식 0.70 + 0.05 = 0.75; 상태값은 VDM max(0,min(1,value))로 계산; 초기값/효과 선택의 정당성과 별개.",Python Decimal; 원문 명시값만,실제 입력 첨부 바이트는 미확인; 보존 VDM과 조건부 대조. 턴·분기는 명시 제목 기반 파싱이며 불완전/재명명 가능. GPT 역할 표지 경계 사용; 표지 유실 구간 미확정. 입력 초기값 출처 및 사건 분류는 이 점검에서 입증하지 않음,아니오,,PDFium second extraction; role boundaries from reviewed records,True,False
PDFIUM-GPT-12-N-00064,GPT-12,runs/raw_logs/GPT-4o/GPT_시뮬레이션 V12.pdf,7,1,Diplomatic Resolution Path],,Leadership_Unity,VDM-CLAMP,명시 산술의 내부 일관성,명시 수식×변수,준수,0.85,0.85,leadership_unity: 0.80 + 0.05 = 0.85,"명시 산식 0.80 + 0.05 = 0.85; 상태값은 VDM max(0,min(1,value))로 계산; 초기값/효과 선택의 정당성과 별개.",Python Decimal; 원문 명시값만,실제 입력 첨부 바이트는 미확인; 보존 VDM과 조건부 대조. 턴·분기는 명시 제목 기반 파싱이며 불완전/재명명 가능. GPT 역할 표지 경계 사용; 표지 유실 구간 미확정. 입력 초기값 출처 및 사건 분류는 이 점검에서 입증하지 않음,아니오,,PDFium second extraction; role boundaries from reviewed records,True,False
PDFIUM-GPT-12-N-00077,GPT-12,runs/raw_logs/GPT-4o/GPT_시뮬레이션 V12.pdf,9,2,Most Plausible Path,,Diplomatic_Support,VDM-CLAMP,명시 산술의 내부 일관성,명시 수식×변수,준수,0.61,0.61,diplomatic_support: 0.58 - 0.02 + 0.05 = 0.61,"명시 산식 0.58 - 0.02 + 0.05 = 0.61; 상태값은 VDM max(0,min(1,value))로 계산; 초기값/효과 선택의 정당성과 별개.",Python Decimal; 원문 명시값만,실제 입력 첨부 바이트는 미확인; 보존 VDM과 조건부 대조. 턴·분기는 명시 제목 기반 파싱이며 불완전/재명명 가능. GPT 역할 표지 경계 사용; 표지 유실 구간 미확정. 입력 초기값 출처 및 사건 분류는 이 점검에서 입증하지 않음,아니오,,PDFium second extraction; role boundaries from reviewed records,True,False
PDFIUM-GPT-12-N-00080,GPT-12,runs/raw_logs/GPT-4o/GPT_시뮬레이션 V12.pdf,9,2,Most Plausible Path,,Public_Opinion,VDM-CLAMP,명시 산술의 내부 일관성,명시 수식×변수,준수,0.76,0.76,public_opinion: 0.68 - 0.02 + 0.10 = 0.76,"명시 산식 0.68 - 0.02 + 0.10 = 0.76; 상태값은 VDM max(0,min(1,value))로 계산; 초기값/효과 선택의 정당성과 별개.",Python Decimal; 원문 명시값만,실제 입력 첨부 바이트는 미확인; 보존 VDM과 조건부 대조. 턴·분기는 명시 제목 기반 파싱이며 불완전/재명명 가능. GPT 역할 표지 경계 사용; 표지 유실 구간 미확정. 입력 초기값 출처 및 사건 분류는 이 점검에서 입증하지 않음,아니오,,PDFium second extraction; role boundaries from reviewed records,True,False
PDFIUM-GPT-12-N-00083,GPT-12,runs/raw_logs/GPT-4o/GPT_시뮬레이션 V12.pdf,9,2,Most Plausible Path,,Leadership_Unity,VDM-CLAMP,명시 산술의 내부 일관성,명시 수식×변수,준수,0.8,0.8,leadership_unity: 0.75 - 0.05 + 0.10 = 0.80,"명시 산식 0.75 - 0.05 + 0.10 = 0.8; 상태값은 VDM max(0,min(1,value))로 계산; 초기값/효과 선택의 정당성과 별개.",Python Decimal; 원문 명시값만,실제 입력 첨부 바이트는 미확인; 보존 VDM과 조건부 대조. 턴·분기는 명시 제목 기반 파싱이며 불완전/재명명 가능. GPT 역할 표지 경계 사용; 표지 유실 구간 미확정. 입력 초기값 출처 및 사건 분류는 이 점검에서 입증하지 않음,아니오,,PDFium second extraction; role boundaries from reviewed records,True,False
PDFIUM-GPT-12-N-00086,GPT-12,runs/raw_logs/GPT-4o/GPT_시뮬레이션 V12.pdf,9,2,"""Pressure Spiral Path""",,Tension,VDM-CLAMP,명시 산술의 내부 일관성,명시 수식×변수,준수,0.2,0.2,tension: +0.15 + 0.05 = +0.20 → capped at 1.00,명시 산식 +0.15 + 0.05 = 0.2; 변화량 합계로 계산; 초기값/효과 선택의 정당성과 별개.,Python Decimal; 원문 명시값만,실제 입력 첨부 바이트는 미확인; 보존 VDM과 조건부 대조. 턴·분기는 명시 제목 기반 파싱이며 불완전/재명명 가능. GPT 역할 표지 경계 사용; 표지 유실 구간 미확정. 입력 초기값 출처 및 사건 분류는 이 점검에서 입증하지 않음,아니오,,PDFium second extraction; role boundaries from reviewed records,True,False
PDFIUM-GPT-12-N-00087,GPT-12,runs/raw_logs/GPT-4o/GPT_시뮬레이션 V12.pdf,9,2,"""Pressure Spiral Path""",,Diplomatic_Support,VDM-CLAMP,명시 산술의 내부 일관성,명시 수식×변수,준수,-0.07,-0.07,diplomatic_support: -0.05 - 0.02 = -0.07,명시 산식 -0.05 - 0.02 = -0.07; 변화량 합계로 계산; 초기값/효과 선택의 정당성과 별개.,Python Decimal; 원문 명시값만,실제 입력 첨부 바이트는 미확인; 보존 VDM과 조건부 대조. 턴·분기는 명시 제목 기반 파싱이며 불완전/재명명 가능. GPT 역할 표지 경계 사용; 표지 유실 구간 미확정. 입력 초기값 출처 및 사건 분류는 이 점검에서 입증하지 않음,아니오,,PDFium second extraction; role boundaries from reviewed records,True,False
PDFIUM-GPT-12-N-00088,GPT-12,runs/raw_logs/GPT-4o/GPT_시뮬레이션 V12.pdf,9,2,"""Pressure Spiral Path""",,Public_Opinion,VDM-CLAMP,명시 산술의 내부 일관성,명시 수식×변수,준수,-0.07,-0.07,public_opinion: -0.05 - 0.02 = -0.07,명시 산식 -0.05 - 0.02 = -0.07; 변화량 합계로 계산; 초기값/효과 선택의 정당성과 별개.,Python Decimal; 원문 명시값만,실제 입력 첨부 바이트는 미확인; 보존 VDM과 조건부 대조. 턴·분기는 명시 제목 기반 파싱이며 불완전/재명명 가능. GPT 역할 표지 경계 사용; 표지 유실 구간 미확정. 입력 초기값 출처 및 사건 분류는 이 점검에서 입증하지 않음,아니오,,PDFium second extraction; role boundaries from reviewed records,True,False
PDFIUM-GPT-12-N-00089,GPT-12,runs/raw_logs/GPT-4o/GPT_시뮬레이션 V12.pdf,9,2,"""Pressure Spiral Path""",,Leadership_Unity,VDM-CLAMP,명시 산술의 내부 일관성,명시 수식×변수,준수,-0.15,-0.15,leadership_unity: -0.10 - 0.05 = -0.15,명시 산식 -0.10 - 0.05 = -0.15; 변화량 합계로 계산; 초기값/효과 선택의 정당성과 별개.,Python Decimal; 원문 명시값만,실제 입력 첨부 바이트는 미확인; 보존 VDM과 조건부 대조. 턴·분기는 명시 제목 기반 파싱이며 불완전/재명명 가능. GPT 역할 표지 경계 사용; 표지 유실 구간 미확정. 입력 초기값 출처 및 사건 분류는 이 점검에서 입증하지 않음,아니오,,PDFium second extraction; role boundaries from reviewed records,True,False
PDFIUM-GPT-12-N-00092,GPT-12,runs/raw_logs/GPT-4o/GPT_시뮬레이션 V12.pdf,9,2,"""Pressure Spiral Path""",,Diplomatic_Support,VDM-CLAMP,명시 산술의 내부 일관성,명시 수식×변수,준수,0.51,0.51,diplomatic_support: 0.58 - 0.07 = 0.51,"명시 산식 0.58 - 0.07 = 0.51; 상태값은 VDM max(0,min(1,value))로 계산; 초기값/효과 선택의 정당성과 별개.",Python Decimal; 원문 명시값만,실제 입력 첨부 바이트는 미확인; 보존 VDM과 조건부 대조. 턴·분기는 명시 제목 기반 파싱이며 불완전/재명명 가능. GPT 역할 표지 경계 사용; 표지 유실 구간 미확정. 입력 초기값 출처 및 사건 분류는 이 점검에서 입증하지 않음,아니오,,PDFium second extraction; role boundaries from reviewed records,True,False
PDFIUM-GPT-12-N-00095,GPT-12,runs/raw_logs/GPT-4o/GPT_시뮬레이션 V12.pdf,10,2,"""Pressure Spiral Path""",,Public_Opinion,VDM-CLAMP,명시 산술의 내부 일관성,명시 수식×변수,준수,0.61,0.61,public_opinion: 0.68 - 0.07 = 0.61,"명시 산식 0.68 - 0.07 = 0.61; 상태값은 VDM max(0,min(1,value))로 계산; 초기값/효과 선택의 정당성과 별개.",Python Decimal; 원문 명시값만,실제 입력 첨부 바이트는 미확인; 보존 VDM과 조건부 대조. 턴·분기는 명시 제목 기반 파싱이며 불완전/재명명 가능. GPT 역할 표지 경계 사용; 표지 유실 구간 미확정. 입력 초기값 출처 및 사건 분류는 이 점검에서 입증하지 않음,아니오,,PDFium second extraction; role boundaries from reviewed records,True,False
PDFIUM-GPT-12-N-00098,GPT-12,runs/raw_logs/GPT-4o/GPT_시뮬레이션 V12.pdf,10,2,"""Pressure Spiral Path""",,Leadership_Unity,VDM-CLAMP,명시 산술의 내부 일관성,명시 수식×변수,준수,0.6,0.6,leadership_unity: 0.75 - 0.15 = 0.60,"명시 산식 0.75 - 0.15 = 0.6; 상태값은 VDM max(0,min(1,value))로 계산; 초기값/효과 선택의 정당성과 별개.",Python Decimal; 원문 명시값만,실제 입력 첨부 바이트는 미확인; 보존 VDM과 조건부 대조. 턴·분기는 명시 제목 기반 파싱이며 불완전/재명명 가능. GPT 역할 표지 경계 사용; 표지 유실 구간 미확정. 입력 초기값 출처 및 사건 분류는 이 점검에서 입증하지 않음,아니오,,PDFium second extraction; role boundaries from reviewed records,True,False
PDFIUM-GPT-12-N-00103,GPT-12,runs/raw_logs/GPT-4o/GPT_시뮬레이션 V12.pdf,10,2,"""Backchannel Reset Path""",,Diplomatic_Support,VDM-CLAMP,명시 산술의 내부 일관성,명시 수식×변수,준수,0.68,0.68,diplomatic_support: 0.58 + 0.10 = 0.68,"명시 산식 0.58 + 0.10 = 0.68; 상태값은 VDM max(0,min(1,value))로 계산; 초기값/효과 선택의 정당성과 별개.",Python Decimal; 원문 명시값만,실제 입력 첨부 바이트는 미확인; 보존 VDM과 조건부 대조. 턴·분기는 명시 제목 기반 파싱이며 불완전/재명명 가능. GPT 역할 표지 경계 사용; 표지 유실 구간 미확정. 입력 초기값 출처 및 사건 분류는 이 점검에서 입증하지 않음,아니오,,PDFium second extraction; role boundaries from reviewed records,True,False
PDFIUM-GPT-12-N-00106,GPT-12,runs/raw_logs/GPT-4o/GPT_시뮬레이션 V12.pdf,10,2,"""Backchannel Reset Path""",,Public_Opinion,VDM-CLAMP,명시 산술의 내부 일관성,명시 수식×변수,준수,0.73,0.73,public_opinion: 0.68 + 0.05 = 0.73,"명시 산식 0.68 + 0.05 = 0.73; 상태값은 VDM max(0,min(1,value))로 계산; 초기값/효과 선택의 정당성과 별개.",Python Decimal; 원문 명시값만,실제 입력 첨부 바이트는 미확인; 보존 VDM과 조건부 대조. 턴·분기는 명시 제목 기반 파싱이며 불완전/재명명 가능. GPT 역할 표지 경계 사용; 표지 유실 구간 미확정. 입력 초기값 출처 및 사건 분류는 이 점검에서 입증하지 않음,아니오,,PDFium second extraction; role boundaries from reviewed records,True,False
PDFIUM-GPT-12-N-00109,GPT-12,runs/raw_logs/GPT-4o/GPT_시뮬레이션 V12.pdf,10,2,"""Backchannel Reset Path""",,Leadership_Unity,VDM-CLAMP,명시 산술의 내부 일관성,명시 수식×변수,준수,0.8,0.8,leadership_unity: 0.75 + 0.05 = 0.80,"명시 산식 0.75 + 0.05 = 0.8; 상태값은 VDM max(0,min(1,value))로 계산; 초기값/효과 선택의 정당성과 별개.",Python Decimal; 원문 명시값만,실제 입력 첨부 바이트는 미확인; 보존 VDM과 조건부 대조. 턴·분기는 명시 제목 기반 파싱이며 불완전/재명명 가능. GPT 역할 표지 경계 사용; 표지 유실 구간 미확정. 입력 초기값 출처 및 사건 분류는 이 점검에서 입증하지 않음,아니오,,PDFium second extraction; role boundaries from reviewed records,True,False
PDFIUM-GPT-12-N-00120,GPT-12,runs/raw_logs/GPT-4o/GPT_시뮬레이션 V12.pdf,13,3,Most Plausible Path,,Tension,VDM-CLAMP,명시 산술의 내부 일관성,명시 수식×변수,준수,1,1,tension: 1.00 - 0.05 + 0.15 = 1.00 (capped),"명시 산식 1.00 - 0.05 + 0.15 = 1.1; 상태값은 VDM max(0,min(1,value))로 계산; 초기값/효과 선택의 정당성과 별개.",Python Decimal; 원문 명시값만,실제 입력 첨부 바이트는 미확인; 보존 VDM과 조건부 대조. 턴·분기는 명시 제목 기반 파싱이며 불완전/재명명 가능. GPT 역할 표지 경계 사용; 표지 유실 구간 미확정. 입력 초기값 출처 및 사건 분류는 이 점검에서 입증하지 않음,아니오,,PDFium second extraction; role boundaries from reviewed records,True,False
PDFIUM-GPT-12-N-00123,GPT-12,runs/raw_logs/GPT-4o/GPT_시뮬레이션 V12.pdf,13,3,Most Plausible Path,,Diplomatic_Support,VDM-CLAMP,명시 산술의 내부 일관성,명시 수식×변수,준수,0.66,0.66,diplomatic_support: 0.61 - 0.05 + 0.10 = 0.66,"명시 산식 0.61 - 0.05 + 0.10 = 0.66; 상태값은 VDM max(0,min(1,value))로 계산; 초기값/효과 선택의 정당성과 별개.",Python Decimal; 원문 명시값만,실제 입력 첨부 바이트는 미확인; 보존 VDM과 조건부 대조. 턴·분기는 명시 제목 기반 파싱이며 불완전/재명명 가능. GPT 역할 표지 경계 사용; 표지 유실 구간 미확정. 입력 초기값 출처 및 사건 분류는 이 점검에서 입증하지 않음,아니오,,PDFium second extraction; role boundaries from reviewed records,True,False
PDFIUM-GPT-12-N-00126,GPT-12,runs/raw_logs/GPT-4o/GPT_시뮬레이션 V12.pdf,13,3,Most Plausible Path,,Public_Opinion,VDM-CLAMP,명시 산술의 내부 일관성,명시 수식×변수,준수,0.76,0.76,public_opinion: 0.76 - 0.05 + 0.05 = 0.76,"명시 산식 0.76 - 0.05 + 0.05 = 0.76; 상태값은 VDM max(0,min(1,value))로 계산; 초기값/효과 선택의 정당성과 별개.",Python Decimal; 원문 명시값만,실제 입력 첨부 바이트는 미확인; 보존 VDM과 조건부 대조. 턴·분기는 명시 제목 기반 파싱이며 불완전/재명명 가능. GPT 역할 표지 경계 사용; 표지 유실 구간 미확정. 입력 초기값 출처 및 사건 분류는 이 점검에서 입증하지 않음,아니오,,PDFium second extraction; role boundaries from reviewed records,True,False
PDFIUM-GPT-12-N-00129,GPT-12,runs/raw_logs/GPT-4o/GPT_시뮬레이션 V12.pdf,13,3,Most Plausible Path,,Leadership_Unity,VDM-CLAMP,명시 산술의 내부 일관성,명시 수식×변수,준수,0.75,0.75,leadership_unity: 0.80 - 0.10 + 0.05 = 0.75,"명시 산식 0.80 - 0.10 + 0.05 = 0.75; 상태값은 VDM max(0,min(1,value))로 계산; 초기값/효과 선택의 정당성과 별개.",Python Decimal; 원문 명시값만,실제 입력 첨부 바이트는 미확인; 보존 VDM과 조건부 대조. 턴·분기는 명시 제목 기반 파싱이며 불완전/재명명 가능. GPT 역할 표지 경계 사용; 표지 유실 구간 미확정. 입력 초기값 출처 및 사건 분류는 이 점검에서 입증하지 않음,아니오,,PDFium second extraction; role boundaries from reviewed records,True,False
PDFIUM-GPT-12-N-00140,GPT-12,runs/raw_logs/GPT-4o/GPT_시뮬레이션 V12.pdf,13,3,Most Plausible Path,,Tension,VDM-CLAMP,명시 산술의 내부 일관성,명시 수식×변수,준수,0.2,0.2,tension: +0.15 + 0.05 = +0.20 → clamped at 1.00,명시 산식 +0.15 + 0.05 = 0.2; 변화량 합계로 계산; 초기값/효과 선택의 정당성과 별개.,Python Decimal; 원문 명시값만,실제 입력 첨부 바이트는 미확인; 보존 VDM과 조건부 대조. 턴·분기는 명시 제목 기반 파싱이며 불완전/재명명 가능. GPT 역할 표지 경계 사용; 표지 유실 구간 미확정. 입력 초기값 출처 및 사건 분류는 이 점검에서 입증하지 않음,아니오,,PDFium second extraction; role boundaries from reviewed records,True,False
PDFIUM-GPT-12-N-00141,GPT-12,runs/raw_logs/GPT-4o/GPT_시뮬레이션 V12.pdf,13,3,Most Plausible Path,,Diplomatic_Support,VDM-CLAMP,명시 산술의 내부 일관성,명시 수식×변수,준수,-0.07,-0.07,diplomatic_support: -0.05 - 0.02 = -0.07,명시 산식 -0.05 - 0.02 = -0.07; 변화량 합계로 계산; 초기값/효과 선택의 정당성과 별개.,Python Decimal; 원문 명시값만,실제 입력 첨부 바이트는 미확인; 보존 VDM과 조건부 대조. 턴·분기는 명시 제목 기반 파싱이며 불완전/재명명 가능. GPT 역할 표지 경계 사용; 표지 유실 구간 미확정. 입력 초기값 출처 및 사건 분류는 이 점검에서 입증하지 않음,아니오,,PDFium second extraction; role boundaries from reviewed records,True,False
PDFIUM-GPT-12-N-00142,GPT-12,runs/raw_logs/GPT-4o/GPT_시뮬레이션 V12.pdf,13,3,Most Plausible Path,,Public_Opinion,VDM-CLAMP,명시 산술의 내부 일관성,명시 수식×변수,준수,-0.07,-0.07,public_opinion: -0.05 - 0.02 = -0.07,명시 산식 -0.05 - 0.02 = -0.07; 변화량 합계로 계산; 초기값/효과 선택의 정당성과 별개.,Python Decimal; 원문 명시값만,실제 입력 첨부 바이트는 미확인; 보존 VDM과 조건부 대조. 턴·분기는 명시 제목 기반 파싱이며 불완전/재명명 가능. GPT 역할 표지 경계 사용; 표지 유실 구간 미확정. 입력 초기값 출처 및 사건 분류는 이 점검에서 입증하지 않음,아니오,,PDFium second extraction; role boundaries from reviewed records,True,False
PDFIUM-GPT-12-N-00143,GPT-12,runs/raw_logs/GPT-4o/GPT_시뮬레이션 V12.pdf,13,3,Most Plausible Path,,Leadership_Unity,VDM-CLAMP,명시 산술의 내부 일관성,명시 수식×변수,준수,-0.15,-0.15,leadership_unity: -0.10 - 0.05 = -0.15,명시 산식 -0.10 - 0.05 = -0.15; 변화량 합계로 계산; 초기값/효과 선택의 정당성과 별개.,Python Decimal; 원문 명시값만,실제 입력 첨부 바이트는 미확인; 보존 VDM과 조건부 대조. 턴·분기는 명시 제목 기반 파싱이며 불완전/재명명 가능. GPT 역할 표지 경계 사용; 표지 유실 구간 미확정. 입력 초기값 출처 및 사건 분류는 이 점검에서 입증하지 않음,아니오,,PDFium second extraction; role boundaries from reviewed records,True,False
PDFIUM-GPT-12-N-00146,GPT-12,runs/raw_logs/GPT-4o/GPT_시뮬레이션 V12.pdf,14,3,Most Plausible Path,,Diplomatic_Support,VDM-CLAMP,명시 산술의 내부 일관성,명시 수식×변수,준수,0.54,0.54,diplomatic_support: 0.61 - 0.07 = 0.54,"명시 산식 0.61 - 0.07 = 0.54; 상태값은 VDM max(0,min(1,value))로 계산; 초기값/효과 선택의 정당성과 별개.",Python Decimal; 원문 명시값만,실제 입력 첨부 바이트는 미확인; 보존 VDM과 조건부 대조. 턴·분기는 명시 제목 기반 파싱이며 불완전/재명명 가능. GPT 역할 표지 경계 사용; 표지 유실 구간 미확정. 입력 초기값 출처 및 사건 분류는 이 점검에서 입증하지 않음,아니오,,PDFium second extraction; role boundaries from reviewed records,True,False
PDFIUM-GPT-12-N-00149,GPT-12,runs/raw_logs/GPT-4o/GPT_시뮬레이션 V12.pdf,14,3,Most Plausible Path,,Public_Opinion,VDM-CLAMP,명시 산술의 내부 일관성,명시 수식×변수,준수,0.69,0.69,public_opinion: 0.76 - 0.07 = 0.69,"명시 산식 0.76 - 0.07 = 0.69; 상태값은 VDM max(0,min(1,value))로 계산; 초기값/효과 선택의 정당성과 별개.",Python Decimal; 원문 명시값만,실제 입력 첨부 바이트는 미확인; 보존 VDM과 조건부 대조. 턴·분기는 명시 제목 기반 파싱이며 불완전/재명명 가능. GPT 역할 표지 경계 사용; 표지 유실 구간 미확정. 입력 초기값 출처 및 사건 분류는 이 점검에서 입증하지 않음,아니오,,PDFium second extraction; role boundaries from reviewed records,True,False
PDFIUM-GPT-12-N-00152,GPT-12,runs/raw_logs/GPT-4o/GPT_시뮬레이션 V12.pdf,14,3,Most Plausible Path,,Leadership_Unity,VDM-CLAMP,명시 산술의 내부 일관성,명시 수식×변수,준수,0.65,0.65,leadership_unity: 0.80 - 0.15 = 0.65,"명시 산식 0.80 - 0.15 = 0.65; 상태값은 VDM max(0,min(1,value))로 계산; 초기값/효과 선택의 정당성과 별개.",Python Decimal; 원문 명시값만,실제 입력 첨부 바이트는 미확인; 보존 VDM과 조건부 대조. 턴·분기는 명시 제목 기반 파싱이며 불완전/재명명 가능. GPT 역할 표지 경계 사용; 표지 유실 구간 미확정. 입력 초기값 출처 및 사건 분류는 이 점검에서 입증하지 않음,아니오,,PDFium second extraction; role boundaries from reviewed records,True,False
PDFIUM-GPT-12-N-00163,GPT-12,runs/raw_logs/GPT-4o/GPT_시뮬레이션 V12.pdf,16,4,Most Plausible Path,,Tension,VDM-CLAMP,명시 산술의 내부 일관성,명시 수식×변수,준수,1,1,tension: 1.00 - 0.05 + 0.05 = 1.00,"명시 산식 1.00 - 0.05 + 0.05 = 1; 상태값은 VDM max(0,min(1,value))로 계산; 초기값/효과 선택의 정당성과 별개.",Python Decimal; 원문 명시값만,실제 입력 첨부 바이트는 미확인; 보존 VDM과 조건부 대조. 턴·분기는 명시 제목 기반 파싱이며 불완전/재명명 가능. GPT 역할 표지 경계 사용; 표지 유실 구간 미확정. 입력 초기값 출처 및 사건 분류는 이 점검에서 입증하지 않음,아니오,,PDFium second extraction; role boundaries from reviewed records,True,False
PDFIUM-GPT-12-N-00166,GPT-12,runs/raw_logs/GPT-4o/GPT_시뮬레이션 V12.pdf,16,4,Most Plausible Path,,Diplomatic_Support,VDM-CLAMP,명시 산술의 내부 일관성,명시 수식×변수,준수,0.74,0.74,diplomatic_support: 0.66 + 0.10 - 0.02 = 0.74,"명시 산식 0.66 + 0.10 - 0.02 = 0.74; 상태값은 VDM max(0,min(1,value))로 계산; 초기값/효과 선택의 정당성과 별개.",Python Decimal; 원문 명시값만,실제 입력 첨부 바이트는 미확인; 보존 VDM과 조건부 대조. 턴·분기는 명시 제목 기반 파싱이며 불완전/재명명 가능. GPT 역할 표지 경계 사용; 표지 유실 구간 미확정. 입력 초기값 출처 및 사건 분류는 이 점검에서 입증하지 않음,아니오,,PDFium second extraction; role boundaries from reviewed records,True,False
PDFIUM-GPT-12-N-00169,GPT-12,runs/raw_logs/GPT-4o/GPT_시뮬레이션 V12.pdf,16,4,Most Plausible Path,,Public_Opinion,VDM-CLAMP,명시 산술의 내부 일관성,명시 수식×변수,준수,0.79,0.79,public_opinion: 0.76 + 0.05 - 0.02 = 0.79,"명시 산식 0.76 + 0.05 - 0.02 = 0.79; 상태값은 VDM max(0,min(1,value))로 계산; 초기값/효과 선택의 정당성과 별개.",Python Decimal; 원문 명시값만,실제 입력 첨부 바이트는 미확인; 보존 VDM과 조건부 대조. 턴·분기는 명시 제목 기반 파싱이며 불완전/재명명 가능. GPT 역할 표지 경계 사용; 표지 유실 구간 미확정. 입력 초기값 출처 및 사건 분류는 이 점검에서 입증하지 않음,아니오,,PDFium second extraction; role boundaries from reviewed records,True,False
PDFIUM-GPT-12-N-00172,GPT-12,runs/raw_logs/GPT-4o/GPT_시뮬레이션 V12.pdf,16,4,Most Plausible Path,,Leadership_Unity,VDM-CLAMP,명시 산술의 내부 일관성,명시 수식×변수,준수,0.75,0.75,leadership_unity: 0.75 + 0.05 - 0.05 = 0.75,"명시 산식 0.75 + 0.05 - 0.05 = 0.75; 상태값은 VDM max(0,min(1,value))로 계산; 초기값/효과 선택의 정당성과 별개.",Python Decimal; 원문 명시값만,실제 입력 첨부 바이트는 미확인; 보존 VDM과 조건부 대조. 턴·분기는 명시 제목 기반 파싱이며 불완전/재명명 가능. GPT 역할 표지 경계 사용; 표지 유실 구간 미확정. 입력 초기값 출처 및 사건 분류는 이 점검에서 입증하지 않음,아니오,,PDFium second extraction; role boundaries from reviewed records,True,False
PDFIUM-GPT-12-N-00175,GPT-12,runs/raw_logs/GPT-4o/GPT_시뮬레이션 V12.pdf,17,4,Most Plausible Path,,Tension,VDM-CLAMP,명시 산술의 내부 일관성,명시 수식×변수,준수,0.1,0.1,tension: +0.05 + 0.05 = +0.10 → capped at 1.00,명시 산식 +0.05 + 0.05 = 0.1; 변화량 합계로 계산; 초기값/효과 선택의 정당성과 별개.,Python Decimal; 원문 명시값만,실제 입력 첨부 바이트는 미확인; 보존 VDM과 조건부 대조. 턴·분기는 명시 제목 기반 파싱이며 불완전/재명명 가능. GPT 역할 표지 경계 사용; 표지 유실 구간 미확정. 입력 초기값 출처 및 사건 분류는 이 점검에서 입증하지 않음,아니오,,PDFium second extraction; role boundaries from reviewed records,True,False
PDFIUM-GPT-12-N-00176,GPT-12,runs/raw_logs/GPT-4o/GPT_시뮬레이션 V12.pdf,17,4,Most Plausible Path,,Diplomatic_Support,VDM-CLAMP,명시 산술의 내부 일관성,명시 수식×변수,준수,-0.04,-0.04,diplomatic_support: -0.02 - 0.02 = -0.04,명시 산식 -0.02 - 0.02 = -0.04; 변화량 합계로 계산; 초기값/효과 선택의 정당성과 별개.,Python Decimal; 원문 명시값만,실제 입력 첨부 바이트는 미확인; 보존 VDM과 조건부 대조. 턴·분기는 명시 제목 기반 파싱이며 불완전/재명명 가능. GPT 역할 표지 경계 사용; 표지 유실 구간 미확정. 입력 초기값 출처 및 사건 분류는 이 점검에서 입증하지 않음,아니오,,PDFium second extraction; role boundaries from reviewed records,True,False
PDFIUM-GPT-12-N-00177,GPT-12,runs/raw_logs/GPT-4o/GPT_시뮬레이션 V12.pdf,17,4,Most Plausible Path,,Public_Opinion,VDM-CLAMP,명시 산술의 내부 일관성,명시 수식×변수,준수,-0.04,-0.04,public_opinion: -0.02 - 0.02 = -0.04,명시 산식 -0.02 - 0.02 = -0.04; 변화량 합계로 계산; 초기값/효과 선택의 정당성과 별개.,Python Decimal; 원문 명시값만,실제 입력 첨부 바이트는 미확인; 보존 VDM과 조건부 대조. 턴·분기는 명시 제목 기반 파싱이며 불완전/재명명 가능. GPT 역할 표지 경계 사용; 표지 유실 구간 미확정. 입력 초기값 출처 및 사건 분류는 이 점검에서 입증하지 않음,아니오,,PDFium second extraction; role boundaries from reviewed records,True,False
PDFIUM-GPT-12-N-00178,GPT-12,runs/raw_logs/GPT-4o/GPT_시뮬레이션 V12.pdf,17,4,Most Plausible Path,,Leadership_Unity,VDM-CLAMP,명시 산술의 내부 일관성,명시 수식×변수,준수,-0.1,-0.1,leadership_unity: -0.05 - 0.05 = -0.10,명시 산식 -0.05 - 0.05 = -0.1; 변화량 합계로 계산; 초기값/효과 선택의 정당성과 별개.,Python Decimal; 원문 명시값만,실제 입력 첨부 바이트는 미확인; 보존 VDM과 조건부 대조. 턴·분기는 명시 제목 기반 파싱이며 불완전/재명명 가능. GPT 역할 표지 경계 사용; 표지 유실 구간 미확정. 입력 초기값 출처 및 사건 분류는 이 점검에서 입증하지 않음,아니오,,PDFium second extraction; role boundaries from reviewed records,True,False
PDFIUM-GPT-12-N-00181,GPT-12,runs/raw_logs/GPT-4o/GPT_시뮬레이션 V12.pdf,17,4,Most Plausible Path,,Diplomatic_Support,VDM-CLAMP,명시 산술의 내부 일관성,명시 수식×변수,준수,0.62,0.62,diplomatic_support: 0.66 - 0.04 = 0.62,"명시 산식 0.66 - 0.04 = 0.62; 상태값은 VDM max(0,min(1,value))로 계산; 초기값/효과 선택의 정당성과 별개.",Python Decimal; 원문 명시값만,실제 입력 첨부 바이트는 미확인; 보존 VDM과 조건부 대조. 턴·분기는 명시 제목 기반 파싱이며 불완전/재명명 가능. GPT 역할 표지 경계 사용; 표지 유실 구간 미확정. 입력 초기값 출처 및 사건 분류는 이 점검에서 입증하지 않음,아니오,,PDFium second extraction; role boundaries from reviewed records,True,False
PDFIUM-GPT-12-N-00184,GPT-12,runs/raw_logs/GPT-4o/GPT_시뮬레이션 V12.pdf,17,4,Most Plausible Path,,Public_Opinion,VDM-CLAMP,명시 산술의 내부 일관성,명시 수식×변수,준수,0.72,0.72,public_opinion: 0.76 - 0.04 = 0.72,"명시 산식 0.76 - 0.04 = 0.72; 상태값은 VDM max(0,min(1,value))로 계산; 초기값/효과 선택의 정당성과 별개.",Python Decimal; 원문 명시값만,실제 입력 첨부 바이트는 미확인; 보존 VDM과 조건부 대조. 턴·분기는 명시 제목 기반 파싱이며 불완전/재명명 가능. GPT 역할 표지 경계 사용; 표지 유실 구간 미확정. 입력 초기값 출처 및 사건 분류는 이 점검에서 입증하지 않음,아니오,,PDFium second extraction; role boundaries from reviewed records,True,False
PDFIUM-GPT-12-N-00187,GPT-12,runs/raw_logs/GPT-4o/GPT_시뮬레이션 V12.pdf,17,4,Most Plausible Path,,Leadership_Unity,VDM-CLAMP,명시 산술의 내부 일관성,명시 수식×변수,준수,0.65,0.65,leadership_unity: 0.75 - 0.10 = 0.65,"명시 산식 0.75 - 0.10 = 0.65; 상태값은 VDM max(0,min(1,value))로 계산; 초기값/효과 선택의 정당성과 별개.",Python Decimal; 원문 명시값만,실제 입력 첨부 바이트는 미확인; 보존 VDM과 조건부 대조. 턴·분기는 명시 제목 기반 파싱이며 불완전/재명명 가능. GPT 역할 표지 경계 사용; 표지 유실 구간 미확정. 입력 초기값 출처 및 사건 분류는 이 점검에서 입증하지 않음,아니오,,PDFium second extraction; role boundaries from reviewed records,True,False
PDFIUM-GPT-14-N-00019,GPT-14,runs/raw_logs/GPT-4o/GPT_시뮬레이션 V14.pdf,6,1,Most Plausible Path],,Diplomatic_Support,VDM-CLAMP,명시 산술의 내부 일관성,명시 수식×변수,준수,1,1,diplomatic_support: 1.0 (0.98 - 0.02 + 0.6 → clamped to 1.0),"명시 산식 0.98 - 0.02 + 0.6 = 1.56; 상태값은 VDM max(0,min(1,value))로 계산; 초기값/효과 선택의 정당성과 별개.",Python Decimal; 원문 명시값만,실제 입력 첨부 바이트는 미확인; 보존 VDM과 조건부 대조. 턴·분기는 명시 제목 기반 파싱이며 불완전/재명명 가능. GPT 역할 표지 경계 사용; 표지 유실 구간 미확정. 입력 초기값 출처 및 사건 분류는 이 점검에서 입증하지 않음,아니오,,PDFium second extraction; role boundaries from reviewed records,True,False
PDFIUM-GPT-14-N-00022,GPT-14,runs/raw_logs/GPT-4o/GPT_시뮬레이션 V14.pdf,6,1,Most Plausible Path],,Public_Opinion,VDM-CLAMP,명시 산술의 내부 일관성,명시 수식×변수,판정 불가,0.48 - 0.02 = **0.46**,,public_opinion: 0.48 - 0.02 = **0.46**,마지막 등식의 연산식/결과값 분리 불가,Python Decimal; 원문 명시값만,실제 입력 첨부 바이트는 미확인; 보존 VDM과 조건부 대조. 턴·분기는 명시 제목 기반 파싱이며 불완전/재명명 가능. GPT 역할 표지 경계 사용; 표지 유실 구간 미확정. ,예,,PDFium second extraction; role boundaries from reviewed records,True,False
PDFIUM-GPT-14-N-00024,GPT-14,runs/raw_logs/GPT-4o/GPT_시뮬레이션 V14.pdf,6,1,Most Plausible Path],,Leadership_Unity,VDM-CLAMP,명시 산술의 내부 일관성,명시 수식×변수,판정 불가,0.60 - 0.05 = **0.55**,,leadership_unity: 0.60 - 0.05 = **0.55**,마지막 등식의 연산식/결과값 분리 불가,Python Decimal; 원문 명시값만,실제 입력 첨부 바이트는 미확인; 보존 VDM과 조건부 대조. 턴·분기는 명시 제목 기반 파싱이며 불완전/재명명 가능. GPT 역할 표지 경계 사용; 표지 유실 구간 미확정. ,예,,PDFium second extraction; role boundaries from reviewed records,True,False
PDFIUM-GPT-14-N-00036,GPT-14,runs/raw_logs/GPT-4o/GPT_시뮬레이션 V14.pdf,7,1,Hardline Response Path],,Diplomatic_Support,VDM-CLAMP,명시 산술의 내부 일관성,명시 수식×변수,판정 불가,1.0 - 0.05 (US) - 0.02 (USSR) = **0.93**,,diplomatic_support: 1.0 - 0.05 (US) - 0.02 (USSR) = **0.93**,마지막 등식의 연산식/결과값 분리 불가,Python Decimal; 원문 명시값만,실제 입력 첨부 바이트는 미확인; 보존 VDM과 조건부 대조. 턴·분기는 명시 제목 기반 파싱이며 불완전/재명명 가능. GPT 역할 표지 경계 사용; 표지 유실 구간 미확정. ,예,,PDFium second extraction; role boundaries from reviewed records,True,False
PDFIUM-GPT-14-N-00038,GPT-14,runs/raw_logs/GPT-4o/GPT_시뮬레이션 V14.pdf,7,1,Hardline Response Path],,Public_Opinion,VDM-CLAMP,명시 산술의 내부 일관성,명시 수식×변수,판정 불가,0.46 - 0.05 (US) - 0.02 (USSR) = **0.39**,,public_opinion: 0.46 - 0.05 (US) - 0.02 (USSR) = **0.39**,마지막 등식의 연산식/결과값 분리 불가,Python Decimal; 원문 명시값만,실제 입력 첨부 바이트는 미확인; 보존 VDM과 조건부 대조. 턴·분기는 명시 제목 기반 파싱이며 불완전/재명명 가능. GPT 역할 표지 경계 사용; 표지 유실 구간 미확정. ,예,,PDFium second extraction; role boundaries from reviewed records,True,False
PDFIUM-GPT-14-N-00040,GPT-14,runs/raw_logs/GPT-4o/GPT_시뮬레이션 V14.pdf,7,1,Hardline Response Path],,Leadership_Unity,VDM-CLAMP,명시 산술의 내부 일관성,명시 수식×변수,판정 불가,0.55 - 0.10 (US) - 0.05 (USSR) = **0.40**,,leadership_unity: 0.55 - 0.10 (US) - 0.05 (USSR) = **0.40**,마지막 등식의 연산식/결과값 분리 불가,Python Decimal; 원문 명시값만,실제 입력 첨부 바이트는 미확인; 보존 VDM과 조건부 대조. 턴·분기는 명시 제목 기반 파싱이며 불완전/재명명 가능. GPT 역할 표지 경계 사용; 표지 유실 구간 미확정. ,예,,PDFium second extraction; role boundaries from reviewed records,True,False
PDFIUM-GPT-14-N-00049,GPT-14,runs/raw_logs/GPT-4o/GPT_시뮬레이션 V14.pdf,8,1,Diplomatic Resolution Path],,Diplomatic_Support,VDM-CLAMP,명시 산술의 내부 일관성,명시 수식×변수,판정 불가,1.0 + 0.05 (capped) = **1.0**,,diplomatic_support: 1.0 + 0.05 (capped) = **1.0**,마지막 등식의 연산식/결과값 분리 불가,Python Decimal; 원문 명시값만,실제 입력 첨부 바이트는 미확인; 보존 VDM과 조건부 대조. 턴·분기는 명시 제목 기반 파싱이며 불완전/재명명 가능. GPT 역할 표지 경계 사용; 표지 유실 구간 미확정. ,예,,PDFium second extraction; role boundaries from reviewed records,True,False
PDFIUM-GPT-14-N-00051,GPT-14,runs/raw_logs/GPT-4o/GPT_시뮬레이션 V14.pdf,8,1,Diplomatic Resolution Path],,Public_Opinion,VDM-CLAMP,명시 산술의 내부 일관성,명시 수식×변수,판정 불가,0.46 + 0.5 + 0.10 = **1.0** (capped),,public_opinion: 0.46 + 0.5 + 0.10 = **1.0** (capped),마지막 등식의 연산식/결과값 분리 불가,Python Decimal; 원문 명시값만,실제 입력 첨부 바이트는 미확인; 보존 VDM과 조건부 대조. 턴·분기는 명시 제목 기반 파싱이며 불완전/재명명 가능. GPT 역할 표지 경계 사용; 표지 유실 구간 미확정. ,예,,PDFium second extraction; role boundaries from reviewed records,True,False
PDFIUM-GPT-14-N-00053,GPT-14,runs/raw_logs/GPT-4o/GPT_시뮬레이션 V14.pdf,8,1,Diplomatic Resolution Path],,Leadership_Unity,VDM-CLAMP,명시 산술의 내부 일관성,명시 수식×변수,판정 불가,0.55 + 0.10 = **0.65**,,leadership_unity: 0.55 + 0.10 = **0.65**,마지막 등식의 연산식/결과값 분리 불가,Python Decimal; 원문 명시값만,실제 입력 첨부 바이트는 미확인; 보존 VDM과 조건부 대조. 턴·분기는 명시 제목 기반 파싱이며 불완전/재명명 가능. GPT 역할 표지 경계 사용; 표지 유실 구간 미확정. ,예,,PDFium second extraction; role boundaries from reviewed records,True,False
PDFIUM-GPT-14-N-00057,GPT-14,runs/raw_logs/GPT-4o/GPT_시뮬레이션 V14.pdf,10,2,Most Plausible Path],,Tension,VDM-CLAMP,명시 산술의 내부 일관성,명시 수식×변수,준수,1,1,Tension: 0.90 + 0.05 + 0.05 = 1.0 ✅ [Trigger: Military Options Preferred],"명시 산식 0.90 + 0.05 + 0.05 = 1; 상태값은 VDM max(0,min(1,value))로 계산; 초기값/효과 선택의 정당성과 별개.",Python Decimal; 원문 명시값만,실제 입력 첨부 바이트는 미확인; 보존 VDM과 조건부 대조. 턴·분기는 명시 제목 기반 파싱이며 불완전/재명명 가능. GPT 역할 표지 경계 사용; 표지 유실 구간 미확정. 입력 초기값 출처 및 사건 분류는 이 점검에서 입증하지 않음,아니오,,PDFium second extraction; role boundaries from reviewed records,True,False
PDFIUM-GPT-14-N-00060,GPT-14,runs/raw_logs/GPT-4o/GPT_시뮬레이션 V14.pdf,10,2,Most Plausible Path],,Diplomatic_Support,VDM-CLAMP,명시 산술의 내부 일관성,명시 수식×변수,준수,0.96,0.96,Diplomatic_Support: 1.0 - 0.02 - 0.02 = 0.96,"명시 산식 1.0 - 0.02 - 0.02 = 0.96; 상태값은 VDM max(0,min(1,value))로 계산; 초기값/효과 선택의 정당성과 별개.",Python Decimal; 원문 명시값만,실제 입력 첨부 바이트는 미확인; 보존 VDM과 조건부 대조. 턴·분기는 명시 제목 기반 파싱이며 불완전/재명명 가능. GPT 역할 표지 경계 사용; 표지 유실 구간 미확정. 입력 초기값 출처 및 사건 분류는 이 점검에서 입증하지 않음,아니오,,PDFium second extraction; role boundaries from reviewed records,True,False
PDFIUM-GPT-14-N-00063,GPT-14,runs/raw_logs/GPT-4o/GPT_시뮬레이션 V14.pdf,10,2,Most Plausible Path],,Public_Opinion,VDM-CLAMP,명시 산술의 내부 일관성,명시 수식×변수,준수,0.96,0.96,Public_Opinion: 1.0 - 0.02 - 0.02 = 0.96,"명시 산식 1.0 - 0.02 - 0.02 = 0.96; 상태값은 VDM max(0,min(1,value))로 계산; 초기값/효과 선택의 정당성과 별개.",Python Decimal; 원문 명시값만,실제 입력 첨부 바이트는 미확인; 보존 VDM과 조건부 대조. 턴·분기는 명시 제목 기반 파싱이며 불완전/재명명 가능. GPT 역할 표지 경계 사용; 표지 유실 구간 미확정. 입력 초기값 출처 및 사건 분류는 이 점검에서 입증하지 않음,아니오,,PDFium second extraction; role boundaries from reviewed records,True,False
PDFIUM-GPT-14-N-00066,GPT-14,runs/raw_logs/GPT-4o/GPT_시뮬레이션 V14.pdf,10,2,Most Plausible Path],,Leadership_Unity,VDM-CLAMP,명시 산술의 내부 일관성,명시 수식×변수,준수,0.55,0.55,Leadership_Unity: 0.65 - 0.05 - 0.05 = 0.55 ✅ [Near Instability Threshold],"명시 산식 0.65 - 0.05 - 0.05 = 0.55; 상태값은 VDM max(0,min(1,value))로 계산; 초기값/효과 선택의 정당성과 별개.",Python Decimal; 원문 명시값만,실제 입력 첨부 바이트는 미확인; 보존 VDM과 조건부 대조. 턴·분기는 명시 제목 기반 파싱이며 불완전/재명명 가능. GPT 역할 표지 경계 사용; 표지 유실 구간 미확정. 입력 초기값 출처 및 사건 분류는 이 점검에서 입증하지 않음,아니오,,PDFium second extraction; role boundaries from reviewed records,True,False
PDFIUM-GPT-14-N-00070,GPT-14,runs/raw_logs/GPT-4o/GPT_시뮬레이션 V14.pdf,11,2,Hardline Path],,Tension,VDM-CLAMP,명시 산술의 내부 일관성,명시 수식×변수,준수,0.3,0.3,Tension: 0.20 + 0.05 + 0.05 = 0.30,"명시 산식 0.20 + 0.05 + 0.05 = 0.3; 상태값은 VDM max(0,min(1,value))로 계산; 초기값/효과 선택의 정당성과 별개.",Python Decimal; 원문 명시값만,실제 입력 첨부 바이트는 미확인; 보존 VDM과 조건부 대조. 턴·분기는 명시 제목 기반 파싱이며 불완전/재명명 가능. GPT 역할 표지 경계 사용; 표지 유실 구간 미확정. 입력 초기값 출처 및 사건 분류는 이 점검에서 입증하지 않음,아니오,,PDFium second extraction; role boundaries from reviewed records,True,False
PDFIUM-GPT-14-N-00073,GPT-14,runs/raw_logs/GPT-4o/GPT_시뮬레이션 V14.pdf,11,2,Hardline Path],,Diplomatic_Support,VDM-CLAMP,명시 산술의 내부 일관성,명시 수식×변수,준수,0.89,0.89,Diplomatic_Support: 0.93 - 0.02 - 0.02 = 0.89,"명시 산식 0.93 - 0.02 - 0.02 = 0.89; 상태값은 VDM max(0,min(1,value))로 계산; 초기값/효과 선택의 정당성과 별개.",Python Decimal; 원문 명시값만,실제 입력 첨부 바이트는 미확인; 보존 VDM과 조건부 대조. 턴·분기는 명시 제목 기반 파싱이며 불완전/재명명 가능. GPT 역할 표지 경계 사용; 표지 유실 구간 미확정. 입력 초기값 출처 및 사건 분류는 이 점검에서 입증하지 않음,아니오,,PDFium second extraction; role boundaries from reviewed records,True,False
PDFIUM-GPT-14-N-00076,GPT-14,runs/raw_logs/GPT-4o/GPT_시뮬레이션 V14.pdf,11,2,Hardline Path],,Public_Opinion,VDM-CLAMP,명시 산술의 내부 일관성,명시 수식×변수,준수,0.87,0.87,Public_Opinion: 0.39 + 0.5 - 0.02 = 0.87 ✅ [Trigger: Leadership Strengthening],"명시 산식 0.39 + 0.5 - 0.02 = 0.87; 상태값은 VDM max(0,min(1,value))로 계산; 초기값/효과 선택의 정당성과 별개.",Python Decimal; 원문 명시값만,실제 입력 첨부 바이트는 미확인; 보존 VDM과 조건부 대조. 턴·분기는 명시 제목 기반 파싱이며 불완전/재명명 가능. GPT 역할 표지 경계 사용; 표지 유실 구간 미확정. 입력 초기값 출처 및 사건 분류는 이 점검에서 입증하지 않음,아니오,,PDFium second extraction; role boundaries from reviewed records,True,False
PDFIUM-GPT-14-N-00079,GPT-14,runs/raw_logs/GPT-4o/GPT_시뮬레이션 V14.pdf,11,2,Hardline Path],,Leadership_Unity,VDM-CLAMP,명시 산술의 내부 일관성,명시 수식×변수,준수,0.3,0.3,Leadership_Unity: 0.40 - 0.05 - 0.05 = 0.30 ✅ [Trigger: Internal Division],"명시 산식 0.40 - 0.05 - 0.05 = 0.3; 상태값은 VDM max(0,min(1,value))로 계산; 초기값/효과 선택의 정당성과 별개.",Python Decimal; 원문 명시값만,실제 입력 첨부 바이트는 미확인; 보존 VDM과 조건부 대조. 턴·분기는 명시 제목 기반 파싱이며 불완전/재명명 가능. GPT 역할 표지 경계 사용; 표지 유실 구간 미확정. 입력 초기값 출처 및 사건 분류는 이 점검에서 입증하지 않음,아니오,,PDFium second extraction; role boundaries from reviewed records,True,False
PDFIUM-GPT-14-N-00086,GPT-14,runs/raw_logs/GPT-4o/GPT_시뮬레이션 V14.pdf,12,2,Diplomatic Resolution Path],,Tension,VDM-CLAMP,명시 산술의 내부 일관성,명시 수식×변수,준수,0.8,0.8,Tension: 0.90 - 0.05 - 0.05 = 0.80 ✅ [On threshold: Military Options Still Valid],"명시 산식 0.90 - 0.05 - 0.05 = 0.8; 상태값은 VDM max(0,min(1,value))로 계산; 초기값/효과 선택의 정당성과 별개.",Python Decimal; 원문 명시값만,실제 입력 첨부 바이트는 미확인; 보존 VDM과 조건부 대조. 턴·분기는 명시 제목 기반 파싱이며 불완전/재명명 가능. GPT 역할 표지 경계 사용; 표지 유실 구간 미확정. 입력 초기값 출처 및 사건 분류는 이 점검에서 입증하지 않음,아니오,,PDFium second extraction; role boundaries from reviewed records,True,False
PDFIUM-GPT-14-N-00091,GPT-14,runs/raw_logs/GPT-4o/GPT_시뮬레이션 V14.pdf,12,2,Diplomatic Resolution Path],,Leadership_Unity,VDM-CLAMP,명시 산술의 내부 일관성,명시 수식×변수,준수,0.75,0.75,Leadership_Unity: 0.65 + 0.05 + 0.05 = 0.75 ✅ [Stabilizing],"명시 산식 0.65 + 0.05 + 0.05 = 0.75; 상태값은 VDM max(0,min(1,value))로 계산; 초기값/효과 선택의 정당성과 별개.",Python Decimal; 원문 명시값만,실제 입력 첨부 바이트는 미확인; 보존 VDM과 조건부 대조. 턴·분기는 명시 제목 기반 파싱이며 불완전/재명명 가능. GPT 역할 표지 경계 사용; 표지 유실 구간 미확정. 입력 초기값 출처 및 사건 분류는 이 점검에서 입증하지 않음,아니오,,PDFium second extraction; role boundaries from reviewed records,True,False
PDFIUM-GPT-14-N-00102,GPT-14,runs/raw_logs/GPT-4o/GPT_시뮬레이션 V14.pdf,14,3,Most Plausible Path],,Tension,VDM-CLAMP,명시 산술의 내부 일관성,명시 수식×변수,준수,1,1,Tension: 1.00 + 0.05 - 0.05 = 1.00,"명시 산식 1.00 + 0.05 - 0.05 = 1; 상태값은 VDM max(0,min(1,value))로 계산; 초기값/효과 선택의 정당성과 별개.",Python Decimal; 원문 명시값만,실제 입력 첨부 바이트는 미확인; 보존 VDM과 조건부 대조. 턴·분기는 명시 제목 기반 파싱이며 불완전/재명명 가능. GPT 역할 표지 경계 사용; 표지 유실 구간 미확정. 입력 초기값 출처 및 사건 분류는 이 점검에서 입증하지 않음,아니오,,PDFium second extraction; role boundaries from reviewed records,True,False
PDFIUM-GPT-14-N-00105,GPT-14,runs/raw_logs/GPT-4o/GPT_시뮬레이션 V14.pdf,14,3,Most Plausible Path],,Diplomatic_Support,VDM-CLAMP,명시 산술의 내부 일관성,명시 수식×변수,준수,0.99,0.99,Diplomatic_Support: 0.96 - 0.02 + 0.05 = 0.99,"명시 산식 0.96 - 0.02 + 0.05 = 0.99; 상태값은 VDM max(0,min(1,value))로 계산; 초기값/효과 선택의 정당성과 별개.",Python Decimal; 원문 명시값만,실제 입력 첨부 바이트는 미확인; 보존 VDM과 조건부 대조. 턴·분기는 명시 제목 기반 파싱이며 불완전/재명명 가능. GPT 역할 표지 경계 사용; 표지 유실 구간 미확정. 입력 초기값 출처 및 사건 분류는 이 점검에서 입증하지 않음,아니오,,PDFium second extraction; role boundaries from reviewed records,True,False
PDFIUM-GPT-14-N-00108,GPT-14,runs/raw_logs/GPT-4o/GPT_시뮬레이션 V14.pdf,14,3,Most Plausible Path],,Public_Opinion,VDM-CLAMP,명시 산술의 내부 일관성,명시 수식×변수,준수,1,1,Public_Opinion: 0.96 - 0.02 + 0.10 = 1.04 → **Capped at 1.00**,"명시 산식 0.96 - 0.02 + 0.10 = 1.04; 상태값은 VDM max(0,min(1,value))로 계산; 초기값/효과 선택의 정당성과 별개.",Python Decimal; 원문 명시값만,실제 입력 첨부 바이트는 미확인; 보존 VDM과 조건부 대조. 턴·분기는 명시 제목 기반 파싱이며 불완전/재명명 가능. GPT 역할 표지 경계 사용; 표지 유실 구간 미확정. 입력 초기값 출처 및 사건 분류는 이 점검에서 입증하지 않음,아니오,,PDFium second extraction; role boundaries from reviewed records,True,False
PDFIUM-GPT-14-N-00111,GPT-14,runs/raw_logs/GPT-4o/GPT_시뮬레이션 V14.pdf,14,3,Most Plausible Path],,Leadership_Unity,VDM-CLAMP,명시 산술의 내부 일관성,명시 수식×변수,판정 불가,0.55 - 0.05 + 0.10 = **0.60**,,Leadership_Unity: 0.55 - 0.05 + 0.10 = **0.60**,마지막 등식의 연산식/결과값 분리 불가,Python Decimal; 원문 명시값만,실제 입력 첨부 바이트는 미확인; 보존 VDM과 조건부 대조. 턴·분기는 명시 제목 기반 파싱이며 불완전/재명명 가능. GPT 역할 표지 경계 사용; 표지 유실 구간 미확정. ,예,,PDFium second extraction; role boundaries from reviewed records,True,False
PDFIUM-GPT-14-N-00117,GPT-14,runs/raw_logs/GPT-4o/GPT_시뮬레이션 V14.pdf,15,3,Hardline Path],,Tension,VDM-CLAMP,명시 산술의 내부 일관성,명시 수식×변수,준수,0.45,0.45,Tension: 0.30 + 0.15 = 0.45,"명시 산식 0.30 + 0.15 = 0.45; 상태값은 VDM max(0,min(1,value))로 계산; 초기값/효과 선택의 정당성과 별개.",Python Decimal; 원문 명시값만,실제 입력 첨부 바이트는 미확인; 보존 VDM과 조건부 대조. 턴·분기는 명시 제목 기반 파싱이며 불완전/재명명 가능. GPT 역할 표지 경계 사용; 표지 유실 구간 미확정. 입력 초기값 출처 및 사건 분류는 이 점검에서 입증하지 않음,아니오,,PDFium second extraction; role boundaries from reviewed records,True,False
PDFIUM-GPT-14-N-00118,GPT-14,runs/raw_logs/GPT-4o/GPT_시뮬레이션 V14.pdf,16,3,Hardline Path],,Leadership_Unity,VDM-CLAMP,명시 산술의 내부 일관성,명시 수식×변수,준수,0.2,0.2,"Leadership_Unity: 0.30 - 0.10 = 0.20 → Trigger: Internal Division, Coup Risk","명시 산식 0.30 - 0.10 = 0.2; 상태값은 VDM max(0,min(1,value))로 계산; 초기값/효과 선택의 정당성과 별개.",Python Decimal; 원문 명시값만,실제 입력 첨부 바이트는 미확인; 보존 VDM과 조건부 대조. 턴·분기는 명시 제목 기반 파싱이며 불완전/재명명 가능. GPT 역할 표지 경계 사용; 표지 유실 구간 미확정. 입력 초기값 출처 및 사건 분류는 이 점검에서 입증하지 않음,아니오,,PDFium second extraction; role boundaries from reviewed records,True,False
PDFIUM-GPT-14-N-00119,GPT-14,runs/raw_logs/GPT-4o/GPT_시뮬레이션 V14.pdf,16,3,Hardline Path],,Public_Opinion,VDM-CLAMP,명시 산술의 내부 일관성,명시 수식×변수,준수,0.82,0.82,Public_Opinion: 0.87 - 0.05 = 0.82 (Stable),"명시 산식 0.87 - 0.05 = 0.82; 상태값은 VDM max(0,min(1,value))로 계산; 초기값/효과 선택의 정당성과 별개.",Python Decimal; 원문 명시값만,실제 입력 첨부 바이트는 미확인; 보존 VDM과 조건부 대조. 턴·분기는 명시 제목 기반 파싱이며 불완전/재명명 가능. GPT 역할 표지 경계 사용; 표지 유실 구간 미확정. 입력 초기값 출처 및 사건 분류는 이 점검에서 입증하지 않음,아니오,,PDFium second extraction; role boundaries from reviewed records,True,False
PDFIUM-GPT-14-N-00120,GPT-14,runs/raw_logs/GPT-4o/GPT_시뮬레이션 V14.pdf,16,3,Hardline Path],,Leadership_Unity,VDM-CLAMP,명시 산술의 내부 일관성,명시 수식×변수,준수,0.15,0.15,Leadership_Unity: 0.20 - 0.05 = 0.15,"명시 산식 0.20 - 0.05 = 0.15; 상태값은 VDM max(0,min(1,value))로 계산; 초기값/효과 선택의 정당성과 별개.",Python Decimal; 원문 명시값만,실제 입력 첨부 바이트는 미확인; 보존 VDM과 조건부 대조. 턴·분기는 명시 제목 기반 파싱이며 불완전/재명명 가능. GPT 역할 표지 경계 사용; 표지 유실 구간 미확정. 입력 초기값 출처 및 사건 분류는 이 점검에서 입증하지 않음,아니오,,PDFium second extraction; role boundaries from reviewed records,True,False
PDFIUM-GPT-14-N-00121,GPT-14,runs/raw_logs/GPT-4o/GPT_시뮬레이션 V14.pdf,16,3,Hardline Path],,Tension,VDM-CLAMP,명시 산술의 내부 일관성,명시 수식×변수,준수,0.5,0.5,Tension: 0.45 + 0.05 = 0.50,"명시 산식 0.45 + 0.05 = 0.5; 상태값은 VDM max(0,min(1,value))로 계산; 초기값/효과 선택의 정당성과 별개.",Python Decimal; 원문 명시값만,실제 입력 첨부 바이트는 미확인; 보존 VDM과 조건부 대조. 턴·분기는 명시 제목 기반 파싱이며 불완전/재명명 가능. GPT 역할 표지 경계 사용; 표지 유실 구간 미확정. 입력 초기값 출처 및 사건 분류는 이 점검에서 입증하지 않음,아니오,,PDFium second extraction; role boundaries from reviewed records,True,False
PDFIUM-GPT-14-N-00124,GPT-14,runs/raw_logs/GPT-4o/GPT_시뮬레이션 V14.pdf,16,3,Hardline Path],,Diplomatic_Support,VDM-CLAMP,명시 산술의 내부 일관성,명시 수식×변수,준수,0.82,0.82,Diplomatic_Support: 0.89 - 0.05 - 0.02 = 0.82,"명시 산식 0.89 - 0.05 - 0.02 = 0.82; 상태값은 VDM max(0,min(1,value))로 계산; 초기값/효과 선택의 정당성과 별개.",Python Decimal; 원문 명시값만,실제 입력 첨부 바이트는 미확인; 보존 VDM과 조건부 대조. 턴·분기는 명시 제목 기반 파싱이며 불완전/재명명 가능. GPT 역할 표지 경계 사용; 표지 유실 구간 미확정. 입력 초기값 출처 및 사건 분류는 이 점검에서 입증하지 않음,아니오,,PDFium second extraction; role boundaries from reviewed records,True,False
PDFIUM-GPT-14-N-00127,GPT-14,runs/raw_logs/GPT-4o/GPT_시뮬레이션 V14.pdf,16,3,Hardline Path],,Public_Opinion,VDM-CLAMP,명시 산술의 내부 일관성,명시 수식×변수,준수,0.8,0.8,Public_Opinion: 0.82 - 0.02 = 0.80,"명시 산식 0.82 - 0.02 = 0.8; 상태값은 VDM max(0,min(1,value))로 계산; 초기값/효과 선택의 정당성과 별개.",Python Decimal; 원문 명시값만,실제 입력 첨부 바이트는 미확인; 보존 VDM과 조건부 대조. 턴·분기는 명시 제목 기반 파싱이며 불완전/재명명 가능. GPT 역할 표지 경계 사용; 표지 유실 구간 미확정. 입력 초기값 출처 및 사건 분류는 이 점검에서 입증하지 않음,아니오,,PDFium second extraction; role boundaries from reviewed records,True,False
PDFIUM-GPT-14-N-00130,GPT-14,runs/raw_logs/GPT-4o/GPT_시뮬레이션 V14.pdf,16,3,Hardline Path],,Leadership_Unity,VDM-CLAMP,명시 산술의 내부 일관성,명시 수식×변수,판정 불가,0.30 - 0.10 - 0.05 = **0.15**,,Leadership_Unity: 0.30 - 0.10 - 0.05 = **0.15**,마지막 등식의 연산식/결과값 분리 불가,Python Decimal; 원문 명시값만,실제 입력 첨부 바이트는 미확인; 보존 VDM과 조건부 대조. 턴·분기는 명시 제목 기반 파싱이며 불완전/재명명 가능. GPT 역할 표지 경계 사용; 표지 유실 구간 미확정. ,예,,PDFium second extraction; role boundaries from reviewed records,True,False
PDFIUM-GPT-14-N-00132,GPT-14,runs/raw_logs/GPT-4o/GPT_시뮬레이션 V14.pdf,17,3,Diplomatic Path],,Tension,VDM-CLAMP,명시 산술의 내부 일관성,명시 수식×변수,준수,0.7,0.7,Tension: 0.80 - 0.05 - 0.05 = 0.70 ✅,"명시 산식 0.80 - 0.05 - 0.05 = 0.7; 상태값은 VDM max(0,min(1,value))로 계산; 초기값/효과 선택의 정당성과 별개.",Python Decimal; 원문 명시값만,실제 입력 첨부 바이트는 미확인; 보존 VDM과 조건부 대조. 턴·분기는 명시 제목 기반 파싱이며 불완전/재명명 가능. GPT 역할 표지 경계 사용; 표지 유실 구간 미확정. 입력 초기값 출처 및 사건 분류는 이 점검에서 입증하지 않음,아니오,,PDFium second extraction; role boundaries from reviewed records,True,False
PDFIUM-GPT-14-N-00137,GPT-14,runs/raw_logs/GPT-4o/GPT_시뮬레이션 V14.pdf,17,3,Diplomatic Path],,Leadership_Unity,VDM-CLAMP,명시 산술의 내부 일관성,명시 수식×변수,판정 불가,0.75 + 0.05 + 0.05 = **0.85**,,Leadership_Unity: 0.75 + 0.05 + 0.05 = **0.85**,마지막 등식의 연산식/결과값 분리 불가,Python Decimal; 원문 명시값만,실제 입력 첨부 바이트는 미확인; 보존 VDM과 조건부 대조. 턴·분기는 명시 제목 기반 파싱이며 불완전/재명명 가능. GPT 역할 표지 경계 사용; 표지 유실 구간 미확정. ,예,,PDFium second extraction; role boundaries from reviewed records,True,False
PDFIUM-GPT-14-N-00139,GPT-14,runs/raw_logs/GPT-4o/GPT_시뮬레이션 V14.pdf,19,4,Most Plausible Path],,Tension,VDM-CLAMP,명시 산술의 내부 일관성,명시 수식×변수,판정 불가,1.00 - 0.05 - 0.05 = **0.90**,,Tension: 1.00 - 0.05 - 0.05 = **0.90**,마지막 등식의 연산식/결과값 분리 불가,Python Decimal; 원문 명시값만,실제 입력 첨부 바이트는 미확인; 보존 VDM과 조건부 대조. 턴·분기는 명시 제목 기반 파싱이며 불완전/재명명 가능. GPT 역할 표지 경계 사용; 표지 유실 구간 미확정. ,예,,PDFium second extraction; role boundaries from reviewed records,True,False
PDFIUM-GPT-14-N-00141,GPT-14,runs/raw_logs/GPT-4o/GPT_시뮬레이션 V14.pdf,19,4,Most Plausible Path],,Diplomatic_Support,VDM-CLAMP,명시 산술의 내부 일관성,명시 수식×변수,준수,1,1,Diplomatic_Support: 0.99 + 0.10 + 0.10 = **1.19 → Capped at 1.00**,"명시 산식 0.99 + 0.10 + 0.10 = 1.19; 상태값은 VDM max(0,min(1,value))로 계산; 초기값/효과 선택의 정당성과 별개.",Python Decimal; 원문 명시값만,실제 입력 첨부 바이트는 미확인; 보존 VDM과 조건부 대조. 턴·분기는 명시 제목 기반 파싱이며 불완전/재명명 가능. GPT 역할 표지 경계 사용; 표지 유실 구간 미확정. 입력 초기값 출처 및 사건 분류는 이 점검에서 입증하지 않음,아니오,,PDFium second extraction; role boundaries from reviewed records,True,False
PDFIUM-GPT-14-N-00144,GPT-14,runs/raw_logs/GPT-4o/GPT_시뮬레이션 V14.pdf,19,4,Most Plausible Path],,Public_Opinion,VDM-CLAMP,명시 산술의 내부 일관성,명시 수식×변수,준수,1,1,Public_Opinion: 1.00 + 0.05 + 0.05 = **1.10 → Capped at 1.00**,"명시 산식 1.00 + 0.05 + 0.05 = 1.1; 상태값은 VDM max(0,min(1,value))로 계산; 초기값/효과 선택의 정당성과 별개.",Python Decimal; 원문 명시값만,실제 입력 첨부 바이트는 미확인; 보존 VDM과 조건부 대조. 턴·분기는 명시 제목 기반 파싱이며 불완전/재명명 가능. GPT 역할 표지 경계 사용; 표지 유실 구간 미확정. 입력 초기값 출처 및 사건 분류는 이 점검에서 입증하지 않음,아니오,,PDFium second extraction; role boundaries from reviewed records,True,False
PDFIUM-GPT-14-N-00147,GPT-14,runs/raw_logs/GPT-4o/GPT_시뮬레이션 V14.pdf,19,4,Most Plausible Path],,Leadership_Unity,VDM-CLAMP,명시 산술의 내부 일관성,명시 수식×변수,판정 불가,0.60 + 0.05 + 0.05 = **0.70**,,Leadership_Unity: 0.60 + 0.05 + 0.05 = **0.70**,마지막 등식의 연산식/결과값 분리 불가,Python Decimal; 원문 명시값만,실제 입력 첨부 바이트는 미확인; 보존 VDM과 조건부 대조. 턴·분기는 명시 제목 기반 파싱이며 불완전/재명명 가능. GPT 역할 표지 경계 사용; 표지 유실 구간 미확정. ,예,,PDFium second extraction; role boundaries from reviewed records,True,False
PDFIUM-GPT-14-N-00151,GPT-14,runs/raw_logs/GPT-4o/GPT_시뮬레이션 V14.pdf,21,4,Hardline Path],,Tension,VDM-CLAMP,명시 산술의 내부 일관성,명시 수식×변수,판정 불가,0.50 + 0.15 + 0.05 = **0.70**,,Tension: 0.50 + 0.15 + 0.05 = **0.70**,마지막 등식의 연산식/결과값 분리 불가,Python Decimal; 원문 명시값만,실제 입력 첨부 바이트는 미확인; 보존 VDM과 조건부 대조. 턴·분기는 명시 제목 기반 파싱이며 불완전/재명명 가능. GPT 역할 표지 경계 사용; 표지 유실 구간 미확정. ,예,,PDFium second extraction; role boundaries from reviewed records,True,False
PDFIUM-GPT-14-N-00153,GPT-14,runs/raw_logs/GPT-4o/GPT_시뮬레이션 V14.pdf,21,4,Hardline Path],,Diplomatic_Support,VDM-CLAMP,명시 산술의 내부 일관성,명시 수식×변수,판정 불가,0.82 - 0.05 - 0.02 = **0.75**,,Diplomatic_Support: 0.82 - 0.05 - 0.02 = **0.75**,마지막 등식의 연산식/결과값 분리 불가,Python Decimal; 원문 명시값만,실제 입력 첨부 바이트는 미확인; 보존 VDM과 조건부 대조. 턴·분기는 명시 제목 기반 파싱이며 불완전/재명명 가능. GPT 역할 표지 경계 사용; 표지 유실 구간 미확정. ,예,,PDFium second extraction; role boundaries from reviewed records,True,False
PDFIUM-GPT-14-N-00155,GPT-14,runs/raw_logs/GPT-4o/GPT_시뮬레이션 V14.pdf,21,4,Hardline Path],,Public_Opinion,VDM-CLAMP,명시 산술의 내부 일관성,명시 수식×변수,판정 불가,0.80 - 0.05 - 0.02 = **0.73**,,Public_Opinion: 0.80 - 0.05 - 0.02 = **0.73**,마지막 등식의 연산식/결과값 분리 불가,Python Decimal; 원문 명시값만,실제 입력 첨부 바이트는 미확인; 보존 VDM과 조건부 대조. 턴·분기는 명시 제목 기반 파싱이며 불완전/재명명 가능. GPT 역할 표지 경계 사용; 표지 유실 구간 미확정. ,예,,PDFium second extraction; role boundaries from reviewed records,True,False
PDFIUM-GPT-14-N-00157,GPT-14,runs/raw_logs/GPT-4o/GPT_시뮬레이션 V14.pdf,21,4,Hardline Path],,Leadership_Unity,VDM-CLAMP,명시 산술의 내부 일관성,명시 수식×변수,판정 불가,0.15 - 0.10 - 0.05 = **0.00**,,Leadership_Unity: 0.15 - 0.10 - 0.05 = **0.00**,마지막 등식의 연산식/결과값 분리 불가,Python Decimal; 원문 명시값만,실제 입력 첨부 바이트는 미확인; 보존 VDM과 조건부 대조. 턴·분기는 명시 제목 기반 파싱이며 불완전/재명명 가능. GPT 역할 표지 경계 사용; 표지 유실 구간 미확정. ,예,,PDFium second extraction; role boundaries from reviewed records,True,False
PDFIUM-GPT-14-N-00159,GPT-14,runs/raw_logs/GPT-4o/GPT_시뮬레이션 V14.pdf,22,4,Diplomatic Path],,Tension,VDM-CLAMP,명시 산술의 내부 일관성,명시 수식×변수,판정 불가,0.70 - 0.05 - 0.05 = **0.60**,,Tension: 0.70 - 0.05 - 0.05 = **0.60**,마지막 등식의 연산식/결과값 분리 불가,Python Decimal; 원문 명시값만,실제 입력 첨부 바이트는 미확인; 보존 VDM과 조건부 대조. 턴·분기는 명시 제목 기반 파싱이며 불완전/재명명 가능. GPT 역할 표지 경계 사용; 표지 유실 구간 미확정. ,예,,PDFium second extraction; role boundaries from reviewed records,True,False
PDFIUM-GPT-14-N-00161,GPT-14,runs/raw_logs/GPT-4o/GPT_시뮬레이션 V14.pdf,22,4,Diplomatic Path],,Diplomatic_Support,VDM-CLAMP,명시 산술의 내부 일관성,명시 수식×변수,준수,1,1,Diplomatic_Support: 1.00 + 0.10 + 0.10 = **1.20 → Capped at 1.00**,"명시 산식 1.00 + 0.10 + 0.10 = 1.2; 상태값은 VDM max(0,min(1,value))로 계산; 초기값/효과 선택의 정당성과 별개.",Python Decimal; 원문 명시값만,실제 입력 첨부 바이트는 미확인; 보존 VDM과 조건부 대조. 턴·분기는 명시 제목 기반 파싱이며 불완전/재명명 가능. GPT 역할 표지 경계 사용; 표지 유실 구간 미확정. 입력 초기값 출처 및 사건 분류는 이 점검에서 입증하지 않음,아니오,,PDFium second extraction; role boundaries from reviewed records,True,False
PDFIUM-GPT-14-N-00164,GPT-14,runs/raw_logs/GPT-4o/GPT_시뮬레이션 V14.pdf,22,4,Diplomatic Path],,Public_Opinion,VDM-CLAMP,명시 산술의 내부 일관성,명시 수식×변수,준수,1,1,Public_Opinion: 1.00 + 0.05 + 0.05 = **1.10 → Capped at 1.00**,"명시 산식 1.00 + 0.05 + 0.05 = 1.1; 상태값은 VDM max(0,min(1,value))로 계산; 초기값/효과 선택의 정당성과 별개.",Python Decimal; 원문 명시값만,실제 입력 첨부 바이트는 미확인; 보존 VDM과 조건부 대조. 턴·분기는 명시 제목 기반 파싱이며 불완전/재명명 가능. GPT 역할 표지 경계 사용; 표지 유실 구간 미확정. 입력 초기값 출처 및 사건 분류는 이 점검에서 입증하지 않음,아니오,,PDFium second extraction; role boundaries from reviewed records,True,False
PDFIUM-GPT-14-N-00167,GPT-14,runs/raw_logs/GPT-4o/GPT_시뮬레이션 V14.pdf,22,4,Diplomatic Path],,Leadership_Unity,VDM-CLAMP,명시 산술의 내부 일관성,명시 수식×변수,판정 불가,0.85 + 0.05 + 0.05 = **0.95**,,Leadership_Unity: 0.85 + 0.05 + 0.05 = **0.95**,마지막 등식의 연산식/결과값 분리 불가,Python Decimal; 원문 명시값만,실제 입력 첨부 바이트는 미확인; 보존 VDM과 조건부 대조. 턴·분기는 명시 제목 기반 파싱이며 불완전/재명명 가능. GPT 역할 표지 경계 사용; 표지 유실 구간 미확정. ,예,,PDFium second extraction; role boundaries from reviewed records,True,False
PDFIUM-GPT-21-N-00009,GPT-21,runs/raw_logs/GPT-4o/GPT_시뮬레이션 V21.pdf,6,1,Scenario A],,Tension,VDM-CLAMP,명시 산술의 내부 일관성,명시 수식×변수,준수,1,1,Tension: 0.5 + 0.30 (US) + 0.45 (USSR) = 1.0 ✅ (clamped),"명시 산식 0.5 + 0.30 + 0.45 = 1.25; 상태값은 VDM max(0,min(1,value))로 계산; 초기값/효과 선택의 정당성과 별개.",Python Decimal; 원문 명시값만,실제 입력 첨부 바이트는 미확인; 보존 VDM과 조건부 대조. 턴·분기는 명시 제목 기반 파싱이며 불완전/재명명 가능. GPT 역할 표지 경계 사용; 표지 유실 구간 미확정. 입력 초기값 출처 및 사건 분류는 이 점검에서 입증하지 않음,아니오,,PDFium second extraction; role boundaries from reviewed records,True,False
PDFIUM-GPT-21-N-00012,GPT-21,runs/raw_logs/GPT-4o/GPT_시뮬레이션 V21.pdf,6,1,Scenario A],,Diplomatic_Support,VDM-CLAMP,명시 산술의 내부 일관성,명시 수식×변수,준수,0.5,0.5,Diplomatic Support: 0.5 + 0.00 + 0.00 = 0.5,"명시 산식 0.5 + 0.00 + 0.00 = 0.5; 상태값은 VDM max(0,min(1,value))로 계산; 초기값/효과 선택의 정당성과 별개.",Python Decimal; 원문 명시값만,실제 입력 첨부 바이트는 미확인; 보존 VDM과 조건부 대조. 턴·분기는 명시 제목 기반 파싱이며 불완전/재명명 가능. GPT 역할 표지 경계 사용; 표지 유실 구간 미확정. 입력 초기값 출처 및 사건 분류는 이 점검에서 입증하지 않음,아니오,,PDFium second extraction; role boundaries from reviewed records,True,False
PDFIUM-GPT-21-N-00015,GPT-21,runs/raw_logs/GPT-4o/GPT_시뮬레이션 V21.pdf,6,1,Scenario A],,Public_Opinion,VDM-CLAMP,명시 산술의 내부 일관성,명시 수식×변수,준수,0.5,0.5,Public Opinion: 0.5 + 0.00 + 0.00 = 0.5,"명시 산식 0.5 + 0.00 + 0.00 = 0.5; 상태값은 VDM max(0,min(1,value))로 계산; 초기값/효과 선택의 정당성과 별개.",Python Decimal; 원문 명시값만,실제 입력 첨부 바이트는 미확인; 보존 VDM과 조건부 대조. 턴·분기는 명시 제목 기반 파싱이며 불완전/재명명 가능. GPT 역할 표지 경계 사용; 표지 유실 구간 미확정. 입력 초기값 출처 및 사건 분류는 이 점검에서 입증하지 않음,아니오,,PDFium second extraction; role boundaries from reviewed records,True,False
PDFIUM-GPT-21-N-00018,GPT-21,runs/raw_logs/GPT-4o/GPT_시뮬레이션 V21.pdf,6,1,Scenario A],,Leadership_Unity,VDM-CLAMP,명시 산술의 내부 일관성,명시 수식×변수,준수,1,1,Leadership Unity: 0.5 + 0.80 (US) + 0.65 (USSR) = 1.0 ✅ (clamped),"명시 산식 0.5 + 0.80 + 0.65 = 1.95; 상태값은 VDM max(0,min(1,value))로 계산; 초기값/효과 선택의 정당성과 별개.",Python Decimal; 원문 명시값만,실제 입력 첨부 바이트는 미확인; 보존 VDM과 조건부 대조. 턴·분기는 명시 제목 기반 파싱이며 불완전/재명명 가능. GPT 역할 표지 경계 사용; 표지 유실 구간 미확정. 입력 초기값 출처 및 사건 분류는 이 점검에서 입증하지 않음,아니오,,PDFium second extraction; role boundaries from reviewed records,True,False
PDFIUM-GPT-21-N-00029,GPT-21,runs/raw_logs/GPT-4o/GPT_시뮬레이션 V21.pdf,7,1,Scenario B],,Tension,VDM-CLAMP,명시 산술의 내부 일관성,명시 수식×변수,준수,1,1,Tension: 0.5 + 0.15 (US) + 0.45 (USSR) = 1.0 ✅,"명시 산식 0.5 + 0.15 + 0.45 = 1.1; 상태값은 VDM max(0,min(1,value))로 계산; 초기값/효과 선택의 정당성과 별개.",Python Decimal; 원문 명시값만,실제 입력 첨부 바이트는 미확인; 보존 VDM과 조건부 대조. 턴·분기는 명시 제목 기반 파싱이며 불완전/재명명 가능. GPT 역할 표지 경계 사용; 표지 유실 구간 미확정. 입력 초기값 출처 및 사건 분류는 이 점검에서 입증하지 않음,아니오,,PDFium second extraction; role boundaries from reviewed records,True,False
PDFIUM-GPT-21-N-00032,GPT-21,runs/raw_logs/GPT-4o/GPT_시뮬레이션 V21.pdf,7,1,Scenario B],,Diplomatic_Support,VDM-CLAMP,명시 산술의 내부 일관성,명시 수식×변수,준수,0.45,0.45,Diplomatic Support: 0.5 - 0.05 = 0.45,"명시 산식 0.5 - 0.05 = 0.45; 상태값은 VDM max(0,min(1,value))로 계산; 초기값/효과 선택의 정당성과 별개.",Python Decimal; 원문 명시값만,실제 입력 첨부 바이트는 미확인; 보존 VDM과 조건부 대조. 턴·분기는 명시 제목 기반 파싱이며 불완전/재명명 가능. GPT 역할 표지 경계 사용; 표지 유실 구간 미확정. 입력 초기값 출처 및 사건 분류는 이 점검에서 입증하지 않음,아니오,,PDFium second extraction; role boundaries from reviewed records,True,False
PDFIUM-GPT-21-N-00035,GPT-21,runs/raw_logs/GPT-4o/GPT_시뮬레이션 V21.pdf,7,1,Scenario B],,Public_Opinion,VDM-CLAMP,명시 산술의 내부 일관성,명시 수식×변수,준수,0.45,0.45,Public Opinion: 0.5 - 0.05 = 0.45,"명시 산식 0.5 - 0.05 = 0.45; 상태값은 VDM max(0,min(1,value))로 계산; 초기값/효과 선택의 정당성과 별개.",Python Decimal; 원문 명시값만,실제 입력 첨부 바이트는 미확인; 보존 VDM과 조건부 대조. 턴·분기는 명시 제목 기반 파싱이며 불완전/재명명 가능. GPT 역할 표지 경계 사용; 표지 유실 구간 미확정. 입력 초기값 출처 및 사건 분류는 이 점검에서 입증하지 않음,아니오,,PDFium second extraction; role boundaries from reviewed records,True,False
PDFIUM-GPT-21-N-00038,GPT-21,runs/raw_logs/GPT-4o/GPT_시뮬레이션 V21.pdf,7,1,Scenario B],,Leadership_Unity,VDM-CLAMP,명시 산술의 내부 일관성,명시 수식×변수,준수,1,1,Leadership Unity: 0.5 - 0.10 + 0.65 = 1.05 → 1.0 (clamped),"명시 산식 0.5 - 0.10 + 0.65 = 1.05; 상태값은 VDM max(0,min(1,value))로 계산; 초기값/효과 선택의 정당성과 별개.",Python Decimal; 원문 명시값만,실제 입력 첨부 바이트는 미확인; 보존 VDM과 조건부 대조. 턴·분기는 명시 제목 기반 파싱이며 불완전/재명명 가능. GPT 역할 표지 경계 사용; 표지 유실 구간 미확정. 입력 초기값 출처 및 사건 분류는 이 점검에서 입증하지 않음,아니오,,PDFium second extraction; role boundaries from reviewed records,True,False
PDFIUM-GPT-21-N-00049,GPT-21,runs/raw_logs/GPT-4o/GPT_시뮬레이션 V21.pdf,8,1,Scenario C],,Tension,VDM-CLAMP,명시 산술의 내부 일관성,명시 수식×변수,준수,0.4,0.4,Tension: 0.5 - 0.05 - 0.05 = 0.4,"명시 산식 0.5 - 0.05 - 0.05 = 0.4; 상태값은 VDM max(0,min(1,value))로 계산; 초기값/효과 선택의 정당성과 별개.",Python Decimal; 원문 명시값만,실제 입력 첨부 바이트는 미확인; 보존 VDM과 조건부 대조. 턴·분기는 명시 제목 기반 파싱이며 불완전/재명명 가능. GPT 역할 표지 경계 사용; 표지 유실 구간 미확정. 입력 초기값 출처 및 사건 분류는 이 점검에서 입증하지 않음,아니오,,PDFium second extraction; role boundaries from reviewed records,True,False
PDFIUM-GPT-21-N-00052,GPT-21,runs/raw_logs/GPT-4o/GPT_시뮬레이션 V21.pdf,8,1,Scenario C],,Diplomatic_Support,VDM-CLAMP,명시 산술의 내부 일관성,명시 수식×변수,준수,0.7,0.7,Diplomatic Support: 0.5 + 0.10 + 0.10 = 0.7,"명시 산식 0.5 + 0.10 + 0.10 = 0.7; 상태값은 VDM max(0,min(1,value))로 계산; 초기값/효과 선택의 정당성과 별개.",Python Decimal; 원문 명시값만,실제 입력 첨부 바이트는 미확인; 보존 VDM과 조건부 대조. 턴·분기는 명시 제목 기반 파싱이며 불완전/재명명 가능. GPT 역할 표지 경계 사용; 표지 유실 구간 미확정. 입력 초기값 출처 및 사건 분류는 이 점검에서 입증하지 않음,아니오,,PDFium second extraction; role boundaries from reviewed records,True,False
PDFIUM-GPT-21-N-00055,GPT-21,runs/raw_logs/GPT-4o/GPT_시뮬레이션 V21.pdf,8,1,Scenario C],,Public_Opinion,VDM-CLAMP,명시 산술의 내부 일관성,명시 수식×변수,준수,0.6,0.6,Public Opinion: 0.5 + 0.05 + 0.05 = 0.6,"명시 산식 0.5 + 0.05 + 0.05 = 0.6; 상태값은 VDM max(0,min(1,value))로 계산; 초기값/효과 선택의 정당성과 별개.",Python Decimal; 원문 명시값만,실제 입력 첨부 바이트는 미확인; 보존 VDM과 조건부 대조. 턴·분기는 명시 제목 기반 파싱이며 불완전/재명명 가능. GPT 역할 표지 경계 사용; 표지 유실 구간 미확정. 입력 초기값 출처 및 사건 분류는 이 점검에서 입증하지 않음,아니오,,PDFium second extraction; role boundaries from reviewed records,True,False
PDFIUM-GPT-21-N-00058,GPT-21,runs/raw_logs/GPT-4o/GPT_시뮬레이션 V21.pdf,8,1,Scenario C],,Leadership_Unity,VDM-CLAMP,명시 산술의 내부 일관성,명시 수식×변수,준수,0.6,0.6,Leadership Unity: 0.5 + 0.05 + 0.05 = 0.6,"명시 산식 0.5 + 0.05 + 0.05 = 0.6; 상태값은 VDM max(0,min(1,value))로 계산; 초기값/효과 선택의 정당성과 별개.",Python Decimal; 원문 명시값만,실제 입력 첨부 바이트는 미확인; 보존 VDM과 조건부 대조. 턴·분기는 명시 제목 기반 파싱이며 불완전/재명명 가능. GPT 역할 표지 경계 사용; 표지 유실 구간 미확정. 입력 초기값 출처 및 사건 분류는 이 점검에서 입증하지 않음,아니오,,PDFium second extraction; role boundaries from reviewed records,True,False
PDFIUM-GPT-21-N-00061,GPT-21,runs/raw_logs/GPT-4o/GPT_시뮬레이션 V21.pdf,12,2,A1],,Tension,VDM-CLAMP,명시 산술의 내부 일관성,명시 수식×변수,준수,1,1,Tension: 1.0 + 0.05 = 1.0 (clamped),"명시 산식 1.0 + 0.05 = 1.05; 상태값은 VDM max(0,min(1,value))로 계산; 초기값/효과 선택의 정당성과 별개.",Python Decimal; 원문 명시값만,실제 입력 첨부 바이트는 미확인; 보존 VDM과 조건부 대조. 턴·분기는 명시 제목 기반 파싱이며 불완전/재명명 가능. GPT 역할 표지 경계 사용; 표지 유실 구간 미확정. 입력 초기값 출처 및 사건 분류는 이 점검에서 입증하지 않음,아니오,,PDFium second extraction; role boundaries from reviewed records,True,False
PDFIUM-GPT-21-N-00064,GPT-21,runs/raw_logs/GPT-4o/GPT_시뮬레이션 V21.pdf,12,2,A1],,Diplomatic_Support,VDM-CLAMP,명시 산술의 내부 일관성,명시 수식×변수,준수,0.48,0.48,Diplomatic Support: 0.5 - 0.02 = 0.48,"명시 산식 0.5 - 0.02 = 0.48; 상태값은 VDM max(0,min(1,value))로 계산; 초기값/효과 선택의 정당성과 별개.",Python Decimal; 원문 명시값만,실제 입력 첨부 바이트는 미확인; 보존 VDM과 조건부 대조. 턴·분기는 명시 제목 기반 파싱이며 불완전/재명명 가능. GPT 역할 표지 경계 사용; 표지 유실 구간 미확정. 입력 초기값 출처 및 사건 분류는 이 점검에서 입증하지 않음,아니오,,PDFium second extraction; role boundaries from reviewed records,True,False
PDFIUM-GPT-21-N-00067,GPT-21,runs/raw_logs/GPT-4o/GPT_시뮬레이션 V21.pdf,12,2,A1],,Public_Opinion,VDM-CLAMP,명시 산술의 내부 일관성,명시 수식×변수,준수,0.48,0.48,Public Opinion: 0.5 - 0.02 = 0.48,"명시 산식 0.5 - 0.02 = 0.48; 상태값은 VDM max(0,min(1,value))로 계산; 초기값/효과 선택의 정당성과 별개.",Python Decimal; 원문 명시값만,실제 입력 첨부 바이트는 미확인; 보존 VDM과 조건부 대조. 턴·분기는 명시 제목 기반 파싱이며 불완전/재명명 가능. GPT 역할 표지 경계 사용; 표지 유실 구간 미확정. 입력 초기값 출처 및 사건 분류는 이 점검에서 입증하지 않음,아니오,,PDFium second extraction; role boundaries from reviewed records,True,False
PDFIUM-GPT-21-N-00070,GPT-21,runs/raw_logs/GPT-4o/GPT_시뮬레이션 V21.pdf,12,2,A1],,Leadership_Unity,VDM-CLAMP,명시 산술의 내부 일관성,명시 수식×변수,준수,0.95,0.95,Leadership Unity: 1.0 - 0.05 = 0.95,"명시 산식 1.0 - 0.05 = 0.95; 상태값은 VDM max(0,min(1,value))로 계산; 초기값/효과 선택의 정당성과 별개.",Python Decimal; 원문 명시값만,실제 입력 첨부 바이트는 미확인; 보존 VDM과 조건부 대조. 턴·분기는 명시 제목 기반 파싱이며 불완전/재명명 가능. GPT 역할 표지 경계 사용; 표지 유실 구간 미확정. 입력 초기값 출처 및 사건 분류는 이 점검에서 입증하지 않음,아니오,,PDFium second extraction; role boundaries from reviewed records,True,False
PDFIUM-GPT-21-N-00081,GPT-21,runs/raw_logs/GPT-4o/GPT_시뮬레이션 V21.pdf,13,2,B1],,Tension,VDM-CLAMP,명시 산술의 내부 일관성,명시 수식×변수,준수,1,1,Tension: 1.0 + 0.10 = 1.0 (clamped),"명시 산식 1.0 + 0.10 = 1.1; 상태값은 VDM max(0,min(1,value))로 계산; 초기값/효과 선택의 정당성과 별개.",Python Decimal; 원문 명시값만,실제 입력 첨부 바이트는 미확인; 보존 VDM과 조건부 대조. 턴·분기는 명시 제목 기반 파싱이며 불완전/재명명 가능. GPT 역할 표지 경계 사용; 표지 유실 구간 미확정. 입력 초기값 출처 및 사건 분류는 이 점검에서 입증하지 않음,아니오,,PDFium second extraction; role boundaries from reviewed records,True,False
PDFIUM-GPT-21-N-00084,GPT-21,runs/raw_logs/GPT-4o/GPT_시뮬레이션 V21.pdf,13,2,B1],,Diplomatic_Support,VDM-CLAMP,명시 산술의 내부 일관성,명시 수식×변수,준수,0.46,0.46,Diplomatic Support: 0.5 - 0.02 - 0.02 = 0.46,"명시 산식 0.5 - 0.02 - 0.02 = 0.46; 상태값은 VDM max(0,min(1,value))로 계산; 초기값/효과 선택의 정당성과 별개.",Python Decimal; 원문 명시값만,실제 입력 첨부 바이트는 미확인; 보존 VDM과 조건부 대조. 턴·분기는 명시 제목 기반 파싱이며 불완전/재명명 가능. GPT 역할 표지 경계 사용; 표지 유실 구간 미확정. 입력 초기값 출처 및 사건 분류는 이 점검에서 입증하지 않음,아니오,,PDFium second extraction; role boundaries from reviewed records,True,False
PDFIUM-GPT-21-N-00087,GPT-21,runs/raw_logs/GPT-4o/GPT_시뮬레이션 V21.pdf,13,2,B1],,Public_Opinion,VDM-CLAMP,명시 산술의 내부 일관성,명시 수식×변수,준수,0.46,0.46,Public Opinion: 0.5 - 0.02 - 0.02 = 0.46,"명시 산식 0.5 - 0.02 - 0.02 = 0.46; 상태값은 VDM max(0,min(1,value))로 계산; 초기값/효과 선택의 정당성과 별개.",Python Decimal; 원문 명시값만,실제 입력 첨부 바이트는 미확인; 보존 VDM과 조건부 대조. 턴·분기는 명시 제목 기반 파싱이며 불완전/재명명 가능. GPT 역할 표지 경계 사용; 표지 유실 구간 미확정. 입력 초기값 출처 및 사건 분류는 이 점검에서 입증하지 않음,아니오,,PDFium second extraction; role boundaries from reviewed records,True,False
PDFIUM-GPT-21-N-00090,GPT-21,runs/raw_logs/GPT-4o/GPT_시뮬레이션 V21.pdf,13,2,B1],,Leadership_Unity,VDM-CLAMP,명시 산술의 내부 일관성,명시 수식×변수,준수,0.9,0.9,Leadership Unity: 1.0 - 0.05 - 0.05 = 0.90,"명시 산식 1.0 - 0.05 - 0.05 = 0.9; 상태값은 VDM max(0,min(1,value))로 계산; 초기값/효과 선택의 정당성과 별개.",Python Decimal; 원문 명시값만,실제 입력 첨부 바이트는 미확인; 보존 VDM과 조건부 대조. 턴·분기는 명시 제목 기반 파싱이며 불완전/재명명 가능. GPT 역할 표지 경계 사용; 표지 유실 구간 미확정. 입력 초기값 출처 및 사건 분류는 이 점검에서 입증하지 않음,아니오,,PDFium second extraction; role boundaries from reviewed records,True,False
PDFIUM-GPT-21-N-00101,GPT-21,runs/raw_logs/GPT-4o/GPT_시뮬레이션 V21.pdf,14,2,C1],,Tension,VDM-CLAMP,명시 산술의 내부 일관성,명시 수식×변수,준수,0.7,0.7,Tension: 0.5 + 0.10 + 0.10 = 0.7,"명시 산식 0.5 + 0.10 + 0.10 = 0.7; 상태값은 VDM max(0,min(1,value))로 계산; 초기값/효과 선택의 정당성과 별개.",Python Decimal; 원문 명시값만,실제 입력 첨부 바이트는 미확인; 보존 VDM과 조건부 대조. 턴·분기는 명시 제목 기반 파싱이며 불완전/재명명 가능. GPT 역할 표지 경계 사용; 표지 유실 구간 미확정. 입력 초기값 출처 및 사건 분류는 이 점검에서 입증하지 않음,아니오,,PDFium second extraction; role boundaries from reviewed records,True,False
PDFIUM-GPT-21-N-00104,GPT-21,runs/raw_logs/GPT-4o/GPT_시뮬레이션 V21.pdf,14,2,C1],,Diplomatic_Support,VDM-CLAMP,명시 산술의 내부 일관성,명시 수식×변수,준수,0.3,0.3,Diplomatic Support: 0.5 - 0.10 - 0.10 = 0.30,"명시 산식 0.5 - 0.10 - 0.10 = 0.3; 상태값은 VDM max(0,min(1,value))로 계산; 초기값/효과 선택의 정당성과 별개.",Python Decimal; 원문 명시값만,실제 입력 첨부 바이트는 미확인; 보존 VDM과 조건부 대조. 턴·분기는 명시 제목 기반 파싱이며 불완전/재명명 가능. GPT 역할 표지 경계 사용; 표지 유실 구간 미확정. 입력 초기값 출처 및 사건 분류는 이 점검에서 입증하지 않음,아니오,,PDFium second extraction; role boundaries from reviewed records,True,False
PDFIUM-GPT-21-N-00107,GPT-21,runs/raw_logs/GPT-4o/GPT_시뮬레이션 V21.pdf,14,2,C1],,Public_Opinion,VDM-CLAMP,명시 산술의 내부 일관성,명시 수식×변수,준수,0.4,0.4,Public Opinion: 0.5 - 0.05 - 0.05 = 0.40,"명시 산식 0.5 - 0.05 - 0.05 = 0.4; 상태값은 VDM max(0,min(1,value))로 계산; 초기값/효과 선택의 정당성과 별개.",Python Decimal; 원문 명시값만,실제 입력 첨부 바이트는 미확인; 보존 VDM과 조건부 대조. 턴·분기는 명시 제목 기반 파싱이며 불완전/재명명 가능. GPT 역할 표지 경계 사용; 표지 유실 구간 미확정. 입력 초기값 출처 및 사건 분류는 이 점검에서 입증하지 않음,아니오,,PDFium second extraction; role boundaries from reviewed records,True,False
PDFIUM-GPT-21-N-00110,GPT-21,runs/raw_logs/GPT-4o/GPT_시뮬레이션 V21.pdf,14,2,C1],,Leadership_Unity,VDM-CLAMP,명시 산술의 내부 일관성,명시 수식×변수,준수,0.4,0.4,Leadership Unity: 0.5 - 0.05 - 0.05 = 0.40,"명시 산식 0.5 - 0.05 - 0.05 = 0.4; 상태값은 VDM max(0,min(1,value))로 계산; 초기값/효과 선택의 정당성과 별개.",Python Decimal; 원문 명시값만,실제 입력 첨부 바이트는 미확인; 보존 VDM과 조건부 대조. 턴·분기는 명시 제목 기반 파싱이며 불완전/재명명 가능. GPT 역할 표지 경계 사용; 표지 유실 구간 미확정. 입력 초기값 출처 및 사건 분류는 이 점검에서 입증하지 않음,아니오,,PDFium second extraction; role boundaries from reviewed records,True,False
PDFIUM-GPT-21-N-00129,GPT-21,runs/raw_logs/GPT-4o/GPT_시뮬레이션 V21.pdf,17,2,A3-1],,Tension,VDM-CLAMP,명시 산술의 내부 일관성,명시 수식×변수,준수,0.9,0.9,Tension: 1.0 - 0.05 - 0.05 = 0.90,"명시 산식 1.0 - 0.05 - 0.05 = 0.9; 상태값은 VDM max(0,min(1,value))로 계산; 초기값/효과 선택의 정당성과 별개.",Python Decimal; 원문 명시값만,실제 입력 첨부 바이트는 미확인; 보존 VDM과 조건부 대조. 턴·분기는 명시 제목 기반 파싱이며 불완전/재명명 가능. GPT 역할 표지 경계 사용; 표지 유실 구간 미확정. 입력 초기값 출처 및 사건 분류는 이 점검에서 입증하지 않음,아니오,,PDFium second extraction; role boundaries from reviewed records,True,False
PDFIUM-GPT-21-N-00132,GPT-21,runs/raw_logs/GPT-4o/GPT_시뮬레이션 V21.pdf,17,2,A3-1],,Diplomatic_Support,VDM-CLAMP,명시 산술의 내부 일관성,명시 수식×변수,준수,0.58,0.58,Diplomatic Support: 0.48 + 0.05 + 0.05 = 0.58,"명시 산식 0.48 + 0.05 + 0.05 = 0.58; 상태값은 VDM max(0,min(1,value))로 계산; 초기값/효과 선택의 정당성과 별개.",Python Decimal; 원문 명시값만,실제 입력 첨부 바이트는 미확인; 보존 VDM과 조건부 대조. 턴·분기는 명시 제목 기반 파싱이며 불완전/재명명 가능. GPT 역할 표지 경계 사용; 표지 유실 구간 미확정. 입력 초기값 출처 및 사건 분류는 이 점검에서 입증하지 않음,아니오,,PDFium second extraction; role boundaries from reviewed records,True,False
PDFIUM-GPT-21-N-00135,GPT-21,runs/raw_logs/GPT-4o/GPT_시뮬레이션 V21.pdf,17,2,A3-1],,Public_Opinion,VDM-CLAMP,명시 산술의 내부 일관성,명시 수식×변수,준수,0.68,0.68,Public Opinion: 0.48 + 0.10 + 0.10 = 0.68,"명시 산식 0.48 + 0.10 + 0.10 = 0.68; 상태값은 VDM max(0,min(1,value))로 계산; 초기값/효과 선택의 정당성과 별개.",Python Decimal; 원문 명시값만,실제 입력 첨부 바이트는 미확인; 보존 VDM과 조건부 대조. 턴·분기는 명시 제목 기반 파싱이며 불완전/재명명 가능. GPT 역할 표지 경계 사용; 표지 유실 구간 미확정. 입력 초기값 출처 및 사건 분류는 이 점검에서 입증하지 않음,아니오,,PDFium second extraction; role boundaries from reviewed records,True,False
PDFIUM-GPT-21-N-00138,GPT-21,runs/raw_logs/GPT-4o/GPT_시뮬레이션 V21.pdf,17,2,A3-1],,Leadership_Unity,VDM-CLAMP,명시 산술의 내부 일관성,명시 수식×변수,준수,1,1,Leadership Unity: 0.95 + 0.10 + 0.10 = 1.0,"명시 산식 0.95 + 0.10 + 0.10 = 1.15; 상태값은 VDM max(0,min(1,value))로 계산; 초기값/효과 선택의 정당성과 별개.",Python Decimal; 원문 명시값만,실제 입력 첨부 바이트는 미확인; 보존 VDM과 조건부 대조. 턴·분기는 명시 제목 기반 파싱이며 불완전/재명명 가능. GPT 역할 표지 경계 사용; 표지 유실 구간 미확정. 입력 초기값 출처 및 사건 분류는 이 점검에서 입증하지 않음,아니오,,PDFium second extraction; role boundaries from reviewed records,True,False
PDFIUM-GPT-21-N-00149,GPT-21,runs/raw_logs/GPT-4o/GPT_시뮬레이션 V21.pdf,18,2,A3-2],,Tension,VDM-CLAMP,명시 산술의 내부 일관성,명시 수식×변수,준수,1,1,Tension: 1.0 + 0.15 + 0.05 = 1.0,"명시 산식 1.0 + 0.15 + 0.05 = 1.2; 상태값은 VDM max(0,min(1,value))로 계산; 초기값/효과 선택의 정당성과 별개.",Python Decimal; 원문 명시값만,실제 입력 첨부 바이트는 미확인; 보존 VDM과 조건부 대조. 턴·분기는 명시 제목 기반 파싱이며 불완전/재명명 가능. GPT 역할 표지 경계 사용; 표지 유실 구간 미확정. 입력 초기값 출처 및 사건 분류는 이 점검에서 입증하지 않음,아니오,,PDFium second extraction; role boundaries from reviewed records,True,False
PDFIUM-GPT-21-N-00152,GPT-21,runs/raw_logs/GPT-4o/GPT_시뮬레이션 V21.pdf,18,2,A3-2],,Diplomatic_Support,VDM-CLAMP,명시 산술의 내부 일관성,명시 수식×변수,준수,0.41,0.41,Diplomatic Support: 0.48 - 0.05 - 0.02 = 0.41,"명시 산식 0.48 - 0.05 - 0.02 = 0.41; 상태값은 VDM max(0,min(1,value))로 계산; 초기값/효과 선택의 정당성과 별개.",Python Decimal; 원문 명시값만,실제 입력 첨부 바이트는 미확인; 보존 VDM과 조건부 대조. 턴·분기는 명시 제목 기반 파싱이며 불완전/재명명 가능. GPT 역할 표지 경계 사용; 표지 유실 구간 미확정. 입력 초기값 출처 및 사건 분류는 이 점검에서 입증하지 않음,아니오,,PDFium second extraction; role boundaries from reviewed records,True,False
PDFIUM-GPT-21-N-00155,GPT-21,runs/raw_logs/GPT-4o/GPT_시뮬레이션 V21.pdf,18,2,A3-2],,Public_Opinion,VDM-CLAMP,명시 산술의 내부 일관성,명시 수식×변수,준수,0.41,0.41,Public Opinion: 0.48 - 0.05 - 0.02 = 0.41,"명시 산식 0.48 - 0.05 - 0.02 = 0.41; 상태값은 VDM max(0,min(1,value))로 계산; 초기값/효과 선택의 정당성과 별개.",Python Decimal; 원문 명시값만,실제 입력 첨부 바이트는 미확인; 보존 VDM과 조건부 대조. 턴·분기는 명시 제목 기반 파싱이며 불완전/재명명 가능. GPT 역할 표지 경계 사용; 표지 유실 구간 미확정. 입력 초기값 출처 및 사건 분류는 이 점검에서 입증하지 않음,아니오,,PDFium second extraction; role boundaries from reviewed records,True,False
PDFIUM-GPT-21-N-00158,GPT-21,runs/raw_logs/GPT-4o/GPT_시뮬레이션 V21.pdf,18,2,A3-2],,Leadership_Unity,VDM-CLAMP,명시 산술의 내부 일관성,명시 수식×변수,준수,0.8,0.8,Leadership Unity: 0.95 - 0.10 - 0.05 = 0.80,"명시 산식 0.95 - 0.10 - 0.05 = 0.8; 상태값은 VDM max(0,min(1,value))로 계산; 초기값/효과 선택의 정당성과 별개.",Python Decimal; 원문 명시값만,실제 입력 첨부 바이트는 미확인; 보존 VDM과 조건부 대조. 턴·분기는 명시 제목 기반 파싱이며 불완전/재명명 가능. GPT 역할 표지 경계 사용; 표지 유실 구간 미확정. 입력 초기값 출처 및 사건 분류는 이 점검에서 입증하지 않음,아니오,,PDFium second extraction; role boundaries from reviewed records,True,False
PDFIUM-GPT-21-N-00169,GPT-21,runs/raw_logs/GPT-4o/GPT_시뮬레이션 V21.pdf,18,2,A3-3],,Tension,VDM-CLAMP,명시 산술의 내부 일관성,명시 수식×변수,준수,1,1,Tension: 1.0 + 0.10 + 0.10 = 1.0,"명시 산식 1.0 + 0.10 + 0.10 = 1.2; 상태값은 VDM max(0,min(1,value))로 계산; 초기값/효과 선택의 정당성과 별개.",Python Decimal; 원문 명시값만,실제 입력 첨부 바이트는 미확인; 보존 VDM과 조건부 대조. 턴·분기는 명시 제목 기반 파싱이며 불완전/재명명 가능. GPT 역할 표지 경계 사용; 표지 유실 구간 미확정. 입력 초기값 출처 및 사건 분류는 이 점검에서 입증하지 않음,아니오,,PDFium second extraction; role boundaries from reviewed records,True,False
PDFIUM-GPT-21-N-00172,GPT-21,runs/raw_logs/GPT-4o/GPT_시뮬레이션 V21.pdf,18,2,A3-3],,Diplomatic_Support,VDM-CLAMP,명시 산술의 내부 일관성,명시 수식×변수,준수,0.28,0.28,Diplomatic Support: 0.48 - 0.10 - 0.10 = 0.28,"명시 산식 0.48 - 0.10 - 0.10 = 0.28; 상태값은 VDM max(0,min(1,value))로 계산; 초기값/효과 선택의 정당성과 별개.",Python Decimal; 원문 명시값만,실제 입력 첨부 바이트는 미확인; 보존 VDM과 조건부 대조. 턴·분기는 명시 제목 기반 파싱이며 불완전/재명명 가능. GPT 역할 표지 경계 사용; 표지 유실 구간 미확정. 입력 초기값 출처 및 사건 분류는 이 점검에서 입증하지 않음,아니오,,PDFium second extraction; role boundaries from reviewed records,True,False
PDFIUM-GPT-21-N-00175,GPT-21,runs/raw_logs/GPT-4o/GPT_시뮬레이션 V21.pdf,18,2,A3-3],,Public_Opinion,VDM-CLAMP,명시 산술의 내부 일관성,명시 수식×변수,준수,0.38,0.38,Public Opinion: 0.48 - 0.05 - 0.05 = 0.38,"명시 산식 0.48 - 0.05 - 0.05 = 0.38; 상태값은 VDM max(0,min(1,value))로 계산; 초기값/효과 선택의 정당성과 별개.",Python Decimal; 원문 명시값만,실제 입력 첨부 바이트는 미확인; 보존 VDM과 조건부 대조. 턴·분기는 명시 제목 기반 파싱이며 불완전/재명명 가능. GPT 역할 표지 경계 사용; 표지 유실 구간 미확정. 입력 초기값 출처 및 사건 분류는 이 점검에서 입증하지 않음,아니오,,PDFium second extraction; role boundaries from reviewed records,True,False
PDFIUM-GPT-21-N-00178,GPT-21,runs/raw_logs/GPT-4o/GPT_시뮬레이션 V21.pdf,18,2,A3-3],,Leadership_Unity,VDM-CLAMP,명시 산술의 내부 일관성,명시 수식×변수,준수,0.85,0.85,Leadership Unity: 0.95 - 0.05 - 0.05 = 0.85,"명시 산식 0.95 - 0.05 - 0.05 = 0.85; 상태값은 VDM max(0,min(1,value))로 계산; 초기값/효과 선택의 정당성과 별개.",Python Decimal; 원문 명시값만,실제 입력 첨부 바이트는 미확인; 보존 VDM과 조건부 대조. 턴·분기는 명시 제목 기반 파싱이며 불완전/재명명 가능. GPT 역할 표지 경계 사용; 표지 유실 구간 미확정. 입력 초기값 출처 및 사건 분류는 이 점검에서 입증하지 않음,아니오,,PDFium second extraction; role boundaries from reviewed records,True,False
PDFIUM-GPT-21-N-00197,GPT-21,runs/raw_logs/GPT-4o/GPT_시뮬레이션 V21.pdf,22,4,A4-1],,Tension,VDM-CLAMP,명시 산술의 내부 일관성,명시 수식×변수,준수,0.8,0.8,Tension: 0.90 - 0.05 - 0.05 = 0.80,"명시 산식 0.90 - 0.05 - 0.05 = 0.8; 상태값은 VDM max(0,min(1,value))로 계산; 초기값/효과 선택의 정당성과 별개.",Python Decimal; 원문 명시값만,실제 입력 첨부 바이트는 미확인; 보존 VDM과 조건부 대조. 턴·분기는 명시 제목 기반 파싱이며 불완전/재명명 가능. GPT 역할 표지 경계 사용; 표지 유실 구간 미확정. 입력 초기값 출처 및 사건 분류는 이 점검에서 입증하지 않음,아니오,,PDFium second extraction; role boundaries from reviewed records,True,False
PDFIUM-GPT-21-N-00200,GPT-21,runs/raw_logs/GPT-4o/GPT_시뮬레이션 V21.pdf,22,4,A4-1],,Diplomatic_Support,VDM-CLAMP,명시 산술의 내부 일관성,명시 수식×변수,준수,0.73,0.73,Diplomatic Support: 0.58 + 0.05 + 0.10 = 0.73,"명시 산식 0.58 + 0.05 + 0.10 = 0.73; 상태값은 VDM max(0,min(1,value))로 계산; 초기값/효과 선택의 정당성과 별개.",Python Decimal; 원문 명시값만,실제 입력 첨부 바이트는 미확인; 보존 VDM과 조건부 대조. 턴·분기는 명시 제목 기반 파싱이며 불완전/재명명 가능. GPT 역할 표지 경계 사용; 표지 유실 구간 미확정. 입력 초기값 출처 및 사건 분류는 이 점검에서 입증하지 않음,아니오,,PDFium second extraction; role boundaries from reviewed records,True,False
PDFIUM-GPT-21-N-00203,GPT-21,runs/raw_logs/GPT-4o/GPT_시뮬레이션 V21.pdf,22,4,A4-1],,Public_Opinion,VDM-CLAMP,명시 산술의 내부 일관성,명시 수식×변수,준수,0.83,0.83,Public Opinion: 0.68 + 0.10 + 0.05 = 0.83,"명시 산식 0.68 + 0.10 + 0.05 = 0.83; 상태값은 VDM max(0,min(1,value))로 계산; 초기값/효과 선택의 정당성과 별개.",Python Decimal; 원문 명시값만,실제 입력 첨부 바이트는 미확인; 보존 VDM과 조건부 대조. 턴·분기는 명시 제목 기반 파싱이며 불완전/재명명 가능. GPT 역할 표지 경계 사용; 표지 유실 구간 미확정. 입력 초기값 출처 및 사건 분류는 이 점검에서 입증하지 않음,아니오,,PDFium second extraction; role boundaries from reviewed records,True,False
PDFIUM-GPT-21-N-00206,GPT-21,runs/raw_logs/GPT-4o/GPT_시뮬레이션 V21.pdf,22,4,A4-1],,Leadership_Unity,VDM-CLAMP,명시 산술의 내부 일관성,명시 수식×변수,준수,1,1,Leadership Unity: 1.0 + 0.10 + 0.05 = 1.0,"명시 산식 1.0 + 0.10 + 0.05 = 1.15; 상태값은 VDM max(0,min(1,value))로 계산; 초기값/효과 선택의 정당성과 별개.",Python Decimal; 원문 명시값만,실제 입력 첨부 바이트는 미확인; 보존 VDM과 조건부 대조. 턴·분기는 명시 제목 기반 파싱이며 불완전/재명명 가능. GPT 역할 표지 경계 사용; 표지 유실 구간 미확정. 입력 초기값 출처 및 사건 분류는 이 점검에서 입증하지 않음,아니오,,PDFium second extraction; role boundaries from reviewed records,True,False
PDFIUM-GPT-21-N-00217,GPT-21,runs/raw_logs/GPT-4o/GPT_시뮬레이션 V21.pdf,23,4,A4-2],,Tension,VDM-CLAMP,명시 산술의 내부 일관성,명시 수식×변수,준수,1,1,Tension: 0.90 + 0.15 + 0.05 = 1.0,"명시 산식 0.90 + 0.15 + 0.05 = 1.1; 상태값은 VDM max(0,min(1,value))로 계산; 초기값/효과 선택의 정당성과 별개.",Python Decimal; 원문 명시값만,실제 입력 첨부 바이트는 미확인; 보존 VDM과 조건부 대조. 턴·분기는 명시 제목 기반 파싱이며 불완전/재명명 가능. GPT 역할 표지 경계 사용; 표지 유실 구간 미확정. 입력 초기값 출처 및 사건 분류는 이 점검에서 입증하지 않음,아니오,,PDFium second extraction; role boundaries from reviewed records,True,False
PDFIUM-GPT-21-N-00220,GPT-21,runs/raw_logs/GPT-4o/GPT_시뮬레이션 V21.pdf,23,4,A4-2],,Diplomatic_Support,VDM-CLAMP,명시 산술의 내부 일관성,명시 수식×변수,준수,0.51,0.51,Diplomatic Support: 0.58 - 0.05 - 0.02 = 0.51,"명시 산식 0.58 - 0.05 - 0.02 = 0.51; 상태값은 VDM max(0,min(1,value))로 계산; 초기값/효과 선택의 정당성과 별개.",Python Decimal; 원문 명시값만,실제 입력 첨부 바이트는 미확인; 보존 VDM과 조건부 대조. 턴·분기는 명시 제목 기반 파싱이며 불완전/재명명 가능. GPT 역할 표지 경계 사용; 표지 유실 구간 미확정. 입력 초기값 출처 및 사건 분류는 이 점검에서 입증하지 않음,아니오,,PDFium second extraction; role boundaries from reviewed records,True,False
PDFIUM-GPT-21-N-00223,GPT-21,runs/raw_logs/GPT-4o/GPT_시뮬레이션 V21.pdf,23,4,A4-2],,Public_Opinion,VDM-CLAMP,명시 산술의 내부 일관성,명시 수식×변수,준수,0.61,0.61,Public Opinion: 0.68 - 0.05 - 0.02 = 0.61,"명시 산식 0.68 - 0.05 - 0.02 = 0.61; 상태값은 VDM max(0,min(1,value))로 계산; 초기값/효과 선택의 정당성과 별개.",Python Decimal; 원문 명시값만,실제 입력 첨부 바이트는 미확인; 보존 VDM과 조건부 대조. 턴·분기는 명시 제목 기반 파싱이며 불완전/재명명 가능. GPT 역할 표지 경계 사용; 표지 유실 구간 미확정. 입력 초기값 출처 및 사건 분류는 이 점검에서 입증하지 않음,아니오,,PDFium second extraction; role boundaries from reviewed records,True,False
PDFIUM-GPT-21-N-00226,GPT-21,runs/raw_logs/GPT-4o/GPT_시뮬레이션 V21.pdf,23,4,A4-2],,Leadership_Unity,VDM-CLAMP,명시 산술의 내부 일관성,명시 수식×변수,준수,0.85,0.85,Leadership Unity: 1.0 - 0.10 - 0.05 = 0.85,"명시 산식 1.0 - 0.10 - 0.05 = 0.85; 상태값은 VDM max(0,min(1,value))로 계산; 초기값/효과 선택의 정당성과 별개.",Python Decimal; 원문 명시값만,실제 입력 첨부 바이트는 미확인; 보존 VDM과 조건부 대조. 턴·분기는 명시 제목 기반 파싱이며 불완전/재명명 가능. GPT 역할 표지 경계 사용; 표지 유실 구간 미확정. 입력 초기값 출처 및 사건 분류는 이 점검에서 입증하지 않음,아니오,,PDFium second extraction; role boundaries from reviewed records,True,False
PDFIUM-GPT-21-N-00237,GPT-21,runs/raw_logs/GPT-4o/GPT_시뮬레이션 V21.pdf,24,4,A4-3],,Tension,VDM-CLAMP,명시 산술의 내부 일관성,명시 수식×변수,준수,1,1,Tension: 0.90 + 0.10 + 0.05 = 1.0,"명시 산식 0.90 + 0.10 + 0.05 = 1.05; 상태값은 VDM max(0,min(1,value))로 계산; 초기값/효과 선택의 정당성과 별개.",Python Decimal; 원문 명시값만,실제 입력 첨부 바이트는 미확인; 보존 VDM과 조건부 대조. 턴·분기는 명시 제목 기반 파싱이며 불완전/재명명 가능. GPT 역할 표지 경계 사용; 표지 유실 구간 미확정. 입력 초기값 출처 및 사건 분류는 이 점검에서 입증하지 않음,아니오,,PDFium second extraction; role boundaries from reviewed records,True,False
PDFIUM-GPT-21-N-00240,GPT-21,runs/raw_logs/GPT-4o/GPT_시뮬레이션 V21.pdf,24,4,A4-3],,Diplomatic_Support,VDM-CLAMP,명시 산술의 내부 일관성,명시 수식×변수,준수,0.46,0.46,Diplomatic Support: 0.58 - 0.10 - 0.02 = 0.46,"명시 산식 0.58 - 0.10 - 0.02 = 0.46; 상태값은 VDM max(0,min(1,value))로 계산; 초기값/효과 선택의 정당성과 별개.",Python Decimal; 원문 명시값만,실제 입력 첨부 바이트는 미확인; 보존 VDM과 조건부 대조. 턴·분기는 명시 제목 기반 파싱이며 불완전/재명명 가능. GPT 역할 표지 경계 사용; 표지 유실 구간 미확정. 입력 초기값 출처 및 사건 분류는 이 점검에서 입증하지 않음,아니오,,PDFium second extraction; role boundaries from reviewed records,True,False
PDFIUM-GPT-21-N-00243,GPT-21,runs/raw_logs/GPT-4o/GPT_시뮬레이션 V21.pdf,24,4,A4-3],,Public_Opinion,VDM-CLAMP,명시 산술의 내부 일관성,명시 수식×변수,준수,0.61,0.61,Public Opinion: 0.68 - 0.05 - 0.02 = 0.61,"명시 산식 0.68 - 0.05 - 0.02 = 0.61; 상태값은 VDM max(0,min(1,value))로 계산; 초기값/효과 선택의 정당성과 별개.",Python Decimal; 원문 명시값만,실제 입력 첨부 바이트는 미확인; 보존 VDM과 조건부 대조. 턴·분기는 명시 제목 기반 파싱이며 불완전/재명명 가능. GPT 역할 표지 경계 사용; 표지 유실 구간 미확정. 입력 초기값 출처 및 사건 분류는 이 점검에서 입증하지 않음,아니오,,PDFium second extraction; role boundaries from reviewed records,True,False
PDFIUM-GPT-21-N-00246,GPT-21,runs/raw_logs/GPT-4o/GPT_시뮬레이션 V21.pdf,24,4,A4-3],,Leadership_Unity,VDM-CLAMP,명시 산술의 내부 일관성,명시 수식×변수,준수,0.9,0.9,Leadership Unity: 1.0 - 0.05 - 0.05 = 0.90,"명시 산식 1.0 - 0.05 - 0.05 = 0.9; 상태값은 VDM max(0,min(1,value))로 계산; 초기값/효과 선택의 정당성과 별개.",Python Decimal; 원문 명시값만,실제 입력 첨부 바이트는 미확인; 보존 VDM과 조건부 대조. 턴·분기는 명시 제목 기반 파싱이며 불완전/재명명 가능. GPT 역할 표지 경계 사용; 표지 유실 구간 미확정. 입력 초기값 출처 및 사건 분류는 이 점검에서 입증하지 않음,아니오,,PDFium second extraction; role boundaries from reviewed records,True,False
PDFIUM-GPT-22-N-00023,GPT-22,runs/raw_logs/GPT-4o/GPT_시뮬레이션 V22.pdf,6,1,Hardline Response Path],,Diplomatic_Support,VDM-CLAMP,명시 산술의 내부 일관성,명시 수식×변수,판정 불가,-0.05 - 0.6 = clamped to 0.0,,Diplomatic Support: -0.05 - 0.6 = clamped to 0.0,변화량 합계 뒤 절대 후상태가 제시되었으나 기준값이 식에 없음,Python Decimal; 원문 명시값만,실제 입력 첨부 바이트는 미확인; 보존 VDM과 조건부 대조. 턴·분기는 명시 제목 기반 파싱이며 불완전/재명명 가능. GPT 역할 표지 경계 사용; 표지 유실 구간 미확정. ,예,,PDFium second extraction; role boundaries from reviewed records,True,False
PDFIUM-GPT-22-N-00035,GPT-22,runs/raw_logs/GPT-4o/GPT_시뮬레이션 V22.pdf,10,4,Combination 1,,Tension,VDM-CLAMP,명시 산술의 내부 일관성,명시 수식×변수,준수,0,0,Tension: +0.05 - 0.05 = 0.0,명시 산식 +0.05 - 0.05 = 0; 변화량 합계로 계산; 초기값/효과 선택의 정당성과 별개.,Python Decimal; 원문 명시값만,실제 입력 첨부 바이트는 미확인; 보존 VDM과 조건부 대조. 턴·분기는 명시 제목 기반 파싱이며 불완전/재명명 가능. GPT 역할 표지 경계 사용; 표지 유실 구간 미확정. 입력 초기값 출처 및 사건 분류는 이 점검에서 입증하지 않음,아니오,,PDFium second extraction; role boundaries from reviewed records,True,False
PDFIUM-GPT-22-N-00036,GPT-22,runs/raw_logs/GPT-4o/GPT_시뮬레이션 V22.pdf,10,4,Combination 1,,Diplomatic_Support,VDM-CLAMP,명시 산술의 내부 일관성,명시 수식×변수,준수,0.08,0.08,Diplomatic Support: -0.02 + 0.10 = +0.08,명시 산식 -0.02 + 0.10 = 0.08; 변화량 합계로 계산; 초기값/효과 선택의 정당성과 별개.,Python Decimal; 원문 명시값만,실제 입력 첨부 바이트는 미확인; 보존 VDM과 조건부 대조. 턴·분기는 명시 제목 기반 파싱이며 불완전/재명명 가능. GPT 역할 표지 경계 사용; 표지 유실 구간 미확정. 입력 초기값 출처 및 사건 분류는 이 점검에서 입증하지 않음,아니오,,PDFium second extraction; role boundaries from reviewed records,True,False
PDFIUM-GPT-22-N-00037,GPT-22,runs/raw_logs/GPT-4o/GPT_시뮬레이션 V22.pdf,10,4,Combination 1,,Public_Opinion,VDM-CLAMP,명시 산술의 내부 일관성,명시 수식×변수,준수,0.03,0.03,Public Opinion: -0.02 + 0.05 = +0.03,명시 산식 -0.02 + 0.05 = 0.03; 변화량 합계로 계산; 초기값/효과 선택의 정당성과 별개.,Python Decimal; 원문 명시값만,실제 입력 첨부 바이트는 미확인; 보존 VDM과 조건부 대조. 턴·분기는 명시 제목 기반 파싱이며 불완전/재명명 가능. GPT 역할 표지 경계 사용; 표지 유실 구간 미확정. 입력 초기값 출처 및 사건 분류는 이 점검에서 입증하지 않음,아니오,,PDFium second extraction; role boundaries from reviewed records,True,False
PDFIUM-GPT-22-N-00038,GPT-22,runs/raw_logs/GPT-4o/GPT_시뮬레이션 V22.pdf,10,4,Combination 1,,Leadership_Unity,VDM-CLAMP,명시 산술의 내부 일관성,명시 수식×변수,준수,0,0,Leadership Unity: -0.05 + 0.05 = 0.0,명시 산식 -0.05 + 0.05 = 0; 변화량 합계로 계산; 초기값/효과 선택의 정당성과 별개.,Python Decimal; 원문 명시값만,실제 입력 첨부 바이트는 미확인; 보존 VDM과 조건부 대조. 턴·분기는 명시 제목 기반 파싱이며 불완전/재명명 가능. GPT 역할 표지 경계 사용; 표지 유실 구간 미확정. 입력 초기값 출처 및 사건 분류는 이 점검에서 입증하지 않음,아니오,,PDFium second extraction; role boundaries from reviewed records,True,False
PDFIUM-GPT-22-N-00039,GPT-22,runs/raw_logs/GPT-4o/GPT_시뮬레이션 V22.pdf,11,4,Combination 2,,Tension,VDM-CLAMP,명시 산술의 내부 일관성,명시 수식×변수,준수,0.6,0.6,Tension: +0.15 + 0.45 = +0.60,명시 산식 +0.15 + 0.45 = 0.6; 변화량 합계로 계산; 초기값/효과 선택의 정당성과 별개.,Python Decimal; 원문 명시값만,실제 입력 첨부 바이트는 미확인; 보존 VDM과 조건부 대조. 턴·분기는 명시 제목 기반 파싱이며 불완전/재명명 가능. GPT 역할 표지 경계 사용; 표지 유실 구간 미확정. 입력 초기값 출처 및 사건 분류는 이 점검에서 입증하지 않음,아니오,,PDFium second extraction; role boundaries from reviewed records,True,False
PDFIUM-GPT-22-N-00040,GPT-22,runs/raw_logs/GPT-4o/GPT_시뮬레이션 V22.pdf,11,4,Combination 2,,Leadership_Unity,VDM-CLAMP,명시 산술의 내부 일관성,명시 수식×변수,준수,0.55,0.55,Leadership Unity: -0.10 + 0.65 = +0.55,명시 산식 -0.10 + 0.65 = 0.55; 변화량 합계로 계산; 초기값/효과 선택의 정당성과 별개.,Python Decimal; 원문 명시값만,실제 입력 첨부 바이트는 미확인; 보존 VDM과 조건부 대조. 턴·분기는 명시 제목 기반 파싱이며 불완전/재명명 가능. GPT 역할 표지 경계 사용; 표지 유실 구간 미확정. 입력 초기값 출처 및 사건 분류는 이 점검에서 입증하지 않음,아니오,,PDFium second extraction; role boundaries from reviewed records,True,False
PDFIUM-GPT-23-N-00007,GPT-23,runs/raw_logs/GPT-4o/GPT_시뮬레이션 V23.pdf,6,1,Most Plausible Path,,Tension,VDM-CLAMP,명시 산술의 내부 일관성,명시 수식×변수,준수,1,1,tension: 0.5 + 0.05 + 0.45 = 1.0 ✅ Trigger,"명시 산식 0.5 + 0.05 + 0.45 = 1; 상태값은 VDM max(0,min(1,value))로 계산; 초기값/효과 선택의 정당성과 별개.",Python Decimal; 원문 명시값만,실제 입력 첨부 바이트는 미확인; 보존 VDM과 조건부 대조. 턴·분기는 명시 제목 기반 파싱이며 불완전/재명명 가능. GPT 역할 표지 경계 사용; 표지 유실 구간 미확정. 입력 초기값 출처 및 사건 분류는 이 점검에서 입증하지 않음,아니오,,PDFium second extraction; role boundaries from reviewed records,True,False
PDFIUM-GPT-23-N-00010,GPT-23,runs/raw_logs/GPT-4o/GPT_시뮬레이션 V23.pdf,6,1,Most Plausible Path,,Diplomatic_Support,VDM-CLAMP,명시 산술의 내부 일관성,명시 수식×변수,준수,0.48,0.48,diplomatic_support: 0.5 - 0.02 = 0.48,"명시 산식 0.5 - 0.02 = 0.48; 상태값은 VDM max(0,min(1,value))로 계산; 초기값/효과 선택의 정당성과 별개.",Python Decimal; 원문 명시값만,실제 입력 첨부 바이트는 미확인; 보존 VDM과 조건부 대조. 턴·분기는 명시 제목 기반 파싱이며 불완전/재명명 가능. GPT 역할 표지 경계 사용; 표지 유실 구간 미확정. 입력 초기값 출처 및 사건 분류는 이 점검에서 입증하지 않음,아니오,,PDFium second extraction; role boundaries from reviewed records,True,False
PDFIUM-GPT-23-N-00013,GPT-23,runs/raw_logs/GPT-4o/GPT_시뮬레이션 V23.pdf,6,1,Most Plausible Path,,Public_Opinion,VDM-CLAMP,명시 산술의 내부 일관성,명시 수식×변수,준수,0.48,0.48,public_opinion: 0.5 - 0.02 = 0.48,"명시 산식 0.5 - 0.02 = 0.48; 상태값은 VDM max(0,min(1,value))로 계산; 초기값/효과 선택의 정당성과 별개.",Python Decimal; 원문 명시값만,실제 입력 첨부 바이트는 미확인; 보존 VDM과 조건부 대조. 턴·분기는 명시 제목 기반 파싱이며 불완전/재명명 가능. GPT 역할 표지 경계 사용; 표지 유실 구간 미확정. 입력 초기값 출처 및 사건 분류는 이 점검에서 입증하지 않음,아니오,,PDFium second extraction; role boundaries from reviewed records,True,False
PDFIUM-GPT-23-N-00016,GPT-23,runs/raw_logs/GPT-4o/GPT_시뮬레이션 V23.pdf,6,1,Most Plausible Path,,Leadership_Unity,VDM-CLAMP,명시 산술의 내부 일관성,명시 수식×변수,준수,1,1,leadership_unity: 0.5 - 0.05 + 0.65 = 1.10 → clamped to 1.0,"명시 산식 0.5 - 0.05 + 0.65 = 1.1; 상태값은 VDM max(0,min(1,value))로 계산; 초기값/효과 선택의 정당성과 별개.",Python Decimal; 원문 명시값만,실제 입력 첨부 바이트는 미확인; 보존 VDM과 조건부 대조. 턴·분기는 명시 제목 기반 파싱이며 불완전/재명명 가능. GPT 역할 표지 경계 사용; 표지 유실 구간 미확정. 입력 초기값 출처 및 사건 분류는 이 점검에서 입증하지 않음,아니오,,PDFium second extraction; role boundaries from reviewed records,True,False
PDFIUM-GPT-23-N-00025,GPT-23,runs/raw_logs/GPT-4o/GPT_시뮬레이션 V23.pdf,7,1,Hardline Response Path,,Tension,VDM-CLAMP,명시 산술의 내부 일관성,명시 수식×변수,준수,1,1,tension: 0.5 + 0.15 + 0.45 = 1.1 → clamped to 1.0 ✅ Trigger,"명시 산식 0.5 + 0.15 + 0.45 = 1.1; 상태값은 VDM max(0,min(1,value))로 계산; 초기값/효과 선택의 정당성과 별개.",Python Decimal; 원문 명시값만,실제 입력 첨부 바이트는 미확인; 보존 VDM과 조건부 대조. 턴·분기는 명시 제목 기반 파싱이며 불완전/재명명 가능. GPT 역할 표지 경계 사용; 표지 유실 구간 미확정. 입력 초기값 출처 및 사건 분류는 이 점검에서 입증하지 않음,아니오,,PDFium second extraction; role boundaries from reviewed records,True,False
PDFIUM-GPT-23-N-00028,GPT-23,runs/raw_logs/GPT-4o/GPT_시뮬레이션 V23.pdf,7,1,Hardline Response Path,,Diplomatic_Support,VDM-CLAMP,명시 산술의 내부 일관성,명시 수식×변수,준수,0.45,0.45,diplomatic_support: 0.5 - 0.05 = 0.45 ✅ Trigger: Diplomatic Isolation,"명시 산식 0.5 - 0.05 = 0.45; 상태값은 VDM max(0,min(1,value))로 계산; 초기값/효과 선택의 정당성과 별개.",Python Decimal; 원문 명시값만,실제 입력 첨부 바이트는 미확인; 보존 VDM과 조건부 대조. 턴·분기는 명시 제목 기반 파싱이며 불완전/재명명 가능. GPT 역할 표지 경계 사용; 표지 유실 구간 미확정. 입력 초기값 출처 및 사건 분류는 이 점검에서 입증하지 않음,아니오,,PDFium second extraction; role boundaries from reviewed records,True,False
PDFIUM-GPT-23-N-00031,GPT-23,runs/raw_logs/GPT-4o/GPT_시뮬레이션 V23.pdf,7,1,Hardline Response Path,,Public_Opinion,VDM-CLAMP,명시 산술의 내부 일관성,명시 수식×변수,준수,0.45,0.45,public_opinion: 0.5 - 0.05 = 0.45,"명시 산식 0.5 - 0.05 = 0.45; 상태값은 VDM max(0,min(1,value))로 계산; 초기값/효과 선택의 정당성과 별개.",Python Decimal; 원문 명시값만,실제 입력 첨부 바이트는 미확인; 보존 VDM과 조건부 대조. 턴·분기는 명시 제목 기반 파싱이며 불완전/재명명 가능. GPT 역할 표지 경계 사용; 표지 유실 구간 미확정. 입력 초기값 출처 및 사건 분류는 이 점검에서 입증하지 않음,아니오,,PDFium second extraction; role boundaries from reviewed records,True,False
PDFIUM-GPT-23-N-00034,GPT-23,runs/raw_logs/GPT-4o/GPT_시뮬레이션 V23.pdf,7,1,Hardline Response Path,,Leadership_Unity,VDM-CLAMP,명시 산술의 내부 일관성,명시 수식×변수,준수,1,1,leadership_unity: 0.5 - 0.10 + 0.65 = 1.05 → clamped to 1.0,"명시 산식 0.5 - 0.10 + 0.65 = 1.05; 상태값은 VDM max(0,min(1,value))로 계산; 초기값/효과 선택의 정당성과 별개.",Python Decimal; 원문 명시값만,실제 입력 첨부 바이트는 미확인; 보존 VDM과 조건부 대조. 턴·분기는 명시 제목 기반 파싱이며 불완전/재명명 가능. GPT 역할 표지 경계 사용; 표지 유실 구간 미확정. 입력 초기값 출처 및 사건 분류는 이 점검에서 입증하지 않음,아니오,,PDFium second extraction; role boundaries from reviewed records,True,False
PDFIUM-GPT-23-N-00042,GPT-23,runs/raw_logs/GPT-4o/GPT_시뮬레이션 V23.pdf,8,1,Diplomatic Resolution Path,,Tension,VDM-CLAMP,명시 산술의 내부 일관성,명시 수식×변수,준수,0.45,0.45,tension: 0.5 - 0.05 = 0.45,"명시 산식 0.5 - 0.05 = 0.45; 상태값은 VDM max(0,min(1,value))로 계산; 초기값/효과 선택의 정당성과 별개.",Python Decimal; 원문 명시값만,실제 입력 첨부 바이트는 미확인; 보존 VDM과 조건부 대조. 턴·분기는 명시 제목 기반 파싱이며 불완전/재명명 가능. GPT 역할 표지 경계 사용; 표지 유실 구간 미확정. 입력 초기값 출처 및 사건 분류는 이 점검에서 입증하지 않음,아니오,,PDFium second extraction; role boundaries from reviewed records,True,False
PDFIUM-GPT-23-N-00045,GPT-23,runs/raw_logs/GPT-4o/GPT_시뮬레이션 V23.pdf,8,1,Diplomatic Resolution Path,,Diplomatic_Support,VDM-CLAMP,명시 산술의 내부 일관성,명시 수식×변수,준수,0.6,0.6,diplomatic_support: 0.5 + 0.10 = 0.60,"명시 산식 0.5 + 0.10 = 0.6; 상태값은 VDM max(0,min(1,value))로 계산; 초기값/효과 선택의 정당성과 별개.",Python Decimal; 원문 명시값만,실제 입력 첨부 바이트는 미확인; 보존 VDM과 조건부 대조. 턴·분기는 명시 제목 기반 파싱이며 불완전/재명명 가능. GPT 역할 표지 경계 사용; 표지 유실 구간 미확정. 입력 초기값 출처 및 사건 분류는 이 점검에서 입증하지 않음,아니오,,PDFium second extraction; role boundaries from reviewed records,True,False
PDFIUM-GPT-23-N-00048,GPT-23,runs/raw_logs/GPT-4o/GPT_시뮬레이션 V23.pdf,8,1,Diplomatic Resolution Path,,Public_Opinion,VDM-CLAMP,명시 산술의 내부 일관성,명시 수식×변수,준수,1,1,public_opinion: 0.5 + 0.50 + 0.05 = 1.05 → clamped to 1.0,"명시 산식 0.5 + 0.50 + 0.05 = 1.05; 상태값은 VDM max(0,min(1,value))로 계산; 초기값/효과 선택의 정당성과 별개.",Python Decimal; 원문 명시값만,실제 입력 첨부 바이트는 미확인; 보존 VDM과 조건부 대조. 턴·분기는 명시 제목 기반 파싱이며 불완전/재명명 가능. GPT 역할 표지 경계 사용; 표지 유실 구간 미확정. 입력 초기값 출처 및 사건 분류는 이 점검에서 입증하지 않음,아니오,,PDFium second extraction; role boundaries from reviewed records,True,False
PDFIUM-GPT-23-N-00051,GPT-23,runs/raw_logs/GPT-4o/GPT_시뮬레이션 V23.pdf,8,1,Diplomatic Resolution Path,,Leadership_Unity,VDM-CLAMP,명시 산술의 내부 일관성,명시 수식×변수,준수,0.55,0.55,leadership_unity: 0.5 + 0.05 = 0.55,"명시 산식 0.5 + 0.05 = 0.55; 상태값은 VDM max(0,min(1,value))로 계산; 초기값/효과 선택의 정당성과 별개.",Python Decimal; 원문 명시값만,실제 입력 첨부 바이트는 미확인; 보존 VDM과 조건부 대조. 턴·분기는 명시 제목 기반 파싱이며 불완전/재명명 가능. GPT 역할 표지 경계 사용; 표지 유실 구간 미확정. 입력 초기값 출처 및 사건 분류는 이 점검에서 입증하지 않음,아니오,,PDFium second extraction; role boundaries from reviewed records,True,False
PDFIUM-GPT-23-N-00066,GPT-23,runs/raw_logs/GPT-4o/GPT_시뮬레이션 V23.pdf,11,4,Combination 1,,Tension,VDM-CLAMP,명시 산술의 내부 일관성,명시 수식×변수,준수,0.5,0.5,tension: +0.05 (US) + 0.45 (SU) = +0.50 → Clamped at 1.0,명시 산식 +0.05 + 0.45 = 0.5; 변화량 합계로 계산; 초기값/효과 선택의 정당성과 별개.,Python Decimal; 원문 명시값만,실제 입력 첨부 바이트는 미확인; 보존 VDM과 조건부 대조. 턴·분기는 명시 제목 기반 파싱이며 불완전/재명명 가능. GPT 역할 표지 경계 사용; 표지 유실 구간 미확정. 입력 초기값 출처 및 사건 분류는 이 점검에서 입증하지 않음,아니오,,PDFium second extraction; role boundaries from reviewed records,True,False
PDFIUM-GPT-23-N-00067,GPT-23,runs/raw_logs/GPT-4o/GPT_시뮬레이션 V23.pdf,11,4,Combination 1,,Diplomatic_Support,VDM-CLAMP,명시 산술의 내부 일관성,명시 수식×변수,준수,0.49,0.49,diplomatic_support: -0.02 (US) + 0.10 (SU) = 0.41 + 0.08 = 0.49,"명시 산식 0.41 + 0.08 = 0.49; 상태값은 VDM max(0,min(1,value))로 계산; 초기값/효과 선택의 정당성과 별개.",Python Decimal; 원문 명시값만,실제 입력 첨부 바이트는 미확인; 보존 VDM과 조건부 대조. 턴·분기는 명시 제목 기반 파싱이며 불완전/재명명 가능. GPT 역할 표지 경계 사용; 표지 유실 구간 미확정. 입력 초기값 출처 및 사건 분류는 이 점검에서 입증하지 않음,아니오,,PDFium second extraction; role boundaries from reviewed records,True,False
PDFIUM-GPT-23-N-00068,GPT-23,runs/raw_logs/GPT-4o/GPT_시뮬레이션 V23.pdf,11,4,Combination 1,,Public_Opinion,VDM-CLAMP,명시 산술의 내부 일관성,명시 수식×변수,준수,0.44,0.44,public_opinion: -0.02 (US) + 0.05 (SU) = 0.41 + 0.03 = 0.44,"명시 산식 0.41 + 0.03 = 0.44; 상태값은 VDM max(0,min(1,value))로 계산; 초기값/효과 선택의 정당성과 별개.",Python Decimal; 원문 명시값만,실제 입력 첨부 바이트는 미확인; 보존 VDM과 조건부 대조. 턴·분기는 명시 제목 기반 파싱이며 불완전/재명명 가능. GPT 역할 표지 경계 사용; 표지 유실 구간 미확정. 입력 초기값 출처 및 사건 분류는 이 점검에서 입증하지 않음,아니오,,PDFium second extraction; role boundaries from reviewed records,True,False
PDFIUM-GPT-23-N-00069,GPT-23,runs/raw_logs/GPT-4o/GPT_시뮬레이션 V23.pdf,11,4,Combination 1,,Leadership_Unity,VDM-CLAMP,명시 산술의 내부 일관성,명시 수식×변수,판정 불가,-0.05 (US) + 0.65 (SU) + 0.05 = 0.85 + 0.65 → Clamped at 1.0,,leadership_unity: -0.05 (US) + 0.65 (SU) + 0.05 = 0.85 + 0.65 → Clamped at 1.0,변화량 합계 뒤 절대 후상태가 제시되었으나 기준값이 식에 없음,Python Decimal; 원문 명시값만,실제 입력 첨부 바이트는 미확인; 보존 VDM과 조건부 대조. 턴·분기는 명시 제목 기반 파싱이며 불완전/재명명 가능. GPT 역할 표지 경계 사용; 표지 유실 구간 미확정. ,예,,PDFium second extraction; role boundaries from reviewed records,True,False
PDFIUM-GPT-23-N-00075,GPT-23,runs/raw_logs/GPT-4o/GPT_시뮬레이션 V23.pdf,12,4,Combination 3,,Tension,VDM-CLAMP,명시 산술의 내부 일관성,명시 수식×변수,준수,1,1,tension: -0.05 (US) + 0.45 (SU) = 0.65 + 0.40 = Clamped at 1.0,"명시 산식 0.65 + 0.40 = 1.05; 상태값은 VDM max(0,min(1,value))로 계산; 초기값/효과 선택의 정당성과 별개.",Python Decimal; 원문 명시값만,실제 입력 첨부 바이트는 미확인; 보존 VDM과 조건부 대조. 턴·분기는 명시 제목 기반 파싱이며 불완전/재명명 가능. GPT 역할 표지 경계 사용; 표지 유실 구간 미확정. 입력 초기값 출처 및 사건 분류는 이 점검에서 입증하지 않음,아니오,,PDFium second extraction; role boundaries from reviewed records,True,False
PDFIUM-GPT-23-N-00076,GPT-23,runs/raw_logs/GPT-4o/GPT_시뮬레이션 V23.pdf,12,4,Combination 3,,Diplomatic_Support,VDM-CLAMP,명시 산술의 내부 일관성,명시 수식×변수,준수,0.73,0.73,diplomatic_support: +0.10 (US) + 0.10 (SU) = 0.53 + 0.20 = 0.73,"명시 산식 0.53 + 0.20 = 0.73; 상태값은 VDM max(0,min(1,value))로 계산; 초기값/효과 선택의 정당성과 별개.",Python Decimal; 원문 명시값만,실제 입력 첨부 바이트는 미확인; 보존 VDM과 조건부 대조. 턴·분기는 명시 제목 기반 파싱이며 불완전/재명명 가능. GPT 역할 표지 경계 사용; 표지 유실 구간 미확정. 입력 초기값 출처 및 사건 분류는 이 점검에서 입증하지 않음,아니오,,PDFium second extraction; role boundaries from reviewed records,True,False
PDFIUM-GPT-23-N-00077,GPT-23,runs/raw_logs/GPT-4o/GPT_시뮬레이션 V23.pdf,12,4,Combination 3,,Public_Opinion,VDM-CLAMP,명시 산술의 내부 일관성,명시 수식×변수,준수,1,1,public_opinion: +0.05 (US) + 0.05 (SU) = 0.93 + 0.10 = Clamped at 1.0,"명시 산식 0.93 + 0.10 = 1.03; 상태값은 VDM max(0,min(1,value))로 계산; 초기값/효과 선택의 정당성과 별개.",Python Decimal; 원문 명시값만,실제 입력 첨부 바이트는 미확인; 보존 VDM과 조건부 대조. 턴·분기는 명시 제목 기반 파싱이며 불완전/재명명 가능. GPT 역할 표지 경계 사용; 표지 유실 구간 미확정. 입력 초기값 출처 및 사건 분류는 이 점검에서 입증하지 않음,아니오,,PDFium second extraction; role boundaries from reviewed records,True,False
PDFIUM-GPT-23-N-00078,GPT-23,runs/raw_logs/GPT-4o/GPT_시뮬레이션 V23.pdf,12,4,Combination 3,,Leadership_Unity,VDM-CLAMP,명시 산술의 내부 일관성,명시 수식×변수,준수,1,1,leadership_unity: +0.05 (US) + 0.65 (SU) + 0.05 = 0.40 + 0.75 = Clamped at 1.0,"명시 산식 0.40 + 0.75 = 1.15; 상태값은 VDM max(0,min(1,value))로 계산; 초기값/효과 선택의 정당성과 별개.",Python Decimal; 원문 명시값만,실제 입력 첨부 바이트는 미확인; 보존 VDM과 조건부 대조. 턴·분기는 명시 제목 기반 파싱이며 불완전/재명명 가능. GPT 역할 표지 경계 사용; 표지 유실 구간 미확정. 입력 초기값 출처 및 사건 분류는 이 점검에서 입증하지 않음,아니오,,PDFium second extraction; role boundaries from reviewed records,True,False
PDFIUM-GPT-24-N-00014,GPT-24,runs/raw_logs/GPT-4o/GPT_시뮬레이션 V24.pdf,5,1,Diplomatic Resolution Path,,Tension,VDM-CLAMP,명시 산술의 내부 일관성,명시 수식×변수,준수,0,0,tension: 0.00 (-0.05 + 0.05),"명시 산식 -0.05 + 0.05 = 0; 상태값은 VDM max(0,min(1,value))로 계산; 초기값/효과 선택의 정당성과 별개.",Python Decimal; 원문 명시값만,실제 입력 첨부 바이트는 미확인; 보존 VDM과 조건부 대조. 턴·분기는 명시 제목 기반 파싱이며 불완전/재명명 가능. GPT 역할 표지 경계 사용; 표지 유실 구간 미확정. 입력 초기값 출처 및 사건 분류는 이 점검에서 입증하지 않음,아니오,,PDFium second extraction; role boundaries from reviewed records,True,False
PDFIUM-GPT-26-N-00007,GPT-26,runs/raw_logs/GPT-4o/GPT_시뮬레이션 V26.pdf,6,1,Most Plausible Path,Soviet Union,Tension,VDM-CLAMP,명시 산술의 내부 일관성,명시 수식×변수,준수,0.5,0.5,tension: +0.05 + 0.45 = +0.50,명시 산식 +0.05 + 0.45 = 0.5; 변화량 합계로 계산; 초기값/효과 선택의 정당성과 별개.,Python Decimal; 원문 명시값만,실제 입력 첨부 바이트는 미확인; 보존 VDM과 조건부 대조. 턴·분기는 명시 제목 기반 파싱이며 불완전/재명명 가능. GPT 역할 표지 경계 사용; 표지 유실 구간 미확정. 입력 초기값 출처 및 사건 분류는 이 점검에서 입증하지 않음,아니오,,PDFium second extraction; role boundaries from reviewed records,True,False
PDFIUM-GPT-26-N-00010,GPT-26,runs/raw_logs/GPT-4o/GPT_시뮬레이션 V26.pdf,6,1,Most Plausible Path,Soviet Union,Leadership_Unity,VDM-CLAMP,명시 산술의 내부 일관성,명시 수식×변수,준수,0.6,0.6,leadership_unity: -0.05 + 0.65 = +0.60,명시 산식 -0.05 + 0.65 = 0.6; 변화량 합계로 계산; 초기값/효과 선택의 정당성과 별개.,Python Decimal; 원문 명시값만,실제 입력 첨부 바이트는 미확인; 보존 VDM과 조건부 대조. 턴·분기는 명시 제목 기반 파싱이며 불완전/재명명 가능. GPT 역할 표지 경계 사용; 표지 유실 구간 미확정. 입력 초기값 출처 및 사건 분류는 이 점검에서 입증하지 않음,아니오,,PDFium second extraction; role boundaries from reviewed records,True,False
PDFIUM-GPT-26-N-00011,GPT-26,runs/raw_logs/GPT-4o/GPT_시뮬레이션 V26.pdf,7,1,Most Plausible Path],,Tension,VDM-CLAMP,명시 산술의 내부 일관성,명시 수식×변수,준수,1,1,tension: 0.50 + 0.50 = 1.00 (clamped),"명시 산식 0.50 + 0.50 = 1; 상태값은 VDM max(0,min(1,value))로 계산; 초기값/효과 선택의 정당성과 별개.",Python Decimal; 원문 명시값만,실제 입력 첨부 바이트는 미확인; 보존 VDM과 조건부 대조. 턴·분기는 명시 제목 기반 파싱이며 불완전/재명명 가능. GPT 역할 표지 경계 사용; 표지 유실 구간 미확정. 입력 초기값 출처 및 사건 분류는 이 점검에서 입증하지 않음,아니오,,PDFium second extraction; role boundaries from reviewed records,True,False
PDFIUM-GPT-26-N-00014,GPT-26,runs/raw_logs/GPT-4o/GPT_시뮬레이션 V26.pdf,7,1,Most Plausible Path],,Diplomatic_Support,VDM-CLAMP,명시 산술의 내부 일관성,명시 수식×변수,준수,0.48,0.48,diplomatic_support: 0.50 - 0.02 = 0.48,"명시 산식 0.50 - 0.02 = 0.48; 상태값은 VDM max(0,min(1,value))로 계산; 초기값/효과 선택의 정당성과 별개.",Python Decimal; 원문 명시값만,실제 입력 첨부 바이트는 미확인; 보존 VDM과 조건부 대조. 턴·분기는 명시 제목 기반 파싱이며 불완전/재명명 가능. GPT 역할 표지 경계 사용; 표지 유실 구간 미확정. 입력 초기값 출처 및 사건 분류는 이 점검에서 입증하지 않음,아니오,,PDFium second extraction; role boundaries from reviewed records,True,False
PDFIUM-GPT-26-N-00017,GPT-26,runs/raw_logs/GPT-4o/GPT_시뮬레이션 V26.pdf,7,1,Most Plausible Path],,Public_Opinion,VDM-CLAMP,명시 산술의 내부 일관성,명시 수식×변수,준수,0.48,0.48,public_opinion: 0.50 - 0.02 = 0.48,"명시 산식 0.50 - 0.02 = 0.48; 상태값은 VDM max(0,min(1,value))로 계산; 초기값/효과 선택의 정당성과 별개.",Python Decimal; 원문 명시값만,실제 입력 첨부 바이트는 미확인; 보존 VDM과 조건부 대조. 턴·분기는 명시 제목 기반 파싱이며 불완전/재명명 가능. GPT 역할 표지 경계 사용; 표지 유실 구간 미확정. 입력 초기값 출처 및 사건 분류는 이 점검에서 입증하지 않음,아니오,,PDFium second extraction; role boundaries from reviewed records,True,False
PDFIUM-GPT-26-N-00020,GPT-26,runs/raw_logs/GPT-4o/GPT_시뮬레이션 V26.pdf,7,1,Most Plausible Path],,Leadership_Unity,VDM-CLAMP,명시 산술의 내부 일관성,명시 수식×변수,준수,1,1,leadership_unity: 0.50 + 0.60 = 1.00 (clamped),"명시 산식 0.50 + 0.60 = 1.1; 상태값은 VDM max(0,min(1,value))로 계산; 초기값/효과 선택의 정당성과 별개.",Python Decimal; 원문 명시값만,실제 입력 첨부 바이트는 미확인; 보존 VDM과 조건부 대조. 턴·분기는 명시 제목 기반 파싱이며 불완전/재명명 가능. GPT 역할 표지 경계 사용; 표지 유실 구간 미확정. 입력 초기값 출처 및 사건 분류는 이 점검에서 입증하지 않음,아니오,,PDFium second extraction; role boundaries from reviewed records,True,False
PDFIUM-GPT-26-N-00028,GPT-26,runs/raw_logs/GPT-4o/GPT_시뮬레이션 V26.pdf,7,1,Diplomatic Resolution Path,Soviet Union,Tension,VDM-CLAMP,명시 산술의 내부 일관성,명시 수식×변수,준수,0.4,0.4,tension: -0.05 + 0.45 = +0.40,명시 산식 -0.05 + 0.45 = 0.4; 변화량 합계로 계산; 초기값/효과 선택의 정당성과 별개.,Python Decimal; 원문 명시값만,실제 입력 첨부 바이트는 미확인; 보존 VDM과 조건부 대조. 턴·분기는 명시 제목 기반 파싱이며 불완전/재명명 가능. GPT 역할 표지 경계 사용; 표지 유실 구간 미확정. 입력 초기값 출처 및 사건 분류는 이 점검에서 입증하지 않음,아니오,,PDFium second extraction; role boundaries from reviewed records,True,False
PDFIUM-GPT-26-N-00032,GPT-26,runs/raw_logs/GPT-4o/GPT_시뮬레이션 V26.pdf,8,1,Diplomatic Resolution Path],,Tension,VDM-CLAMP,명시 산술의 내부 일관성,명시 수식×변수,준수,0.9,0.9,tension: 0.50 + 0.40 = 0.90,"명시 산식 0.50 + 0.40 = 0.9; 상태값은 VDM max(0,min(1,value))로 계산; 초기값/효과 선택의 정당성과 별개.",Python Decimal; 원문 명시값만,실제 입력 첨부 바이트는 미확인; 보존 VDM과 조건부 대조. 턴·분기는 명시 제목 기반 파싱이며 불완전/재명명 가능. GPT 역할 표지 경계 사용; 표지 유실 구간 미확정. 입력 초기값 출처 및 사건 분류는 이 점검에서 입증하지 않음,아니오,,PDFium second extraction; role boundaries from reviewed records,True,False
PDFIUM-GPT-26-N-00035,GPT-26,runs/raw_logs/GPT-4o/GPT_시뮬레이션 V26.pdf,8,1,Diplomatic Resolution Path],,Diplomatic_Support,VDM-CLAMP,명시 산술의 내부 일관성,명시 수식×변수,준수,0.6,0.6,diplomatic_support: 0.50 + 0.10 = 0.60,"명시 산식 0.50 + 0.10 = 0.6; 상태값은 VDM max(0,min(1,value))로 계산; 초기값/효과 선택의 정당성과 별개.",Python Decimal; 원문 명시값만,실제 입력 첨부 바이트는 미확인; 보존 VDM과 조건부 대조. 턴·분기는 명시 제목 기반 파싱이며 불완전/재명명 가능. GPT 역할 표지 경계 사용; 표지 유실 구간 미확정. 입력 초기값 출처 및 사건 분류는 이 점검에서 입증하지 않음,아니오,,PDFium second extraction; role boundaries from reviewed records,True,False
PDFIUM-GPT-26-N-00038,GPT-26,runs/raw_logs/GPT-4o/GPT_시뮬레이션 V26.pdf,8,1,Diplomatic Resolution Path],,Public_Opinion,VDM-CLAMP,명시 산술의 내부 일관성,명시 수식×변수,준수,0.55,0.55,public_opinion: 0.50 + 0.05 = 0.55,"명시 산식 0.50 + 0.05 = 0.55; 상태값은 VDM max(0,min(1,value))로 계산; 초기값/효과 선택의 정당성과 별개.",Python Decimal; 원문 명시값만,실제 입력 첨부 바이트는 미확인; 보존 VDM과 조건부 대조. 턴·분기는 명시 제목 기반 파싱이며 불완전/재명명 가능. GPT 역할 표지 경계 사용; 표지 유실 구간 미확정. 입력 초기값 출처 및 사건 분류는 이 점검에서 입증하지 않음,아니오,,PDFium second extraction; role boundaries from reviewed records,True,False
PDFIUM-GPT-26-N-00041,GPT-26,runs/raw_logs/GPT-4o/GPT_시뮬레이션 V26.pdf,8,1,Diplomatic Resolution Path],,Leadership_Unity,VDM-CLAMP,명시 산술의 내부 일관성,명시 수식×변수,준수,0.55,0.55,leadership_unity: 0.50 + 0.05 = 0.55,"명시 산식 0.50 + 0.05 = 0.55; 상태값은 VDM max(0,min(1,value))로 계산; 초기값/효과 선택의 정당성과 별개.",Python Decimal; 원문 명시값만,실제 입력 첨부 바이트는 미확인; 보존 VDM과 조건부 대조. 턴·분기는 명시 제목 기반 파싱이며 불완전/재명명 가능. GPT 역할 표지 경계 사용; 표지 유실 구간 미확정. 입력 초기값 출처 및 사건 분류는 이 점검에서 입증하지 않음,아니오,,PDFium second extraction; role boundaries from reviewed records,True,False
PDFIUM-GPT-26-N-00050,GPT-26,runs/raw_logs/GPT-4o/GPT_시뮬레이션 V26.pdf,8,1,Hardline Response Path,Soviet Union,Tension,VDM-CLAMP,명시 산술의 내부 일관성,명시 수식×변수,준수,0.6,0.6,tension: +0.15 + 0.45 = +0.60,명시 산식 +0.15 + 0.45 = 0.6; 변화량 합계로 계산; 초기값/효과 선택의 정당성과 별개.,Python Decimal; 원문 명시값만,실제 입력 첨부 바이트는 미확인; 보존 VDM과 조건부 대조. 턴·분기는 명시 제목 기반 파싱이며 불완전/재명명 가능. GPT 역할 표지 경계 사용; 표지 유실 구간 미확정. 입력 초기값 출처 및 사건 분류는 이 점검에서 입증하지 않음,아니오,,PDFium second extraction; role boundaries from reviewed records,True,False
PDFIUM-GPT-26-N-00053,GPT-26,runs/raw_logs/GPT-4o/GPT_시뮬레이션 V26.pdf,8,1,Hardline Response Path,Soviet Union,Leadership_Unity,VDM-CLAMP,명시 산술의 내부 일관성,명시 수식×변수,준수,0.55,0.55,leadership_unity: -0.10 + 0.65 = +0.55,명시 산식 -0.10 + 0.65 = 0.55; 변화량 합계로 계산; 초기값/효과 선택의 정당성과 별개.,Python Decimal; 원문 명시값만,실제 입력 첨부 바이트는 미확인; 보존 VDM과 조건부 대조. 턴·분기는 명시 제목 기반 파싱이며 불완전/재명명 가능. GPT 역할 표지 경계 사용; 표지 유실 구간 미확정. 입력 초기값 출처 및 사건 분류는 이 점검에서 입증하지 않음,아니오,,PDFium second extraction; role boundaries from reviewed records,True,False
PDFIUM-GPT-26-N-00054,GPT-26,runs/raw_logs/GPT-4o/GPT_시뮬레이션 V26.pdf,8,1,Hardline Response Path],,Tension,VDM-CLAMP,명시 산술의 내부 일관성,명시 수식×변수,준수,1,1,tension: 0.50 + 0.60 = 1.00 (clamped),"명시 산식 0.50 + 0.60 = 1.1; 상태값은 VDM max(0,min(1,value))로 계산; 초기값/효과 선택의 정당성과 별개.",Python Decimal; 원문 명시값만,실제 입력 첨부 바이트는 미확인; 보존 VDM과 조건부 대조. 턴·분기는 명시 제목 기반 파싱이며 불완전/재명명 가능. GPT 역할 표지 경계 사용; 표지 유실 구간 미확정. 입력 초기값 출처 및 사건 분류는 이 점검에서 입증하지 않음,아니오,,PDFium second extraction; role boundaries from reviewed records,True,False
PDFIUM-GPT-26-N-00057,GPT-26,runs/raw_logs/GPT-4o/GPT_시뮬레이션 V26.pdf,9,1,Hardline Response Path],,Diplomatic_Support,VDM-CLAMP,명시 산술의 내부 일관성,명시 수식×변수,준수,0.45,0.45,diplomatic_support: 0.50 - 0.05 = 0.45,"명시 산식 0.50 - 0.05 = 0.45; 상태값은 VDM max(0,min(1,value))로 계산; 초기값/효과 선택의 정당성과 별개.",Python Decimal; 원문 명시값만,실제 입력 첨부 바이트는 미확인; 보존 VDM과 조건부 대조. 턴·분기는 명시 제목 기반 파싱이며 불완전/재명명 가능. GPT 역할 표지 경계 사용; 표지 유실 구간 미확정. 입력 초기값 출처 및 사건 분류는 이 점검에서 입증하지 않음,아니오,,PDFium second extraction; role boundaries from reviewed records,True,False
PDFIUM-GPT-26-N-00060,GPT-26,runs/raw_logs/GPT-4o/GPT_시뮬레이션 V26.pdf,9,1,Hardline Response Path],,Public_Opinion,VDM-CLAMP,명시 산술의 내부 일관성,명시 수식×변수,준수,0.45,0.45,public_opinion: 0.50 - 0.05 = 0.45,"명시 산식 0.50 - 0.05 = 0.45; 상태값은 VDM max(0,min(1,value))로 계산; 초기값/효과 선택의 정당성과 별개.",Python Decimal; 원문 명시값만,실제 입력 첨부 바이트는 미확인; 보존 VDM과 조건부 대조. 턴·분기는 명시 제목 기반 파싱이며 불완전/재명명 가능. GPT 역할 표지 경계 사용; 표지 유실 구간 미확정. 입력 초기값 출처 및 사건 분류는 이 점검에서 입증하지 않음,아니오,,PDFium second extraction; role boundaries from reviewed records,True,False
PDFIUM-GPT-26-N-00063,GPT-26,runs/raw_logs/GPT-4o/GPT_시뮬레이션 V26.pdf,9,1,Hardline Response Path],,Leadership_Unity,VDM-CLAMP,명시 산술의 내부 일관성,명시 수식×변수,준수,1,1,leadership_unity: 0.50 + 0.55 = 1.00 (clamped),"명시 산식 0.50 + 0.55 = 1.05; 상태값은 VDM max(0,min(1,value))로 계산; 초기값/효과 선택의 정당성과 별개.",Python Decimal; 원문 명시값만,실제 입력 첨부 바이트는 미확인; 보존 VDM과 조건부 대조. 턴·분기는 명시 제목 기반 파싱이며 불완전/재명명 가능. GPT 역할 표지 경계 사용; 표지 유실 구간 미확정. 입력 초기값 출처 및 사건 분류는 이 점검에서 입증하지 않음,아니오,,PDFium second extraction; role boundaries from reviewed records,True,False
PDFIUM-GPT-26-N-00066,GPT-26,runs/raw_logs/GPT-4o/GPT_시뮬레이션 V26.pdf,12,2,Most Plausible,,Tension,VDM-CLAMP,명시 산술의 내부 일관성,명시 수식×변수,준수,1,1,tension: 1.00 - 0.05 + 0.45 = 1.00,"명시 산식 1.00 - 0.05 + 0.45 = 1.4; 상태값은 VDM max(0,min(1,value))로 계산; 초기값/효과 선택의 정당성과 별개.",Python Decimal; 원문 명시값만,실제 입력 첨부 바이트는 미확인; 보존 VDM과 조건부 대조. 턴·분기는 명시 제목 기반 파싱이며 불완전/재명명 가능. GPT 역할 표지 경계 사용; 표지 유실 구간 미확정. 입력 초기값 출처 및 사건 분류는 이 점검에서 입증하지 않음,아니오,,PDFium second extraction; role boundaries from reviewed records,True,False
PDFIUM-GPT-26-N-00067,GPT-26,runs/raw_logs/GPT-4o/GPT_시뮬레이션 V26.pdf,12,2,Most Plausible,,Diplomatic_Support,VDM-CLAMP,명시 산술의 내부 일관성,명시 수식×변수,준수,0.53,0.53,diplomatic_support: 0.48 + 0.05 = 0.53,"명시 산식 0.48 + 0.05 = 0.53; 상태값은 VDM max(0,min(1,value))로 계산; 초기값/효과 선택의 정당성과 별개.",Python Decimal; 원문 명시값만,실제 입력 첨부 바이트는 미확인; 보존 VDM과 조건부 대조. 턴·분기는 명시 제목 기반 파싱이며 불완전/재명명 가능. GPT 역할 표지 경계 사용; 표지 유실 구간 미확정. 입력 초기값 출처 및 사건 분류는 이 점검에서 입증하지 않음,아니오,,PDFium second extraction; role boundaries from reviewed records,True,False
PDFIUM-GPT-26-N-00068,GPT-26,runs/raw_logs/GPT-4o/GPT_시뮬레이션 V26.pdf,12,2,Most Plausible,,Public_Opinion,VDM-CLAMP,명시 산술의 내부 일관성,명시 수식×변수,준수,0.58,0.58,public_opinion: 0.48 + 0.10 = 0.58,"명시 산식 0.48 + 0.10 = 0.58; 상태값은 VDM max(0,min(1,value))로 계산; 초기값/효과 선택의 정당성과 별개.",Python Decimal; 원문 명시값만,실제 입력 첨부 바이트는 미확인; 보존 VDM과 조건부 대조. 턴·분기는 명시 제목 기반 파싱이며 불완전/재명명 가능. GPT 역할 표지 경계 사용; 표지 유실 구간 미확정. 입력 초기값 출처 및 사건 분류는 이 점검에서 입증하지 않음,아니오,,PDFium second extraction; role boundaries from reviewed records,True,False
PDFIUM-GPT-26-N-00069,GPT-26,runs/raw_logs/GPT-4o/GPT_시뮬레이션 V26.pdf,12,2,Most Plausible,,Leadership_Unity,VDM-CLAMP,명시 산술의 내부 일관성,명시 수식×변수,준수,1,1,leadership_unity: 1.00 + 0.10 + 0.65 = 1.00,"명시 산식 1.00 + 0.10 + 0.65 = 1.75; 상태값은 VDM max(0,min(1,value))로 계산; 초기값/효과 선택의 정당성과 별개.",Python Decimal; 원문 명시값만,실제 입력 첨부 바이트는 미확인; 보존 VDM과 조건부 대조. 턴·분기는 명시 제목 기반 파싱이며 불완전/재명명 가능. GPT 역할 표지 경계 사용; 표지 유실 구간 미확정. 입력 초기값 출처 및 사건 분류는 이 점검에서 입증하지 않음,아니오,,PDFium second extraction; role boundaries from reviewed records,True,False
PDFIUM-GPT-26-N-00078,GPT-26,runs/raw_logs/GPT-4o/GPT_시뮬레이션 V26.pdf,14,2,Diplomatic,,Tension,VDM-CLAMP,명시 산술의 내부 일관성,명시 수식×변수,준수,0.9,0.9,tension: 0.90 - 0.05 + 0.05 = 0.90,"명시 산식 0.90 - 0.05 + 0.05 = 0.9; 상태값은 VDM max(0,min(1,value))로 계산; 초기값/효과 선택의 정당성과 별개.",Python Decimal; 원문 명시값만,실제 입력 첨부 바이트는 미확인; 보존 VDM과 조건부 대조. 턴·분기는 명시 제목 기반 파싱이며 불완전/재명명 가능. GPT 역할 표지 경계 사용; 표지 유실 구간 미확정. 입력 초기값 출처 및 사건 분류는 이 점검에서 입증하지 않음,아니오,,PDFium second extraction; role boundaries from reviewed records,True,False
PDFIUM-GPT-26-N-00079,GPT-26,runs/raw_logs/GPT-4o/GPT_시뮬레이션 V26.pdf,14,2,Diplomatic,,Diplomatic_Support,VDM-CLAMP,명시 산술의 내부 일관성,명시 수식×변수,준수,0.63,0.63,diplomatic_support: 0.60 + 0.05 - 0.02 = 0.63,"명시 산식 0.60 + 0.05 - 0.02 = 0.63; 상태값은 VDM max(0,min(1,value))로 계산; 초기값/효과 선택의 정당성과 별개.",Python Decimal; 원문 명시값만,실제 입력 첨부 바이트는 미확인; 보존 VDM과 조건부 대조. 턴·분기는 명시 제목 기반 파싱이며 불완전/재명명 가능. GPT 역할 표지 경계 사용; 표지 유실 구간 미확정. 입력 초기값 출처 및 사건 분류는 이 점검에서 입증하지 않음,아니오,,PDFium second extraction; role boundaries from reviewed records,True,False
PDFIUM-GPT-26-N-00080,GPT-26,runs/raw_logs/GPT-4o/GPT_시뮬레이션 V26.pdf,14,2,Diplomatic,,Public_Opinion,VDM-CLAMP,명시 산술의 내부 일관성,명시 수식×변수,준수,0.63,0.63,public_opinion: 0.55 + 0.10 - 0.02 = 0.63,"명시 산식 0.55 + 0.10 - 0.02 = 0.63; 상태값은 VDM max(0,min(1,value))로 계산; 초기값/효과 선택의 정당성과 별개.",Python Decimal; 원문 명시값만,실제 입력 첨부 바이트는 미확인; 보존 VDM과 조건부 대조. 턴·분기는 명시 제목 기반 파싱이며 불완전/재명명 가능. GPT 역할 표지 경계 사용; 표지 유실 구간 미확정. 입력 초기값 출처 및 사건 분류는 이 점검에서 입증하지 않음,아니오,,PDFium second extraction; role boundaries from reviewed records,True,False
PDFIUM-GPT-26-N-00081,GPT-26,runs/raw_logs/GPT-4o/GPT_시뮬레이션 V26.pdf,14,2,Diplomatic,,Leadership_Unity,VDM-CLAMP,명시 산술의 내부 일관성,명시 수식×변수,준수,0.6,0.6,leadership_unity: 0.55 + 0.10 - 0.05 = 0.60,"명시 산식 0.55 + 0.10 - 0.05 = 0.6; 상태값은 VDM max(0,min(1,value))로 계산; 초기값/효과 선택의 정당성과 별개.",Python Decimal; 원문 명시값만,실제 입력 첨부 바이트는 미확인; 보존 VDM과 조건부 대조. 턴·분기는 명시 제목 기반 파싱이며 불완전/재명명 가능. GPT 역할 표지 경계 사용; 표지 유실 구간 미확정. 입력 초기값 출처 및 사건 분류는 이 점검에서 입증하지 않음,아니오,,PDFium second extraction; role boundaries from reviewed records,True,False
PDFIUM-GPT-26-N-00090,GPT-26,runs/raw_logs/GPT-4o/GPT_시뮬레이션 V26.pdf,15,2,Hardline Response,,Tension,VDM-CLAMP,명시 산술의 내부 일관성,명시 수식×변수,준수,1,1,tension: 1.00 + 0.05 + 0.45 = 1.00,"명시 산식 1.00 + 0.05 + 0.45 = 1.5; 상태값은 VDM max(0,min(1,value))로 계산; 초기값/효과 선택의 정당성과 별개.",Python Decimal; 원문 명시값만,실제 입력 첨부 바이트는 미확인; 보존 VDM과 조건부 대조. 턴·분기는 명시 제목 기반 파싱이며 불완전/재명명 가능. GPT 역할 표지 경계 사용; 표지 유실 구간 미확정. 입력 초기값 출처 및 사건 분류는 이 점검에서 입증하지 않음,아니오,,PDFium second extraction; role boundaries from reviewed records,True,False
PDFIUM-GPT-26-N-00091,GPT-26,runs/raw_logs/GPT-4o/GPT_시뮬레이션 V26.pdf,15,2,Hardline Response,,Diplomatic_Support,VDM-CLAMP,명시 산술의 내부 일관성,명시 수식×변수,준수,0.43,0.43,diplomatic_support: 0.45 - 0.02 = 0.43,"명시 산식 0.45 - 0.02 = 0.43; 상태값은 VDM max(0,min(1,value))로 계산; 초기값/효과 선택의 정당성과 별개.",Python Decimal; 원문 명시값만,실제 입력 첨부 바이트는 미확인; 보존 VDM과 조건부 대조. 턴·분기는 명시 제목 기반 파싱이며 불완전/재명명 가능. GPT 역할 표지 경계 사용; 표지 유실 구간 미확정. 입력 초기값 출처 및 사건 분류는 이 점검에서 입증하지 않음,아니오,,PDFium second extraction; role boundaries from reviewed records,True,False
PDFIUM-GPT-26-N-00092,GPT-26,runs/raw_logs/GPT-4o/GPT_시뮬레이션 V26.pdf,15,2,Hardline Response,,Public_Opinion,VDM-CLAMP,명시 산술의 내부 일관성,명시 수식×변수,준수,0.43,0.43,public_opinion: 0.45 - 0.02 = 0.43,"명시 산식 0.45 - 0.02 = 0.43; 상태값은 VDM max(0,min(1,value))로 계산; 초기값/효과 선택의 정당성과 별개.",Python Decimal; 원문 명시값만,실제 입력 첨부 바이트는 미확인; 보존 VDM과 조건부 대조. 턴·분기는 명시 제목 기반 파싱이며 불완전/재명명 가능. GPT 역할 표지 경계 사용; 표지 유실 구간 미확정. 입력 초기값 출처 및 사건 분류는 이 점검에서 입증하지 않음,아니오,,PDFium second extraction; role boundaries from reviewed records,True,False
PDFIUM-GPT-26-N-00093,GPT-26,runs/raw_logs/GPT-4o/GPT_시뮬레이션 V26.pdf,15,2,Hardline Response,,Leadership_Unity,VDM-CLAMP,명시 산술의 내부 일관성,명시 수식×변수,준수,1,1,leadership_unity: 1.00 - 0.05 + 0.65 = 1.00,"명시 산식 1.00 - 0.05 + 0.65 = 1.6; 상태값은 VDM max(0,min(1,value))로 계산; 초기값/효과 선택의 정당성과 별개.",Python Decimal; 원문 명시값만,실제 입력 첨부 바이트는 미확인; 보존 VDM과 조건부 대조. 턴·분기는 명시 제목 기반 파싱이며 불완전/재명명 가능. GPT 역할 표지 경계 사용; 표지 유실 구간 미확정. 입력 초기값 출처 및 사건 분류는 이 점검에서 입증하지 않음,아니오,,PDFium second extraction; role boundaries from reviewed records,True,False
PDFIUM-GPT-26-N-00102,GPT-26,runs/raw_logs/GPT-4o/GPT_시뮬레이션 V26.pdf,19,3,Most Plausible,,Tension,VDM-CLAMP,명시 산술의 내부 일관성,명시 수식×변수,준수,0.9,0.9,tension: 1.00 - 0.10 = 0.90,"명시 산식 1.00 - 0.10 = 0.9; 상태값은 VDM max(0,min(1,value))로 계산; 초기값/효과 선택의 정당성과 별개.",Python Decimal; 원문 명시값만,실제 입력 첨부 바이트는 미확인; 보존 VDM과 조건부 대조. 턴·분기는 명시 제목 기반 파싱이며 불완전/재명명 가능. GPT 역할 표지 경계 사용; 표지 유실 구간 미확정. 입력 초기값 출처 및 사건 분류는 이 점검에서 입증하지 않음,아니오,,PDFium second extraction; role boundaries from reviewed records,True,False
PDFIUM-GPT-26-N-00103,GPT-26,runs/raw_logs/GPT-4o/GPT_시뮬레이션 V26.pdf,19,3,Most Plausible,,Diplomatic_Support,VDM-CLAMP,명시 산술의 내부 일관성,명시 수식×변수,준수,0.63,0.63,diplomatic_support: 0.53 + 0.10 = 0.63,"명시 산식 0.53 + 0.10 = 0.63; 상태값은 VDM max(0,min(1,value))로 계산; 초기값/효과 선택의 정당성과 별개.",Python Decimal; 원문 명시값만,실제 입력 첨부 바이트는 미확인; 보존 VDM과 조건부 대조. 턴·분기는 명시 제목 기반 파싱이며 불완전/재명명 가능. GPT 역할 표지 경계 사용; 표지 유실 구간 미확정. 입력 초기값 출처 및 사건 분류는 이 점검에서 입증하지 않음,아니오,,PDFium second extraction; role boundaries from reviewed records,True,False
PDFIUM-GPT-26-N-00104,GPT-26,runs/raw_logs/GPT-4o/GPT_시뮬레이션 V26.pdf,19,3,Most Plausible,,Public_Opinion,VDM-CLAMP,명시 산술의 내부 일관성,명시 수식×변수,준수,0.78,0.78,public_opinion: 0.58 + 0.20 = 0.78,"명시 산식 0.58 + 0.20 = 0.78; 상태값은 VDM max(0,min(1,value))로 계산; 초기값/효과 선택의 정당성과 별개.",Python Decimal; 원문 명시값만,실제 입력 첨부 바이트는 미확인; 보존 VDM과 조건부 대조. 턴·분기는 명시 제목 기반 파싱이며 불완전/재명명 가능. GPT 역할 표지 경계 사용; 표지 유실 구간 미확정. 입력 초기값 출처 및 사건 분류는 이 점검에서 입증하지 않음,아니오,,PDFium second extraction; role boundaries from reviewed records,True,False
PDFIUM-GPT-26-N-00105,GPT-26,runs/raw_logs/GPT-4o/GPT_시뮬레이션 V26.pdf,19,3,Most Plausible,,Leadership_Unity,VDM-CLAMP,명시 산술의 내부 일관성,명시 수식×변수,준수,1,1,leadership_unity: 1.00 + 0.20 = 1.00,"명시 산식 1.00 + 0.20 = 1.2; 상태값은 VDM max(0,min(1,value))로 계산; 초기값/효과 선택의 정당성과 별개.",Python Decimal; 원문 명시값만,실제 입력 첨부 바이트는 미확인; 보존 VDM과 조건부 대조. 턴·분기는 명시 제목 기반 파싱이며 불완전/재명명 가능. GPT 역할 표지 경계 사용; 표지 유실 구간 미확정. 입력 초기값 출처 및 사건 분류는 이 점검에서 입증하지 않음,아니오,,PDFium second extraction; role boundaries from reviewed records,True,False
PDFIUM-GPT-26-N-00114,GPT-26,runs/raw_logs/GPT-4o/GPT_시뮬레이션 V26.pdf,20,3,Diplomatic,,Tension,VDM-CLAMP,명시 산술의 내부 일관성,명시 수식×변수,준수,0.9,0.9,tension: 0.90 - 0.05 + 0.05 = 0.90,"명시 산식 0.90 - 0.05 + 0.05 = 0.9; 상태값은 VDM max(0,min(1,value))로 계산; 초기값/효과 선택의 정당성과 별개.",Python Decimal; 원문 명시값만,실제 입력 첨부 바이트는 미확인; 보존 VDM과 조건부 대조. 턴·분기는 명시 제목 기반 파싱이며 불완전/재명명 가능. GPT 역할 표지 경계 사용; 표지 유실 구간 미확정. 입력 초기값 출처 및 사건 분류는 이 점검에서 입증하지 않음,아니오,,PDFium second extraction; role boundaries from reviewed records,True,False
PDFIUM-GPT-26-N-00115,GPT-26,runs/raw_logs/GPT-4o/GPT_시뮬레이션 V26.pdf,20,3,Diplomatic,,Diplomatic_Support,VDM-CLAMP,명시 산술의 내부 일관성,명시 수식×변수,준수,0.66,0.66,diplomatic_support: 0.63 + 0.05 - 0.02 = 0.66,"명시 산식 0.63 + 0.05 - 0.02 = 0.66; 상태값은 VDM max(0,min(1,value))로 계산; 초기값/효과 선택의 정당성과 별개.",Python Decimal; 원문 명시값만,실제 입력 첨부 바이트는 미확인; 보존 VDM과 조건부 대조. 턴·분기는 명시 제목 기반 파싱이며 불완전/재명명 가능. GPT 역할 표지 경계 사용; 표지 유실 구간 미확정. 입력 초기값 출처 및 사건 분류는 이 점검에서 입증하지 않음,아니오,,PDFium second extraction; role boundaries from reviewed records,True,False
PDFIUM-GPT-26-N-00116,GPT-26,runs/raw_logs/GPT-4o/GPT_시뮬레이션 V26.pdf,20,3,Diplomatic,,Public_Opinion,VDM-CLAMP,명시 산술의 내부 일관성,명시 수식×변수,준수,0.71,0.71,public_opinion: 0.63 + 0.10 - 0.02 = 0.71,"명시 산식 0.63 + 0.10 - 0.02 = 0.71; 상태값은 VDM max(0,min(1,value))로 계산; 초기값/효과 선택의 정당성과 별개.",Python Decimal; 원문 명시값만,실제 입력 첨부 바이트는 미확인; 보존 VDM과 조건부 대조. 턴·분기는 명시 제목 기반 파싱이며 불완전/재명명 가능. GPT 역할 표지 경계 사용; 표지 유실 구간 미확정. 입력 초기값 출처 및 사건 분류는 이 점검에서 입증하지 않음,아니오,,PDFium second extraction; role boundaries from reviewed records,True,False
PDFIUM-GPT-26-N-00117,GPT-26,runs/raw_logs/GPT-4o/GPT_시뮬레이션 V26.pdf,20,3,Diplomatic,,Leadership_Unity,VDM-CLAMP,명시 산술의 내부 일관성,명시 수식×변수,준수,0.65,0.65,leadership_unity: 0.60 + 0.10 - 0.05 = 0.65,"명시 산식 0.60 + 0.10 - 0.05 = 0.65; 상태값은 VDM max(0,min(1,value))로 계산; 초기값/효과 선택의 정당성과 별개.",Python Decimal; 원문 명시값만,실제 입력 첨부 바이트는 미확인; 보존 VDM과 조건부 대조. 턴·분기는 명시 제목 기반 파싱이며 불완전/재명명 가능. GPT 역할 표지 경계 사용; 표지 유실 구간 미확정. 입력 초기값 출처 및 사건 분류는 이 점검에서 입증하지 않음,아니오,,PDFium second extraction; role boundaries from reviewed records,True,False
PDFIUM-GPT-26-N-00126,GPT-26,runs/raw_logs/GPT-4o/GPT_시뮬레이션 V26.pdf,22,3,Hardline Response,,Tension,VDM-CLAMP,명시 산술의 내부 일관성,명시 수식×변수,준수,1,1,tension: 1.00 + 0.15 + 0.45 = 1.00 (clamped),"명시 산식 1.00 + 0.15 + 0.45 = 1.6; 상태값은 VDM max(0,min(1,value))로 계산; 초기값/효과 선택의 정당성과 별개.",Python Decimal; 원문 명시값만,실제 입력 첨부 바이트는 미확인; 보존 VDM과 조건부 대조. 턴·분기는 명시 제목 기반 파싱이며 불완전/재명명 가능. GPT 역할 표지 경계 사용; 표지 유실 구간 미확정. 입력 초기값 출처 및 사건 분류는 이 점검에서 입증하지 않음,아니오,,PDFium second extraction; role boundaries from reviewed records,True,False
PDFIUM-GPT-26-N-00127,GPT-26,runs/raw_logs/GPT-4o/GPT_시뮬레이션 V26.pdf,22,3,Hardline Response,,Diplomatic_Support,VDM-CLAMP,명시 산술의 내부 일관성,명시 수식×변수,준수,0.38,0.38,diplomatic_support: 0.43 - 0.05 = 0.38,"명시 산식 0.43 - 0.05 = 0.38; 상태값은 VDM max(0,min(1,value))로 계산; 초기값/효과 선택의 정당성과 별개.",Python Decimal; 원문 명시값만,실제 입력 첨부 바이트는 미확인; 보존 VDM과 조건부 대조. 턴·분기는 명시 제목 기반 파싱이며 불완전/재명명 가능. GPT 역할 표지 경계 사용; 표지 유실 구간 미확정. 입력 초기값 출처 및 사건 분류는 이 점검에서 입증하지 않음,아니오,,PDFium second extraction; role boundaries from reviewed records,True,False
PDFIUM-GPT-26-N-00128,GPT-26,runs/raw_logs/GPT-4o/GPT_시뮬레이션 V26.pdf,22,3,Hardline Response,,Public_Opinion,VDM-CLAMP,명시 산술의 내부 일관성,명시 수식×변수,준수,0.38,0.38,public_opinion: 0.43 - 0.05 = 0.38,"명시 산식 0.43 - 0.05 = 0.38; 상태값은 VDM max(0,min(1,value))로 계산; 초기값/효과 선택의 정당성과 별개.",Python Decimal; 원문 명시값만,실제 입력 첨부 바이트는 미확인; 보존 VDM과 조건부 대조. 턴·분기는 명시 제목 기반 파싱이며 불완전/재명명 가능. GPT 역할 표지 경계 사용; 표지 유실 구간 미확정. 입력 초기값 출처 및 사건 분류는 이 점검에서 입증하지 않음,아니오,,PDFium second extraction; role boundaries from reviewed records,True,False
PDFIUM-GPT-26-N-00129,GPT-26,runs/raw_logs/GPT-4o/GPT_시뮬레이션 V26.pdf,22,3,Hardline Response,,Leadership_Unity,VDM-CLAMP,명시 산술의 내부 일관성,명시 수식×변수,준수,1,1,leadership_unity: 1.00 - 0.10 + 0.65 = 1.00,"명시 산식 1.00 - 0.10 + 0.65 = 1.55; 상태값은 VDM max(0,min(1,value))로 계산; 초기값/효과 선택의 정당성과 별개.",Python Decimal; 원문 명시값만,실제 입력 첨부 바이트는 미확인; 보존 VDM과 조건부 대조. 턴·분기는 명시 제목 기반 파싱이며 불완전/재명명 가능. GPT 역할 표지 경계 사용; 표지 유실 구간 미확정. 입력 초기값 출처 및 사건 분류는 이 점검에서 입증하지 않음,아니오,,PDFium second extraction; role boundaries from reviewed records,True,False
PDFIUM-GPT-26-N-00147,GPT-26,runs/raw_logs/GPT-4o/GPT_시뮬레이션 V26.pdf,25,4,Most Plausible,,Tension,VDM-CLAMP,명시 산술의 내부 일관성,명시 수식×변수,준수,0.95,0.95,tension: 0.90 + 0.05 + 0 = 0.95,"명시 산식 0.90 + 0.05 + 0 = 0.95; 상태값은 VDM max(0,min(1,value))로 계산; 초기값/효과 선택의 정당성과 별개.",Python Decimal; 원문 명시값만,실제 입력 첨부 바이트는 미확인; 보존 VDM과 조건부 대조. 턴·분기는 명시 제목 기반 파싱이며 불완전/재명명 가능. GPT 역할 표지 경계 사용; 표지 유실 구간 미확정. 입력 초기값 출처 및 사건 분류는 이 점검에서 입증하지 않음,아니오,,PDFium second extraction; role boundaries from reviewed records,True,False
PDFIUM-GPT-26-N-00148,GPT-26,runs/raw_logs/GPT-4o/GPT_시뮬레이션 V26.pdf,25,4,Most Plausible,,Diplomatic_Support,VDM-CLAMP,명시 산술의 내부 일관성,명시 수식×변수,준수,0.64,0.64,diplomatic_support: 0.63 - 0.02 + 0.03 = 0.64,"명시 산식 0.63 - 0.02 + 0.03 = 0.64; 상태값은 VDM max(0,min(1,value))로 계산; 초기값/효과 선택의 정당성과 별개.",Python Decimal; 원문 명시값만,실제 입력 첨부 바이트는 미확인; 보존 VDM과 조건부 대조. 턴·분기는 명시 제목 기반 파싱이며 불완전/재명명 가능. GPT 역할 표지 경계 사용; 표지 유실 구간 미확정. 입력 초기값 출처 및 사건 분류는 이 점검에서 입증하지 않음,아니오,,PDFium second extraction; role boundaries from reviewed records,True,False
PDFIUM-GPT-26-N-00149,GPT-26,runs/raw_logs/GPT-4o/GPT_시뮬레이션 V26.pdf,25,4,Most Plausible,,Public_Opinion,VDM-CLAMP,명시 산술의 내부 일관성,명시 수식×변수,준수,0.84,0.84,public_opinion: 0.78 - 0.02 + 0.08 = 0.84,"명시 산식 0.78 - 0.02 + 0.08 = 0.84; 상태값은 VDM max(0,min(1,value))로 계산; 초기값/효과 선택의 정당성과 별개.",Python Decimal; 원문 명시값만,실제 입력 첨부 바이트는 미확인; 보존 VDM과 조건부 대조. 턴·분기는 명시 제목 기반 파싱이며 불완전/재명명 가능. GPT 역할 표지 경계 사용; 표지 유실 구간 미확정. 입력 초기값 출처 및 사건 분류는 이 점검에서 입증하지 않음,아니오,,PDFium second extraction; role boundaries from reviewed records,True,False
PDFIUM-GPT-26-N-00150,GPT-26,runs/raw_logs/GPT-4o/GPT_시뮬레이션 V26.pdf,25,4,Most Plausible,,Leadership_Unity,VDM-CLAMP,명시 산술의 내부 일관성,명시 수식×변수,준수,1,1,leadership_unity: 1.00 - 0.05 + 0.05 = 1.00,"명시 산식 1.00 - 0.05 + 0.05 = 1; 상태값은 VDM max(0,min(1,value))로 계산; 초기값/효과 선택의 정당성과 별개.",Python Decimal; 원문 명시값만,실제 입력 첨부 바이트는 미확인; 보존 VDM과 조건부 대조. 턴·분기는 명시 제목 기반 파싱이며 불완전/재명명 가능. GPT 역할 표지 경계 사용; 표지 유실 구간 미확정. 입력 초기값 출처 및 사건 분류는 이 점검에서 입증하지 않음,아니오,,PDFium second extraction; role boundaries from reviewed records,True,False
PDFIUM-GPT-26-N-00162,GPT-26,runs/raw_logs/GPT-4o/GPT_시뮬레이션 V26.pdf,27,4,Diplomatic,,Tension,VDM-CLAMP,명시 산술의 내부 일관성,명시 수식×변수,준수,0.95,0.95,tension: 0.90 + 0.05 = 0.95,"명시 산식 0.90 + 0.05 = 0.95; 상태값은 VDM max(0,min(1,value))로 계산; 초기값/효과 선택의 정당성과 별개.",Python Decimal; 원문 명시값만,실제 입력 첨부 바이트는 미확인; 보존 VDM과 조건부 대조. 턴·분기는 명시 제목 기반 파싱이며 불완전/재명명 가능. GPT 역할 표지 경계 사용; 표지 유실 구간 미확정. 입력 초기값 출처 및 사건 분류는 이 점검에서 입증하지 않음,아니오,,PDFium second extraction; role boundaries from reviewed records,True,False
PDFIUM-GPT-26-N-00163,GPT-26,runs/raw_logs/GPT-4o/GPT_시뮬레이션 V26.pdf,27,4,Diplomatic,,Diplomatic_Support,VDM-CLAMP,명시 산술의 내부 일관성,명시 수식×변수,준수,0.67,0.67,diplomatic_support: 0.66 - 0.02 + 0.03 = 0.67,"명시 산식 0.66 - 0.02 + 0.03 = 0.67; 상태값은 VDM max(0,min(1,value))로 계산; 초기값/효과 선택의 정당성과 별개.",Python Decimal; 원문 명시값만,실제 입력 첨부 바이트는 미확인; 보존 VDM과 조건부 대조. 턴·분기는 명시 제목 기반 파싱이며 불완전/재명명 가능. GPT 역할 표지 경계 사용; 표지 유실 구간 미확정. 입력 초기값 출처 및 사건 분류는 이 점검에서 입증하지 않음,아니오,,PDFium second extraction; role boundaries from reviewed records,True,False
PDFIUM-GPT-26-N-00164,GPT-26,runs/raw_logs/GPT-4o/GPT_시뮬레이션 V26.pdf,27,4,Diplomatic,,Public_Opinion,VDM-CLAMP,명시 산술의 내부 일관성,명시 수식×변수,준수,0.77,0.77,public_opinion: 0.71 - 0.02 + 0.08 = 0.77,"명시 산식 0.71 - 0.02 + 0.08 = 0.77; 상태값은 VDM max(0,min(1,value))로 계산; 초기값/효과 선택의 정당성과 별개.",Python Decimal; 원문 명시값만,실제 입력 첨부 바이트는 미확인; 보존 VDM과 조건부 대조. 턴·분기는 명시 제목 기반 파싱이며 불완전/재명명 가능. GPT 역할 표지 경계 사용; 표지 유실 구간 미확정. 입력 초기값 출처 및 사건 분류는 이 점검에서 입증하지 않음,아니오,,PDFium second extraction; role boundaries from reviewed records,True,False
PDFIUM-GPT-26-N-00165,GPT-26,runs/raw_logs/GPT-4o/GPT_시뮬레이션 V26.pdf,27,4,Diplomatic,,Leadership_Unity,VDM-CLAMP,명시 산술의 내부 일관성,명시 수식×변수,준수,0.7,0.7,leadership_unity: 0.65 - 0.05 + 0.10 = 0.70,"명시 산식 0.65 - 0.05 + 0.10 = 0.7; 상태값은 VDM max(0,min(1,value))로 계산; 초기값/효과 선택의 정당성과 별개.",Python Decimal; 원문 명시값만,실제 입력 첨부 바이트는 미확인; 보존 VDM과 조건부 대조. 턴·분기는 명시 제목 기반 파싱이며 불완전/재명명 가능. GPT 역할 표지 경계 사용; 표지 유실 구간 미확정. 입력 초기값 출처 및 사건 분류는 이 점검에서 입증하지 않음,아니오,,PDFium second extraction; role boundaries from reviewed records,True,False
PDFIUM-GPT-26-N-00177,GPT-26,runs/raw_logs/GPT-4o/GPT_시뮬레이션 V26.pdf,28,4,Hardline Response,,Tension,VDM-CLAMP,명시 산술의 내부 일관성,명시 수식×변수,준수,1,1,tension: 1.00 + 0.05 + 0.45 = 1.00 (clamped),"명시 산식 1.00 + 0.05 + 0.45 = 1.5; 상태값은 VDM max(0,min(1,value))로 계산; 초기값/효과 선택의 정당성과 별개.",Python Decimal; 원문 명시값만,실제 입력 첨부 바이트는 미확인; 보존 VDM과 조건부 대조. 턴·분기는 명시 제목 기반 파싱이며 불완전/재명명 가능. GPT 역할 표지 경계 사용; 표지 유실 구간 미확정. 입력 초기값 출처 및 사건 분류는 이 점검에서 입증하지 않음,아니오,,PDFium second extraction; role boundaries from reviewed records,True,False
PDFIUM-GPT-26-N-00178,GPT-26,runs/raw_logs/GPT-4o/GPT_시뮬레이션 V26.pdf,28,4,Hardline Response,,Diplomatic_Support,VDM-CLAMP,명시 산술의 내부 일관성,명시 수식×변수,준수,0.36,0.36,diplomatic_support: 0.38 - 0.02 = 0.36,"명시 산식 0.38 - 0.02 = 0.36; 상태값은 VDM max(0,min(1,value))로 계산; 초기값/효과 선택의 정당성과 별개.",Python Decimal; 원문 명시값만,실제 입력 첨부 바이트는 미확인; 보존 VDM과 조건부 대조. 턴·분기는 명시 제목 기반 파싱이며 불완전/재명명 가능. GPT 역할 표지 경계 사용; 표지 유실 구간 미확정. 입력 초기값 출처 및 사건 분류는 이 점검에서 입증하지 않음,아니오,,PDFium second extraction; role boundaries from reviewed records,True,False
PDFIUM-GPT-26-N-00179,GPT-26,runs/raw_logs/GPT-4o/GPT_시뮬레이션 V26.pdf,28,4,Hardline Response,,Public_Opinion,VDM-CLAMP,명시 산술의 내부 일관성,명시 수식×변수,준수,0.36,0.36,public_opinion: 0.38 - 0.02 = 0.36,"명시 산식 0.38 - 0.02 = 0.36; 상태값은 VDM max(0,min(1,value))로 계산; 초기값/효과 선택의 정당성과 별개.",Python Decimal; 원문 명시값만,실제 입력 첨부 바이트는 미확인; 보존 VDM과 조건부 대조. 턴·분기는 명시 제목 기반 파싱이며 불완전/재명명 가능. GPT 역할 표지 경계 사용; 표지 유실 구간 미확정. 입력 초기값 출처 및 사건 분류는 이 점검에서 입증하지 않음,아니오,,PDFium second extraction; role boundaries from reviewed records,True,False
PDFIUM-GPT-26-N-00180,GPT-26,runs/raw_logs/GPT-4o/GPT_시뮬레이션 V26.pdf,28,4,Hardline Response,,Leadership_Unity,VDM-CLAMP,명시 산술의 내부 일관성,명시 수식×변수,준수,1,1,leadership_unity: 1.00 - 0.05 + 0.65 = 1.00,"명시 산식 1.00 - 0.05 + 0.65 = 1.6; 상태값은 VDM max(0,min(1,value))로 계산; 초기값/효과 선택의 정당성과 별개.",Python Decimal; 원문 명시값만,실제 입력 첨부 바이트는 미확인; 보존 VDM과 조건부 대조. 턴·분기는 명시 제목 기반 파싱이며 불완전/재명명 가능. GPT 역할 표지 경계 사용; 표지 유실 구간 미확정. 입력 초기값 출처 및 사건 분류는 이 점검에서 입증하지 않음,아니오,,PDFium second extraction; role boundaries from reviewed records,True,False
PDFIUM-GPT-27-N-00009,GPT-27,runs/raw_logs/GPT-4o/GPT_시뮬레이션 V27.pdf,4,1,", and must not",,Tension,VDM-CLAMP,명시 산술의 내부 일관성,명시 수식×변수,준수,0.5,0.5,Tension: +0.05 (US) +0.45 (US detects) = +0.5,명시 산식 +0.05 +0.45 = 0.5; 변화량 합계로 계산; 초기값/효과 선택의 정당성과 별개.,Python Decimal; 원문 명시값만,실제 입력 첨부 바이트는 미확인; 보존 VDM과 조건부 대조. 턴·분기는 명시 제목 기반 파싱이며 불완전/재명명 가능. GPT 역할 표지 경계 사용; 표지 유실 구간 미확정. 입력 초기값 출처 및 사건 분류는 이 점검에서 입증하지 않음,아니오,,PDFium second extraction; role boundaries from reviewed records,True,False
PDFIUM-GPT-27-N-00016,GPT-27,runs/raw_logs/GPT-4o/GPT_시뮬레이션 V27.pdf,6,1,Most Plausible Path,Soviet Union,Tension,VDM-CLAMP,명시 산술의 내부 일관성,명시 수식×변수,준수,0.5,0.5,Tension: +0.05 (US) + 0.45 (US detection of USSR activity) = +0.50,명시 산식 +0.05 + 0.45 = 0.5; 변화량 합계로 계산; 초기값/효과 선택의 정당성과 별개.,Python Decimal; 원문 명시값만,실제 입력 첨부 바이트는 미확인; 보존 VDM과 조건부 대조. 턴·분기는 명시 제목 기반 파싱이며 불완전/재명명 가능. GPT 역할 표지 경계 사용; 표지 유실 구간 미확정. 입력 초기값 출처 및 사건 분류는 이 점검에서 입증하지 않음,아니오,,PDFium second extraction; role boundaries from reviewed records,True,False
PDFIUM-GPT-27-N-00017,GPT-27,runs/raw_logs/GPT-4o/GPT_시뮬레이션 V27.pdf,6,1,Most Plausible Path,Soviet Union,Diplomatic_Support,VDM-CLAMP,명시 산술의 내부 일관성,명시 수식×변수,준수,0.58,0.58,Diplomatic Support: -0.02 (US) + 0.6 (USSR detection effect) = +0.58,명시 산식 -0.02 + 0.6 = 0.58; 변화량 합계로 계산; 초기값/효과 선택의 정당성과 별개.,Python Decimal; 원문 명시값만,실제 입력 첨부 바이트는 미확인; 보존 VDM과 조건부 대조. 턴·분기는 명시 제목 기반 파싱이며 불완전/재명명 가능. GPT 역할 표지 경계 사용; 표지 유실 구간 미확정. 입력 초기값 출처 및 사건 분류는 이 점검에서 입증하지 않음,아니오,,PDFium second extraction; role boundaries from reviewed records,True,False
PDFIUM-GPT-27-N-00030,GPT-27,runs/raw_logs/GPT-4o/GPT_시뮬레이션 V27.pdf,7,1,Hardline Response Path,Soviet Union,Tension,VDM-CLAMP,명시 산술의 내부 일관성,명시 수식×변수,준수,0.2,0.2,Tension: +0.15 + 0.05 = +0.20,명시 산식 +0.15 + 0.05 = 0.2; 변화량 합계로 계산; 초기값/효과 선택의 정당성과 별개.,Python Decimal; 원문 명시값만,실제 입력 첨부 바이트는 미확인; 보존 VDM과 조건부 대조. 턴·분기는 명시 제목 기반 파싱이며 불완전/재명명 가능. GPT 역할 표지 경계 사용; 표지 유실 구간 미확정. 입력 초기값 출처 및 사건 분류는 이 점검에서 입증하지 않음,아니오,,PDFium second extraction; role boundaries from reviewed records,True,False
PDFIUM-GPT-27-N-00031,GPT-27,runs/raw_logs/GPT-4o/GPT_시뮬레이션 V27.pdf,7,1,Hardline Response Path,Soviet Union,Diplomatic_Support,VDM-CLAMP,명시 산술의 내부 일관성,명시 수식×변수,준수,-0.07,-0.07,Diplomatic Support: -0.05 - 0.02 = -0.07,명시 산식 -0.05 - 0.02 = -0.07; 변화량 합계로 계산; 초기값/효과 선택의 정당성과 별개.,Python Decimal; 원문 명시값만,실제 입력 첨부 바이트는 미확인; 보존 VDM과 조건부 대조. 턴·분기는 명시 제목 기반 파싱이며 불완전/재명명 가능. GPT 역할 표지 경계 사용; 표지 유실 구간 미확정. 입력 초기값 출처 및 사건 분류는 이 점검에서 입증하지 않음,아니오,,PDFium second extraction; role boundaries from reviewed records,True,False
PDFIUM-GPT-27-N-00032,GPT-27,runs/raw_logs/GPT-4o/GPT_시뮬레이션 V27.pdf,7,1,Hardline Response Path,Soviet Union,Public_Opinion,VDM-CLAMP,명시 산술의 내부 일관성,명시 수식×변수,준수,-0.07,-0.07,Public Opinion: -0.05 - 0.02 = -0.07,명시 산식 -0.05 - 0.02 = -0.07; 변화량 합계로 계산; 초기값/효과 선택의 정당성과 별개.,Python Decimal; 원문 명시값만,실제 입력 첨부 바이트는 미확인; 보존 VDM과 조건부 대조. 턴·분기는 명시 제목 기반 파싱이며 불완전/재명명 가능. GPT 역할 표지 경계 사용; 표지 유실 구간 미확정. 입력 초기값 출처 및 사건 분류는 이 점검에서 입증하지 않음,아니오,,PDFium second extraction; role boundaries from reviewed records,True,False
PDFIUM-GPT-27-N-00033,GPT-27,runs/raw_logs/GPT-4o/GPT_시뮬레이션 V27.pdf,7,1,Hardline Response Path,Soviet Union,Leadership_Unity,VDM-CLAMP,명시 산술의 내부 일관성,명시 수식×변수,준수,-0.15,-0.15,Leadership Unity: -0.10 - 0.05 = -0.15 - Generated Triggers:,명시 산식 -0.10 - 0.05 = -0.15; 변화량 합계로 계산; 초기값/효과 선택의 정당성과 별개.,Python Decimal; 원문 명시값만,실제 입력 첨부 바이트는 미확인; 보존 VDM과 조건부 대조. 턴·분기는 명시 제목 기반 파싱이며 불완전/재명명 가능. GPT 역할 표지 경계 사용; 표지 유실 구간 미확정. 입력 초기값 출처 및 사건 분류는 이 점검에서 입증하지 않음,아니오,,PDFium second extraction; role boundaries from reviewed records,True,False
PDFIUM-GPT-27-N-00045,GPT-27,runs/raw_logs/GPT-4o/GPT_시뮬레이션 V27.pdf,8,1,Diplomatic Resolution Path,Soviet Union,Tension,VDM-CLAMP,명시 산술의 내부 일관성,명시 수식×변수,준수,-0.1,-0.1,Tension: -0.05 - 0.05 = -0.10,명시 산식 -0.05 - 0.05 = -0.1; 변화량 합계로 계산; 초기값/효과 선택의 정당성과 별개.,Python Decimal; 원문 명시값만,실제 입력 첨부 바이트는 미확인; 보존 VDM과 조건부 대조. 턴·분기는 명시 제목 기반 파싱이며 불완전/재명명 가능. GPT 역할 표지 경계 사용; 표지 유실 구간 미확정. 입력 초기값 출처 및 사건 분류는 이 점검에서 입증하지 않음,아니오,,PDFium second extraction; role boundaries from reviewed records,True,False
PDFIUM-GPT-27-N-00046,GPT-27,runs/raw_logs/GPT-4o/GPT_시뮬레이션 V27.pdf,8,1,Diplomatic Resolution Path,Soviet Union,Diplomatic_Support,VDM-CLAMP,명시 산술의 내부 일관성,명시 수식×변수,준수,0.2,0.2,Diplomatic Support: +0.10 + 0.10 = +0.20,명시 산식 +0.10 + 0.10 = 0.2; 변화량 합계로 계산; 초기값/효과 선택의 정당성과 별개.,Python Decimal; 원문 명시값만,실제 입력 첨부 바이트는 미확인; 보존 VDM과 조건부 대조. 턴·분기는 명시 제목 기반 파싱이며 불완전/재명명 가능. GPT 역할 표지 경계 사용; 표지 유실 구간 미확정. 입력 초기값 출처 및 사건 분류는 이 점검에서 입증하지 않음,아니오,,PDFium second extraction; role boundaries from reviewed records,True,False
PDFIUM-GPT-27-N-00047,GPT-27,runs/raw_logs/GPT-4o/GPT_시뮬레이션 V27.pdf,8,1,Diplomatic Resolution Path,Soviet Union,Public_Opinion,VDM-CLAMP,명시 산술의 내부 일관성,명시 수식×변수,준수,0.1,0.1,Public Opinion: +0.05 + 0.05 = +0.10,명시 산식 +0.05 + 0.05 = 0.1; 변화량 합계로 계산; 초기값/효과 선택의 정당성과 별개.,Python Decimal; 원문 명시값만,실제 입력 첨부 바이트는 미확인; 보존 VDM과 조건부 대조. 턴·분기는 명시 제목 기반 파싱이며 불완전/재명명 가능. GPT 역할 표지 경계 사용; 표지 유실 구간 미확정. 입력 초기값 출처 및 사건 분류는 이 점검에서 입증하지 않음,아니오,,PDFium second extraction; role boundaries from reviewed records,True,False
PDFIUM-GPT-27-N-00048,GPT-27,runs/raw_logs/GPT-4o/GPT_시뮬레이션 V27.pdf,8,1,Diplomatic Resolution Path,Soviet Union,Leadership_Unity,VDM-CLAMP,명시 산술의 내부 일관성,명시 수식×변수,준수,0.1,0.1,Leadership Unity: +0.05 + 0.05 = +0.10 - Generated Triggers:,명시 산식 +0.05 + 0.05 = 0.1; 변화량 합계로 계산; 초기값/효과 선택의 정당성과 별개.,Python Decimal; 원문 명시값만,실제 입력 첨부 바이트는 미확인; 보존 VDM과 조건부 대조. 턴·분기는 명시 제목 기반 파싱이며 불완전/재명명 가능. GPT 역할 표지 경계 사용; 표지 유실 구간 미확정. 입력 초기값 출처 및 사건 분류는 이 점검에서 입증하지 않음,아니오,,PDFium second extraction; role boundaries from reviewed records,True,False
PDFIUM-GPT-28-N-00007,GPT-28,runs/raw_logs/GPT-4o/GPT_시뮬레이션 V28.pdf,6,1,Most Plausible Path,,Tension,VDM-CLAMP,명시 산술의 내부 일관성,명시 수식×변수,준수,0.5,0.5,Tension: +0.05 (US) + 0.45 (USSR) = +0.50,명시 산식 +0.05 + 0.45 = 0.5; 변화량 합계로 계산; 초기값/효과 선택의 정당성과 별개.,Python Decimal; 원문 명시값만,실제 입력 첨부 바이트는 미확인; 보존 VDM과 조건부 대조. 턴·분기는 명시 제목 기반 파싱이며 불완전/재명명 가능. GPT 역할 표지 경계 사용; 표지 유실 구간 미확정. 입력 초기값 출처 및 사건 분류는 이 점검에서 입증하지 않음,아니오,,PDFium second extraction; role boundaries from reviewed records,True,False
PDFIUM-GPT-28-N-00010,GPT-28,runs/raw_logs/GPT-4o/GPT_시뮬레이션 V28.pdf,6,1,Most Plausible Path,,Leadership_Unity,VDM-CLAMP,명시 산술의 내부 일관성,명시 수식×변수,준수,0.6,0.6,Leadership Unity: -0.05 (US) + 0.65 (USSR) = +0.60,명시 산식 -0.05 + 0.65 = 0.6; 변화량 합계로 계산; 초기값/효과 선택의 정당성과 별개.,Python Decimal; 원문 명시값만,실제 입력 첨부 바이트는 미확인; 보존 VDM과 조건부 대조. 턴·분기는 명시 제목 기반 파싱이며 불완전/재명명 가능. GPT 역할 표지 경계 사용; 표지 유실 구간 미확정. 입력 초기값 출처 및 사건 분류는 이 점검에서 입증하지 않음,아니오,,PDFium second extraction; role boundaries from reviewed records,True,False
PDFIUM-GPT-28-N-00011,GPT-28,runs/raw_logs/GPT-4o/GPT_시뮬레이션 V28.pdf,6,1,] - Most Plausible Path,,Tension,VDM-CLAMP,명시 산술의 내부 일관성,명시 수식×변수,준수,1,1,tension: 0.5 + 0.50 = 1.0 → Clamped to 1.0,"명시 산식 0.5 + 0.50 = 1; 상태값은 VDM max(0,min(1,value))로 계산; 초기값/효과 선택의 정당성과 별개.",Python Decimal; 원문 명시값만,실제 입력 첨부 바이트는 미확인; 보존 VDM과 조건부 대조. 턴·분기는 명시 제목 기반 파싱이며 불완전/재명명 가능. GPT 역할 표지 경계 사용; 표지 유실 구간 미확정. 입력 초기값 출처 및 사건 분류는 이 점검에서 입증하지 않음,아니오,,PDFium second extraction; role boundaries from reviewed records,True,False
PDFIUM-GPT-28-N-00014,GPT-28,runs/raw_logs/GPT-4o/GPT_시뮬레이션 V28.pdf,6,1,] - Most Plausible Path,,Diplomatic_Support,VDM-CLAMP,명시 산술의 내부 일관성,명시 수식×변수,준수,0.48,0.48,diplomatic_support: 0.5 - 0.02 = 0.48,"명시 산식 0.5 - 0.02 = 0.48; 상태값은 VDM max(0,min(1,value))로 계산; 초기값/효과 선택의 정당성과 별개.",Python Decimal; 원문 명시값만,실제 입력 첨부 바이트는 미확인; 보존 VDM과 조건부 대조. 턴·분기는 명시 제목 기반 파싱이며 불완전/재명명 가능. GPT 역할 표지 경계 사용; 표지 유실 구간 미확정. 입력 초기값 출처 및 사건 분류는 이 점검에서 입증하지 않음,아니오,,PDFium second extraction; role boundaries from reviewed records,True,False
PDFIUM-GPT-28-N-00017,GPT-28,runs/raw_logs/GPT-4o/GPT_시뮬레이션 V28.pdf,6,1,] - Most Plausible Path,,Public_Opinion,VDM-CLAMP,명시 산술의 내부 일관성,명시 수식×변수,준수,0.48,0.48,public_opinion: 0.5 - 0.02 = 0.48,"명시 산식 0.5 - 0.02 = 0.48; 상태값은 VDM max(0,min(1,value))로 계산; 초기값/효과 선택의 정당성과 별개.",Python Decimal; 원문 명시값만,실제 입력 첨부 바이트는 미확인; 보존 VDM과 조건부 대조. 턴·분기는 명시 제목 기반 파싱이며 불완전/재명명 가능. GPT 역할 표지 경계 사용; 표지 유실 구간 미확정. 입력 초기값 출처 및 사건 분류는 이 점검에서 입증하지 않음,아니오,,PDFium second extraction; role boundaries from reviewed records,True,False
PDFIUM-GPT-28-N-00020,GPT-28,runs/raw_logs/GPT-4o/GPT_시뮬레이션 V28.pdf,6,1,] - Most Plausible Path,,Leadership_Unity,VDM-CLAMP,명시 산술의 내부 일관성,명시 수식×변수,준수,1,1,leadership_unity: 0.5 - 0.05 + 0.65 = 1.1 → Clamped to 1.0,"명시 산식 0.5 - 0.05 + 0.65 = 1.1; 상태값은 VDM max(0,min(1,value))로 계산; 초기값/효과 선택의 정당성과 별개.",Python Decimal; 원문 명시값만,실제 입력 첨부 바이트는 미확인; 보존 VDM과 조건부 대조. 턴·분기는 명시 제목 기반 파싱이며 불완전/재명명 가능. GPT 역할 표지 경계 사용; 표지 유실 구간 미확정. 입력 초기값 출처 및 사건 분류는 이 점검에서 입증하지 않음,아니오,,PDFium second extraction; role boundaries from reviewed records,True,False
PDFIUM-GPT-28-N-00027,GPT-28,runs/raw_logs/GPT-4o/GPT_시뮬레이션 V28.pdf,7,1,] - Diplomatic,,Tension,VDM-CLAMP,명시 산술의 내부 일관성,명시 수식×변수,준수,0.45,0.45,tension: 0.5 - 0.05 = 0.45,"명시 산식 0.5 - 0.05 = 0.45; 상태값은 VDM max(0,min(1,value))로 계산; 초기값/효과 선택의 정당성과 별개.",Python Decimal; 원문 명시값만,실제 입력 첨부 바이트는 미확인; 보존 VDM과 조건부 대조. 턴·분기는 명시 제목 기반 파싱이며 불완전/재명명 가능. GPT 역할 표지 경계 사용; 표지 유실 구간 미확정. 입력 초기값 출처 및 사건 분류는 이 점검에서 입증하지 않음,아니오,,PDFium second extraction; role boundaries from reviewed records,True,False
PDFIUM-GPT-28-N-00030,GPT-28,runs/raw_logs/GPT-4o/GPT_시뮬레이션 V28.pdf,7,1,] - Diplomatic,,Diplomatic_Support,VDM-CLAMP,명시 산술의 내부 일관성,명시 수식×변수,준수,0.6,0.6,diplomatic_support: 0.5 + 0.10 = 0.6,"명시 산식 0.5 + 0.10 = 0.6; 상태값은 VDM max(0,min(1,value))로 계산; 초기값/효과 선택의 정당성과 별개.",Python Decimal; 원문 명시값만,실제 입력 첨부 바이트는 미확인; 보존 VDM과 조건부 대조. 턴·분기는 명시 제목 기반 파싱이며 불완전/재명명 가능. GPT 역할 표지 경계 사용; 표지 유실 구간 미확정. 입력 초기값 출처 및 사건 분류는 이 점검에서 입증하지 않음,아니오,,PDFium second extraction; role boundaries from reviewed records,True,False
PDFIUM-GPT-28-N-00033,GPT-28,runs/raw_logs/GPT-4o/GPT_시뮬레이션 V28.pdf,7,1,] - Diplomatic,,Public_Opinion,VDM-CLAMP,명시 산술의 내부 일관성,명시 수식×변수,준수,1,1,public_opinion: 0.5 + 0.55 = 1.05 → Clamped to 1.0,"명시 산식 0.5 + 0.55 = 1.05; 상태값은 VDM max(0,min(1,value))로 계산; 초기값/효과 선택의 정당성과 별개.",Python Decimal; 원문 명시값만,실제 입력 첨부 바이트는 미확인; 보존 VDM과 조건부 대조. 턴·분기는 명시 제목 기반 파싱이며 불완전/재명명 가능. GPT 역할 표지 경계 사용; 표지 유실 구간 미확정. 입력 초기값 출처 및 사건 분류는 이 점검에서 입증하지 않음,아니오,,PDFium second extraction; role boundaries from reviewed records,True,False
PDFIUM-GPT-28-N-00036,GPT-28,runs/raw_logs/GPT-4o/GPT_시뮬레이션 V28.pdf,7,1,] - Diplomatic,,Leadership_Unity,VDM-CLAMP,명시 산술의 내부 일관성,명시 수식×변수,준수,0.55,0.55,leadership_unity: 0.5 + 0.05 = 0.55,"명시 산식 0.5 + 0.05 = 0.55; 상태값은 VDM max(0,min(1,value))로 계산; 초기값/효과 선택의 정당성과 별개.",Python Decimal; 원문 명시값만,실제 입력 첨부 바이트는 미확인; 보존 VDM과 조건부 대조. 턴·분기는 명시 제목 기반 파싱이며 불완전/재명명 가능. GPT 역할 표지 경계 사용; 표지 유실 구간 미확정. 입력 초기값 출처 및 사건 분류는 이 점검에서 입증하지 않음,아니오,,PDFium second extraction; role boundaries from reviewed records,True,False
PDFIUM-GPT-28-N-00042,GPT-28,runs/raw_logs/GPT-4o/GPT_시뮬레이션 V28.pdf,8,1,Hardline Response Path,,Leadership_Unity,VDM-CLAMP,명시 산술의 내부 일관성,명시 수식×변수,준수,0.55,0.55,Leadership Unity: -0.10 + 0.65 = +0.55,명시 산식 -0.10 + 0.65 = 0.55; 변화량 합계로 계산; 초기값/효과 선택의 정당성과 별개.,Python Decimal; 원문 명시값만,실제 입력 첨부 바이트는 미확인; 보존 VDM과 조건부 대조. 턴·분기는 명시 제목 기반 파싱이며 불완전/재명명 가능. GPT 역할 표지 경계 사용; 표지 유실 구간 미확정. 입력 초기값 출처 및 사건 분류는 이 점검에서 입증하지 않음,아니오,,PDFium second extraction; role boundaries from reviewed records,True,False
PDFIUM-GPT-28-N-00043,GPT-28,runs/raw_logs/GPT-4o/GPT_시뮬레이션 V28.pdf,8,1,] - Hardline Response,,Tension,VDM-CLAMP,명시 산술의 내부 일관성,명시 수식×변수,준수,1,1,tension: 0.5 + 0.60 = 1.1 → Clamped to 1.0,"명시 산식 0.5 + 0.60 = 1.1; 상태값은 VDM max(0,min(1,value))로 계산; 초기값/효과 선택의 정당성과 별개.",Python Decimal; 원문 명시값만,실제 입력 첨부 바이트는 미확인; 보존 VDM과 조건부 대조. 턴·분기는 명시 제목 기반 파싱이며 불완전/재명명 가능. GPT 역할 표지 경계 사용; 표지 유실 구간 미확정. 입력 초기값 출처 및 사건 분류는 이 점검에서 입증하지 않음,아니오,,PDFium second extraction; role boundaries from reviewed records,True,False
PDFIUM-GPT-28-N-00046,GPT-28,runs/raw_logs/GPT-4o/GPT_시뮬레이션 V28.pdf,8,1,] - Hardline Response,,Diplomatic_Support,VDM-CLAMP,명시 산술의 내부 일관성,명시 수식×변수,준수,0.45,0.45,diplomatic_support: 0.5 - 0.05 = 0.45,"명시 산식 0.5 - 0.05 = 0.45; 상태값은 VDM max(0,min(1,value))로 계산; 초기값/효과 선택의 정당성과 별개.",Python Decimal; 원문 명시값만,실제 입력 첨부 바이트는 미확인; 보존 VDM과 조건부 대조. 턴·분기는 명시 제목 기반 파싱이며 불완전/재명명 가능. GPT 역할 표지 경계 사용; 표지 유실 구간 미확정. 입력 초기값 출처 및 사건 분류는 이 점검에서 입증하지 않음,아니오,,PDFium second extraction; role boundaries from reviewed records,True,False
PDFIUM-GPT-28-N-00049,GPT-28,runs/raw_logs/GPT-4o/GPT_시뮬레이션 V28.pdf,8,1,] - Hardline Response,,Public_Opinion,VDM-CLAMP,명시 산술의 내부 일관성,명시 수식×변수,준수,0.45,0.45,public_opinion: 0.5 - 0.05 = 0.45,"명시 산식 0.5 - 0.05 = 0.45; 상태값은 VDM max(0,min(1,value))로 계산; 초기값/효과 선택의 정당성과 별개.",Python Decimal; 원문 명시값만,실제 입력 첨부 바이트는 미확인; 보존 VDM과 조건부 대조. 턴·분기는 명시 제목 기반 파싱이며 불완전/재명명 가능. GPT 역할 표지 경계 사용; 표지 유실 구간 미확정. 입력 초기값 출처 및 사건 분류는 이 점검에서 입증하지 않음,아니오,,PDFium second extraction; role boundaries from reviewed records,True,False
PDFIUM-GPT-28-N-00052,GPT-28,runs/raw_logs/GPT-4o/GPT_시뮬레이션 V28.pdf,8,1,] - Hardline Response,,Leadership_Unity,VDM-CLAMP,명시 산술의 내부 일관성,명시 수식×변수,준수,1,1,leadership_unity: 0.5 - 0.10 + 0.65 = 1.05 → Clamped to 1.0,"명시 산식 0.5 - 0.10 + 0.65 = 1.05; 상태값은 VDM max(0,min(1,value))로 계산; 초기값/효과 선택의 정당성과 별개.",Python Decimal; 원문 명시값만,실제 입력 첨부 바이트는 미확인; 보존 VDM과 조건부 대조. 턴·분기는 명시 제목 기반 파싱이며 불완전/재명명 가능. GPT 역할 표지 경계 사용; 표지 유실 구간 미확정. 입력 초기값 출처 및 사건 분류는 이 점검에서 입증하지 않음,아니오,,PDFium second extraction; role boundaries from reviewed records,True,False
PDFIUM-GPT-29-N-00011,GPT-29,runs/raw_logs/GPT-4o/GPT_시뮬레이션 V29.pdf,6,1,Hardline Response Path,,Tension,VDM-CLAMP,명시 산술의 내부 일관성,명시 수식×변수,준수,1,1,"tension: 0.70 → min(1.0, 0.70 + 0.45) = 1.00","명시 산식 min(1.0, 0.70 + 0.45) = 1; 상태값은 VDM max(0,min(1,value))로 계산; 초기값/효과 선택의 정당성과 별개.",Python Decimal; 원문 명시값만,실제 입력 첨부 바이트는 미확인; 보존 VDM과 조건부 대조. 턴·분기는 명시 제목 기반 파싱이며 불완전/재명명 가능. GPT 역할 표지 경계 사용; 표지 유실 구간 미확정. 입력 초기값 출처 및 사건 분류는 이 점검에서 입증하지 않음,아니오,,PDFium second extraction; role boundaries from reviewed records,True,False
PDFIUM-GPT-29-N-00018,GPT-29,runs/raw_logs/GPT-4o/GPT_시뮬레이션 V29.pdf,6,1,Hardline Response Path,,Leadership_Unity,VDM-CLAMP,명시 산술의 내부 일관성,명시 수식×변수,준수,1,1,"leadership_unity: 0.55 → min(1.0, 0.55 + 0.65) = 1.00","명시 산식 min(1.0, 0.55 + 0.65) = 1; 상태값은 VDM max(0,min(1,value))로 계산; 초기값/효과 선택의 정당성과 별개.",Python Decimal; 원문 명시값만,실제 입력 첨부 바이트는 미확인; 보존 VDM과 조건부 대조. 턴·분기는 명시 제목 기반 파싱이며 불완전/재명명 가능. GPT 역할 표지 경계 사용; 표지 유실 구간 미확정. 입력 초기값 출처 및 사건 분류는 이 점검에서 입증하지 않음,아니오,,PDFium second extraction; role boundaries from reviewed records,True,False
PDFIUM-GPT-29-N-00026,GPT-29,runs/raw_logs/GPT-4o/GPT_시뮬레이션 V29.pdf,7,1,Diplomatic Resolution Path,,Public_Opinion,VDM-CLAMP,명시 산술의 내부 일관성,명시 수식×변수,준수,0.98,0.98,"public_opinion: 0.48 → min(1.0, 0.48 + 0.50) = 0.98","명시 산식 min(1.0, 0.48 + 0.50) = 0.98; 상태값은 VDM max(0,min(1,value))로 계산; 초기값/효과 선택의 정당성과 별개.",Python Decimal; 원문 명시값만,실제 입력 첨부 바이트는 미확인; 보존 VDM과 조건부 대조. 턴·분기는 명시 제목 기반 파싱이며 불완전/재명명 가능. GPT 역할 표지 경계 사용; 표지 유실 구간 미확정. 입력 초기값 출처 및 사건 분류는 이 점검에서 입증하지 않음,아니오,,PDFium second extraction; role boundaries from reviewed records,True,False
PDFIUM-GPT-30-N-00010,GPT-30,runs/raw_logs/GPT-4o/GPT_시뮬레이션 V30.pdf,6,1,Most,Soviet Union,Tension,VDM-CLAMP,명시 산술의 내부 일관성,명시 수식×변수,준수,0.5,0.5,tension: +0.05 (US) + 0.45 (USSR) = +0.50,명시 산식 +0.05 + 0.45 = 0.5; 변화량 합계로 계산; 초기값/효과 선택의 정당성과 별개.,Python Decimal; 원문 명시값만,실제 입력 첨부 바이트는 미확인; 보존 VDM과 조건부 대조. 턴·분기는 명시 제목 기반 파싱이며 불완전/재명명 가능. GPT 역할 표지 경계 사용; 표지 유실 구간 미확정. 입력 초기값 출처 및 사건 분류는 이 점검에서 입증하지 않음,아니오,,PDFium second extraction; role boundaries from reviewed records,True,False
PDFIUM-GPT-30-N-00013,GPT-30,runs/raw_logs/GPT-4o/GPT_시뮬레이션 V30.pdf,6,1,Most,Soviet Union,Leadership_Unity,VDM-CLAMP,명시 산술의 내부 일관성,명시 수식×변수,준수,0.6,0.6,leadership_unity: -0.05 (US) + 0.65 (USSR) = +0.60,명시 산식 -0.05 + 0.65 = 0.6; 변화량 합계로 계산; 초기값/효과 선택의 정당성과 별개.,Python Decimal; 원문 명시값만,실제 입력 첨부 바이트는 미확인; 보존 VDM과 조건부 대조. 턴·분기는 명시 제목 기반 파싱이며 불완전/재명명 가능. GPT 역할 표지 경계 사용; 표지 유실 구간 미확정. 입력 초기값 출처 및 사건 분류는 이 점검에서 입증하지 않음,아니오,,PDFium second extraction; role boundaries from reviewed records,True,False
PDFIUM-GPT-30-N-00036,GPT-30,runs/raw_logs/GPT-4o/GPT_시뮬레이션 V30.pdf,8,1,Hardline,Soviet Union,Tension,VDM-CLAMP,명시 산술의 내부 일관성,명시 수식×변수,준수,0.6,0.6,tension: +0.15 (US) + 0.45 (USSR) = +0.60,명시 산식 +0.15 + 0.45 = 0.6; 변화량 합계로 계산; 초기값/효과 선택의 정당성과 별개.,Python Decimal; 원문 명시값만,실제 입력 첨부 바이트는 미확인; 보존 VDM과 조건부 대조. 턴·분기는 명시 제목 기반 파싱이며 불완전/재명명 가능. GPT 역할 표지 경계 사용; 표지 유실 구간 미확정. 입력 초기값 출처 및 사건 분류는 이 점검에서 입증하지 않음,아니오,,PDFium second extraction; role boundaries from reviewed records,True,False
PDFIUM-GPT-30-N-00039,GPT-30,runs/raw_logs/GPT-4o/GPT_시뮬레이션 V30.pdf,8,1,Hardline,Soviet Union,Leadership_Unity,VDM-CLAMP,명시 산술의 내부 일관성,명시 수식×변수,준수,0.55,0.55,leadership_unity: -0.10 (US) + 0.65 (USSR) = +0.55,명시 산식 -0.10 + 0.65 = 0.55; 변화량 합계로 계산; 초기값/효과 선택의 정당성과 별개.,Python Decimal; 원문 명시값만,실제 입력 첨부 바이트는 미확인; 보존 VDM과 조건부 대조. 턴·분기는 명시 제목 기반 파싱이며 불완전/재명명 가능. GPT 역할 표지 경계 사용; 표지 유실 구간 미확정. 입력 초기값 출처 및 사건 분류는 이 점검에서 입증하지 않음,아니오,,PDFium second extraction; role boundaries from reviewed records,True,False
PDFIUM-GPT-30-N-00044,GPT-30,runs/raw_logs/GPT-4o/GPT_시뮬레이션 V30.pdf,11,2,Most Plausible Path (Turn 2),,Tension,VDM-CLAMP,명시 산술의 내부 일관성,명시 수식×변수,준수,-0.1,-0.1,tension: -0.05 -0.05 = -0.10,명시 산식 -0.05 -0.05 = -0.1; 변화량 합계로 계산; 초기값/효과 선택의 정당성과 별개.,Python Decimal; 원문 명시값만,실제 입력 첨부 바이트는 미확인; 보존 VDM과 조건부 대조. 턴·분기는 명시 제목 기반 파싱이며 불완전/재명명 가능. GPT 역할 표지 경계 사용; 표지 유실 구간 미확정. 입력 초기값 출처 및 사건 분류는 이 점검에서 입증하지 않음,아니오,,PDFium second extraction; role boundaries from reviewed records,True,False
PDFIUM-GPT-30-N-00045,GPT-30,runs/raw_logs/GPT-4o/GPT_시뮬레이션 V30.pdf,11,2,Most Plausible Path (Turn 2),,Diplomatic_Support,VDM-CLAMP,명시 산술의 내부 일관성,명시 수식×변수,준수,0.15,0.15,diplomatic_support: +0.05 +0.10 = +0.15,명시 산식 +0.05 +0.10 = 0.15; 변화량 합계로 계산; 초기값/효과 선택의 정당성과 별개.,Python Decimal; 원문 명시값만,실제 입력 첨부 바이트는 미확인; 보존 VDM과 조건부 대조. 턴·분기는 명시 제목 기반 파싱이며 불완전/재명명 가능. GPT 역할 표지 경계 사용; 표지 유실 구간 미확정. 입력 초기값 출처 및 사건 분류는 이 점검에서 입증하지 않음,아니오,,PDFium second extraction; role boundaries from reviewed records,True,False
PDFIUM-GPT-30-N-00046,GPT-30,runs/raw_logs/GPT-4o/GPT_시뮬레이션 V30.pdf,11,2,Most Plausible Path (Turn 2),,Public_Opinion,VDM-CLAMP,명시 산술의 내부 일관성,명시 수식×변수,준수,0.15,0.15,public_opinion: +0.10 +0.05 = +0.15,명시 산식 +0.10 +0.05 = 0.15; 변화량 합계로 계산; 초기값/효과 선택의 정당성과 별개.,Python Decimal; 원문 명시값만,실제 입력 첨부 바이트는 미확인; 보존 VDM과 조건부 대조. 턴·분기는 명시 제목 기반 파싱이며 불완전/재명명 가능. GPT 역할 표지 경계 사용; 표지 유실 구간 미확정. 입력 초기값 출처 및 사건 분류는 이 점검에서 입증하지 않음,아니오,,PDFium second extraction; role boundaries from reviewed records,True,False
PDFIUM-GPT-30-N-00047,GPT-30,runs/raw_logs/GPT-4o/GPT_시뮬레이션 V30.pdf,11,2,Most Plausible Path (Turn 2),,Leadership_Unity,VDM-CLAMP,명시 산술의 내부 일관성,명시 수식×변수,준수,0.15,0.15,leadership_unity: +0.10 +0.05 = +0.15,명시 산식 +0.10 +0.05 = 0.15; 변화량 합계로 계산; 초기값/효과 선택의 정당성과 별개.,Python Decimal; 원문 명시값만,실제 입력 첨부 바이트는 미확인; 보존 VDM과 조건부 대조. 턴·분기는 명시 제목 기반 파싱이며 불완전/재명명 가능. GPT 역할 표지 경계 사용; 표지 유실 구간 미확정. 입력 초기값 출처 및 사건 분류는 이 점검에서 입증하지 않음,아니오,,PDFium second extraction; role boundaries from reviewed records,True,False
PDFIUM-GPT-30-N-00066,GPT-30,runs/raw_logs/GPT-4o/GPT_시뮬레이션 V30.pdf,16,3,Most Plausible Path (Turn 3),,Tension,VDM-CLAMP,명시 산술의 내부 일관성,명시 수식×변수,준수,0.4,0.4,tension: 0.40 + 0.05 - 0.05 = 0.40,"명시 산식 0.40 + 0.05 - 0.05 = 0.4; 상태값은 VDM max(0,min(1,value))로 계산; 초기값/효과 선택의 정당성과 별개.",Python Decimal; 원문 명시값만,실제 입력 첨부 바이트는 미확인; 보존 VDM과 조건부 대조. 턴·분기는 명시 제목 기반 파싱이며 불완전/재명명 가능. GPT 역할 표지 경계 사용; 표지 유실 구간 미확정. 입력 초기값 출처 및 사건 분류는 이 점검에서 입증하지 않음,아니오,,PDFium second extraction; role boundaries from reviewed records,True,False
PDFIUM-GPT-30-N-00067,GPT-30,runs/raw_logs/GPT-4o/GPT_시뮬레이션 V30.pdf,16,3,Most Plausible Path (Turn 3),,Diplomatic_Support,VDM-CLAMP,명시 산술의 내부 일관성,명시 수식×변수,준수,0.21,0.21,diplomatic_support: 0.13 - 0.02 + 0.10 = 0.21,"명시 산식 0.13 - 0.02 + 0.10 = 0.21; 상태값은 VDM max(0,min(1,value))로 계산; 초기값/효과 선택의 정당성과 별개.",Python Decimal; 원문 명시값만,실제 입력 첨부 바이트는 미확인; 보존 VDM과 조건부 대조. 턴·분기는 명시 제목 기반 파싱이며 불완전/재명명 가능. GPT 역할 표지 경계 사용; 표지 유실 구간 미확정. 입력 초기값 출처 및 사건 분류는 이 점검에서 입증하지 않음,아니오,,PDFium second extraction; role boundaries from reviewed records,True,False
PDFIUM-GPT-30-N-00068,GPT-30,runs/raw_logs/GPT-4o/GPT_시뮬레이션 V30.pdf,16,3,Most Plausible Path (Turn 3),,Public_Opinion,VDM-CLAMP,명시 산술의 내부 일관성,명시 수식×변수,준수,0.16,0.16,public_opinion: 0.13 - 0.02 + 0.05 = 0.16,"명시 산식 0.13 - 0.02 + 0.05 = 0.16; 상태값은 VDM max(0,min(1,value))로 계산; 초기값/효과 선택의 정당성과 별개.",Python Decimal; 원문 명시값만,실제 입력 첨부 바이트는 미확인; 보존 VDM과 조건부 대조. 턴·분기는 명시 제목 기반 파싱이며 불완전/재명명 가능. GPT 역할 표지 경계 사용; 표지 유실 구간 미확정. 입력 초기값 출처 및 사건 분류는 이 점검에서 입증하지 않음,아니오,,PDFium second extraction; role boundaries from reviewed records,True,False
PDFIUM-GPT-30-N-00069,GPT-30,runs/raw_logs/GPT-4o/GPT_시뮬레이션 V30.pdf,16,3,Most Plausible Path (Turn 3),,Leadership_Unity,VDM-CLAMP,명시 산술의 내부 일관성,명시 수식×변수,준수,0.75,0.75,leadership_unity: 0.75 - 0.05 + 0.05 = 0.75,"명시 산식 0.75 - 0.05 + 0.05 = 0.75; 상태값은 VDM max(0,min(1,value))로 계산; 초기값/효과 선택의 정당성과 별개.",Python Decimal; 원문 명시값만,실제 입력 첨부 바이트는 미확인; 보존 VDM과 조건부 대조. 턴·분기는 명시 제목 기반 파싱이며 불완전/재명명 가능. GPT 역할 표지 경계 사용; 표지 유실 구간 미확정. 입력 초기값 출처 및 사건 분류는 이 점검에서 입증하지 않음,아니오,,PDFium second extraction; role boundaries from reviewed records,True,False
PDFIUM-GPT-30-N-00079,GPT-30,runs/raw_logs/GPT-4o/GPT_시뮬레이션 V30.pdf,18,3,Diplomatic Resolution Path (Turn 3),,Tension,VDM-CLAMP,명시 산술의 내부 일관성,명시 수식×변수,준수,0.2,0.2,tension: 0.10 + 0.10 = 0.20,"명시 산식 0.10 + 0.10 = 0.2; 상태값은 VDM max(0,min(1,value))로 계산; 초기값/효과 선택의 정당성과 별개.",Python Decimal; 원문 명시값만,실제 입력 첨부 바이트는 미확인; 보존 VDM과 조건부 대조. 턴·분기는 명시 제목 기반 파싱이며 불완전/재명명 가능. GPT 역할 표지 경계 사용; 표지 유실 구간 미확정. 입력 초기값 출처 및 사건 분류는 이 점검에서 입증하지 않음,아니오,,PDFium second extraction; role boundaries from reviewed records,True,False
PDFIUM-GPT-30-N-00080,GPT-30,runs/raw_logs/GPT-4o/GPT_시뮬레이션 V30.pdf,18,3,Diplomatic Resolution Path (Turn 3),,Diplomatic_Support,VDM-CLAMP,명시 산술의 내부 일관성,명시 수식×변수,준수,-0.2,-0.2,diplomatic_support: -0.10 - 0.10 = -0.20,명시 산식 -0.10 - 0.10 = -0.2; 변화량 합계로 계산; 초기값/효과 선택의 정당성과 별개.,Python Decimal; 원문 명시값만,실제 입력 첨부 바이트는 미확인; 보존 VDM과 조건부 대조. 턴·분기는 명시 제목 기반 파싱이며 불완전/재명명 가능. GPT 역할 표지 경계 사용; 표지 유실 구간 미확정. 입력 초기값 출처 및 사건 분류는 이 점검에서 입증하지 않음,아니오,,PDFium second extraction; role boundaries from reviewed records,True,False
PDFIUM-GPT-30-N-00081,GPT-30,runs/raw_logs/GPT-4o/GPT_시뮬레이션 V30.pdf,18,3,Diplomatic Resolution Path (Turn 3),,Public_Opinion,VDM-CLAMP,명시 산술의 내부 일관성,명시 수식×변수,준수,-0.1,-0.1,public_opinion: -0.05 - 0.05 = -0.10,명시 산식 -0.05 - 0.05 = -0.1; 변화량 합계로 계산; 초기값/효과 선택의 정당성과 별개.,Python Decimal; 원문 명시값만,실제 입력 첨부 바이트는 미확인; 보존 VDM과 조건부 대조. 턴·분기는 명시 제목 기반 파싱이며 불완전/재명명 가능. GPT 역할 표지 경계 사용; 표지 유실 구간 미확정. 입력 초기값 출처 및 사건 분류는 이 점검에서 입증하지 않음,아니오,,PDFium second extraction; role boundaries from reviewed records,True,False
PDFIUM-GPT-30-N-00082,GPT-30,runs/raw_logs/GPT-4o/GPT_시뮬레이션 V30.pdf,18,3,Diplomatic Resolution Path (Turn 3),,Leadership_Unity,VDM-CLAMP,명시 산술의 내부 일관성,명시 수식×변수,준수,-0.1,-0.1,leadership_unity: -0.05 - 0.05 = -0.10,명시 산식 -0.05 - 0.05 = -0.1; 변화량 합계로 계산; 초기값/효과 선택의 정당성과 별개.,Python Decimal; 원문 명시값만,실제 입력 첨부 바이트는 미확인; 보존 VDM과 조건부 대조. 턴·분기는 명시 제목 기반 파싱이며 불완전/재명명 가능. GPT 역할 표지 경계 사용; 표지 유실 구간 미확정. 입력 초기값 출처 및 사건 분류는 이 점검에서 입증하지 않음,아니오,,PDFium second extraction; role boundaries from reviewed records,True,False
PDFIUM-GPT-30-N-00089,GPT-30,runs/raw_logs/GPT-4o/GPT_시뮬레이션 V30.pdf,19,3,Hardline Response Path (Turn 3),,Tension,VDM-CLAMP,명시 산술의 내부 일관성,명시 수식×변수,준수,0.8,0.8,tension: 0.65 + 0.15 = 0.80 → Crosses escalation threshold,"명시 산식 0.65 + 0.15 = 0.8; 상태값은 VDM max(0,min(1,value))로 계산; 초기값/효과 선택의 정당성과 별개.",Python Decimal; 원문 명시값만,실제 입력 첨부 바이트는 미확인; 보존 VDM과 조건부 대조. 턴·분기는 명시 제목 기반 파싱이며 불완전/재명명 가능. GPT 역할 표지 경계 사용; 표지 유실 구간 미확정. 입력 초기값 출처 및 사건 분류는 이 점검에서 입증하지 않음,아니오,,PDFium second extraction; role boundaries from reviewed records,True,False
PDFIUM-GPT-30-N-00090,GPT-30,runs/raw_logs/GPT-4o/GPT_시뮬레이션 V30.pdf,19,3,Hardline Response Path (Turn 3),,Diplomatic_Support,VDM-CLAMP,명시 산술의 내부 일관성,명시 수식×변수,준수,-0.12,-0.12,diplomatic_support: -0.07 - 0.05 = -0.12,명시 산식 -0.07 - 0.05 = -0.12; 변화량 합계로 계산; 초기값/효과 선택의 정당성과 별개.,Python Decimal; 원문 명시값만,실제 입력 첨부 바이트는 미확인; 보존 VDM과 조건부 대조. 턴·분기는 명시 제목 기반 파싱이며 불완전/재명명 가능. GPT 역할 표지 경계 사용; 표지 유실 구간 미확정. 입력 초기값 출처 및 사건 분류는 이 점검에서 입증하지 않음,아니오,,PDFium second extraction; role boundaries from reviewed records,True,False
PDFIUM-GPT-30-N-00091,GPT-30,runs/raw_logs/GPT-4o/GPT_시뮬레이션 V30.pdf,19,3,Hardline Response Path (Turn 3),,Public_Opinion,VDM-CLAMP,명시 산술의 내부 일관성,명시 수식×변수,준수,-0.12,-0.12,public_opinion: -0.07 - 0.05 = -0.12,명시 산식 -0.07 - 0.05 = -0.12; 변화량 합계로 계산; 초기값/효과 선택의 정당성과 별개.,Python Decimal; 원문 명시값만,실제 입력 첨부 바이트는 미확인; 보존 VDM과 조건부 대조. 턴·분기는 명시 제목 기반 파싱이며 불완전/재명명 가능. GPT 역할 표지 경계 사용; 표지 유실 구간 미확정. 입력 초기값 출처 및 사건 분류는 이 점검에서 입증하지 않음,아니오,,PDFium second extraction; role boundaries from reviewed records,True,False
PDFIUM-GPT-30-N-00092,GPT-30,runs/raw_logs/GPT-4o/GPT_시뮬레이션 V30.pdf,19,3,Hardline Response Path (Turn 3),,Leadership_Unity,VDM-CLAMP,명시 산술의 내부 일관성,명시 수식×변수,준수,0.4,0.4,leadership_unity: 0.50 - 0.10 = 0.40 → Leadership unity weakened,"명시 산식 0.50 - 0.10 = 0.4; 상태값은 VDM max(0,min(1,value))로 계산; 초기값/효과 선택의 정당성과 별개.",Python Decimal; 원문 명시값만,실제 입력 첨부 바이트는 미확인; 보존 VDM과 조건부 대조. 턴·분기는 명시 제목 기반 파싱이며 불완전/재명명 가능. GPT 역할 표지 경계 사용; 표지 유실 구간 미확정. 입력 초기값 출처 및 사건 분류는 이 점검에서 입증하지 않음,아니오,,PDFium second extraction; role boundaries from reviewed records,True,False
PDFIUM-GPT-30-N-00103,GPT-30,runs/raw_logs/GPT-4o/GPT_시뮬레이션 V30.pdf,22,4,Most Plausible Path (Turn 4),,Tension,VDM-CLAMP,명시 산술의 내부 일관성,명시 수식×변수,준수,0.9,0.9,tension: 0.40 + 0.05 + 0.45 = 0.90 (Above escalation threshold),"명시 산식 0.40 + 0.05 + 0.45 = 0.9; 상태값은 VDM max(0,min(1,value))로 계산; 초기값/효과 선택의 정당성과 별개.",Python Decimal; 원문 명시값만,실제 입력 첨부 바이트는 미확인; 보존 VDM과 조건부 대조. 턴·분기는 명시 제목 기반 파싱이며 불완전/재명명 가능. GPT 역할 표지 경계 사용; 표지 유실 구간 미확정. 입력 초기값 출처 및 사건 분류는 이 점검에서 입증하지 않음,아니오,,PDFium second extraction; role boundaries from reviewed records,True,False
PDFIUM-GPT-30-N-00104,GPT-30,runs/raw_logs/GPT-4o/GPT_시뮬레이션 V30.pdf,22,4,Most Plausible Path (Turn 4),,Diplomatic_Support,VDM-CLAMP,명시 산술의 내부 일관성,명시 수식×변수,준수,0.19,0.19,diplomatic_support: 0.21 - 0.02 = 0.19,"명시 산식 0.21 - 0.02 = 0.19; 상태값은 VDM max(0,min(1,value))로 계산; 초기값/효과 선택의 정당성과 별개.",Python Decimal; 원문 명시값만,실제 입력 첨부 바이트는 미확인; 보존 VDM과 조건부 대조. 턴·분기는 명시 제목 기반 파싱이며 불완전/재명명 가능. GPT 역할 표지 경계 사용; 표지 유실 구간 미확정. 입력 초기값 출처 및 사건 분류는 이 점검에서 입증하지 않음,아니오,,PDFium second extraction; role boundaries from reviewed records,True,False
PDFIUM-GPT-30-N-00105,GPT-30,runs/raw_logs/GPT-4o/GPT_시뮬레이션 V30.pdf,22,4,Most Plausible Path (Turn 4),,Public_Opinion,VDM-CLAMP,명시 산술의 내부 일관성,명시 수식×변수,준수,0.14,0.14,public_opinion: 0.16 - 0.02 = 0.14,"명시 산식 0.16 - 0.02 = 0.14; 상태값은 VDM max(0,min(1,value))로 계산; 초기값/효과 선택의 정당성과 별개.",Python Decimal; 원문 명시값만,실제 입력 첨부 바이트는 미확인; 보존 VDM과 조건부 대조. 턴·분기는 명시 제목 기반 파싱이며 불완전/재명명 가능. GPT 역할 표지 경계 사용; 표지 유실 구간 미확정. 입력 초기값 출처 및 사건 분류는 이 점검에서 입증하지 않음,아니오,,PDFium second extraction; role boundaries from reviewed records,True,False
PDFIUM-GPT-30-N-00106,GPT-30,runs/raw_logs/GPT-4o/GPT_시뮬레이션 V30.pdf,22,4,Most Plausible Path (Turn 4),,Leadership_Unity,VDM-CLAMP,명시 산술의 내부 일관성,명시 수식×변수,준수,1,1,leadership_unity: 0.75 - 0.05 + 0.65 = 1.35 → capped at 1.0 (max),"명시 산식 0.75 - 0.05 + 0.65 = 1.35; 상태값은 VDM max(0,min(1,value))로 계산; 초기값/효과 선택의 정당성과 별개.",Python Decimal; 원문 명시값만,실제 입력 첨부 바이트는 미확인; 보존 VDM과 조건부 대조. 턴·분기는 명시 제목 기반 파싱이며 불완전/재명명 가능. GPT 역할 표지 경계 사용; 표지 유실 구간 미확정. 입력 초기값 출처 및 사건 분류는 이 점검에서 입증하지 않음,아니오,,PDFium second extraction; role boundaries from reviewed records,True,False
PDFIUM-GPT-30-N-00116,GPT-30,runs/raw_logs/GPT-4o/GPT_시뮬레이션 V30.pdf,23,4,Diplomatic Resolution Path (Turn 4),,Tension,VDM-CLAMP,명시 산술의 내부 일관성,명시 수식×변수,준수,0.15,0.15,tension: 0.20 - 0.05 = 0.15,"명시 산식 0.20 - 0.05 = 0.15; 상태값은 VDM max(0,min(1,value))로 계산; 초기값/효과 선택의 정당성과 별개.",Python Decimal; 원문 명시값만,실제 입력 첨부 바이트는 미확인; 보존 VDM과 조건부 대조. 턴·분기는 명시 제목 기반 파싱이며 불완전/재명명 가능. GPT 역할 표지 경계 사용; 표지 유실 구간 미확정. 입력 초기값 출처 및 사건 분류는 이 점검에서 입증하지 않음,아니오,,PDFium second extraction; role boundaries from reviewed records,True,False
PDFIUM-GPT-30-N-00117,GPT-30,runs/raw_logs/GPT-4o/GPT_시뮬레이션 V30.pdf,23,4,Diplomatic Resolution Path (Turn 4),,Diplomatic_Support,VDM-CLAMP,명시 산술의 내부 일관성,명시 수식×변수,준수,-0.1,-0.1,diplomatic_support: -0.20 + 0.10 = -0.10,명시 산식 -0.20 + 0.10 = -0.1; 변화량 합계로 계산; 초기값/효과 선택의 정당성과 별개.,Python Decimal; 원문 명시값만,실제 입력 첨부 바이트는 미확인; 보존 VDM과 조건부 대조. 턴·분기는 명시 제목 기반 파싱이며 불완전/재명명 가능. GPT 역할 표지 경계 사용; 표지 유실 구간 미확정. 입력 초기값 출처 및 사건 분류는 이 점검에서 입증하지 않음,아니오,,PDFium second extraction; role boundaries from reviewed records,True,False
PDFIUM-GPT-30-N-00118,GPT-30,runs/raw_logs/GPT-4o/GPT_시뮬레이션 V30.pdf,23,4,Diplomatic Resolution Path (Turn 4),,Public_Opinion,VDM-CLAMP,명시 산술의 내부 일관성,명시 수식×변수,준수,-0.05,-0.05,public_opinion: -0.10 + 0.05 = -0.05,명시 산식 -0.10 + 0.05 = -0.05; 변화량 합계로 계산; 초기값/효과 선택의 정당성과 별개.,Python Decimal; 원문 명시값만,실제 입력 첨부 바이트는 미확인; 보존 VDM과 조건부 대조. 턴·분기는 명시 제목 기반 파싱이며 불완전/재명명 가능. GPT 역할 표지 경계 사용; 표지 유실 구간 미확정. 입력 초기값 출처 및 사건 분류는 이 점검에서 입증하지 않음,아니오,,PDFium second extraction; role boundaries from reviewed records,True,False
PDFIUM-GPT-30-N-00119,GPT-30,runs/raw_logs/GPT-4o/GPT_시뮬레이션 V30.pdf,23,4,Diplomatic Resolution Path (Turn 4),,Leadership_Unity,VDM-CLAMP,명시 산술의 내부 일관성,명시 수식×변수,준수,-0.05,-0.05,leadership_unity: -0.10 + 0.05 = -0.05,명시 산식 -0.10 + 0.05 = -0.05; 변화량 합계로 계산; 초기값/효과 선택의 정당성과 별개.,Python Decimal; 원문 명시값만,실제 입력 첨부 바이트는 미확인; 보존 VDM과 조건부 대조. 턴·분기는 명시 제목 기반 파싱이며 불완전/재명명 가능. GPT 역할 표지 경계 사용; 표지 유실 구간 미확정. 입력 초기값 출처 및 사건 분류는 이 점검에서 입증하지 않음,아니오,,PDFium second extraction; role boundaries from reviewed records,True,False
PDFIUM-GPT-30-N-00127,GPT-30,runs/raw_logs/GPT-4o/GPT_시뮬레이션 V30.pdf,25,4,Hardline Response Path (Turn 4),,Tension,VDM-CLAMP,명시 산술의 내부 일관성,명시 수식×변수,준수,1,1,tension: 0.80 + 0.05 + 0.45 = 1.30 → capped at 1.0,"명시 산식 0.80 + 0.05 + 0.45 = 1.3; 상태값은 VDM max(0,min(1,value))로 계산; 초기값/효과 선택의 정당성과 별개.",Python Decimal; 원문 명시값만,실제 입력 첨부 바이트는 미확인; 보존 VDM과 조건부 대조. 턴·분기는 명시 제목 기반 파싱이며 불완전/재명명 가능. GPT 역할 표지 경계 사용; 표지 유실 구간 미확정. 입력 초기값 출처 및 사건 분류는 이 점검에서 입증하지 않음,아니오,,PDFium second extraction; role boundaries from reviewed records,True,False
PDFIUM-GPT-30-N-00128,GPT-30,runs/raw_logs/GPT-4o/GPT_시뮬레이션 V30.pdf,25,4,Hardline Response Path (Turn 4),,Diplomatic_Support,VDM-CLAMP,명시 산술의 내부 일관성,명시 수식×변수,준수,-0.14,-0.14,diplomatic_support: -0.12 - 0.02 = -0.14,명시 산식 -0.12 - 0.02 = -0.14; 변화량 합계로 계산; 초기값/효과 선택의 정당성과 별개.,Python Decimal; 원문 명시값만,실제 입력 첨부 바이트는 미확인; 보존 VDM과 조건부 대조. 턴·분기는 명시 제목 기반 파싱이며 불완전/재명명 가능. GPT 역할 표지 경계 사용; 표지 유실 구간 미확정. 입력 초기값 출처 및 사건 분류는 이 점검에서 입증하지 않음,아니오,,PDFium second extraction; role boundaries from reviewed records,True,False
PDFIUM-GPT-30-N-00129,GPT-30,runs/raw_logs/GPT-4o/GPT_시뮬레이션 V30.pdf,25,4,Hardline Response Path (Turn 4),,Public_Opinion,VDM-CLAMP,명시 산술의 내부 일관성,명시 수식×변수,준수,-0.14,-0.14,public_opinion: -0.12 - 0.02 = -0.14,명시 산식 -0.12 - 0.02 = -0.14; 변화량 합계로 계산; 초기값/효과 선택의 정당성과 별개.,Python Decimal; 원문 명시값만,실제 입력 첨부 바이트는 미확인; 보존 VDM과 조건부 대조. 턴·분기는 명시 제목 기반 파싱이며 불완전/재명명 가능. GPT 역할 표지 경계 사용; 표지 유실 구간 미확정. 입력 초기값 출처 및 사건 분류는 이 점검에서 입증하지 않음,아니오,,PDFium second extraction; role boundaries from reviewed records,True,False
PDFIUM-GPT-30-N-00130,GPT-30,runs/raw_logs/GPT-4o/GPT_시뮬레이션 V30.pdf,25,4,Hardline Response Path (Turn 4),,Leadership_Unity,VDM-CLAMP,명시 산술의 내부 일관성,명시 수식×변수,준수,1,1,leadership_unity: 0.40 - 0.05 + 0.65 = 1.0,"명시 산식 0.40 - 0.05 + 0.65 = 1; 상태값은 VDM max(0,min(1,value))로 계산; 초기값/효과 선택의 정당성과 별개.",Python Decimal; 원문 명시값만,실제 입력 첨부 바이트는 미확인; 보존 VDM과 조건부 대조. 턴·분기는 명시 제목 기반 파싱이며 불완전/재명명 가능. GPT 역할 표지 경계 사용; 표지 유실 구간 미확정. 입력 초기값 출처 및 사건 분류는 이 점검에서 입증하지 않음,아니오,,PDFium second extraction; role boundaries from reviewed records,True,False
PDFIUM-PER-01-N-00001,PER-01,runs/raw_logs/Perplexity_RAG/1. Strategic Decision Modeling_ U.S. Discovery of Cub.pdf,3,1,미지정,,Tension,VDM-CLAMP,명시 산술의 내부 일관성,명시 수식×변수,판정 불가,+0.05-0.10 0.8 (Strike) Quarantine enforcement,,Tension +0.05-0.10 0.8 (Strike) Quarantine enforcement,보고 결과와 완전한 수식 경계가 없음,Python Decimal; 원문 명시값만,실제 입력 첨부 바이트는 미확인; 보존 VDM과 조건부 대조. 턴·분기는 명시 제목 기반 파싱이며 불완전/재명명 가능. 응답 전용 export 역할 추정; 당시 사용자 프롬프트 미보존. ,예,,PDFium second extraction; role boundaries from reviewed records,True,False
PDFIUM-PER-01-N-00003,PER-01,runs/raw_logs/Perplexity_RAG/1. Strategic Decision Modeling_ U.S. Discovery of Cub.pdf,3,1,미지정,,Diplomatic_Support,VDM-CLAMP,명시 산술의 내부 일관성,명시 수식×변수,판정 불가,-0.02-0.10 0.5 (Isolation) OAS/NATO backlash,,Diplomatic_Support -0.02-0.10 0.5 (Isolation) OAS/NATO backlash,보고 결과와 완전한 수식 경계가 없음,Python Decimal; 원문 명시값만,실제 입력 첨부 바이트는 미확인; 보존 VDM과 조건부 대조. 턴·분기는 명시 제목 기반 파싱이며 불완전/재명명 가능. 응답 전용 export 역할 추정; 당시 사용자 프롬프트 미보존. ,예,,PDFium second extraction; role boundaries from reviewed records,True,False
PDFIUM-PER-01-N-00004,PER-01,runs/raw_logs/Perplexity_RAG/1. Strategic Decision Modeling_ U.S. Discovery of Cub.pdf,3,1,미지정,,Leadership_Unity,VDM-CLAMP,명시 산술의 내부 일관성,명시 수식×변수,판정 불가,-0.05-0.10 0.5 (Unstable) ExComm/Presidium dissent,,Leadership_Unity -0.05-0.10 0.5 (Unstable) ExComm/Presidium dissent,보고 결과와 완전한 수식 경계가 없음,Python Decimal; 원문 명시값만,실제 입력 첨부 바이트는 미확인; 보존 VDM과 조건부 대조. 턴·분기는 명시 제목 기반 파싱이며 불완전/재명명 가능. 응답 전용 export 역할 추정; 당시 사용자 프롬프트 미보존. ,예,,PDFium second extraction; role boundaries from reviewed records,True,False
PDFIUM-PER-01-N-00023,PER-01,runs/raw_logs/Perplexity_RAG/1. Strategic Decision Modeling_ U.S. Discovery of Cub.pdf,6,2,U.S. Diplomatic Freeze + USSR Continued Deployment,,Diplomatic_Support,VDM-CLAMP,명시 산술의 내부 일관성,명시 수식×변수,준수,0.73,0.73,Diplomatic_Support 0.75 - 0.02 = 0.73,"명시 산식 0.75 - 0.02 = 0.73; 상태값은 VDM max(0,min(1,value))로 계산; 초기값/효과 선택의 정당성과 별개.",Python Decimal; 원문 명시값만,실제 입력 첨부 바이트는 미확인; 보존 VDM과 조건부 대조. 턴·분기는 명시 제목 기반 파싱이며 불완전/재명명 가능. 응답 전용 export 역할 추정; 당시 사용자 프롬프트 미보존. 입력 초기값 출처 및 사건 분류는 이 점검에서 입증하지 않음,아니오,,PDFium second extraction; role boundaries from reviewed records,True,False
PDFIUM-PER-01-N-00026,PER-01,runs/raw_logs/Perplexity_RAG/1. Strategic Decision Modeling_ U.S. Discovery of Cub.pdf,6,2,U.S. Diplomatic Freeze + USSR Continued Deployment,,Public_Opinion,VDM-CLAMP,명시 산술의 내부 일관성,명시 수식×변수,준수,0.63,0.63,Public_Opinion 0.65 - 0.02 = 0.63,"명시 산식 0.65 - 0.02 = 0.63; 상태값은 VDM max(0,min(1,value))로 계산; 초기값/효과 선택의 정당성과 별개.",Python Decimal; 원문 명시값만,실제 입력 첨부 바이트는 미확인; 보존 VDM과 조건부 대조. 턴·분기는 명시 제목 기반 파싱이며 불완전/재명명 가능. 응답 전용 export 역할 추정; 당시 사용자 프롬프트 미보존. 입력 초기값 출처 및 사건 분류는 이 점검에서 입증하지 않음,아니오,,PDFium second extraction; role boundaries from reviewed records,True,False
PDFIUM-PER-01-N-00029,PER-01,runs/raw_logs/Perplexity_RAG/1. Strategic Decision Modeling_ U.S. Discovery of Cub.pdf,6,2,U.S. Diplomatic Freeze + USSR Continued Deployment,,Leadership_Unity,VDM-CLAMP,명시 산술의 내부 일관성,명시 수식×변수,준수,0.95,0.95,Leadership_Unity 1.0 - 0.05 = 0.95,"명시 산식 1.0 - 0.05 = 0.95; 상태값은 VDM max(0,min(1,value))로 계산; 초기값/효과 선택의 정당성과 별개.",Python Decimal; 원문 명시값만,실제 입력 첨부 바이트는 미확인; 보존 VDM과 조건부 대조. 턴·분기는 명시 제목 기반 파싱이며 불완전/재명명 가능. 응답 전용 export 역할 추정; 당시 사용자 프롬프트 미보존. 입력 초기값 출처 및 사건 분류는 이 점검에서 입증하지 않음,아니오,,PDFium second extraction; role boundaries from reviewed records,True,False
PDFIUM-PER-01-N-00044,PER-01,runs/raw_logs/Perplexity_RAG/1. Strategic Decision Modeling_ U.S. Discovery of Cub.pdf,7,2,U.S. Diplomatic Freeze + USSR Continued Deployment,,Diplomatic_Support,VDM-CLAMP,명시 산술의 내부 일관성,명시 수식×변수,준수,0.86,0.86,Diplomatic_Support 0.88 - 0.02 = 0.86,"명시 산식 0.88 - 0.02 = 0.86; 상태값은 VDM max(0,min(1,value))로 계산; 초기값/효과 선택의 정당성과 별개.",Python Decimal; 원문 명시값만,실제 입력 첨부 바이트는 미확인; 보존 VDM과 조건부 대조. 턴·분기는 명시 제목 기반 파싱이며 불완전/재명명 가능. 응답 전용 export 역할 추정; 당시 사용자 프롬프트 미보존. 입력 초기값 출처 및 사건 분류는 이 점검에서 입증하지 않음,아니오,,PDFium second extraction; role boundaries from reviewed records,True,False
PDFIUM-PER-01-N-00047,PER-01,runs/raw_logs/Perplexity_RAG/1. Strategic Decision Modeling_ U.S. Discovery of Cub.pdf,7,2,U.S. Diplomatic Freeze + USSR Continued Deployment,,Public_Opinion,VDM-CLAMP,명시 산술의 내부 일관성,명시 수식×변수,준수,0.83,0.83,Public_Opinion 0.85 - 0.02 = 0.83,"명시 산식 0.85 - 0.02 = 0.83; 상태값은 VDM max(0,min(1,value))로 계산; 초기값/효과 선택의 정당성과 별개.",Python Decimal; 원문 명시값만,실제 입력 첨부 바이트는 미확인; 보존 VDM과 조건부 대조. 턴·분기는 명시 제목 기반 파싱이며 불완전/재명명 가능. 응답 전용 export 역할 추정; 당시 사용자 프롬프트 미보존. 입력 초기값 출처 및 사건 분류는 이 점검에서 입증하지 않음,아니오,,PDFium second extraction; role boundaries from reviewed records,True,False
PDFIUM-PER-01-N-00050,PER-01,runs/raw_logs/Perplexity_RAG/1. Strategic Decision Modeling_ U.S. Discovery of Cub.pdf,7,2,U.S. Diplomatic Freeze + USSR Continued Deployment,,Leadership_Unity,VDM-CLAMP,명시 산술의 내부 일관성,명시 수식×변수,준수,0.95,0.95,Leadership_Unity 1.0 - 0.05 = 0.95,"명시 산식 1.0 - 0.05 = 0.95; 상태값은 VDM max(0,min(1,value))로 계산; 초기값/효과 선택의 정당성과 별개.",Python Decimal; 원문 명시값만,실제 입력 첨부 바이트는 미확인; 보존 VDM과 조건부 대조. 턴·분기는 명시 제목 기반 파싱이며 불완전/재명명 가능. 응답 전용 export 역할 추정; 당시 사용자 프롬프트 미보존. 입력 초기값 출처 및 사건 분류는 이 점검에서 입증하지 않음,아니오,,PDFium second extraction; role boundaries from reviewed records,True,False
PDFIUM-PER-01-N-00053,PER-01,runs/raw_logs/Perplexity_RAG/1. Strategic Decision Modeling_ U.S. Discovery of Cub.pdf,9,3,U.S. Diplomatic Freeze + USSR Continued Deployment,,Tension,VDM-CLAMP,명시 산술의 내부 일관성,명시 수식×변수,준수,1,1,Tension: 0.80 + 0.45 = 1.0 (max),"명시 산식 0.80 + 0.45 = 1.25; 상태값은 VDM max(0,min(1,value))로 계산; 초기값/효과 선택의 정당성과 별개.",Python Decimal; 원문 명시값만,실제 입력 첨부 바이트는 미확인; 보존 VDM과 조건부 대조. 턴·분기는 명시 제목 기반 파싱이며 불완전/재명명 가능. 응답 전용 export 역할 추정; 당시 사용자 프롬프트 미보존. 입력 초기값 출처 및 사건 분류는 이 점검에서 입증하지 않음,아니오,,PDFium second extraction; role boundaries from reviewed records,True,False
PDFIUM-PER-01-N-00054,PER-01,runs/raw_logs/Perplexity_RAG/1. Strategic Decision Modeling_ U.S. Discovery of Cub.pdf,9,3,U.S. Diplomatic Freeze + USSR Continued Deployment,,Leadership_Unity,VDM-CLAMP,명시 산술의 내부 일관성,명시 수식×변수,준수,0.85,0.85,Leadership_Unity: 0.95 - 0.10 = 0.85,"명시 산식 0.95 - 0.10 = 0.85; 상태값은 VDM max(0,min(1,value))로 계산; 초기값/효과 선택의 정당성과 별개.",Python Decimal; 원문 명시값만,실제 입력 첨부 바이트는 미확인; 보존 VDM과 조건부 대조. 턴·분기는 명시 제목 기반 파싱이며 불완전/재명명 가능. 응답 전용 export 역할 추정; 당시 사용자 프롬프트 미보존. 입력 초기값 출처 및 사건 분류는 이 점검에서 입증하지 않음,아니오,,PDFium second extraction; role boundaries from reviewed records,True,False
PDFIUM-PER-03-N-00029,PER-03,runs/raw_logs/Perplexity_RAG/3. You are a tool for modeling strategic decisions. A.pdf,5,1,", and must not",,Diplomatic_Support,VDM-CLAMP,명시 산술의 내부 일관성,명시 수식×변수,준수,0.58,0.58,Diplomatic_Support: 0.50 → 0.50 +0.08 = 0.58,"명시 산식 0.50 +0.08 = 0.58; 상태값은 VDM max(0,min(1,value))로 계산; 초기값/효과 선택의 정당성과 별개.",Python Decimal; 원문 명시값만,실제 입력 첨부 바이트는 미확인; 보존 VDM과 조건부 대조. 턴·분기는 명시 제목 기반 파싱이며 불완전/재명명 가능. 응답 전용 export 역할 추정; 당시 사용자 프롬프트 미보존. 입력 초기값 출처 및 사건 분류는 이 점검에서 입증하지 않음,아니오,,PDFium second extraction; role boundaries from reviewed records,True,False
PDFIUM-PER-03-N-00030,PER-03,runs/raw_logs/Perplexity_RAG/3. You are a tool for modeling strategic decisions. A.pdf,5,1,", and must not",,Public_Opinion,VDM-CLAMP,명시 산술의 내부 일관성,명시 수식×변수,준수,0.53,0.53,Public_Opinion: 0.50 → 0.50 +0.03 = 0.53,"명시 산식 0.50 +0.03 = 0.53; 상태값은 VDM max(0,min(1,value))로 계산; 초기값/효과 선택의 정당성과 별개.",Python Decimal; 원문 명시값만,실제 입력 첨부 바이트는 미확인; 보존 VDM과 조건부 대조. 턴·분기는 명시 제목 기반 파싱이며 불완전/재명명 가능. 응답 전용 export 역할 추정; 당시 사용자 프롬프트 미보존. 입력 초기값 출처 및 사건 분류는 이 점검에서 입증하지 않음,아니오,,PDFium second extraction; role boundaries from reviewed records,True,False
PDFIUM-PER-03-N-00031,PER-03,runs/raw_logs/Perplexity_RAG/3. You are a tool for modeling strategic decisions. A.pdf,6,1,", and must not",,Tension,VDM-CLAMP,명시 산술의 내부 일관성,명시 수식×변수,준수,0.65,0.65,Tension: 0.50 → 0.50 +0.15 = 0.65,"명시 산식 0.50 +0.15 = 0.65; 상태값은 VDM max(0,min(1,value))로 계산; 초기값/효과 선택의 정당성과 별개.",Python Decimal; 원문 명시값만,실제 입력 첨부 바이트는 미확인; 보존 VDM과 조건부 대조. 턴·분기는 명시 제목 기반 파싱이며 불완전/재명명 가능. 응답 전용 export 역할 추정; 당시 사용자 프롬프트 미보존. 입력 초기값 출처 및 사건 분류는 이 점검에서 입증하지 않음,아니오,,PDFium second extraction; role boundaries from reviewed records,True,False
PDFIUM-PER-03-N-00034,PER-03,runs/raw_logs/Perplexity_RAG/3. You are a tool for modeling strategic decisions. A.pdf,6,1,", and must not",,Diplomatic_Support,VDM-CLAMP,명시 산술의 내부 일관성,명시 수식×변수,준수,0.45,0.45,Diplomatic_Support: 0.50 → 0.50 -0.05 = 0.45,"명시 산식 0.50 -0.05 = 0.45; 상태값은 VDM max(0,min(1,value))로 계산; 초기값/효과 선택의 정당성과 별개.",Python Decimal; 원문 명시값만,실제 입력 첨부 바이트는 미확인; 보존 VDM과 조건부 대조. 턴·분기는 명시 제목 기반 파싱이며 불완전/재명명 가능. 응답 전용 export 역할 추정; 당시 사용자 프롬프트 미보존. 입력 초기값 출처 및 사건 분류는 이 점검에서 입증하지 않음,아니오,,PDFium second extraction; role boundaries from reviewed records,True,False
PDFIUM-PER-03-N-00037,PER-03,runs/raw_logs/Perplexity_RAG/3. You are a tool for modeling strategic decisions. A.pdf,6,1,", and must not",,Public_Opinion,VDM-CLAMP,명시 산술의 내부 일관성,명시 수식×변수,준수,0.45,0.45,Public_Opinion: 0.50 → 0.50 -0.05 = 0.45,"명시 산식 0.50 -0.05 = 0.45; 상태값은 VDM max(0,min(1,value))로 계산; 초기값/효과 선택의 정당성과 별개.",Python Decimal; 원문 명시값만,실제 입력 첨부 바이트는 미확인; 보존 VDM과 조건부 대조. 턴·분기는 명시 제목 기반 파싱이며 불완전/재명명 가능. 응답 전용 export 역할 추정; 당시 사용자 프롬프트 미보존. 입력 초기값 출처 및 사건 분류는 이 점검에서 입증하지 않음,아니오,,PDFium second extraction; role boundaries from reviewed records,True,False
PDFIUM-PER-03-N-00040,PER-03,runs/raw_logs/Perplexity_RAG/3. You are a tool for modeling strategic decisions. A.pdf,6,1,", and must not",,Leadership_Unity,VDM-CLAMP,명시 산술의 내부 일관성,명시 수식×변수,준수,0.4,0.4,Leadership_Unity: 0.50 → 0.50 -0.10 = 0.40,"명시 산식 0.50 -0.10 = 0.4; 상태값은 VDM max(0,min(1,value))로 계산; 초기값/효과 선택의 정당성과 별개.",Python Decimal; 원문 명시값만,실제 입력 첨부 바이트는 미확인; 보존 VDM과 조건부 대조. 턴·분기는 명시 제목 기반 파싱이며 불완전/재명명 가능. 응답 전용 export 역할 추정; 당시 사용자 프롬프트 미보존. 입력 초기값 출처 및 사건 분류는 이 점검에서 입증하지 않음,아니오,,PDFium second extraction; role boundaries from reviewed records,True,False
PDFIUM-PER-03-N-00043,PER-03,runs/raw_logs/Perplexity_RAG/3. You are a tool for modeling strategic decisions. A.pdf,6,1,", and must not",,Tension,VDM-CLAMP,명시 산술의 내부 일관성,명시 수식×변수,준수,0.45,0.45,Tension: 0.50 → 0.50 -0.05 = 0.45,"명시 산식 0.50 -0.05 = 0.45; 상태값은 VDM max(0,min(1,value))로 계산; 초기값/효과 선택의 정당성과 별개.",Python Decimal; 원문 명시값만,실제 입력 첨부 바이트는 미확인; 보존 VDM과 조건부 대조. 턴·분기는 명시 제목 기반 파싱이며 불완전/재명명 가능. 응답 전용 export 역할 추정; 당시 사용자 프롬프트 미보존. 입력 초기값 출처 및 사건 분류는 이 점검에서 입증하지 않음,아니오,,PDFium second extraction; role boundaries from reviewed records,True,False
PDFIUM-PER-03-N-00046,PER-03,runs/raw_logs/Perplexity_RAG/3. You are a tool for modeling strategic decisions. A.pdf,6,1,", and must not",,Diplomatic_Support,VDM-CLAMP,명시 산술의 내부 일관성,명시 수식×변수,준수,0.6,0.6,Diplomatic_Support: 0.50 → 0.50 +0.10 = 0.60,"명시 산식 0.50 +0.10 = 0.6; 상태값은 VDM max(0,min(1,value))로 계산; 초기값/효과 선택의 정당성과 별개.",Python Decimal; 원문 명시값만,실제 입력 첨부 바이트는 미확인; 보존 VDM과 조건부 대조. 턴·분기는 명시 제목 기반 파싱이며 불완전/재명명 가능. 응답 전용 export 역할 추정; 당시 사용자 프롬프트 미보존. 입력 초기값 출처 및 사건 분류는 이 점검에서 입증하지 않음,아니오,,PDFium second extraction; role boundaries from reviewed records,True,False
PDFIUM-PER-03-N-00049,PER-03,runs/raw_logs/Perplexity_RAG/3. You are a tool for modeling strategic decisions. A.pdf,6,1,", and must not",,Public_Opinion,VDM-CLAMP,명시 산술의 내부 일관성,명시 수식×변수,준수,0.55,0.55,Public_Opinion: 0.50 → 0.50 +0.05 = 0.55,"명시 산식 0.50 +0.05 = 0.55; 상태값은 VDM max(0,min(1,value))로 계산; 초기값/효과 선택의 정당성과 별개.",Python Decimal; 원문 명시값만,실제 입력 첨부 바이트는 미확인; 보존 VDM과 조건부 대조. 턴·분기는 명시 제목 기반 파싱이며 불완전/재명명 가능. 응답 전용 export 역할 추정; 당시 사용자 프롬프트 미보존. 입력 초기값 출처 및 사건 분류는 이 점검에서 입증하지 않음,아니오,,PDFium second extraction; role boundaries from reviewed records,True,False
PDFIUM-PER-03-N-00052,PER-03,runs/raw_logs/Perplexity_RAG/3. You are a tool for modeling strategic decisions. A.pdf,6,1,", and must not",,Leadership_Unity,VDM-CLAMP,명시 산술의 내부 일관성,명시 수식×변수,준수,0.55,0.55,Leadership_Unity: 0.50 → 0.50 +0.05 = 0.55,"명시 산식 0.50 +0.05 = 0.55; 상태값은 VDM max(0,min(1,value))로 계산; 초기값/효과 선택의 정당성과 별개.",Python Decimal; 원문 명시값만,실제 입력 첨부 바이트는 미확인; 보존 VDM과 조건부 대조. 턴·분기는 명시 제목 기반 파싱이며 불완전/재명명 가능. 응답 전용 export 역할 추정; 당시 사용자 프롬프트 미보존. 입력 초기값 출처 및 사건 분류는 이 점검에서 입증하지 않음,아니오,,PDFium second extraction; role boundaries from reviewed records,True,False
PDFIUM-PER-04-N-00001,PER-04,runs/raw_logs/Perplexity_RAG/4. Strategic Alternatives & Conflict Scenarios.pdf,3,1,미지정,,Tension,VDM-CLAMP,명시 산술의 내부 일관성,명시 수식×변수,준수,0.2,0.2,Tension +0.20 (0.05+0.15) 0.20 - U.S. Military Alert ↑ (Inevitable),"명시 산식 0.05+0.15 = 0.2; 상태값은 VDM max(0,min(1,value))로 계산; 초기값/효과 선택의 정당성과 별개.",Python Decimal; 원문 명시값만,실제 입력 첨부 바이트는 미확인; 보존 VDM과 조건부 대조. 턴·분기는 명시 제목 기반 파싱이며 불완전/재명명 가능. 응답 전용 export 역할 추정; 당시 사용자 프롬프트 미보존. 입력 초기값 출처 및 사건 분류는 이 점검에서 입증하지 않음,아니오,,PDFium second extraction; role boundaries from reviewed records,True,False
PDFIUM-PER-04-N-00008,PER-04,runs/raw_logs/Perplexity_RAG/4. Strategic Alternatives & Conflict Scenarios.pdf,4,1,미지정,,Tension,VDM-CLAMP,명시 산술의 내부 일관성,명시 수식×변수,준수,0.15,0.15,Tension +0.15 (0.05+0.10) 0.15 - U.S. Leadership Fractures (Substantive),"명시 산식 0.05+0.10 = 0.15; 상태값은 VDM max(0,min(1,value))로 계산; 초기값/효과 선택의 정당성과 별개.",Python Decimal; 원문 명시값만,실제 입력 첨부 바이트는 미확인; 보존 VDM과 조건부 대조. 턴·분기는 명시 제목 기반 파싱이며 불완전/재명명 가능. 응답 전용 export 역할 추정; 당시 사용자 프롬프트 미보존. 입력 초기값 출처 및 사건 분류는 이 점검에서 입증하지 않음,아니오,,PDFium second extraction; role boundaries from reviewed records,True,False
PDFIUM-PER-04-N-00013,PER-04,runs/raw_logs/Perplexity_RAG/4. Strategic Alternatives & Conflict Scenarios.pdf,4,1,미지정,,Tension,VDM-CLAMP,명시 산술의 내부 일관성,명시 수식×변수,준수,0.15,0.15,Tension +0.15 (0.10+0.05) 0.15 - Cold U.S. Response (Sustained),"명시 산식 0.10+0.05 = 0.15; 상태값은 VDM max(0,min(1,value))로 계산; 초기값/효과 선택의 정당성과 별개.",Python Decimal; 원문 명시값만,실제 입력 첨부 바이트는 미확인; 보존 VDM과 조건부 대조. 턴·분기는 명시 제목 기반 파싱이며 불완전/재명명 가능. 응답 전용 export 역할 추정; 당시 사용자 프롬프트 미보존. 입력 초기값 출처 및 사건 분류는 이 점검에서 입증하지 않음,아니오,,PDFium second extraction; role boundaries from reviewed records,True,False
PDFIUM-PER-09-N-00009,PER-09,runs/raw_logs/Perplexity_RAG/9. You are a tool for modeling strategic decisions. A.pdf,5,1,s for each strategic action combination identified in the,,Tension,VDM-CLAMP,명시 산술의 내부 일관성,명시 수식×변수,준수,0.95,0.95,tension: 0.95 (Initial 0.5 + 0.45 from Covert_Detection),"명시 산식 0.5 + 0.45 = 0.95; 상태값은 VDM max(0,min(1,value))로 계산; 초기값/효과 선택의 정당성과 별개.",Python Decimal; 원문 명시값만,실제 입력 첨부 바이트는 미확인; 보존 VDM과 조건부 대조. 턴·분기는 명시 제목 기반 파싱이며 불완전/재명명 가능. 응답 전용 export 역할 추정; 당시 사용자 프롬프트 미보존. 입력 초기값 출처 및 사건 분류는 이 점검에서 입증하지 않음,아니오,,PDFium second extraction; role boundaries from reviewed records,True,False
PDFIUM-PER-09-N-00012,PER-09,runs/raw_logs/Perplexity_RAG/9. You are a tool for modeling strategic decisions. A.pdf,5,1,s for each strategic action combination identified in the,,Diplomatic_Support,VDM-CLAMP,명시 산술의 내부 일관성,명시 수식×변수,준수,0.48,0.48,diplomatic_support: 0.48 (Initial 0.5 - 0.02),"명시 산식 0.5 - 0.02 = 0.48; 상태값은 VDM max(0,min(1,value))로 계산; 초기값/효과 선택의 정당성과 별개.",Python Decimal; 원문 명시값만,실제 입력 첨부 바이트는 미확인; 보존 VDM과 조건부 대조. 턴·분기는 명시 제목 기반 파싱이며 불완전/재명명 가능. 응답 전용 export 역할 추정; 당시 사용자 프롬프트 미보존. 입력 초기값 출처 및 사건 분류는 이 점검에서 입증하지 않음,아니오,,PDFium second extraction; role boundaries from reviewed records,True,False
PDFIUM-PER-09-N-00015,PER-09,runs/raw_logs/Perplexity_RAG/9. You are a tool for modeling strategic decisions. A.pdf,5,1,s for each strategic action combination identified in the,,Public_Opinion,VDM-CLAMP,명시 산술의 내부 일관성,명시 수식×변수,준수,0.48,0.48,public_opinion: 0.48 (Initial 0.5 - 0.02),"명시 산식 0.5 - 0.02 = 0.48; 상태값은 VDM max(0,min(1,value))로 계산; 초기값/효과 선택의 정당성과 별개.",Python Decimal; 원문 명시값만,실제 입력 첨부 바이트는 미확인; 보존 VDM과 조건부 대조. 턴·분기는 명시 제목 기반 파싱이며 불완전/재명명 가능. 응답 전용 export 역할 추정; 당시 사용자 프롬프트 미보존. 입력 초기값 출처 및 사건 분류는 이 점검에서 입증하지 않음,아니오,,PDFium second extraction; role boundaries from reviewed records,True,False
PDFIUM-PER-09-N-00018,PER-09,runs/raw_logs/Perplexity_RAG/9. You are a tool for modeling strategic decisions. A.pdf,5,1,s for each strategic action combination identified in the,,Leadership_Unity,VDM-CLAMP,명시 산술의 내부 일관성,명시 수식×변수,준수,0.35,0.35,leadership_unity: 0.35 (Initial 0.5 - 0.10 - 0.05 from Internal_Dispute),"명시 산식 0.5 - 0.10 - 0.05 = 0.35; 상태값은 VDM max(0,min(1,value))로 계산; 초기값/효과 선택의 정당성과 별개.",Python Decimal; 원문 명시값만,실제 입력 첨부 바이트는 미확인; 보존 VDM과 조건부 대조. 턴·분기는 명시 제목 기반 파싱이며 불완전/재명명 가능. 응답 전용 export 역할 추정; 당시 사용자 프롬프트 미보존. 입력 초기값 출처 및 사건 분류는 이 점검에서 입증하지 않음,아니오,,PDFium second extraction; role boundaries from reviewed records,True,False
PDFIUM-PER-09-N-00029,PER-09,runs/raw_logs/Perplexity_RAG/9. You are a tool for modeling strategic decisions. A.pdf,5,1,s for each strategic action combination identified in the,,Tension,VDM-CLAMP,명시 산술의 내부 일관성,명시 수식×변수,준수,1,1,tension: 1.00 (Initial 0.5 + 0.5 from combined events),"명시 산식 0.5 + 0.5 = 1; 상태값은 VDM max(0,min(1,value))로 계산; 초기값/효과 선택의 정당성과 별개.",Python Decimal; 원문 명시값만,실제 입력 첨부 바이트는 미확인; 보존 VDM과 조건부 대조. 턴·분기는 명시 제목 기반 파싱이며 불완전/재명명 가능. 응답 전용 export 역할 추정; 당시 사용자 프롬프트 미보존. 입력 초기값 출처 및 사건 분류는 이 점검에서 입증하지 않음,아니오,,PDFium second extraction; role boundaries from reviewed records,True,False
PDFIUM-PER-09-N-00032,PER-09,runs/raw_logs/Perplexity_RAG/9. You are a tool for modeling strategic decisions. A.pdf,5,1,s for each strategic action combination identified in the,,Diplomatic_Support,VDM-CLAMP,명시 산술의 내부 일관성,명시 수식×변수,준수,0.35,0.35,diplomatic_support: 0.35 (Initial 0.5 - 0.15),"명시 산식 0.5 - 0.15 = 0.35; 상태값은 VDM max(0,min(1,value))로 계산; 초기값/효과 선택의 정당성과 별개.",Python Decimal; 원문 명시값만,실제 입력 첨부 바이트는 미확인; 보존 VDM과 조건부 대조. 턴·분기는 명시 제목 기반 파싱이며 불완전/재명명 가능. 응답 전용 export 역할 추정; 당시 사용자 프롬프트 미보존. 입력 초기값 출처 및 사건 분류는 이 점검에서 입증하지 않음,아니오,,PDFium second extraction; role boundaries from reviewed records,True,False
PDFIUM-PER-09-N-00035,PER-09,runs/raw_logs/Perplexity_RAG/9. You are a tool for modeling strategic decisions. A.pdf,6,1,s for each strategic action combination identified in the,,Public_Opinion,VDM-CLAMP,명시 산술의 내부 일관성,명시 수식×변수,준수,0.45,0.45,public_opinion: 0.45 (Initial 0.5 - 0.05),"명시 산식 0.5 - 0.05 = 0.45; 상태값은 VDM max(0,min(1,value))로 계산; 초기값/효과 선택의 정당성과 별개.",Python Decimal; 원문 명시값만,실제 입력 첨부 바이트는 미확인; 보존 VDM과 조건부 대조. 턴·분기는 명시 제목 기반 파싱이며 불완전/재명명 가능. 응답 전용 export 역할 추정; 당시 사용자 프롬프트 미보존. 입력 초기값 출처 및 사건 분류는 이 점검에서 입증하지 않음,아니오,,PDFium second extraction; role boundaries from reviewed records,True,False
PDFIUM-PER-09-N-00038,PER-09,runs/raw_logs/Perplexity_RAG/9. You are a tool for modeling strategic decisions. A.pdf,6,1,s for each strategic action combination identified in the,,Leadership_Unity,VDM-CLAMP,명시 산술의 내부 일관성,명시 수식×변수,준수,0.3,0.3,leadership_unity: 0.30 (Initial 0.5 - 0.10 - 0.10 from Internal_Dispute),"명시 산식 0.5 - 0.10 - 0.10 = 0.3; 상태값은 VDM max(0,min(1,value))로 계산; 초기값/효과 선택의 정당성과 별개.",Python Decimal; 원문 명시값만,실제 입력 첨부 바이트는 미확인; 보존 VDM과 조건부 대조. 턴·분기는 명시 제목 기반 파싱이며 불완전/재명명 가능. 응답 전용 export 역할 추정; 당시 사용자 프롬프트 미보존. 입력 초기값 출처 및 사건 분류는 이 점검에서 입증하지 않음,아니오,,PDFium second extraction; role boundaries from reviewed records,True,False
PDFIUM-PER-09-N-00049,PER-09,runs/raw_logs/Perplexity_RAG/9. You are a tool for modeling strategic decisions. A.pdf,6,1,s for each strategic action combination identified in the,,Tension,VDM-CLAMP,명시 산술의 내부 일관성,명시 수식×변수,준수,0.45,0.45,tension: 0.45 (Initial 0.5 - 0.05),"명시 산식 0.5 - 0.05 = 0.45; 상태값은 VDM max(0,min(1,value))로 계산; 초기값/효과 선택의 정당성과 별개.",Python Decimal; 원문 명시값만,실제 입력 첨부 바이트는 미확인; 보존 VDM과 조건부 대조. 턴·분기는 명시 제목 기반 파싱이며 불완전/재명명 가능. 응답 전용 export 역할 추정; 당시 사용자 프롬프트 미보존. 입력 초기값 출처 및 사건 분류는 이 점검에서 입증하지 않음,아니오,,PDFium second extraction; role boundaries from reviewed records,True,False
PDFIUM-PER-09-N-00052,PER-09,runs/raw_logs/Perplexity_RAG/9. You are a tool for modeling strategic decisions. A.pdf,6,1,s for each strategic action combination identified in the,,Diplomatic_Support,VDM-CLAMP,명시 산술의 내부 일관성,명시 수식×변수,준수,0.6,0.6,diplomatic_support: 0.60 (Initial 0.5 + 0.10),"명시 산식 0.5 + 0.10 = 0.6; 상태값은 VDM max(0,min(1,value))로 계산; 초기값/효과 선택의 정당성과 별개.",Python Decimal; 원문 명시값만,실제 입력 첨부 바이트는 미확인; 보존 VDM과 조건부 대조. 턴·분기는 명시 제목 기반 파싱이며 불완전/재명명 가능. 응답 전용 export 역할 추정; 당시 사용자 프롬프트 미보존. 입력 초기값 출처 및 사건 분류는 이 점검에서 입증하지 않음,아니오,,PDFium second extraction; role boundaries from reviewed records,True,False
PDFIUM-PER-09-N-00055,PER-09,runs/raw_logs/Perplexity_RAG/9. You are a tool for modeling strategic decisions. A.pdf,6,1,s for each strategic action combination identified in the,,Public_Opinion,VDM-CLAMP,명시 산술의 내부 일관성,명시 수식×변수,준수,0.55,0.55,public_opinion: 0.55 (Initial 0.5 + 0.05),"명시 산식 0.5 + 0.05 = 0.55; 상태값은 VDM max(0,min(1,value))로 계산; 초기값/효과 선택의 정당성과 별개.",Python Decimal; 원문 명시값만,실제 입력 첨부 바이트는 미확인; 보존 VDM과 조건부 대조. 턴·분기는 명시 제목 기반 파싱이며 불완전/재명명 가능. 응답 전용 export 역할 추정; 당시 사용자 프롬프트 미보존. 입력 초기값 출처 및 사건 분류는 이 점검에서 입증하지 않음,아니오,,PDFium second extraction; role boundaries from reviewed records,True,False
PDFIUM-PER-09-N-00058,PER-09,runs/raw_logs/Perplexity_RAG/9. You are a tool for modeling strategic decisions. A.pdf,6,1,s for each strategic action combination identified in the,,Leadership_Unity,VDM-CLAMP,명시 산술의 내부 일관성,명시 수식×변수,준수,0.6,0.6,leadership_unity: 0.60 (Initial 0.5 + 0.05 + 0.05 from Strong_Leadership),"명시 산식 0.5 + 0.05 + 0.05 = 0.6; 상태값은 VDM max(0,min(1,value))로 계산; 초기값/효과 선택의 정당성과 별개.",Python Decimal; 원문 명시값만,실제 입력 첨부 바이트는 미확인; 보존 VDM과 조건부 대조. 턴·분기는 명시 제목 기반 파싱이며 불완전/재명명 가능. 응답 전용 export 역할 추정; 당시 사용자 프롬프트 미보존. 입력 초기값 출처 및 사건 분류는 이 점검에서 입증하지 않음,아니오,,PDFium second extraction; role boundaries from reviewed records,True,False
PDFIUM-PER-09-N-00069,PER-09,runs/raw_logs/Perplexity_RAG/9. You are a tool for modeling strategic decisions. A.pdf,16,1,s for each strategic action combination identified in the,,Diplomatic_Support,VDM-CLAMP,명시 산술의 내부 일관성,명시 수식×변수,준수,0.31,0.31,Diplomatic Support: 0.31 (0.41 - 0.10 from dual Strikes),"명시 산식 0.41 - 0.10 = 0.31; 상태값은 VDM max(0,min(1,value))로 계산; 초기값/효과 선택의 정당성과 별개.",Python Decimal; 원문 명시값만,실제 입력 첨부 바이트는 미확인; 보존 VDM과 조건부 대조. 턴·분기는 명시 제목 기반 파싱이며 불완전/재명명 가능. 응답 전용 export 역할 추정; 당시 사용자 프롬프트 미보존. 입력 초기값 출처 및 사건 분류는 이 점검에서 입증하지 않음,아니오,,PDFium second extraction; role boundaries from reviewed records,True,False
PDFIUM-PER-09-N-00070,PER-09,runs/raw_logs/Perplexity_RAG/9. You are a tool for modeling strategic decisions. A.pdf,16,1,s for each strategic action combination identified in the,,Public_Opinion,VDM-CLAMP,명시 산술의 내부 일관성,명시 수식×변수,준수,0.26,0.26,Public Opinion: 0.26 (0.36 - 0.10),"명시 산식 0.36 - 0.10 = 0.26; 상태값은 VDM max(0,min(1,value))로 계산; 초기값/효과 선택의 정당성과 별개.",Python Decimal; 원문 명시값만,실제 입력 첨부 바이트는 미확인; 보존 VDM과 조건부 대조. 턴·분기는 명시 제목 기반 파싱이며 불완전/재명명 가능. 응답 전용 export 역할 추정; 당시 사용자 프롬프트 미보존. 입력 초기값 출처 및 사건 분류는 이 점검에서 입증하지 않음,아니오,,PDFium second extraction; role boundaries from reviewed records,True,False
PDFIUM-PER-09-N-00071,PER-09,runs/raw_logs/Perplexity_RAG/9. You are a tool for modeling strategic decisions. A.pdf,16,1,s for each strategic action combination identified in the,,Leadership_Unity,VDM-CLAMP,명시 산술의 내부 일관성,명시 수식×변수,준수,0.8,0.8,Leadership Unity: 0.80 (1.0 - 0.20),"명시 산식 1.0 - 0.20 = 0.8; 상태값은 VDM max(0,min(1,value))로 계산; 초기값/효과 선택의 정당성과 별개.",Python Decimal; 원문 명시값만,실제 입력 첨부 바이트는 미확인; 보존 VDM과 조건부 대조. 턴·분기는 명시 제목 기반 파싱이며 불완전/재명명 가능. 응답 전용 export 역할 추정; 당시 사용자 프롬프트 미보존. 입력 초기값 출처 및 사건 분류는 이 점검에서 입증하지 않음,아니오,,PDFium second extraction; role boundaries from reviewed records,True,False
PDFIUM-PER-09-N-00072,PER-09,runs/raw_logs/Perplexity_RAG/9. You are a tool for modeling strategic decisions. A.pdf,16,1,s for each strategic action combination identified in the,,Diplomatic_Support,VDM-CLAMP,명시 산술의 내부 일관성,명시 수식×변수,위반,0.46,0.51,Diplomatic Support: 0.46 (0.41 + 0.10 from Diplomatic_Success - 0.05 from Strike),"명시 산식 0.41 + 0.10 = 0.51; 상태값은 VDM max(0,min(1,value))로 계산; 초기값/효과 선택의 정당성과 별개.",Python Decimal; 원문 명시값만,실제 입력 첨부 바이트는 미확인; 보존 VDM과 조건부 대조. 턴·분기는 명시 제목 기반 파싱이며 불완전/재명명 가능. 응답 전용 export 역할 추정; 당시 사용자 프롬프트 미보존. 입력 초기값 출처 및 사건 분류는 이 점검에서 입증하지 않음,아니오,,PDFium second extraction; role boundaries from reviewed records,True,False
PDFIUM-PER-09-N-00073,PER-09,runs/raw_logs/Perplexity_RAG/9. You are a tool for modeling strategic decisions. A.pdf,16,1,s for each strategic action combination identified in the,,Public_Opinion,VDM-CLAMP,명시 산술의 내부 일관성,명시 수식×변수,준수,0.36,0.36,Public Opinion: 0.36 (0.36 + 0.05 - 0.05),"명시 산식 0.36 + 0.05 - 0.05 = 0.36; 상태값은 VDM max(0,min(1,value))로 계산; 초기값/효과 선택의 정당성과 별개.",Python Decimal; 원문 명시값만,실제 입력 첨부 바이트는 미확인; 보존 VDM과 조건부 대조. 턴·분기는 명시 제목 기반 파싱이며 불완전/재명명 가능. 응답 전용 export 역할 추정; 당시 사용자 프롬프트 미보존. 입력 초기값 출처 및 사건 분류는 이 점검에서 입증하지 않음,아니오,,PDFium second extraction; role boundaries from reviewed records,True,False
PDFIUM-PER-09-N-00074,PER-09,runs/raw_logs/Perplexity_RAG/9. You are a tool for modeling strategic decisions. A.pdf,16,1,s for each strategic action combination identified in the,,Leadership_Unity,VDM-CLAMP,명시 산술의 내부 일관성,명시 수식×변수,준수,0.95,0.95,Leadership Unity: 0.95 (1.0 + 0.05 - 0.10),"명시 산식 1.0 + 0.05 - 0.10 = 0.95; 상태값은 VDM max(0,min(1,value))로 계산; 초기값/효과 선택의 정당성과 별개.",Python Decimal; 원문 명시값만,실제 입력 첨부 바이트는 미확인; 보존 VDM과 조건부 대조. 턴·분기는 명시 제목 기반 파싱이며 불완전/재명명 가능. 응답 전용 export 역할 추정; 당시 사용자 프롬프트 미보존. 입력 초기값 출처 및 사건 분류는 이 점검에서 입증하지 않음,아니오,,PDFium second extraction; role boundaries from reviewed records,True,False
PDFIUM-PER-09-N-00075,PER-09,runs/raw_logs/Perplexity_RAG/9. You are a tool for modeling strategic decisions. A.pdf,17,1,s for each strategic action combination identified in the,,Diplomatic_Support,VDM-CLAMP,명시 산술의 내부 일관성,명시 수식×변수,준수,0.2,0.2,Diplomatic Support: 0.20 (0.30 - 0.10),"명시 산식 0.30 - 0.10 = 0.2; 상태값은 VDM max(0,min(1,value))로 계산; 초기값/효과 선택의 정당성과 별개.",Python Decimal; 원문 명시값만,실제 입력 첨부 바이트는 미확인; 보존 VDM과 조건부 대조. 턴·분기는 명시 제목 기반 파싱이며 불완전/재명명 가능. 응답 전용 export 역할 추정; 당시 사용자 프롬프트 미보존. 입력 초기값 출처 및 사건 분류는 이 점검에서 입증하지 않음,아니오,,PDFium second extraction; role boundaries from reviewed records,True,False
PDFIUM-PER-09-N-00076,PER-09,runs/raw_logs/Perplexity_RAG/9. You are a tool for modeling strategic decisions. A.pdf,17,1,s for each strategic action combination identified in the,,Public_Opinion,VDM-CLAMP,명시 산술의 내부 일관성,명시 수식×변수,준수,0.3,0.3,Public Opinion: 0.30 (0.40 - 0.10),"명시 산식 0.40 - 0.10 = 0.3; 상태값은 VDM max(0,min(1,value))로 계산; 초기값/효과 선택의 정당성과 별개.",Python Decimal; 원문 명시값만,실제 입력 첨부 바이트는 미확인; 보존 VDM과 조건부 대조. 턴·분기는 명시 제목 기반 파싱이며 불완전/재명명 가능. 응답 전용 export 역할 추정; 당시 사용자 프롬프트 미보존. 입력 초기값 출처 및 사건 분류는 이 점검에서 입증하지 않음,아니오,,PDFium second extraction; role boundaries from reviewed records,True,False
PDFIUM-PER-09-N-00077,PER-09,runs/raw_logs/Perplexity_RAG/9. You are a tool for modeling strategic decisions. A.pdf,17,1,s for each strategic action combination identified in the,,Leadership_Unity,VDM-CLAMP,명시 산술의 내부 일관성,명시 수식×변수,준수,0.8,0.8,Leadership Unity: 0.80 (1.0 - 0.20),"명시 산식 1.0 - 0.20 = 0.8; 상태값은 VDM max(0,min(1,value))로 계산; 초기값/효과 선택의 정당성과 별개.",Python Decimal; 원문 명시값만,실제 입력 첨부 바이트는 미확인; 보존 VDM과 조건부 대조. 턴·분기는 명시 제목 기반 파싱이며 불완전/재명명 가능. 응답 전용 export 역할 추정; 당시 사용자 프롬프트 미보존. 입력 초기값 출처 및 사건 분류는 이 점검에서 입증하지 않음,아니오,,PDFium second extraction; role boundaries from reviewed records,True,False
PDFIUM-PER-09-N-00078,PER-09,runs/raw_logs/Perplexity_RAG/9. You are a tool for modeling strategic decisions. A.pdf,18,1,s for each strategic action combination identified in the,,Tension,VDM-CLAMP,명시 산술의 내부 일관성,명시 수식×변수,준수,0.95,0.95,Tension: 0.95 (1.0 - 0.05 from Diplomatic_Success),"명시 산식 1.0 - 0.05 = 0.95; 상태값은 VDM max(0,min(1,value))로 계산; 초기값/효과 선택의 정당성과 별개.",Python Decimal; 원문 명시값만,실제 입력 첨부 바이트는 미확인; 보존 VDM과 조건부 대조. 턴·분기는 명시 제목 기반 파싱이며 불완전/재명명 가능. 응답 전용 export 역할 추정; 당시 사용자 프롬프트 미보존. 입력 초기값 출처 및 사건 분류는 이 점검에서 입증하지 않음,아니오,,PDFium second extraction; role boundaries from reviewed records,True,False
PDFIUM-PER-09-N-00081,PER-09,runs/raw_logs/Perplexity_RAG/9. You are a tool for modeling strategic decisions. A.pdf,18,1,s for each strategic action combination identified in the,,Diplomatic_Support,VDM-CLAMP,명시 산술의 내부 일관성,명시 수식×변수,준수,0.35,0.35,Diplomatic Support: 0.35 (0.30 + 0.10 - 0.05),"명시 산식 0.30 + 0.10 - 0.05 = 0.35; 상태값은 VDM max(0,min(1,value))로 계산; 초기값/효과 선택의 정당성과 별개.",Python Decimal; 원문 명시값만,실제 입력 첨부 바이트는 미확인; 보존 VDM과 조건부 대조. 턴·분기는 명시 제목 기반 파싱이며 불완전/재명명 가능. 응답 전용 export 역할 추정; 당시 사용자 프롬프트 미보존. 입력 초기값 출처 및 사건 분류는 이 점검에서 입증하지 않음,아니오,,PDFium second extraction; role boundaries from reviewed records,True,False
PDFIUM-PER-09-N-00084,PER-09,runs/raw_logs/Perplexity_RAG/9. You are a tool for modeling strategic decisions. A.pdf,18,1,s for each strategic action combination identified in the,,Public_Opinion,VDM-CLAMP,명시 산술의 내부 일관성,명시 수식×변수,준수,0.45,0.45,Public Opinion: 0.45 (0.40 + 0.05),"명시 산식 0.40 + 0.05 = 0.45; 상태값은 VDM max(0,min(1,value))로 계산; 초기값/효과 선택의 정당성과 별개.",Python Decimal; 원문 명시값만,실제 입력 첨부 바이트는 미확인; 보존 VDM과 조건부 대조. 턴·분기는 명시 제목 기반 파싱이며 불완전/재명명 가능. 응답 전용 export 역할 추정; 당시 사용자 프롬프트 미보존. 입력 초기값 출처 및 사건 분류는 이 점검에서 입증하지 않음,아니오,,PDFium second extraction; role boundaries from reviewed records,True,False
PDFIUM-PER-09-N-00097,PER-09,runs/raw_logs/Perplexity_RAG/9. You are a tool for modeling strategic decisions. A.pdf,18,1,s for each strategic action combination identified in the,,Tension,VDM-CLAMP,명시 산술의 내부 일관성,명시 수식×변수,준수,0.95,0.95,Tension: 0.95 (1.0 - 0.05 from Diplomatic_Success),"명시 산식 1.0 - 0.05 = 0.95; 상태값은 VDM max(0,min(1,value))로 계산; 초기값/효과 선택의 정당성과 별개.",Python Decimal; 원문 명시값만,실제 입력 첨부 바이트는 미확인; 보존 VDM과 조건부 대조. 턴·분기는 명시 제목 기반 파싱이며 불완전/재명명 가능. 응답 전용 export 역할 추정; 당시 사용자 프롬프트 미보존. 입력 초기값 출처 및 사건 분류는 이 점검에서 입증하지 않음,아니오,,PDFium second extraction; role boundaries from reviewed records,True,False
PDFIUM-PER-09-N-00100,PER-09,runs/raw_logs/Perplexity_RAG/9. You are a tool for modeling strategic decisions. A.pdf,18,1,s for each strategic action combination identified in the,,Diplomatic_Support,VDM-CLAMP,명시 산술의 내부 일관성,명시 수식×변수,준수,0.67,0.67,Diplomatic Support: 0.67 (0.62 + 0.10 - 0.05),"명시 산식 0.62 + 0.10 - 0.05 = 0.67; 상태값은 VDM max(0,min(1,value))로 계산; 초기값/효과 선택의 정당성과 별개.",Python Decimal; 원문 명시값만,실제 입력 첨부 바이트는 미확인; 보존 VDM과 조건부 대조. 턴·분기는 명시 제목 기반 파싱이며 불완전/재명명 가능. 응답 전용 export 역할 추정; 당시 사용자 프롬프트 미보존. 입력 초기값 출처 및 사건 분류는 이 점검에서 입증하지 않음,아니오,,PDFium second extraction; role boundaries from reviewed records,True,False
PDFIUM-PER-09-N-00103,PER-09,runs/raw_logs/Perplexity_RAG/9. You are a tool for modeling strategic decisions. A.pdf,18,1,s for each strategic action combination identified in the,,Public_Opinion,VDM-CLAMP,명시 산술의 내부 일관성,명시 수식×변수,준수,0.55,0.55,Public Opinion: 0.55 (0.50 + 0.05),"명시 산식 0.50 + 0.05 = 0.55; 상태값은 VDM max(0,min(1,value))로 계산; 초기값/효과 선택의 정당성과 별개.",Python Decimal; 원문 명시값만,실제 입력 첨부 바이트는 미확인; 보존 VDM과 조건부 대조. 턴·분기는 명시 제목 기반 파싱이며 불완전/재명명 가능. 응답 전용 export 역할 추정; 당시 사용자 프롬프트 미보존. 입력 초기값 출처 및 사건 분류는 이 점검에서 입증하지 않음,아니오,,PDFium second extraction; role boundaries from reviewed records,True,False
PDFIUM-PER-09-N-00122,PER-09,runs/raw_logs/Perplexity_RAG/9. You are a tool for modeling strategic decisions. A.pdf,19,1,s for each strategic action combination identified in the,,Leadership_Unity,VDM-CLAMP,명시 산술의 내부 일관성,명시 수식×변수,준수,0.85,0.85,Leadership Unity: 0.85 (1.0 - 0.15 from military_alert),"명시 산식 1.0 - 0.15 = 0.85; 상태값은 VDM max(0,min(1,value))로 계산; 초기값/효과 선택의 정당성과 별개.",Python Decimal; 원문 명시값만,실제 입력 첨부 바이트는 미확인; 보존 VDM과 조건부 대조. 턴·분기는 명시 제목 기반 파싱이며 불완전/재명명 가능. 응답 전용 export 역할 추정; 당시 사용자 프롬프트 미보존. 입력 초기값 출처 및 사건 분류는 이 점검에서 입증하지 않음,아니오,,PDFium second extraction; role boundaries from reviewed records,True,False
PDFIUM-PER-11-N-00013,PER-11,runs/raw_logs/Perplexity_RAG/11. __Strategic Action Options Analysis__.pdf,4,1,Combination 1,,Tension,VDM-CLAMP,명시 산술의 내부 일관성,명시 수식×변수,준수,0.65,0.65,Tension: 0.65 (Baseline 0.5 + 0.15),"명시 산식 0.5 + 0.15 = 0.65; 상태값은 VDM max(0,min(1,value))로 계산; 초기값/효과 선택의 정당성과 별개.",Python Decimal; 원문 명시값만,실제 입력 첨부 바이트는 미확인; 보존 VDM과 조건부 대조. 턴·분기는 명시 제목 기반 파싱이며 불완전/재명명 가능. 응답 전용 export 역할 추정; 당시 사용자 프롬프트 미보존. 입력 초기값 출처 및 사건 분류는 이 점검에서 입증하지 않음,아니오,,PDFium second extraction; role boundaries from reviewed records,True,False
PDFIUM-PER-11-N-00014,PER-11,runs/raw_logs/Perplexity_RAG/11. __Strategic Action Options Analysis__.pdf,4,1,Combination 1,,Diplomatic_Support,VDM-CLAMP,명시 산술의 내부 일관성,명시 수식×변수,준수,0.6,0.6,Diplomatic Support: 0.60 (Baseline 0.5 + 0.10),"명시 산식 0.5 + 0.10 = 0.6; 상태값은 VDM max(0,min(1,value))로 계산; 초기값/효과 선택의 정당성과 별개.",Python Decimal; 원문 명시값만,실제 입력 첨부 바이트는 미확인; 보존 VDM과 조건부 대조. 턴·분기는 명시 제목 기반 파싱이며 불완전/재명명 가능. 응답 전용 export 역할 추정; 당시 사용자 프롬프트 미보존. 입력 초기값 출처 및 사건 분류는 이 점검에서 입증하지 않음,아니오,,PDFium second extraction; role boundaries from reviewed records,True,False
PDFIUM-PER-11-N-00015,PER-11,runs/raw_logs/Perplexity_RAG/11. __Strategic Action Options Analysis__.pdf,4,1,Combination 1,,Public_Opinion,VDM-CLAMP,명시 산술의 내부 일관성,명시 수식×변수,준수,0.55,0.55,Public Opinion: 0.55 (Baseline 0.5 + 0.05),"명시 산식 0.5 + 0.05 = 0.55; 상태값은 VDM max(0,min(1,value))로 계산; 초기값/효과 선택의 정당성과 별개.",Python Decimal; 원문 명시값만,실제 입력 첨부 바이트는 미확인; 보존 VDM과 조건부 대조. 턴·분기는 명시 제목 기반 파싱이며 불완전/재명명 가능. 응답 전용 export 역할 추정; 당시 사용자 프롬프트 미보존. 입력 초기값 출처 및 사건 분류는 이 점검에서 입증하지 않음,아니오,,PDFium second extraction; role boundaries from reviewed records,True,False
PDFIUM-PER-11-N-00016,PER-11,runs/raw_logs/Perplexity_RAG/11. __Strategic Action Options Analysis__.pdf,4,1,Combination 1,,Leadership_Unity,VDM-CLAMP,명시 산술의 내부 일관성,명시 수식×변수,준수,0.8,0.8,Leadership Unity: 0.80 (Baseline 0.5 + 0.30),"명시 산식 0.5 + 0.30 = 0.8; 상태값은 VDM max(0,min(1,value))로 계산; 초기값/효과 선택의 정당성과 별개.",Python Decimal; 원문 명시값만,실제 입력 첨부 바이트는 미확인; 보존 VDM과 조건부 대조. 턴·분기는 명시 제목 기반 파싱이며 불완전/재명명 가능. 응답 전용 export 역할 추정; 당시 사용자 프롬프트 미보존. 입력 초기값 출처 및 사건 분류는 이 점검에서 입증하지 않음,아니오,,PDFium second extraction; role boundaries from reviewed records,True,False
PDFIUM-PER-11-N-00017,PER-11,runs/raw_logs/Perplexity_RAG/11. __Strategic Action Options Analysis__.pdf,4,1,Combination 2,,Tension,VDM-CLAMP,명시 산술의 내부 일관성,명시 수식×변수,위반,0.75,1,Tension: 0.75 (Baseline 0.5 + 0.75; clamped to 1.0 → 0.75),"명시 산식 0.5 + 0.75 = 1.25; 상태값은 VDM max(0,min(1,value))로 계산; 초기값/효과 선택의 정당성과 별개.",Python Decimal; 원문 명시값만,실제 입력 첨부 바이트는 미확인; 보존 VDM과 조건부 대조. 턴·분기는 명시 제목 기반 파싱이며 불완전/재명명 가능. 응답 전용 export 역할 추정; 당시 사용자 프롬프트 미보존. 입력 초기값 출처 및 사건 분류는 이 점검에서 입증하지 않음,아니오,,PDFium second extraction; role boundaries from reviewed records,True,False
PDFIUM-PER-11-N-00018,PER-11,runs/raw_logs/Perplexity_RAG/11. __Strategic Action Options Analysis__.pdf,4,1,Combination 2,,Diplomatic_Support,VDM-CLAMP,명시 산술의 내부 일관성,명시 수식×변수,준수,0.43,0.43,Diplomatic Support: 0.43 (Baseline 0.5 - 0.07),"명시 산식 0.5 - 0.07 = 0.43; 상태값은 VDM max(0,min(1,value))로 계산; 초기값/효과 선택의 정당성과 별개.",Python Decimal; 원문 명시값만,실제 입력 첨부 바이트는 미확인; 보존 VDM과 조건부 대조. 턴·분기는 명시 제목 기반 파싱이며 불완전/재명명 가능. 응답 전용 export 역할 추정; 당시 사용자 프롬프트 미보존. 입력 초기값 출처 및 사건 분류는 이 점검에서 입증하지 않음,아니오,,PDFium second extraction; role boundaries from reviewed records,True,False
PDFIUM-PER-11-N-00019,PER-11,runs/raw_logs/Perplexity_RAG/11. __Strategic Action Options Analysis__.pdf,4,1,Combination 2,,Public_Opinion,VDM-CLAMP,명시 산술의 내부 일관성,명시 수식×변수,준수,0.43,0.43,Public Opinion: 0.43 (Baseline 0.5 - 0.07),"명시 산식 0.5 - 0.07 = 0.43; 상태값은 VDM max(0,min(1,value))로 계산; 초기값/효과 선택의 정당성과 별개.",Python Decimal; 원문 명시값만,실제 입력 첨부 바이트는 미확인; 보존 VDM과 조건부 대조. 턴·분기는 명시 제목 기반 파싱이며 불완전/재명명 가능. 응답 전용 export 역할 추정; 당시 사용자 프롬프트 미보존. 입력 초기값 출처 및 사건 분류는 이 점검에서 입증하지 않음,아니오,,PDFium second extraction; role boundaries from reviewed records,True,False
PDFIUM-PER-11-N-00020,PER-11,runs/raw_logs/Perplexity_RAG/11. __Strategic Action Options Analysis__.pdf,4,1,Combination 2,,Leadership_Unity,VDM-CLAMP,명시 산술의 내부 일관성,명시 수식×변수,준수,0.65,0.65,Leadership Unity: 0.65 (Baseline 0.5 + 0.15),"명시 산식 0.5 + 0.15 = 0.65; 상태값은 VDM max(0,min(1,value))로 계산; 초기값/효과 선택의 정당성과 별개.",Python Decimal; 원문 명시값만,실제 입력 첨부 바이트는 미확인; 보존 VDM과 조건부 대조. 턴·분기는 명시 제목 기반 파싱이며 불완전/재명명 가능. 응답 전용 export 역할 추정; 당시 사용자 프롬프트 미보존. 입력 초기값 출처 및 사건 분류는 이 점검에서 입증하지 않음,아니오,,PDFium second extraction; role boundaries from reviewed records,True,False
PDFIUM-PER-11-N-00021,PER-11,runs/raw_logs/Perplexity_RAG/11. __Strategic Action Options Analysis__.pdf,5,1,Combination 3,,Tension,VDM-CLAMP,명시 산술의 내부 일관성,명시 수식×변수,준수,0.45,0.45,Tension: 0.45 (Baseline 0.5 - 0.05),"명시 산식 0.5 - 0.05 = 0.45; 상태값은 VDM max(0,min(1,value))로 계산; 초기값/효과 선택의 정당성과 별개.",Python Decimal; 원문 명시값만,실제 입력 첨부 바이트는 미확인; 보존 VDM과 조건부 대조. 턴·분기는 명시 제목 기반 파싱이며 불완전/재명명 가능. 응답 전용 export 역할 추정; 당시 사용자 프롬프트 미보존. 입력 초기값 출처 및 사건 분류는 이 점검에서 입증하지 않음,아니오,,PDFium second extraction; role boundaries from reviewed records,True,False
PDFIUM-PER-11-N-00022,PER-11,runs/raw_logs/Perplexity_RAG/11. __Strategic Action Options Analysis__.pdf,5,1,Combination 3,,Diplomatic_Support,VDM-CLAMP,명시 산술의 내부 일관성,명시 수식×변수,준수,0.6,0.6,Diplomatic Support: 0.60 (Baseline 0.5 + 0.10),"명시 산식 0.5 + 0.10 = 0.6; 상태값은 VDM max(0,min(1,value))로 계산; 초기값/효과 선택의 정당성과 별개.",Python Decimal; 원문 명시값만,실제 입력 첨부 바이트는 미확인; 보존 VDM과 조건부 대조. 턴·분기는 명시 제목 기반 파싱이며 불완전/재명명 가능. 응답 전용 export 역할 추정; 당시 사용자 프롬프트 미보존. 입력 초기값 출처 및 사건 분류는 이 점검에서 입증하지 않음,아니오,,PDFium second extraction; role boundaries from reviewed records,True,False
PDFIUM-PER-11-N-00023,PER-11,runs/raw_logs/Perplexity_RAG/11. __Strategic Action Options Analysis__.pdf,5,1,Combination 3,,Public_Opinion,VDM-CLAMP,명시 산술의 내부 일관성,명시 수식×변수,준수,0.55,0.55,Public Opinion: 0.55 (Baseline 0.5 + 0.05),"명시 산식 0.5 + 0.05 = 0.55; 상태값은 VDM max(0,min(1,value))로 계산; 초기값/효과 선택의 정당성과 별개.",Python Decimal; 원문 명시값만,실제 입력 첨부 바이트는 미확인; 보존 VDM과 조건부 대조. 턴·분기는 명시 제목 기반 파싱이며 불완전/재명명 가능. 응답 전용 export 역할 추정; 당시 사용자 프롬프트 미보존. 입력 초기값 출처 및 사건 분류는 이 점검에서 입증하지 않음,아니오,,PDFium second extraction; role boundaries from reviewed records,True,False
PDFIUM-PER-11-N-00024,PER-11,runs/raw_logs/Perplexity_RAG/11. __Strategic Action Options Analysis__.pdf,5,1,Combination 3,,Leadership_Unity,VDM-CLAMP,명시 산술의 내부 일관성,명시 수식×변수,준수,0.35,0.35,Leadership Unity: 0.35 (Baseline 0.5 - 0.15),"명시 산식 0.5 - 0.15 = 0.35; 상태값은 VDM max(0,min(1,value))로 계산; 초기값/효과 선택의 정당성과 별개.",Python Decimal; 원문 명시값만,실제 입력 첨부 바이트는 미확인; 보존 VDM과 조건부 대조. 턴·분기는 명시 제목 기반 파싱이며 불완전/재명명 가능. 응답 전용 export 역할 추정; 당시 사용자 프롬프트 미보존. 입력 초기값 출처 및 사건 분류는 이 점검에서 입증하지 않음,아니오,,PDFium second extraction; role boundaries from reviewed records,True,False
PDFIUM-PER-11-N-00025,PER-11,runs/raw_logs/Perplexity_RAG/11. __Strategic Action Options Analysis__.pdf,5,1,Combination 1,,Tension,VDM-CLAMP,명시 산술의 내부 일관성,명시 수식×변수,준수,0.7,0.7,Tension: 0.70 (0.65 + 0.05),"명시 산식 0.65 + 0.05 = 0.7; 상태값은 VDM max(0,min(1,value))로 계산; 초기값/효과 선택의 정당성과 별개.",Python Decimal; 원문 명시값만,실제 입력 첨부 바이트는 미확인; 보존 VDM과 조건부 대조. 턴·분기는 명시 제목 기반 파싱이며 불완전/재명명 가능. 응답 전용 export 역할 추정; 당시 사용자 프롬프트 미보존. 입력 초기값 출처 및 사건 분류는 이 점검에서 입증하지 않음,아니오,,PDFium second extraction; role boundaries from reviewed records,True,False
PDFIUM-PER-11-N-00028,PER-11,runs/raw_logs/Perplexity_RAG/11. __Strategic Action Options Analysis__.pdf,5,1,Combination 1,,Diplomatic_Support,VDM-CLAMP,명시 산술의 내부 일관성,명시 수식×변수,준수,0.58,0.58,Diplomatic_Support: 0.58 (0.60 - 0.02),"명시 산식 0.60 - 0.02 = 0.58; 상태값은 VDM max(0,min(1,value))로 계산; 초기값/효과 선택의 정당성과 별개.",Python Decimal; 원문 명시값만,실제 입력 첨부 바이트는 미확인; 보존 VDM과 조건부 대조. 턴·분기는 명시 제목 기반 파싱이며 불완전/재명명 가능. 응답 전용 export 역할 추정; 당시 사용자 프롬프트 미보존. 입력 초기값 출처 및 사건 분류는 이 점검에서 입증하지 않음,아니오,,PDFium second extraction; role boundaries from reviewed records,True,False
PDFIUM-PER-11-N-00031,PER-11,runs/raw_logs/Perplexity_RAG/11. __Strategic Action Options Analysis__.pdf,5,1,Combination 1,,Public_Opinion,VDM-CLAMP,명시 산술의 내부 일관성,명시 수식×변수,준수,0.53,0.53,Public_Opinion: 0.53 (0.55 - 0.02),"명시 산식 0.55 - 0.02 = 0.53; 상태값은 VDM max(0,min(1,value))로 계산; 초기값/효과 선택의 정당성과 별개.",Python Decimal; 원문 명시값만,실제 입력 첨부 바이트는 미확인; 보존 VDM과 조건부 대조. 턴·분기는 명시 제목 기반 파싱이며 불완전/재명명 가능. 응답 전용 export 역할 추정; 당시 사용자 프롬프트 미보존. 입력 초기값 출처 및 사건 분류는 이 점검에서 입증하지 않음,아니오,,PDFium second extraction; role boundaries from reviewed records,True,False
PDFIUM-PER-11-N-00034,PER-11,runs/raw_logs/Perplexity_RAG/11. __Strategic Action Options Analysis__.pdf,5,1,Combination 1,,Leadership_Unity,VDM-CLAMP,명시 산술의 내부 일관성,명시 수식×변수,준수,0.75,0.75,Leadership_Unity: 0.75 (0.80 - 0.05),"명시 산식 0.80 - 0.05 = 0.75; 상태값은 VDM max(0,min(1,value))로 계산; 초기값/효과 선택의 정당성과 별개.",Python Decimal; 원문 명시값만,실제 입력 첨부 바이트는 미확인; 보존 VDM과 조건부 대조. 턴·분기는 명시 제목 기반 파싱이며 불완전/재명명 가능. 응답 전용 export 역할 추정; 당시 사용자 프롬프트 미보존. 입력 초기값 출처 및 사건 분류는 이 점검에서 입증하지 않음,아니오,,PDFium second extraction; role boundaries from reviewed records,True,False
PDFIUM-PER-11-N-00037,PER-11,runs/raw_logs/Perplexity_RAG/11. __Strategic Action Options Analysis__.pdf,7,1,Combination 2,,Tension,VDM-CLAMP,명시 산술의 내부 일관성,명시 수식×변수,준수,0.8,0.8,Tension: 0.80 (0.75 + 0.05),"명시 산식 0.75 + 0.05 = 0.8; 상태값은 VDM max(0,min(1,value))로 계산; 초기값/효과 선택의 정당성과 별개.",Python Decimal; 원문 명시값만,실제 입력 첨부 바이트는 미확인; 보존 VDM과 조건부 대조. 턴·분기는 명시 제목 기반 파싱이며 불완전/재명명 가능. 응답 전용 export 역할 추정; 당시 사용자 프롬프트 미보존. 입력 초기값 출처 및 사건 분류는 이 점검에서 입증하지 않음,아니오,,PDFium second extraction; role boundaries from reviewed records,True,False
PDFIUM-PER-11-N-00040,PER-11,runs/raw_logs/Perplexity_RAG/11. __Strategic Action Options Analysis__.pdf,7,1,Combination 2,,Diplomatic_Support,VDM-CLAMP,명시 산술의 내부 일관성,명시 수식×변수,준수,0.41,0.41,Diplomatic_Support: 0.41 (0.43 - 0.02),"명시 산식 0.43 - 0.02 = 0.41; 상태값은 VDM max(0,min(1,value))로 계산; 초기값/효과 선택의 정당성과 별개.",Python Decimal; 원문 명시값만,실제 입력 첨부 바이트는 미확인; 보존 VDM과 조건부 대조. 턴·분기는 명시 제목 기반 파싱이며 불완전/재명명 가능. 응답 전용 export 역할 추정; 당시 사용자 프롬프트 미보존. 입력 초기값 출처 및 사건 분류는 이 점검에서 입증하지 않음,아니오,,PDFium second extraction; role boundaries from reviewed records,True,False
PDFIUM-PER-11-N-00043,PER-11,runs/raw_logs/Perplexity_RAG/11. __Strategic Action Options Analysis__.pdf,7,1,Combination 2,,Public_Opinion,VDM-CLAMP,명시 산술의 내부 일관성,명시 수식×변수,준수,0.41,0.41,Public_Opinion: 0.41 (0.43 - 0.02),"명시 산식 0.43 - 0.02 = 0.41; 상태값은 VDM max(0,min(1,value))로 계산; 초기값/효과 선택의 정당성과 별개.",Python Decimal; 원문 명시값만,실제 입력 첨부 바이트는 미확인; 보존 VDM과 조건부 대조. 턴·분기는 명시 제목 기반 파싱이며 불완전/재명명 가능. 응답 전용 export 역할 추정; 당시 사용자 프롬프트 미보존. 입력 초기값 출처 및 사건 분류는 이 점검에서 입증하지 않음,아니오,,PDFium second extraction; role boundaries from reviewed records,True,False
PDFIUM-PER-11-N-00046,PER-11,runs/raw_logs/Perplexity_RAG/11. __Strategic Action Options Analysis__.pdf,7,1,Combination 2,,Leadership_Unity,VDM-CLAMP,명시 산술의 내부 일관성,명시 수식×변수,준수,0.6,0.6,Leadership_Unity: 0.60 (0.65 - 0.05),"명시 산식 0.65 - 0.05 = 0.6; 상태값은 VDM max(0,min(1,value))로 계산; 초기값/효과 선택의 정당성과 별개.",Python Decimal; 원문 명시값만,실제 입력 첨부 바이트는 미확인; 보존 VDM과 조건부 대조. 턴·분기는 명시 제목 기반 파싱이며 불완전/재명명 가능. 응답 전용 export 역할 추정; 당시 사용자 프롬프트 미보존. 입력 초기값 출처 및 사건 분류는 이 점검에서 입증하지 않음,아니오,,PDFium second extraction; role boundaries from reviewed records,True,False
PDFIUM-PER-11-N-00049,PER-11,runs/raw_logs/Perplexity_RAG/11. __Strategic Action Options Analysis__.pdf,8,1,Combination 3,,Tension,VDM-CLAMP,명시 산술의 내부 일관성,명시 수식×변수,준수,0.5,0.5,Tension: 0.50 (0.45 + 0.05),"명시 산식 0.45 + 0.05 = 0.5; 상태값은 VDM max(0,min(1,value))로 계산; 초기값/효과 선택의 정당성과 별개.",Python Decimal; 원문 명시값만,실제 입력 첨부 바이트는 미확인; 보존 VDM과 조건부 대조. 턴·분기는 명시 제목 기반 파싱이며 불완전/재명명 가능. 응답 전용 export 역할 추정; 당시 사용자 프롬프트 미보존. 입력 초기값 출처 및 사건 분류는 이 점검에서 입증하지 않음,아니오,,PDFium second extraction; role boundaries from reviewed records,True,False
PDFIUM-PER-11-N-00052,PER-11,runs/raw_logs/Perplexity_RAG/11. __Strategic Action Options Analysis__.pdf,8,1,Combination 3,,Diplomatic_Support,VDM-CLAMP,명시 산술의 내부 일관성,명시 수식×변수,준수,0.58,0.58,Diplomatic_Support: 0.58 (0.60 - 0.02),"명시 산식 0.60 - 0.02 = 0.58; 상태값은 VDM max(0,min(1,value))로 계산; 초기값/효과 선택의 정당성과 별개.",Python Decimal; 원문 명시값만,실제 입력 첨부 바이트는 미확인; 보존 VDM과 조건부 대조. 턴·분기는 명시 제목 기반 파싱이며 불완전/재명명 가능. 응답 전용 export 역할 추정; 당시 사용자 프롬프트 미보존. 입력 초기값 출처 및 사건 분류는 이 점검에서 입증하지 않음,아니오,,PDFium second extraction; role boundaries from reviewed records,True,False
PDFIUM-PER-11-N-00055,PER-11,runs/raw_logs/Perplexity_RAG/11. __Strategic Action Options Analysis__.pdf,8,1,Combination 3,,Public_Opinion,VDM-CLAMP,명시 산술의 내부 일관성,명시 수식×변수,준수,0.53,0.53,Public_Opinion: 0.53 (0.55 - 0.02),"명시 산식 0.55 - 0.02 = 0.53; 상태값은 VDM max(0,min(1,value))로 계산; 초기값/효과 선택의 정당성과 별개.",Python Decimal; 원문 명시값만,실제 입력 첨부 바이트는 미확인; 보존 VDM과 조건부 대조. 턴·분기는 명시 제목 기반 파싱이며 불완전/재명명 가능. 응답 전용 export 역할 추정; 당시 사용자 프롬프트 미보존. 입력 초기값 출처 및 사건 분류는 이 점검에서 입증하지 않음,아니오,,PDFium second extraction; role boundaries from reviewed records,True,False
PDFIUM-PER-11-N-00058,PER-11,runs/raw_logs/Perplexity_RAG/11. __Strategic Action Options Analysis__.pdf,8,1,Combination 3,,Leadership_Unity,VDM-CLAMP,명시 산술의 내부 일관성,명시 수식×변수,준수,0.3,0.3,Leadership_Unity: 0.30 (0.35 - 0.05),"명시 산식 0.35 - 0.05 = 0.3; 상태값은 VDM max(0,min(1,value))로 계산; 초기값/효과 선택의 정당성과 별개.",Python Decimal; 원문 명시값만,실제 입력 첨부 바이트는 미확인; 보존 VDM과 조건부 대조. 턴·분기는 명시 제목 기반 파싱이며 불완전/재명명 가능. 응답 전용 export 역할 추정; 당시 사용자 프롬프트 미보존. 입력 초기값 출처 및 사건 분류는 이 점검에서 입증하지 않음,아니오,,PDFium second extraction; role boundaries from reviewed records,True,False
PDFIUM-PER-11-N-00061,PER-11,runs/raw_logs/Perplexity_RAG/11. __Strategic Action Options Analysis__.pdf,10,1,Combination 1,,Tension,VDM-CLAMP,명시 산술의 내부 일관성,명시 수식×변수,준수,0.85,0.85,Tension: 0.85 (0.70 + 0.15),"명시 산식 0.70 + 0.15 = 0.85; 상태값은 VDM max(0,min(1,value))로 계산; 초기값/효과 선택의 정당성과 별개.",Python Decimal; 원문 명시값만,실제 입력 첨부 바이트는 미확인; 보존 VDM과 조건부 대조. 턴·분기는 명시 제목 기반 파싱이며 불완전/재명명 가능. 응답 전용 export 역할 추정; 당시 사용자 프롬프트 미보존. 입력 초기값 출처 및 사건 분류는 이 점검에서 입증하지 않음,아니오,,PDFium second extraction; role boundaries from reviewed records,True,False
PDFIUM-PER-11-N-00064,PER-11,runs/raw_logs/Perplexity_RAG/11. __Strategic Action Options Analysis__.pdf,10,1,Combination 1,,Diplomatic_Support,VDM-CLAMP,명시 산술의 내부 일관성,명시 수식×변수,준수,0.53,0.53,Diplomatic_Support: 0.53 (0.58 - 0.05),"명시 산식 0.58 - 0.05 = 0.53; 상태값은 VDM max(0,min(1,value))로 계산; 초기값/효과 선택의 정당성과 별개.",Python Decimal; 원문 명시값만,실제 입력 첨부 바이트는 미확인; 보존 VDM과 조건부 대조. 턴·분기는 명시 제목 기반 파싱이며 불완전/재명명 가능. 응답 전용 export 역할 추정; 당시 사용자 프롬프트 미보존. 입력 초기값 출처 및 사건 분류는 이 점검에서 입증하지 않음,아니오,,PDFium second extraction; role boundaries from reviewed records,True,False
PDFIUM-PER-11-N-00067,PER-11,runs/raw_logs/Perplexity_RAG/11. __Strategic Action Options Analysis__.pdf,10,1,Combination 1,,Public_Opinion,VDM-CLAMP,명시 산술의 내부 일관성,명시 수식×변수,준수,0.48,0.48,Public_Opinion: 0.48 (0.53 - 0.05),"명시 산식 0.53 - 0.05 = 0.48; 상태값은 VDM max(0,min(1,value))로 계산; 초기값/효과 선택의 정당성과 별개.",Python Decimal; 원문 명시값만,실제 입력 첨부 바이트는 미확인; 보존 VDM과 조건부 대조. 턴·분기는 명시 제목 기반 파싱이며 불완전/재명명 가능. 응답 전용 export 역할 추정; 당시 사용자 프롬프트 미보존. 입력 초기값 출처 및 사건 분류는 이 점검에서 입증하지 않음,아니오,,PDFium second extraction; role boundaries from reviewed records,True,False
PDFIUM-PER-11-N-00070,PER-11,runs/raw_logs/Perplexity_RAG/11. __Strategic Action Options Analysis__.pdf,10,1,Combination 1,,Leadership_Unity,VDM-CLAMP,명시 산술의 내부 일관성,명시 수식×변수,준수,0.65,0.65,Leadership_Unity: 0.65 (0.75 - 0.10),"명시 산식 0.75 - 0.10 = 0.65; 상태값은 VDM max(0,min(1,value))로 계산; 초기값/효과 선택의 정당성과 별개.",Python Decimal; 원문 명시값만,실제 입력 첨부 바이트는 미확인; 보존 VDM과 조건부 대조. 턴·분기는 명시 제목 기반 파싱이며 불완전/재명명 가능. 응답 전용 export 역할 추정; 당시 사용자 프롬프트 미보존. 입력 초기값 출처 및 사건 분류는 이 점검에서 입증하지 않음,아니오,,PDFium second extraction; role boundaries from reviewed records,True,False
PDFIUM-PER-11-N-00073,PER-11,runs/raw_logs/Perplexity_RAG/11. __Strategic Action Options Analysis__.pdf,11,1,Combination 2,,Tension,VDM-CLAMP,명시 산술의 내부 일관성,명시 수식×변수,준수,0.95,0.95,Tension: 0.95 (0.80 + 0.15),"명시 산식 0.80 + 0.15 = 0.95; 상태값은 VDM max(0,min(1,value))로 계산; 초기값/효과 선택의 정당성과 별개.",Python Decimal; 원문 명시값만,실제 입력 첨부 바이트는 미확인; 보존 VDM과 조건부 대조. 턴·분기는 명시 제목 기반 파싱이며 불완전/재명명 가능. 응답 전용 export 역할 추정; 당시 사용자 프롬프트 미보존. 입력 초기값 출처 및 사건 분류는 이 점검에서 입증하지 않음,아니오,,PDFium second extraction; role boundaries from reviewed records,True,False
PDFIUM-PER-11-N-00076,PER-11,runs/raw_logs/Perplexity_RAG/11. __Strategic Action Options Analysis__.pdf,11,1,Combination 2,,Diplomatic_Support,VDM-CLAMP,명시 산술의 내부 일관성,명시 수식×변수,준수,0.36,0.36,Diplomatic_Support: 0.36 (0.41 - 0.05),"명시 산식 0.41 - 0.05 = 0.36; 상태값은 VDM max(0,min(1,value))로 계산; 초기값/효과 선택의 정당성과 별개.",Python Decimal; 원문 명시값만,실제 입력 첨부 바이트는 미확인; 보존 VDM과 조건부 대조. 턴·분기는 명시 제목 기반 파싱이며 불완전/재명명 가능. 응답 전용 export 역할 추정; 당시 사용자 프롬프트 미보존. 입력 초기값 출처 및 사건 분류는 이 점검에서 입증하지 않음,아니오,,PDFium second extraction; role boundaries from reviewed records,True,False
PDFIUM-PER-11-N-00079,PER-11,runs/raw_logs/Perplexity_RAG/11. __Strategic Action Options Analysis__.pdf,11,1,Combination 2,,Public_Opinion,VDM-CLAMP,명시 산술의 내부 일관성,명시 수식×변수,준수,0.36,0.36,Public_Opinion: 0.36 (0.41 - 0.05),"명시 산식 0.41 - 0.05 = 0.36; 상태값은 VDM max(0,min(1,value))로 계산; 초기값/효과 선택의 정당성과 별개.",Python Decimal; 원문 명시값만,실제 입력 첨부 바이트는 미확인; 보존 VDM과 조건부 대조. 턴·분기는 명시 제목 기반 파싱이며 불완전/재명명 가능. 응답 전용 export 역할 추정; 당시 사용자 프롬프트 미보존. 입력 초기값 출처 및 사건 분류는 이 점검에서 입증하지 않음,아니오,,PDFium second extraction; role boundaries from reviewed records,True,False
PDFIUM-PER-11-N-00082,PER-11,runs/raw_logs/Perplexity_RAG/11. __Strategic Action Options Analysis__.pdf,11,1,Combination 2,,Leadership_Unity,VDM-CLAMP,명시 산술의 내부 일관성,명시 수식×변수,준수,0.5,0.5,Leadership_Unity: 0.50 (0.60 - 0.10),"명시 산식 0.60 - 0.10 = 0.5; 상태값은 VDM max(0,min(1,value))로 계산; 초기값/효과 선택의 정당성과 별개.",Python Decimal; 원문 명시값만,실제 입력 첨부 바이트는 미확인; 보존 VDM과 조건부 대조. 턴·분기는 명시 제목 기반 파싱이며 불완전/재명명 가능. 응답 전용 export 역할 추정; 당시 사용자 프롬프트 미보존. 입력 초기값 출처 및 사건 분류는 이 점검에서 입증하지 않음,아니오,,PDFium second extraction; role boundaries from reviewed records,True,False
PDFIUM-PER-11-N-00085,PER-11,runs/raw_logs/Perplexity_RAG/11. __Strategic Action Options Analysis__.pdf,12,1,Combination 3,,Tension,VDM-CLAMP,명시 산술의 내부 일관성,명시 수식×변수,준수,0.65,0.65,Tension: 0.65 (0.50 + 0.15),"명시 산식 0.50 + 0.15 = 0.65; 상태값은 VDM max(0,min(1,value))로 계산; 초기값/효과 선택의 정당성과 별개.",Python Decimal; 원문 명시값만,실제 입력 첨부 바이트는 미확인; 보존 VDM과 조건부 대조. 턴·분기는 명시 제목 기반 파싱이며 불완전/재명명 가능. 응답 전용 export 역할 추정; 당시 사용자 프롬프트 미보존. 입력 초기값 출처 및 사건 분류는 이 점검에서 입증하지 않음,아니오,,PDFium second extraction; role boundaries from reviewed records,True,False
PDFIUM-PER-11-N-00088,PER-11,runs/raw_logs/Perplexity_RAG/11. __Strategic Action Options Analysis__.pdf,12,1,Combination 3,,Diplomatic_Support,VDM-CLAMP,명시 산술의 내부 일관성,명시 수식×변수,준수,0.48,0.48,Diplomatic_Support: 0.48 (0.53 - 0.05),"명시 산식 0.53 - 0.05 = 0.48; 상태값은 VDM max(0,min(1,value))로 계산; 초기값/효과 선택의 정당성과 별개.",Python Decimal; 원문 명시값만,실제 입력 첨부 바이트는 미확인; 보존 VDM과 조건부 대조. 턴·분기는 명시 제목 기반 파싱이며 불완전/재명명 가능. 응답 전용 export 역할 추정; 당시 사용자 프롬프트 미보존. 입력 초기값 출처 및 사건 분류는 이 점검에서 입증하지 않음,아니오,,PDFium second extraction; role boundaries from reviewed records,True,False
PDFIUM-PER-11-N-00091,PER-11,runs/raw_logs/Perplexity_RAG/11. __Strategic Action Options Analysis__.pdf,12,1,Combination 3,,Public_Opinion,VDM-CLAMP,명시 산술의 내부 일관성,명시 수식×변수,준수,0.43,0.43,Public_Opinion: 0.43 (0.48 - 0.05),"명시 산식 0.48 - 0.05 = 0.43; 상태값은 VDM max(0,min(1,value))로 계산; 초기값/효과 선택의 정당성과 별개.",Python Decimal; 원문 명시값만,실제 입력 첨부 바이트는 미확인; 보존 VDM과 조건부 대조. 턴·분기는 명시 제목 기반 파싱이며 불완전/재명명 가능. 응답 전용 export 역할 추정; 당시 사용자 프롬프트 미보존. 입력 초기값 출처 및 사건 분류는 이 점검에서 입증하지 않음,아니오,,PDFium second extraction; role boundaries from reviewed records,True,False
PDFIUM-PER-11-N-00094,PER-11,runs/raw_logs/Perplexity_RAG/11. __Strategic Action Options Analysis__.pdf,12,1,Combination 3,,Leadership_Unity,VDM-CLAMP,명시 산술의 내부 일관성,명시 수식×변수,준수,0.1,0.1,Leadership_Unity: 0.10 (0.20 - 0.10),"명시 산식 0.20 - 0.10 = 0.1; 상태값은 VDM max(0,min(1,value))로 계산; 초기값/효과 선택의 정당성과 별개.",Python Decimal; 원문 명시값만,실제 입력 첨부 바이트는 미확인; 보존 VDM과 조건부 대조. 턴·분기는 명시 제목 기반 파싱이며 불완전/재명명 가능. 응답 전용 export 역할 추정; 당시 사용자 프롬프트 미보존. 입력 초기값 출처 및 사건 분류는 이 점검에서 입증하지 않음,아니오,,PDFium second extraction; role boundaries from reviewed records,True,False
PDFIUM-PER-11-N-00097,PER-11,runs/raw_logs/Perplexity_RAG/11. __Strategic Action Options Analysis__.pdf,13,1,Combination 1,,Tension,VDM-CLAMP,명시 산술의 내부 일관성,명시 수식×변수,준수,1,1,Tension: 1.0 (0.85 + 0.15 → clamped to max 1.0),"명시 산식 0.85 + 0.15 = 1; 상태값은 VDM max(0,min(1,value))로 계산; 초기값/효과 선택의 정당성과 별개.",Python Decimal; 원문 명시값만,실제 입력 첨부 바이트는 미확인; 보존 VDM과 조건부 대조. 턴·분기는 명시 제목 기반 파싱이며 불완전/재명명 가능. 응답 전용 export 역할 추정; 당시 사용자 프롬프트 미보존. 입력 초기값 출처 및 사건 분류는 이 점검에서 입증하지 않음,아니오,,PDFium second extraction; role boundaries from reviewed records,True,False
PDFIUM-PER-11-N-00100,PER-11,runs/raw_logs/Perplexity_RAG/11. __Strategic Action Options Analysis__.pdf,13,1,Combination 1,,Diplomatic_Support,VDM-CLAMP,명시 산술의 내부 일관성,명시 수식×변수,준수,0.48,0.48,Diplomatic_Support: 0.48 (0.53 - 0.05),"명시 산식 0.53 - 0.05 = 0.48; 상태값은 VDM max(0,min(1,value))로 계산; 초기값/효과 선택의 정당성과 별개.",Python Decimal; 원문 명시값만,실제 입력 첨부 바이트는 미확인; 보존 VDM과 조건부 대조. 턴·분기는 명시 제목 기반 파싱이며 불완전/재명명 가능. 응답 전용 export 역할 추정; 당시 사용자 프롬프트 미보존. 입력 초기값 출처 및 사건 분류는 이 점검에서 입증하지 않음,아니오,,PDFium second extraction; role boundaries from reviewed records,True,False
PDFIUM-PER-11-N-00103,PER-11,runs/raw_logs/Perplexity_RAG/11. __Strategic Action Options Analysis__.pdf,13,1,Combination 1,,Public_Opinion,VDM-CLAMP,명시 산술의 내부 일관성,명시 수식×변수,준수,0.43,0.43,Public_Opinion: 0.43 (0.48 - 0.05),"명시 산식 0.48 - 0.05 = 0.43; 상태값은 VDM max(0,min(1,value))로 계산; 초기값/효과 선택의 정당성과 별개.",Python Decimal; 원문 명시값만,실제 입력 첨부 바이트는 미확인; 보존 VDM과 조건부 대조. 턴·분기는 명시 제목 기반 파싱이며 불완전/재명명 가능. 응답 전용 export 역할 추정; 당시 사용자 프롬프트 미보존. 입력 초기값 출처 및 사건 분류는 이 점검에서 입증하지 않음,아니오,,PDFium second extraction; role boundaries from reviewed records,True,False
PDFIUM-PER-11-N-00106,PER-11,runs/raw_logs/Perplexity_RAG/11. __Strategic Action Options Analysis__.pdf,13,1,Combination 1,,Leadership_Unity,VDM-CLAMP,명시 산술의 내부 일관성,명시 수식×변수,준수,0.55,0.55,Leadership_Unity: 0.55 (0.65 - 0.10),"명시 산식 0.65 - 0.10 = 0.55; 상태값은 VDM max(0,min(1,value))로 계산; 초기값/효과 선택의 정당성과 별개.",Python Decimal; 원문 명시값만,실제 입력 첨부 바이트는 미확인; 보존 VDM과 조건부 대조. 턴·분기는 명시 제목 기반 파싱이며 불완전/재명명 가능. 응답 전용 export 역할 추정; 당시 사용자 프롬프트 미보존. 입력 초기값 출처 및 사건 분류는 이 점검에서 입증하지 않음,아니오,,PDFium second extraction; role boundaries from reviewed records,True,False
PDFIUM-PER-11-N-00111,PER-11,runs/raw_logs/Perplexity_RAG/11. __Strategic Action Options Analysis__.pdf,14,1,Combination 2,,Tension,VDM-CLAMP,명시 산술의 내부 일관성,명시 수식×변수,준수,1,1,Tension: 1.0 (0.95 + 0.05 → clamped),"명시 산식 0.95 + 0.05 = 1; 상태값은 VDM max(0,min(1,value))로 계산; 초기값/효과 선택의 정당성과 별개.",Python Decimal; 원문 명시값만,실제 입력 첨부 바이트는 미확인; 보존 VDM과 조건부 대조. 턴·분기는 명시 제목 기반 파싱이며 불완전/재명명 가능. 응답 전용 export 역할 추정; 당시 사용자 프롬프트 미보존. 입력 초기값 출처 및 사건 분류는 이 점검에서 입증하지 않음,아니오,,PDFium second extraction; role boundaries from reviewed records,True,False
PDFIUM-PER-11-N-00114,PER-11,runs/raw_logs/Perplexity_RAG/11. __Strategic Action Options Analysis__.pdf,14,1,Combination 2,,Diplomatic_Support,VDM-CLAMP,명시 산술의 내부 일관성,명시 수식×변수,준수,0.31,0.31,Diplomatic_Support: 0.31 (0.36 - 0.05),"명시 산식 0.36 - 0.05 = 0.31; 상태값은 VDM max(0,min(1,value))로 계산; 초기값/효과 선택의 정당성과 별개.",Python Decimal; 원문 명시값만,실제 입력 첨부 바이트는 미확인; 보존 VDM과 조건부 대조. 턴·분기는 명시 제목 기반 파싱이며 불완전/재명명 가능. 응답 전용 export 역할 추정; 당시 사용자 프롬프트 미보존. 입력 초기값 출처 및 사건 분류는 이 점검에서 입증하지 않음,아니오,,PDFium second extraction; role boundaries from reviewed records,True,False
PDFIUM-PER-11-N-00117,PER-11,runs/raw_logs/Perplexity_RAG/11. __Strategic Action Options Analysis__.pdf,14,1,Combination 2,,Public_Opinion,VDM-CLAMP,명시 산술의 내부 일관성,명시 수식×변수,준수,0.31,0.31,Public_Opinion: 0.31 (0.36 - 0.05),"명시 산식 0.36 - 0.05 = 0.31; 상태값은 VDM max(0,min(1,value))로 계산; 초기값/효과 선택의 정당성과 별개.",Python Decimal; 원문 명시값만,실제 입력 첨부 바이트는 미확인; 보존 VDM과 조건부 대조. 턴·분기는 명시 제목 기반 파싱이며 불완전/재명명 가능. 응답 전용 export 역할 추정; 당시 사용자 프롬프트 미보존. 입력 초기값 출처 및 사건 분류는 이 점검에서 입증하지 않음,아니오,,PDFium second extraction; role boundaries from reviewed records,True,False
PDFIUM-PER-11-N-00120,PER-11,runs/raw_logs/Perplexity_RAG/11. __Strategic Action Options Analysis__.pdf,14,1,Combination 2,,Leadership_Unity,VDM-CLAMP,명시 산술의 내부 일관성,명시 수식×변수,준수,0.4,0.4,Leadership_Unity: 0.40 (0.50 - 0.10),"명시 산식 0.50 - 0.10 = 0.4; 상태값은 VDM max(0,min(1,value))로 계산; 초기값/효과 선택의 정당성과 별개.",Python Decimal; 원문 명시값만,실제 입력 첨부 바이트는 미확인; 보존 VDM과 조건부 대조. 턴·분기는 명시 제목 기반 파싱이며 불완전/재명명 가능. 응답 전용 export 역할 추정; 당시 사용자 프롬프트 미보존. 입력 초기값 출처 및 사건 분류는 이 점검에서 입증하지 않음,아니오,,PDFium second extraction; role boundaries from reviewed records,True,False
PDFIUM-PER-11-N-00123,PER-11,runs/raw_logs/Perplexity_RAG/11. __Strategic Action Options Analysis__.pdf,15,1,Combination 3,,Tension,VDM-CLAMP,명시 산술의 내부 일관성,명시 수식×변수,준수,0.8,0.8,Tension: 0.80 (0.65 + 0.15),"명시 산식 0.65 + 0.15 = 0.8; 상태값은 VDM max(0,min(1,value))로 계산; 초기값/효과 선택의 정당성과 별개.",Python Decimal; 원문 명시값만,실제 입력 첨부 바이트는 미확인; 보존 VDM과 조건부 대조. 턴·분기는 명시 제목 기반 파싱이며 불완전/재명명 가능. 응답 전용 export 역할 추정; 당시 사용자 프롬프트 미보존. 입력 초기값 출처 및 사건 분류는 이 점검에서 입증하지 않음,아니오,,PDFium second extraction; role boundaries from reviewed records,True,False
PDFIUM-PER-11-N-00126,PER-11,runs/raw_logs/Perplexity_RAG/11. __Strategic Action Options Analysis__.pdf,15,1,Combination 3,,Diplomatic_Support,VDM-CLAMP,명시 산술의 내부 일관성,명시 수식×변수,준수,0.43,0.43,Diplomatic_Support: 0.43 (0.48 - 0.05),"명시 산식 0.48 - 0.05 = 0.43; 상태값은 VDM max(0,min(1,value))로 계산; 초기값/효과 선택의 정당성과 별개.",Python Decimal; 원문 명시값만,실제 입력 첨부 바이트는 미확인; 보존 VDM과 조건부 대조. 턴·분기는 명시 제목 기반 파싱이며 불완전/재명명 가능. 응답 전용 export 역할 추정; 당시 사용자 프롬프트 미보존. 입력 초기값 출처 및 사건 분류는 이 점검에서 입증하지 않음,아니오,,PDFium second extraction; role boundaries from reviewed records,True,False
PDFIUM-PER-11-N-00129,PER-11,runs/raw_logs/Perplexity_RAG/11. __Strategic Action Options Analysis__.pdf,15,1,Combination 3,,Public_Opinion,VDM-CLAMP,명시 산술의 내부 일관성,명시 수식×변수,준수,0.38,0.38,Public_Opinion: 0.38 (0.43 - 0.05),"명시 산식 0.43 - 0.05 = 0.38; 상태값은 VDM max(0,min(1,value))로 계산; 초기값/효과 선택의 정당성과 별개.",Python Decimal; 원문 명시값만,실제 입력 첨부 바이트는 미확인; 보존 VDM과 조건부 대조. 턴·분기는 명시 제목 기반 파싱이며 불완전/재명명 가능. 응답 전용 export 역할 추정; 당시 사용자 프롬프트 미보존. 입력 초기값 출처 및 사건 분류는 이 점검에서 입증하지 않음,아니오,,PDFium second extraction; role boundaries from reviewed records,True,False
PDFIUM-PER-11-N-00132,PER-11,runs/raw_logs/Perplexity_RAG/11. __Strategic Action Options Analysis__.pdf,15,1,Combination 3,,Leadership_Unity,VDM-CLAMP,명시 산술의 내부 일관성,명시 수식×변수,준수,0,0,Leadership_Unity: 0.00 (0.10 - 0.10 → clamped to 0.0),"명시 산식 0.10 - 0.10 = 0; 상태값은 VDM max(0,min(1,value))로 계산; 초기값/효과 선택의 정당성과 별개.",Python Decimal; 원문 명시값만,실제 입력 첨부 바이트는 미확인; 보존 VDM과 조건부 대조. 턴·분기는 명시 제목 기반 파싱이며 불완전/재명명 가능. 응답 전용 export 역할 추정; 당시 사용자 프롬프트 미보존. 입력 초기값 출처 및 사건 분류는 이 점검에서 입증하지 않음,아니오,,PDFium second extraction; role boundaries from reviewed records,True,False
PDFIUM-PER-12-N-00001,PER-12,runs/raw_logs/Perplexity_RAG/12. Strategic Decision Modeling for Cuban Missile Cris.pdf,4,1,Combination 1,,Tension,VDM-CLAMP,명시 산술의 내부 일관성,명시 수식×변수,준수,0.75,0.75,Tension: +0.45 (Soviet) + 0.30 (U.S.) = +0.75,명시 산식 +0.45 + 0.30 = 0.75; 변화량 합계로 계산; 초기값/효과 선택의 정당성과 별개.,Python Decimal; 원문 명시값만,실제 입력 첨부 바이트는 미확인; 보존 VDM과 조건부 대조. 턴·분기는 명시 제목 기반 파싱이며 불완전/재명명 가능. 응답 전용 export 역할 추정; 당시 사용자 프롬프트 미보존. 입력 초기값 출처 및 사건 분류는 이 점검에서 입증하지 않음,아니오,,PDFium second extraction; role boundaries from reviewed records,True,False
PDFIUM-PER-12-N-00002,PER-12,runs/raw_logs/Perplexity_RAG/12. Strategic Decision Modeling for Cuban Missile Cris.pdf,4,1,Combination 1,,Diplomatic_Support,VDM-CLAMP,명시 산술의 내부 일관성,명시 수식×변수,준수,0.6,0.6,Diplomatic Support: +0.60 (Soviet) + 0.00 (U.S.) = +0.60,명시 산식 +0.60 + 0.00 = 0.6; 변화량 합계로 계산; 초기값/효과 선택의 정당성과 별개.,Python Decimal; 원문 명시값만,실제 입력 첨부 바이트는 미확인; 보존 VDM과 조건부 대조. 턴·분기는 명시 제목 기반 파싱이며 불완전/재명명 가능. 응답 전용 export 역할 추정; 당시 사용자 프롬프트 미보존. 입력 초기값 출처 및 사건 분류는 이 점검에서 입증하지 않음,아니오,,PDFium second extraction; role boundaries from reviewed records,True,False
PDFIUM-PER-12-N-00003,PER-12,runs/raw_logs/Perplexity_RAG/12. Strategic Decision Modeling for Cuban Missile Cris.pdf,4,1,Combination 1,,Public_Opinion,VDM-CLAMP,명시 산술의 내부 일관성,명시 수식×변수,준수,0.5,0.5,Public Opinion: +0.00 (Soviet) + 0.50 (U.S.) = +0.50,명시 산식 +0.00 + 0.50 = 0.5; 변화량 합계로 계산; 초기값/효과 선택의 정당성과 별개.,Python Decimal; 원문 명시값만,실제 입력 첨부 바이트는 미확인; 보존 VDM과 조건부 대조. 턴·분기는 명시 제목 기반 파싱이며 불완전/재명명 가능. 응답 전용 export 역할 추정; 당시 사용자 프롬프트 미보존. 입력 초기값 출처 및 사건 분류는 이 점검에서 입증하지 않음,아니오,,PDFium second extraction; role boundaries from reviewed records,True,False
PDFIUM-PER-12-N-00004,PER-12,runs/raw_logs/Perplexity_RAG/12. Strategic Decision Modeling for Cuban Missile Cris.pdf,4,1,Combination 1,,Leadership_Unity,VDM-CLAMP,명시 산술의 내부 일관성,명시 수식×변수,준수,0.8,0.8,Leadership Unity: +0.00 (Soviet) + 0.80 (U.S.) = +0.80,명시 산식 +0.00 + 0.80 = 0.8; 변화량 합계로 계산; 초기값/효과 선택의 정당성과 별개.,Python Decimal; 원문 명시값만,실제 입력 첨부 바이트는 미확인; 보존 VDM과 조건부 대조. 턴·분기는 명시 제목 기반 파싱이며 불완전/재명명 가능. 응답 전용 export 역할 추정; 당시 사용자 프롬프트 미보존. 입력 초기값 출처 및 사건 분류는 이 점검에서 입증하지 않음,아니오,,PDFium second extraction; role boundaries from reviewed records,True,False
PDFIUM-PER-12-N-00005,PER-12,runs/raw_logs/Perplexity_RAG/12. Strategic Decision Modeling for Cuban Missile Cris.pdf,5,1,Combination 2,,Tension,VDM-CLAMP,명시 산술의 내부 일관성,명시 수식×변수,준수,0.75,0.75,Tension: +0.45 (Soviet) + 0.30 (U.S.) = +0.75,명시 산식 +0.45 + 0.30 = 0.75; 변화량 합계로 계산; 초기값/효과 선택의 정당성과 별개.,Python Decimal; 원문 명시값만,실제 입력 첨부 바이트는 미확인; 보존 VDM과 조건부 대조. 턴·분기는 명시 제목 기반 파싱이며 불완전/재명명 가능. 응답 전용 export 역할 추정; 당시 사용자 프롬프트 미보존. 입력 초기값 출처 및 사건 분류는 이 점검에서 입증하지 않음,아니오,,PDFium second extraction; role boundaries from reviewed records,True,False
PDFIUM-PER-12-N-00006,PER-12,runs/raw_logs/Perplexity_RAG/12. Strategic Decision Modeling for Cuban Missile Cris.pdf,5,1,Combination 2,,Leadership_Unity,VDM-CLAMP,명시 산술의 내부 일관성,명시 수식×변수,준수,1.45,1.45,Leadership Unity: +0.65 (Soviet) + 0.80 (U.S.) = +1.45 → Clamped to 1.00,명시 산식 +0.65 + 0.80 = 1.45; 변화량 합계로 계산; 초기값/효과 선택의 정당성과 별개.,Python Decimal; 원문 명시값만,실제 입력 첨부 바이트는 미확인; 보존 VDM과 조건부 대조. 턴·분기는 명시 제목 기반 파싱이며 불완전/재명명 가능. 응답 전용 export 역할 추정; 당시 사용자 프롬프트 미보존. 입력 초기값 출처 및 사건 분류는 이 점검에서 입증하지 않음,아니오,,PDFium second extraction; role boundaries from reviewed records,True,False
PDFIUM-PER-12-N-00007,PER-12,runs/raw_logs/Perplexity_RAG/12. Strategic Decision Modeling for Cuban Missile Cris.pdf,5,1,Combination 3,,Tension,VDM-CLAMP,명시 산술의 내부 일관성,명시 수식×변수,준수,0.3,0.3,Tension: +0.00 (Soviet) + 0.30 (U.S.) = +0.30,명시 산식 +0.00 + 0.30 = 0.3; 변화량 합계로 계산; 초기값/효과 선택의 정당성과 별개.,Python Decimal; 원문 명시값만,실제 입력 첨부 바이트는 미확인; 보존 VDM과 조건부 대조. 턴·분기는 명시 제목 기반 파싱이며 불완전/재명명 가능. 응답 전용 export 역할 추정; 당시 사용자 프롬프트 미보존. 입력 초기값 출처 및 사건 분류는 이 점검에서 입증하지 않음,아니오,,PDFium second extraction; role boundaries from reviewed records,True,False
PDFIUM-PER-12-N-00008,PER-12,runs/raw_logs/Perplexity_RAG/12. Strategic Decision Modeling for Cuban Missile Cris.pdf,5,1,Combination 3,,Diplomatic_Support,VDM-CLAMP,명시 산술의 내부 일관성,명시 수식×변수,준수,0.65,0.65,Diplomatic Support: +0.00 (Soviet) + 0.65 (U.S.) = +0.65,명시 산식 +0.00 + 0.65 = 0.65; 변화량 합계로 계산; 초기값/효과 선택의 정당성과 별개.,Python Decimal; 원문 명시값만,실제 입력 첨부 바이트는 미확인; 보존 VDM과 조건부 대조. 턴·분기는 명시 제목 기반 파싱이며 불완전/재명명 가능. 응답 전용 export 역할 추정; 당시 사용자 프롬프트 미보존. 입력 초기값 출처 및 사건 분류는 이 점검에서 입증하지 않음,아니오,,PDFium second extraction; role boundaries from reviewed records,True,False
PDFIUM-PER-12-N-00009,PER-12,runs/raw_logs/Perplexity_RAG/12. Strategic Decision Modeling for Cuban Missile Cris.pdf,5,1,Combination 3,,Public_Opinion,VDM-CLAMP,명시 산술의 내부 일관성,명시 수식×변수,준수,0.55,0.55,Public Opinion: +0.55 (Soviet) + 0.00 (U.S.) = +0.55,명시 산식 +0.55 + 0.00 = 0.55; 변화량 합계로 계산; 초기값/효과 선택의 정당성과 별개.,Python Decimal; 원문 명시값만,실제 입력 첨부 바이트는 미확인; 보존 VDM과 조건부 대조. 턴·분기는 명시 제목 기반 파싱이며 불완전/재명명 가능. 응답 전용 export 역할 추정; 당시 사용자 프롬프트 미보존. 입력 초기값 출처 및 사건 분류는 이 점검에서 입증하지 않음,아니오,,PDFium second extraction; role boundaries from reviewed records,True,False
PDFIUM-PER-12-N-00020,PER-12,runs/raw_logs/Perplexity_RAG/12. Strategic Decision Modeling for Cuban Missile Cris.pdf,7,1,Combination 1,,Tension,VDM-CLAMP,명시 산술의 내부 일관성,명시 수식×변수,준수,1,1,Tension: 0.80 + 0.45 - 0.05 = 1.20 → clamped to 1.00,"명시 산식 0.80 + 0.45 - 0.05 = 1.2; 상태값은 VDM max(0,min(1,value))로 계산; 초기값/효과 선택의 정당성과 별개.",Python Decimal; 원문 명시값만,실제 입력 첨부 바이트는 미확인; 보존 VDM과 조건부 대조. 턴·분기는 명시 제목 기반 파싱이며 불완전/재명명 가능. 응답 전용 export 역할 추정; 당시 사용자 프롬프트 미보존. 입력 초기값 출처 및 사건 분류는 이 점검에서 입증하지 않음,아니오,,PDFium second extraction; role boundaries from reviewed records,True,False
PDFIUM-PER-12-N-00023,PER-12,runs/raw_logs/Perplexity_RAG/12. Strategic Decision Modeling for Cuban Missile Cris.pdf,7,1,Combination 1,,Diplomatic_Support,VDM-CLAMP,명시 산술의 내부 일관성,명시 수식×변수,준수,0.68,0.68,Diplomatic Support: 0.58 + 0.10 = 0.68,"명시 산식 0.58 + 0.10 = 0.68; 상태값은 VDM max(0,min(1,value))로 계산; 초기값/효과 선택의 정당성과 별개.",Python Decimal; 원문 명시값만,실제 입력 첨부 바이트는 미확인; 보존 VDM과 조건부 대조. 턴·분기는 명시 제목 기반 파싱이며 불완전/재명명 가능. 응답 전용 export 역할 추정; 당시 사용자 프롬프트 미보존. 입력 초기값 출처 및 사건 분류는 이 점검에서 입증하지 않음,아니오,,PDFium second extraction; role boundaries from reviewed records,True,False
PDFIUM-PER-12-N-00034,PER-12,runs/raw_logs/Perplexity_RAG/12. Strategic Decision Modeling for Cuban Missile Cris.pdf,9,1,Combination 2,,Tension,VDM-CLAMP,명시 산술의 내부 일관성,명시 수식×변수,준수,1,1,Tension: 0.80 + 0.45 + 0.15 = 1.40 → clamped to 1.00,"명시 산식 0.80 + 0.45 + 0.15 = 1.4; 상태값은 VDM max(0,min(1,value))로 계산; 초기값/효과 선택의 정당성과 별개.",Python Decimal; 원문 명시값만,실제 입력 첨부 바이트는 미확인; 보존 VDM과 조건부 대조. 턴·분기는 명시 제목 기반 파싱이며 불완전/재명명 가능. 응답 전용 export 역할 추정; 당시 사용자 프롬프트 미보존. 입력 초기값 출처 및 사건 분류는 이 점검에서 입증하지 않음,아니오,,PDFium second extraction; role boundaries from reviewed records,True,False
PDFIUM-PER-12-N-00037,PER-12,runs/raw_logs/Perplexity_RAG/12. Strategic Decision Modeling for Cuban Missile Cris.pdf,9,1,Combination 2,,Diplomatic_Support,VDM-CLAMP,명시 산술의 내부 일관성,명시 수식×변수,준수,0.43,0.43,Diplomatic Support: 0.48 - 0.05 = 0.43,"명시 산식 0.48 - 0.05 = 0.43; 상태값은 VDM max(0,min(1,value))로 계산; 초기값/효과 선택의 정당성과 별개.",Python Decimal; 원문 명시값만,실제 입력 첨부 바이트는 미확인; 보존 VDM과 조건부 대조. 턴·분기는 명시 제목 기반 파싱이며 불완전/재명명 가능. 응답 전용 export 역할 추정; 당시 사용자 프롬프트 미보존. 입력 초기값 출처 및 사건 분류는 이 점검에서 입증하지 않음,아니오,,PDFium second extraction; role boundaries from reviewed records,True,False
PDFIUM-PER-12-N-00049,PER-12,runs/raw_logs/Perplexity_RAG/12. Strategic Decision Modeling for Cuban Missile Cris.pdf,10,1,Combination 3,,Public_Opinion,VDM-CLAMP,명시 산술의 내부 일관성,명시 수식×변수,준수,1,1,Public Opinion: 0.53 + 0.55 = 1.08 → clamped to 1.00,"명시 산식 0.53 + 0.55 = 1.08; 상태값은 VDM max(0,min(1,value))로 계산; 초기값/효과 선택의 정당성과 별개.",Python Decimal; 원문 명시값만,실제 입력 첨부 바이트는 미확인; 보존 VDM과 조건부 대조. 턴·분기는 명시 제목 기반 파싱이며 불완전/재명명 가능. 응답 전용 export 역할 추정; 당시 사용자 프롬프트 미보존. 입력 초기값 출처 및 사건 분류는 이 점검에서 입증하지 않음,아니오,,PDFium second extraction; role boundaries from reviewed records,True,False
PDFIUM-PER-12-N-00052,PER-12,runs/raw_logs/Perplexity_RAG/12. Strategic Decision Modeling for Cuban Missile Cris.pdf,10,1,Combination 3,,Diplomatic_Support,VDM-CLAMP,명시 산술의 내부 일관성,명시 수식×변수,준수,0.73,0.73,Diplomatic Support: 0.63 + 0.10 = 0.73,"명시 산식 0.63 + 0.10 = 0.73; 상태값은 VDM max(0,min(1,value))로 계산; 초기값/효과 선택의 정당성과 별개.",Python Decimal; 원문 명시값만,실제 입력 첨부 바이트는 미확인; 보존 VDM과 조건부 대조. 턴·분기는 명시 제목 기반 파싱이며 불완전/재명명 가능. 응답 전용 export 역할 추정; 당시 사용자 프롬프트 미보존. 입력 초기값 출처 및 사건 분류는 이 점검에서 입증하지 않음,아니오,,PDFium second extraction; role boundaries from reviewed records,True,False
PDFIUM-PER-12-N-00063,PER-12,runs/raw_logs/Perplexity_RAG/12. Strategic Decision Modeling for Cuban Missile Cris.pdf,12,1,Combination 1,,Tension,VDM-CLAMP,명시 산술의 내부 일관성,명시 수식×변수,준수,1,1,Tension: 1.00 + 0.45 = 1.45 → 1.00,"명시 산식 1.00 + 0.45 = 1.45; 상태값은 VDM max(0,min(1,value))로 계산; 초기값/효과 선택의 정당성과 별개.",Python Decimal; 원문 명시값만,실제 입력 첨부 바이트는 미확인; 보존 VDM과 조건부 대조. 턴·분기는 명시 제목 기반 파싱이며 불완전/재명명 가능. 응답 전용 export 역할 추정; 당시 사용자 프롬프트 미보존. 입력 초기값 출처 및 사건 분류는 이 점검에서 입증하지 않음,아니오,,PDFium second extraction; role boundaries from reviewed records,True,False
PDFIUM-PER-12-N-00064,PER-12,runs/raw_logs/Perplexity_RAG/12. Strategic Decision Modeling for Cuban Missile Cris.pdf,12,1,Combination 1,,Public_Opinion,VDM-CLAMP,명시 산술의 내부 일관성,명시 수식×변수,준수,0.93,0.93,Public Opinion: 0.43 + 0.50 = 0.93,"명시 산식 0.43 + 0.50 = 0.93; 상태값은 VDM max(0,min(1,value))로 계산; 초기값/효과 선택의 정당성과 별개.",Python Decimal; 원문 명시값만,실제 입력 첨부 바이트는 미확인; 보존 VDM과 조건부 대조. 턴·분기는 명시 제목 기반 파싱이며 불완전/재명명 가능. 응답 전용 export 역할 추정; 당시 사용자 프롬프트 미보존. 입력 초기값 출처 및 사건 분류는 이 점검에서 입증하지 않음,아니오,,PDFium second extraction; role boundaries from reviewed records,True,False
PDFIUM-PER-12-N-00067,PER-12,runs/raw_logs/Perplexity_RAG/12. Strategic Decision Modeling for Cuban Missile Cris.pdf,13,1,Combination 1,Soviet Union,Tension,VDM-CLAMP,명시 산술의 내부 일관성,명시 수식×변수,준수,1,1,Tension: 1.00 + 0.45 + 0.15 = 1.60 → 1.00,"명시 산식 1.00 + 0.45 + 0.15 = 1.6; 상태값은 VDM max(0,min(1,value))로 계산; 초기값/효과 선택의 정당성과 별개.",Python Decimal; 원문 명시값만,실제 입력 첨부 바이트는 미확인; 보존 VDM과 조건부 대조. 턴·분기는 명시 제목 기반 파싱이며 불완전/재명명 가능. 응답 전용 export 역할 추정; 당시 사용자 프롬프트 미보존. 입력 초기값 출처 및 사건 분류는 이 점검에서 입증하지 않음,아니오,,PDFium second extraction; role boundaries from reviewed records,True,False
PDFIUM-PER-12-N-00068,PER-12,runs/raw_logs/Perplexity_RAG/12. Strategic Decision Modeling for Cuban Missile Cris.pdf,13,1,Combination 1,Soviet Union,Leadership_Unity,VDM-CLAMP,명시 산술의 내부 일관성,명시 수식×변수,준수,1,1,Leadership Unity: 0.65 + 0.65 - 0.10 = 1.20 → 1.00,"명시 산식 0.65 + 0.65 - 0.10 = 1.2; 상태값은 VDM max(0,min(1,value))로 계산; 초기값/효과 선택의 정당성과 별개.",Python Decimal; 원문 명시값만,실제 입력 첨부 바이트는 미확인; 보존 VDM과 조건부 대조. 턴·분기는 명시 제목 기반 파싱이며 불완전/재명명 가능. 응답 전용 export 역할 추정; 당시 사용자 프롬프트 미보존. 입력 초기값 출처 및 사건 분류는 이 점검에서 입증하지 않음,아니오,,PDFium second extraction; role boundaries from reviewed records,True,False
PDFIUM-PER-12-N-00071,PER-12,runs/raw_logs/Perplexity_RAG/12. Strategic Decision Modeling for Cuban Missile Cris.pdf,14,1,Combination 2,United States,Tension,VDM-CLAMP,명시 산술의 내부 일관성,명시 수식×변수,준수,1,1,Tension: 1.00 + 0.45 + 0.15 = 1.60 → 1.00,"명시 산식 1.00 + 0.45 + 0.15 = 1.6; 상태값은 VDM max(0,min(1,value))로 계산; 초기값/효과 선택의 정당성과 별개.",Python Decimal; 원문 명시값만,실제 입력 첨부 바이트는 미확인; 보존 VDM과 조건부 대조. 턴·분기는 명시 제목 기반 파싱이며 불완전/재명명 가능. 응답 전용 export 역할 추정; 당시 사용자 프롬프트 미보존. 입력 초기값 출처 및 사건 분류는 이 점검에서 입증하지 않음,아니오,,PDFium second extraction; role boundaries from reviewed records,True,False
PDFIUM-PER-12-N-00072,PER-12,runs/raw_logs/Perplexity_RAG/12. Strategic Decision Modeling for Cuban Missile Cris.pdf,14,1,Combination 2,United States,Leadership_Unity,VDM-CLAMP,명시 산술의 내부 일관성,명시 수식×변수,준수,1,1,Leadership Unity: 0.90 + 0.65 - 0.10 = 1.45 → 1.00,"명시 산식 0.90 + 0.65 - 0.10 = 1.45; 상태값은 VDM max(0,min(1,value))로 계산; 초기값/효과 선택의 정당성과 별개.",Python Decimal; 원문 명시값만,실제 입력 첨부 바이트는 미확인; 보존 VDM과 조건부 대조. 턴·분기는 명시 제목 기반 파싱이며 불완전/재명명 가능. 응답 전용 export 역할 추정; 당시 사용자 프롬프트 미보존. 입력 초기값 출처 및 사건 분류는 이 점검에서 입증하지 않음,아니오,,PDFium second extraction; role boundaries from reviewed records,True,False
PDFIUM-PER-12-N-00081,PER-12,runs/raw_logs/Perplexity_RAG/12. Strategic Decision Modeling for Cuban Missile Cris.pdf,15,1,Combination 2,United States,Tension,VDM-CLAMP,명시 산술의 내부 일관성,명시 수식×변수,준수,1,1,Tension: 1.00 + 0.45 = 1.45 → 1.00,"명시 산식 1.00 + 0.45 = 1.45; 상태값은 VDM max(0,min(1,value))로 계산; 초기값/효과 선택의 정당성과 별개.",Python Decimal; 원문 명시값만,실제 입력 첨부 바이트는 미확인; 보존 VDM과 조건부 대조. 턴·분기는 명시 제목 기반 파싱이며 불완전/재명명 가능. 응답 전용 export 역할 추정; 당시 사용자 프롬프트 미보존. 입력 초기값 출처 및 사건 분류는 이 점검에서 입증하지 않음,아니오,,PDFium second extraction; role boundaries from reviewed records,True,False
PDFIUM-PER-12-N-00084,PER-12,runs/raw_logs/Perplexity_RAG/12. Strategic Decision Modeling for Cuban Missile Cris.pdf,15,1,Combination 2,United States,Public_Opinion,VDM-CLAMP,명시 산술의 내부 일관성,명시 수식×변수,준수,0.93,0.93,Public Opinion: 0.43 + 0.50 = 0.93,"명시 산식 0.43 + 0.50 = 0.93; 상태값은 VDM max(0,min(1,value))로 계산; 초기값/효과 선택의 정당성과 별개.",Python Decimal; 원문 명시값만,실제 입력 첨부 바이트는 미확인; 보존 VDM과 조건부 대조. 턴·분기는 명시 제목 기반 파싱이며 불완전/재명명 가능. 응답 전용 export 역할 추정; 당시 사용자 프롬프트 미보존. 입력 초기값 출처 및 사건 분류는 이 점검에서 입증하지 않음,아니오,,PDFium second extraction; role boundaries from reviewed records,True,False
PDFIUM-PER-12-N-00087,PER-12,runs/raw_logs/Perplexity_RAG/12. Strategic Decision Modeling for Cuban Missile Cris.pdf,15,1,Combination 2,United States,Leadership_Unity,VDM-CLAMP,명시 산술의 내부 일관성,명시 수식×변수,준수,1,1,Leadership Unity: 0.90 + 0.65 = 1.55 → 1.00,"명시 산식 0.90 + 0.65 = 1.55; 상태값은 VDM max(0,min(1,value))로 계산; 초기값/효과 선택의 정당성과 별개.",Python Decimal; 원문 명시값만,실제 입력 첨부 바이트는 미확인; 보존 VDM과 조건부 대조. 턴·분기는 명시 제목 기반 파싱이며 불완전/재명명 가능. 응답 전용 export 역할 추정; 당시 사용자 프롬프트 미보존. 입력 초기값 출처 및 사건 분류는 이 점검에서 입증하지 않음,아니오,,PDFium second extraction; role boundaries from reviewed records,True,False
PDFIUM-PER-12-N-00091,PER-12,runs/raw_logs/Perplexity_RAG/12. Strategic Decision Modeling for Cuban Missile Cris.pdf,17,1,Combination 3,United States,Public_Opinion,VDM-CLAMP,명시 산술의 내부 일관성,명시 수식×변수,준수,1,1,Public Opinion: 0.95 + 0.55 = 1.50 → 1.00,"명시 산식 0.95 + 0.55 = 1.5; 상태값은 VDM max(0,min(1,value))로 계산; 초기값/효과 선택의 정당성과 별개.",Python Decimal; 원문 명시값만,실제 입력 첨부 바이트는 미확인; 보존 VDM과 조건부 대조. 턴·분기는 명시 제목 기반 파싱이며 불완전/재명명 가능. 응답 전용 export 역할 추정; 당시 사용자 프롬프트 미보존. 입력 초기값 출처 및 사건 분류는 이 점검에서 입증하지 않음,아니오,,PDFium second extraction; role boundaries from reviewed records,True,False
PDFIUM-PER-12-N-00094,PER-12,runs/raw_logs/Perplexity_RAG/12. Strategic Decision Modeling for Cuban Missile Cris.pdf,17,1,Combination 3,United States,Diplomatic_Support,VDM-CLAMP,명시 산술의 내부 일관성,명시 수식×변수,준수,0.78,0.78,Diplomatic Support: 0.68 + 0.10 = 0.78,"명시 산식 0.68 + 0.10 = 0.78; 상태값은 VDM max(0,min(1,value))로 계산; 초기값/효과 선택의 정당성과 별개.",Python Decimal; 원문 명시값만,실제 입력 첨부 바이트는 미확인; 보존 VDM과 조건부 대조. 턴·분기는 명시 제목 기반 파싱이며 불완전/재명명 가능. 응답 전용 export 역할 추정; 당시 사용자 프롬프트 미보존. 입력 초기값 출처 및 사건 분류는 이 점검에서 입증하지 않음,아니오,,PDFium second extraction; role boundaries from reviewed records,True,False
PDFIUM-PER-12-N-00109,PER-12,runs/raw_logs/Perplexity_RAG/12. Strategic Decision Modeling for Cuban Missile Cris.pdf,17,1,Combination 3,United States,Public_Opinion,VDM-CLAMP,명시 산술의 내부 일관성,명시 수식×변수,준수,1,1,Public Opinion: 0.95 + 0.55 = 1.50 → 1.00,"명시 산식 0.95 + 0.55 = 1.5; 상태값은 VDM max(0,min(1,value))로 계산; 초기값/효과 선택의 정당성과 별개.",Python Decimal; 원문 명시값만,실제 입력 첨부 바이트는 미확인; 보존 VDM과 조건부 대조. 턴·분기는 명시 제목 기반 파싱이며 불완전/재명명 가능. 응답 전용 export 역할 추정; 당시 사용자 프롬프트 미보존. 입력 초기값 출처 및 사건 분류는 이 점검에서 입증하지 않음,아니오,,PDFium second extraction; role boundaries from reviewed records,True,False
PDFIUM-PER-12-N-00112,PER-12,runs/raw_logs/Perplexity_RAG/12. Strategic Decision Modeling for Cuban Missile Cris.pdf,17,1,Combination 3,United States,Tension,VDM-CLAMP,명시 산술의 내부 일관성,명시 수식×변수,준수,0.65,0.65,Tension: 0.50 + 0.15 = 0.65,"명시 산식 0.50 + 0.15 = 0.65; 상태값은 VDM max(0,min(1,value))로 계산; 초기값/효과 선택의 정당성과 별개.",Python Decimal; 원문 명시값만,실제 입력 첨부 바이트는 미확인; 보존 VDM과 조건부 대조. 턴·분기는 명시 제목 기반 파싱이며 불완전/재명명 가능. 응답 전용 export 역할 추정; 당시 사용자 프롬프트 미보존. 입력 초기값 출처 및 사건 분류는 이 점검에서 입증하지 않음,아니오,,PDFium second extraction; role boundaries from reviewed records,True,False
PDFIUM-PER-12-N-00115,PER-12,runs/raw_logs/Perplexity_RAG/12. Strategic Decision Modeling for Cuban Missile Cris.pdf,17,1,Combination 3,United States,Leadership_Unity,VDM-CLAMP,명시 산술의 내부 일관성,명시 수식×변수,준수,0.25,0.25,Leadership Unity: 0.35 - 0.10 = 0.25,"명시 산식 0.35 - 0.10 = 0.25; 상태값은 VDM max(0,min(1,value))로 계산; 초기값/효과 선택의 정당성과 별개.",Python Decimal; 원문 명시값만,실제 입력 첨부 바이트는 미확인; 보존 VDM과 조건부 대조. 턴·분기는 명시 제목 기반 파싱이며 불완전/재명명 가능. 응답 전용 export 역할 추정; 당시 사용자 프롬프트 미보존. 입력 초기값 출처 및 사건 분류는 이 점검에서 입증하지 않음,아니오,,PDFium second extraction; role boundaries from reviewed records,True,False
PDFIUM-PER-12-N-00118,PER-12,runs/raw_logs/Perplexity_RAG/12. Strategic Decision Modeling for Cuban Missile Cris.pdf,19,1,Combination 1,,Tension,VDM-CLAMP,명시 산술의 내부 일관성,명시 수식×변수,준수,1,1,Tension: 1.00 + 0.45 + 0.30 = 1.75 → clamped to 1.00,"명시 산식 1.00 + 0.45 + 0.30 = 1.75; 상태값은 VDM max(0,min(1,value))로 계산; 초기값/효과 선택의 정당성과 별개.",Python Decimal; 원문 명시값만,실제 입력 첨부 바이트는 미확인; 보존 VDM과 조건부 대조. 턴·분기는 명시 제목 기반 파싱이며 불완전/재명명 가능. 응답 전용 export 역할 추정; 당시 사용자 프롬프트 미보존. 입력 초기값 출처 및 사건 분류는 이 점검에서 입증하지 않음,아니오,,PDFium second extraction; role boundaries from reviewed records,True,False
PDFIUM-PER-12-N-00119,PER-12,runs/raw_logs/Perplexity_RAG/12. Strategic Decision Modeling for Cuban Missile Cris.pdf,19,1,Combination 1,,Diplomatic_Support,VDM-CLAMP,명시 산술의 내부 일관성,명시 수식×변수,준수,1,1,Diplomatic Support: 0.58 + 0.60 + 0.65 = 1.83 → clamped to 1.00,"명시 산식 0.58 + 0.60 + 0.65 = 1.83; 상태값은 VDM max(0,min(1,value))로 계산; 초기값/효과 선택의 정당성과 별개.",Python Decimal; 원문 명시값만,실제 입력 첨부 바이트는 미확인; 보존 VDM과 조건부 대조. 턴·분기는 명시 제목 기반 파싱이며 불완전/재명명 가능. 응답 전용 export 역할 추정; 당시 사용자 프롬프트 미보존. 입력 초기값 출처 및 사건 분류는 이 점검에서 입증하지 않음,아니오,,PDFium second extraction; role boundaries from reviewed records,True,False
PDFIUM-PER-12-N-00120,PER-12,runs/raw_logs/Perplexity_RAG/12. Strategic Decision Modeling for Cuban Missile Cris.pdf,20,1,Combination 2,Soviet Union,Tension,VDM-CLAMP,명시 산술의 내부 일관성,명시 수식×변수,준수,1,1,Tension: 1.00 + 0.45 + 0.30 = 1.75 → clamped to 1.00,"명시 산식 1.00 + 0.45 + 0.30 = 1.75; 상태값은 VDM max(0,min(1,value))로 계산; 초기값/효과 선택의 정당성과 별개.",Python Decimal; 원문 명시값만,실제 입력 첨부 바이트는 미확인; 보존 VDM과 조건부 대조. 턴·분기는 명시 제목 기반 파싱이며 불완전/재명명 가능. 응답 전용 export 역할 추정; 당시 사용자 프롬프트 미보존. 입력 초기값 출처 및 사건 분류는 이 점검에서 입증하지 않음,아니오,,PDFium second extraction; role boundaries from reviewed records,True,False
PDFIUM-PER-12-N-00121,PER-12,runs/raw_logs/Perplexity_RAG/12. Strategic Decision Modeling for Cuban Missile Cris.pdf,20,1,Combination 2,Soviet Union,Leadership_Unity,VDM-CLAMP,명시 산술의 내부 일관성,명시 수식×변수,준수,1,1,Leadership Unity: 0.90 + 0.65 + 0.80 = 2.35 → clamped to 1.00,"명시 산식 0.90 + 0.65 + 0.80 = 2.35; 상태값은 VDM max(0,min(1,value))로 계산; 초기값/효과 선택의 정당성과 별개.",Python Decimal; 원문 명시값만,실제 입력 첨부 바이트는 미확인; 보존 VDM과 조건부 대조. 턴·분기는 명시 제목 기반 파싱이며 불완전/재명명 가능. 응답 전용 export 역할 추정; 당시 사용자 프롬프트 미보존. 입력 초기값 출처 및 사건 분류는 이 점검에서 입증하지 않음,아니오,,PDFium second extraction; role boundaries from reviewed records,True,False
PDFIUM-PER-12-N-00132,PER-12,runs/raw_logs/Perplexity_RAG/12. Strategic Decision Modeling for Cuban Missile Cris.pdf,22,1,Combination 3,,Public_Opinion,VDM-CLAMP,명시 산술의 내부 일관성,명시 수식×변수,준수,1,1,Public Opinion: 0.95 + 0.55 = 1.50 → clamped to 1.00,"명시 산식 0.95 + 0.55 = 1.5; 상태값은 VDM max(0,min(1,value))로 계산; 초기값/효과 선택의 정당성과 별개.",Python Decimal; 원문 명시값만,실제 입력 첨부 바이트는 미확인; 보존 VDM과 조건부 대조. 턴·분기는 명시 제목 기반 파싱이며 불완전/재명명 가능. 응답 전용 export 역할 추정; 당시 사용자 프롬프트 미보존. 입력 초기값 출처 및 사건 분류는 이 점검에서 입증하지 않음,아니오,,PDFium second extraction; role boundaries from reviewed records,True,False
PDFIUM-PER-12-N-00133,PER-12,runs/raw_logs/Perplexity_RAG/12. Strategic Decision Modeling for Cuban Missile Cris.pdf,22,1,Combination 3,,Diplomatic_Support,VDM-CLAMP,명시 산술의 내부 일관성,명시 수식×변수,준수,0.83,0.83,Diplomatic Support: 0.73 + 0.10 = 0.83,"명시 산식 0.73 + 0.10 = 0.83; 상태값은 VDM max(0,min(1,value))로 계산; 초기값/효과 선택의 정당성과 별개.",Python Decimal; 원문 명시값만,실제 입력 첨부 바이트는 미확인; 보존 VDM과 조건부 대조. 턴·분기는 명시 제목 기반 파싱이며 불완전/재명명 가능. 응답 전용 export 역할 추정; 당시 사용자 프롬프트 미보존. 입력 초기값 출처 및 사건 분류는 이 점검에서 입증하지 않음,아니오,,PDFium second extraction; role boundaries from reviewed records,True,False
PDFIUM-PER-13-N-00092,PER-13,runs/raw_logs/Perplexity_RAG/13. Strategic Analysis of Current Event_ Soviet Nuclea.pdf,13,3,Combination 1,,Tension,VDM-CLAMP,명시 산술의 내부 일관성,명시 수식×변수,준수,0.6,0.6,Tension: 0.60 (0.45 + 0.15),"명시 산식 0.45 + 0.15 = 0.6; 상태값은 VDM max(0,min(1,value))로 계산; 초기값/효과 선택의 정당성과 별개.",Python Decimal; 원문 명시값만,실제 입력 첨부 바이트는 미확인; 보존 VDM과 조건부 대조. 턴·분기는 명시 제목 기반 파싱이며 불완전/재명명 가능. 응답 전용 export 역할 추정; 당시 사용자 프롬프트 미보존. 입력 초기값 출처 및 사건 분류는 이 점검에서 입증하지 않음,아니오,,PDFium second extraction; role boundaries from reviewed records,True,False
PDFIUM-PER-13-N-00093,PER-13,runs/raw_logs/Perplexity_RAG/13. Strategic Analysis of Current Event_ Soviet Nuclea.pdf,13,3,Combination 1,,Diplomatic_Support,VDM-CLAMP,명시 산술의 내부 일관성,명시 수식×변수,준수,0.35,0.35,Diplomatic_Support: 0.35 (0.40 - 0.05),"명시 산식 0.40 - 0.05 = 0.35; 상태값은 VDM max(0,min(1,value))로 계산; 초기값/효과 선택의 정당성과 별개.",Python Decimal; 원문 명시값만,실제 입력 첨부 바이트는 미확인; 보존 VDM과 조건부 대조. 턴·분기는 명시 제목 기반 파싱이며 불완전/재명명 가능. 응답 전용 export 역할 추정; 당시 사용자 프롬프트 미보존. 입력 초기값 출처 및 사건 분류는 이 점검에서 입증하지 않음,아니오,,PDFium second extraction; role boundaries from reviewed records,True,False
PDFIUM-PER-13-N-00094,PER-13,runs/raw_logs/Perplexity_RAG/13. Strategic Analysis of Current Event_ Soviet Nuclea.pdf,13,3,Combination 1,,Public_Opinion,VDM-CLAMP,명시 산술의 내부 일관성,명시 수식×변수,준수,0.45,0.45,Public_Opinion: 0.45 (0.50 - 0.05),"명시 산식 0.50 - 0.05 = 0.45; 상태값은 VDM max(0,min(1,value))로 계산; 초기값/효과 선택의 정당성과 별개.",Python Decimal; 원문 명시값만,실제 입력 첨부 바이트는 미확인; 보존 VDM과 조건부 대조. 턴·분기는 명시 제목 기반 파싱이며 불완전/재명명 가능. 응답 전용 export 역할 추정; 당시 사용자 프롬프트 미보존. 입력 초기값 출처 및 사건 분류는 이 점검에서 입증하지 않음,아니오,,PDFium second extraction; role boundaries from reviewed records,True,False
PDFIUM-PER-13-N-00095,PER-13,runs/raw_logs/Perplexity_RAG/13. Strategic Analysis of Current Event_ Soviet Nuclea.pdf,13,3,Combination 1,,Leadership_Unity,VDM-CLAMP,명시 산술의 내부 일관성,명시 수식×변수,준수,0.6,0.6,Leadership_Unity: 0.60 (0.70 - 0.10),"명시 산식 0.70 - 0.10 = 0.6; 상태값은 VDM max(0,min(1,value))로 계산; 초기값/효과 선택의 정당성과 별개.",Python Decimal; 원문 명시값만,실제 입력 첨부 바이트는 미확인; 보존 VDM과 조건부 대조. 턴·분기는 명시 제목 기반 파싱이며 불완전/재명명 가능. 응답 전용 export 역할 추정; 당시 사용자 프롬프트 미보존. 입력 초기값 출처 및 사건 분류는 이 점검에서 입증하지 않음,아니오,,PDFium second extraction; role boundaries from reviewed records,True,False
PDFIUM-PER-13-N-00096,PER-13,runs/raw_logs/Perplexity_RAG/13. Strategic Analysis of Current Event_ Soviet Nuclea.pdf,14,3,Combination 2,,Tension,VDM-CLAMP,명시 산술의 내부 일관성,명시 수식×변수,준수,0.6,0.6,Tension: 0.60 (0.45 + 0.15),"명시 산식 0.45 + 0.15 = 0.6; 상태값은 VDM max(0,min(1,value))로 계산; 초기값/효과 선택의 정당성과 별개.",Python Decimal; 원문 명시값만,실제 입력 첨부 바이트는 미확인; 보존 VDM과 조건부 대조. 턴·분기는 명시 제목 기반 파싱이며 불완전/재명명 가능. 응답 전용 export 역할 추정; 당시 사용자 프롬프트 미보존. 입력 초기값 출처 및 사건 분류는 이 점검에서 입증하지 않음,아니오,,PDFium second extraction; role boundaries from reviewed records,True,False
PDFIUM-PER-13-N-00097,PER-13,runs/raw_logs/Perplexity_RAG/13. Strategic Analysis of Current Event_ Soviet Nuclea.pdf,14,3,Combination 2,,Diplomatic_Support,VDM-CLAMP,명시 산술의 내부 일관성,명시 수식×변수,준수,0.4,0.4,Diplomatic_Support: 0.40 (0.45 - 0.05),"명시 산식 0.45 - 0.05 = 0.4; 상태값은 VDM max(0,min(1,value))로 계산; 초기값/효과 선택의 정당성과 별개.",Python Decimal; 원문 명시값만,실제 입력 첨부 바이트는 미확인; 보존 VDM과 조건부 대조. 턴·분기는 명시 제목 기반 파싱이며 불완전/재명명 가능. 응답 전용 export 역할 추정; 당시 사용자 프롬프트 미보존. 입력 초기값 출처 및 사건 분류는 이 점검에서 입증하지 않음,아니오,,PDFium second extraction; role boundaries from reviewed records,True,False
PDFIUM-PER-13-N-00098,PER-13,runs/raw_logs/Perplexity_RAG/13. Strategic Analysis of Current Event_ Soviet Nuclea.pdf,15,3,Combination 2,,Public_Opinion,VDM-CLAMP,명시 산술의 내부 일관성,명시 수식×변수,준수,0.4,0.4,Public_Opinion: 0.40 (0.45 - 0.05),"명시 산식 0.45 - 0.05 = 0.4; 상태값은 VDM max(0,min(1,value))로 계산; 초기값/효과 선택의 정당성과 별개.",Python Decimal; 원문 명시값만,실제 입력 첨부 바이트는 미확인; 보존 VDM과 조건부 대조. 턴·분기는 명시 제목 기반 파싱이며 불완전/재명명 가능. 응답 전용 export 역할 추정; 당시 사용자 프롬프트 미보존. 입력 초기값 출처 및 사건 분류는 이 점검에서 입증하지 않음,아니오,,PDFium second extraction; role boundaries from reviewed records,True,False
PDFIUM-PER-13-N-00099,PER-13,runs/raw_logs/Perplexity_RAG/13. Strategic Analysis of Current Event_ Soviet Nuclea.pdf,15,3,Combination 2,,Leadership_Unity,VDM-CLAMP,명시 산술의 내부 일관성,명시 수식×변수,준수,0.6,0.6,Leadership_Unity: 0.60 (0.70 - 0.10),"명시 산식 0.70 - 0.10 = 0.6; 상태값은 VDM max(0,min(1,value))로 계산; 초기값/효과 선택의 정당성과 별개.",Python Decimal; 원문 명시값만,실제 입력 첨부 바이트는 미확인; 보존 VDM과 조건부 대조. 턴·분기는 명시 제목 기반 파싱이며 불완전/재명명 가능. 응답 전용 export 역할 추정; 당시 사용자 프롬프트 미보존. 입력 초기값 출처 및 사건 분류는 이 점검에서 입증하지 않음,아니오,,PDFium second extraction; role boundaries from reviewed records,True,False
PDFIUM-PER-13-N-00100,PER-13,runs/raw_logs/Perplexity_RAG/13. Strategic Analysis of Current Event_ Soviet Nuclea.pdf,16,3,Combination 3,,Tension,VDM-CLAMP,명시 산술의 내부 일관성,명시 수식×변수,준수,0.55,0.55,Tension: 0.55 (0.40 + 0.15),"명시 산식 0.40 + 0.15 = 0.55; 상태값은 VDM max(0,min(1,value))로 계산; 초기값/효과 선택의 정당성과 별개.",Python Decimal; 원문 명시값만,실제 입력 첨부 바이트는 미확인; 보존 VDM과 조건부 대조. 턴·분기는 명시 제목 기반 파싱이며 불완전/재명명 가능. 응답 전용 export 역할 추정; 당시 사용자 프롬프트 미보존. 입력 초기값 출처 및 사건 분류는 이 점검에서 입증하지 않음,아니오,,PDFium second extraction; role boundaries from reviewed records,True,False
PDFIUM-PER-13-N-00101,PER-13,runs/raw_logs/Perplexity_RAG/13. Strategic Analysis of Current Event_ Soviet Nuclea.pdf,16,3,Combination 3,,Diplomatic_Support,VDM-CLAMP,명시 산술의 내부 일관성,명시 수식×변수,준수,0.4,0.4,Diplomatic_Support: 0.40 (0.45 - 0.05),"명시 산식 0.45 - 0.05 = 0.4; 상태값은 VDM max(0,min(1,value))로 계산; 초기값/효과 선택의 정당성과 별개.",Python Decimal; 원문 명시값만,실제 입력 첨부 바이트는 미확인; 보존 VDM과 조건부 대조. 턴·분기는 명시 제목 기반 파싱이며 불완전/재명명 가능. 응답 전용 export 역할 추정; 당시 사용자 프롬프트 미보존. 입력 초기값 출처 및 사건 분류는 이 점검에서 입증하지 않음,아니오,,PDFium second extraction; role boundaries from reviewed records,True,False
PDFIUM-PER-13-N-00102,PER-13,runs/raw_logs/Perplexity_RAG/13. Strategic Analysis of Current Event_ Soviet Nuclea.pdf,16,3,Combination 3,,Public_Opinion,VDM-CLAMP,명시 산술의 내부 일관성,명시 수식×변수,준수,0.35,0.35,Public_Opinion: 0.35 (0.40 - 0.05),"명시 산식 0.40 - 0.05 = 0.35; 상태값은 VDM max(0,min(1,value))로 계산; 초기값/효과 선택의 정당성과 별개.",Python Decimal; 원문 명시값만,실제 입력 첨부 바이트는 미확인; 보존 VDM과 조건부 대조. 턴·분기는 명시 제목 기반 파싱이며 불완전/재명명 가능. 응답 전용 export 역할 추정; 당시 사용자 프롬프트 미보존. 입력 초기값 출처 및 사건 분류는 이 점검에서 입증하지 않음,아니오,,PDFium second extraction; role boundaries from reviewed records,True,False
PDFIUM-PER-13-N-00103,PER-13,runs/raw_logs/Perplexity_RAG/13. Strategic Analysis of Current Event_ Soviet Nuclea.pdf,16,3,Combination 3,,Leadership_Unity,VDM-CLAMP,명시 산술의 내부 일관성,명시 수식×변수,준수,0.6,0.6,Leadership_Unity: 0.60 (0.70 - 0.10),"명시 산식 0.70 - 0.10 = 0.6; 상태값은 VDM max(0,min(1,value))로 계산; 초기값/효과 선택의 정당성과 별개.",Python Decimal; 원문 명시값만,실제 입력 첨부 바이트는 미확인; 보존 VDM과 조건부 대조. 턴·분기는 명시 제목 기반 파싱이며 불완전/재명명 가능. 응답 전용 export 역할 추정; 당시 사용자 프롬프트 미보존. 입력 초기값 출처 및 사건 분류는 이 점검에서 입증하지 않음,아니오,,PDFium second extraction; role boundaries from reviewed records,True,False
PDFIUM-PER-14-N-00009,PER-14,runs/raw_logs/Perplexity_RAG/14. Strategic Decision Modeling_ Cuban Missile Crisis.pdf,4,1,Combination 2,,Tension,VDM-CLAMP,명시 산술의 내부 일관성,명시 수식×변수,위반,1.05,0.45,Tension: +1.05 (0.3+0.15 U.S. + 0.45+0.15 USSR),명시 산식 0.3+0.15 = 0.45; 변화량 합계로 계산; 초기값/효과 선택의 정당성과 별개.,Python Decimal; 원문 명시값만,실제 입력 첨부 바이트는 미확인; 보존 VDM과 조건부 대조. 턴·분기는 명시 제목 기반 파싱이며 불완전/재명명 가능. 응답 전용 export 역할 추정; 당시 사용자 프롬프트 미보존. 입력 초기값 출처 및 사건 분류는 이 점검에서 입증하지 않음,아니오,,PDFium second extraction; role boundaries from reviewed records,True,False
PDFIUM-PER-14-N-00010,PER-14,runs/raw_logs/Perplexity_RAG/14. Strategic Decision Modeling_ Cuban Missile Crisis.pdf,4,1,Combination 2,,Leadership_Unity,VDM-CLAMP,명시 산술의 내부 일관성,명시 수식×변수,위반,1.25,0.7,Leadership Unity: +1.25 (0.8-0.10 U.S. + 0.65-0.10 USSR),명시 산식 0.8-0.10 = 0.7; 변화량 합계로 계산; 초기값/효과 선택의 정당성과 별개.,Python Decimal; 원문 명시값만,실제 입력 첨부 바이트는 미확인; 보존 VDM과 조건부 대조. 턴·분기는 명시 제목 기반 파싱이며 불완전/재명명 가능. 응답 전용 export 역할 추정; 당시 사용자 프롬프트 미보존. 입력 초기값 출처 및 사건 분류는 이 점검에서 입증하지 않음,아니오,,PDFium second extraction; role boundaries from reviewed records,True,False
PDFIUM-PER-16-N-00001,PER-16,runs/raw_logs/Perplexity_RAG/16. You are a tool for modeling strategic decisions. A.pdf,4,1,", and",U.S.,Tension,VDM-CLAMP,명시 산술의 내부 일관성,명시 수식×변수,준수,0.2,0.2,Tension: +0.15 (Strike) + +0.05 (Deploy) = +0.20 → Tension ~0.80 → Diplomatic,명시 산식 +0.15 + +0.05 = 0.2; 변화량 합계로 계산; 초기값/효과 선택의 정당성과 별개.,Python Decimal; 원문 명시값만,실제 입력 첨부 바이트는 미확인; 보존 VDM과 조건부 대조. 턴·분기는 명시 제목 기반 파싱이며 불완전/재명명 가능. 응답 전용 export 역할 추정; 당시 사용자 프롬프트 미보존. 입력 초기값 출처 및 사건 분류는 이 점검에서 입증하지 않음,아니오,,PDFium second extraction; role boundaries from reviewed records,True,False
PDFIUM-PER-16-N-00002,PER-16,runs/raw_logs/Perplexity_RAG/16. You are a tool for modeling strategic decisions. A.pdf,5,1,", and",U.S.,Tension,VDM-CLAMP,명시 산술의 내부 일관성,명시 수식×변수,판정 불가,0.65 +0.05 0.70 <0.8 (No),,Tension 0.65 +0.05 0.70 <0.8 (No),보고 결과와 완전한 수식 경계가 없음,Python Decimal; 원문 명시값만,실제 입력 첨부 바이트는 미확인; 보존 VDM과 조건부 대조. 턴·분기는 명시 제목 기반 파싱이며 불완전/재명명 가능. 응답 전용 export 역할 추정; 당시 사용자 프롬프트 미보존. ,예,,PDFium second extraction; role boundaries from reviewed records,True,False
PDFIUM-PER-16-N-00004,PER-16,runs/raw_logs/Perplexity_RAG/16. You are a tool for modeling strategic decisions. A.pdf,5,1,", and",U.S.,Diplomatic_Support,VDM-CLAMP,명시 산술의 내부 일관성,명시 수식×변수,판정 불가,0.57 -0.02 0.55 >0.5 (Yes),,Diplomatic Support 0.57 -0.02 0.55 >0.5 (Yes),보고 결과와 완전한 수식 경계가 없음,Python Decimal; 원문 명시값만,실제 입력 첨부 바이트는 미확인; 보존 VDM과 조건부 대조. 턴·분기는 명시 제목 기반 파싱이며 불완전/재명명 가능. 응답 전용 export 역할 추정; 당시 사용자 프롬프트 미보존. ,예,,PDFium second extraction; role boundaries from reviewed records,True,False
PDFIUM-PER-16-N-00006,PER-16,runs/raw_logs/Perplexity_RAG/16. You are a tool for modeling strategic decisions. A.pdf,5,1,", and",U.S.,Public_Opinion,VDM-CLAMP,명시 산술의 내부 일관성,명시 수식×변수,판정 불가,0.60 -0.02 0.58 >0.4 (Yes),,Public Opinion 0.60 -0.02 0.58 >0.4 (Yes),보고 결과와 완전한 수식 경계가 없음,Python Decimal; 원문 명시값만,실제 입력 첨부 바이트는 미확인; 보존 VDM과 조건부 대조. 턴·분기는 명시 제목 기반 파싱이며 불완전/재명명 가능. 응답 전용 export 역할 추정; 당시 사용자 프롬프트 미보존. ,예,,PDFium second extraction; role boundaries from reviewed records,True,False
PDFIUM-PER-16-N-00008,PER-16,runs/raw_logs/Perplexity_RAG/16. You are a tool for modeling strategic decisions. A.pdf,5,1,", and",U.S.,Leadership_Unity,VDM-CLAMP,명시 산술의 내부 일관성,명시 수식×변수,판정 불가,0.75 -0.05 0.70 >0.5 (Yes),,Leadership Unity 0.75 -0.05 0.70 >0.5 (Yes),보고 결과와 완전한 수식 경계가 없음,Python Decimal; 원문 명시값만,실제 입력 첨부 바이트는 미확인; 보존 VDM과 조건부 대조. 턴·분기는 명시 제목 기반 파싱이며 불완전/재명명 가능. 응답 전용 export 역할 추정; 당시 사용자 프롬프트 미보존. ,예,,PDFium second extraction; role boundaries from reviewed records,True,False
PDFIUM-PER-16-N-00010,PER-16,runs/raw_logs/Perplexity_RAG/16. You are a tool for modeling strategic decisions. A.pdf,7,1,Combination 1,,Tension,VDM-CLAMP,명시 산술의 내부 일관성,명시 수식×변수,판정 불가,0.80 +0.05 0.85 ≥0.8 (Yes),,Tension 0.80 +0.05 0.85 ≥0.8 (Yes),보고 결과와 완전한 수식 경계가 없음,Python Decimal; 원문 명시값만,실제 입력 첨부 바이트는 미확인; 보존 VDM과 조건부 대조. 턴·분기는 명시 제목 기반 파싱이며 불완전/재명명 가능. 응답 전용 export 역할 추정; 당시 사용자 프롬프트 미보존. ,예,,PDFium second extraction; role boundaries from reviewed records,True,False
PDFIUM-PER-16-N-00012,PER-16,runs/raw_logs/Perplexity_RAG/16. You are a tool for modeling strategic decisions. A.pdf,7,1,Combination 1,,Diplomatic_Support,VDM-CLAMP,명시 산술의 내부 일관성,명시 수식×변수,판정 불가,0.47 -0.02 0.45 ≤0.5 (Yes),,Diplomatic Support 0.47 -0.02 0.45 ≤0.5 (Yes),보고 결과와 완전한 수식 경계가 없음,Python Decimal; 원문 명시값만,실제 입력 첨부 바이트는 미확인; 보존 VDM과 조건부 대조. 턴·분기는 명시 제목 기반 파싱이며 불완전/재명명 가능. 응답 전용 export 역할 추정; 당시 사용자 프롬프트 미보존. ,예,,PDFium second extraction; role boundaries from reviewed records,True,False
PDFIUM-PER-16-N-00014,PER-16,runs/raw_logs/Perplexity_RAG/16. You are a tool for modeling strategic decisions. A.pdf,7,1,Combination 1,,Public_Opinion,VDM-CLAMP,명시 산술의 내부 일관성,명시 수식×변수,판정 불가,0.50 -0.02 0.48 >0.4 (Yes),,Public Opinion 0.50 -0.02 0.48 >0.4 (Yes),보고 결과와 완전한 수식 경계가 없음,Python Decimal; 원문 명시값만,실제 입력 첨부 바이트는 미확인; 보존 VDM과 조건부 대조. 턴·분기는 명시 제목 기반 파싱이며 불완전/재명명 가능. 응답 전용 export 역할 추정; 당시 사용자 프롬프트 미보존. ,예,,PDFium second extraction; role boundaries from reviewed records,True,False
PDFIUM-PER-16-N-00016,PER-16,runs/raw_logs/Perplexity_RAG/16. You are a tool for modeling strategic decisions. A.pdf,7,1,Combination 1,,Leadership_Unity,VDM-CLAMP,명시 산술의 내부 일관성,명시 수식×변수,판정 불가,0.50 -0.05 0.45 ≤0.5 (Yes),,Leadership Unity 0.50 -0.05 0.45 ≤0.5 (Yes),보고 결과와 완전한 수식 경계가 없음,Python Decimal; 원문 명시값만,실제 입력 첨부 바이트는 미확인; 보존 VDM과 조건부 대조. 턴·분기는 명시 제목 기반 파싱이며 불완전/재명명 가능. 응답 전용 export 역할 추정; 당시 사용자 프롬프트 미보존. ,예,,PDFium second extraction; role boundaries from reviewed records,True,False
PDFIUM-PER-16-N-00018,PER-16,runs/raw_logs/Perplexity_RAG/16. You are a tool for modeling strategic decisions. A.pdf,8,1,Combination 2,,Tension,VDM-CLAMP,명시 산술의 내부 일관성,명시 수식×변수,판정 불가,0.55 +0.05 0.60 <0.8 (No),,Tension 0.55 +0.05 0.60 <0.8 (No),보고 결과와 완전한 수식 경계가 없음,Python Decimal; 원문 명시값만,실제 입력 첨부 바이트는 미확인; 보존 VDM과 조건부 대조. 턴·분기는 명시 제목 기반 파싱이며 불완전/재명명 가능. 응답 전용 export 역할 추정; 당시 사용자 프롬프트 미보존. ,예,,PDFium second extraction; role boundaries from reviewed records,True,False
PDFIUM-PER-16-N-00020,PER-16,runs/raw_logs/Perplexity_RAG/16. You are a tool for modeling strategic decisions. A.pdf,8,1,Combination 2,,Diplomatic_Support,VDM-CLAMP,명시 산술의 내부 일관성,명시 수식×변수,판정 불가,0.60 -0.02 0.58 >0.5 (Yes),,Diplomatic Support 0.60 -0.02 0.58 >0.5 (Yes),보고 결과와 완전한 수식 경계가 없음,Python Decimal; 원문 명시값만,실제 입력 첨부 바이트는 미확인; 보존 VDM과 조건부 대조. 턴·분기는 명시 제목 기반 파싱이며 불완전/재명명 가능. 응답 전용 export 역할 추정; 당시 사용자 프롬프트 미보존. ,예,,PDFium second extraction; role boundaries from reviewed records,True,False
PDFIUM-PER-16-N-00022,PER-16,runs/raw_logs/Perplexity_RAG/16. You are a tool for modeling strategic decisions. A.pdf,8,1,Combination 2,,Public_Opinion,VDM-CLAMP,명시 산술의 내부 일관성,명시 수식×변수,판정 불가,0.55 -0.02 0.53 >0.4 (Yes),,Public Opinion 0.55 -0.02 0.53 >0.4 (Yes),보고 결과와 완전한 수식 경계가 없음,Python Decimal; 원문 명시값만,실제 입력 첨부 바이트는 미확인; 보존 VDM과 조건부 대조. 턴·분기는 명시 제목 기반 파싱이며 불완전/재명명 가능. 응답 전용 export 역할 추정; 당시 사용자 프롬프트 미보존. ,예,,PDFium second extraction; role boundaries from reviewed records,True,False
PDFIUM-PER-16-N-00024,PER-16,runs/raw_logs/Perplexity_RAG/16. You are a tool for modeling strategic decisions. A.pdf,8,1,Combination 2,,Leadership_Unity,VDM-CLAMP,명시 산술의 내부 일관성,명시 수식×변수,판정 불가,0.55 -0.05 0.50 ≤0.5 (Yes),,Leadership Unity 0.55 -0.05 0.50 ≤0.5 (Yes),보고 결과와 완전한 수식 경계가 없음,Python Decimal; 원문 명시값만,실제 입력 첨부 바이트는 미확인; 보존 VDM과 조건부 대조. 턴·분기는 명시 제목 기반 파싱이며 불완전/재명명 가능. 응답 전용 export 역할 추정; 당시 사용자 프롬프트 미보존. ,예,,PDFium second extraction; role boundaries from reviewed records,True,False
PDFIUM-PER-16-N-00026,PER-16,runs/raw_logs/Perplexity_RAG/16. You are a tool for modeling strategic decisions. A.pdf,10,1,Stablest Path: Scenario 3 (Diplomatic Support 0.58) → Inspections likely.,,Tension,VDM-CLAMP,명시 산술의 내부 일관성,명시 수식×변수,판정 불가,0.70 +0.15 (Strike) 0.85 ≥0.8 (Yes),,Tension 0.70 +0.15 (Strike) 0.85 ≥0.8 (Yes),보고 결과와 완전한 수식 경계가 없음,Python Decimal; 원문 명시값만,실제 입력 첨부 바이트는 미확인; 보존 VDM과 조건부 대조. 턴·분기는 명시 제목 기반 파싱이며 불완전/재명명 가능. 응답 전용 export 역할 추정; 당시 사용자 프롬프트 미보존. ,예,,PDFium second extraction; role boundaries from reviewed records,True,False
PDFIUM-PER-16-N-00028,PER-16,runs/raw_logs/Perplexity_RAG/16. You are a tool for modeling strategic decisions. A.pdf,10,1,Stablest Path: Scenario 3 (Diplomatic Support 0.58) → Inspections likely.,,Diplomatic_Support,VDM-CLAMP,명시 산술의 내부 일관성,명시 수식×변수,판정 불가,0.55 -0.05 (Strike) 0.50 ≤0.5 (Yes),,Diplomatic Support 0.55 -0.05 (Strike) 0.50 ≤0.5 (Yes),보고 결과와 완전한 수식 경계가 없음,Python Decimal; 원문 명시값만,실제 입력 첨부 바이트는 미확인; 보존 VDM과 조건부 대조. 턴·분기는 명시 제목 기반 파싱이며 불완전/재명명 가능. 응답 전용 export 역할 추정; 당시 사용자 프롬프트 미보존. ,예,,PDFium second extraction; role boundaries from reviewed records,True,False
PDFIUM-PER-16-N-00030,PER-16,runs/raw_logs/Perplexity_RAG/16. You are a tool for modeling strategic decisions. A.pdf,10,1,Stablest Path: Scenario 3 (Diplomatic Support 0.58) → Inspections likely.,,Public_Opinion,VDM-CLAMP,명시 산술의 내부 일관성,명시 수식×변수,판정 불가,0.58 -0.05 (Strike) 0.53 >0.4 (Yes),,Public Opinion 0.58 -0.05 (Strike) 0.53 >0.4 (Yes),보고 결과와 완전한 수식 경계가 없음,Python Decimal; 원문 명시값만,실제 입력 첨부 바이트는 미확인; 보존 VDM과 조건부 대조. 턴·분기는 명시 제목 기반 파싱이며 불완전/재명명 가능. 응답 전용 export 역할 추정; 당시 사용자 프롬프트 미보존. ,예,,PDFium second extraction; role boundaries from reviewed records,True,False
PDFIUM-PER-16-N-00032,PER-16,runs/raw_logs/Perplexity_RAG/16. You are a tool for modeling strategic decisions. A.pdf,10,1,Stablest Path: Scenario 3 (Diplomatic Support 0.58) → Inspections likely.,,Leadership_Unity,VDM-CLAMP,명시 산술의 내부 일관성,명시 수식×변수,판정 불가,0.70 -0.10 (Strike) 0.60 >0.5 (Yes),,Leadership Unity 0.70 -0.10 (Strike) 0.60 >0.5 (Yes),보고 결과와 완전한 수식 경계가 없음,Python Decimal; 원문 명시값만,실제 입력 첨부 바이트는 미확인; 보존 VDM과 조건부 대조. 턴·분기는 명시 제목 기반 파싱이며 불완전/재명명 가능. 응답 전용 export 역할 추정; 당시 사용자 프롬프트 미보존. ,예,,PDFium second extraction; role boundaries from reviewed records,True,False
PDFIUM-PER-16-N-00034,PER-16,runs/raw_logs/Perplexity_RAG/16. You are a tool for modeling strategic decisions. A.pdf,11,1,Combination 1,,Tension,VDM-CLAMP,명시 산술의 내부 일관성,명시 수식×변수,판정 불가,0.85 +0.15 (Strike) 1.00 ≥0.8 (Yes),,Tension 0.85 +0.15 (Strike) 1.00 ≥0.8 (Yes),보고 결과와 완전한 수식 경계가 없음,Python Decimal; 원문 명시값만,실제 입력 첨부 바이트는 미확인; 보존 VDM과 조건부 대조. 턴·분기는 명시 제목 기반 파싱이며 불완전/재명명 가능. 응답 전용 export 역할 추정; 당시 사용자 프롬프트 미보존. ,예,,PDFium second extraction; role boundaries from reviewed records,True,False
PDFIUM-PER-16-N-00036,PER-16,runs/raw_logs/Perplexity_RAG/16. You are a tool for modeling strategic decisions. A.pdf,11,1,Combination 1,,Diplomatic_Support,VDM-CLAMP,명시 산술의 내부 일관성,명시 수식×변수,판정 불가,0.45 -0.05 (Strike) 0.40 ≤0.5 (Yes),,Diplomatic Support 0.45 -0.05 (Strike) 0.40 ≤0.5 (Yes),보고 결과와 완전한 수식 경계가 없음,Python Decimal; 원문 명시값만,실제 입력 첨부 바이트는 미확인; 보존 VDM과 조건부 대조. 턴·분기는 명시 제목 기반 파싱이며 불완전/재명명 가능. 응답 전용 export 역할 추정; 당시 사용자 프롬프트 미보존. ,예,,PDFium second extraction; role boundaries from reviewed records,True,False
PDFIUM-PER-16-N-00038,PER-16,runs/raw_logs/Perplexity_RAG/16. You are a tool for modeling strategic decisions. A.pdf,11,1,Combination 1,,Public_Opinion,VDM-CLAMP,명시 산술의 내부 일관성,명시 수식×변수,판정 불가,0.48 -0.05 (Strike) 0.43 >0.4 (Yes),,Public Opinion 0.48 -0.05 (Strike) 0.43 >0.4 (Yes),보고 결과와 완전한 수식 경계가 없음,Python Decimal; 원문 명시값만,실제 입력 첨부 바이트는 미확인; 보존 VDM과 조건부 대조. 턴·분기는 명시 제목 기반 파싱이며 불완전/재명명 가능. 응답 전용 export 역할 추정; 당시 사용자 프롬프트 미보존. ,예,,PDFium second extraction; role boundaries from reviewed records,True,False
PDFIUM-PER-16-N-00040,PER-16,runs/raw_logs/Perplexity_RAG/16. You are a tool for modeling strategic decisions. A.pdf,11,1,Combination 1,,Leadership_Unity,VDM-CLAMP,명시 산술의 내부 일관성,명시 수식×변수,판정 불가,0.45 -0.10 (Strike) 0.35 ≤0.5 (Yes),,Leadership Unity 0.45 -0.10 (Strike) 0.35 ≤0.5 (Yes),보고 결과와 완전한 수식 경계가 없음,Python Decimal; 원문 명시값만,실제 입력 첨부 바이트는 미확인; 보존 VDM과 조건부 대조. 턴·분기는 명시 제목 기반 파싱이며 불완전/재명명 가능. 응답 전용 export 역할 추정; 당시 사용자 프롬프트 미보존. ,예,,PDFium second extraction; role boundaries from reviewed records,True,False
PDFIUM-PER-16-N-00042,PER-16,runs/raw_logs/Perplexity_RAG/16. You are a tool for modeling strategic decisions. A.pdf,13,1,Combination 2,,Tension,VDM-CLAMP,명시 산술의 내부 일관성,명시 수식×변수,판정 불가,0.60 +0.15 (Strike) 0.75 <0.8 (No),,Tension 0.60 +0.15 (Strike) 0.75 <0.8 (No),보고 결과와 완전한 수식 경계가 없음,Python Decimal; 원문 명시값만,실제 입력 첨부 바이트는 미확인; 보존 VDM과 조건부 대조. 턴·분기는 명시 제목 기반 파싱이며 불완전/재명명 가능. 응답 전용 export 역할 추정; 당시 사용자 프롬프트 미보존. ,예,,PDFium second extraction; role boundaries from reviewed records,True,False
PDFIUM-PER-16-N-00044,PER-16,runs/raw_logs/Perplexity_RAG/16. You are a tool for modeling strategic decisions. A.pdf,13,1,Combination 2,,Diplomatic_Support,VDM-CLAMP,명시 산술의 내부 일관성,명시 수식×변수,판정 불가,0.58 -0.05 (Strike) 0.53 >0.5 (Yes),,Diplomatic Support 0.58 -0.05 (Strike) 0.53 >0.5 (Yes),보고 결과와 완전한 수식 경계가 없음,Python Decimal; 원문 명시값만,실제 입력 첨부 바이트는 미확인; 보존 VDM과 조건부 대조. 턴·분기는 명시 제목 기반 파싱이며 불완전/재명명 가능. 응답 전용 export 역할 추정; 당시 사용자 프롬프트 미보존. ,예,,PDFium second extraction; role boundaries from reviewed records,True,False
PDFIUM-PER-16-N-00046,PER-16,runs/raw_logs/Perplexity_RAG/16. You are a tool for modeling strategic decisions. A.pdf,13,1,Combination 2,,Public_Opinion,VDM-CLAMP,명시 산술의 내부 일관성,명시 수식×변수,판정 불가,0.53 -0.05 (Strike) 0.48 >0.4 (Yes),,Public Opinion 0.53 -0.05 (Strike) 0.48 >0.4 (Yes),보고 결과와 완전한 수식 경계가 없음,Python Decimal; 원문 명시값만,실제 입력 첨부 바이트는 미확인; 보존 VDM과 조건부 대조. 턴·분기는 명시 제목 기반 파싱이며 불완전/재명명 가능. 응답 전용 export 역할 추정; 당시 사용자 프롬프트 미보존. ,예,,PDFium second extraction; role boundaries from reviewed records,True,False
PDFIUM-PER-16-N-00048,PER-16,runs/raw_logs/Perplexity_RAG/16. You are a tool for modeling strategic decisions. A.pdf,13,1,Combination 2,,Leadership_Unity,VDM-CLAMP,명시 산술의 내부 일관성,명시 수식×변수,판정 불가,0.50 -0.10 (Strike) 0.40 ≤0.5 (Yes),,Leadership Unity 0.50 -0.10 (Strike) 0.40 ≤0.5 (Yes),보고 결과와 완전한 수식 경계가 없음,Python Decimal; 원문 명시값만,실제 입력 첨부 바이트는 미확인; 보존 VDM과 조건부 대조. 턴·분기는 명시 제목 기반 파싱이며 불완전/재명명 가능. 응답 전용 export 역할 추정; 당시 사용자 프롬프트 미보존. ,예,,PDFium second extraction; role boundaries from reviewed records,True,False
PDFIUM-PER-16-N-00050,PER-16,runs/raw_logs/Perplexity_RAG/16. You are a tool for modeling strategic decisions. A.pdf,14,1,Combination 3,,Tension,VDM-CLAMP,명시 산술의 내부 일관성,명시 수식×변수,판정 불가,0.85 +0.15 (Strike) 1.00 ≥0.8 (Yes),,Tension 0.85 +0.15 (Strike) 1.00 ≥0.8 (Yes),보고 결과와 완전한 수식 경계가 없음,Python Decimal; 원문 명시값만,실제 입력 첨부 바이트는 미확인; 보존 VDM과 조건부 대조. 턴·분기는 명시 제목 기반 파싱이며 불완전/재명명 가능. 응답 전용 export 역할 추정; 당시 사용자 프롬프트 미보존. ,예,,PDFium second extraction; role boundaries from reviewed records,True,False
PDFIUM-PER-16-N-00052,PER-16,runs/raw_logs/Perplexity_RAG/16. You are a tool for modeling strategic decisions. A.pdf,14,1,Combination 3,,Diplomatic_Support,VDM-CLAMP,명시 산술의 내부 일관성,명시 수식×변수,판정 불가,0.50 -0.05 (Strike) 0.45 ≤0.5 (Yes),,Diplomatic_Support 0.50 -0.05 (Strike) 0.45 ≤0.5 (Yes),보고 결과와 완전한 수식 경계가 없음,Python Decimal; 원문 명시값만,실제 입력 첨부 바이트는 미확인; 보존 VDM과 조건부 대조. 턴·분기는 명시 제목 기반 파싱이며 불완전/재명명 가능. 응답 전용 export 역할 추정; 당시 사용자 프롬프트 미보존. ,예,,PDFium second extraction; role boundaries from reviewed records,True,False
PDFIUM-PER-16-N-00054,PER-16,runs/raw_logs/Perplexity_RAG/16. You are a tool for modeling strategic decisions. A.pdf,14,1,Combination 3,,Public_Opinion,VDM-CLAMP,명시 산술의 내부 일관성,명시 수식×변수,판정 불가,0.53 -0.05 (Strike) 0.48 >0.4 (Yes),,Public_Opinion 0.53 -0.05 (Strike) 0.48 >0.4 (Yes),보고 결과와 완전한 수식 경계가 없음,Python Decimal; 원문 명시값만,실제 입력 첨부 바이트는 미확인; 보존 VDM과 조건부 대조. 턴·분기는 명시 제목 기반 파싱이며 불완전/재명명 가능. 응답 전용 export 역할 추정; 당시 사용자 프롬프트 미보존. ,예,,PDFium second extraction; role boundaries from reviewed records,True,False
PDFIUM-PER-16-N-00056,PER-16,runs/raw_logs/Perplexity_RAG/16. You are a tool for modeling strategic decisions. A.pdf,14,1,Combination 3,,Leadership_Unity,VDM-CLAMP,명시 산술의 내부 일관성,명시 수식×변수,판정 불가,0.60 -0.10 (Strike) 0.50 ≤0.5 (Yes),,Leadership_Unity 0.60 -0.10 (Strike) 0.50 ≤0.5 (Yes),보고 결과와 완전한 수식 경계가 없음,Python Decimal; 원문 명시값만,실제 입력 첨부 바이트는 미확인; 보존 VDM과 조건부 대조. 턴·분기는 명시 제목 기반 파싱이며 불완전/재명명 가능. 응답 전용 export 역할 추정; 당시 사용자 프롬프트 미보존. ,예,,PDFium second extraction; role boundaries from reviewed records,True,False
PDFIUM-PER-16-N-00059,PER-16,runs/raw_logs/Perplexity_RAG/16. You are a tool for modeling strategic decisions. A.pdf,16,1,Combination 1,,Diplomatic_Support,VDM-CLAMP,명시 산술의 내부 일관성,명시 수식×변수,판정 불가,0.45 -0.05 (Strike) 0.40 ≤0.5 (Yes),,Diplomatic_Support 0.45 -0.05 (Strike) 0.40 ≤0.5 (Yes),보고 결과와 완전한 수식 경계가 없음,Python Decimal; 원문 명시값만,실제 입력 첨부 바이트는 미확인; 보존 VDM과 조건부 대조. 턴·분기는 명시 제목 기반 파싱이며 불완전/재명명 가능. 응답 전용 export 역할 추정; 당시 사용자 프롬프트 미보존. ,예,,PDFium second extraction; role boundaries from reviewed records,True,False
PDFIUM-PER-16-N-00061,PER-16,runs/raw_logs/Perplexity_RAG/16. You are a tool for modeling strategic decisions. A.pdf,16,1,Combination 1,,Public_Opinion,VDM-CLAMP,명시 산술의 내부 일관성,명시 수식×변수,판정 불가,0.43 -0.05 (Strike) 0.38 >0.4 (Yes),,Public_Opinion 0.43 -0.05 (Strike) 0.38 >0.4 (Yes),보고 결과와 완전한 수식 경계가 없음,Python Decimal; 원문 명시값만,실제 입력 첨부 바이트는 미확인; 보존 VDM과 조건부 대조. 턴·분기는 명시 제목 기반 파싱이며 불완전/재명명 가능. 응답 전용 export 역할 추정; 당시 사용자 프롬프트 미보존. ,예,,PDFium second extraction; role boundaries from reviewed records,True,False
PDFIUM-PER-16-N-00064,PER-16,runs/raw_logs/Perplexity_RAG/16. You are a tool for modeling strategic decisions. A.pdf,17,1,Combination 2,,Tension,VDM-CLAMP,명시 산술의 내부 일관성,명시 수식×변수,판정 불가,0.75 +0.15 (Strike) 0.90 <0.8 (No),,Tension 0.75 +0.15 (Strike) 0.90 <0.8 (No),보고 결과와 완전한 수식 경계가 없음,Python Decimal; 원문 명시값만,실제 입력 첨부 바이트는 미확인; 보존 VDM과 조건부 대조. 턴·분기는 명시 제목 기반 파싱이며 불완전/재명명 가능. 응답 전용 export 역할 추정; 당시 사용자 프롬프트 미보존. ,예,,PDFium second extraction; role boundaries from reviewed records,True,False
PDFIUM-PER-16-N-00066,PER-16,runs/raw_logs/Perplexity_RAG/16. You are a tool for modeling strategic decisions. A.pdf,17,1,Combination 2,,Diplomatic_Support,VDM-CLAMP,명시 산술의 내부 일관성,명시 수식×변수,판정 불가,0.58 -0.05 (Strike) 0.53 >0.5 (Yes),,Diplomatic_Support 0.58 -0.05 (Strike) 0.53 >0.5 (Yes),보고 결과와 완전한 수식 경계가 없음,Python Decimal; 원문 명시값만,실제 입력 첨부 바이트는 미확인; 보존 VDM과 조건부 대조. 턴·분기는 명시 제목 기반 파싱이며 불완전/재명명 가능. 응답 전용 export 역할 추정; 당시 사용자 프롬프트 미보존. ,예,,PDFium second extraction; role boundaries from reviewed records,True,False
PDFIUM-PER-16-N-00068,PER-16,runs/raw_logs/Perplexity_RAG/16. You are a tool for modeling strategic decisions. A.pdf,17,1,Combination 2,,Public_Opinion,VDM-CLAMP,명시 산술의 내부 일관성,명시 수식×변수,판정 불가,0.48 -0.05 (Strike) 0.43 >0.4 (Yes),,Public_Opinion 0.48 -0.05 (Strike) 0.43 >0.4 (Yes),보고 결과와 완전한 수식 경계가 없음,Python Decimal; 원문 명시값만,실제 입력 첨부 바이트는 미확인; 보존 VDM과 조건부 대조. 턴·분기는 명시 제목 기반 파싱이며 불완전/재명명 가능. 응답 전용 export 역할 추정; 당시 사용자 프롬프트 미보존. ,예,,PDFium second extraction; role boundaries from reviewed records,True,False
PDFIUM-PER-16-N-00070,PER-16,runs/raw_logs/Perplexity_RAG/16. You are a tool for modeling strategic decisions. A.pdf,17,1,Combination 2,,Leadership_Unity,VDM-CLAMP,명시 산술의 내부 일관성,명시 수식×변수,판정 불가,0.40 -0.10 (Strike) 0.30 ≤0.5 (Yes),,Leadership_Unity 0.40 -0.10 (Strike) 0.30 ≤0.5 (Yes),보고 결과와 완전한 수식 경계가 없음,Python Decimal; 원문 명시값만,실제 입력 첨부 바이트는 미확인; 보존 VDM과 조건부 대조. 턴·분기는 명시 제목 기반 파싱이며 불완전/재명명 가능. 응답 전용 export 역할 추정; 당시 사용자 프롬프트 미보존. ,예,,PDFium second extraction; role boundaries from reviewed records,True,False
PDFIUM-PER-17-N-00013,PER-17,runs/raw_logs/Perplexity_RAG/17. Strategic Decision Modeling_ Cuban Missile Crisis (1).pdf,5,1,s,,Tension,VDM-CLAMP,명시 산술의 내부 일관성,명시 수식×변수,준수,0.6,0.6,Tension: 0.6 (Baseline 0.5 + 0.1 from combined adjustments),"명시 산식 0.5 + 0.1 = 0.6; 상태값은 VDM max(0,min(1,value))로 계산; 초기값/효과 선택의 정당성과 별개.",Python Decimal; 원문 명시값만,실제 입력 첨부 바이트는 미확인; 보존 VDM과 조건부 대조. 턴·분기는 명시 제목 기반 파싱이며 불완전/재명명 가능. 응답 전용 export 역할 추정; 당시 사용자 프롬프트 미보존. 입력 초기값 출처 및 사건 분류는 이 점검에서 입증하지 않음,아니오,,PDFium second extraction; role boundaries from reviewed records,True,False
PDFIUM-PER-17-N-00016,PER-17,runs/raw_logs/Perplexity_RAG/17. Strategic Decision Modeling_ Cuban Missile Crisis (1).pdf,5,1,s,,Diplomatic_Support,VDM-CLAMP,명시 산술의 내부 일관성,명시 수식×변수,준수,0.46,0.46,Diplomatic_Support: 0.46 (Baseline 0.5 - 0.04 from combined adjustments),"명시 산식 0.5 - 0.04 = 0.46; 상태값은 VDM max(0,min(1,value))로 계산; 초기값/효과 선택의 정당성과 별개.",Python Decimal; 원문 명시값만,실제 입력 첨부 바이트는 미확인; 보존 VDM과 조건부 대조. 턴·분기는 명시 제목 기반 파싱이며 불완전/재명명 가능. 응답 전용 export 역할 추정; 당시 사용자 프롬프트 미보존. 입력 초기값 출처 및 사건 분류는 이 점검에서 입증하지 않음,아니오,,PDFium second extraction; role boundaries from reviewed records,True,False
PDFIUM-PER-17-N-00019,PER-17,runs/raw_logs/Perplexity_RAG/17. Strategic Decision Modeling_ Cuban Missile Crisis (1).pdf,5,1,s,,Public_Opinion,VDM-CLAMP,명시 산술의 내부 일관성,명시 수식×변수,준수,0.46,0.46,Public_Opinion: 0.46 (Baseline 0.5 - 0.04 from combined adjustments),"명시 산식 0.5 - 0.04 = 0.46; 상태값은 VDM max(0,min(1,value))로 계산; 초기값/효과 선택의 정당성과 별개.",Python Decimal; 원문 명시값만,실제 입력 첨부 바이트는 미확인; 보존 VDM과 조건부 대조. 턴·분기는 명시 제목 기반 파싱이며 불완전/재명명 가능. 응답 전용 export 역할 추정; 당시 사용자 프롬프트 미보존. 입력 초기값 출처 및 사건 분류는 이 점검에서 입증하지 않음,아니오,,PDFium second extraction; role boundaries from reviewed records,True,False
PDFIUM-PER-17-N-00022,PER-17,runs/raw_logs/Perplexity_RAG/17. Strategic Decision Modeling_ Cuban Missile Crisis (1).pdf,5,1,s,,Leadership_Unity,VDM-CLAMP,명시 산술의 내부 일관성,명시 수식×변수,준수,0.4,0.4,Leadership_Unity: 0.4 (Baseline 0.5 - 0.1 from combined adjustments),"명시 산식 0.5 - 0.1 = 0.4; 상태값은 VDM max(0,min(1,value))로 계산; 초기값/효과 선택의 정당성과 별개.",Python Decimal; 원문 명시값만,실제 입력 첨부 바이트는 미확인; 보존 VDM과 조건부 대조. 턴·분기는 명시 제목 기반 파싱이며 불완전/재명명 가능. 응답 전용 export 역할 추정; 당시 사용자 프롬프트 미보존. 입력 초기값 출처 및 사건 분류는 이 점검에서 입증하지 않음,아니오,,PDFium second extraction; role boundaries from reviewed records,True,False
PDFIUM-PER-17-N-00041,PER-17,runs/raw_logs/Perplexity_RAG/17. Strategic Decision Modeling_ Cuban Missile Crisis (1).pdf,5,1,s,,Tension,VDM-CLAMP,명시 산술의 내부 일관성,명시 수식×변수,준수,0.8,0.8,Tension: 0.8 (Baseline 0.5 + 0.3 from combined adjustments),"명시 산식 0.5 + 0.3 = 0.8; 상태값은 VDM max(0,min(1,value))로 계산; 초기값/효과 선택의 정당성과 별개.",Python Decimal; 원문 명시값만,실제 입력 첨부 바이트는 미확인; 보존 VDM과 조건부 대조. 턴·분기는 명시 제목 기반 파싱이며 불완전/재명명 가능. 응답 전용 export 역할 추정; 당시 사용자 프롬프트 미보존. 입력 초기값 출처 및 사건 분류는 이 점검에서 입증하지 않음,아니오,,PDFium second extraction; role boundaries from reviewed records,True,False
PDFIUM-PER-17-N-00044,PER-17,runs/raw_logs/Perplexity_RAG/17. Strategic Decision Modeling_ Cuban Missile Crisis (1).pdf,6,1,s,,Diplomatic_Support,VDM-CLAMP,명시 산술의 내부 일관성,명시 수식×변수,준수,0.4,0.4,Diplomatic_Support: 0.4 (Baseline 0.5 - 0.1 from combined adjustments),"명시 산식 0.5 - 0.1 = 0.4; 상태값은 VDM max(0,min(1,value))로 계산; 초기값/효과 선택의 정당성과 별개.",Python Decimal; 원문 명시값만,실제 입력 첨부 바이트는 미확인; 보존 VDM과 조건부 대조. 턴·분기는 명시 제목 기반 파싱이며 불완전/재명명 가능. 응답 전용 export 역할 추정; 당시 사용자 프롬프트 미보존. 입력 초기값 출처 및 사건 분류는 이 점검에서 입증하지 않음,아니오,,PDFium second extraction; role boundaries from reviewed records,True,False
PDFIUM-PER-17-N-00047,PER-17,runs/raw_logs/Perplexity_RAG/17. Strategic Decision Modeling_ Cuban Missile Crisis (1).pdf,6,1,s,,Public_Opinion,VDM-CLAMP,명시 산술의 내부 일관성,명시 수식×변수,준수,0.4,0.4,Public_Opinion: 0.4 (Baseline 0.5 - 0.1 from combined adjustments),"명시 산식 0.5 - 0.1 = 0.4; 상태값은 VDM max(0,min(1,value))로 계산; 초기값/효과 선택의 정당성과 별개.",Python Decimal; 원문 명시값만,실제 입력 첨부 바이트는 미확인; 보존 VDM과 조건부 대조. 턴·분기는 명시 제목 기반 파싱이며 불완전/재명명 가능. 응답 전용 export 역할 추정; 당시 사용자 프롬프트 미보존. 입력 초기값 출처 및 사건 분류는 이 점검에서 입증하지 않음,아니오,,PDFium second extraction; role boundaries from reviewed records,True,False
PDFIUM-PER-17-N-00050,PER-17,runs/raw_logs/Perplexity_RAG/17. Strategic Decision Modeling_ Cuban Missile Crisis (1).pdf,6,1,s,,Leadership_Unity,VDM-CLAMP,명시 산술의 내부 일관성,명시 수식×변수,준수,0.3,0.3,Leadership_Unity: 0.3 (Baseline 0.5 - 0.2 from combined adjustments),"명시 산식 0.5 - 0.2 = 0.3; 상태값은 VDM max(0,min(1,value))로 계산; 초기값/효과 선택의 정당성과 별개.",Python Decimal; 원문 명시값만,실제 입력 첨부 바이트는 미확인; 보존 VDM과 조건부 대조. 턴·분기는 명시 제목 기반 파싱이며 불완전/재명명 가능. 응답 전용 export 역할 추정; 당시 사용자 프롬프트 미보존. 입력 초기값 출처 및 사건 분류는 이 점검에서 입증하지 않음,아니오,,PDFium second extraction; role boundaries from reviewed records,True,False
PDFIUM-PER-17-N-00069,PER-17,runs/raw_logs/Perplexity_RAG/17. Strategic Decision Modeling_ Cuban Missile Crisis (1).pdf,6,1,s,,Tension,VDM-CLAMP,명시 산술의 내부 일관성,명시 수식×변수,준수,0.55,0.55,Tension: 0.55 (Baseline 0.5 + 0.05 net change),"명시 산식 0.5 + 0.05 = 0.55; 상태값은 VDM max(0,min(1,value))로 계산; 초기값/효과 선택의 정당성과 별개.",Python Decimal; 원문 명시값만,실제 입력 첨부 바이트는 미확인; 보존 VDM과 조건부 대조. 턴·분기는 명시 제목 기반 파싱이며 불완전/재명명 가능. 응답 전용 export 역할 추정; 당시 사용자 프롬프트 미보존. 입력 초기값 출처 및 사건 분류는 이 점검에서 입증하지 않음,아니오,,PDFium second extraction; role boundaries from reviewed records,True,False
PDFIUM-PER-17-N-00072,PER-17,runs/raw_logs/Perplexity_RAG/17. Strategic Decision Modeling_ Cuban Missile Crisis (1).pdf,6,1,s,,Diplomatic_Support,VDM-CLAMP,명시 산술의 내부 일관성,명시 수식×변수,준수,0.5,0.5,Diplomatic_Support: 0.5 (Baseline 0.5 + 0 net change),"명시 산식 0.5 + 0 = 0.5; 상태값은 VDM max(0,min(1,value))로 계산; 초기값/효과 선택의 정당성과 별개.",Python Decimal; 원문 명시값만,실제 입력 첨부 바이트는 미확인; 보존 VDM과 조건부 대조. 턴·분기는 명시 제목 기반 파싱이며 불완전/재명명 가능. 응답 전용 export 역할 추정; 당시 사용자 프롬프트 미보존. 입력 초기값 출처 및 사건 분류는 이 점검에서 입증하지 않음,아니오,,PDFium second extraction; role boundaries from reviewed records,True,False
PDFIUM-PER-17-N-00075,PER-17,runs/raw_logs/Perplexity_RAG/17. Strategic Decision Modeling_ Cuban Missile Crisis (1).pdf,6,1,s,,Public_Opinion,VDM-CLAMP,명시 산술의 내부 일관성,명시 수식×변수,준수,0.5,0.5,Public_Opinion: 0.5 (Baseline 0.5 + 0 net change),"명시 산식 0.5 + 0 = 0.5; 상태값은 VDM max(0,min(1,value))로 계산; 초기값/효과 선택의 정당성과 별개.",Python Decimal; 원문 명시값만,실제 입력 첨부 바이트는 미확인; 보존 VDM과 조건부 대조. 턴·분기는 명시 제목 기반 파싱이며 불완전/재명명 가능. 응답 전용 export 역할 추정; 당시 사용자 프롬프트 미보존. 입력 초기값 출처 및 사건 분류는 이 점검에서 입증하지 않음,아니오,,PDFium second extraction; role boundaries from reviewed records,True,False
PDFIUM-PER-17-N-00078,PER-17,runs/raw_logs/Perplexity_RAG/17. Strategic Decision Modeling_ Cuban Missile Crisis (1).pdf,6,1,s,,Leadership_Unity,VDM-CLAMP,명시 산술의 내부 일관성,명시 수식×변수,준수,0.5,0.5,Leadership_Unity: 0.5 (Baseline 0.5 + 0 net change),"명시 산식 0.5 + 0 = 0.5; 상태값은 VDM max(0,min(1,value))로 계산; 초기값/효과 선택의 정당성과 별개.",Python Decimal; 원문 명시값만,실제 입력 첨부 바이트는 미확인; 보존 VDM과 조건부 대조. 턴·분기는 명시 제목 기반 파싱이며 불완전/재명명 가능. 응답 전용 export 역할 추정; 당시 사용자 프롬프트 미보존. 입력 초기값 출처 및 사건 분류는 이 점검에서 입증하지 않음,아니오,,PDFium second extraction; role boundaries from reviewed records,True,False
PDFIUM-PER-17-N-00085,PER-17,runs/raw_logs/Perplexity_RAG/17. Strategic Decision Modeling_ Cuban Missile Crisis (1).pdf,7,1,Combination 1,,Tension,VDM-CLAMP,명시 산술의 내부 일관성,명시 수식×변수,준수,0.65,0.65,tension: 0.65 (0.6 + 0.05),"명시 산식 0.6 + 0.05 = 0.65; 상태값은 VDM max(0,min(1,value))로 계산; 초기값/효과 선택의 정당성과 별개.",Python Decimal; 원문 명시값만,실제 입력 첨부 바이트는 미확인; 보존 VDM과 조건부 대조. 턴·분기는 명시 제목 기반 파싱이며 불완전/재명명 가능. 응답 전용 export 역할 추정; 당시 사용자 프롬프트 미보존. 입력 초기값 출처 및 사건 분류는 이 점검에서 입증하지 않음,아니오,,PDFium second extraction; role boundaries from reviewed records,True,False
PDFIUM-PER-17-N-00090,PER-17,runs/raw_logs/Perplexity_RAG/17. Strategic Decision Modeling_ Cuban Missile Crisis (1).pdf,7,1,Combination 2,,Tension,VDM-CLAMP,명시 산술의 내부 일관성,명시 수식×변수,준수,0.85,0.85,tension: 0.85 (0.8 + 0.05),"명시 산식 0.8 + 0.05 = 0.85; 상태값은 VDM max(0,min(1,value))로 계산; 초기값/효과 선택의 정당성과 별개.",Python Decimal; 원문 명시값만,실제 입력 첨부 바이트는 미확인; 보존 VDM과 조건부 대조. 턴·분기는 명시 제목 기반 파싱이며 불완전/재명명 가능. 응답 전용 export 역할 추정; 당시 사용자 프롬프트 미보존. 입력 초기값 출처 및 사건 분류는 이 점검에서 입증하지 않음,아니오,,PDFium second extraction; role boundaries from reviewed records,True,False
PDFIUM-PER-17-N-00099,PER-17,runs/raw_logs/Perplexity_RAG/17. Strategic Decision Modeling_ Cuban Missile Crisis (1).pdf,8,1,Combination 3,,Tension,VDM-CLAMP,명시 산술의 내부 일관성,명시 수식×변수,준수,0.6,0.6,tension: 0.60 (0.55 + 0.05),"명시 산식 0.55 + 0.05 = 0.6; 상태값은 VDM max(0,min(1,value))로 계산; 초기값/효과 선택의 정당성과 별개.",Python Decimal; 원문 명시값만,실제 입력 첨부 바이트는 미확인; 보존 VDM과 조건부 대조. 턴·분기는 명시 제목 기반 파싱이며 불완전/재명명 가능. 응답 전용 export 역할 추정; 당시 사용자 프롬프트 미보존. 입력 초기값 출처 및 사건 분류는 이 점검에서 입증하지 않음,아니오,,PDFium second extraction; role boundaries from reviewed records,True,False
PDFIUM-PER-18-N-00028,PER-18,runs/raw_logs/Perplexity_RAG/18. Strategic Decision Analysis_ Cuban Missile Crisis.pdf,6,1,1: Most Plausible Path (U.S. Naval Quarantine +,,Tension,VDM-CLAMP,명시 산술의 내부 일관성,명시 수식×변수,준수,0.75,0.75,Tension: 0.75 (0.70 + 0.05 from Defense_Prep effect),"명시 산식 0.70 + 0.05 = 0.75; 상태값은 VDM max(0,min(1,value))로 계산; 초기값/효과 선택의 정당성과 별개.",Python Decimal; 원문 명시값만,실제 입력 첨부 바이트는 미확인; 보존 VDM과 조건부 대조. 턴·분기는 명시 제목 기반 파싱이며 불완전/재명명 가능. 응답 전용 export 역할 추정; 당시 사용자 프롬프트 미보존. 입력 초기값 출처 및 사건 분류는 이 점검에서 입증하지 않음,아니오,,PDFium second extraction; role boundaries from reviewed records,True,False
PDFIUM-PER-18-N-00029,PER-18,runs/raw_logs/Perplexity_RAG/18. Strategic Decision Analysis_ Cuban Missile Crisis.pdf,6,1,1: Most Plausible Path (U.S. Naval Quarantine +,,Diplomatic_Support,VDM-CLAMP,명시 산술의 내부 일관성,명시 수식×변수,준수,0.44,0.44,Diplomatic_Support: 0.44 (0.46 - 0.02),"명시 산식 0.46 - 0.02 = 0.44; 상태값은 VDM max(0,min(1,value))로 계산; 초기값/효과 선택의 정당성과 별개.",Python Decimal; 원문 명시값만,실제 입력 첨부 바이트는 미확인; 보존 VDM과 조건부 대조. 턴·분기는 명시 제목 기반 파싱이며 불완전/재명명 가능. 응답 전용 export 역할 추정; 당시 사용자 프롬프트 미보존. 입력 초기값 출처 및 사건 분류는 이 점검에서 입증하지 않음,아니오,,PDFium second extraction; role boundaries from reviewed records,True,False
PDFIUM-PER-18-N-00030,PER-18,runs/raw_logs/Perplexity_RAG/18. Strategic Decision Analysis_ Cuban Missile Crisis.pdf,6,1,1: Most Plausible Path (U.S. Naval Quarantine +,,Public_Opinion,VDM-CLAMP,명시 산술의 내부 일관성,명시 수식×변수,준수,0.49,0.49,Public_Opinion: 0.49 (0.51 - 0.02),"명시 산식 0.51 - 0.02 = 0.49; 상태값은 VDM max(0,min(1,value))로 계산; 초기값/효과 선택의 정당성과 별개.",Python Decimal; 원문 명시값만,실제 입력 첨부 바이트는 미확인; 보존 VDM과 조건부 대조. 턴·분기는 명시 제목 기반 파싱이며 불완전/재명명 가능. 응답 전용 export 역할 추정; 당시 사용자 프롬프트 미보존. 입력 초기값 출처 및 사건 분류는 이 점검에서 입증하지 않음,아니오,,PDFium second extraction; role boundaries from reviewed records,True,False
PDFIUM-PER-18-N-00031,PER-18,runs/raw_logs/Perplexity_RAG/18. Strategic Decision Analysis_ Cuban Missile Crisis.pdf,6,1,1: Most Plausible Path (U.S. Naval Quarantine +,,Leadership_Unity,VDM-CLAMP,명시 산술의 내부 일관성,명시 수식×변수,준수,0.5,0.5,Leadership_Unity: 0.50 (0.55 - 0.05),"명시 산식 0.55 - 0.05 = 0.5; 상태값은 VDM max(0,min(1,value))로 계산; 초기값/효과 선택의 정당성과 별개.",Python Decimal; 원문 명시값만,실제 입력 첨부 바이트는 미확인; 보존 VDM과 조건부 대조. 턴·분기는 명시 제목 기반 파싱이며 불완전/재명명 가능. 응답 전용 export 역할 추정; 당시 사용자 프롬프트 미보존. 입력 초기값 출처 및 사건 분류는 이 점검에서 입증하지 않음,아니오,,PDFium second extraction; role boundaries from reviewed records,True,False
PDFIUM-PER-18-N-00038,PER-18,runs/raw_logs/Perplexity_RAG/18. Strategic Decision Analysis_ Cuban Missile Crisis.pdf,8,1,Combination 1,,Tension,VDM-CLAMP,명시 산술의 내부 일관성,명시 수식×변수,준수,0.75,0.75,Tension: 0.75 (0.75 + 0.05 - 0.05),"명시 산식 0.75 + 0.05 - 0.05 = 0.75; 상태값은 VDM max(0,min(1,value))로 계산; 초기값/효과 선택의 정당성과 별개.",Python Decimal; 원문 명시값만,실제 입력 첨부 바이트는 미확인; 보존 VDM과 조건부 대조. 턴·분기는 명시 제목 기반 파싱이며 불완전/재명명 가능. 응답 전용 export 역할 추정; 당시 사용자 프롬프트 미보존. 입력 초기값 출처 및 사건 분류는 이 점검에서 입증하지 않음,아니오,,PDFium second extraction; role boundaries from reviewed records,True,False
PDFIUM-PER-18-N-00039,PER-18,runs/raw_logs/Perplexity_RAG/18. Strategic Decision Analysis_ Cuban Missile Crisis.pdf,8,1,Combination 1,,Diplomatic_Support,VDM-CLAMP,명시 산술의 내부 일관성,명시 수식×변수,준수,0.64,0.64,Diplomatic_Support: 0.64 (0.44 + 0.10 + 0.10),"명시 산식 0.44 + 0.10 + 0.10 = 0.64; 상태값은 VDM max(0,min(1,value))로 계산; 초기값/효과 선택의 정당성과 별개.",Python Decimal; 원문 명시값만,실제 입력 첨부 바이트는 미확인; 보존 VDM과 조건부 대조. 턴·분기는 명시 제목 기반 파싱이며 불완전/재명명 가능. 응답 전용 export 역할 추정; 당시 사용자 프롬프트 미보존. 입력 초기값 출처 및 사건 분류는 이 점검에서 입증하지 않음,아니오,,PDFium second extraction; role boundaries from reviewed records,True,False
PDFIUM-PER-18-N-00047,PER-18,runs/raw_logs/Perplexity_RAG/18. Strategic Decision Analysis_ Cuban Missile Crisis.pdf,9,1,Combination 1,,Tension,VDM-CLAMP,명시 산술의 내부 일관성,명시 수식×변수,준수,1,1,Tension: 1.0 (0.75 + 0.15 + 0.15 - clamped to 1.0),"명시 산식 0.75 + 0.15 + 0.15 = 1.05; 상태값은 VDM max(0,min(1,value))로 계산; 초기값/효과 선택의 정당성과 별개.",Python Decimal; 원문 명시값만,실제 입력 첨부 바이트는 미확인; 보존 VDM과 조건부 대조. 턴·분기는 명시 제목 기반 파싱이며 불완전/재명명 가능. 응답 전용 export 역할 추정; 당시 사용자 프롬프트 미보존. 입력 초기값 출처 및 사건 분류는 이 점검에서 입증하지 않음,아니오,,PDFium second extraction; role boundaries from reviewed records,True,False
PDFIUM-PER-18-N-00048,PER-18,runs/raw_logs/Perplexity_RAG/18. Strategic Decision Analysis_ Cuban Missile Crisis.pdf,9,1,Combination 1,,Leadership_Unity,VDM-CLAMP,명시 산술의 내부 일관성,명시 수식×변수,준수,0.35,0.35,Leadership_Unity: 0.35 (0.50 - 0.10 - 0.05),"명시 산식 0.50 - 0.10 - 0.05 = 0.35; 상태값은 VDM max(0,min(1,value))로 계산; 초기값/효과 선택의 정당성과 별개.",Python Decimal; 원문 명시값만,실제 입력 첨부 바이트는 미확인; 보존 VDM과 조건부 대조. 턴·분기는 명시 제목 기반 파싱이며 불완전/재명명 가능. 응답 전용 export 역할 추정; 당시 사용자 프롬프트 미보존. 입력 초기값 출처 및 사건 분류는 이 점검에서 입증하지 않음,아니오,,PDFium second extraction; role boundaries from reviewed records,True,False
PDFIUM-PER-18-N-00049,PER-18,runs/raw_logs/Perplexity_RAG/18. Strategic Decision Analysis_ Cuban Missile Crisis.pdf,9,1,2: Hardline Response Path,,Tension,VDM-CLAMP,명시 산술의 내부 일관성,명시 수식×변수,준수,0.85,0.85,Tension: 0.85 (0.80 + 0.05),"명시 산식 0.80 + 0.05 = 0.85; 상태값은 VDM max(0,min(1,value))로 계산; 초기값/효과 선택의 정당성과 별개.",Python Decimal; 원문 명시값만,실제 입력 첨부 바이트는 미확인; 보존 VDM과 조건부 대조. 턴·분기는 명시 제목 기반 파싱이며 불완전/재명명 가능. 응답 전용 export 역할 추정; 당시 사용자 프롬프트 미보존. 입력 초기값 출처 및 사건 분류는 이 점검에서 입증하지 않음,아니오,,PDFium second extraction; role boundaries from reviewed records,True,False
PDFIUM-PER-18-N-00050,PER-18,runs/raw_logs/Perplexity_RAG/18. Strategic Decision Analysis_ Cuban Missile Crisis.pdf,9,1,2: Hardline Response Path,,Diplomatic_Support,VDM-CLAMP,명시 산술의 내부 일관성,명시 수식×변수,준수,0.51,0.51,Diplomatic_Support: 0.51 (0.53 - 0.02),"명시 산식 0.53 - 0.02 = 0.51; 상태값은 VDM max(0,min(1,value))로 계산; 초기값/효과 선택의 정당성과 별개.",Python Decimal; 원문 명시값만,실제 입력 첨부 바이트는 미확인; 보존 VDM과 조건부 대조. 턴·분기는 명시 제목 기반 파싱이며 불완전/재명명 가능. 응답 전용 export 역할 추정; 당시 사용자 프롬프트 미보존. 입력 초기값 출처 및 사건 분류는 이 점검에서 입증하지 않음,아니오,,PDFium second extraction; role boundaries from reviewed records,True,False
PDFIUM-PER-18-N-00051,PER-18,runs/raw_logs/Perplexity_RAG/18. Strategic Decision Analysis_ Cuban Missile Crisis.pdf,9,1,2: Hardline Response Path,,Public_Opinion,VDM-CLAMP,명시 산술의 내부 일관성,명시 수식×변수,준수,0.51,0.51,Public_Opinion: 0.51 (0.53 - 0.02),"명시 산식 0.53 - 0.02 = 0.51; 상태값은 VDM max(0,min(1,value))로 계산; 초기값/효과 선택의 정당성과 별개.",Python Decimal; 원문 명시값만,실제 입력 첨부 바이트는 미확인; 보존 VDM과 조건부 대조. 턴·분기는 명시 제목 기반 파싱이며 불완전/재명명 가능. 응답 전용 export 역할 추정; 당시 사용자 프롬프트 미보존. 입력 초기값 출처 및 사건 분류는 이 점검에서 입증하지 않음,아니오,,PDFium second extraction; role boundaries from reviewed records,True,False
PDFIUM-PER-18-N-00052,PER-18,runs/raw_logs/Perplexity_RAG/18. Strategic Decision Analysis_ Cuban Missile Crisis.pdf,9,1,2: Hardline Response Path,,Leadership_Unity,VDM-CLAMP,명시 산술의 내부 일관성,명시 수식×변수,준수,0.5,0.5,Leadership_Unity: 0.50 (0.55 - 0.05),"명시 산식 0.55 - 0.05 = 0.5; 상태값은 VDM max(0,min(1,value))로 계산; 초기값/효과 선택의 정당성과 별개.",Python Decimal; 원문 명시값만,실제 입력 첨부 바이트는 미확인; 보존 VDM과 조건부 대조. 턴·분기는 명시 제목 기반 파싱이며 불완전/재명명 가능. 응답 전용 export 역할 추정; 당시 사용자 프롬프트 미보존. 입력 초기값 출처 및 사건 분류는 이 점검에서 입증하지 않음,아니오,,PDFium second extraction; role boundaries from reviewed records,True,False
PDFIUM-PER-18-N-00057,PER-18,runs/raw_logs/Perplexity_RAG/18. Strategic Decision Analysis_ Cuban Missile Crisis.pdf,10,1,Combination 2,,Tension,VDM-CLAMP,명시 산술의 내부 일관성,명시 수식×변수,준수,1,1,Tension: 1.0 (0.85 + 0.15 + 0.10 - clamped),"명시 산식 0.85 + 0.15 + 0.10 = 1.1; 상태값은 VDM max(0,min(1,value))로 계산; 초기값/효과 선택의 정당성과 별개.",Python Decimal; 원문 명시값만,실제 입력 첨부 바이트는 미확인; 보존 VDM과 조건부 대조. 턴·분기는 명시 제목 기반 파싱이며 불완전/재명명 가능. 응답 전용 export 역할 추정; 당시 사용자 프롬프트 미보존. 입력 초기값 출처 및 사건 분류는 이 점검에서 입증하지 않음,아니오,,PDFium second extraction; role boundaries from reviewed records,True,False
PDFIUM-PER-18-N-00058,PER-18,runs/raw_logs/Perplexity_RAG/18. Strategic Decision Analysis_ Cuban Missile Crisis.pdf,10,1,Combination 2,,Public_Opinion,VDM-CLAMP,명시 산술의 내부 일관성,명시 수식×변수,준수,0.46,0.46,Public_Opinion: 0.46 (0.51 - 0.05),"명시 산식 0.51 - 0.05 = 0.46; 상태값은 VDM max(0,min(1,value))로 계산; 초기값/효과 선택의 정당성과 별개.",Python Decimal; 원문 명시값만,실제 입력 첨부 바이트는 미확인; 보존 VDM과 조건부 대조. 턴·분기는 명시 제목 기반 파싱이며 불완전/재명명 가능. 응답 전용 export 역할 추정; 당시 사용자 프롬프트 미보존. 입력 초기값 출처 및 사건 분류는 이 점검에서 입증하지 않음,아니오,,PDFium second extraction; role boundaries from reviewed records,True,False
PDFIUM-PER-18-N-00059,PER-18,runs/raw_logs/Perplexity_RAG/18. Strategic Decision Analysis_ Cuban Missile Crisis.pdf,10,1,Combination 2,,Leadership_Unity,VDM-CLAMP,명시 산술의 내부 일관성,명시 수식×변수,준수,0.45,0.45,Leadership_Unity: 0.45 (0.50 - 0.05),"명시 산식 0.50 - 0.05 = 0.45; 상태값은 VDM max(0,min(1,value))로 계산; 초기값/효과 선택의 정당성과 별개.",Python Decimal; 원문 명시값만,실제 입력 첨부 바이트는 미확인; 보존 VDM과 조건부 대조. 턴·분기는 명시 제목 기반 파싱이며 불완전/재명명 가능. 응답 전용 export 역할 추정; 당시 사용자 프롬프트 미보존. 입력 초기값 출처 및 사건 분류는 이 점검에서 입증하지 않음,아니오,,PDFium second extraction; role boundaries from reviewed records,True,False
PDFIUM-PER-18-N-00068,PER-18,runs/raw_logs/Perplexity_RAG/18. Strategic Decision Analysis_ Cuban Missile Crisis.pdf,13,1,Combination 1,,Tension,VDM-CLAMP,명시 산술의 내부 일관성,명시 수식×변수,준수,1,1,Tension: 1.0 (0.90 + 0.15 - clamped),"명시 산식 0.90 + 0.15 = 1.05; 상태값은 VDM max(0,min(1,value))로 계산; 초기값/효과 선택의 정당성과 별개.",Python Decimal; 원문 명시값만,실제 입력 첨부 바이트는 미확인; 보존 VDM과 조건부 대조. 턴·분기는 명시 제목 기반 파싱이며 불완전/재명명 가능. 응답 전용 export 역할 추정; 당시 사용자 프롬프트 미보존. 입력 초기값 출처 및 사건 분류는 이 점검에서 입증하지 않음,아니오,,PDFium second extraction; role boundaries from reviewed records,True,False
PDFIUM-PER-18-N-00069,PER-18,runs/raw_logs/Perplexity_RAG/18. Strategic Decision Analysis_ Cuban Missile Crisis.pdf,13,1,Combination 1,,Diplomatic_Support,VDM-CLAMP,명시 산술의 내부 일관성,명시 수식×변수,준수,0.49,0.49,Diplomatic_Support: 0.49 (0.59 - 0.10),"명시 산식 0.59 - 0.10 = 0.49; 상태값은 VDM max(0,min(1,value))로 계산; 초기값/효과 선택의 정당성과 별개.",Python Decimal; 원문 명시값만,실제 입력 첨부 바이트는 미확인; 보존 VDM과 조건부 대조. 턴·분기는 명시 제목 기반 파싱이며 불완전/재명명 가능. 응답 전용 export 역할 추정; 당시 사용자 프롬프트 미보존. 입력 초기값 출처 및 사건 분류는 이 점검에서 입증하지 않음,아니오,,PDFium second extraction; role boundaries from reviewed records,True,False
PDFIUM-PER-18-N-00070,PER-18,runs/raw_logs/Perplexity_RAG/18. Strategic Decision Analysis_ Cuban Missile Crisis.pdf,13,1,Combination 1,,Public_Opinion,VDM-CLAMP,명시 산술의 내부 일관성,명시 수식×변수,준수,0.39,0.39,Public_Opinion: 0.39 (0.44 + 0.05 - 0.10),"명시 산식 0.44 + 0.05 - 0.10 = 0.39; 상태값은 VDM max(0,min(1,value))로 계산; 초기값/효과 선택의 정당성과 별개.",Python Decimal; 원문 명시값만,실제 입력 첨부 바이트는 미확인; 보존 VDM과 조건부 대조. 턴·분기는 명시 제목 기반 파싱이며 불완전/재명명 가능. 응답 전용 export 역할 추정; 당시 사용자 프롬프트 미보존. 입력 초기값 출처 및 사건 분류는 이 점검에서 입증하지 않음,아니오,,PDFium second extraction; role boundaries from reviewed records,True,False
PDFIUM-PER-18-N-00071,PER-18,runs/raw_logs/Perplexity_RAG/18. Strategic Decision Analysis_ Cuban Missile Crisis.pdf,13,1,Combination 1,,Leadership_Unity,VDM-CLAMP,명시 산술의 내부 일관성,명시 수식×변수,준수,0.35,0.35,Leadership_Unity: 0.35 (0.40 - 0.05),"명시 산식 0.40 - 0.05 = 0.35; 상태값은 VDM max(0,min(1,value))로 계산; 초기값/효과 선택의 정당성과 별개.",Python Decimal; 원문 명시값만,실제 입력 첨부 바이트는 미확인; 보존 VDM과 조건부 대조. 턴·분기는 명시 제목 기반 파싱이며 불완전/재명명 가능. 응답 전용 export 역할 추정; 당시 사용자 프롬프트 미보존. 입력 초기값 출처 및 사건 분류는 이 점검에서 입증하지 않음,아니오,,PDFium second extraction; role boundaries from reviewed records,True,False
PDFIUM-PER-18-N-00074,PER-18,runs/raw_logs/Perplexity_RAG/18. Strategic Decision Analysis_ Cuban Missile Crisis.pdf,14,1,Combination 2,,Public_Opinion,VDM-CLAMP,명시 산술의 내부 일관성,명시 수식×변수,준수,0.31,0.31,Public_Opinion: 0.31 (0.41 - 0.10),"명시 산식 0.41 - 0.10 = 0.31; 상태값은 VDM max(0,min(1,value))로 계산; 초기값/효과 선택의 정당성과 별개.",Python Decimal; 원문 명시값만,실제 입력 첨부 바이트는 미확인; 보존 VDM과 조건부 대조. 턴·분기는 명시 제목 기반 파싱이며 불완전/재명명 가능. 응답 전용 export 역할 추정; 당시 사용자 프롬프트 미보존. 입력 초기값 출처 및 사건 분류는 이 점검에서 입증하지 않음,아니오,,PDFium second extraction; role boundaries from reviewed records,True,False
PDFIUM-PER-18-N-00075,PER-18,runs/raw_logs/Perplexity_RAG/18. Strategic Decision Analysis_ Cuban Missile Crisis.pdf,14,1,Combination 2,,Leadership_Unity,VDM-CLAMP,명시 산술의 내부 일관성,명시 수식×변수,준수,0.25,0.25,Leadership_Unity: 0.25 (0.35 - 0.10),"명시 산식 0.35 - 0.10 = 0.25; 상태값은 VDM max(0,min(1,value))로 계산; 초기값/효과 선택의 정당성과 별개.",Python Decimal; 원문 명시값만,실제 입력 첨부 바이트는 미확인; 보존 VDM과 조건부 대조. 턴·분기는 명시 제목 기반 파싱이며 불완전/재명명 가능. 응답 전용 export 역할 추정; 당시 사용자 프롬프트 미보존. 입력 초기값 출처 및 사건 분류는 이 점검에서 입증하지 않음,아니오,,PDFium second extraction; role boundaries from reviewed records,True,False
PDFIUM-PER-18-N-00086,PER-18,runs/raw_logs/Perplexity_RAG/18. Strategic Decision Analysis_ Cuban Missile Crisis.pdf,15,1,Combination 3,,Tension,VDM-CLAMP,명시 산술의 내부 일관성,명시 수식×변수,준수,0.65,0.65,Tension: 0.65 (0.70 - 0.05),"명시 산식 0.70 - 0.05 = 0.65; 상태값은 VDM max(0,min(1,value))로 계산; 초기값/효과 선택의 정당성과 별개.",Python Decimal; 원문 명시값만,실제 입력 첨부 바이트는 미확인; 보존 VDM과 조건부 대조. 턴·분기는 명시 제목 기반 파싱이며 불완전/재명명 가능. 응답 전용 export 역할 추정; 당시 사용자 프롬프트 미보존. 입력 초기값 출처 및 사건 분류는 이 점검에서 입증하지 않음,아니오,,PDFium second extraction; role boundaries from reviewed records,True,False
PDFIUM-PER-18-N-00087,PER-18,runs/raw_logs/Perplexity_RAG/18. Strategic Decision Analysis_ Cuban Missile Crisis.pdf,15,1,Combination 3,,Diplomatic_Support,VDM-CLAMP,명시 산술의 내부 일관성,명시 수식×변수,준수,0.85,0.85,Diplomatic_Support: 0.85 (0.70 + 0.10 + 0.05),"명시 산식 0.70 + 0.10 + 0.05 = 0.85; 상태값은 VDM max(0,min(1,value))로 계산; 초기값/효과 선택의 정당성과 별개.",Python Decimal; 원문 명시값만,실제 입력 첨부 바이트는 미확인; 보존 VDM과 조건부 대조. 턴·분기는 명시 제목 기반 파싱이며 불완전/재명명 가능. 응답 전용 export 역할 추정; 당시 사용자 프롬프트 미보존. 입력 초기값 출처 및 사건 분류는 이 점검에서 입증하지 않음,아니오,,PDFium second extraction; role boundaries from reviewed records,True,False
PDFIUM-PER-18-N-00092,PER-18,runs/raw_logs/Perplexity_RAG/18. Strategic Decision Analysis_ Cuban Missile Crisis.pdf,17,4,Combination 1,,Tension,VDM-CLAMP,명시 산술의 내부 일관성,명시 수식×변수,준수,0.95,0.95,Tension: 0.95 (1.0 - 0.05),"명시 산식 1.0 - 0.05 = 0.95; 상태값은 VDM max(0,min(1,value))로 계산; 초기값/효과 선택의 정당성과 별개.",Python Decimal; 원문 명시값만,실제 입력 첨부 바이트는 미확인; 보존 VDM과 조건부 대조. 턴·분기는 명시 제목 기반 파싱이며 불완전/재명명 가능. 응답 전용 export 역할 추정; 당시 사용자 프롬프트 미보존. 입력 초기값 출처 및 사건 분류는 이 점검에서 입증하지 않음,아니오,,PDFium second extraction; role boundaries from reviewed records,True,False
PDFIUM-PER-18-N-00093,PER-18,runs/raw_logs/Perplexity_RAG/18. Strategic Decision Analysis_ Cuban Missile Crisis.pdf,17,4,Combination 1,,Diplomatic_Support,VDM-CLAMP,명시 산술의 내부 일관성,명시 수식×변수,준수,0.64,0.64,Diplomatic_Support: 0.64 (0.44 + 0.10 + 0.10),"명시 산식 0.44 + 0.10 + 0.10 = 0.64; 상태값은 VDM max(0,min(1,value))로 계산; 초기값/효과 선택의 정당성과 별개.",Python Decimal; 원문 명시값만,실제 입력 첨부 바이트는 미확인; 보존 VDM과 조건부 대조. 턴·분기는 명시 제목 기반 파싱이며 불완전/재명명 가능. 응답 전용 export 역할 추정; 당시 사용자 프롬프트 미보존. 입력 초기값 출처 및 사건 분류는 이 점검에서 입증하지 않음,아니오,,PDFium second extraction; role boundaries from reviewed records,True,False
PDFIUM-PER-18-N-00094,PER-18,runs/raw_logs/Perplexity_RAG/18. Strategic Decision Analysis_ Cuban Missile Crisis.pdf,17,4,Combination 1,,Leadership_Unity,VDM-CLAMP,명시 산술의 내부 일관성,명시 수식×변수,준수,0.3,0.3,Leadership_Unity: 0.30 (0.25 + 0.05),"명시 산식 0.25 + 0.05 = 0.3; 상태값은 VDM max(0,min(1,value))로 계산; 초기값/효과 선택의 정당성과 별개.",Python Decimal; 원문 명시값만,실제 입력 첨부 바이트는 미확인; 보존 VDM과 조건부 대조. 턴·분기는 명시 제목 기반 파싱이며 불완전/재명명 가능. 응답 전용 export 역할 추정; 당시 사용자 프롬프트 미보존. 입력 초기값 출처 및 사건 분류는 이 점검에서 입증하지 않음,아니오,,PDFium second extraction; role boundaries from reviewed records,True,False
PDFIUM-PER-18-N-00097,PER-18,runs/raw_logs/Perplexity_RAG/18. Strategic Decision Analysis_ Cuban Missile Crisis.pdf,18,4,Combination 2,,Public_Opinion,VDM-CLAMP,명시 산술의 내부 일관성,명시 수식×변수,준수,0.16,0.16,Public_Opinion: 0.16 (0.26 - 0.10),"명시 산식 0.26 - 0.10 = 0.16; 상태값은 VDM max(0,min(1,value))로 계산; 초기값/효과 선택의 정당성과 별개.",Python Decimal; 원문 명시값만,실제 입력 첨부 바이트는 미확인; 보존 VDM과 조건부 대조. 턴·분기는 명시 제목 기반 파싱이며 불완전/재명명 가능. 응답 전용 export 역할 추정; 당시 사용자 프롬프트 미보존. 입력 초기값 출처 및 사건 분류는 이 점검에서 입증하지 않음,아니오,,PDFium second extraction; role boundaries from reviewed records,True,False
PDFIUM-PER-18-N-00098,PER-18,runs/raw_logs/Perplexity_RAG/18. Strategic Decision Analysis_ Cuban Missile Crisis.pdf,18,4,Combination 2,,Leadership_Unity,VDM-CLAMP,명시 산술의 내부 일관성,명시 수식×변수,준수,0.1,0.1,Leadership_Unity: 0.10 (0.15 - 0.05),"명시 산식 0.15 - 0.05 = 0.1; 상태값은 VDM max(0,min(1,value))로 계산; 초기값/효과 선택의 정당성과 별개.",Python Decimal; 원문 명시값만,실제 입력 첨부 바이트는 미확인; 보존 VDM과 조건부 대조. 턴·분기는 명시 제목 기반 파싱이며 불완전/재명명 가능. 응답 전용 export 역할 추정; 당시 사용자 프롬프트 미보존. 입력 초기값 출처 및 사건 분류는 이 점검에서 입증하지 않음,아니오,,PDFium second extraction; role boundaries from reviewed records,True,False
PDFIUM-PER-18-N-00101,PER-18,runs/raw_logs/Perplexity_RAG/18. Strategic Decision Analysis_ Cuban Missile Crisis.pdf,19,4,Combination 3,,Tension,VDM-CLAMP,명시 산술의 내부 일관성,명시 수식×변수,준수,0.85,0.85,Tension: 0.85 (0.95 - 0.10),"명시 산식 0.95 - 0.10 = 0.85; 상태값은 VDM max(0,min(1,value))로 계산; 초기값/효과 선택의 정당성과 별개.",Python Decimal; 원문 명시값만,실제 입력 첨부 바이트는 미확인; 보존 VDM과 조건부 대조. 턴·분기는 명시 제목 기반 파싱이며 불완전/재명명 가능. 응답 전용 export 역할 추정; 당시 사용자 프롬프트 미보존. 입력 초기값 출처 및 사건 분류는 이 점검에서 입증하지 않음,아니오,,PDFium second extraction; role boundaries from reviewed records,True,False
PDFIUM-PER-18-N-00102,PER-18,runs/raw_logs/Perplexity_RAG/18. Strategic Decision Analysis_ Cuban Missile Crisis.pdf,19,4,Combination 3,,Diplomatic_Support,VDM-CLAMP,명시 산술의 내부 일관성,명시 수식×변수,준수,0.95,0.95,Diplomatic_Support: 0.95 (0.80 + 0.10 + 0.05),"명시 산식 0.80 + 0.10 + 0.05 = 0.95; 상태값은 VDM max(0,min(1,value))로 계산; 초기값/효과 선택의 정당성과 별개.",Python Decimal; 원문 명시값만,실제 입력 첨부 바이트는 미확인; 보존 VDM과 조건부 대조. 턴·분기는 명시 제목 기반 파싱이며 불완전/재명명 가능. 응답 전용 export 역할 추정; 당시 사용자 프롬프트 미보존. 입력 초기값 출처 및 사건 분류는 이 점검에서 입증하지 않음,아니오,,PDFium second extraction; role boundaries from reviewed records,True,False
PDFIUM-PER-20-N-00003,PER-20,runs/raw_logs/Perplexity_RAG/20. Strategic Analysis for Cuban Missile Crisis (Based.pdf,4,1,Combination 1,,Tension,VDM-CLAMP,명시 산술의 내부 일관성,명시 수식×변수,준수,0.75,0.75,tension: +0.75 (0.3 + 0.45),"명시 산식 0.3 + 0.45 = 0.75; 상태값은 VDM max(0,min(1,value))로 계산; 초기값/효과 선택의 정당성과 별개.",Python Decimal; 원문 명시값만,실제 입력 첨부 바이트는 미확인; 보존 VDM과 조건부 대조. 턴·분기는 명시 제목 기반 파싱이며 불완전/재명명 가능. 응답 전용 export 역할 추정; 당시 사용자 프롬프트 미보존. 입력 초기값 출처 및 사건 분류는 이 점검에서 입증하지 않음,아니오,,PDFium second extraction; role boundaries from reviewed records,True,False
PDFIUM-PER-20-N-00006,PER-20,runs/raw_logs/Perplexity_RAG/20. Strategic Analysis for Cuban Missile Crisis (Based.pdf,4,1,Combination 2,,Tension,VDM-CLAMP,명시 산술의 내부 일관성,명시 수식×변수,준수,0.6,0.6,tension: +0.6 (0.15 + 0.45),"명시 산식 0.15 + 0.45 = 0.6; 상태값은 VDM max(0,min(1,value))로 계산; 초기값/효과 선택의 정당성과 별개.",Python Decimal; 원문 명시값만,실제 입력 첨부 바이트는 미확인; 보존 VDM과 조건부 대조. 턴·분기는 명시 제목 기반 파싱이며 불완전/재명명 가능. 응답 전용 export 역할 추정; 당시 사용자 프롬프트 미보존. 입력 초기값 출처 및 사건 분류는 이 점검에서 입증하지 않음,아니오,,PDFium second extraction; role boundaries from reviewed records,True,False
PDFIUM-PER-20-N-00007,PER-20,runs/raw_logs/Perplexity_RAG/20. Strategic Analysis for Cuban Missile Crisis (Based.pdf,4,1,Combination 2,,Leadership_Unity,VDM-CLAMP,명시 산술의 내부 일관성,명시 수식×변수,준수,0.55,0.55,leadership_unity: +0.55 (-0.10 + 0.65),"명시 산식 -0.10 + 0.65 = 0.55; 상태값은 VDM max(0,min(1,value))로 계산; 초기값/효과 선택의 정당성과 별개.",Python Decimal; 원문 명시값만,실제 입력 첨부 바이트는 미확인; 보존 VDM과 조건부 대조. 턴·분기는 명시 제목 기반 파싱이며 불완전/재명명 가능. 응답 전용 export 역할 추정; 당시 사용자 프롬프트 미보존. 입력 초기값 출처 및 사건 분류는 이 점검에서 입증하지 않음,아니오,,PDFium second extraction; role boundaries from reviewed records,True,False
PDFIUM-PER-22-N-00007,PER-22,runs/raw_logs/Perplexity_RAG/22. You are a tool for modeling strategic decisions. A.pdf,4,1,Combination 1,Soviet Union,Leadership_Unity,VDM-CLAMP,명시 산술의 내부 일관성,명시 수식×변수,준수,1,1,leadership_unity: 1.0 (0.5 + 0.8 → clamped),"명시 산식 0.5 + 0.8 = 1.3; 상태값은 VDM max(0,min(1,value))로 계산; 초기값/효과 선택의 정당성과 별개.",Python Decimal; 원문 명시값만,실제 입력 첨부 바이트는 미확인; 보존 VDM과 조건부 대조. 턴·분기는 명시 제목 기반 파싱이며 불완전/재명명 가능. 응답 전용 export 역할 추정; 당시 사용자 프롬프트 미보존. 입력 초기값 출처 및 사건 분류는 이 점검에서 입증하지 않음,아니오,,PDFium second extraction; role boundaries from reviewed records,True,False
PDFIUM-PER-22-N-00026,PER-22,runs/raw_logs/Perplexity_RAG/22. You are a tool for modeling strategic decisions. A.pdf,11,1,Combination 3,,Tension,VDM-CLAMP,명시 산술의 내부 일관성,명시 수식×변수,위반,1,0,Tension = 1.0 (Scenarios 1-2): Military actions dominate; diplomacy disabled per Decision,"명시 산식 1-2 = -1; 상태값은 VDM max(0,min(1,value))로 계산; 초기값/효과 선택의 정당성과 별개.",Python Decimal; 원문 명시값만,실제 입력 첨부 바이트는 미확인; 보존 VDM과 조건부 대조. 턴·분기는 명시 제목 기반 파싱이며 불완전/재명명 가능. 응답 전용 export 역할 추정; 당시 사용자 프롬프트 미보존. 입력 초기값 출처 및 사건 분류는 이 점검에서 입증하지 않음,아니오,,PDFium second extraction; role boundaries from reviewed records,True,False
PDFIUM-PER-22-N-00027,PER-22,runs/raw_logs/Perplexity_RAG/22. You are a tool for modeling strategic decisions. A.pdf,14,1,Combination 3,,Tension,VDM-CLAMP,명시 산술의 내부 일관성,명시 수식×변수,위반,1,0,Tension=1.0 (Paths 1-2): Disables diplomacy per [Matrix.json] ; military actions,"명시 산식 1-2 = -1; 상태값은 VDM max(0,min(1,value))로 계산; 초기값/효과 선택의 정당성과 별개.",Python Decimal; 원문 명시값만,실제 입력 첨부 바이트는 미확인; 보존 VDM과 조건부 대조. 턴·분기는 명시 제목 기반 파싱이며 불완전/재명명 가능. 응답 전용 export 역할 추정; 당시 사용자 프롬프트 미보존. 입력 초기값 출처 및 사건 분류는 이 점검에서 입증하지 않음,아니오,,PDFium second extraction; role boundaries from reviewed records,True,False
PDFIUM-PER-22-N-00028,PER-22,runs/raw_logs/Perplexity_RAG/22. You are a tool for modeling strategic decisions. A.pdf,14,1,Combination 3,,Public_Opinion,VDM-CLAMP,명시 산술의 내부 일관성,명시 수식×변수,위반,0.41,0,Public_Opinion=0.41 (Paths 1-2): Nearing 0.4 threshold; unrest risk constrains prolonged,"명시 산식 1-2 = -1; 상태값은 VDM max(0,min(1,value))로 계산; 초기값/효과 선택의 정당성과 별개.",Python Decimal; 원문 명시값만,실제 입력 첨부 바이트는 미확인; 보존 VDM과 조건부 대조. 턴·분기는 명시 제목 기반 파싱이며 불완전/재명명 가능. 응답 전용 export 역할 추정; 당시 사용자 프롬프트 미보존. 입력 초기값 출처 및 사건 분류는 이 점검에서 입증하지 않음,아니오,,PDFium second extraction; role boundaries from reviewed records,True,False
PDFIUM-PER-23-N-00063,PER-23,runs/raw_logs/Perplexity_RAG/23. Strategic Decision Analysis_ Cuban Missile Crisis.pdf,10,3,After U-2 Shootdown:,,Tension,VDM-CLAMP,명시 산술의 내부 일관성,명시 수식×변수,준수,0.7,0.7,Tension: 0.55 + 0.15 = 0.70,"명시 산식 0.55 + 0.15 = 0.7; 상태값은 VDM max(0,min(1,value))로 계산; 초기값/효과 선택의 정당성과 별개.",Python Decimal; 원문 명시값만,실제 입력 첨부 바이트는 미확인; 보존 VDM과 조건부 대조. 턴·분기는 명시 제목 기반 파싱이며 불완전/재명명 가능. 응답 전용 export 역할 추정; 당시 사용자 프롬프트 미보존. 입력 초기값 출처 및 사건 분류는 이 점검에서 입증하지 않음,아니오,,PDFium second extraction; role boundaries from reviewed records,True,False
PDFIUM-PER-23-N-00064,PER-23,runs/raw_logs/Perplexity_RAG/23. Strategic Decision Analysis_ Cuban Missile Crisis.pdf,10,3,After U-2 Shootdown:,,Diplomatic_Support,VDM-CLAMP,명시 산술의 내부 일관성,명시 수식×변수,판정 불가,0.0 - 0.05 → 0.0 (clamped),,Diplomatic_Support: 0.0 - 0.05 → 0.0 (clamped),보고 결과와 완전한 수식 경계가 없음,Python Decimal; 원문 명시값만,실제 입력 첨부 바이트는 미확인; 보존 VDM과 조건부 대조. 턴·분기는 명시 제목 기반 파싱이며 불완전/재명명 가능. 응답 전용 export 역할 추정; 당시 사용자 프롬프트 미보존. ,예,,PDFium second extraction; role boundaries from reviewed records,True,False
PDFIUM-PER-23-N-00065,PER-23,runs/raw_logs/Perplexity_RAG/23. Strategic Decision Analysis_ Cuban Missile Crisis.pdf,10,3,After U-2 Shootdown:,,Public_Opinion,VDM-CLAMP,명시 산술의 내부 일관성,명시 수식×변수,판정 불가,0.03 - 0.05 → 0.0 (clamped),,Public_Opinion: 0.03 - 0.05 → 0.0 (clamped),보고 결과와 완전한 수식 경계가 없음,Python Decimal; 원문 명시값만,실제 입력 첨부 바이트는 미확인; 보존 VDM과 조건부 대조. 턴·분기는 명시 제목 기반 파싱이며 불완전/재명명 가능. 응답 전용 export 역할 추정; 당시 사용자 프롬프트 미보존. ,예,,PDFium second extraction; role boundaries from reviewed records,True,False
PDFIUM-PER-23-N-00066,PER-23,runs/raw_logs/Perplexity_RAG/23. Strategic Decision Analysis_ Cuban Missile Crisis.pdf,10,3,After U-2 Shootdown:,,Leadership_Unity,VDM-CLAMP,명시 산술의 내부 일관성,명시 수식×변수,준수,0.45,0.45,Leadership_Unity: 0.55 - 0.10 = 0.45,"명시 산식 0.55 - 0.10 = 0.45; 상태값은 VDM max(0,min(1,value))로 계산; 초기값/효과 선택의 정당성과 별개.",Python Decimal; 원문 명시값만,실제 입력 첨부 바이트는 미확인; 보존 VDM과 조건부 대조. 턴·분기는 명시 제목 기반 파싱이며 불완전/재명명 가능. 응답 전용 export 역할 추정; 당시 사용자 프롬프트 미보존. 입력 초기값 출처 및 사건 분류는 이 점검에서 입증하지 않음,아니오,,PDFium second extraction; role boundaries from reviewed records,True,False
PDFIUM-PER-23-N-00067,PER-23,runs/raw_logs/Perplexity_RAG/23. Strategic Decision Analysis_ Cuban Missile Crisis.pdf,12,3,After U-2 Shootdown:,,Tension,VDM-CLAMP,명시 산술의 내부 일관성,명시 수식×변수,준수,0.8,0.8,Tension: 0.65 + 0.15 = 0.80,"명시 산식 0.65 + 0.15 = 0.8; 상태값은 VDM max(0,min(1,value))로 계산; 초기값/효과 선택의 정당성과 별개.",Python Decimal; 원문 명시값만,실제 입력 첨부 바이트는 미확인; 보존 VDM과 조건부 대조. 턴·분기는 명시 제목 기반 파싱이며 불완전/재명명 가능. 응답 전용 export 역할 추정; 당시 사용자 프롬프트 미보존. 입력 초기값 출처 및 사건 분류는 이 점검에서 입증하지 않음,아니오,,PDFium second extraction; role boundaries from reviewed records,True,False
PDFIUM-PER-23-N-00068,PER-23,runs/raw_logs/Perplexity_RAG/23. Strategic Decision Analysis_ Cuban Missile Crisis.pdf,12,3,After U-2 Shootdown:,,Leadership_Unity,VDM-CLAMP,명시 산술의 내부 일관성,명시 수식×변수,준수,0.4,0.4,Leadership_Unity: 0.50 - 0.10 = 0.40,"명시 산식 0.50 - 0.10 = 0.4; 상태값은 VDM max(0,min(1,value))로 계산; 초기값/효과 선택의 정당성과 별개.",Python Decimal; 원문 명시값만,실제 입력 첨부 바이트는 미확인; 보존 VDM과 조건부 대조. 턴·분기는 명시 제목 기반 파싱이며 불완전/재명명 가능. 응답 전용 export 역할 추정; 당시 사용자 프롬프트 미보존. 입력 초기값 출처 및 사건 분류는 이 점검에서 입증하지 않음,아니오,,PDFium second extraction; role boundaries from reviewed records,True,False
PDFIUM-PER-23-N-00069,PER-23,runs/raw_logs/Perplexity_RAG/23. Strategic Decision Analysis_ Cuban Missile Crisis.pdf,12,3,After U-2 Shootdown:,,Tension,VDM-CLAMP,명시 산술의 내부 일관성,명시 수식×변수,준수,0.2,0.2,Tension: 0.05 + 0.15 = 0.20,"명시 산식 0.05 + 0.15 = 0.2; 상태값은 VDM max(0,min(1,value))로 계산; 초기값/효과 선택의 정당성과 별개.",Python Decimal; 원문 명시값만,실제 입력 첨부 바이트는 미확인; 보존 VDM과 조건부 대조. 턴·분기는 명시 제목 기반 파싱이며 불완전/재명명 가능. 응답 전용 export 역할 추정; 당시 사용자 프롬프트 미보존. 입력 초기값 출처 및 사건 분류는 이 점검에서 입증하지 않음,아니오,,PDFium second extraction; role boundaries from reviewed records,True,False
PDFIUM-PER-23-N-00070,PER-23,runs/raw_logs/Perplexity_RAG/23. Strategic Decision Analysis_ Cuban Missile Crisis.pdf,12,3,After U-2 Shootdown:,,Diplomatic_Support,VDM-CLAMP,명시 산술의 내부 일관성,명시 수식×변수,준수,0.13,0.13,Diplomatic_Support: 0.18 - 0.05 = 0.13,"명시 산식 0.18 - 0.05 = 0.13; 상태값은 VDM max(0,min(1,value))로 계산; 초기값/효과 선택의 정당성과 별개.",Python Decimal; 원문 명시값만,실제 입력 첨부 바이트는 미확인; 보존 VDM과 조건부 대조. 턴·분기는 명시 제목 기반 파싱이며 불완전/재명명 가능. 응답 전용 export 역할 추정; 당시 사용자 프롬프트 미보존. 입력 초기값 출처 및 사건 분류는 이 점검에서 입증하지 않음,아니오,,PDFium second extraction; role boundaries from reviewed records,True,False
PDFIUM-PER-23-N-00071,PER-23,runs/raw_logs/Perplexity_RAG/23. Strategic Decision Analysis_ Cuban Missile Crisis.pdf,12,3,After U-2 Shootdown:,,Public_Opinion,VDM-CLAMP,명시 산술의 내부 일관성,명시 수식×변수,준수,0.48,0.48,Public_Opinion: 0.53 - 0.05 = 0.48,"명시 산식 0.53 - 0.05 = 0.48; 상태값은 VDM max(0,min(1,value))로 계산; 초기값/효과 선택의 정당성과 별개.",Python Decimal; 원문 명시값만,실제 입력 첨부 바이트는 미확인; 보존 VDM과 조건부 대조. 턴·분기는 명시 제목 기반 파싱이며 불완전/재명명 가능. 응답 전용 export 역할 추정; 당시 사용자 프롬프트 미보존. 입력 초기값 출처 및 사건 분류는 이 점검에서 입증하지 않음,아니오,,PDFium second extraction; role boundaries from reviewed records,True,False
PDFIUM-PER-23-N-00072,PER-23,runs/raw_logs/Perplexity_RAG/23. Strategic Decision Analysis_ Cuban Missile Crisis.pdf,13,3,After Event:,,Tension,VDM-CLAMP,명시 산술의 내부 일관성,명시 수식×변수,준수,0.2,0.2,Tension: +0.20 (0.15 + 0.05),"명시 산식 0.15 + 0.05 = 0.2; 상태값은 VDM max(0,min(1,value))로 계산; 초기값/효과 선택의 정당성과 별개.",Python Decimal; 원문 명시값만,실제 입력 첨부 바이트는 미확인; 보존 VDM과 조건부 대조. 턴·분기는 명시 제목 기반 파싱이며 불완전/재명명 가능. 응답 전용 export 역할 추정; 당시 사용자 프롬프트 미보존. 입력 초기값 출처 및 사건 분류는 이 점검에서 입증하지 않음,아니오,,PDFium second extraction; role boundaries from reviewed records,True,False
PDFIUM-PER-23-N-00073,PER-23,runs/raw_logs/Perplexity_RAG/23. Strategic Decision Analysis_ Cuban Missile Crisis.pdf,13,3,After Event:,,Diplomatic_Support,VDM-CLAMP,명시 산술의 내부 일관성,명시 수식×변수,위반,-0.07,0,Diplomatic_Support: -0.07 (-0.05 - 0.02) → 0.0 (clamped),"명시 산식 -0.05 - 0.02 = -0.07; 상태값은 VDM max(0,min(1,value))로 계산; 초기값/효과 선택의 정당성과 별개.",Python Decimal; 원문 명시값만,실제 입력 첨부 바이트는 미확인; 보존 VDM과 조건부 대조. 턴·분기는 명시 제목 기반 파싱이며 불완전/재명명 가능. 응답 전용 export 역할 추정; 당시 사용자 프롬프트 미보존. 입력 초기값 출처 및 사건 분류는 이 점검에서 입증하지 않음,아니오,,PDFium second extraction; role boundaries from reviewed records,True,False
PDFIUM-PER-23-N-00074,PER-23,runs/raw_logs/Perplexity_RAG/23. Strategic Decision Analysis_ Cuban Missile Crisis.pdf,13,3,After Event:,,Public_Opinion,VDM-CLAMP,명시 산술의 내부 일관성,명시 수식×변수,위반,-0.07,0,Public_Opinion: -0.07 (-0.05 - 0.02) → 0.0 (clamped),"명시 산식 -0.05 - 0.02 = -0.07; 상태값은 VDM max(0,min(1,value))로 계산; 초기값/효과 선택의 정당성과 별개.",Python Decimal; 원문 명시값만,실제 입력 첨부 바이트는 미확인; 보존 VDM과 조건부 대조. 턴·분기는 명시 제목 기반 파싱이며 불완전/재명명 가능. 응답 전용 export 역할 추정; 당시 사용자 프롬프트 미보존. 입력 초기값 출처 및 사건 분류는 이 점검에서 입증하지 않음,아니오,,PDFium second extraction; role boundaries from reviewed records,True,False
PDFIUM-PER-23-N-00075,PER-23,runs/raw_logs/Perplexity_RAG/23. Strategic Decision Analysis_ Cuban Missile Crisis.pdf,13,3,After Event:,,Leadership_Unity,VDM-CLAMP,명시 산술의 내부 일관성,명시 수식×변수,준수,-0.15,-0.15,Leadership_Unity: -0.15 (-0.10 - 0.05) = 0.30,명시 산식 -0.10 - 0.05 = -0.15; 변화량 합계로 계산; 초기값/효과 선택의 정당성과 별개.,Python Decimal; 원문 명시값만,실제 입력 첨부 바이트는 미확인; 보존 VDM과 조건부 대조. 턴·분기는 명시 제목 기반 파싱이며 불완전/재명명 가능. 응답 전용 export 역할 추정; 당시 사용자 프롬프트 미보존. 입력 초기값 출처 및 사건 분류는 이 점검에서 입증하지 않음,아니오,,PDFium second extraction; role boundaries from reviewed records,True,False
PDFIUM-PER-26-N-00005,PER-26,runs/raw_logs/Perplexity_RAG/26. You are a tool for modeling strategic decisions. A.pdf,5,1,Combination 1,,Tension,VDM-CLAMP,명시 산술의 내부 일관성,명시 수식×변수,준수,0.6,0.6,Tension: 0.60 (Baseline: 0.50 + 0.10),"명시 산식 0.50 + 0.10 = 0.6; 상태값은 VDM max(0,min(1,value))로 계산; 초기값/효과 선택의 정당성과 별개.",Python Decimal; 원문 명시값만,실제 입력 첨부 바이트는 미확인; 보존 VDM과 조건부 대조. 턴·분기는 명시 제목 기반 파싱이며 불완전/재명명 가능. 응답 전용 export 역할 추정; 당시 사용자 프롬프트 미보존. 입력 초기값 출처 및 사건 분류는 이 점검에서 입증하지 않음,아니오,,PDFium second extraction; role boundaries from reviewed records,True,False
PDFIUM-PER-26-N-00008,PER-26,runs/raw_logs/Perplexity_RAG/26. You are a tool for modeling strategic decisions. A.pdf,5,1,Combination 1,,Diplomatic_Support,VDM-CLAMP,명시 산술의 내부 일관성,명시 수식×변수,준수,0.56,0.56,Diplomatic_Support: 0.56 (Baseline: 0.60 - 0.04),"명시 산식 0.60 - 0.04 = 0.56; 상태값은 VDM max(0,min(1,value))로 계산; 초기값/효과 선택의 정당성과 별개.",Python Decimal; 원문 명시값만,실제 입력 첨부 바이트는 미확인; 보존 VDM과 조건부 대조. 턴·분기는 명시 제목 기반 파싱이며 불완전/재명명 가능. 응답 전용 export 역할 추정; 당시 사용자 프롬프트 미보존. 입력 초기값 출처 및 사건 분류는 이 점검에서 입증하지 않음,아니오,,PDFium second extraction; role boundaries from reviewed records,True,False
PDFIUM-PER-26-N-00011,PER-26,runs/raw_logs/Perplexity_RAG/26. You are a tool for modeling strategic decisions. A.pdf,5,1,Combination 1,,Public_Opinion,VDM-CLAMP,명시 산술의 내부 일관성,명시 수식×변수,준수,0.46,0.46,Public_Opinion: 0.46 (Baseline: 0.50 - 0.04),"명시 산식 0.50 - 0.04 = 0.46; 상태값은 VDM max(0,min(1,value))로 계산; 초기값/효과 선택의 정당성과 별개.",Python Decimal; 원문 명시값만,실제 입력 첨부 바이트는 미확인; 보존 VDM과 조건부 대조. 턴·분기는 명시 제목 기반 파싱이며 불완전/재명명 가능. 응답 전용 export 역할 추정; 당시 사용자 프롬프트 미보존. 입력 초기값 출처 및 사건 분류는 이 점검에서 입증하지 않음,아니오,,PDFium second extraction; role boundaries from reviewed records,True,False
PDFIUM-PER-26-N-00014,PER-26,runs/raw_logs/Perplexity_RAG/26. You are a tool for modeling strategic decisions. A.pdf,5,1,Combination 1,,Leadership_Unity,VDM-CLAMP,명시 산술의 내부 일관성,명시 수식×변수,준수,0.6,0.6,Leadership_Unity: 0.60 (Baseline: 0.70 - 0.10),"명시 산식 0.70 - 0.10 = 0.6; 상태값은 VDM max(0,min(1,value))로 계산; 초기값/효과 선택의 정당성과 별개.",Python Decimal; 원문 명시값만,실제 입력 첨부 바이트는 미확인; 보존 VDM과 조건부 대조. 턴·분기는 명시 제목 기반 파싱이며 불완전/재명명 가능. 응답 전용 export 역할 추정; 당시 사용자 프롬프트 미보존. 입력 초기값 출처 및 사건 분류는 이 점검에서 입증하지 않음,아니오,,PDFium second extraction; role boundaries from reviewed records,True,False
PDFIUM-PER-26-N-00021,PER-26,runs/raw_logs/Perplexity_RAG/26. You are a tool for modeling strategic decisions. A.pdf,5,1,Combination 2,,Tension,VDM-CLAMP,명시 산술의 내부 일관성,명시 수식×변수,준수,0.8,0.8,Tension: 0.80 (Baseline: 0.50 + 0.30),"명시 산식 0.50 + 0.30 = 0.8; 상태값은 VDM max(0,min(1,value))로 계산; 초기값/효과 선택의 정당성과 별개.",Python Decimal; 원문 명시값만,실제 입력 첨부 바이트는 미확인; 보존 VDM과 조건부 대조. 턴·분기는 명시 제목 기반 파싱이며 불완전/재명명 가능. 응답 전용 export 역할 추정; 당시 사용자 프롬프트 미보존. 입력 초기값 출처 및 사건 분류는 이 점검에서 입증하지 않음,아니오,,PDFium second extraction; role boundaries from reviewed records,True,False
PDFIUM-PER-26-N-00022,PER-26,runs/raw_logs/Perplexity_RAG/26. You are a tool for modeling strategic decisions. A.pdf,5,1,Combination 2,,Diplomatic_Support,VDM-CLAMP,명시 산술의 내부 일관성,명시 수식×변수,준수,0.5,0.5,Diplomatic_Support: 0.50 (Baseline: 0.60 - 0.10),"명시 산식 0.60 - 0.10 = 0.5; 상태값은 VDM max(0,min(1,value))로 계산; 초기값/효과 선택의 정당성과 별개.",Python Decimal; 원문 명시값만,실제 입력 첨부 바이트는 미확인; 보존 VDM과 조건부 대조. 턴·분기는 명시 제목 기반 파싱이며 불완전/재명명 가능. 응답 전용 export 역할 추정; 당시 사용자 프롬프트 미보존. 입력 초기값 출처 및 사건 분류는 이 점검에서 입증하지 않음,아니오,,PDFium second extraction; role boundaries from reviewed records,True,False
PDFIUM-PER-26-N-00023,PER-26,runs/raw_logs/Perplexity_RAG/26. You are a tool for modeling strategic decisions. A.pdf,5,1,Combination 2,,Public_Opinion,VDM-CLAMP,명시 산술의 내부 일관성,명시 수식×변수,준수,0.4,0.4,Public_Opinion: 0.40 (Baseline: 0.50 - 0.10),"명시 산식 0.50 - 0.10 = 0.4; 상태값은 VDM max(0,min(1,value))로 계산; 초기값/효과 선택의 정당성과 별개.",Python Decimal; 원문 명시값만,실제 입력 첨부 바이트는 미확인; 보존 VDM과 조건부 대조. 턴·분기는 명시 제목 기반 파싱이며 불완전/재명명 가능. 응답 전용 export 역할 추정; 당시 사용자 프롬프트 미보존. 입력 초기값 출처 및 사건 분류는 이 점검에서 입증하지 않음,아니오,,PDFium second extraction; role boundaries from reviewed records,True,False
PDFIUM-PER-26-N-00024,PER-26,runs/raw_logs/Perplexity_RAG/26. You are a tool for modeling strategic decisions. A.pdf,5,1,Combination 2,,Leadership_Unity,VDM-CLAMP,명시 산술의 내부 일관성,명시 수식×변수,준수,0.5,0.5,Leadership_Unity: 0.50 (Baseline: 0.70 - 0.20),"명시 산식 0.70 - 0.20 = 0.5; 상태값은 VDM max(0,min(1,value))로 계산; 초기값/효과 선택의 정당성과 별개.",Python Decimal; 원문 명시값만,실제 입력 첨부 바이트는 미확인; 보존 VDM과 조건부 대조. 턴·분기는 명시 제목 기반 파싱이며 불완전/재명명 가능. 응답 전용 export 역할 추정; 당시 사용자 프롬프트 미보존. 입력 초기값 출처 및 사건 분류는 이 점검에서 입증하지 않음,아니오,,PDFium second extraction; role boundaries from reviewed records,True,False
PDFIUM-PER-26-N-00029,PER-26,runs/raw_logs/Perplexity_RAG/26. You are a tool for modeling strategic decisions. A.pdf,6,1,Combination 3,,Tension,VDM-CLAMP,명시 산술의 내부 일관성,명시 수식×변수,준수,0.65,0.65,Tension: 0.65 (Baseline: 0.50 + 0.15),"명시 산식 0.50 + 0.15 = 0.65; 상태값은 VDM max(0,min(1,value))로 계산; 초기값/효과 선택의 정당성과 별개.",Python Decimal; 원문 명시값만,실제 입력 첨부 바이트는 미확인; 보존 VDM과 조건부 대조. 턴·분기는 명시 제목 기반 파싱이며 불완전/재명명 가능. 응답 전용 export 역할 추정; 당시 사용자 프롬프트 미보존. 입력 초기값 출처 및 사건 분류는 이 점검에서 입증하지 않음,아니오,,PDFium second extraction; role boundaries from reviewed records,True,False
PDFIUM-PER-26-N-00030,PER-26,runs/raw_logs/Perplexity_RAG/26. You are a tool for modeling strategic decisions. A.pdf,6,1,Combination 3,,Diplomatic_Support,VDM-CLAMP,명시 산술의 내부 일관성,명시 수식×변수,준수,0.48,0.48,Diplomatic_Support: 0.48 (Baseline: 0.60 - 0.12),"명시 산식 0.60 - 0.12 = 0.48; 상태값은 VDM max(0,min(1,value))로 계산; 초기값/효과 선택의 정당성과 별개.",Python Decimal; 원문 명시값만,실제 입력 첨부 바이트는 미확인; 보존 VDM과 조건부 대조. 턴·분기는 명시 제목 기반 파싱이며 불완전/재명명 가능. 응답 전용 export 역할 추정; 당시 사용자 프롬프트 미보존. 입력 초기값 출처 및 사건 분류는 이 점검에서 입증하지 않음,아니오,,PDFium second extraction; role boundaries from reviewed records,True,False
PDFIUM-PER-26-N-00031,PER-26,runs/raw_logs/Perplexity_RAG/26. You are a tool for modeling strategic decisions. A.pdf,6,1,Combination 3,,Public_Opinion,VDM-CLAMP,명시 산술의 내부 일관성,명시 수식×변수,준수,0.43,0.43,Public_Opinion: 0.43 (Baseline: 0.50 - 0.07),"명시 산식 0.50 - 0.07 = 0.43; 상태값은 VDM max(0,min(1,value))로 계산; 초기값/효과 선택의 정당성과 별개.",Python Decimal; 원문 명시값만,실제 입력 첨부 바이트는 미확인; 보존 VDM과 조건부 대조. 턴·분기는 명시 제목 기반 파싱이며 불완전/재명명 가능. 응답 전용 export 역할 추정; 당시 사용자 프롬프트 미보존. 입력 초기값 출처 및 사건 분류는 이 점검에서 입증하지 않음,아니오,,PDFium second extraction; role boundaries from reviewed records,True,False
PDFIUM-PER-26-N-00032,PER-26,runs/raw_logs/Perplexity_RAG/26. You are a tool for modeling strategic decisions. A.pdf,6,1,Combination 3,,Leadership_Unity,VDM-CLAMP,명시 산술의 내부 일관성,명시 수식×변수,준수,0.6,0.6,Leadership_Unity: 0.60 (Baseline: 0.70 - 0.10),"명시 산식 0.70 - 0.10 = 0.6; 상태값은 VDM max(0,min(1,value))로 계산; 초기값/효과 선택의 정당성과 별개.",Python Decimal; 원문 명시값만,실제 입력 첨부 바이트는 미확인; 보존 VDM과 조건부 대조. 턴·분기는 명시 제목 기반 파싱이며 불완전/재명명 가능. 응답 전용 export 역할 추정; 당시 사용자 프롬프트 미보존. 입력 초기값 출처 및 사건 분류는 이 점검에서 입증하지 않음,아니오,,PDFium second extraction; role boundaries from reviewed records,True,False
PDFIUM-PER-28-N-00020,PER-28,runs/raw_logs/Perplexity_RAG/28. You are a tool for modeling strategic decisions. A (1).pdf,7,2,for Turn 2 Event,,Tension,VDM-CLAMP,명시 산술의 내부 일관성,명시 수식×변수,준수,1,1,Tension: 1.0 (1.0 + 0.05 Event -0.05 US +0.05 USSR = 1.05 → clamped),"명시 산식 1.0 + 0.05 = 1.05; 상태값은 VDM max(0,min(1,value))로 계산; 초기값/효과 선택의 정당성과 별개.",Python Decimal; 원문 명시값만,실제 입력 첨부 바이트는 미확인; 보존 VDM과 조건부 대조. 턴·분기는 명시 제목 기반 파싱이며 불완전/재명명 가능. 응답 전용 export 역할 추정; 당시 사용자 프롬프트 미보존. 입력 초기값 출처 및 사건 분류는 이 점검에서 입증하지 않음,아니오,,PDFium second extraction; role boundaries from reviewed records,True,False
PDFIUM-PER-28-N-00021,PER-28,runs/raw_logs/Perplexity_RAG/28. You are a tool for modeling strategic decisions. A (1).pdf,7,2,for Turn 2 Event,,Diplomatic_Support,VDM-CLAMP,명시 산술의 내부 일관성,명시 수식×변수,위반,0.61,0.56,Diplomatic_Support: 0.61 (0.58 -0.02 Event +0.10 US -0.02 USSR),"명시 산식 0.58 -0.02 = 0.56; 상태값은 VDM max(0,min(1,value))로 계산; 초기값/효과 선택의 정당성과 별개.",Python Decimal; 원문 명시값만,실제 입력 첨부 바이트는 미확인; 보존 VDM과 조건부 대조. 턴·분기는 명시 제목 기반 파싱이며 불완전/재명명 가능. 응답 전용 export 역할 추정; 당시 사용자 프롬프트 미보존. 입력 초기값 출처 및 사건 분류는 이 점검에서 입증하지 않음,아니오,,PDFium second extraction; role boundaries from reviewed records,True,False
PDFIUM-PER-28-N-00022,PER-28,runs/raw_logs/Perplexity_RAG/28. You are a tool for modeling strategic decisions. A (1).pdf,8,2,for Turn 2 Event,,Public_Opinion,VDM-CLAMP,명시 산술의 내부 일관성,명시 수식×변수,위반,0.96,0.98,Public_Opinion: 0.96 (1.0 -0.02 Event),"명시 산식 1.0 -0.02 = 0.98; 상태값은 VDM max(0,min(1,value))로 계산; 초기값/효과 선택의 정당성과 별개.",Python Decimal; 원문 명시값만,실제 입력 첨부 바이트는 미확인; 보존 VDM과 조건부 대조. 턴·분기는 명시 제목 기반 파싱이며 불완전/재명명 가능. 응답 전용 export 역할 추정; 당시 사용자 프롬프트 미보존. 입력 초기값 출처 및 사건 분류는 이 점검에서 입증하지 않음,아니오,,PDFium second extraction; role boundaries from reviewed records,True,False
PDFIUM-PER-28-N-00025,PER-28,runs/raw_logs/Perplexity_RAG/28. You are a tool for modeling strategic decisions. A (1).pdf,8,2,for Turn 2 Event,,Leadership_Unity,VDM-CLAMP,명시 산술의 내부 일관성,명시 수식×변수,위반,0.9,0.95,Leadership_Unity: 0.90 (1.0 -0.05 Event -0.05 USSR),"명시 산식 1.0 -0.05 = 0.95; 상태값은 VDM max(0,min(1,value))로 계산; 초기값/효과 선택의 정당성과 별개.",Python Decimal; 원문 명시값만,실제 입력 첨부 바이트는 미확인; 보존 VDM과 조건부 대조. 턴·분기는 명시 제목 기반 파싱이며 불완전/재명명 가능. 응답 전용 export 역할 추정; 당시 사용자 프롬프트 미보존. 입력 초기값 출처 및 사건 분류는 이 점검에서 입증하지 않음,아니오,,PDFium second extraction; role boundaries from reviewed records,True,False
PDFIUM-PER-28-N-00028,PER-28,runs/raw_logs/Perplexity_RAG/28. You are a tool for modeling strategic decisions. A (1).pdf,8,2,for Turn 2 Event,,Tension,VDM-CLAMP,명시 산술의 내부 일관성,명시 수식×변수,준수,1,1,Tension: 1.0 (1.0 +0.05 Event +0.15 US +0.15 USSR = 1.25 → clamped),"명시 산식 1.0 +0.05 = 1.05; 상태값은 VDM max(0,min(1,value))로 계산; 초기값/효과 선택의 정당성과 별개.",Python Decimal; 원문 명시값만,실제 입력 첨부 바이트는 미확인; 보존 VDM과 조건부 대조. 턴·분기는 명시 제목 기반 파싱이며 불완전/재명명 가능. 응답 전용 export 역할 추정; 당시 사용자 프롬프트 미보존. 입력 초기값 출처 및 사건 분류는 이 점검에서 입증하지 않음,아니오,,PDFium second extraction; role boundaries from reviewed records,True,False
PDFIUM-PER-28-N-00031,PER-28,runs/raw_logs/Perplexity_RAG/28. You are a tool for modeling strategic decisions. A (1).pdf,8,2,for Turn 2 Event,,Diplomatic_Support,VDM-CLAMP,명시 산술의 내부 일관성,명시 수식×변수,위반,0.36,0.51,Diplomatic_Support: 0.36 (0.53 -0.02 Event -0.05 US),"명시 산식 0.53 -0.02 = 0.51; 상태값은 VDM max(0,min(1,value))로 계산; 초기값/효과 선택의 정당성과 별개.",Python Decimal; 원문 명시값만,실제 입력 첨부 바이트는 미확인; 보존 VDM과 조건부 대조. 턴·분기는 명시 제목 기반 파싱이며 불완전/재명명 가능. 응답 전용 export 역할 추정; 당시 사용자 프롬프트 미보존. 입력 초기값 출처 및 사건 분류는 이 점검에서 입증하지 않음,아니오,,PDFium second extraction; role boundaries from reviewed records,True,False
PDFIUM-PER-28-N-00034,PER-28,runs/raw_logs/Perplexity_RAG/28. You are a tool for modeling strategic decisions. A (1).pdf,8,2,for Turn 2 Event,,Public_Opinion,VDM-CLAMP,명시 산술의 내부 일관성,명시 수식×변수,위반,0.91,0.98,Public_Opinion: 0.91 (1.0 -0.02 Event -0.07 cumulative),"명시 산식 1.0 -0.02 = 0.98; 상태값은 VDM max(0,min(1,value))로 계산; 초기값/효과 선택의 정당성과 별개.",Python Decimal; 원문 명시값만,실제 입력 첨부 바이트는 미확인; 보존 VDM과 조건부 대조. 턴·분기는 명시 제목 기반 파싱이며 불완전/재명명 가능. 응답 전용 export 역할 추정; 당시 사용자 프롬프트 미보존. 입력 초기값 출처 및 사건 분류는 이 점검에서 입증하지 않음,아니오,,PDFium second extraction; role boundaries from reviewed records,True,False
PDFIUM-PER-28-N-00037,PER-28,runs/raw_logs/Perplexity_RAG/28. You are a tool for modeling strategic decisions. A (1).pdf,8,2,for Turn 2 Event,,Leadership_Unity,VDM-CLAMP,명시 산술의 내부 일관성,명시 수식×변수,위반,0.75,0.95,Leadership_Unity: 0.75 (1.0 -0.05 Event -0.10 USSR),"명시 산식 1.0 -0.05 = 0.95; 상태값은 VDM max(0,min(1,value))로 계산; 초기값/효과 선택의 정당성과 별개.",Python Decimal; 원문 명시값만,실제 입력 첨부 바이트는 미확인; 보존 VDM과 조건부 대조. 턴·분기는 명시 제목 기반 파싱이며 불완전/재명명 가능. 응답 전용 export 역할 추정; 당시 사용자 프롬프트 미보존. 입력 초기값 출처 및 사건 분류는 이 점검에서 입증하지 않음,아니오,,PDFium second extraction; role boundaries from reviewed records,True,False
PDFIUM-PER-28-N-00040,PER-28,runs/raw_logs/Perplexity_RAG/28. You are a tool for modeling strategic decisions. A (1).pdf,9,2,for Turn 2 Event,,Tension,VDM-CLAMP,명시 산술의 내부 일관성,명시 수식×변수,위반,0.55,0.75,Tension: 0.55 (0.7 +0.05 Event -0.05 US -0.05 USSR),"명시 산식 0.7 +0.05 = 0.75; 상태값은 VDM max(0,min(1,value))로 계산; 초기값/효과 선택의 정당성과 별개.",Python Decimal; 원문 명시값만,실제 입력 첨부 바이트는 미확인; 보존 VDM과 조건부 대조. 턴·분기는 명시 제목 기반 파싱이며 불완전/재명명 가능. 응답 전용 export 역할 추정; 당시 사용자 프롬프트 미보존. 입력 초기값 출처 및 사건 분류는 이 점검에서 입증하지 않음,아니오,,PDFium second extraction; role boundaries from reviewed records,True,False
PDFIUM-PER-28-N-00043,PER-28,runs/raw_logs/Perplexity_RAG/28. You are a tool for modeling strategic decisions. A (1).pdf,9,2,for Turn 2 Event,,Diplomatic_Support,VDM-CLAMP,명시 산술의 내부 일관성,명시 수식×변수,위반,0.8,0.58,Diplomatic_Support: 0.80 (0.6 -0.02 Event +0.10 US +0.10 USSR),"명시 산식 0.6 -0.02 = 0.58; 상태값은 VDM max(0,min(1,value))로 계산; 초기값/효과 선택의 정당성과 별개.",Python Decimal; 원문 명시값만,실제 입력 첨부 바이트는 미확인; 보존 VDM과 조건부 대조. 턴·분기는 명시 제목 기반 파싱이며 불완전/재명명 가능. 응답 전용 export 역할 추정; 당시 사용자 프롬프트 미보존. 입력 초기값 출처 및 사건 분류는 이 점검에서 입증하지 않음,아니오,,PDFium second extraction; role boundaries from reviewed records,True,False
PDFIUM-PER-28-N-00046,PER-28,runs/raw_logs/Perplexity_RAG/28. You are a tool for modeling strategic decisions. A (1).pdf,9,2,for Turn 2 Event,,Public_Opinion,VDM-CLAMP,명시 산술의 내부 일관성,명시 수식×변수,위반,1,0.98,Public_Opinion: 1.0 (1.0 -0.02 Event → clamped),"명시 산식 1.0 -0.02 = 0.98; 상태값은 VDM max(0,min(1,value))로 계산; 초기값/효과 선택의 정당성과 별개.",Python Decimal; 원문 명시값만,실제 입력 첨부 바이트는 미확인; 보존 VDM과 조건부 대조. 턴·분기는 명시 제목 기반 파싱이며 불완전/재명명 가능. 응답 전용 export 역할 추정; 당시 사용자 프롬프트 미보존. 입력 초기값 출처 및 사건 분류는 이 점검에서 입증하지 않음,아니오,,PDFium second extraction; role boundaries from reviewed records,True,False
PDFIUM-PER-28-N-00049,PER-28,runs/raw_logs/Perplexity_RAG/28. You are a tool for modeling strategic decisions. A (1).pdf,9,2,for Turn 2 Event,,Leadership_Unity,VDM-CLAMP,명시 산술의 내부 일관성,명시 수식×변수,위반,0.6,0.55,Leadership_Unity: 0.60 (0.6 -0.05 Event),"명시 산식 0.6 -0.05 = 0.55; 상태값은 VDM max(0,min(1,value))로 계산; 초기값/효과 선택의 정당성과 별개.",Python Decimal; 원문 명시값만,실제 입력 첨부 바이트는 미확인; 보존 VDM과 조건부 대조. 턴·분기는 명시 제목 기반 파싱이며 불완전/재명명 가능. 응답 전용 export 역할 추정; 당시 사용자 프롬프트 미보존. 입력 초기값 출처 및 사건 분류는 이 점검에서 입증하지 않음,아니오,,PDFium second extraction; role boundaries from reviewed records,True,False
PDFIUM-PER-28-N-00054,PER-28,runs/raw_logs/Perplexity_RAG/28. You are a tool for modeling strategic decisions. A (1).pdf,11,3,Combination 1,,Diplomatic_Support,VDM-CLAMP,명시 산술의 내부 일관성,명시 수식×변수,준수,0.46,0.46,Diplomatic_Support: 0.46 (0.51 -0.05),"명시 산식 0.51 -0.05 = 0.46; 상태값은 VDM max(0,min(1,value))로 계산; 초기값/효과 선택의 정당성과 별개.",Python Decimal; 원문 명시값만,실제 입력 첨부 바이트는 미확인; 보존 VDM과 조건부 대조. 턴·분기는 명시 제목 기반 파싱이며 불완전/재명명 가능. 응답 전용 export 역할 추정; 당시 사용자 프롬프트 미보존. 입력 초기값 출처 및 사건 분류는 이 점검에서 입증하지 않음,아니오,,PDFium second extraction; role boundaries from reviewed records,True,False
PDFIUM-PER-28-N-00057,PER-28,runs/raw_logs/Perplexity_RAG/28. You are a tool for modeling strategic decisions. A (1).pdf,11,3,Combination 1,,Public_Opinion,VDM-CLAMP,명시 산술의 내부 일관성,명시 수식×변수,준수,0.86,0.86,Public_Opinion: 0.86 (0.91 -0.05),"명시 산식 0.91 -0.05 = 0.86; 상태값은 VDM max(0,min(1,value))로 계산; 초기값/효과 선택의 정당성과 별개.",Python Decimal; 원문 명시값만,실제 입력 첨부 바이트는 미확인; 보존 VDM과 조건부 대조. 턴·분기는 명시 제목 기반 파싱이며 불완전/재명명 가능. 응답 전용 export 역할 추정; 당시 사용자 프롬프트 미보존. 입력 초기값 출처 및 사건 분류는 이 점검에서 입증하지 않음,아니오,,PDFium second extraction; role boundaries from reviewed records,True,False
PDFIUM-PER-28-N-00060,PER-28,runs/raw_logs/Perplexity_RAG/28. You are a tool for modeling strategic decisions. A (1).pdf,11,3,Combination 1,,Leadership_Unity,VDM-CLAMP,명시 산술의 내부 일관성,명시 수식×변수,준수,0.7,0.7,Leadership_Unity: 0.70 (0.75 -0.05),"명시 산식 0.75 -0.05 = 0.7; 상태값은 VDM max(0,min(1,value))로 계산; 초기값/효과 선택의 정당성과 별개.",Python Decimal; 원문 명시값만,실제 입력 첨부 바이트는 미확인; 보존 VDM과 조건부 대조. 턴·분기는 명시 제목 기반 파싱이며 불완전/재명명 가능. 응답 전용 export 역할 추정; 당시 사용자 프롬프트 미보존. 입력 초기값 출처 및 사건 분류는 이 점검에서 입증하지 않음,아니오,,PDFium second extraction; role boundaries from reviewed records,True,False
PDFIUM-PER-28-N-00067,PER-28,runs/raw_logs/Perplexity_RAG/28. You are a tool for modeling strategic decisions. A (1).pdf,12,3,Combination 2,,Diplomatic_Support,VDM-CLAMP,명시 산술의 내부 일관성,명시 수식×변수,준수,0.26,0.26,Diplomatic_Support: 0.26 (0.31 -0.05),"명시 산식 0.31 -0.05 = 0.26; 상태값은 VDM max(0,min(1,value))로 계산; 초기값/효과 선택의 정당성과 별개.",Python Decimal; 원문 명시값만,실제 입력 첨부 바이트는 미확인; 보존 VDM과 조건부 대조. 턴·분기는 명시 제목 기반 파싱이며 불완전/재명명 가능. 응답 전용 export 역할 추정; 당시 사용자 프롬프트 미보존. 입력 초기값 출처 및 사건 분류는 이 점검에서 입증하지 않음,아니오,,PDFium second extraction; role boundaries from reviewed records,True,False
PDFIUM-PER-28-N-00070,PER-28,runs/raw_logs/Perplexity_RAG/28. You are a tool for modeling strategic decisions. A (1).pdf,12,3,Combination 2,,Public_Opinion,VDM-CLAMP,명시 산술의 내부 일관성,명시 수식×변수,준수,0.76,0.76,Public_Opinion: 0.76 (0.81 -0.05),"명시 산식 0.81 -0.05 = 0.76; 상태값은 VDM max(0,min(1,value))로 계산; 초기값/효과 선택의 정당성과 별개.",Python Decimal; 원문 명시값만,실제 입력 첨부 바이트는 미확인; 보존 VDM과 조건부 대조. 턴·분기는 명시 제목 기반 파싱이며 불완전/재명명 가능. 응답 전용 export 역할 추정; 당시 사용자 프롬프트 미보존. 입력 초기값 출처 및 사건 분류는 이 점검에서 입증하지 않음,아니오,,PDFium second extraction; role boundaries from reviewed records,True,False
PDFIUM-PER-28-N-00073,PER-28,runs/raw_logs/Perplexity_RAG/28. You are a tool for modeling strategic decisions. A (1).pdf,12,3,Combination 2,,Leadership_Unity,VDM-CLAMP,명시 산술의 내부 일관성,명시 수식×변수,준수,0.5,0.5,Leadership_Unity: 0.50 (0.55 -0.05),"명시 산식 0.55 -0.05 = 0.5; 상태값은 VDM max(0,min(1,value))로 계산; 초기값/효과 선택의 정당성과 별개.",Python Decimal; 원문 명시값만,실제 입력 첨부 바이트는 미확인; 보존 VDM과 조건부 대조. 턴·분기는 명시 제목 기반 파싱이며 불완전/재명명 가능. 응답 전용 export 역할 추정; 당시 사용자 프롬프트 미보존. 입력 초기값 출처 및 사건 분류는 이 점검에서 입증하지 않음,아니오,,PDFium second extraction; role boundaries from reviewed records,True,False
PDFIUM-PER-28-N-00078,PER-28,runs/raw_logs/Perplexity_RAG/28. You are a tool for modeling strategic decisions. A (1).pdf,13,3,Combination 3,,Tension,VDM-CLAMP,명시 산술의 내부 일관성,명시 수식×변수,준수,0.55,0.55,Tension: 0.55 (0.60 -0.05),"명시 산식 0.60 -0.05 = 0.55; 상태값은 VDM max(0,min(1,value))로 계산; 초기값/효과 선택의 정당성과 별개.",Python Decimal; 원문 명시값만,실제 입력 첨부 바이트는 미확인; 보존 VDM과 조건부 대조. 턴·분기는 명시 제목 기반 파싱이며 불완전/재명명 가능. 응답 전용 export 역할 추정; 당시 사용자 프롬프트 미보존. 입력 초기값 출처 및 사건 분류는 이 점검에서 입증하지 않음,아니오,,PDFium second extraction; role boundaries from reviewed records,True,False
PDFIUM-PER-28-N-00081,PER-28,runs/raw_logs/Perplexity_RAG/28. You are a tool for modeling strategic decisions. A (1).pdf,13,3,Combination 3,,Diplomatic_Support,VDM-CLAMP,명시 산술의 내부 일관성,명시 수식×변수,준수,1,1,Diplomatic_Support: 1.0 (Clamped from 0.95 +0.10),"명시 산식 0.95 +0.10 = 1.05; 상태값은 VDM max(0,min(1,value))로 계산; 초기값/효과 선택의 정당성과 별개.",Python Decimal; 원문 명시값만,실제 입력 첨부 바이트는 미확인; 보존 VDM과 조건부 대조. 턴·분기는 명시 제목 기반 파싱이며 불완전/재명명 가능. 응답 전용 export 역할 추정; 당시 사용자 프롬프트 미보존. 입력 초기값 출처 및 사건 분류는 이 점검에서 입증하지 않음,아니오,,PDFium second extraction; role boundaries from reviewed records,True,False
PDFIUM-PER-28-N-00084,PER-28,runs/raw_logs/Perplexity_RAG/28. You are a tool for modeling strategic decisions. A (1).pdf,13,3,Combination 3,,Public_Opinion,VDM-CLAMP,명시 산술의 내부 일관성,명시 수식×변수,준수,1,1,Public_Opinion: 1.0 (Clamped from 0.95 +0.05),"명시 산식 0.95 +0.05 = 1; 상태값은 VDM max(0,min(1,value))로 계산; 초기값/효과 선택의 정당성과 별개.",Python Decimal; 원문 명시값만,실제 입력 첨부 바이트는 미확인; 보존 VDM과 조건부 대조. 턴·분기는 명시 제목 기반 파싱이며 불완전/재명명 가능. 응답 전용 export 역할 추정; 당시 사용자 프롬프트 미보존. 입력 초기값 출처 및 사건 분류는 이 점검에서 입증하지 않음,아니오,,PDFium second extraction; role boundaries from reviewed records,True,False
PDFIUM-PER-28-N-00087,PER-28,runs/raw_logs/Perplexity_RAG/28. You are a tool for modeling strategic decisions. A (1).pdf,13,3,Combination 3,,Leadership_Unity,VDM-CLAMP,명시 산술의 내부 일관성,명시 수식×변수,준수,0.55,0.55,Leadership_Unity: 0.55 (0.50 +0.05),"명시 산식 0.50 +0.05 = 0.55; 상태값은 VDM max(0,min(1,value))로 계산; 초기값/효과 선택의 정당성과 별개.",Python Decimal; 원문 명시값만,실제 입력 첨부 바이트는 미확인; 보존 VDM과 조건부 대조. 턴·분기는 명시 제목 기반 파싱이며 불완전/재명명 가능. 응답 전용 export 역할 추정; 당시 사용자 프롬프트 미보존. 입력 초기값 출처 및 사건 분류는 이 점검에서 입증하지 않음,아니오,,PDFium second extraction; role boundaries from reviewed records,True,False
PDFIUM-PER-29-N-00007,PER-29,runs/raw_logs/Perplexity_RAG/29. Strategic Decision Modeling_ U.S. and Soviet React.pdf,6,2,Combination 2,,Tension,VDM-CLAMP,명시 산술의 내부 일관성,명시 수식×변수,준수,0.8,0.8,Tension: 0.8 (0.65 + 0.15 Strike event),"명시 산식 0.65 + 0.15 = 0.8; 상태값은 VDM max(0,min(1,value))로 계산; 초기값/효과 선택의 정당성과 별개.",Python Decimal; 원문 명시값만,실제 입력 첨부 바이트는 미확인; 보존 VDM과 조건부 대조. 턴·분기는 명시 제목 기반 파싱이며 불완전/재명명 가능. 응답 전용 export 역할 추정; 당시 사용자 프롬프트 미보존. 입력 초기값 출처 및 사건 분류는 이 점검에서 입증하지 않음,아니오,,PDFium second extraction; role boundaries from reviewed records,True,False
PDFIUM-PER-29-N-00008,PER-29,runs/raw_logs/Perplexity_RAG/29. Strategic Decision Modeling_ U.S. and Soviet React.pdf,6,2,Combination 2,,Diplomatic_Support,VDM-CLAMP,명시 산술의 내부 일관성,명시 수식×변수,준수,0.4,0.4,Diplomatic Support: 0.40 (0.45 - 0.05),"명시 산식 0.45 - 0.05 = 0.4; 상태값은 VDM max(0,min(1,value))로 계산; 초기값/효과 선택의 정당성과 별개.",Python Decimal; 원문 명시값만,실제 입력 첨부 바이트는 미확인; 보존 VDM과 조건부 대조. 턴·분기는 명시 제목 기반 파싱이며 불완전/재명명 가능. 응답 전용 export 역할 추정; 당시 사용자 프롬프트 미보존. 입력 초기값 출처 및 사건 분류는 이 점검에서 입증하지 않음,아니오,,PDFium second extraction; role boundaries from reviewed records,True,False
PDFIUM-PER-29-N-00009,PER-29,runs/raw_logs/Perplexity_RAG/29. Strategic Decision Modeling_ U.S. and Soviet React.pdf,6,2,Combination 2,,Public_Opinion,VDM-CLAMP,명시 산술의 내부 일관성,명시 수식×변수,준수,0.95,0.95,Public Opinion: 0.95 (1.0 - 0.05),"명시 산식 1.0 - 0.05 = 0.95; 상태값은 VDM max(0,min(1,value))로 계산; 초기값/효과 선택의 정당성과 별개.",Python Decimal; 원문 명시값만,실제 입력 첨부 바이트는 미확인; 보존 VDM과 조건부 대조. 턴·분기는 명시 제목 기반 파싱이며 불완전/재명명 가능. 응답 전용 export 역할 추정; 당시 사용자 프롬프트 미보존. 입력 초기값 출처 및 사건 분류는 이 점검에서 입증하지 않음,아니오,,PDFium second extraction; role boundaries from reviewed records,True,False
PDFIUM-PER-29-N-00010,PER-29,runs/raw_logs/Perplexity_RAG/29. Strategic Decision Modeling_ U.S. and Soviet React.pdf,6,2,Combination 2,,Leadership_Unity,VDM-CLAMP,명시 산술의 내부 일관성,명시 수식×변수,준수,0.3,0.3,Leadership Unity: 0.30 (0.40 - 0.10),"명시 산식 0.40 - 0.10 = 0.3; 상태값은 VDM max(0,min(1,value))로 계산; 초기값/효과 선택의 정당성과 별개.",Python Decimal; 원문 명시값만,실제 입력 첨부 바이트는 미확인; 보존 VDM과 조건부 대조. 턴·분기는 명시 제목 기반 파싱이며 불완전/재명명 가능. 응답 전용 export 역할 추정; 당시 사용자 프롬프트 미보존. 입력 초기값 출처 및 사건 분류는 이 점검에서 입증하지 않음,아니오,,PDFium second extraction; role boundaries from reviewed records,True,False
PDFIUM-PER-29-N-00012,PER-29,runs/raw_logs/Perplexity_RAG/29. Strategic Decision Modeling_ U.S. and Soviet React.pdf,7,2,Combination 3,,Tension,VDM-CLAMP,명시 산술의 내부 일관성,명시 수식×변수,준수,0.65,0.65,Tension: 0.65 (0.5 + 0.15 Strike event),"명시 산식 0.5 + 0.15 = 0.65; 상태값은 VDM max(0,min(1,value))로 계산; 초기값/효과 선택의 정당성과 별개.",Python Decimal; 원문 명시값만,실제 입력 첨부 바이트는 미확인; 보존 VDM과 조건부 대조. 턴·분기는 명시 제목 기반 파싱이며 불완전/재명명 가능. 응답 전용 export 역할 추정; 당시 사용자 프롬프트 미보존. 입력 초기값 출처 및 사건 분류는 이 점검에서 입증하지 않음,아니오,,PDFium second extraction; role boundaries from reviewed records,True,False
PDFIUM-PER-29-N-00013,PER-29,runs/raw_logs/Perplexity_RAG/29. Strategic Decision Modeling_ U.S. and Soviet React.pdf,7,2,Combination 3,,Diplomatic_Support,VDM-CLAMP,명시 산술의 내부 일관성,명시 수식×변수,준수,0.45,0.45,Diplomatic Support: 0.45 (0.5 - 0.05),"명시 산식 0.5 - 0.05 = 0.45; 상태값은 VDM max(0,min(1,value))로 계산; 초기값/효과 선택의 정당성과 별개.",Python Decimal; 원문 명시값만,실제 입력 첨부 바이트는 미확인; 보존 VDM과 조건부 대조. 턴·분기는 명시 제목 기반 파싱이며 불완전/재명명 가능. 응답 전용 export 역할 추정; 당시 사용자 프롬프트 미보존. 입력 초기값 출처 및 사건 분류는 이 점검에서 입증하지 않음,아니오,,PDFium second extraction; role boundaries from reviewed records,True,False
PDFIUM-PER-29-N-00014,PER-29,runs/raw_logs/Perplexity_RAG/29. Strategic Decision Modeling_ U.S. and Soviet React.pdf,7,2,Combination 3,,Public_Opinion,VDM-CLAMP,명시 산술의 내부 일관성,명시 수식×변수,준수,0.95,0.95,Public Opinion: 0.95 (1.0 - 0.05),"명시 산식 1.0 - 0.05 = 0.95; 상태값은 VDM max(0,min(1,value))로 계산; 초기값/효과 선택의 정당성과 별개.",Python Decimal; 원문 명시값만,실제 입력 첨부 바이트는 미확인; 보존 VDM과 조건부 대조. 턴·분기는 명시 제목 기반 파싱이며 불완전/재명명 가능. 응답 전용 export 역할 추정; 당시 사용자 프롬프트 미보존. 입력 초기값 출처 및 사건 분류는 이 점검에서 입증하지 않음,아니오,,PDFium second extraction; role boundaries from reviewed records,True,False
PDFIUM-PER-29-N-00015,PER-29,runs/raw_logs/Perplexity_RAG/29. Strategic Decision Modeling_ U.S. and Soviet React.pdf,7,2,Combination 3,,Leadership_Unity,VDM-CLAMP,명시 산술의 내부 일관성,명시 수식×변수,준수,0.4,0.4,Leadership Unity: 0.40 (0.5 - 0.10),"명시 산식 0.5 - 0.10 = 0.4; 상태값은 VDM max(0,min(1,value))로 계산; 초기값/효과 선택의 정당성과 별개.",Python Decimal; 원문 명시값만,실제 입력 첨부 바이트는 미확인; 보존 VDM과 조건부 대조. 턴·분기는 명시 제목 기반 파싱이며 불완전/재명명 가능. 응답 전용 export 역할 추정; 당시 사용자 프롬프트 미보존. 입력 초기값 출처 및 사건 분류는 이 점검에서 입증하지 않음,아니오,,PDFium second extraction; role boundaries from reviewed records,True,False
PDFIUM-PER-29-N-00020,PER-29,runs/raw_logs/Perplexity_RAG/29. Strategic Decision Modeling_ U.S. and Soviet React.pdf,9,2,Combination 1,,Tension,VDM-CLAMP,명시 산술의 내부 일관성,명시 수식×변수,준수,1,1,Tension: 1.0 (clamped from 1.0 + 0.15),"명시 산식 1.0 + 0.15 = 1.15; 상태값은 VDM max(0,min(1,value))로 계산; 초기값/효과 선택의 정당성과 별개.",Python Decimal; 원문 명시값만,실제 입력 첨부 바이트는 미확인; 보존 VDM과 조건부 대조. 턴·분기는 명시 제목 기반 파싱이며 불완전/재명명 가능. 응답 전용 export 역할 추정; 당시 사용자 프롬프트 미보존. 입력 초기값 출처 및 사건 분류는 이 점검에서 입증하지 않음,아니오,,PDFium second extraction; role boundaries from reviewed records,True,False
PDFIUM-PER-29-N-00021,PER-29,runs/raw_logs/Perplexity_RAG/29. Strategic Decision Modeling_ U.S. and Soviet React.pdf,9,2,Combination 1,,Diplomatic_Support,VDM-CLAMP,명시 산술의 내부 일관성,명시 수식×변수,준수,0.4,0.4,Diplomatic Support: 0.40 (0.45 - 0.05),"명시 산식 0.45 - 0.05 = 0.4; 상태값은 VDM max(0,min(1,value))로 계산; 초기값/효과 선택의 정당성과 별개.",Python Decimal; 원문 명시값만,실제 입력 첨부 바이트는 미확인; 보존 VDM과 조건부 대조. 턴·분기는 명시 제목 기반 파싱이며 불완전/재명명 가능. 응답 전용 export 역할 추정; 당시 사용자 프롬프트 미보존. 입력 초기값 출처 및 사건 분류는 이 점검에서 입증하지 않음,아니오,,PDFium second extraction; role boundaries from reviewed records,True,False
PDFIUM-PER-29-N-00022,PER-29,runs/raw_logs/Perplexity_RAG/29. Strategic Decision Modeling_ U.S. and Soviet React.pdf,9,2,Combination 1,,Public_Opinion,VDM-CLAMP,명시 산술의 내부 일관성,명시 수식×변수,준수,0.4,0.4,Public Opinion: 0.40 (0.45 - 0.05),"명시 산식 0.45 - 0.05 = 0.4; 상태값은 VDM max(0,min(1,value))로 계산; 초기값/효과 선택의 정당성과 별개.",Python Decimal; 원문 명시값만,실제 입력 첨부 바이트는 미확인; 보존 VDM과 조건부 대조. 턴·분기는 명시 제목 기반 파싱이며 불완전/재명명 가능. 응답 전용 export 역할 추정; 당시 사용자 프롬프트 미보존. 입력 초기값 출처 및 사건 분류는 이 점검에서 입증하지 않음,아니오,,PDFium second extraction; role boundaries from reviewed records,True,False
PDFIUM-PER-29-N-00023,PER-29,runs/raw_logs/Perplexity_RAG/29. Strategic Decision Modeling_ U.S. and Soviet React.pdf,9,2,Combination 1,,Leadership_Unity,VDM-CLAMP,명시 산술의 내부 일관성,명시 수식×변수,준수,0.9,0.9,Leadership Unity: 0.90 (1.0 - 0.10),"명시 산식 1.0 - 0.10 = 0.9; 상태값은 VDM max(0,min(1,value))로 계산; 초기값/효과 선택의 정당성과 별개.",Python Decimal; 원문 명시값만,실제 입력 첨부 바이트는 미확인; 보존 VDM과 조건부 대조. 턴·분기는 명시 제목 기반 파싱이며 불완전/재명명 가능. 응답 전용 export 역할 추정; 당시 사용자 프롬프트 미보존. 입력 초기값 출처 및 사건 분류는 이 점검에서 입증하지 않음,아니오,,PDFium second extraction; role boundaries from reviewed records,True,False
PDFIUM-PER-29-N-00024,PER-29,runs/raw_logs/Perplexity_RAG/29. Strategic Decision Modeling_ U.S. and Soviet React.pdf,9,2,Combination 2,,Tension,VDM-CLAMP,명시 산술의 내부 일관성,명시 수식×변수,준수,0.8,0.8,Tension: 0.80 (0.65 + 0.15),"명시 산식 0.65 + 0.15 = 0.8; 상태값은 VDM max(0,min(1,value))로 계산; 초기값/효과 선택의 정당성과 별개.",Python Decimal; 원문 명시값만,실제 입력 첨부 바이트는 미확인; 보존 VDM과 조건부 대조. 턴·분기는 명시 제목 기반 파싱이며 불완전/재명명 가능. 응답 전용 export 역할 추정; 당시 사용자 프롬프트 미보존. 입력 초기값 출처 및 사건 분류는 이 점검에서 입증하지 않음,아니오,,PDFium second extraction; role boundaries from reviewed records,True,False
PDFIUM-PER-29-N-00025,PER-29,runs/raw_logs/Perplexity_RAG/29. Strategic Decision Modeling_ U.S. and Soviet React.pdf,9,2,Combination 2,,Diplomatic_Support,VDM-CLAMP,명시 산술의 내부 일관성,명시 수식×변수,준수,0.35,0.35,Diplomatic Support: 0.35 (0.40 - 0.05),"명시 산식 0.40 - 0.05 = 0.35; 상태값은 VDM max(0,min(1,value))로 계산; 초기값/효과 선택의 정당성과 별개.",Python Decimal; 원문 명시값만,실제 입력 첨부 바이트는 미확인; 보존 VDM과 조건부 대조. 턴·분기는 명시 제목 기반 파싱이며 불완전/재명명 가능. 응답 전용 export 역할 추정; 당시 사용자 프롬프트 미보존. 입력 초기값 출처 및 사건 분류는 이 점검에서 입증하지 않음,아니오,,PDFium second extraction; role boundaries from reviewed records,True,False
PDFIUM-PER-29-N-00026,PER-29,runs/raw_logs/Perplexity_RAG/29. Strategic Decision Modeling_ U.S. and Soviet React.pdf,9,2,Combination 2,,Public_Opinion,VDM-CLAMP,명시 산술의 내부 일관성,명시 수식×변수,준수,0.9,0.9,Public Opinion: 0.90 (0.95 - 0.05),"명시 산식 0.95 - 0.05 = 0.9; 상태값은 VDM max(0,min(1,value))로 계산; 초기값/효과 선택의 정당성과 별개.",Python Decimal; 원문 명시값만,실제 입력 첨부 바이트는 미확인; 보존 VDM과 조건부 대조. 턴·분기는 명시 제목 기반 파싱이며 불완전/재명명 가능. 응답 전용 export 역할 추정; 당시 사용자 프롬프트 미보존. 입력 초기값 출처 및 사건 분류는 이 점검에서 입증하지 않음,아니오,,PDFium second extraction; role boundaries from reviewed records,True,False
PDFIUM-PER-29-N-00027,PER-29,runs/raw_logs/Perplexity_RAG/29. Strategic Decision Modeling_ U.S. and Soviet React.pdf,9,2,Combination 2,,Leadership_Unity,VDM-CLAMP,명시 산술의 내부 일관성,명시 수식×변수,준수,0.2,0.2,Leadership Unity: 0.20 (0.30 - 0.10),"명시 산식 0.30 - 0.10 = 0.2; 상태값은 VDM max(0,min(1,value))로 계산; 초기값/효과 선택의 정당성과 별개.",Python Decimal; 원문 명시값만,실제 입력 첨부 바이트는 미확인; 보존 VDM과 조건부 대조. 턴·분기는 명시 제목 기반 파싱이며 불완전/재명명 가능. 응답 전용 export 역할 추정; 당시 사용자 프롬프트 미보존. 입력 초기값 출처 및 사건 분류는 이 점검에서 입증하지 않음,아니오,,PDFium second extraction; role boundaries from reviewed records,True,False
PDFIUM-PER-29-N-00028,PER-29,runs/raw_logs/Perplexity_RAG/29. Strategic Decision Modeling_ U.S. and Soviet React.pdf,10,2,Combination 3,,Tension,VDM-CLAMP,명시 산술의 내부 일관성,명시 수식×변수,준수,0.8,0.8,Tension: 0.80 (0.65 + 0.15),"명시 산식 0.65 + 0.15 = 0.8; 상태값은 VDM max(0,min(1,value))로 계산; 초기값/효과 선택의 정당성과 별개.",Python Decimal; 원문 명시값만,실제 입력 첨부 바이트는 미확인; 보존 VDM과 조건부 대조. 턴·분기는 명시 제목 기반 파싱이며 불완전/재명명 가능. 응답 전용 export 역할 추정; 당시 사용자 프롬프트 미보존. 입력 초기값 출처 및 사건 분류는 이 점검에서 입증하지 않음,아니오,,PDFium second extraction; role boundaries from reviewed records,True,False
PDFIUM-PER-29-N-00029,PER-29,runs/raw_logs/Perplexity_RAG/29. Strategic Decision Modeling_ U.S. and Soviet React.pdf,10,2,Combination 3,,Diplomatic_Support,VDM-CLAMP,명시 산술의 내부 일관성,명시 수식×변수,준수,0.4,0.4,Diplomatic Support: 0.40 (0.45 - 0.05),"명시 산식 0.45 - 0.05 = 0.4; 상태값은 VDM max(0,min(1,value))로 계산; 초기값/효과 선택의 정당성과 별개.",Python Decimal; 원문 명시값만,실제 입력 첨부 바이트는 미확인; 보존 VDM과 조건부 대조. 턴·분기는 명시 제목 기반 파싱이며 불완전/재명명 가능. 응답 전용 export 역할 추정; 당시 사용자 프롬프트 미보존. 입력 초기값 출처 및 사건 분류는 이 점검에서 입증하지 않음,아니오,,PDFium second extraction; role boundaries from reviewed records,True,False
PDFIUM-PER-29-N-00030,PER-29,runs/raw_logs/Perplexity_RAG/29. Strategic Decision Modeling_ U.S. and Soviet React.pdf,10,2,Combination 3,,Public_Opinion,VDM-CLAMP,명시 산술의 내부 일관성,명시 수식×변수,준수,0.9,0.9,Public Opinion: 0.90 (0.95 - 0.05),"명시 산식 0.95 - 0.05 = 0.9; 상태값은 VDM max(0,min(1,value))로 계산; 초기값/효과 선택의 정당성과 별개.",Python Decimal; 원문 명시값만,실제 입력 첨부 바이트는 미확인; 보존 VDM과 조건부 대조. 턴·분기는 명시 제목 기반 파싱이며 불완전/재명명 가능. 응답 전용 export 역할 추정; 당시 사용자 프롬프트 미보존. 입력 초기값 출처 및 사건 분류는 이 점검에서 입증하지 않음,아니오,,PDFium second extraction; role boundaries from reviewed records,True,False
PDFIUM-PER-29-N-00031,PER-29,runs/raw_logs/Perplexity_RAG/29. Strategic Decision Modeling_ U.S. and Soviet React.pdf,10,2,Combination 3,,Leadership_Unity,VDM-CLAMP,명시 산술의 내부 일관성,명시 수식×변수,준수,0.3,0.3,Leadership Unity: 0.30 (0.40 - 0.10),"명시 산식 0.40 - 0.10 = 0.3; 상태값은 VDM max(0,min(1,value))로 계산; 초기값/효과 선택의 정당성과 별개.",Python Decimal; 원문 명시값만,실제 입력 첨부 바이트는 미확인; 보존 VDM과 조건부 대조. 턴·분기는 명시 제목 기반 파싱이며 불완전/재명명 가능. 응답 전용 export 역할 추정; 당시 사용자 프롬프트 미보존. 입력 초기값 출처 및 사건 분류는 이 점검에서 입증하지 않음,아니오,,PDFium second extraction; role boundaries from reviewed records,True,False
PDFIUM-PER-30-N-00047,PER-30,runs/raw_logs/Perplexity_RAG/30. Strategic Decision Analysis_ Soviet Missile Discov.pdf,13,3,Combination 1,,Diplomatic_Support,VDM-CLAMP,명시 산술의 내부 일관성,명시 수식×변수,준수,0.29,0.29,Diplomatic_Support: 0.39 - 0.05 (US) - 0.05 (USSR) = 0.29,"명시 산식 0.39 - 0.05 - 0.05 = 0.29; 상태값은 VDM max(0,min(1,value))로 계산; 초기값/효과 선택의 정당성과 별개.",Python Decimal; 원문 명시값만,실제 입력 첨부 바이트는 미확인; 보존 VDM과 조건부 대조. 턴·분기는 명시 제목 기반 파싱이며 불완전/재명명 가능. 응답 전용 export 역할 추정; 당시 사용자 프롬프트 미보존. 입력 초기값 출처 및 사건 분류는 이 점검에서 입증하지 않음,아니오,,PDFium second extraction; role boundaries from reviewed records,True,False
PDFIUM-PER-30-N-00048,PER-30,runs/raw_logs/Perplexity_RAG/30. Strategic Decision Analysis_ Soviet Missile Discov.pdf,13,3,Combination 1,,Public_Opinion,VDM-CLAMP,명시 산술의 내부 일관성,명시 수식×변수,준수,0.39,0.39,Public_Opinion: 0.49 - 0.05 (US) - 0.05 (USSR) = 0.39,"명시 산식 0.49 - 0.05 - 0.05 = 0.39; 상태값은 VDM max(0,min(1,value))로 계산; 초기값/효과 선택의 정당성과 별개.",Python Decimal; 원문 명시값만,실제 입력 첨부 바이트는 미확인; 보존 VDM과 조건부 대조. 턴·분기는 명시 제목 기반 파싱이며 불완전/재명명 가능. 응답 전용 export 역할 추정; 당시 사용자 프롬프트 미보존. 입력 초기값 출처 및 사건 분류는 이 점검에서 입증하지 않음,아니오,,PDFium second extraction; role boundaries from reviewed records,True,False
PDFIUM-PER-30-N-00049,PER-30,runs/raw_logs/Perplexity_RAG/30. Strategic Decision Analysis_ Soviet Missile Discov.pdf,13,3,Combination 1,,Leadership_Unity,VDM-CLAMP,명시 산술의 내부 일관성,명시 수식×변수,준수,0.25,0.25,Leadership_Unity: 0.45 - 0.10 (US) - 0.10 (USSR) = 0.25,"명시 산식 0.45 - 0.10 - 0.10 = 0.25; 상태값은 VDM max(0,min(1,value))로 계산; 초기값/효과 선택의 정당성과 별개.",Python Decimal; 원문 명시값만,실제 입력 첨부 바이트는 미확인; 보존 VDM과 조건부 대조. 턴·분기는 명시 제목 기반 파싱이며 불완전/재명명 가능. 응답 전용 export 역할 추정; 당시 사용자 프롬프트 미보존. 입력 초기값 출처 및 사건 분류는 이 점검에서 입증하지 않음,아니오,,PDFium second extraction; role boundaries from reviewed records,True,False
PDFIUM-PER-30-N-00050,PER-30,runs/raw_logs/Perplexity_RAG/30. Strategic Decision Analysis_ Soviet Missile Discov.pdf,14,3,Combination 1,,Tension,VDM-CLAMP,명시 산술의 내부 일관성,명시 수식×변수,준수,1,1,Tension: 1.0 + 0.10 = 1.0 (clamped),"명시 산식 1.0 + 0.10 = 1.1; 상태값은 VDM max(0,min(1,value))로 계산; 초기값/효과 선택의 정당성과 별개.",Python Decimal; 원문 명시값만,실제 입력 첨부 바이트는 미확인; 보존 VDM과 조건부 대조. 턴·분기는 명시 제목 기반 파싱이며 불완전/재명명 가능. 응답 전용 export 역할 추정; 당시 사용자 프롬프트 미보존. 입력 초기값 출처 및 사건 분류는 이 점검에서 입증하지 않음,아니오,,PDFium second extraction; role boundaries from reviewed records,True,False
PDFIUM-PER-30-N-00051,PER-30,runs/raw_logs/Perplexity_RAG/30. Strategic Decision Analysis_ Soviet Missile Discov.pdf,14,3,Combination 1,,Diplomatic_Support,VDM-CLAMP,명시 산술의 내부 일관성,명시 수식×변수,준수,0.29,0.29,Diplomatic_Support: 0.39 - 0.10 = 0.29,"명시 산식 0.39 - 0.10 = 0.29; 상태값은 VDM max(0,min(1,value))로 계산; 초기값/효과 선택의 정당성과 별개.",Python Decimal; 원문 명시값만,실제 입력 첨부 바이트는 미확인; 보존 VDM과 조건부 대조. 턴·분기는 명시 제목 기반 파싱이며 불완전/재명명 가능. 응답 전용 export 역할 추정; 당시 사용자 프롬프트 미보존. 입력 초기값 출처 및 사건 분류는 이 점검에서 입증하지 않음,아니오,,PDFium second extraction; role boundaries from reviewed records,True,False
PDFIUM-PER-30-N-00052,PER-30,runs/raw_logs/Perplexity_RAG/30. Strategic Decision Analysis_ Soviet Missile Discov.pdf,14,3,Combination 1,,Public_Opinion,VDM-CLAMP,명시 산술의 내부 일관성,명시 수식×변수,준수,0.44,0.44,Public_Opinion: 0.49 - 0.05 = 0.44,"명시 산식 0.49 - 0.05 = 0.44; 상태값은 VDM max(0,min(1,value))로 계산; 초기값/효과 선택의 정당성과 별개.",Python Decimal; 원문 명시값만,실제 입력 첨부 바이트는 미확인; 보존 VDM과 조건부 대조. 턴·분기는 명시 제목 기반 파싱이며 불완전/재명명 가능. 응답 전용 export 역할 추정; 당시 사용자 프롬프트 미보존. 입력 초기값 출처 및 사건 분류는 이 점검에서 입증하지 않음,아니오,,PDFium second extraction; role boundaries from reviewed records,True,False
PDFIUM-PER-30-N-00053,PER-30,runs/raw_logs/Perplexity_RAG/30. Strategic Decision Analysis_ Soviet Missile Discov.pdf,14,3,Combination 1,,Leadership_Unity,VDM-CLAMP,명시 산술의 내부 일관성,명시 수식×변수,준수,0.4,0.4,Leadership_Unity: 0.45 - 0.05 = 0.40,"명시 산식 0.45 - 0.05 = 0.4; 상태값은 VDM max(0,min(1,value))로 계산; 초기값/효과 선택의 정당성과 별개.",Python Decimal; 원문 명시값만,실제 입력 첨부 바이트는 미확인; 보존 VDM과 조건부 대조. 턴·분기는 명시 제목 기반 파싱이며 불완전/재명명 가능. 응답 전용 export 역할 추정; 당시 사용자 프롬프트 미보존. 입력 초기값 출처 및 사건 분류는 이 점검에서 입증하지 않음,아니오,,PDFium second extraction; role boundaries from reviewed records,True,False
PDFIUM-PER-30-N-00054,PER-30,runs/raw_logs/Perplexity_RAG/30. Strategic Decision Analysis_ Soviet Missile Discov.pdf,14,3,Combination 1,,Tension,VDM-CLAMP,명시 산술의 내부 일관성,명시 수식×변수,준수,0.95,0.95,Tension: 1.0 - 0.05 = 0.95,"명시 산식 1.0 - 0.05 = 0.95; 상태값은 VDM max(0,min(1,value))로 계산; 초기값/효과 선택의 정당성과 별개.",Python Decimal; 원문 명시값만,실제 입력 첨부 바이트는 미확인; 보존 VDM과 조건부 대조. 턴·분기는 명시 제목 기반 파싱이며 불완전/재명명 가능. 응답 전용 export 역할 추정; 당시 사용자 프롬프트 미보존. 입력 초기값 출처 및 사건 분류는 이 점검에서 입증하지 않음,아니오,,PDFium second extraction; role boundaries from reviewed records,True,False
PDFIUM-PER-30-N-00055,PER-30,runs/raw_logs/Perplexity_RAG/30. Strategic Decision Analysis_ Soviet Missile Discov.pdf,14,3,Combination 1,,Diplomatic_Support,VDM-CLAMP,명시 산술의 내부 일관성,명시 수식×변수,준수,0.39,0.39,Diplomatic_Support: 0.29 + 0.10 = 0.39,"명시 산식 0.29 + 0.10 = 0.39; 상태값은 VDM max(0,min(1,value))로 계산; 초기값/효과 선택의 정당성과 별개.",Python Decimal; 원문 명시값만,실제 입력 첨부 바이트는 미확인; 보존 VDM과 조건부 대조. 턴·분기는 명시 제목 기반 파싱이며 불완전/재명명 가능. 응답 전용 export 역할 추정; 당시 사용자 프롬프트 미보존. 입력 초기값 출처 및 사건 분류는 이 점검에서 입증하지 않음,아니오,,PDFium second extraction; role boundaries from reviewed records,True,False
PDFIUM-PER-30-N-00056,PER-30,runs/raw_logs/Perplexity_RAG/30. Strategic Decision Analysis_ Soviet Missile Discov.pdf,14,3,Combination 1,,Public_Opinion,VDM-CLAMP,명시 산술의 내부 일관성,명시 수식×변수,준수,0.49,0.49,Public_Opinion: 0.44 + 0.05 = 0.49,"명시 산식 0.44 + 0.05 = 0.49; 상태값은 VDM max(0,min(1,value))로 계산; 초기값/효과 선택의 정당성과 별개.",Python Decimal; 원문 명시값만,실제 입력 첨부 바이트는 미확인; 보존 VDM과 조건부 대조. 턴·분기는 명시 제목 기반 파싱이며 불완전/재명명 가능. 응답 전용 export 역할 추정; 당시 사용자 프롬프트 미보존. 입력 초기값 출처 및 사건 분류는 이 점검에서 입증하지 않음,아니오,,PDFium second extraction; role boundaries from reviewed records,True,False
PDFIUM-PER-30-N-00057,PER-30,runs/raw_logs/Perplexity_RAG/30. Strategic Decision Analysis_ Soviet Missile Discov.pdf,14,3,Combination 1,,Leadership_Unity,VDM-CLAMP,명시 산술의 내부 일관성,명시 수식×변수,준수,0.45,0.45,Leadership_Unity: 0.40 + 0.05 = 0.45,"명시 산식 0.40 + 0.05 = 0.45; 상태값은 VDM max(0,min(1,value))로 계산; 초기값/효과 선택의 정당성과 별개.",Python Decimal; 원문 명시값만,실제 입력 첨부 바이트는 미확인; 보존 VDM과 조건부 대조. 턴·분기는 명시 제목 기반 파싱이며 불완전/재명명 가능. 응답 전용 export 역할 추정; 당시 사용자 프롬프트 미보존. 입력 초기값 출처 및 사건 분류는 이 점검에서 입증하지 않음,아니오,,PDFium second extraction; role boundaries from reviewed records,True,False
PDFIUM-PER-30-N-00066,PER-30,runs/raw_logs/Perplexity_RAG/30. Strategic Decision Analysis_ Soviet Missile Discov.pdf,15,3,Combination 2,,Tension,VDM-CLAMP,명시 산술의 내부 일관성,명시 수식×변수,준수,0.35,0.35,Tension: 0.45 - 0.05 (US) - 0.05 (USSR) = 0.35,"명시 산식 0.45 - 0.05 - 0.05 = 0.35; 상태값은 VDM max(0,min(1,value))로 계산; 초기값/효과 선택의 정당성과 별개.",Python Decimal; 원문 명시값만,실제 입력 첨부 바이트는 미확인; 보존 VDM과 조건부 대조. 턴·분기는 명시 제목 기반 파싱이며 불완전/재명명 가능. 응답 전용 export 역할 추정; 당시 사용자 프롬프트 미보존. 입력 초기값 출처 및 사건 분류는 이 점검에서 입증하지 않음,아니오,,PDFium second extraction; role boundaries from reviewed records,True,False
PDFIUM-PER-30-N-00067,PER-30,runs/raw_logs/Perplexity_RAG/30. Strategic Decision Analysis_ Soviet Missile Discov.pdf,16,3,Combination 2,,Diplomatic_Support,VDM-CLAMP,명시 산술의 내부 일관성,명시 수식×변수,준수,1,1,Diplomatic_Support: 0.83 + 0.10 + 0.10 = 1.0 (clamped),"명시 산식 0.83 + 0.10 + 0.10 = 1.03; 상태값은 VDM max(0,min(1,value))로 계산; 초기값/효과 선택의 정당성과 별개.",Python Decimal; 원문 명시값만,실제 입력 첨부 바이트는 미확인; 보존 VDM과 조건부 대조. 턴·분기는 명시 제목 기반 파싱이며 불완전/재명명 가능. 응답 전용 export 역할 추정; 당시 사용자 프롬프트 미보존. 입력 초기값 출처 및 사건 분류는 이 점검에서 입증하지 않음,아니오,,PDFium second extraction; role boundaries from reviewed records,True,False
PDFIUM-PER-30-N-00068,PER-30,runs/raw_logs/Perplexity_RAG/30. Strategic Decision Analysis_ Soviet Missile Discov.pdf,16,3,Combination 2,,Public_Opinion,VDM-CLAMP,명시 산술의 내부 일관성,명시 수식×변수,준수,0.88,0.88,Public_Opinion: 0.78 + 0.05 + 0.05 = 0.88,"명시 산식 0.78 + 0.05 + 0.05 = 0.88; 상태값은 VDM max(0,min(1,value))로 계산; 초기값/효과 선택의 정당성과 별개.",Python Decimal; 원문 명시값만,실제 입력 첨부 바이트는 미확인; 보존 VDM과 조건부 대조. 턴·분기는 명시 제목 기반 파싱이며 불완전/재명명 가능. 응답 전용 export 역할 추정; 당시 사용자 프롬프트 미보존. 입력 초기값 출처 및 사건 분류는 이 점검에서 입증하지 않음,아니오,,PDFium second extraction; role boundaries from reviewed records,True,False
PDFIUM-PER-30-N-00069,PER-30,runs/raw_logs/Perplexity_RAG/30. Strategic Decision Analysis_ Soviet Missile Discov.pdf,16,3,Combination 2,,Leadership_Unity,VDM-CLAMP,명시 산술의 내부 일관성,명시 수식×변수,준수,0.95,0.95,Leadership_Unity: 0.85 + 0.05 + 0.05 = 0.95,"명시 산식 0.85 + 0.05 + 0.05 = 0.95; 상태값은 VDM max(0,min(1,value))로 계산; 초기값/효과 선택의 정당성과 별개.",Python Decimal; 원문 명시값만,실제 입력 첨부 바이트는 미확인; 보존 VDM과 조건부 대조. 턴·분기는 명시 제목 기반 파싱이며 불완전/재명명 가능. 응답 전용 export 역할 추정; 당시 사용자 프롬프트 미보존. 입력 초기값 출처 및 사건 분류는 이 점검에서 입증하지 않음,아니오,,PDFium second extraction; role boundaries from reviewed records,True,False
PDFIUM-PER-30-N-00079,PER-30,runs/raw_logs/Perplexity_RAG/30. Strategic Decision Analysis_ Soviet Missile Discov.pdf,17,3,Combination 3,,Diplomatic_Support,VDM-CLAMP,명시 산술의 내부 일관성,명시 수식×변수,준수,0.18,0.18,Diplomatic_Support: 0.28 - 0.05 - 0.05 = 0.18,"명시 산식 0.28 - 0.05 - 0.05 = 0.18; 상태값은 VDM max(0,min(1,value))로 계산; 초기값/효과 선택의 정당성과 별개.",Python Decimal; 원문 명시값만,실제 입력 첨부 바이트는 미확인; 보존 VDM과 조건부 대조. 턴·분기는 명시 제목 기반 파싱이며 불완전/재명명 가능. 응답 전용 export 역할 추정; 당시 사용자 프롬프트 미보존. 입력 초기값 출처 및 사건 분류는 이 점검에서 입증하지 않음,아니오,,PDFium second extraction; role boundaries from reviewed records,True,False
PDFIUM-PER-30-N-00080,PER-30,runs/raw_logs/Perplexity_RAG/30. Strategic Decision Analysis_ Soviet Missile Discov.pdf,17,3,Combination 3,,Public_Opinion,VDM-CLAMP,명시 산술의 내부 일관성,명시 수식×변수,준수,0.33,0.33,Public_Opinion: 0.43 - 0.05 - 0.05 = 0.33,"명시 산식 0.43 - 0.05 - 0.05 = 0.33; 상태값은 VDM max(0,min(1,value))로 계산; 초기값/효과 선택의 정당성과 별개.",Python Decimal; 원문 명시값만,실제 입력 첨부 바이트는 미확인; 보존 VDM과 조건부 대조. 턴·분기는 명시 제목 기반 파싱이며 불완전/재명명 가능. 응답 전용 export 역할 추정; 당시 사용자 프롬프트 미보존. 입력 초기값 출처 및 사건 분류는 이 점검에서 입증하지 않음,아니오,,PDFium second extraction; role boundaries from reviewed records,True,False
PDFIUM-PER-30-N-00081,PER-30,runs/raw_logs/Perplexity_RAG/30. Strategic Decision Analysis_ Soviet Missile Discov.pdf,17,3,Combination 3,,Leadership_Unity,VDM-CLAMP,명시 산술의 내부 일관성,명시 수식×변수,준수,0.2,0.2,Leadership_Unity: 0.40 - 0.10 - 0.10 = 0.20,"명시 산식 0.40 - 0.10 - 0.10 = 0.2; 상태값은 VDM max(0,min(1,value))로 계산; 초기값/효과 선택의 정당성과 별개.",Python Decimal; 원문 명시값만,실제 입력 첨부 바이트는 미확인; 보존 VDM과 조건부 대조. 턴·분기는 명시 제목 기반 파싱이며 불완전/재명명 가능. 응답 전용 export 역할 추정; 당시 사용자 프롬프트 미보존. 입력 초기값 출처 및 사건 분류는 이 점검에서 입증하지 않음,아니오,,PDFium second extraction; role boundaries from reviewed records,True,False
PDFIUM-PER-30-N-00082,PER-30,runs/raw_logs/Perplexity_RAG/30. Strategic Decision Analysis_ Soviet Missile Discov.pdf,18,3,Combination 3,,Diplomatic_Support,VDM-CLAMP,명시 산술의 내부 일관성,명시 수식×변수,준수,0.08,0.08,Diplomatic_Support: 0.28 - 0.10 - 0.10 = 0.08,"명시 산식 0.28 - 0.10 - 0.10 = 0.08; 상태값은 VDM max(0,min(1,value))로 계산; 초기값/효과 선택의 정당성과 별개.",Python Decimal; 원문 명시값만,실제 입력 첨부 바이트는 미확인; 보존 VDM과 조건부 대조. 턴·분기는 명시 제목 기반 파싱이며 불완전/재명명 가능. 응답 전용 export 역할 추정; 당시 사용자 프롬프트 미보존. 입력 초기값 출처 및 사건 분류는 이 점검에서 입증하지 않음,아니오,,PDFium second extraction; role boundaries from reviewed records,True,False
PDFIUM-PER-30-N-00083,PER-30,runs/raw_logs/Perplexity_RAG/30. Strategic Decision Analysis_ Soviet Missile Discov.pdf,18,3,Combination 3,,Public_Opinion,VDM-CLAMP,명시 산술의 내부 일관성,명시 수식×변수,준수,0.33,0.33,Public_Opinion: 0.43 - 0.05 - 0.05 = 0.33,"명시 산식 0.43 - 0.05 - 0.05 = 0.33; 상태값은 VDM max(0,min(1,value))로 계산; 초기값/효과 선택의 정당성과 별개.",Python Decimal; 원문 명시값만,실제 입력 첨부 바이트는 미확인; 보존 VDM과 조건부 대조. 턴·분기는 명시 제목 기반 파싱이며 불완전/재명명 가능. 응답 전용 export 역할 추정; 당시 사용자 프롬프트 미보존. 입력 초기값 출처 및 사건 분류는 이 점검에서 입증하지 않음,아니오,,PDFium second extraction; role boundaries from reviewed records,True,False
PDFIUM-PER-30-N-00084,PER-30,runs/raw_logs/Perplexity_RAG/30. Strategic Decision Analysis_ Soviet Missile Discov.pdf,18,3,Combination 3,,Leadership_Unity,VDM-CLAMP,명시 산술의 내부 일관성,명시 수식×변수,준수,0.3,0.3,Leadership_Unity: 0.40 - 0.05 - 0.05 = 0.30,"명시 산식 0.40 - 0.05 - 0.05 = 0.3; 상태값은 VDM max(0,min(1,value))로 계산; 초기값/효과 선택의 정당성과 별개.",Python Decimal; 원문 명시값만,실제 입력 첨부 바이트는 미확인; 보존 VDM과 조건부 대조. 턴·분기는 명시 제목 기반 파싱이며 불완전/재명명 가능. 응답 전용 export 역할 추정; 당시 사용자 프롬프트 미보존. 입력 초기값 출처 및 사건 분류는 이 점검에서 입증하지 않음,아니오,,PDFium second extraction; role boundaries from reviewed records,True,False
PDFIUM-PER-30-N-00099,PER-30,runs/raw_logs/Perplexity_RAG/30. Strategic Decision Analysis_ Soviet Missile Discov.pdf,21,4,(Diplomatic Path):,,Tension,VDM-CLAMP,명시 산술의 내부 일관성,명시 수식×변수,준수,0.3,0.3,Tension: 0.30 (0.40 - 0.10),"명시 산식 0.40 - 0.10 = 0.3; 상태값은 VDM max(0,min(1,value))로 계산; 초기값/효과 선택의 정당성과 별개.",Python Decimal; 원문 명시값만,실제 입력 첨부 바이트는 미확인; 보존 VDM과 조건부 대조. 턴·분기는 명시 제목 기반 파싱이며 불완전/재명명 가능. 응답 전용 export 역할 추정; 당시 사용자 프롬프트 미보존. 입력 초기값 출처 및 사건 분류는 이 점검에서 입증하지 않음,아니오,,PDFium second extraction; role boundaries from reviewed records,True,False
PDFIUM-PER-30-N-00101,PER-30,runs/raw_logs/Perplexity_RAG/30. Strategic Decision Analysis_ Soviet Missile Discov.pdf,21,4,(Diplomatic Path):,,Public_Opinion,VDM-CLAMP,명시 산술의 내부 일관성,명시 수식×변수,준수,0.94,0.94,Public_Opinion: 0.94 (0.84 + 0.10),"명시 산식 0.84 + 0.10 = 0.94; 상태값은 VDM max(0,min(1,value))로 계산; 초기값/효과 선택의 정당성과 별개.",Python Decimal; 원문 명시값만,실제 입력 첨부 바이트는 미확인; 보존 VDM과 조건부 대조. 턴·분기는 명시 제목 기반 파싱이며 불완전/재명명 가능. 응답 전용 export 역할 추정; 당시 사용자 프롬프트 미보존. 입력 초기값 출처 및 사건 분류는 이 점검에서 입증하지 않음,아니오,,PDFium second extraction; role boundaries from reviewed records,True,False
PDFIUM-PER-30-N-00102,PER-30,runs/raw_logs/Perplexity_RAG/30. Strategic Decision Analysis_ Soviet Missile Discov.pdf,21,4,(Diplomatic Path):,,Leadership_Unity,VDM-CLAMP,명시 산술의 내부 일관성,명시 수식×변수,준수,0.95,0.95,Leadership_Unity: 0.95 (0.85 + 0.10),"명시 산식 0.85 + 0.10 = 0.95; 상태값은 VDM max(0,min(1,value))로 계산; 초기값/효과 선택의 정당성과 별개.",Python Decimal; 원문 명시값만,실제 입력 첨부 바이트는 미확인; 보존 VDM과 조건부 대조. 턴·분기는 명시 제목 기반 파싱이며 불완전/재명명 가능. 응답 전용 export 역할 추정; 당시 사용자 프롬프트 미보존. 입력 초기값 출처 및 사건 분류는 이 점검에서 입증하지 않음,아니오,,PDFium second extraction; role boundaries from reviewed records,True,False
